id,category,mpd_dimension,core_field,sdg_or_sdgplus,target,indicator_family,item,definition,unit,polarity,archetype,scoring_mode,source_ids,measurement_type,numerator_denominator,calculation_formula_plain,thresholds,bm,bm_150pct,bm_250pct,non_compensation_red_line,assurance_level_required,data_quality_minimum,publication_readiness,badges
WOK-S-101,S / Soziales,Mensch,Arbeit & Fairness,SDG 1 – Keine Armut,1.2,Faire Arbeit & Einkommen,Faire Arbeit & Einkommen – Living Wage,Abdeckung Lebenslohn,% Beschäftigte,higher_is_better,higher_is_better_pct,threshold_numeric_and_benchmark,UN_SDG_GOALS; UN_SDG_INDICATORS; UN_SDG_METADATA; EUROSTAT_NACE; EC_CSRD; EFRAG_ESRS_SET1; EFRAG_ESRS_IG; GRI_STANDARDS; GRI_DOWNLOAD; ILO_FUNDAMENTAL_PRINCIPLES,share_percent,Zähler: erfüllte / abgedeckte Fälle; Nenner: relevante Grundgesamtheit; Wert = Zähler / Nenner * 100.,"AutoScore = ScoreByThreshold(Messwert, Schwellen='≥95:+3; 80–94:+2; 60–79:0; 40–59:‑2; <40:‑3', Polarity='higher_is_better', Archetype='higher_is_better_pct'). BenchmarkScore = ScoreByBenchmark(Messwert, BM, BM_150pct, BM_250pct). FinalScore = MIN(AutoScore, BenchmarkScore, RedLineScore). Tax_Rate = WUStG-Mapping(FinalScore).",≥95:+3; 80–94:+2; 60–79:0; 40–59:‑2; <40:‑3,69.5,100.0,100.0,Nein,"mittel: limited assurance, später reasonable assurance je Relevanz",Quelle + Einheit + Systemgrenze + Zeitraum + Prüfnachweis; bei Datenlücke konservative Default-/Proxylogik markieren,public_research: operationalisierbar; empirische Benchmark-Kalibrierung erforderlich,public research; not official; formula-ready; benchmark calibration required; source mapped; exact disclosure missing
WOK-S-102,S / Soziales,Mensch,Arbeit & Fairness,SDG 1 – Keine Armut,1.2,Faire Arbeit & Einkommen,Faire Arbeit & Einkommen – Tarifbindung,Beschäftigte unter Kollektivvertrag,%,higher_is_better,higher_is_better_pct,threshold_numeric_and_benchmark,UN_SDG_GOALS; UN_SDG_INDICATORS; UN_SDG_METADATA; EUROSTAT_NACE; EC_CSRD; EFRAG_ESRS_SET1; EFRAG_ESRS_IG; GRI_STANDARDS; GRI_DOWNLOAD; ILO_FUNDAMENTAL_PRINCIPLES,share_percent,Zähler: erfüllte / abgedeckte Fälle; Nenner: relevante Grundgesamtheit; Wert = Zähler / Nenner * 100.,"AutoScore = ScoreByThreshold(Messwert, Schwellen='≥90:+3; 70–89:+2; 50–69:0; 30–49:‑2; <30:‑3', Polarity='higher_is_better', Archetype='higher_is_better_pct'). BenchmarkScore = ScoreByBenchmark(Messwert, BM, BM_150pct, BM_250pct). FinalScore = MIN(AutoScore, BenchmarkScore, RedLineScore). Tax_Rate = WUStG-Mapping(FinalScore).",≥90:+3; 70–89:+2; 50–69:0; 30–49:‑2; <30:‑3,59.5,89.25,100.0,Nein,"mittel: limited assurance, später reasonable assurance je Relevanz",Quelle + Einheit + Systemgrenze + Zeitraum + Prüfnachweis; bei Datenlücke konservative Default-/Proxylogik markieren,public_research: operationalisierbar; empirische Benchmark-Kalibrierung erforderlich,public research; not official; formula-ready; benchmark calibration required; source mapped; exact disclosure missing
WOK-S-103,S / Soziales,Mensch,Arbeit & Fairness,SDG 1 – Keine Armut,1.2,Faire Arbeit & Einkommen,Faire Arbeit & Einkommen – LTIFR,Arbeitsunfälle pro Mio Stunden,Unfälle/Mio Std.,lower_is_better,near_zero_better,threshold_numeric_and_benchmark,UN_SDG_GOALS; UN_SDG_INDICATORS; UN_SDG_METADATA; EUROSTAT_NACE; EC_CSRD; EFRAG_ESRS_SET1; EFRAG_ESRS_IG; GRI_STANDARDS; GRI_DOWNLOAD; ILO_FUNDAMENTAL_PRINCIPLES,rate_per_million_hours,Zähler: meldepflichtige Arbeitsunfälle mit Ausfallzeit; Nenner: geleistete Arbeitsstunden; Wert = Zähler / Nenner * 1.000.000.,"AutoScore = ScoreByThreshold(Messwert, Schwellen='0:+3; ≤1:+2; ≤3:0; ≤5:‑2; >5:‑3', Polarity='lower_is_better', Archetype='near_zero_better'). BenchmarkScore = ScoreByBenchmark(Messwert, BM, BM_150pct, BM_250pct). FinalScore = MIN(AutoScore, BenchmarkScore, RedLineScore). Tax_Rate = WUStG-Mapping(FinalScore).",0:+3; ≤1:+2; ≤3:0; ≤5:‑2; >5:‑3,3.0,4.5,7.5,Nein,"mittel: limited assurance, später reasonable assurance je Relevanz",Quelle + Einheit + Systemgrenze + Zeitraum + Prüfnachweis; bei Datenlücke konservative Default-/Proxylogik markieren,public_research: operationalisierbar; empirische Benchmark-Kalibrierung erforderlich,public research; not official; formula-ready; benchmark calibration required; source mapped; exact disclosure missing
WOK-S-104,S / Soziales,Mensch,Arbeit & Fairness,SDG 1 – Keine Armut,1.3,Sozialschutz & Benefits,Sozialschutz & Benefits – Living Wage,Abdeckung Lebenslohn,% Beschäftigte,higher_is_better,higher_is_better_pct,threshold_numeric_and_benchmark,UN_SDG_GOALS; UN_SDG_INDICATORS; UN_SDG_METADATA; EUROSTAT_NACE; EC_CSRD; EFRAG_ESRS_SET1; EFRAG_ESRS_IG; GRI_STANDARDS; GRI_DOWNLOAD; ILO_FUNDAMENTAL_PRINCIPLES,share_percent,Zähler: erfüllte / abgedeckte Fälle; Nenner: relevante Grundgesamtheit; Wert = Zähler / Nenner * 100.,"AutoScore = ScoreByThreshold(Messwert, Schwellen='≥95:+3; 80–94:+2; 60–79:0; 40–59:‑2; <40:‑3', Polarity='higher_is_better', Archetype='higher_is_better_pct'). BenchmarkScore = ScoreByBenchmark(Messwert, BM, BM_150pct, BM_250pct). FinalScore = MIN(AutoScore, BenchmarkScore, RedLineScore). Tax_Rate = WUStG-Mapping(FinalScore).",≥95:+3; 80–94:+2; 60–79:0; 40–59:‑2; <40:‑3,69.5,100.0,100.0,Nein,"mittel: limited assurance, später reasonable assurance je Relevanz",Quelle + Einheit + Systemgrenze + Zeitraum + Prüfnachweis; bei Datenlücke konservative Default-/Proxylogik markieren,public_research: operationalisierbar; empirische Benchmark-Kalibrierung erforderlich,public research; not official; formula-ready; benchmark calibration required; source mapped; exact disclosure missing
WOK-S-105,S / Soziales,Mensch,Querschnitt,SDG 1 – Keine Armut,1.3,Sozialschutz & Benefits,Sozialschutz & Benefits – Tarifbindung,Beschäftigte unter Kollektivvertrag,%,higher_is_better,higher_is_better_pct,threshold_numeric_and_benchmark,UN_SDG_GOALS; UN_SDG_INDICATORS; UN_SDG_METADATA; EUROSTAT_NACE; EC_CSRD; EFRAG_ESRS_SET1; EFRAG_ESRS_IG; GRI_STANDARDS; GRI_DOWNLOAD; ILO_FUNDAMENTAL_PRINCIPLES,share_percent,Zähler: erfüllte / abgedeckte Fälle; Nenner: relevante Grundgesamtheit; Wert = Zähler / Nenner * 100.,"AutoScore = ScoreByThreshold(Messwert, Schwellen='≥90:+3; 70–89:+2; 50–69:0; 30–49:‑2; <30:‑3', Polarity='higher_is_better', Archetype='higher_is_better_pct'). BenchmarkScore = ScoreByBenchmark(Messwert, BM, BM_150pct, BM_250pct). FinalScore = MIN(AutoScore, BenchmarkScore, RedLineScore). Tax_Rate = WUStG-Mapping(FinalScore).",≥90:+3; 70–89:+2; 50–69:0; 30–49:‑2; <30:‑3,59.5,89.25,100.0,Nein,"mittel: limited assurance, später reasonable assurance je Relevanz",Quelle + Einheit + Systemgrenze + Zeitraum + Prüfnachweis; bei Datenlücke konservative Default-/Proxylogik markieren,public_research: operationalisierbar; empirische Benchmark-Kalibrierung erforderlich,public research; not official; formula-ready; benchmark calibration required; source mapped; exact disclosure missing
WOK-S-106,S / Soziales,Mensch,Querschnitt,SDG 1 – Keine Armut,1.3,Sozialschutz & Benefits,Sozialschutz & Benefits – LTIFR,Arbeitsunfälle pro Mio Stunden,Unfälle/Mio Std.,lower_is_better,near_zero_better,threshold_numeric_and_benchmark,UN_SDG_GOALS; UN_SDG_INDICATORS; UN_SDG_METADATA; EUROSTAT_NACE; EC_CSRD; EFRAG_ESRS_SET1; EFRAG_ESRS_IG; GRI_STANDARDS; GRI_DOWNLOAD; ILO_FUNDAMENTAL_PRINCIPLES,rate_per_million_hours,Zähler: meldepflichtige Arbeitsunfälle mit Ausfallzeit; Nenner: geleistete Arbeitsstunden; Wert = Zähler / Nenner * 1.000.000.,"AutoScore = ScoreByThreshold(Messwert, Schwellen='0:+3; ≤1:+2; ≤3:0; ≤5:‑2; >5:‑3', Polarity='lower_is_better', Archetype='near_zero_better'). BenchmarkScore = ScoreByBenchmark(Messwert, BM, BM_150pct, BM_250pct). FinalScore = MIN(AutoScore, BenchmarkScore, RedLineScore). Tax_Rate = WUStG-Mapping(FinalScore).",0:+3; ≤1:+2; ≤3:0; ≤5:‑2; >5:‑3,3.0,4.5,7.5,Nein,"mittel: limited assurance, später reasonable assurance je Relevanz",Quelle + Einheit + Systemgrenze + Zeitraum + Prüfnachweis; bei Datenlücke konservative Default-/Proxylogik markieren,public_research: operationalisierbar; empirische Benchmark-Kalibrierung erforderlich,public research; not official; formula-ready; benchmark calibration required; source mapped; exact disclosure missing
WOK-SC-101,SC / Lieferkette,Mensch,Arbeit & Fairness,SDG 1 – Keine Armut,1.2,Living‑Wage in Lieferkette,Living‑Wage in Lieferkette – ESG‑Spend‑Coverage,Anteil verifizierter ESG‑Daten am Spend,%,higher_is_better,higher_is_better_pct,threshold_numeric_and_benchmark,UN_SDG_GOALS; UN_SDG_INDICATORS; UN_SDG_METADATA; EUROSTAT_NACE; EC_CSRD; EFRAG_ESRS_SET1; EFRAG_ESRS_IG; GRI_STANDARDS; GRI_DOWNLOAD; OECD_RBC_DD,share_percent,Zähler: erfüllte / abgedeckte Fälle; Nenner: relevante Grundgesamtheit; Wert = Zähler / Nenner * 100.,"AutoScore = ScoreByThreshold(Messwert, Schwellen='≥90:+3; 70–89:+2; 50–69:0; 30–49:‑2; <30:‑3', Polarity='higher_is_better', Archetype='higher_is_better_pct'). BenchmarkScore = ScoreByBenchmark(Messwert, BM, BM_150pct, BM_250pct). FinalScore = MIN(AutoScore, BenchmarkScore, RedLineScore). Tax_Rate = WUStG-Mapping(FinalScore).",≥90:+3; 70–89:+2; 50–69:0; 30–49:‑2; <30:‑3,59.5,89.25,100.0,Nein,"mittel: limited assurance, später reasonable assurance je Relevanz",Quelle + Einheit + Systemgrenze + Zeitraum + Prüfnachweis; bei Datenlücke konservative Default-/Proxylogik markieren,public_research: operationalisierbar; empirische Benchmark-Kalibrierung erforderlich,public research; not official; formula-ready; benchmark calibration required; source mapped; exact disclosure missing
WOK-SC-102,SC / Lieferkette,Mensch,Arbeit & Fairness,SDG 1 – Keine Armut,1.2,Living‑Wage in Lieferkette,Living‑Wage in Lieferkette – Kinder/Zwangsarbeit,Audits ohne Verstöße,% Lieferanten,higher_is_better,higher_is_better_pct,threshold_numeric_and_benchmark,UN_SDG_GOALS; UN_SDG_INDICATORS; UN_SDG_METADATA; EUROSTAT_NACE; EC_CSRD; EFRAG_ESRS_SET1; EFRAG_ESRS_IG; GRI_STANDARDS; GRI_DOWNLOAD; OECD_RBC_DD,share_percent,Zähler: erfüllte / abgedeckte Fälle; Nenner: relevante Grundgesamtheit; Wert = Zähler / Nenner * 100.,"AutoScore = ScoreByThreshold(Messwert, Schwellen='≥98:+3; 90–97:+2; 75–89:0; 50–74:‑2; <50:‑3', Polarity='higher_is_better', Archetype='higher_is_better_pct'). BenchmarkScore = ScoreByBenchmark(Messwert, BM, BM_150pct, BM_250pct). FinalScore = MIN(AutoScore, BenchmarkScore, RedLineScore). Tax_Rate = WUStG-Mapping(FinalScore).",≥98:+3; 90–97:+2; 75–89:0; 50–74:‑2; <50:‑3,82.0,100.0,100.0,Ja,hoch: externe Prüfung / reasonable assurance für kritische Risiken,Quelle + Einheit + Systemgrenze + Zeitraum + Prüfnachweis; bei Datenlücke konservative Default-/Proxylogik markieren,public_research: operationalisierbar; empirische Benchmark-Kalibrierung erforderlich,public research; not official; formula-ready; benchmark calibration required; red line; source mapped; exact disclosure missing
WOK-SC-103,SC / Lieferkette,Mensch,Arbeit & Fairness,SDG 1 – Keine Armut,1.2,Living‑Wage in Lieferkette,Living‑Wage in Lieferkette – Scope‑3 Daten,Primärdaten‑Abdeckung,% Kategorien,higher_is_better,higher_is_better_pct,threshold_numeric_and_benchmark,UN_SDG_GOALS; UN_SDG_INDICATORS; UN_SDG_METADATA; EUROSTAT_NACE; EC_CSRD; EFRAG_ESRS_SET1; EFRAG_ESRS_IG; GHG_PROTOCOL_SCOPE3; GHG_PROTOCOL_PRODUCT; ISO_14064,share_percent,Zähler: erfüllte / abgedeckte Fälle; Nenner: relevante Grundgesamtheit; Wert = Zähler / Nenner * 100.,"AutoScore = ScoreByThreshold(Messwert, Schwellen='≥80:+3; 60–79:+2; 40–59:0; 20–39:‑2; <20:‑3', Polarity='higher_is_better', Archetype='higher_is_better_pct'). BenchmarkScore = ScoreByBenchmark(Messwert, BM, BM_150pct, BM_250pct). FinalScore = MIN(AutoScore, BenchmarkScore, RedLineScore). Tax_Rate = WUStG-Mapping(FinalScore).",≥80:+3; 60–79:+2; 40–59:0; 20–39:‑2; <20:‑3,49.5,74.25,100.0,Nein,"mittel: limited assurance, später reasonable assurance je Relevanz",Quelle + Einheit + Systemgrenze + Zeitraum + Prüfnachweis; bei Datenlücke konservative Default-/Proxylogik markieren,public_research: operationalisierbar; empirische Benchmark-Kalibrierung erforderlich,public research; not official; formula-ready; benchmark calibration required; source mapped; exact disclosure missing
WOK-G-101,G / Governance,Mensch,Governance & Demokratie,SDG 1 – Keine Armut,1.b,Pay Ratio & Fairness,Pay Ratio & Fairness – Antikorruption,Bestätigte Fälle/1.000 FTE,Fälle/1.000 FTE,lower_is_better,near_zero_better,threshold_numeric_and_benchmark,UN_SDG_GOALS; UN_SDG_INDICATORS; UN_SDG_METADATA; EUROSTAT_NACE; EC_CSRD; EFRAG_ESRS_SET1; EFRAG_ESRS_IG; GRI_STANDARDS; GRI_DOWNLOAD; OECD_ANTI_BRIBERY,lower_is_better_metric,"Wert = gemessene Belastung, Risiko- oder Intensitätskennzahl je funktionaler Einheit; niedriger ist besser.","AutoScore = ScoreByThreshold(Messwert, Schwellen='0:+3; ≤0,2:+2; ≤0,5:0; ≤1:‑2; >1:‑3', Polarity='lower_is_better', Archetype='near_zero_better'). BenchmarkScore = ScoreByBenchmark(Messwert, BM, BM_150pct, BM_250pct). FinalScore = MIN(AutoScore, BenchmarkScore, RedLineScore). Tax_Rate = WUStG-Mapping(FinalScore).","0:+3; ≤0,2:+2; ≤0,5:0; ≤1:‑2; >1:‑3",0.5,0.75,1.25,Ja,hoch: externe Prüfung / reasonable assurance für kritische Risiken,Quelle + Einheit + Systemgrenze + Zeitraum + Prüfnachweis; bei Datenlücke konservative Default-/Proxylogik markieren,public_research: operationalisierbar; empirische Benchmark-Kalibrierung erforderlich,public research; not official; formula-ready; benchmark calibration required; red line; source mapped; exact disclosure missing
WOK-G-102,G / Governance,Mensch,Querschnitt,SDG 1 – Keine Armut,1.b,Pay Ratio & Fairness,Pay Ratio & Fairness – Whistleblowing,Wirksamkeits‑Score,0–1,higher_is_better,higher_is_better_abs,threshold_numeric_and_benchmark,UN_SDG_GOALS; UN_SDG_INDICATORS; UN_SDG_METADATA; EUROSTAT_NACE; EC_CSRD; EFRAG_ESRS_SET1; EFRAG_ESRS_IG; GRI_STANDARDS; GRI_DOWNLOAD; OECD_ANTI_BRIBERY,index_0_1,"Wert = gewichteter Kriterienindex von 0 bis 1; Kriterien, Gewichtung und Nachweis je WÖk-ID offenlegen.","AutoScore = ScoreByThreshold(Messwert, Schwellen='≥0,9:+3; 0,75–0,89:+2; 0,6–0,74:0; 0,4–0,59:‑2; <0,4:‑3', Polarity='higher_is_better', Archetype='higher_is_better_abs'). BenchmarkScore = ScoreByBenchmark(Messwert, BM, BM_150pct, BM_250pct). FinalScore = MIN(AutoScore, BenchmarkScore, RedLineScore). Tax_Rate = WUStG-Mapping(FinalScore).","≥0,9:+3; 0,75–0,89:+2; 0,6–0,74:0; 0,4–0,59:‑2; <0,4:‑3",0.6699999999999999,1.0,1.0,Ja,hoch: externe Prüfung / reasonable assurance für kritische Risiken,Quelle + Einheit + Systemgrenze + Zeitraum + Prüfnachweis; bei Datenlücke konservative Default-/Proxylogik markieren,public_research: operationalisierbar; empirische Benchmark-Kalibrierung erforderlich,public research; not official; formula-ready; benchmark calibration required; red line; source mapped; exact disclosure missing
WOK-G-103,G / Governance,Mensch,Governance & Demokratie,SDG 1 – Keine Armut,1.b,Pay Ratio & Fairness,Pay Ratio & Fairness – Steuertransparenz,CbCR‑Offenlegung,0–1,higher_is_better,higher_is_better_abs,qualitative_ordinal,UN_SDG_GOALS; UN_SDG_INDICATORS; UN_SDG_METADATA; EUROSTAT_NACE; EC_CSRD; EFRAG_ESRS_SET1; EFRAG_ESRS_IG; GRI_STANDARDS; GRI_DOWNLOAD; OECD_ANTI_BRIBERY,index_0_1,"Wert = gewichteter Kriterienindex von 0 bis 1; Kriterien, Gewichtung und Nachweis je WÖk-ID offenlegen.","AutoScore = ScoreByThreshold(Messwert, Schwellen='vollständig:+3; teilweise:+2; minimal:0; schlecht:‑2', Polarity='higher_is_better', Archetype='higher_is_better_abs'). BenchmarkScore = ScoreByBenchmark(Messwert, BM, BM_150pct, BM_250pct). FinalScore = MIN(AutoScore, BenchmarkScore, RedLineScore). Tax_Rate = WUStG-Mapping(FinalScore).",vollständig:+3; teilweise:+2; minimal:0; schlecht:‑2,0.5,0.75,0.9,Ja,hoch: externe Prüfung / reasonable assurance für kritische Risiken,Quelle + Einheit + Systemgrenze + Zeitraum + Prüfnachweis; bei Datenlücke konservative Default-/Proxylogik markieren,public_research: operationalisierbar; empirische Benchmark-Kalibrierung erforderlich,public research; not official; formula-ready; qualitative review required; red line; source mapped; exact disclosure missing
WOK-S-107,S / Soziales,Mensch,Querschnitt,SDG 1 – Keine Armut,1.b,Lokale Beschaffung benachteiligte Gruppen,Lokale Beschaffung benachteiligte Gruppen – ESG‑Spend‑Coverage,Anteil verifizierter ESG‑Daten am Spend,%,higher_is_better,higher_is_better_pct,threshold_numeric_and_benchmark,UN_SDG_GOALS; UN_SDG_INDICATORS; UN_SDG_METADATA; EUROSTAT_NACE; EC_CSRD; EFRAG_ESRS_SET1; EFRAG_ESRS_IG; GRI_STANDARDS; GRI_DOWNLOAD,share_percent,Zähler: erfüllte / abgedeckte Fälle; Nenner: relevante Grundgesamtheit; Wert = Zähler / Nenner * 100.,"AutoScore = ScoreByThreshold(Messwert, Schwellen='≥90:+3; 70–89:+2; 50–69:0; 30–49:‑2; <30:‑3', Polarity='higher_is_better', Archetype='higher_is_better_pct'). BenchmarkScore = ScoreByBenchmark(Messwert, BM, BM_150pct, BM_250pct). FinalScore = MIN(AutoScore, BenchmarkScore, RedLineScore). Tax_Rate = WUStG-Mapping(FinalScore).",≥90:+3; 70–89:+2; 50–69:0; 30–49:‑2; <30:‑3,59.5,89.25,100.0,Nein,"mittel: limited assurance, später reasonable assurance je Relevanz",Quelle + Einheit + Systemgrenze + Zeitraum + Prüfnachweis; bei Datenlücke konservative Default-/Proxylogik markieren,public_research: operationalisierbar; empirische Benchmark-Kalibrierung erforderlich,public research; not official; formula-ready; benchmark calibration required; source mapped; exact disclosure missing
WOK-S-108,S / Soziales,Mensch,Arbeit & Fairness,SDG 1 – Keine Armut,1.b,Lokale Beschaffung benachteiligte Gruppen,Lokale Beschaffung benachteiligte Gruppen – Kinder/Zwangsarbeit,Audits ohne Verstöße,% Lieferanten,higher_is_better,higher_is_better_pct,threshold_numeric_and_benchmark,UN_SDG_GOALS; UN_SDG_INDICATORS; UN_SDG_METADATA; EUROSTAT_NACE; EC_CSRD; EFRAG_ESRS_SET1; EFRAG_ESRS_IG; GRI_STANDARDS; GRI_DOWNLOAD; OECD_RBC_DD,share_percent,Zähler: erfüllte / abgedeckte Fälle; Nenner: relevante Grundgesamtheit; Wert = Zähler / Nenner * 100.,"AutoScore = ScoreByThreshold(Messwert, Schwellen='≥98:+3; 90–97:+2; 75–89:0; 50–74:‑2; <50:‑3', Polarity='higher_is_better', Archetype='higher_is_better_pct'). BenchmarkScore = ScoreByBenchmark(Messwert, BM, BM_150pct, BM_250pct). FinalScore = MIN(AutoScore, BenchmarkScore, RedLineScore). Tax_Rate = WUStG-Mapping(FinalScore).",≥98:+3; 90–97:+2; 75–89:0; 50–74:‑2; <50:‑3,82.0,100.0,100.0,Ja,hoch: externe Prüfung / reasonable assurance für kritische Risiken,Quelle + Einheit + Systemgrenze + Zeitraum + Prüfnachweis; bei Datenlücke konservative Default-/Proxylogik markieren,public_research: operationalisierbar; empirische Benchmark-Kalibrierung erforderlich,public research; not official; formula-ready; benchmark calibration required; red line; source mapped; exact disclosure missing
WOK-S-109,S / Soziales,Mensch,Querschnitt,SDG 1 – Keine Armut,1.b,Lokale Beschaffung benachteiligte Gruppen,Lokale Beschaffung benachteiligte Gruppen – Scope‑3 Daten,Primärdaten‑Abdeckung,% Kategorien,higher_is_better,higher_is_better_pct,threshold_numeric_and_benchmark,UN_SDG_GOALS; UN_SDG_INDICATORS; UN_SDG_METADATA; EUROSTAT_NACE; EC_CSRD; EFRAG_ESRS_SET1; EFRAG_ESRS_IG; GHG_PROTOCOL_SCOPE3; GHG_PROTOCOL_PRODUCT; ISO_14064,share_percent,Zähler: erfüllte / abgedeckte Fälle; Nenner: relevante Grundgesamtheit; Wert = Zähler / Nenner * 100.,"AutoScore = ScoreByThreshold(Messwert, Schwellen='≥80:+3; 60–79:+2; 40–59:0; 20–39:‑2; <20:‑3', Polarity='higher_is_better', Archetype='higher_is_better_pct'). BenchmarkScore = ScoreByBenchmark(Messwert, BM, BM_150pct, BM_250pct). FinalScore = MIN(AutoScore, BenchmarkScore, RedLineScore). Tax_Rate = WUStG-Mapping(FinalScore).",≥80:+3; 60–79:+2; 40–59:0; 20–39:‑2; <20:‑3,49.5,74.25,100.0,Nein,"mittel: limited assurance, später reasonable assurance je Relevanz",Quelle + Einheit + Systemgrenze + Zeitraum + Prüfnachweis; bei Datenlücke konservative Default-/Proxylogik markieren,public_research: operationalisierbar; empirische Benchmark-Kalibrierung erforderlich,public research; not official; formula-ready; benchmark calibration required; source mapped; exact disclosure missing
WOK-SYS-101,SYS / System,Mensch,Querschnitt,SDG 1 – Keine Armut,1.a,Gemeinwohl‑Investitionen (Armut),Gemeinwohl‑Investitionen (Armut) – Index,umsatzgewichteter Index (z. B. Demokratie/Rule of Law),0–1,higher_is_better,higher_is_better_abs,threshold_numeric_and_benchmark,UN_SDG_GOALS; UN_SDG_INDICATORS; UN_SDG_METADATA; EUROSTAT_NACE; WJP_RULE_OF_LAW; VDEM; SOCIAL_VALUE_SROI,index_0_1,"Wert = gewichteter Kriterienindex von 0 bis 1; Kriterien, Gewichtung und Nachweis je WÖk-ID offenlegen.","AutoScore = ScoreByThreshold(Messwert, Schwellen='≥0,8:+3; 0,7–0,79:+2; 0,6–0,69:0; 0,5–0,59:‑2; <0,5:‑3', Polarity='higher_is_better', Archetype='higher_is_better_abs'). BenchmarkScore = ScoreByBenchmark(Messwert, BM, BM_150pct, BM_250pct). FinalScore = MIN(AutoScore, BenchmarkScore, RedLineScore). Tax_Rate = WUStG-Mapping(FinalScore).","≥0,8:+3; 0,7–0,79:+2; 0,6–0,69:0; 0,5–0,59:‑2; <0,5:‑3",0.645,0.9675,1.0,Nein,mittel: fachliche Plausibilisierung und Quellenprüfung,Quelle + Einheit + Systemgrenze + Zeitraum + Prüfnachweis; bei Datenlücke konservative Default-/Proxylogik markieren,public_research: operationalisierbar; empirische Benchmark-Kalibrierung erforderlich,public research; not official; formula-ready; benchmark calibration required; source mapped; exact disclosure missing
WOK-SYS-102,SYS / System,Mensch,Querschnitt,SDG 1 – Keine Armut,1.a,Gemeinwohl‑Investitionen (Armut),Gemeinwohl‑Investitionen (Armut) – Exposure,Umsatz in Hochrisikoländern,%,lower_is_better,lower_is_better_abs,threshold_numeric_and_benchmark,UN_SDG_GOALS; UN_SDG_INDICATORS; UN_SDG_METADATA; EUROSTAT_NACE; SOCIAL_VALUE_SROI,share_percent,Zähler: erfüllte / abgedeckte Fälle; Nenner: relevante Grundgesamtheit; Wert = Zähler / Nenner * 100.,"AutoScore = ScoreByThreshold(Messwert, Schwellen='≤5:+3; 6–10:+2; 11–20:0; 21–30:‑2; >30:‑3', Polarity='lower_is_better', Archetype='lower_is_better_abs'). BenchmarkScore = ScoreByBenchmark(Messwert, BM, BM_150pct, BM_250pct). FinalScore = MIN(AutoScore, BenchmarkScore, RedLineScore). Tax_Rate = WUStG-Mapping(FinalScore).",≤5:+3; 6–10:+2; 11–20:0; 21–30:‑2; >30:‑3,15.5,23.25,38.75,Nein,mittel: fachliche Plausibilisierung und Quellenprüfung,Quelle + Einheit + Systemgrenze + Zeitraum + Prüfnachweis; bei Datenlücke konservative Default-/Proxylogik markieren,public_research: operationalisierbar; empirische Benchmark-Kalibrierung erforderlich,public research; not official; formula-ready; benchmark calibration required; source mapped; exact disclosure missing
WOK-SYS-103,SYS / System,Mensch,Querschnitt,SDG 1 – Keine Armut,1.a,Gemeinwohl‑Investitionen (Armut),Gemeinwohl‑Investitionen (Armut) – Kooperationen,"aktive, evaluierte Partnerschaften/Jahr",#/Jahr,higher_is_better,higher_is_better_abs,threshold_numeric_and_benchmark,UN_SDG_GOALS; UN_SDG_INDICATORS; UN_SDG_METADATA; EUROSTAT_NACE; WJP_RULE_OF_LAW; VDEM; SOCIAL_VALUE_SROI,indicator_specific,"Wert gemäß definierter Messgröße; Zähler, Nenner, Einheit, Systemgrenze und Zeitraum je WÖk-ID dokumentieren.","AutoScore = ScoreByThreshold(Messwert, Schwellen='≥5:+3; 3–4:+2; 1–2:0; 0:‑2', Polarity='higher_is_better', Archetype='higher_is_better_abs'). BenchmarkScore = ScoreByBenchmark(Messwert, BM, BM_150pct, BM_250pct). FinalScore = MIN(AutoScore, BenchmarkScore, RedLineScore). Tax_Rate = WUStG-Mapping(FinalScore).",≥5:+3; 3–4:+2; 1–2:0; 0:‑2,1.5,2.25,3.75,Nein,mittel: fachliche Plausibilisierung und Quellenprüfung,Quelle + Einheit + Systemgrenze + Zeitraum + Prüfnachweis; bei Datenlücke konservative Default-/Proxylogik markieren,public_research: operationalisierbar; empirische Benchmark-Kalibrierung erforderlich,public research; not official; formula-ready; benchmark calibration required; source mapped; exact disclosure missing
WOK-S-110,S / Soziales,Mensch,Arbeit & Fairness,SDG 1 – Keine Armut,1.2,Unterbeschäftigung & Prekarität,Unterbeschäftigung & Prekarität – Living Wage,Abdeckung Lebenslohn,% Beschäftigte,higher_is_better,higher_is_better_pct,threshold_numeric_and_benchmark,UN_SDG_GOALS; UN_SDG_INDICATORS; UN_SDG_METADATA; EUROSTAT_NACE; EC_CSRD; EFRAG_ESRS_SET1; EFRAG_ESRS_IG; GRI_STANDARDS; GRI_DOWNLOAD; ILO_FUNDAMENTAL_PRINCIPLES,share_percent,Zähler: erfüllte / abgedeckte Fälle; Nenner: relevante Grundgesamtheit; Wert = Zähler / Nenner * 100.,"AutoScore = ScoreByThreshold(Messwert, Schwellen='≥95:+3; 80–94:+2; 60–79:0; 40–59:‑2; <40:‑3', Polarity='higher_is_better', Archetype='higher_is_better_pct'). BenchmarkScore = ScoreByBenchmark(Messwert, BM, BM_150pct, BM_250pct). FinalScore = MIN(AutoScore, BenchmarkScore, RedLineScore). Tax_Rate = WUStG-Mapping(FinalScore).",≥95:+3; 80–94:+2; 60–79:0; 40–59:‑2; <40:‑3,69.5,100.0,100.0,Nein,"mittel: limited assurance, später reasonable assurance je Relevanz",Quelle + Einheit + Systemgrenze + Zeitraum + Prüfnachweis; bei Datenlücke konservative Default-/Proxylogik markieren,public_research: operationalisierbar; empirische Benchmark-Kalibrierung erforderlich,public research; not official; formula-ready; benchmark calibration required; source mapped; exact disclosure missing
WOK-S-111,S / Soziales,Mensch,Querschnitt,SDG 1 – Keine Armut,1.2,Unterbeschäftigung & Prekarität,Unterbeschäftigung & Prekarität – Tarifbindung,Beschäftigte unter Kollektivvertrag,%,higher_is_better,higher_is_better_pct,threshold_numeric_and_benchmark,UN_SDG_GOALS; UN_SDG_INDICATORS; UN_SDG_METADATA; EUROSTAT_NACE; EC_CSRD; EFRAG_ESRS_SET1; EFRAG_ESRS_IG; GRI_STANDARDS; GRI_DOWNLOAD; ILO_FUNDAMENTAL_PRINCIPLES,share_percent,Zähler: erfüllte / abgedeckte Fälle; Nenner: relevante Grundgesamtheit; Wert = Zähler / Nenner * 100.,"AutoScore = ScoreByThreshold(Messwert, Schwellen='≥90:+3; 70–89:+2; 50–69:0; 30–49:‑2; <30:‑3', Polarity='higher_is_better', Archetype='higher_is_better_pct'). BenchmarkScore = ScoreByBenchmark(Messwert, BM, BM_150pct, BM_250pct). FinalScore = MIN(AutoScore, BenchmarkScore, RedLineScore). Tax_Rate = WUStG-Mapping(FinalScore).",≥90:+3; 70–89:+2; 50–69:0; 30–49:‑2; <30:‑3,59.5,89.25,100.0,Nein,"mittel: limited assurance, später reasonable assurance je Relevanz",Quelle + Einheit + Systemgrenze + Zeitraum + Prüfnachweis; bei Datenlücke konservative Default-/Proxylogik markieren,public_research: operationalisierbar; empirische Benchmark-Kalibrierung erforderlich,public research; not official; formula-ready; benchmark calibration required; source mapped; exact disclosure missing
WOK-S-112,S / Soziales,Mensch,Querschnitt,SDG 1 – Keine Armut,1.2,Unterbeschäftigung & Prekarität,Unterbeschäftigung & Prekarität – LTIFR,Arbeitsunfälle pro Mio Stunden,Unfälle/Mio Std.,lower_is_better,near_zero_better,threshold_numeric_and_benchmark,UN_SDG_GOALS; UN_SDG_INDICATORS; UN_SDG_METADATA; EUROSTAT_NACE; EC_CSRD; EFRAG_ESRS_SET1; EFRAG_ESRS_IG; GRI_STANDARDS; GRI_DOWNLOAD; ILO_FUNDAMENTAL_PRINCIPLES,rate_per_million_hours,Zähler: meldepflichtige Arbeitsunfälle mit Ausfallzeit; Nenner: geleistete Arbeitsstunden; Wert = Zähler / Nenner * 1.000.000.,"AutoScore = ScoreByThreshold(Messwert, Schwellen='0:+3; ≤1:+2; ≤3:0; ≤5:‑2; >5:‑3', Polarity='lower_is_better', Archetype='near_zero_better'). BenchmarkScore = ScoreByBenchmark(Messwert, BM, BM_150pct, BM_250pct). FinalScore = MIN(AutoScore, BenchmarkScore, RedLineScore). Tax_Rate = WUStG-Mapping(FinalScore).",0:+3; ≤1:+2; ≤3:0; ≤5:‑2; >5:‑3,3.0,4.5,7.5,Nein,"mittel: limited assurance, später reasonable assurance je Relevanz",Quelle + Einheit + Systemgrenze + Zeitraum + Prüfnachweis; bei Datenlücke konservative Default-/Proxylogik markieren,public_research: operationalisierbar; empirische Benchmark-Kalibrierung erforderlich,public research; not official; formula-ready; benchmark calibration required; source mapped; exact disclosure missing
WOK-G-104,G / Governance,Mensch,Governance & Demokratie,SDG 1 – Keine Armut,1.a,Steuertransparenz für Sozialstaat,Steuertransparenz für Sozialstaat – Antikorruption,Bestätigte Fälle/1.000 FTE,Fälle/1.000 FTE,lower_is_better,near_zero_better,threshold_numeric_and_benchmark,UN_SDG_GOALS; UN_SDG_INDICATORS; UN_SDG_METADATA; EUROSTAT_NACE; EC_CSRD; EFRAG_ESRS_SET1; EFRAG_ESRS_IG; GRI_STANDARDS; GRI_DOWNLOAD; OECD_ANTI_BRIBERY,lower_is_better_metric,"Wert = gemessene Belastung, Risiko- oder Intensitätskennzahl je funktionaler Einheit; niedriger ist besser.","AutoScore = ScoreByThreshold(Messwert, Schwellen='0:+3; ≤0,2:+2; ≤0,5:0; ≤1:‑2; >1:‑3', Polarity='lower_is_better', Archetype='near_zero_better'). BenchmarkScore = ScoreByBenchmark(Messwert, BM, BM_150pct, BM_250pct). FinalScore = MIN(AutoScore, BenchmarkScore, RedLineScore). Tax_Rate = WUStG-Mapping(FinalScore).","0:+3; ≤0,2:+2; ≤0,5:0; ≤1:‑2; >1:‑3",0.5,0.75,1.25,Ja,hoch: externe Prüfung / reasonable assurance für kritische Risiken,Quelle + Einheit + Systemgrenze + Zeitraum + Prüfnachweis; bei Datenlücke konservative Default-/Proxylogik markieren,public_research: operationalisierbar; empirische Benchmark-Kalibrierung erforderlich,public research; not official; formula-ready; benchmark calibration required; red line; source mapped; exact disclosure missing
WOK-G-105,G / Governance,Mensch,Governance & Demokratie,SDG 1 – Keine Armut,1.a,Steuertransparenz für Sozialstaat,Steuertransparenz für Sozialstaat – Whistleblowing,Wirksamkeits‑Score,0–1,higher_is_better,higher_is_better_abs,threshold_numeric_and_benchmark,UN_SDG_GOALS; UN_SDG_INDICATORS; UN_SDG_METADATA; EUROSTAT_NACE; EC_CSRD; EFRAG_ESRS_SET1; EFRAG_ESRS_IG; GRI_STANDARDS; GRI_DOWNLOAD; OECD_ANTI_BRIBERY,index_0_1,"Wert = gewichteter Kriterienindex von 0 bis 1; Kriterien, Gewichtung und Nachweis je WÖk-ID offenlegen.","AutoScore = ScoreByThreshold(Messwert, Schwellen='≥0,9:+3; 0,75–0,89:+2; 0,6–0,74:0; 0,4–0,59:‑2; <0,4:‑3', Polarity='higher_is_better', Archetype='higher_is_better_abs'). BenchmarkScore = ScoreByBenchmark(Messwert, BM, BM_150pct, BM_250pct). FinalScore = MIN(AutoScore, BenchmarkScore, RedLineScore). Tax_Rate = WUStG-Mapping(FinalScore).","≥0,9:+3; 0,75–0,89:+2; 0,6–0,74:0; 0,4–0,59:‑2; <0,4:‑3",0.6699999999999999,1.0,1.0,Ja,hoch: externe Prüfung / reasonable assurance für kritische Risiken,Quelle + Einheit + Systemgrenze + Zeitraum + Prüfnachweis; bei Datenlücke konservative Default-/Proxylogik markieren,public_research: operationalisierbar; empirische Benchmark-Kalibrierung erforderlich,public research; not official; formula-ready; benchmark calibration required; red line; source mapped; exact disclosure missing
WOK-G-106,G / Governance,Mensch,Governance & Demokratie,SDG 1 – Keine Armut,1.a,Steuertransparenz für Sozialstaat,Steuertransparenz für Sozialstaat – Steuertransparenz,CbCR‑Offenlegung,0–1,higher_is_better,higher_is_better_abs,qualitative_ordinal,UN_SDG_GOALS; UN_SDG_INDICATORS; UN_SDG_METADATA; EUROSTAT_NACE; EC_CSRD; EFRAG_ESRS_SET1; EFRAG_ESRS_IG; GRI_STANDARDS; GRI_DOWNLOAD; OECD_ANTI_BRIBERY,index_0_1,"Wert = gewichteter Kriterienindex von 0 bis 1; Kriterien, Gewichtung und Nachweis je WÖk-ID offenlegen.","AutoScore = ScoreByThreshold(Messwert, Schwellen='vollständig:+3; teilweise:+2; minimal:0; schlecht:‑2', Polarity='higher_is_better', Archetype='higher_is_better_abs'). BenchmarkScore = ScoreByBenchmark(Messwert, BM, BM_150pct, BM_250pct). FinalScore = MIN(AutoScore, BenchmarkScore, RedLineScore). Tax_Rate = WUStG-Mapping(FinalScore).",vollständig:+3; teilweise:+2; minimal:0; schlecht:‑2,0.5,0.75,0.9,Ja,hoch: externe Prüfung / reasonable assurance für kritische Risiken,Quelle + Einheit + Systemgrenze + Zeitraum + Prüfnachweis; bei Datenlücke konservative Default-/Proxylogik markieren,public_research: operationalisierbar; empirische Benchmark-Kalibrierung erforderlich,public research; not official; formula-ready; qualitative review required; red line; source mapped; exact disclosure missing
WOK-S-113,S / Soziales,Mensch,Arbeit & Fairness,SDG 1 – Keine Armut,1.2,Existenzsichernde Teilzeit/Minijobs,Existenzsichernde Teilzeit/Minijobs – Living Wage,Abdeckung Lebenslohn,% Beschäftigte,higher_is_better,higher_is_better_pct,threshold_numeric_and_benchmark,UN_SDG_GOALS; UN_SDG_INDICATORS; UN_SDG_METADATA; EUROSTAT_NACE; EC_CSRD; EFRAG_ESRS_SET1; EFRAG_ESRS_IG; GRI_STANDARDS; GRI_DOWNLOAD; ILO_FUNDAMENTAL_PRINCIPLES,share_percent,Zähler: erfüllte / abgedeckte Fälle; Nenner: relevante Grundgesamtheit; Wert = Zähler / Nenner * 100.,"AutoScore = ScoreByThreshold(Messwert, Schwellen='≥95:+3; 80–94:+2; 60–79:0; 40–59:‑2; <40:‑3', Polarity='higher_is_better', Archetype='higher_is_better_pct'). BenchmarkScore = ScoreByBenchmark(Messwert, BM, BM_150pct, BM_250pct). FinalScore = MIN(AutoScore, BenchmarkScore, RedLineScore). Tax_Rate = WUStG-Mapping(FinalScore).",≥95:+3; 80–94:+2; 60–79:0; 40–59:‑2; <40:‑3,69.5,100.0,100.0,Nein,"mittel: limited assurance, später reasonable assurance je Relevanz",Quelle + Einheit + Systemgrenze + Zeitraum + Prüfnachweis; bei Datenlücke konservative Default-/Proxylogik markieren,public_research: operationalisierbar; empirische Benchmark-Kalibrierung erforderlich,public research; not official; formula-ready; benchmark calibration required; source mapped; exact disclosure missing
WOK-S-114,S / Soziales,Mensch,Querschnitt,SDG 1 – Keine Armut,1.2,Existenzsichernde Teilzeit/Minijobs,Existenzsichernde Teilzeit/Minijobs – Tarifbindung,Beschäftigte unter Kollektivvertrag,%,higher_is_better,higher_is_better_pct,threshold_numeric_and_benchmark,UN_SDG_GOALS; UN_SDG_INDICATORS; UN_SDG_METADATA; EUROSTAT_NACE; EC_CSRD; EFRAG_ESRS_SET1; EFRAG_ESRS_IG; GRI_STANDARDS; GRI_DOWNLOAD; ILO_FUNDAMENTAL_PRINCIPLES,share_percent,Zähler: erfüllte / abgedeckte Fälle; Nenner: relevante Grundgesamtheit; Wert = Zähler / Nenner * 100.,"AutoScore = ScoreByThreshold(Messwert, Schwellen='≥90:+3; 70–89:+2; 50–69:0; 30–49:‑2; <30:‑3', Polarity='higher_is_better', Archetype='higher_is_better_pct'). BenchmarkScore = ScoreByBenchmark(Messwert, BM, BM_150pct, BM_250pct). FinalScore = MIN(AutoScore, BenchmarkScore, RedLineScore). Tax_Rate = WUStG-Mapping(FinalScore).",≥90:+3; 70–89:+2; 50–69:0; 30–49:‑2; <30:‑3,59.5,89.25,100.0,Nein,"mittel: limited assurance, später reasonable assurance je Relevanz",Quelle + Einheit + Systemgrenze + Zeitraum + Prüfnachweis; bei Datenlücke konservative Default-/Proxylogik markieren,public_research: operationalisierbar; empirische Benchmark-Kalibrierung erforderlich,public research; not official; formula-ready; benchmark calibration required; source mapped; exact disclosure missing
WOK-S-115,S / Soziales,Mensch,Querschnitt,SDG 1 – Keine Armut,1.2,Existenzsichernde Teilzeit/Minijobs,Existenzsichernde Teilzeit/Minijobs – LTIFR,Arbeitsunfälle pro Mio Stunden,Unfälle/Mio Std.,lower_is_better,near_zero_better,threshold_numeric_and_benchmark,UN_SDG_GOALS; UN_SDG_INDICATORS; UN_SDG_METADATA; EUROSTAT_NACE; EC_CSRD; EFRAG_ESRS_SET1; EFRAG_ESRS_IG; GRI_STANDARDS; GRI_DOWNLOAD; ILO_FUNDAMENTAL_PRINCIPLES,rate_per_million_hours,Zähler: meldepflichtige Arbeitsunfälle mit Ausfallzeit; Nenner: geleistete Arbeitsstunden; Wert = Zähler / Nenner * 1.000.000.,"AutoScore = ScoreByThreshold(Messwert, Schwellen='0:+3; ≤1:+2; ≤3:0; ≤5:‑2; >5:‑3', Polarity='lower_is_better', Archetype='near_zero_better'). BenchmarkScore = ScoreByBenchmark(Messwert, BM, BM_150pct, BM_250pct). FinalScore = MIN(AutoScore, BenchmarkScore, RedLineScore). Tax_Rate = WUStG-Mapping(FinalScore).",0:+3; ≤1:+2; ≤3:0; ≤5:‑2; >5:‑3,3.0,4.5,7.5,Nein,"mittel: limited assurance, später reasonable assurance je Relevanz",Quelle + Einheit + Systemgrenze + Zeitraum + Prüfnachweis; bei Datenlücke konservative Default-/Proxylogik markieren,public_research: operationalisierbar; empirische Benchmark-Kalibrierung erforderlich,public research; not official; formula-ready; benchmark calibration required; source mapped; exact disclosure missing
WOK-E-101,E / Umwelt,Mensch,Querschnitt,SDG 2 – Kein Hunger,2.4,Nährstoffmanagement (N‑Überschuss),Nährstoffmanagement (N‑Überschuss) – Entnahme (WSI),Wasserentnahme × Wasserstressindex,m³*WSI,lower_is_better,lower_is_better_abs,benchmark_relative_calibration_required,UN_SDG_GOALS; UN_SDG_INDICATORS; UN_SDG_METADATA; EUROSTAT_NACE; EC_CSRD; EFRAG_ESRS_SET1; EFRAG_ESRS_IG; ISO_14046; WRI_AQUEDUCT,index_0_1,"Wert = gewichteter Kriterienindex von 0 bis 1; Kriterien, Gewichtung und Nachweis je WÖk-ID offenlegen.","AutoScore = ScoreByThreshold(Messwert, Schwellen='Top‑10%:+3; Mittel:0; >150%:‑2; >250%:‑3', Polarity='lower_is_better', Archetype='lower_is_better_abs'). BenchmarkScore = ScoreByBenchmark(Messwert, BM, BM_150pct, BM_250pct). FinalScore = MIN(AutoScore, BenchmarkScore, RedLineScore). Tax_Rate = WUStG-Mapping(FinalScore).",Top‑10%:+3; Mittel:0; >150%:‑2; >250%:‑3,1.0,1.5,2.5,Nein,"mittel: limited assurance, später reasonable assurance je Relevanz",Quelle + Einheit + Systemgrenze + Zeitraum + Prüfnachweis; bei Datenlücke konservative Default-/Proxylogik markieren,public_research: operationalisierbar; empirische Benchmark-Kalibrierung erforderlich,public research; not official; formula-ready; benchmark calibration required; source mapped; exact disclosure missing
WOK-E-102,E / Umwelt,Mensch,Querschnitt,SDG 2 – Kein Hunger,2.4,Nährstoffmanagement (N‑Überschuss),Nährstoffmanagement (N‑Überschuss) – Reuse,Anteil wiederverwendetes Prozesswasser,%,higher_is_better,higher_is_better_pct,threshold_numeric_and_benchmark,UN_SDG_GOALS; UN_SDG_INDICATORS; UN_SDG_METADATA; EUROSTAT_NACE; EC_CSRD; EFRAG_ESRS_SET1; EFRAG_ESRS_IG; ISO_14046; WRI_AQUEDUCT,share_percent,Zähler: erfüllte / abgedeckte Fälle; Nenner: relevante Grundgesamtheit; Wert = Zähler / Nenner * 100.,"AutoScore = ScoreByThreshold(Messwert, Schwellen='≥90%:+3; 70–89%:+2; 50–69%:0; 30–49%:‑2; <30%:‑3', Polarity='higher_is_better', Archetype='higher_is_better_pct'). BenchmarkScore = ScoreByBenchmark(Messwert, BM, BM_150pct, BM_250pct). FinalScore = MIN(AutoScore, BenchmarkScore, RedLineScore). Tax_Rate = WUStG-Mapping(FinalScore).",≥90%:+3; 70–89%:+2; 50–69%:0; 30–49%:‑2; <30%:‑3,50.0,75.0,100.0,Nein,"mittel: limited assurance, später reasonable assurance je Relevanz",Quelle + Einheit + Systemgrenze + Zeitraum + Prüfnachweis; bei Datenlücke konservative Default-/Proxylogik markieren,public_research: strukturell vollständig; wissenschaftliche Validierung empfohlen,public research; not official; formula-ready; benchmark calibration required; source mapped; exact disclosure missing
WOK-E-103,E / Umwelt,Mensch,Wasser,SDG 2 – Kein Hunger,2.4,Nährstoffmanagement (N‑Überschuss),Nährstoffmanagement (N‑Überschuss) – Abwasserqualität,Proben > Grenzwert,%,lower_is_better,reg_limit,threshold_numeric_and_benchmark,UN_SDG_GOALS; UN_SDG_INDICATORS; UN_SDG_METADATA; EUROSTAT_NACE; EC_CSRD; EFRAG_ESRS_SET1; EFRAG_ESRS_IG; ISO_14046; WRI_AQUEDUCT,share_percent,Zähler: erfüllte / abgedeckte Fälle; Nenner: relevante Grundgesamtheit; Wert = Zähler / Nenner * 100.,"AutoScore = ScoreByThreshold(Messwert, Schwellen='≤50% Grenzwert:+3; ≤75%:+2; ≤100%:0; 101–120%:‑2; >120%:‑3', Polarity='lower_is_better', Archetype='reg_limit'). BenchmarkScore = ScoreByBenchmark(Messwert, BM, BM_150pct, BM_250pct). FinalScore = MIN(AutoScore, BenchmarkScore, RedLineScore). Tax_Rate = WUStG-Mapping(FinalScore).",≤50% Grenzwert:+3; ≤75%:+2; ≤100%:0; 101–120%:‑2; >120%:‑3,1.0,1.2,1.5,Nein,"mittel: limited assurance, später reasonable assurance je Relevanz",Quelle + Einheit + Systemgrenze + Zeitraum + Prüfnachweis; bei Datenlücke konservative Default-/Proxylogik markieren,public_research: strukturell vollständig; wissenschaftliche Validierung empfohlen,public research; not official; formula-ready; benchmark calibration required; source mapped; exact disclosure missing
WOK-E-104,E / Umwelt,Mensch,Ressourcen & Kreislauf,SDG 2 – Kein Hunger,2.4,Pestizideinsatz,Pestizideinsatz – Abfallintensität,Abfallmenge je Output,kg/t,lower_is_better,lower_is_better_abs,benchmark_relative_calibration_required,UN_SDG_GOALS; UN_SDG_INDICATORS; UN_SDG_METADATA; EUROSTAT_NACE; EC_CSRD; EFRAG_ESRS_SET1; EFRAG_ESRS_IG; GRI_STANDARDS; GRI_DOWNLOAD; EU_WEEE; GERMANY_VERPACKG,lower_is_better_metric,"Wert = gemessene Belastung, Risiko- oder Intensitätskennzahl je funktionaler Einheit; niedriger ist besser.","AutoScore = ScoreByThreshold(Messwert, Schwellen='Top‑10%:+3; Mittel:0; >150%:‑2; >250%:‑3', Polarity='lower_is_better', Archetype='lower_is_better_abs'). BenchmarkScore = ScoreByBenchmark(Messwert, BM, BM_150pct, BM_250pct). FinalScore = MIN(AutoScore, BenchmarkScore, RedLineScore). Tax_Rate = WUStG-Mapping(FinalScore).",Top‑10%:+3; Mittel:0; >150%:‑2; >250%:‑3,1.0,1.5,2.5,Nein,"mittel: limited assurance, später reasonable assurance je Relevanz",Quelle + Einheit + Systemgrenze + Zeitraum + Prüfnachweis; bei Datenlücke konservative Default-/Proxylogik markieren,public_research: operationalisierbar; empirische Benchmark-Kalibrierung erforderlich,public research; not official; formula-ready; benchmark calibration required; source mapped; exact disclosure missing
WOK-E-105,E / Umwelt,Mensch,Ressourcen & Kreislauf,SDG 2 – Kein Hunger,2.4,Pestizideinsatz,Pestizideinsatz – Recyclingquote,Anteil verwerteter Abfälle,%,higher_is_better,higher_is_better_pct,threshold_numeric_and_benchmark,UN_SDG_GOALS; UN_SDG_INDICATORS; UN_SDG_METADATA; EUROSTAT_NACE; EC_CSRD; EFRAG_ESRS_SET1; EFRAG_ESRS_IG; GRI_STANDARDS; GRI_DOWNLOAD; EU_WEEE; GERMANY_VERPACKG,share_percent,Zähler: erfüllte / abgedeckte Fälle; Nenner: relevante Grundgesamtheit; Wert = Zähler / Nenner * 100.,"AutoScore = ScoreByThreshold(Messwert, Schwellen='≥90%:+3; 70–89%:+2; 50–69%:0; 30–49%:‑2; <30%:‑3', Polarity='higher_is_better', Archetype='higher_is_better_pct'). BenchmarkScore = ScoreByBenchmark(Messwert, BM, BM_150pct, BM_250pct). FinalScore = MIN(AutoScore, BenchmarkScore, RedLineScore). Tax_Rate = WUStG-Mapping(FinalScore).",≥90%:+3; 70–89%:+2; 50–69%:0; 30–49%:‑2; <30%:‑3,50.0,75.0,100.0,Nein,"mittel: limited assurance, später reasonable assurance je Relevanz",Quelle + Einheit + Systemgrenze + Zeitraum + Prüfnachweis; bei Datenlücke konservative Default-/Proxylogik markieren,public_research: strukturell vollständig; wissenschaftliche Validierung empfohlen,public research; not official; formula-ready; benchmark calibration required; source mapped; exact disclosure missing
WOK-E-106,E / Umwelt,Mensch,Ressourcen & Kreislauf,SDG 2 – Kein Hunger,2.4,Pestizideinsatz,Pestizideinsatz – Gefährlicher Abfall,Gefährlicher Abfall je Output,kg/t,lower_is_better,lower_is_better_abs,benchmark_relative_calibration_required,UN_SDG_GOALS; UN_SDG_INDICATORS; UN_SDG_METADATA; EUROSTAT_NACE; EC_CSRD; EFRAG_ESRS_SET1; EFRAG_ESRS_IG; GRI_STANDARDS; GRI_DOWNLOAD; EU_WEEE; GERMANY_VERPACKG,lower_is_better_metric,"Wert = gemessene Belastung, Risiko- oder Intensitätskennzahl je funktionaler Einheit; niedriger ist besser.","AutoScore = ScoreByThreshold(Messwert, Schwellen='Top‑10%:+3; Mittel:0; >150%:‑2; >250%:‑3', Polarity='lower_is_better', Archetype='lower_is_better_abs'). BenchmarkScore = ScoreByBenchmark(Messwert, BM, BM_150pct, BM_250pct). FinalScore = MIN(AutoScore, BenchmarkScore, RedLineScore). Tax_Rate = WUStG-Mapping(FinalScore).",Top‑10%:+3; Mittel:0; >150%:‑2; >250%:‑3,1.0,1.5,2.5,Nein,"mittel: limited assurance, später reasonable assurance je Relevanz",Quelle + Einheit + Systemgrenze + Zeitraum + Prüfnachweis; bei Datenlücke konservative Default-/Proxylogik markieren,public_research: operationalisierbar; empirische Benchmark-Kalibrierung erforderlich,public research; not official; formula-ready; benchmark calibration required; source mapped; exact disclosure missing
WOK-E-107,E / Umwelt,Mensch,Wasser,SDG 2 – Kein Hunger,2.4,Wasserentnahme (WSI),Wasserentnahme (WSI) – Entnahme (WSI),Wasserentnahme × Wasserstressindex,m³*WSI,lower_is_better,lower_is_better_abs,benchmark_relative_calibration_required,UN_SDG_GOALS; UN_SDG_INDICATORS; UN_SDG_METADATA; EUROSTAT_NACE; EC_CSRD; EFRAG_ESRS_SET1; EFRAG_ESRS_IG; ISO_14046; WRI_AQUEDUCT,index_0_1,"Wert = gewichteter Kriterienindex von 0 bis 1; Kriterien, Gewichtung und Nachweis je WÖk-ID offenlegen.","AutoScore = ScoreByThreshold(Messwert, Schwellen='Top‑10%:+3; Mittel:0; >150%:‑2; >250%:‑3', Polarity='lower_is_better', Archetype='lower_is_better_abs'). BenchmarkScore = ScoreByBenchmark(Messwert, BM, BM_150pct, BM_250pct). FinalScore = MIN(AutoScore, BenchmarkScore, RedLineScore). Tax_Rate = WUStG-Mapping(FinalScore).",Top‑10%:+3; Mittel:0; >150%:‑2; >250%:‑3,1.0,1.5,2.5,Nein,"mittel: limited assurance, später reasonable assurance je Relevanz",Quelle + Einheit + Systemgrenze + Zeitraum + Prüfnachweis; bei Datenlücke konservative Default-/Proxylogik markieren,public_research: operationalisierbar; empirische Benchmark-Kalibrierung erforderlich,public research; not official; formula-ready; benchmark calibration required; source mapped; exact disclosure missing
WOK-E-108,E / Umwelt,Mensch,Wasser,SDG 2 – Kein Hunger,2.4,Wasserentnahme (WSI),Wasserentnahme (WSI) – Reuse,Anteil wiederverwendetes Prozesswasser,%,higher_is_better,higher_is_better_pct,threshold_numeric_and_benchmark,UN_SDG_GOALS; UN_SDG_INDICATORS; UN_SDG_METADATA; EUROSTAT_NACE; EC_CSRD; EFRAG_ESRS_SET1; EFRAG_ESRS_IG; ISO_14046; WRI_AQUEDUCT,share_percent,Zähler: erfüllte / abgedeckte Fälle; Nenner: relevante Grundgesamtheit; Wert = Zähler / Nenner * 100.,"AutoScore = ScoreByThreshold(Messwert, Schwellen='≥90%:+3; 70–89%:+2; 50–69%:0; 30–49%:‑2; <30%:‑3', Polarity='higher_is_better', Archetype='higher_is_better_pct'). BenchmarkScore = ScoreByBenchmark(Messwert, BM, BM_150pct, BM_250pct). FinalScore = MIN(AutoScore, BenchmarkScore, RedLineScore). Tax_Rate = WUStG-Mapping(FinalScore).",≥90%:+3; 70–89%:+2; 50–69%:0; 30–49%:‑2; <30%:‑3,50.0,75.0,100.0,Nein,"mittel: limited assurance, später reasonable assurance je Relevanz",Quelle + Einheit + Systemgrenze + Zeitraum + Prüfnachweis; bei Datenlücke konservative Default-/Proxylogik markieren,public_research: strukturell vollständig; wissenschaftliche Validierung empfohlen,public research; not official; formula-ready; benchmark calibration required; source mapped; exact disclosure missing
WOK-E-109,E / Umwelt,Mensch,Wasser,SDG 2 – Kein Hunger,2.4,Wasserentnahme (WSI),Wasserentnahme (WSI) – Abwasserqualität,Proben > Grenzwert,%,lower_is_better,reg_limit,threshold_numeric_and_benchmark,UN_SDG_GOALS; UN_SDG_INDICATORS; UN_SDG_METADATA; EUROSTAT_NACE; EC_CSRD; EFRAG_ESRS_SET1; EFRAG_ESRS_IG; ISO_14046; WRI_AQUEDUCT,share_percent,Zähler: erfüllte / abgedeckte Fälle; Nenner: relevante Grundgesamtheit; Wert = Zähler / Nenner * 100.,"AutoScore = ScoreByThreshold(Messwert, Schwellen='≤50% Grenzwert:+3; ≤75%:+2; ≤100%:0; 101–120%:‑2; >120%:‑3', Polarity='lower_is_better', Archetype='reg_limit'). BenchmarkScore = ScoreByBenchmark(Messwert, BM, BM_150pct, BM_250pct). FinalScore = MIN(AutoScore, BenchmarkScore, RedLineScore). Tax_Rate = WUStG-Mapping(FinalScore).",≤50% Grenzwert:+3; ≤75%:+2; ≤100%:0; 101–120%:‑2; >120%:‑3,1.0,1.2,1.5,Nein,"mittel: limited assurance, später reasonable assurance je Relevanz",Quelle + Einheit + Systemgrenze + Zeitraum + Prüfnachweis; bei Datenlücke konservative Default-/Proxylogik markieren,public_research: strukturell vollständig; wissenschaftliche Validierung empfohlen,public research; not official; formula-ready; benchmark calibration required; source mapped; exact disclosure missing
WOK-SC-104,SC / Lieferkette,Mensch,Querschnitt,SDG 2 – Kein Hunger,2.3,Kleinbauern‑Integration,Kleinbauern‑Integration – ESG‑Spend‑Coverage,Anteil verifizierter ESG‑Daten am Spend,%,higher_is_better,higher_is_better_pct,threshold_numeric_and_benchmark,UN_SDG_GOALS; UN_SDG_INDICATORS; UN_SDG_METADATA; EUROSTAT_NACE; EC_CSRD; EFRAG_ESRS_SET1; EFRAG_ESRS_IG; GRI_STANDARDS; GRI_DOWNLOAD,share_percent,Zähler: erfüllte / abgedeckte Fälle; Nenner: relevante Grundgesamtheit; Wert = Zähler / Nenner * 100.,"AutoScore = ScoreByThreshold(Messwert, Schwellen='≥90:+3; 70–89:+2; 50–69:0; 30–49:‑2; <30:‑3', Polarity='higher_is_better', Archetype='higher_is_better_pct'). BenchmarkScore = ScoreByBenchmark(Messwert, BM, BM_150pct, BM_250pct). FinalScore = MIN(AutoScore, BenchmarkScore, RedLineScore). Tax_Rate = WUStG-Mapping(FinalScore).",≥90:+3; 70–89:+2; 50–69:0; 30–49:‑2; <30:‑3,59.5,89.25,100.0,Nein,"mittel: limited assurance, später reasonable assurance je Relevanz",Quelle + Einheit + Systemgrenze + Zeitraum + Prüfnachweis; bei Datenlücke konservative Default-/Proxylogik markieren,public_research: operationalisierbar; empirische Benchmark-Kalibrierung erforderlich,public research; not official; formula-ready; benchmark calibration required; source mapped; exact disclosure missing
WOK-SC-105,SC / Lieferkette,Mensch,Arbeit & Fairness,SDG 2 – Kein Hunger,2.3,Kleinbauern‑Integration,Kleinbauern‑Integration – Kinder/Zwangsarbeit,Audits ohne Verstöße,% Lieferanten,higher_is_better,higher_is_better_pct,threshold_numeric_and_benchmark,UN_SDG_GOALS; UN_SDG_INDICATORS; UN_SDG_METADATA; EUROSTAT_NACE; EC_CSRD; EFRAG_ESRS_SET1; EFRAG_ESRS_IG; GRI_STANDARDS; GRI_DOWNLOAD; OECD_RBC_DD,share_percent,Zähler: erfüllte / abgedeckte Fälle; Nenner: relevante Grundgesamtheit; Wert = Zähler / Nenner * 100.,"AutoScore = ScoreByThreshold(Messwert, Schwellen='≥98:+3; 90–97:+2; 75–89:0; 50–74:‑2; <50:‑3', Polarity='higher_is_better', Archetype='higher_is_better_pct'). BenchmarkScore = ScoreByBenchmark(Messwert, BM, BM_150pct, BM_250pct). FinalScore = MIN(AutoScore, BenchmarkScore, RedLineScore). Tax_Rate = WUStG-Mapping(FinalScore).",≥98:+3; 90–97:+2; 75–89:0; 50–74:‑2; <50:‑3,82.0,100.0,100.0,Ja,hoch: externe Prüfung / reasonable assurance für kritische Risiken,Quelle + Einheit + Systemgrenze + Zeitraum + Prüfnachweis; bei Datenlücke konservative Default-/Proxylogik markieren,public_research: operationalisierbar; empirische Benchmark-Kalibrierung erforderlich,public research; not official; formula-ready; benchmark calibration required; red line; source mapped; exact disclosure missing
WOK-SC-106,SC / Lieferkette,Mensch,Querschnitt,SDG 2 – Kein Hunger,2.3,Kleinbauern‑Integration,Kleinbauern‑Integration – Scope‑3 Daten,Primärdaten‑Abdeckung,% Kategorien,higher_is_better,higher_is_better_pct,threshold_numeric_and_benchmark,UN_SDG_GOALS; UN_SDG_INDICATORS; UN_SDG_METADATA; EUROSTAT_NACE; EC_CSRD; EFRAG_ESRS_SET1; EFRAG_ESRS_IG; GHG_PROTOCOL_SCOPE3; GHG_PROTOCOL_PRODUCT; ISO_14064,share_percent,Zähler: erfüllte / abgedeckte Fälle; Nenner: relevante Grundgesamtheit; Wert = Zähler / Nenner * 100.,"AutoScore = ScoreByThreshold(Messwert, Schwellen='≥80:+3; 60–79:+2; 40–59:0; 20–39:‑2; <20:‑3', Polarity='higher_is_better', Archetype='higher_is_better_pct'). BenchmarkScore = ScoreByBenchmark(Messwert, BM, BM_150pct, BM_250pct). FinalScore = MIN(AutoScore, BenchmarkScore, RedLineScore). Tax_Rate = WUStG-Mapping(FinalScore).",≥80:+3; 60–79:+2; 40–59:0; 20–39:‑2; <20:‑3,49.5,74.25,100.0,Nein,"mittel: limited assurance, später reasonable assurance je Relevanz",Quelle + Einheit + Systemgrenze + Zeitraum + Prüfnachweis; bei Datenlücke konservative Default-/Proxylogik markieren,public_research: operationalisierbar; empirische Benchmark-Kalibrierung erforderlich,public research; not official; formula-ready; benchmark calibration required; source mapped; exact disclosure missing
WOK-P-101,P / Produkt,Mensch,Querschnitt,SDG 2 – Kein Hunger,2.4,Produkt‑PCF Agrar,Produkt‑PCF Agrar – PCF,CO₂‑Fußabdruck pro Einheit,kg CO₂e/Einheit,lower_is_better,lower_is_better_abs,benchmark_relative_calibration_required,UN_SDG_GOALS; UN_SDG_INDICATORS; UN_SDG_METADATA; EUROSTAT_NACE; EC_CSRD; EFRAG_ESRS_SET1; EFRAG_ESRS_IG; GRI_STANDARDS; GRI_DOWNLOAD; ISO_14067; GHG_PROTOCOL_PRODUCT; EU_WEEE; GERMANY_VERPACKG; PEF_EU,emission_intensity,"Wert = THG-Emissionen in CO₂e je funktionaler Einheit, Produktmenge, Umsatz oder Aktivität; Systemgrenze offenlegen.","AutoScore = ScoreByThreshold(Messwert, Schwellen='Top‑10%:+3; ±Benchmark:0; >150%:‑2; >250%:‑3', Polarity='lower_is_better', Archetype='lower_is_better_abs'). BenchmarkScore = ScoreByBenchmark(Messwert, BM, BM_150pct, BM_250pct). FinalScore = MIN(AutoScore, BenchmarkScore, RedLineScore). Tax_Rate = WUStG-Mapping(FinalScore).",Top‑10%:+3; ±Benchmark:0; >150%:‑2; >250%:‑3,1.0,1.5,2.5,Nein,"mittel: limited assurance, später reasonable assurance je Relevanz",Quelle + Einheit + Systemgrenze + Zeitraum + Prüfnachweis; bei Datenlücke konservative Default-/Proxylogik markieren,public_research: operationalisierbar; empirische Benchmark-Kalibrierung erforderlich,public research; not official; formula-ready; benchmark calibration required; source mapped; exact disclosure missing
WOK-P-102,P / Produkt,Mensch,Querschnitt,SDG 2 – Kein Hunger,2.4,Produkt‑PCF Agrar,Produkt‑PCF Agrar – Reparierbarkeit,Reparierbarkeitsindex,Score 0–10,higher_is_better,higher_is_better_score,threshold_numeric_and_benchmark,UN_SDG_GOALS; UN_SDG_INDICATORS; UN_SDG_METADATA; EUROSTAT_NACE; ISO_14067; GHG_PROTOCOL_PRODUCT; PEF_EU,index_0_1,"Wert = gewichteter Kriterienindex von 0 bis 1; Kriterien, Gewichtung und Nachweis je WÖk-ID offenlegen.","AutoScore = ScoreByThreshold(Messwert, Schwellen='≥8:+3; 6–7,9:+2; 4–5,9:0; 2–3,9:‑2; <2:‑3', Polarity='higher_is_better', Archetype='higher_is_better_score'). BenchmarkScore = ScoreByBenchmark(Messwert, BM, BM_150pct, BM_250pct). FinalScore = MIN(AutoScore, BenchmarkScore, RedLineScore). Tax_Rate = WUStG-Mapping(FinalScore).","≥8:+3; 6–7,9:+2; 4–5,9:0; 2–3,9:‑2; <2:‑3",4.95,1.0,1.0,Nein,"mittel: limited assurance, später reasonable assurance je Relevanz",Quelle + Einheit + Systemgrenze + Zeitraum + Prüfnachweis; bei Datenlücke konservative Default-/Proxylogik markieren,public_research: operationalisierbar; empirische Benchmark-Kalibrierung erforderlich,public research; not official; formula-ready; benchmark calibration required; source mapped; exact disclosure missing
WOK-P-103,P / Produkt,Mensch,Ressourcen & Kreislauf,SDG 2 – Kein Hunger,2.4,Produkt‑PCF Agrar,Produkt‑PCF Agrar – Rücknahme/Recycling,Rücknahme‑/Recyclingquote,%,higher_is_better,higher_is_better_pct,threshold_numeric_and_benchmark,UN_SDG_GOALS; UN_SDG_INDICATORS; UN_SDG_METADATA; EUROSTAT_NACE; EC_CSRD; EFRAG_ESRS_SET1; EFRAG_ESRS_IG; GRI_STANDARDS; GRI_DOWNLOAD; EU_WEEE; GERMANY_VERPACKG,share_percent,Zähler: erfüllte / abgedeckte Fälle; Nenner: relevante Grundgesamtheit; Wert = Zähler / Nenner * 100.,"AutoScore = ScoreByThreshold(Messwert, Schwellen='≥70:+3; 50–69:+2; 30–49:0; 15–29:‑2; <15:‑3', Polarity='higher_is_better', Archetype='higher_is_better_pct'). BenchmarkScore = ScoreByBenchmark(Messwert, BM, BM_150pct, BM_250pct). FinalScore = MIN(AutoScore, BenchmarkScore, RedLineScore). Tax_Rate = WUStG-Mapping(FinalScore).",≥70:+3; 50–69:+2; 30–49:0; 15–29:‑2; <15:‑3,39.5,59.25,98.75,Nein,"mittel: limited assurance, später reasonable assurance je Relevanz",Quelle + Einheit + Systemgrenze + Zeitraum + Prüfnachweis; bei Datenlücke konservative Default-/Proxylogik markieren,public_research: operationalisierbar; empirische Benchmark-Kalibrierung erforderlich,public research; not official; formula-ready; benchmark calibration required; source mapped; exact disclosure missing
WOK-E-110,E / Umwelt,Mensch,Querschnitt,SDG 2 – Kein Hunger,2.4,Boden‑Organik/Fruchtbarkeit,Boden‑Organik/Fruchtbarkeit – Nettoeffekt,Net Gain/No Net Loss/Net Loss,Qualitativ → Klasse,higher_is_better,higher_is_better_abs,qualitative_biodiversity,UN_SDG_GOALS; UN_SDG_INDICATORS; UN_SDG_METADATA; EUROSTAT_NACE; EC_CSRD; EFRAG_ESRS_SET1; EFRAG_ESRS_IG; CBD_GBF; EN_15978,indicator_specific,"Wert gemäß definierter Messgröße; Zähler, Nenner, Einheit, Systemgrenze und Zeitraum je WÖk-ID dokumentieren.","AutoScore = ScoreByThreshold(Messwert, Schwellen='Net Gain:+3; No Net Loss:0; Net Loss:‑2/‑3', Polarity='higher_is_better', Archetype='higher_is_better_abs'). BenchmarkScore = ScoreByBenchmark(Messwert, BM, BM_150pct, BM_250pct). FinalScore = MIN(AutoScore, BenchmarkScore, RedLineScore). Tax_Rate = WUStG-Mapping(FinalScore).",Net Gain:+3; No Net Loss:0; Net Loss:‑2/‑3,0.5,0.75,0.9,Nein,"mittel: limited assurance, später reasonable assurance je Relevanz",Quelle + Einheit + Systemgrenze + Zeitraum + Prüfnachweis; bei Datenlücke konservative Default-/Proxylogik markieren,public_research: operationalisierbar; empirische Benchmark-Kalibrierung erforderlich,public research; not official; formula-ready; qualitative review required; source mapped; exact disclosure missing
WOK-E-111,E / Umwelt,Mensch,Querschnitt,SDG 2 – Kein Hunger,2.4,Boden‑Organik/Fruchtbarkeit,Boden‑Organik/Fruchtbarkeit – Landumwandlung,Neue Flächen mit hohem Risiko,ha/Jahr,lower_is_better,lower_is_better_abs,threshold_numeric_and_benchmark,UN_SDG_GOALS; UN_SDG_INDICATORS; UN_SDG_METADATA; EUROSTAT_NACE; EC_CSRD; EFRAG_ESRS_SET1; EFRAG_ESRS_IG; CBD_GBF; EN_15978,lower_is_better_metric,"Wert = gemessene Belastung, Risiko- oder Intensitätskennzahl je funktionaler Einheit; niedriger ist besser.","AutoScore = ScoreByThreshold(Messwert, Schwellen='0:+3; ≤1:+2; ≤3:0; ≤5:‑2; >5:‑3', Polarity='lower_is_better', Archetype='lower_is_better_abs'). BenchmarkScore = ScoreByBenchmark(Messwert, BM, BM_150pct, BM_250pct). FinalScore = MIN(AutoScore, BenchmarkScore, RedLineScore). Tax_Rate = WUStG-Mapping(FinalScore).",0:+3; ≤1:+2; ≤3:0; ≤5:‑2; >5:‑3,3.0,4.5,7.5,Nein,"mittel: limited assurance, später reasonable assurance je Relevanz",Quelle + Einheit + Systemgrenze + Zeitraum + Prüfnachweis; bei Datenlücke konservative Default-/Proxylogik markieren,public_research: operationalisierbar; empirische Benchmark-Kalibrierung erforderlich,public research; not official; formula-ready; benchmark calibration required; source mapped; exact disclosure missing
WOK-E-112,E / Umwelt,Mensch,Querschnitt,SDG 2 – Kein Hunger,2.4,Boden‑Organik/Fruchtbarkeit,Boden‑Organik/Fruchtbarkeit – Deforestationsfrei,Anteil deforestationsfreie Rohstoffe,%,higher_is_better,higher_is_better_pct,threshold_numeric_and_benchmark,UN_SDG_GOALS; UN_SDG_INDICATORS; UN_SDG_METADATA; EUROSTAT_NACE; EC_CSRD; EFRAG_ESRS_SET1; EFRAG_ESRS_IG; CBD_GBF; EN_15978,share_percent,Zähler: erfüllte / abgedeckte Fälle; Nenner: relevante Grundgesamtheit; Wert = Zähler / Nenner * 100.,"AutoScore = ScoreByThreshold(Messwert, Schwellen='≥98:+3; 90–97:+2; 75–89:0; 50–74:‑2; <50:‑3', Polarity='higher_is_better', Archetype='higher_is_better_pct'). BenchmarkScore = ScoreByBenchmark(Messwert, BM, BM_150pct, BM_250pct). FinalScore = MIN(AutoScore, BenchmarkScore, RedLineScore). Tax_Rate = WUStG-Mapping(FinalScore).",≥98:+3; 90–97:+2; 75–89:0; 50–74:‑2; <50:‑3,82.0,100.0,100.0,Nein,"mittel: limited assurance, später reasonable assurance je Relevanz",Quelle + Einheit + Systemgrenze + Zeitraum + Prüfnachweis; bei Datenlücke konservative Default-/Proxylogik markieren,public_research: operationalisierbar; empirische Benchmark-Kalibrierung erforderlich,public research; not official; formula-ready; benchmark calibration required; source mapped; exact disclosure missing
WOK-S-116,S / Soziales,Mensch,Arbeit & Fairness,SDG 2 – Kein Hunger,2.3,Saisonarbeits‑Standards,Saisonarbeits‑Standards – Living Wage,Abdeckung Lebenslohn,% Beschäftigte,higher_is_better,higher_is_better_pct,threshold_numeric_and_benchmark,UN_SDG_GOALS; UN_SDG_INDICATORS; UN_SDG_METADATA; EUROSTAT_NACE; EC_CSRD; EFRAG_ESRS_SET1; EFRAG_ESRS_IG; GRI_STANDARDS; GRI_DOWNLOAD; ILO_FUNDAMENTAL_PRINCIPLES,share_percent,Zähler: erfüllte / abgedeckte Fälle; Nenner: relevante Grundgesamtheit; Wert = Zähler / Nenner * 100.,"AutoScore = ScoreByThreshold(Messwert, Schwellen='≥95:+3; 80–94:+2; 60–79:0; 40–59:‑2; <40:‑3', Polarity='higher_is_better', Archetype='higher_is_better_pct'). BenchmarkScore = ScoreByBenchmark(Messwert, BM, BM_150pct, BM_250pct). FinalScore = MIN(AutoScore, BenchmarkScore, RedLineScore). Tax_Rate = WUStG-Mapping(FinalScore).",≥95:+3; 80–94:+2; 60–79:0; 40–59:‑2; <40:‑3,69.5,100.0,100.0,Nein,"mittel: limited assurance, später reasonable assurance je Relevanz",Quelle + Einheit + Systemgrenze + Zeitraum + Prüfnachweis; bei Datenlücke konservative Default-/Proxylogik markieren,public_research: operationalisierbar; empirische Benchmark-Kalibrierung erforderlich,public research; not official; formula-ready; benchmark calibration required; source mapped; exact disclosure missing
WOK-S-117,S / Soziales,Mensch,Arbeit & Fairness,SDG 2 – Kein Hunger,2.3,Saisonarbeits‑Standards,Saisonarbeits‑Standards – Tarifbindung,Beschäftigte unter Kollektivvertrag,%,higher_is_better,higher_is_better_pct,threshold_numeric_and_benchmark,UN_SDG_GOALS; UN_SDG_INDICATORS; UN_SDG_METADATA; EUROSTAT_NACE; EC_CSRD; EFRAG_ESRS_SET1; EFRAG_ESRS_IG; GRI_STANDARDS; GRI_DOWNLOAD; ILO_FUNDAMENTAL_PRINCIPLES,share_percent,Zähler: erfüllte / abgedeckte Fälle; Nenner: relevante Grundgesamtheit; Wert = Zähler / Nenner * 100.,"AutoScore = ScoreByThreshold(Messwert, Schwellen='≥90:+3; 70–89:+2; 50–69:0; 30–49:‑2; <30:‑3', Polarity='higher_is_better', Archetype='higher_is_better_pct'). BenchmarkScore = ScoreByBenchmark(Messwert, BM, BM_150pct, BM_250pct). FinalScore = MIN(AutoScore, BenchmarkScore, RedLineScore). Tax_Rate = WUStG-Mapping(FinalScore).",≥90:+3; 70–89:+2; 50–69:0; 30–49:‑2; <30:‑3,59.5,89.25,100.0,Nein,"mittel: limited assurance, später reasonable assurance je Relevanz",Quelle + Einheit + Systemgrenze + Zeitraum + Prüfnachweis; bei Datenlücke konservative Default-/Proxylogik markieren,public_research: operationalisierbar; empirische Benchmark-Kalibrierung erforderlich,public research; not official; formula-ready; benchmark calibration required; source mapped; exact disclosure missing
WOK-S-118,S / Soziales,Mensch,Arbeit & Fairness,SDG 2 – Kein Hunger,2.3,Saisonarbeits‑Standards,Saisonarbeits‑Standards – LTIFR,Arbeitsunfälle pro Mio Stunden,Unfälle/Mio Std.,lower_is_better,near_zero_better,threshold_numeric_and_benchmark,UN_SDG_GOALS; UN_SDG_INDICATORS; UN_SDG_METADATA; EUROSTAT_NACE; EC_CSRD; EFRAG_ESRS_SET1; EFRAG_ESRS_IG; GRI_STANDARDS; GRI_DOWNLOAD; ILO_FUNDAMENTAL_PRINCIPLES,rate_per_million_hours,Zähler: meldepflichtige Arbeitsunfälle mit Ausfallzeit; Nenner: geleistete Arbeitsstunden; Wert = Zähler / Nenner * 1.000.000.,"AutoScore = ScoreByThreshold(Messwert, Schwellen='0:+3; ≤1:+2; ≤3:0; ≤5:‑2; >5:‑3', Polarity='lower_is_better', Archetype='near_zero_better'). BenchmarkScore = ScoreByBenchmark(Messwert, BM, BM_150pct, BM_250pct). FinalScore = MIN(AutoScore, BenchmarkScore, RedLineScore). Tax_Rate = WUStG-Mapping(FinalScore).",0:+3; ≤1:+2; ≤3:0; ≤5:‑2; >5:‑3,3.0,4.5,7.5,Nein,"mittel: limited assurance, später reasonable assurance je Relevanz",Quelle + Einheit + Systemgrenze + Zeitraum + Prüfnachweis; bei Datenlücke konservative Default-/Proxylogik markieren,public_research: operationalisierbar; empirische Benchmark-Kalibrierung erforderlich,public research; not official; formula-ready; benchmark calibration required; source mapped; exact disclosure missing
WOK-G-107,G / Governance,Mensch,Gesundheit & Sicherheit,SDG 2 – Kein Hunger,2.1,Lebensmittelsicherheit & Rückrufe,Lebensmittelsicherheit & Rückrufe – Antikorruption,Bestätigte Fälle/1.000 FTE,Fälle/1.000 FTE,lower_is_better,near_zero_better,threshold_numeric_and_benchmark,UN_SDG_GOALS; UN_SDG_INDICATORS; UN_SDG_METADATA; EUROSTAT_NACE; EC_CSRD; EFRAG_ESRS_SET1; EFRAG_ESRS_IG; GRI_STANDARDS; GRI_DOWNLOAD; OECD_ANTI_BRIBERY,lower_is_better_metric,"Wert = gemessene Belastung, Risiko- oder Intensitätskennzahl je funktionaler Einheit; niedriger ist besser.","AutoScore = ScoreByThreshold(Messwert, Schwellen='0:+3; ≤0,2:+2; ≤0,5:0; ≤1:‑2; >1:‑3', Polarity='lower_is_better', Archetype='near_zero_better'). BenchmarkScore = ScoreByBenchmark(Messwert, BM, BM_150pct, BM_250pct). FinalScore = MIN(AutoScore, BenchmarkScore, RedLineScore). Tax_Rate = WUStG-Mapping(FinalScore).","0:+3; ≤0,2:+2; ≤0,5:0; ≤1:‑2; >1:‑3",0.5,0.75,1.25,Ja,hoch: externe Prüfung / reasonable assurance für kritische Risiken,Quelle + Einheit + Systemgrenze + Zeitraum + Prüfnachweis; bei Datenlücke konservative Default-/Proxylogik markieren,public_research: operationalisierbar; empirische Benchmark-Kalibrierung erforderlich,public research; not official; formula-ready; benchmark calibration required; red line; source mapped; exact disclosure missing
WOK-G-108,G / Governance,Mensch,Gesundheit & Sicherheit,SDG 2 – Kein Hunger,2.1,Lebensmittelsicherheit & Rückrufe,Lebensmittelsicherheit & Rückrufe – Whistleblowing,Wirksamkeits‑Score,0–1,higher_is_better,higher_is_better_abs,threshold_numeric_and_benchmark,UN_SDG_GOALS; UN_SDG_INDICATORS; UN_SDG_METADATA; EUROSTAT_NACE; EC_CSRD; EFRAG_ESRS_SET1; EFRAG_ESRS_IG; GRI_STANDARDS; GRI_DOWNLOAD; OECD_ANTI_BRIBERY,index_0_1,"Wert = gewichteter Kriterienindex von 0 bis 1; Kriterien, Gewichtung und Nachweis je WÖk-ID offenlegen.","AutoScore = ScoreByThreshold(Messwert, Schwellen='≥0,9:+3; 0,75–0,89:+2; 0,6–0,74:0; 0,4–0,59:‑2; <0,4:‑3', Polarity='higher_is_better', Archetype='higher_is_better_abs'). BenchmarkScore = ScoreByBenchmark(Messwert, BM, BM_150pct, BM_250pct). FinalScore = MIN(AutoScore, BenchmarkScore, RedLineScore). Tax_Rate = WUStG-Mapping(FinalScore).","≥0,9:+3; 0,75–0,89:+2; 0,6–0,74:0; 0,4–0,59:‑2; <0,4:‑3",0.6699999999999999,1.0,1.0,Ja,hoch: externe Prüfung / reasonable assurance für kritische Risiken,Quelle + Einheit + Systemgrenze + Zeitraum + Prüfnachweis; bei Datenlücke konservative Default-/Proxylogik markieren,public_research: operationalisierbar; empirische Benchmark-Kalibrierung erforderlich,public research; not official; formula-ready; benchmark calibration required; red line; source mapped; exact disclosure missing
WOK-G-109,G / Governance,Mensch,Gesundheit & Sicherheit,SDG 2 – Kein Hunger,2.1,Lebensmittelsicherheit & Rückrufe,Lebensmittelsicherheit & Rückrufe – Steuertransparenz,CbCR‑Offenlegung,0–1,higher_is_better,higher_is_better_abs,qualitative_ordinal,UN_SDG_GOALS; UN_SDG_INDICATORS; UN_SDG_METADATA; EUROSTAT_NACE; EC_CSRD; EFRAG_ESRS_SET1; EFRAG_ESRS_IG; GRI_STANDARDS; GRI_DOWNLOAD; OECD_ANTI_BRIBERY,index_0_1,"Wert = gewichteter Kriterienindex von 0 bis 1; Kriterien, Gewichtung und Nachweis je WÖk-ID offenlegen.","AutoScore = ScoreByThreshold(Messwert, Schwellen='vollständig:+3; teilweise:+2; minimal:0; schlecht:‑2', Polarity='higher_is_better', Archetype='higher_is_better_abs'). BenchmarkScore = ScoreByBenchmark(Messwert, BM, BM_150pct, BM_250pct). FinalScore = MIN(AutoScore, BenchmarkScore, RedLineScore). Tax_Rate = WUStG-Mapping(FinalScore).",vollständig:+3; teilweise:+2; minimal:0; schlecht:‑2,0.5,0.75,0.9,Ja,hoch: externe Prüfung / reasonable assurance für kritische Risiken,Quelle + Einheit + Systemgrenze + Zeitraum + Prüfnachweis; bei Datenlücke konservative Default-/Proxylogik markieren,public_research: operationalisierbar; empirische Benchmark-Kalibrierung erforderlich,public research; not official; formula-ready; qualitative review required; red line; source mapped; exact disclosure missing
WOK-E-113,E / Umwelt,Mensch,Ressourcen & Kreislauf,SDG 2 – Kein Hunger,2.1,Food Waste entlang Kette,Food Waste entlang Kette – Abfallintensität,Abfallmenge je Output,kg/t,lower_is_better,lower_is_better_abs,benchmark_relative_calibration_required,UN_SDG_GOALS; UN_SDG_INDICATORS; UN_SDG_METADATA; EUROSTAT_NACE; EC_CSRD; EFRAG_ESRS_SET1; EFRAG_ESRS_IG; GRI_STANDARDS; GRI_DOWNLOAD; EU_WEEE; GERMANY_VERPACKG,lower_is_better_metric,"Wert = gemessene Belastung, Risiko- oder Intensitätskennzahl je funktionaler Einheit; niedriger ist besser.","AutoScore = ScoreByThreshold(Messwert, Schwellen='Top‑10%:+3; Mittel:0; >150%:‑2; >250%:‑3', Polarity='lower_is_better', Archetype='lower_is_better_abs'). BenchmarkScore = ScoreByBenchmark(Messwert, BM, BM_150pct, BM_250pct). FinalScore = MIN(AutoScore, BenchmarkScore, RedLineScore). Tax_Rate = WUStG-Mapping(FinalScore).",Top‑10%:+3; Mittel:0; >150%:‑2; >250%:‑3,1.0,1.5,2.5,Nein,"mittel: limited assurance, später reasonable assurance je Relevanz",Quelle + Einheit + Systemgrenze + Zeitraum + Prüfnachweis; bei Datenlücke konservative Default-/Proxylogik markieren,public_research: operationalisierbar; empirische Benchmark-Kalibrierung erforderlich,public research; not official; formula-ready; benchmark calibration required; source mapped; exact disclosure missing
WOK-E-114,E / Umwelt,Mensch,Ressourcen & Kreislauf,SDG 2 – Kein Hunger,2.1,Food Waste entlang Kette,Food Waste entlang Kette – Recyclingquote,Anteil verwerteter Abfälle,%,higher_is_better,higher_is_better_pct,threshold_numeric_and_benchmark,UN_SDG_GOALS; UN_SDG_INDICATORS; UN_SDG_METADATA; EUROSTAT_NACE; EC_CSRD; EFRAG_ESRS_SET1; EFRAG_ESRS_IG; GRI_STANDARDS; GRI_DOWNLOAD; EU_WEEE; GERMANY_VERPACKG,share_percent,Zähler: erfüllte / abgedeckte Fälle; Nenner: relevante Grundgesamtheit; Wert = Zähler / Nenner * 100.,"AutoScore = ScoreByThreshold(Messwert, Schwellen='≥90%:+3; 70–89%:+2; 50–69%:0; 30–49%:‑2; <30%:‑3', Polarity='higher_is_better', Archetype='higher_is_better_pct'). BenchmarkScore = ScoreByBenchmark(Messwert, BM, BM_150pct, BM_250pct). FinalScore = MIN(AutoScore, BenchmarkScore, RedLineScore). Tax_Rate = WUStG-Mapping(FinalScore).",≥90%:+3; 70–89%:+2; 50–69%:0; 30–49%:‑2; <30%:‑3,50.0,75.0,100.0,Nein,"mittel: limited assurance, später reasonable assurance je Relevanz",Quelle + Einheit + Systemgrenze + Zeitraum + Prüfnachweis; bei Datenlücke konservative Default-/Proxylogik markieren,public_research: strukturell vollständig; wissenschaftliche Validierung empfohlen,public research; not official; formula-ready; benchmark calibration required; source mapped; exact disclosure missing
WOK-E-115,E / Umwelt,Mensch,Ressourcen & Kreislauf,SDG 2 – Kein Hunger,2.1,Food Waste entlang Kette,Food Waste entlang Kette – Gefährlicher Abfall,Gefährlicher Abfall je Output,kg/t,lower_is_better,lower_is_better_abs,benchmark_relative_calibration_required,UN_SDG_GOALS; UN_SDG_INDICATORS; UN_SDG_METADATA; EUROSTAT_NACE; EC_CSRD; EFRAG_ESRS_SET1; EFRAG_ESRS_IG; GRI_STANDARDS; GRI_DOWNLOAD; EU_WEEE; GERMANY_VERPACKG,lower_is_better_metric,"Wert = gemessene Belastung, Risiko- oder Intensitätskennzahl je funktionaler Einheit; niedriger ist besser.","AutoScore = ScoreByThreshold(Messwert, Schwellen='Top‑10%:+3; Mittel:0; >150%:‑2; >250%:‑3', Polarity='lower_is_better', Archetype='lower_is_better_abs'). BenchmarkScore = ScoreByBenchmark(Messwert, BM, BM_150pct, BM_250pct). FinalScore = MIN(AutoScore, BenchmarkScore, RedLineScore). Tax_Rate = WUStG-Mapping(FinalScore).",Top‑10%:+3; Mittel:0; >150%:‑2; >250%:‑3,1.0,1.5,2.5,Nein,"mittel: limited assurance, später reasonable assurance je Relevanz",Quelle + Einheit + Systemgrenze + Zeitraum + Prüfnachweis; bei Datenlücke konservative Default-/Proxylogik markieren,public_research: operationalisierbar; empirische Benchmark-Kalibrierung erforderlich,public research; not official; formula-ready; benchmark calibration required; source mapped; exact disclosure missing
WOK-E-116,E / Umwelt,Mensch,Gesundheit & Sicherheit,SDG 3 – Gesundheit,3.9,Lokalemissionen NOx/PM/SOx,Lokalemissionen NOx/PM/SOx – Antikorruption,Bestätigte Fälle/1.000 FTE,Fälle/1.000 FTE,lower_is_better,near_zero_better,threshold_numeric_and_benchmark,UN_SDG_GOALS; UN_SDG_INDICATORS; UN_SDG_METADATA; EUROSTAT_NACE; EC_CSRD; EFRAG_ESRS_SET1; EFRAG_ESRS_IG; GRI_STANDARDS; GRI_DOWNLOAD; GHG_PROTOCOL_SCOPE3; GHG_PROTOCOL_PRODUCT; ISO_14064,lower_is_better_metric,"Wert = gemessene Belastung, Risiko- oder Intensitätskennzahl je funktionaler Einheit; niedriger ist besser.","AutoScore = ScoreByThreshold(Messwert, Schwellen='0:+3; ≤0,2:+2; ≤0,5:0; ≤1:‑2; >1:‑3', Polarity='lower_is_better', Archetype='near_zero_better'). BenchmarkScore = ScoreByBenchmark(Messwert, BM, BM_150pct, BM_250pct). FinalScore = MIN(AutoScore, BenchmarkScore, RedLineScore). Tax_Rate = WUStG-Mapping(FinalScore).","0:+3; ≤0,2:+2; ≤0,5:0; ≤1:‑2; >1:‑3",0.5,0.75,1.25,Ja,hoch: externe Prüfung / reasonable assurance für kritische Risiken,Quelle + Einheit + Systemgrenze + Zeitraum + Prüfnachweis; bei Datenlücke konservative Default-/Proxylogik markieren,public_research: operationalisierbar; empirische Benchmark-Kalibrierung erforderlich,public research; not official; formula-ready; benchmark calibration required; red line; source mapped; exact disclosure missing
WOK-E-117,E / Umwelt,Mensch,Gesundheit & Sicherheit,SDG 3 – Gesundheit,3.9,Lokalemissionen NOx/PM/SOx,Lokalemissionen NOx/PM/SOx – Whistleblowing,Wirksamkeits‑Score,0–1,higher_is_better,higher_is_better_abs,threshold_numeric_and_benchmark,UN_SDG_GOALS; UN_SDG_INDICATORS; UN_SDG_METADATA; EUROSTAT_NACE; EC_CSRD; EFRAG_ESRS_SET1; EFRAG_ESRS_IG; GRI_STANDARDS; GRI_DOWNLOAD; GHG_PROTOCOL_SCOPE3; GHG_PROTOCOL_PRODUCT; ISO_14064,index_0_1,"Wert = gewichteter Kriterienindex von 0 bis 1; Kriterien, Gewichtung und Nachweis je WÖk-ID offenlegen.","AutoScore = ScoreByThreshold(Messwert, Schwellen='≥0,9:+3; 0,75–0,89:+2; 0,6–0,74:0; 0,4–0,59:‑2; <0,4:‑3', Polarity='higher_is_better', Archetype='higher_is_better_abs'). BenchmarkScore = ScoreByBenchmark(Messwert, BM, BM_150pct, BM_250pct). FinalScore = MIN(AutoScore, BenchmarkScore, RedLineScore). Tax_Rate = WUStG-Mapping(FinalScore).","≥0,9:+3; 0,75–0,89:+2; 0,6–0,74:0; 0,4–0,59:‑2; <0,4:‑3",0.6699999999999999,1.0,1.0,Ja,hoch: externe Prüfung / reasonable assurance für kritische Risiken,Quelle + Einheit + Systemgrenze + Zeitraum + Prüfnachweis; bei Datenlücke konservative Default-/Proxylogik markieren,public_research: operationalisierbar; empirische Benchmark-Kalibrierung erforderlich,public research; not official; formula-ready; benchmark calibration required; red line; source mapped; exact disclosure missing
WOK-E-118,E / Umwelt,Mensch,Gesundheit & Sicherheit,SDG 3 – Gesundheit,3.9,Lokalemissionen NOx/PM/SOx,Lokalemissionen NOx/PM/SOx – Steuertransparenz,CbCR‑Offenlegung,0–1,higher_is_better,higher_is_better_abs,qualitative_ordinal,UN_SDG_GOALS; UN_SDG_INDICATORS; UN_SDG_METADATA; EUROSTAT_NACE; EC_CSRD; EFRAG_ESRS_SET1; EFRAG_ESRS_IG; GRI_STANDARDS; GRI_DOWNLOAD; GHG_PROTOCOL_SCOPE3; GHG_PROTOCOL_PRODUCT; ISO_14064,index_0_1,"Wert = gewichteter Kriterienindex von 0 bis 1; Kriterien, Gewichtung und Nachweis je WÖk-ID offenlegen.","AutoScore = ScoreByThreshold(Messwert, Schwellen='vollständig:+3; teilweise:+2; minimal:0; schlecht:‑2', Polarity='higher_is_better', Archetype='higher_is_better_abs'). BenchmarkScore = ScoreByBenchmark(Messwert, BM, BM_150pct, BM_250pct). FinalScore = MIN(AutoScore, BenchmarkScore, RedLineScore). Tax_Rate = WUStG-Mapping(FinalScore).",vollständig:+3; teilweise:+2; minimal:0; schlecht:‑2,0.5,0.75,0.9,Nein,"mittel: limited assurance, später reasonable assurance je Relevanz",Quelle + Einheit + Systemgrenze + Zeitraum + Prüfnachweis; bei Datenlücke konservative Default-/Proxylogik markieren,public_research: operationalisierbar; empirische Benchmark-Kalibrierung erforderlich,public research; not official; formula-ready; qualitative review required; source mapped; exact disclosure missing
WOK-S-119,S / Soziales,Mensch,Arbeit & Fairness,SDG 3 – Gesundheit,3.8,Arbeits- & Gesundheitsschutz,Arbeits- & Gesundheitsschutz – Living Wage,Abdeckung Lebenslohn,% Beschäftigte,higher_is_better,higher_is_better_pct,threshold_numeric_and_benchmark,UN_SDG_GOALS; UN_SDG_INDICATORS; UN_SDG_METADATA; EUROSTAT_NACE; EC_CSRD; EFRAG_ESRS_SET1; EFRAG_ESRS_IG; GRI_STANDARDS; GRI_DOWNLOAD; ILO_FUNDAMENTAL_PRINCIPLES,share_percent,Zähler: erfüllte / abgedeckte Fälle; Nenner: relevante Grundgesamtheit; Wert = Zähler / Nenner * 100.,"AutoScore = ScoreByThreshold(Messwert, Schwellen='≥95:+3; 80–94:+2; 60–79:0; 40–59:‑2; <40:‑3', Polarity='higher_is_better', Archetype='higher_is_better_pct'). BenchmarkScore = ScoreByBenchmark(Messwert, BM, BM_150pct, BM_250pct). FinalScore = MIN(AutoScore, BenchmarkScore, RedLineScore). Tax_Rate = WUStG-Mapping(FinalScore).",≥95:+3; 80–94:+2; 60–79:0; 40–59:‑2; <40:‑3,69.5,100.0,100.0,Ja,hoch: externe Prüfung / reasonable assurance für kritische Risiken,Quelle + Einheit + Systemgrenze + Zeitraum + Prüfnachweis; bei Datenlücke konservative Default-/Proxylogik markieren,public_research: operationalisierbar; empirische Benchmark-Kalibrierung erforderlich,public research; not official; formula-ready; benchmark calibration required; red line; source mapped; exact disclosure missing
WOK-S-120,S / Soziales,Mensch,Arbeit & Fairness,SDG 3 – Gesundheit,3.8,Arbeits- & Gesundheitsschutz,Arbeits- & Gesundheitsschutz – Tarifbindung,Beschäftigte unter Kollektivvertrag,%,higher_is_better,higher_is_better_pct,threshold_numeric_and_benchmark,UN_SDG_GOALS; UN_SDG_INDICATORS; UN_SDG_METADATA; EUROSTAT_NACE; EC_CSRD; EFRAG_ESRS_SET1; EFRAG_ESRS_IG; GRI_STANDARDS; GRI_DOWNLOAD; ILO_FUNDAMENTAL_PRINCIPLES,share_percent,Zähler: erfüllte / abgedeckte Fälle; Nenner: relevante Grundgesamtheit; Wert = Zähler / Nenner * 100.,"AutoScore = ScoreByThreshold(Messwert, Schwellen='≥90:+3; 70–89:+2; 50–69:0; 30–49:‑2; <30:‑3', Polarity='higher_is_better', Archetype='higher_is_better_pct'). BenchmarkScore = ScoreByBenchmark(Messwert, BM, BM_150pct, BM_250pct). FinalScore = MIN(AutoScore, BenchmarkScore, RedLineScore). Tax_Rate = WUStG-Mapping(FinalScore).",≥90:+3; 70–89:+2; 50–69:0; 30–49:‑2; <30:‑3,59.5,89.25,100.0,Ja,hoch: externe Prüfung / reasonable assurance für kritische Risiken,Quelle + Einheit + Systemgrenze + Zeitraum + Prüfnachweis; bei Datenlücke konservative Default-/Proxylogik markieren,public_research: operationalisierbar; empirische Benchmark-Kalibrierung erforderlich,public research; not official; formula-ready; benchmark calibration required; red line; source mapped; exact disclosure missing
WOK-S-121,S / Soziales,Mensch,Arbeit & Fairness,SDG 3 – Gesundheit,3.8,Arbeits- & Gesundheitsschutz,Arbeits- & Gesundheitsschutz – LTIFR,Arbeitsunfälle pro Mio Stunden,Unfälle/Mio Std.,lower_is_better,near_zero_better,threshold_numeric_and_benchmark,UN_SDG_GOALS; UN_SDG_INDICATORS; UN_SDG_METADATA; EUROSTAT_NACE; EC_CSRD; EFRAG_ESRS_SET1; EFRAG_ESRS_IG; GRI_STANDARDS; GRI_DOWNLOAD; ILO_FUNDAMENTAL_PRINCIPLES,rate_per_million_hours,Zähler: meldepflichtige Arbeitsunfälle mit Ausfallzeit; Nenner: geleistete Arbeitsstunden; Wert = Zähler / Nenner * 1.000.000.,"AutoScore = ScoreByThreshold(Messwert, Schwellen='0:+3; ≤1:+2; ≤3:0; ≤5:‑2; >5:‑3', Polarity='lower_is_better', Archetype='near_zero_better'). BenchmarkScore = ScoreByBenchmark(Messwert, BM, BM_150pct, BM_250pct). FinalScore = MIN(AutoScore, BenchmarkScore, RedLineScore). Tax_Rate = WUStG-Mapping(FinalScore).",0:+3; ≤1:+2; ≤3:0; ≤5:‑2; >5:‑3,3.0,4.5,7.5,Ja,hoch: externe Prüfung / reasonable assurance für kritische Risiken,Quelle + Einheit + Systemgrenze + Zeitraum + Prüfnachweis; bei Datenlücke konservative Default-/Proxylogik markieren,public_research: operationalisierbar; empirische Benchmark-Kalibrierung erforderlich,public research; not official; formula-ready; benchmark calibration required; red line; source mapped; exact disclosure missing
WOK-P-104,P / Produkt,Mensch,Gesundheit & Sicherheit,SDG 3 – Gesundheit,3.9,Produktsicherheit & Rückrufe,Produktsicherheit & Rückrufe – PCF,CO₂‑Fußabdruck pro Einheit,kg CO₂e/Einheit,lower_is_better,lower_is_better_abs,benchmark_relative_calibration_required,UN_SDG_GOALS; UN_SDG_INDICATORS; UN_SDG_METADATA; EUROSTAT_NACE; EC_CSRD; EFRAG_ESRS_SET1; EFRAG_ESRS_IG; GRI_STANDARDS; GRI_DOWNLOAD; ISO_14067; GHG_PROTOCOL_PRODUCT; EU_WEEE; GERMANY_VERPACKG; PEF_EU,emission_intensity,"Wert = THG-Emissionen in CO₂e je funktionaler Einheit, Produktmenge, Umsatz oder Aktivität; Systemgrenze offenlegen.","AutoScore = ScoreByThreshold(Messwert, Schwellen='Top‑10%:+3; ±Benchmark:0; >150%:‑2; >250%:‑3', Polarity='lower_is_better', Archetype='lower_is_better_abs'). BenchmarkScore = ScoreByBenchmark(Messwert, BM, BM_150pct, BM_250pct). FinalScore = MIN(AutoScore, BenchmarkScore, RedLineScore). Tax_Rate = WUStG-Mapping(FinalScore).",Top‑10%:+3; ±Benchmark:0; >150%:‑2; >250%:‑3,1.0,1.5,2.5,Ja,hoch: externe Prüfung / reasonable assurance für kritische Risiken,Quelle + Einheit + Systemgrenze + Zeitraum + Prüfnachweis; bei Datenlücke konservative Default-/Proxylogik markieren,public_research: operationalisierbar; empirische Benchmark-Kalibrierung erforderlich,public research; not official; formula-ready; benchmark calibration required; red line; source mapped; exact disclosure missing
WOK-P-105,P / Produkt,Mensch,Gesundheit & Sicherheit,SDG 3 – Gesundheit,3.9,Produktsicherheit & Rückrufe,Produktsicherheit & Rückrufe – Reparierbarkeit,Reparierbarkeitsindex,Score 0–10,higher_is_better,higher_is_better_score,threshold_numeric_and_benchmark,UN_SDG_GOALS; UN_SDG_INDICATORS; UN_SDG_METADATA; EUROSTAT_NACE; ISO_14067; GHG_PROTOCOL_PRODUCT; PEF_EU,index_0_1,"Wert = gewichteter Kriterienindex von 0 bis 1; Kriterien, Gewichtung und Nachweis je WÖk-ID offenlegen.","AutoScore = ScoreByThreshold(Messwert, Schwellen='≥8:+3; 6–7,9:+2; 4–5,9:0; 2–3,9:‑2; <2:‑3', Polarity='higher_is_better', Archetype='higher_is_better_score'). BenchmarkScore = ScoreByBenchmark(Messwert, BM, BM_150pct, BM_250pct). FinalScore = MIN(AutoScore, BenchmarkScore, RedLineScore). Tax_Rate = WUStG-Mapping(FinalScore).","≥8:+3; 6–7,9:+2; 4–5,9:0; 2–3,9:‑2; <2:‑3",4.95,1.0,1.0,Ja,hoch: externe Prüfung / reasonable assurance für kritische Risiken,Quelle + Einheit + Systemgrenze + Zeitraum + Prüfnachweis; bei Datenlücke konservative Default-/Proxylogik markieren,public_research: operationalisierbar; empirische Benchmark-Kalibrierung erforderlich,public research; not official; formula-ready; benchmark calibration required; red line; source mapped; exact disclosure missing
WOK-P-106,P / Produkt,Mensch,Ressourcen & Kreislauf,SDG 3 – Gesundheit,3.9,Produktsicherheit & Rückrufe,Produktsicherheit & Rückrufe – Rücknahme/Recycling,Rücknahme‑/Recyclingquote,%,higher_is_better,higher_is_better_pct,threshold_numeric_and_benchmark,UN_SDG_GOALS; UN_SDG_INDICATORS; UN_SDG_METADATA; EUROSTAT_NACE; EC_CSRD; EFRAG_ESRS_SET1; EFRAG_ESRS_IG; GRI_STANDARDS; GRI_DOWNLOAD; EU_WEEE; GERMANY_VERPACKG,share_percent,Zähler: erfüllte / abgedeckte Fälle; Nenner: relevante Grundgesamtheit; Wert = Zähler / Nenner * 100.,"AutoScore = ScoreByThreshold(Messwert, Schwellen='≥70:+3; 50–69:+2; 30–49:0; 15–29:‑2; <15:‑3', Polarity='higher_is_better', Archetype='higher_is_better_pct'). BenchmarkScore = ScoreByBenchmark(Messwert, BM, BM_150pct, BM_250pct). FinalScore = MIN(AutoScore, BenchmarkScore, RedLineScore). Tax_Rate = WUStG-Mapping(FinalScore).",≥70:+3; 50–69:+2; 30–49:0; 15–29:‑2; <15:‑3,39.5,59.25,98.75,Ja,hoch: externe Prüfung / reasonable assurance für kritische Risiken,Quelle + Einheit + Systemgrenze + Zeitraum + Prüfnachweis; bei Datenlücke konservative Default-/Proxylogik markieren,public_research: operationalisierbar; empirische Benchmark-Kalibrierung erforderlich,public research; not official; formula-ready; benchmark calibration required; red line; source mapped; exact disclosure missing
WOK-G-110,G / Governance,Mensch,Gesundheit & Sicherheit,SDG 3 – Gesundheit,3.d,Datenschutz (Gesundheitsdaten),Datenschutz (Gesundheitsdaten) – Datenschutzvorfälle,Fälle pro 1 Mio Kunden,Fälle/Mio,lower_is_better,near_zero_better,threshold_numeric_and_benchmark,UN_SDG_GOALS; UN_SDG_INDICATORS; UN_SDG_METADATA; EUROSTAT_NACE; ISO_14067; GHG_PROTOCOL_PRODUCT; ISO_IEC_27001; ISO_IEC_27701; EU_NIS2,lower_is_better_metric,"Wert = gemessene Belastung, Risiko- oder Intensitätskennzahl je funktionaler Einheit; niedriger ist besser.","AutoScore = ScoreByThreshold(Messwert, Schwellen='0:+3; ≤1:+2; ≤3:0; ≤5:‑2; >5:‑3', Polarity='lower_is_better', Archetype='near_zero_better'). BenchmarkScore = ScoreByBenchmark(Messwert, BM, BM_150pct, BM_250pct). FinalScore = MIN(AutoScore, BenchmarkScore, RedLineScore). Tax_Rate = WUStG-Mapping(FinalScore).",0:+3; ≤1:+2; ≤3:0; ≤5:‑2; >5:‑3,3.0,4.5,7.5,Ja,hoch: externe Prüfung / reasonable assurance für kritische Risiken,Quelle + Einheit + Systemgrenze + Zeitraum + Prüfnachweis; bei Datenlücke konservative Default-/Proxylogik markieren,public_research: operationalisierbar; empirische Benchmark-Kalibrierung erforderlich,public research; not official; formula-ready; benchmark calibration required; red line; source mapped; exact disclosure missing
WOK-G-111,G / Governance,Mensch,Gesundheit & Sicherheit,SDG 3 – Gesundheit,3.d,Datenschutz (Gesundheitsdaten),Datenschutz (Gesundheitsdaten) – Privacy by Design,Abdeckung relevanter Features/Produkte,%,higher_is_better,higher_is_better_pct,threshold_numeric_and_benchmark,UN_SDG_GOALS; UN_SDG_INDICATORS; UN_SDG_METADATA; EUROSTAT_NACE; ISO_14067; GHG_PROTOCOL_PRODUCT; ISO_IEC_27001; ISO_IEC_27701; EU_NIS2,share_percent,Zähler: erfüllte / abgedeckte Fälle; Nenner: relevante Grundgesamtheit; Wert = Zähler / Nenner * 100.,"AutoScore = ScoreByThreshold(Messwert, Schwellen='≥90%:+3; 70–89%:+2; 50–69%:0; 30–49%:‑2; <30%:‑3', Polarity='higher_is_better', Archetype='higher_is_better_pct'). BenchmarkScore = ScoreByBenchmark(Messwert, BM, BM_150pct, BM_250pct). FinalScore = MIN(AutoScore, BenchmarkScore, RedLineScore). Tax_Rate = WUStG-Mapping(FinalScore).",≥90%:+3; 70–89%:+2; 50–69%:0; 30–49%:‑2; <30%:‑3,50.0,75.0,100.0,Ja,hoch: externe Prüfung / reasonable assurance für kritische Risiken,Quelle + Einheit + Systemgrenze + Zeitraum + Prüfnachweis; bei Datenlücke konservative Default-/Proxylogik markieren,public_research: operationalisierbar; rote Linie/Assurance besonders prüfen,public research; not official; formula-ready; benchmark calibration required; red line; source mapped; exact disclosure missing
WOK-G-112,G / Governance,Mensch,Gesundheit & Sicherheit,SDG 3 – Gesundheit,3.d,Datenschutz (Gesundheitsdaten),Datenschutz (Gesundheitsdaten) – Security Reifegrad,ISO/27001 Reifegrad,0–1,higher_is_better,higher_is_better_abs,threshold_numeric_and_benchmark,UN_SDG_GOALS; UN_SDG_INDICATORS; UN_SDG_METADATA; EUROSTAT_NACE; ISO_14067; GHG_PROTOCOL_PRODUCT; ISO_IEC_27001; ISO_IEC_27701; EU_NIS2,index_0_1,"Wert = gewichteter Kriterienindex von 0 bis 1; Kriterien, Gewichtung und Nachweis je WÖk-ID offenlegen.","AutoScore = ScoreByThreshold(Messwert, Schwellen='≥0,9:+3; 0,75–0,89:+2; 0,6–0,74:0; 0,4–0,59:‑2; <0,4:‑3', Polarity='higher_is_better', Archetype='higher_is_better_abs'). BenchmarkScore = ScoreByBenchmark(Messwert, BM, BM_150pct, BM_250pct). FinalScore = MIN(AutoScore, BenchmarkScore, RedLineScore). Tax_Rate = WUStG-Mapping(FinalScore).","≥0,9:+3; 0,75–0,89:+2; 0,6–0,74:0; 0,4–0,59:‑2; <0,4:‑3",0.6699999999999999,1.0,1.0,Ja,hoch: externe Prüfung / reasonable assurance für kritische Risiken,Quelle + Einheit + Systemgrenze + Zeitraum + Prüfnachweis; bei Datenlücke konservative Default-/Proxylogik markieren,public_research: operationalisierbar; empirische Benchmark-Kalibrierung erforderlich,public research; not official; formula-ready; benchmark calibration required; red line; source mapped; exact disclosure missing
WOK-RE-101,RE / Real Estate,Mensch,Gesundheit & Sicherheit,SDG 3 – Gesundheit,3.9,Gesunde Gebäude (IAQ),Gesunde Gebäude (IAQ) – Betriebsenergie,Endenergiebedarf,kWh/m²a,lower_is_better,lower_is_better_abs,benchmark_relative_calibration_required,UN_SDG_GOALS; UN_SDG_INDICATORS; UN_SDG_METADATA; EUROSTAT_NACE; EC_CSRD; EFRAG_ESRS_SET1; EFRAG_ESRS_IG; ISO_50001; ISO_IEC_30134; EU_EPBD; EN_15978,lower_is_better_metric,"Wert = gemessene Belastung, Risiko- oder Intensitätskennzahl je funktionaler Einheit; niedriger ist besser.","AutoScore = ScoreByThreshold(Messwert, Schwellen='Top 15%:+3; +15–30%:+2; +31–60%:0; >+60%:‑2/‑3', Polarity='lower_is_better', Archetype='lower_is_better_abs'). BenchmarkScore = ScoreByBenchmark(Messwert, BM, BM_150pct, BM_250pct). FinalScore = MIN(AutoScore, BenchmarkScore, RedLineScore). Tax_Rate = WUStG-Mapping(FinalScore).",Top 15%:+3; +15–30%:+2; +31–60%:0; >+60%:‑2/‑3,1.0,1.5,2.5,Ja,hoch: externe Prüfung / reasonable assurance für kritische Risiken,Quelle + Einheit + Systemgrenze + Zeitraum + Prüfnachweis; bei Datenlücke konservative Default-/Proxylogik markieren,public_research: operationalisierbar; empirische Benchmark-Kalibrierung erforderlich,public research; not official; formula-ready; benchmark calibration required; red line; source mapped; exact disclosure missing
WOK-RE-102,RE / Real Estate,Mensch,Gesundheit & Sicherheit,SDG 3 – Gesundheit,3.9,Gesunde Gebäude (IAQ),Gesunde Gebäude (IAQ) – Graue Emissionen,Embodied Carbon (A1–A3),kg CO₂e/m²,lower_is_better,lower_is_better_abs,benchmark_relative_calibration_required,UN_SDG_GOALS; UN_SDG_INDICATORS; UN_SDG_METADATA; EUROSTAT_NACE; EC_CSRD; EFRAG_ESRS_SET1; EFRAG_ESRS_IG; GHG_PROTOCOL_SCOPE3; GHG_PROTOCOL_PRODUCT; ISO_14064; ISO_14067; EN_15978,emission_intensity,"Wert = THG-Emissionen in CO₂e je funktionaler Einheit, Produktmenge, Umsatz oder Aktivität; Systemgrenze offenlegen.","AutoScore = ScoreByThreshold(Messwert, Schwellen='Top‑10%:+3; Mittel:0; >150%:‑2; >250%:‑3', Polarity='lower_is_better', Archetype='lower_is_better_abs'). BenchmarkScore = ScoreByBenchmark(Messwert, BM, BM_150pct, BM_250pct). FinalScore = MIN(AutoScore, BenchmarkScore, RedLineScore). Tax_Rate = WUStG-Mapping(FinalScore).",Top‑10%:+3; Mittel:0; >150%:‑2; >250%:‑3,1.0,1.5,2.5,Ja,hoch: externe Prüfung / reasonable assurance für kritische Risiken,Quelle + Einheit + Systemgrenze + Zeitraum + Prüfnachweis; bei Datenlücke konservative Default-/Proxylogik markieren,public_research: operationalisierbar; empirische Benchmark-Kalibrierung erforderlich,public research; not official; formula-ready; benchmark calibration required; red line; source mapped; exact disclosure missing
WOK-RE-103,RE / Real Estate,Mensch,Gesundheit & Sicherheit,SDG 3 – Gesundheit,3.9,Gesunde Gebäude (IAQ),Gesunde Gebäude (IAQ) – ÖPNV‑Erreichbarkeit,Transit‑Score,0–1,higher_is_better,higher_is_better_abs,threshold_numeric_and_benchmark,UN_SDG_GOALS; UN_SDG_INDICATORS; UN_SDG_METADATA; EUROSTAT_NACE; EU_EPBD; EN_15978,index_0_1,"Wert = gewichteter Kriterienindex von 0 bis 1; Kriterien, Gewichtung und Nachweis je WÖk-ID offenlegen.","AutoScore = ScoreByThreshold(Messwert, Schwellen='≥0,8:+3; 0,6–0,79:+2; 0,4–0,59:0; 0,2–0,39:‑2; <0,2:‑3', Polarity='higher_is_better', Archetype='higher_is_better_abs'). BenchmarkScore = ScoreByBenchmark(Messwert, BM, BM_150pct, BM_250pct). FinalScore = MIN(AutoScore, BenchmarkScore, RedLineScore). Tax_Rate = WUStG-Mapping(FinalScore).","≥0,8:+3; 0,6–0,79:+2; 0,4–0,59:0; 0,2–0,39:‑2; <0,2:‑3",0.495,0.7424999999999999,1.0,Ja,hoch: externe Prüfung / reasonable assurance für kritische Risiken,Quelle + Einheit + Systemgrenze + Zeitraum + Prüfnachweis; bei Datenlücke konservative Default-/Proxylogik markieren,public_research: operationalisierbar; empirische Benchmark-Kalibrierung erforderlich,public research; not official; formula-ready; benchmark calibration required; red line; source mapped; exact disclosure missing
WOK-SYS-104,SYS / System,Mensch,Gesundheit & Sicherheit,SDG 3 – Gesundheit,3.4,Kultur/Bewegung fördern,Kultur/Bewegung fördern – Index,umsatzgewichteter Index (z. B. Demokratie/Rule of Law),0–1,higher_is_better,higher_is_better_abs,threshold_numeric_and_benchmark,UN_SDG_GOALS; UN_SDG_INDICATORS; UN_SDG_METADATA; EUROSTAT_NACE; WJP_RULE_OF_LAW; VDEM; SOCIAL_VALUE_SROI,index_0_1,"Wert = gewichteter Kriterienindex von 0 bis 1; Kriterien, Gewichtung und Nachweis je WÖk-ID offenlegen.","AutoScore = ScoreByThreshold(Messwert, Schwellen='≥0,8:+3; 0,7–0,79:+2; 0,6–0,69:0; 0,5–0,59:‑2; <0,5:‑3', Polarity='higher_is_better', Archetype='higher_is_better_abs'). BenchmarkScore = ScoreByBenchmark(Messwert, BM, BM_150pct, BM_250pct). FinalScore = MIN(AutoScore, BenchmarkScore, RedLineScore). Tax_Rate = WUStG-Mapping(FinalScore).","≥0,8:+3; 0,7–0,79:+2; 0,6–0,69:0; 0,5–0,59:‑2; <0,5:‑3",0.645,0.9675,1.0,Nein,mittel: fachliche Plausibilisierung und Quellenprüfung,Quelle + Einheit + Systemgrenze + Zeitraum + Prüfnachweis; bei Datenlücke konservative Default-/Proxylogik markieren,public_research: operationalisierbar; empirische Benchmark-Kalibrierung erforderlich,public research; not official; formula-ready; benchmark calibration required; source mapped; exact disclosure missing
WOK-SYS-105,SYS / System,Mensch,Gesundheit & Sicherheit,SDG 3 – Gesundheit,3.4,Kultur/Bewegung fördern,Kultur/Bewegung fördern – Exposure,Umsatz in Hochrisikoländern,%,lower_is_better,lower_is_better_abs,threshold_numeric_and_benchmark,UN_SDG_GOALS; UN_SDG_INDICATORS; UN_SDG_METADATA; EUROSTAT_NACE; SOCIAL_VALUE_SROI,share_percent,Zähler: erfüllte / abgedeckte Fälle; Nenner: relevante Grundgesamtheit; Wert = Zähler / Nenner * 100.,"AutoScore = ScoreByThreshold(Messwert, Schwellen='≤5:+3; 6–10:+2; 11–20:0; 21–30:‑2; >30:‑3', Polarity='lower_is_better', Archetype='lower_is_better_abs'). BenchmarkScore = ScoreByBenchmark(Messwert, BM, BM_150pct, BM_250pct). FinalScore = MIN(AutoScore, BenchmarkScore, RedLineScore). Tax_Rate = WUStG-Mapping(FinalScore).",≤5:+3; 6–10:+2; 11–20:0; 21–30:‑2; >30:‑3,15.5,23.25,38.75,Nein,mittel: fachliche Plausibilisierung und Quellenprüfung,Quelle + Einheit + Systemgrenze + Zeitraum + Prüfnachweis; bei Datenlücke konservative Default-/Proxylogik markieren,public_research: operationalisierbar; empirische Benchmark-Kalibrierung erforderlich,public research; not official; formula-ready; benchmark calibration required; source mapped; exact disclosure missing
WOK-SYS-106,SYS / System,Mensch,Gesundheit & Sicherheit,SDG 3 – Gesundheit,3.4,Kultur/Bewegung fördern,Kultur/Bewegung fördern – Kooperationen,"aktive, evaluierte Partnerschaften/Jahr",#/Jahr,higher_is_better,higher_is_better_abs,threshold_numeric_and_benchmark,UN_SDG_GOALS; UN_SDG_INDICATORS; UN_SDG_METADATA; EUROSTAT_NACE; WJP_RULE_OF_LAW; VDEM; SOCIAL_VALUE_SROI,indicator_specific,"Wert gemäß definierter Messgröße; Zähler, Nenner, Einheit, Systemgrenze und Zeitraum je WÖk-ID dokumentieren.","AutoScore = ScoreByThreshold(Messwert, Schwellen='≥5:+3; 3–4:+2; 1–2:0; 0:‑2', Polarity='higher_is_better', Archetype='higher_is_better_abs'). BenchmarkScore = ScoreByBenchmark(Messwert, BM, BM_150pct, BM_250pct). FinalScore = MIN(AutoScore, BenchmarkScore, RedLineScore). Tax_Rate = WUStG-Mapping(FinalScore).",≥5:+3; 3–4:+2; 1–2:0; 0:‑2,1.5,2.25,3.75,Nein,mittel: fachliche Plausibilisierung und Quellenprüfung,Quelle + Einheit + Systemgrenze + Zeitraum + Prüfnachweis; bei Datenlücke konservative Default-/Proxylogik markieren,public_research: operationalisierbar; empirische Benchmark-Kalibrierung erforderlich,public research; not official; formula-ready; benchmark calibration required; source mapped; exact disclosure missing
WOK-S-122,S / Soziales,Mensch,Arbeit & Fairness,SDG 3 – Gesundheit,3.4,Psycho‑soziale Risiken,Psycho‑soziale Risiken – Living Wage,Abdeckung Lebenslohn,% Beschäftigte,higher_is_better,higher_is_better_pct,threshold_numeric_and_benchmark,UN_SDG_GOALS; UN_SDG_INDICATORS; UN_SDG_METADATA; EUROSTAT_NACE; EC_CSRD; EFRAG_ESRS_SET1; EFRAG_ESRS_IG; GRI_STANDARDS; GRI_DOWNLOAD; ILO_FUNDAMENTAL_PRINCIPLES,share_percent,Zähler: erfüllte / abgedeckte Fälle; Nenner: relevante Grundgesamtheit; Wert = Zähler / Nenner * 100.,"AutoScore = ScoreByThreshold(Messwert, Schwellen='≥95:+3; 80–94:+2; 60–79:0; 40–59:‑2; <40:‑3', Polarity='higher_is_better', Archetype='higher_is_better_pct'). BenchmarkScore = ScoreByBenchmark(Messwert, BM, BM_150pct, BM_250pct). FinalScore = MIN(AutoScore, BenchmarkScore, RedLineScore). Tax_Rate = WUStG-Mapping(FinalScore).",≥95:+3; 80–94:+2; 60–79:0; 40–59:‑2; <40:‑3,69.5,100.0,100.0,Nein,"mittel: limited assurance, später reasonable assurance je Relevanz",Quelle + Einheit + Systemgrenze + Zeitraum + Prüfnachweis; bei Datenlücke konservative Default-/Proxylogik markieren,public_research: operationalisierbar; empirische Benchmark-Kalibrierung erforderlich,public research; not official; formula-ready; benchmark calibration required; source mapped; exact disclosure missing
WOK-S-123,S / Soziales,Mensch,Gesundheit & Sicherheit,SDG 3 – Gesundheit,3.4,Psycho‑soziale Risiken,Psycho‑soziale Risiken – Tarifbindung,Beschäftigte unter Kollektivvertrag,%,higher_is_better,higher_is_better_pct,threshold_numeric_and_benchmark,UN_SDG_GOALS; UN_SDG_INDICATORS; UN_SDG_METADATA; EUROSTAT_NACE; EC_CSRD; EFRAG_ESRS_SET1; EFRAG_ESRS_IG; GRI_STANDARDS; GRI_DOWNLOAD; ILO_FUNDAMENTAL_PRINCIPLES,share_percent,Zähler: erfüllte / abgedeckte Fälle; Nenner: relevante Grundgesamtheit; Wert = Zähler / Nenner * 100.,"AutoScore = ScoreByThreshold(Messwert, Schwellen='≥90:+3; 70–89:+2; 50–69:0; 30–49:‑2; <30:‑3', Polarity='higher_is_better', Archetype='higher_is_better_pct'). BenchmarkScore = ScoreByBenchmark(Messwert, BM, BM_150pct, BM_250pct). FinalScore = MIN(AutoScore, BenchmarkScore, RedLineScore). Tax_Rate = WUStG-Mapping(FinalScore).",≥90:+3; 70–89:+2; 50–69:0; 30–49:‑2; <30:‑3,59.5,89.25,100.0,Nein,"mittel: limited assurance, später reasonable assurance je Relevanz",Quelle + Einheit + Systemgrenze + Zeitraum + Prüfnachweis; bei Datenlücke konservative Default-/Proxylogik markieren,public_research: operationalisierbar; empirische Benchmark-Kalibrierung erforderlich,public research; not official; formula-ready; benchmark calibration required; source mapped; exact disclosure missing
WOK-S-124,S / Soziales,Mensch,Gesundheit & Sicherheit,SDG 3 – Gesundheit,3.4,Psycho‑soziale Risiken,Psycho‑soziale Risiken – LTIFR,Arbeitsunfälle pro Mio Stunden,Unfälle/Mio Std.,lower_is_better,near_zero_better,threshold_numeric_and_benchmark,UN_SDG_GOALS; UN_SDG_INDICATORS; UN_SDG_METADATA; EUROSTAT_NACE; EC_CSRD; EFRAG_ESRS_SET1; EFRAG_ESRS_IG; GRI_STANDARDS; GRI_DOWNLOAD; ILO_FUNDAMENTAL_PRINCIPLES,rate_per_million_hours,Zähler: meldepflichtige Arbeitsunfälle mit Ausfallzeit; Nenner: geleistete Arbeitsstunden; Wert = Zähler / Nenner * 1.000.000.,"AutoScore = ScoreByThreshold(Messwert, Schwellen='0:+3; ≤1:+2; ≤3:0; ≤5:‑2; >5:‑3', Polarity='lower_is_better', Archetype='near_zero_better'). BenchmarkScore = ScoreByBenchmark(Messwert, BM, BM_150pct, BM_250pct). FinalScore = MIN(AutoScore, BenchmarkScore, RedLineScore). Tax_Rate = WUStG-Mapping(FinalScore).",0:+3; ≤1:+2; ≤3:0; ≤5:‑2; >5:‑3,3.0,4.5,7.5,Nein,"mittel: limited assurance, später reasonable assurance je Relevanz",Quelle + Einheit + Systemgrenze + Zeitraum + Prüfnachweis; bei Datenlücke konservative Default-/Proxylogik markieren,public_research: operationalisierbar; empirische Benchmark-Kalibrierung erforderlich,public research; not official; formula-ready; benchmark calibration required; source mapped; exact disclosure missing
WOK-E-119,E / Umwelt,Mensch,Ressourcen & Kreislauf,SDG 3 – Gesundheit,3.9,Chemikaliensicherheit/REACH,Chemikaliensicherheit/REACH – Abfallintensität,Abfallmenge je Output,kg/t,lower_is_better,lower_is_better_abs,benchmark_relative_calibration_required,UN_SDG_GOALS; UN_SDG_INDICATORS; UN_SDG_METADATA; EUROSTAT_NACE; EC_CSRD; EFRAG_ESRS_SET1; EFRAG_ESRS_IG; GRI_STANDARDS; GRI_DOWNLOAD; EU_WEEE; GERMANY_VERPACKG,lower_is_better_metric,"Wert = gemessene Belastung, Risiko- oder Intensitätskennzahl je funktionaler Einheit; niedriger ist besser.","AutoScore = ScoreByThreshold(Messwert, Schwellen='Top‑10%:+3; Mittel:0; >150%:‑2; >250%:‑3', Polarity='lower_is_better', Archetype='lower_is_better_abs'). BenchmarkScore = ScoreByBenchmark(Messwert, BM, BM_150pct, BM_250pct). FinalScore = MIN(AutoScore, BenchmarkScore, RedLineScore). Tax_Rate = WUStG-Mapping(FinalScore).",Top‑10%:+3; Mittel:0; >150%:‑2; >250%:‑3,1.0,1.5,2.5,Ja,hoch: externe Prüfung / reasonable assurance für kritische Risiken,Quelle + Einheit + Systemgrenze + Zeitraum + Prüfnachweis; bei Datenlücke konservative Default-/Proxylogik markieren,public_research: operationalisierbar; empirische Benchmark-Kalibrierung erforderlich,public research; not official; formula-ready; benchmark calibration required; red line; source mapped; exact disclosure missing
WOK-E-120,E / Umwelt,Mensch,Ressourcen & Kreislauf,SDG 3 – Gesundheit,3.9,Chemikaliensicherheit/REACH,Chemikaliensicherheit/REACH – Recyclingquote,Anteil verwerteter Abfälle,%,higher_is_better,higher_is_better_pct,threshold_numeric_and_benchmark,UN_SDG_GOALS; UN_SDG_INDICATORS; UN_SDG_METADATA; EUROSTAT_NACE; EC_CSRD; EFRAG_ESRS_SET1; EFRAG_ESRS_IG; GRI_STANDARDS; GRI_DOWNLOAD; EU_WEEE; GERMANY_VERPACKG,share_percent,Zähler: erfüllte / abgedeckte Fälle; Nenner: relevante Grundgesamtheit; Wert = Zähler / Nenner * 100.,"AutoScore = ScoreByThreshold(Messwert, Schwellen='≥90%:+3; 70–89%:+2; 50–69%:0; 30–49%:‑2; <30%:‑3', Polarity='higher_is_better', Archetype='higher_is_better_pct'). BenchmarkScore = ScoreByBenchmark(Messwert, BM, BM_150pct, BM_250pct). FinalScore = MIN(AutoScore, BenchmarkScore, RedLineScore). Tax_Rate = WUStG-Mapping(FinalScore).",≥90%:+3; 70–89%:+2; 50–69%:0; 30–49%:‑2; <30%:‑3,50.0,75.0,100.0,Ja,hoch: externe Prüfung / reasonable assurance für kritische Risiken,Quelle + Einheit + Systemgrenze + Zeitraum + Prüfnachweis; bei Datenlücke konservative Default-/Proxylogik markieren,public_research: operationalisierbar; rote Linie/Assurance besonders prüfen,public research; not official; formula-ready; benchmark calibration required; red line; source mapped; exact disclosure missing
WOK-E-121,E / Umwelt,Mensch,Ressourcen & Kreislauf,SDG 3 – Gesundheit,3.9,Chemikaliensicherheit/REACH,Chemikaliensicherheit/REACH – Gefährlicher Abfall,Gefährlicher Abfall je Output,kg/t,lower_is_better,lower_is_better_abs,benchmark_relative_calibration_required,UN_SDG_GOALS; UN_SDG_INDICATORS; UN_SDG_METADATA; EUROSTAT_NACE; EC_CSRD; EFRAG_ESRS_SET1; EFRAG_ESRS_IG; GRI_STANDARDS; GRI_DOWNLOAD; EU_WEEE; GERMANY_VERPACKG,lower_is_better_metric,"Wert = gemessene Belastung, Risiko- oder Intensitätskennzahl je funktionaler Einheit; niedriger ist besser.","AutoScore = ScoreByThreshold(Messwert, Schwellen='Top‑10%:+3; Mittel:0; >150%:‑2; >250%:‑3', Polarity='lower_is_better', Archetype='lower_is_better_abs'). BenchmarkScore = ScoreByBenchmark(Messwert, BM, BM_150pct, BM_250pct). FinalScore = MIN(AutoScore, BenchmarkScore, RedLineScore). Tax_Rate = WUStG-Mapping(FinalScore).",Top‑10%:+3; Mittel:0; >150%:‑2; >250%:‑3,1.0,1.5,2.5,Ja,hoch: externe Prüfung / reasonable assurance für kritische Risiken,Quelle + Einheit + Systemgrenze + Zeitraum + Prüfnachweis; bei Datenlücke konservative Default-/Proxylogik markieren,public_research: operationalisierbar; empirische Benchmark-Kalibrierung erforderlich,public research; not official; formula-ready; benchmark calibration required; red line; source mapped; exact disclosure missing
WOK-G-113,G / Governance,Mensch,Gesundheit & Sicherheit,SDG 3 – Gesundheit,3.8,Patientensicherheit Kliniken,Patientensicherheit Kliniken – Antikorruption,Bestätigte Fälle/1.000 FTE,Fälle/1.000 FTE,lower_is_better,near_zero_better,threshold_numeric_and_benchmark,UN_SDG_GOALS; UN_SDG_INDICATORS; UN_SDG_METADATA; EUROSTAT_NACE; EC_CSRD; EFRAG_ESRS_SET1; EFRAG_ESRS_IG; GRI_STANDARDS; GRI_DOWNLOAD; OECD_ANTI_BRIBERY,lower_is_better_metric,"Wert = gemessene Belastung, Risiko- oder Intensitätskennzahl je funktionaler Einheit; niedriger ist besser.","AutoScore = ScoreByThreshold(Messwert, Schwellen='0:+3; ≤0,2:+2; ≤0,5:0; ≤1:‑2; >1:‑3', Polarity='lower_is_better', Archetype='near_zero_better'). BenchmarkScore = ScoreByBenchmark(Messwert, BM, BM_150pct, BM_250pct). FinalScore = MIN(AutoScore, BenchmarkScore, RedLineScore). Tax_Rate = WUStG-Mapping(FinalScore).","0:+3; ≤0,2:+2; ≤0,5:0; ≤1:‑2; >1:‑3",0.5,0.75,1.25,Ja,hoch: externe Prüfung / reasonable assurance für kritische Risiken,Quelle + Einheit + Systemgrenze + Zeitraum + Prüfnachweis; bei Datenlücke konservative Default-/Proxylogik markieren,public_research: operationalisierbar; empirische Benchmark-Kalibrierung erforderlich,public research; not official; formula-ready; benchmark calibration required; red line; source mapped; exact disclosure missing
WOK-G-114,G / Governance,Mensch,Gesundheit & Sicherheit,SDG 3 – Gesundheit,3.8,Patientensicherheit Kliniken,Patientensicherheit Kliniken – Whistleblowing,Wirksamkeits‑Score,0–1,higher_is_better,higher_is_better_abs,threshold_numeric_and_benchmark,UN_SDG_GOALS; UN_SDG_INDICATORS; UN_SDG_METADATA; EUROSTAT_NACE; EC_CSRD; EFRAG_ESRS_SET1; EFRAG_ESRS_IG; GRI_STANDARDS; GRI_DOWNLOAD; OECD_ANTI_BRIBERY,index_0_1,"Wert = gewichteter Kriterienindex von 0 bis 1; Kriterien, Gewichtung und Nachweis je WÖk-ID offenlegen.","AutoScore = ScoreByThreshold(Messwert, Schwellen='≥0,9:+3; 0,75–0,89:+2; 0,6–0,74:0; 0,4–0,59:‑2; <0,4:‑3', Polarity='higher_is_better', Archetype='higher_is_better_abs'). BenchmarkScore = ScoreByBenchmark(Messwert, BM, BM_150pct, BM_250pct). FinalScore = MIN(AutoScore, BenchmarkScore, RedLineScore). Tax_Rate = WUStG-Mapping(FinalScore).","≥0,9:+3; 0,75–0,89:+2; 0,6–0,74:0; 0,4–0,59:‑2; <0,4:‑3",0.6699999999999999,1.0,1.0,Ja,hoch: externe Prüfung / reasonable assurance für kritische Risiken,Quelle + Einheit + Systemgrenze + Zeitraum + Prüfnachweis; bei Datenlücke konservative Default-/Proxylogik markieren,public_research: operationalisierbar; empirische Benchmark-Kalibrierung erforderlich,public research; not official; formula-ready; benchmark calibration required; red line; source mapped; exact disclosure missing
WOK-G-115,G / Governance,Mensch,Gesundheit & Sicherheit,SDG 3 – Gesundheit,3.8,Patientensicherheit Kliniken,Patientensicherheit Kliniken – Steuertransparenz,CbCR‑Offenlegung,0–1,higher_is_better,higher_is_better_abs,qualitative_ordinal,UN_SDG_GOALS; UN_SDG_INDICATORS; UN_SDG_METADATA; EUROSTAT_NACE; EC_CSRD; EFRAG_ESRS_SET1; EFRAG_ESRS_IG; GRI_STANDARDS; GRI_DOWNLOAD; OECD_ANTI_BRIBERY,index_0_1,"Wert = gewichteter Kriterienindex von 0 bis 1; Kriterien, Gewichtung und Nachweis je WÖk-ID offenlegen.","AutoScore = ScoreByThreshold(Messwert, Schwellen='vollständig:+3; teilweise:+2; minimal:0; schlecht:‑2', Polarity='higher_is_better', Archetype='higher_is_better_abs'). BenchmarkScore = ScoreByBenchmark(Messwert, BM, BM_150pct, BM_250pct). FinalScore = MIN(AutoScore, BenchmarkScore, RedLineScore). Tax_Rate = WUStG-Mapping(FinalScore).",vollständig:+3; teilweise:+2; minimal:0; schlecht:‑2,0.5,0.75,0.9,Ja,hoch: externe Prüfung / reasonable assurance für kritische Risiken,Quelle + Einheit + Systemgrenze + Zeitraum + Prüfnachweis; bei Datenlücke konservative Default-/Proxylogik markieren,public_research: operationalisierbar; empirische Benchmark-Kalibrierung erforderlich,public research; not official; formula-ready; qualitative review required; red line; source mapped; exact disclosure missing
WOK-S-125,S / Soziales,Mensch,Arbeit & Fairness,SDG 4 – Bildung,4.4,Weiterbildung & Future Skills,Weiterbildung & Future Skills – Living Wage,Abdeckung Lebenslohn,% Beschäftigte,higher_is_better,higher_is_better_pct,threshold_numeric_and_benchmark,UN_SDG_GOALS; UN_SDG_INDICATORS; UN_SDG_METADATA; EUROSTAT_NACE; EC_CSRD; EFRAG_ESRS_SET1; EFRAG_ESRS_IG; GRI_STANDARDS; GRI_DOWNLOAD; ILO_FUNDAMENTAL_PRINCIPLES,share_percent,Zähler: erfüllte / abgedeckte Fälle; Nenner: relevante Grundgesamtheit; Wert = Zähler / Nenner * 100.,"AutoScore = ScoreByThreshold(Messwert, Schwellen='≥95:+3; 80–94:+2; 60–79:0; 40–59:‑2; <40:‑3', Polarity='higher_is_better', Archetype='higher_is_better_pct'). BenchmarkScore = ScoreByBenchmark(Messwert, BM, BM_150pct, BM_250pct). FinalScore = MIN(AutoScore, BenchmarkScore, RedLineScore). Tax_Rate = WUStG-Mapping(FinalScore).",≥95:+3; 80–94:+2; 60–79:0; 40–59:‑2; <40:‑3,69.5,100.0,100.0,Nein,"mittel: limited assurance, später reasonable assurance je Relevanz",Quelle + Einheit + Systemgrenze + Zeitraum + Prüfnachweis; bei Datenlücke konservative Default-/Proxylogik markieren,public_research: operationalisierbar; empirische Benchmark-Kalibrierung erforderlich,public research; not official; formula-ready; benchmark calibration required; source mapped; exact disclosure missing
WOK-S-126,S / Soziales,Mensch,Bildung & Kompetenzen,SDG 4 – Bildung,4.4,Weiterbildung & Future Skills,Weiterbildung & Future Skills – Tarifbindung,Beschäftigte unter Kollektivvertrag,%,higher_is_better,higher_is_better_pct,threshold_numeric_and_benchmark,UN_SDG_GOALS; UN_SDG_INDICATORS; UN_SDG_METADATA; EUROSTAT_NACE; EC_CSRD; EFRAG_ESRS_SET1; EFRAG_ESRS_IG; GRI_STANDARDS; GRI_DOWNLOAD; ILO_FUNDAMENTAL_PRINCIPLES,share_percent,Zähler: erfüllte / abgedeckte Fälle; Nenner: relevante Grundgesamtheit; Wert = Zähler / Nenner * 100.,"AutoScore = ScoreByThreshold(Messwert, Schwellen='≥90:+3; 70–89:+2; 50–69:0; 30–49:‑2; <30:‑3', Polarity='higher_is_better', Archetype='higher_is_better_pct'). BenchmarkScore = ScoreByBenchmark(Messwert, BM, BM_150pct, BM_250pct). FinalScore = MIN(AutoScore, BenchmarkScore, RedLineScore). Tax_Rate = WUStG-Mapping(FinalScore).",≥90:+3; 70–89:+2; 50–69:0; 30–49:‑2; <30:‑3,59.5,89.25,100.0,Nein,"mittel: limited assurance, später reasonable assurance je Relevanz",Quelle + Einheit + Systemgrenze + Zeitraum + Prüfnachweis; bei Datenlücke konservative Default-/Proxylogik markieren,public_research: operationalisierbar; empirische Benchmark-Kalibrierung erforderlich,public research; not official; formula-ready; benchmark calibration required; source mapped; exact disclosure missing
WOK-S-127,S / Soziales,Mensch,Bildung & Kompetenzen,SDG 4 – Bildung,4.4,Weiterbildung & Future Skills,Weiterbildung & Future Skills – LTIFR,Arbeitsunfälle pro Mio Stunden,Unfälle/Mio Std.,lower_is_better,near_zero_better,threshold_numeric_and_benchmark,UN_SDG_GOALS; UN_SDG_INDICATORS; UN_SDG_METADATA; EUROSTAT_NACE; EC_CSRD; EFRAG_ESRS_SET1; EFRAG_ESRS_IG; GRI_STANDARDS; GRI_DOWNLOAD; ILO_FUNDAMENTAL_PRINCIPLES,rate_per_million_hours,Zähler: meldepflichtige Arbeitsunfälle mit Ausfallzeit; Nenner: geleistete Arbeitsstunden; Wert = Zähler / Nenner * 1.000.000.,"AutoScore = ScoreByThreshold(Messwert, Schwellen='0:+3; ≤1:+2; ≤3:0; ≤5:‑2; >5:‑3', Polarity='lower_is_better', Archetype='near_zero_better'). BenchmarkScore = ScoreByBenchmark(Messwert, BM, BM_150pct, BM_250pct). FinalScore = MIN(AutoScore, BenchmarkScore, RedLineScore). Tax_Rate = WUStG-Mapping(FinalScore).",0:+3; ≤1:+2; ≤3:0; ≤5:‑2; >5:‑3,3.0,4.5,7.5,Nein,"mittel: limited assurance, später reasonable assurance je Relevanz",Quelle + Einheit + Systemgrenze + Zeitraum + Prüfnachweis; bei Datenlücke konservative Default-/Proxylogik markieren,public_research: operationalisierbar; empirische Benchmark-Kalibrierung erforderlich,public research; not official; formula-ready; benchmark calibration required; source mapped; exact disclosure missing
WOK-S-128,S / Soziales,Mensch,Arbeit & Fairness,SDG 4 – Bildung,4.3,Ausbildungsquote/Praktika,Ausbildungsquote/Praktika – Living Wage,Abdeckung Lebenslohn,% Beschäftigte,higher_is_better,higher_is_better_pct,threshold_numeric_and_benchmark,UN_SDG_GOALS; UN_SDG_INDICATORS; UN_SDG_METADATA; EUROSTAT_NACE; EC_CSRD; EFRAG_ESRS_SET1; EFRAG_ESRS_IG; GRI_STANDARDS; GRI_DOWNLOAD; ILO_FUNDAMENTAL_PRINCIPLES,share_percent,Zähler: erfüllte / abgedeckte Fälle; Nenner: relevante Grundgesamtheit; Wert = Zähler / Nenner * 100.,"AutoScore = ScoreByThreshold(Messwert, Schwellen='≥95:+3; 80–94:+2; 60–79:0; 40–59:‑2; <40:‑3', Polarity='higher_is_better', Archetype='higher_is_better_pct'). BenchmarkScore = ScoreByBenchmark(Messwert, BM, BM_150pct, BM_250pct). FinalScore = MIN(AutoScore, BenchmarkScore, RedLineScore). Tax_Rate = WUStG-Mapping(FinalScore).",≥95:+3; 80–94:+2; 60–79:0; 40–59:‑2; <40:‑3,69.5,100.0,100.0,Nein,"mittel: limited assurance, später reasonable assurance je Relevanz",Quelle + Einheit + Systemgrenze + Zeitraum + Prüfnachweis; bei Datenlücke konservative Default-/Proxylogik markieren,public_research: operationalisierbar; empirische Benchmark-Kalibrierung erforderlich,public research; not official; formula-ready; benchmark calibration required; source mapped; exact disclosure missing
WOK-S-129,S / Soziales,Mensch,Bildung & Kompetenzen,SDG 4 – Bildung,4.3,Ausbildungsquote/Praktika,Ausbildungsquote/Praktika – Tarifbindung,Beschäftigte unter Kollektivvertrag,%,higher_is_better,higher_is_better_pct,threshold_numeric_and_benchmark,UN_SDG_GOALS; UN_SDG_INDICATORS; UN_SDG_METADATA; EUROSTAT_NACE; EC_CSRD; EFRAG_ESRS_SET1; EFRAG_ESRS_IG; GRI_STANDARDS; GRI_DOWNLOAD; ILO_FUNDAMENTAL_PRINCIPLES,share_percent,Zähler: erfüllte / abgedeckte Fälle; Nenner: relevante Grundgesamtheit; Wert = Zähler / Nenner * 100.,"AutoScore = ScoreByThreshold(Messwert, Schwellen='≥90:+3; 70–89:+2; 50–69:0; 30–49:‑2; <30:‑3', Polarity='higher_is_better', Archetype='higher_is_better_pct'). BenchmarkScore = ScoreByBenchmark(Messwert, BM, BM_150pct, BM_250pct). FinalScore = MIN(AutoScore, BenchmarkScore, RedLineScore). Tax_Rate = WUStG-Mapping(FinalScore).",≥90:+3; 70–89:+2; 50–69:0; 30–49:‑2; <30:‑3,59.5,89.25,100.0,Nein,"mittel: limited assurance, später reasonable assurance je Relevanz",Quelle + Einheit + Systemgrenze + Zeitraum + Prüfnachweis; bei Datenlücke konservative Default-/Proxylogik markieren,public_research: operationalisierbar; empirische Benchmark-Kalibrierung erforderlich,public research; not official; formula-ready; benchmark calibration required; source mapped; exact disclosure missing
WOK-S-130,S / Soziales,Mensch,Bildung & Kompetenzen,SDG 4 – Bildung,4.3,Ausbildungsquote/Praktika,Ausbildungsquote/Praktika – LTIFR,Arbeitsunfälle pro Mio Stunden,Unfälle/Mio Std.,lower_is_better,near_zero_better,threshold_numeric_and_benchmark,UN_SDG_GOALS; UN_SDG_INDICATORS; UN_SDG_METADATA; EUROSTAT_NACE; EC_CSRD; EFRAG_ESRS_SET1; EFRAG_ESRS_IG; GRI_STANDARDS; GRI_DOWNLOAD; ILO_FUNDAMENTAL_PRINCIPLES,rate_per_million_hours,Zähler: meldepflichtige Arbeitsunfälle mit Ausfallzeit; Nenner: geleistete Arbeitsstunden; Wert = Zähler / Nenner * 1.000.000.,"AutoScore = ScoreByThreshold(Messwert, Schwellen='0:+3; ≤1:+2; ≤3:0; ≤5:‑2; >5:‑3', Polarity='lower_is_better', Archetype='near_zero_better'). BenchmarkScore = ScoreByBenchmark(Messwert, BM, BM_150pct, BM_250pct). FinalScore = MIN(AutoScore, BenchmarkScore, RedLineScore). Tax_Rate = WUStG-Mapping(FinalScore).",0:+3; ≤1:+2; ≤3:0; ≤5:‑2; >5:‑3,3.0,4.5,7.5,Nein,"mittel: limited assurance, später reasonable assurance je Relevanz",Quelle + Einheit + Systemgrenze + Zeitraum + Prüfnachweis; bei Datenlücke konservative Default-/Proxylogik markieren,public_research: operationalisierbar; empirische Benchmark-Kalibrierung erforderlich,public research; not official; formula-ready; benchmark calibration required; source mapped; exact disclosure missing
WOK-SYS-107,SYS / System,Mensch,Bildung & Kompetenzen,SDG 4 – Bildung,4.7,Open Access / Open Science,Open Access / Open Science – Index,umsatzgewichteter Index (z. B. Demokratie/Rule of Law),0–1,higher_is_better,higher_is_better_abs,threshold_numeric_and_benchmark,UN_SDG_GOALS; UN_SDG_INDICATORS; UN_SDG_METADATA; EUROSTAT_NACE; WJP_RULE_OF_LAW; VDEM; SOCIAL_VALUE_SROI,index_0_1,"Wert = gewichteter Kriterienindex von 0 bis 1; Kriterien, Gewichtung und Nachweis je WÖk-ID offenlegen.","AutoScore = ScoreByThreshold(Messwert, Schwellen='≥0,8:+3; 0,7–0,79:+2; 0,6–0,69:0; 0,5–0,59:‑2; <0,5:‑3', Polarity='higher_is_better', Archetype='higher_is_better_abs'). BenchmarkScore = ScoreByBenchmark(Messwert, BM, BM_150pct, BM_250pct). FinalScore = MIN(AutoScore, BenchmarkScore, RedLineScore). Tax_Rate = WUStG-Mapping(FinalScore).","≥0,8:+3; 0,7–0,79:+2; 0,6–0,69:0; 0,5–0,59:‑2; <0,5:‑3",0.645,0.9675,1.0,Nein,mittel: fachliche Plausibilisierung und Quellenprüfung,Quelle + Einheit + Systemgrenze + Zeitraum + Prüfnachweis; bei Datenlücke konservative Default-/Proxylogik markieren,public_research: operationalisierbar; empirische Benchmark-Kalibrierung erforderlich,public research; not official; formula-ready; benchmark calibration required; source mapped; exact disclosure missing
WOK-SYS-108,SYS / System,Mensch,Bildung & Kompetenzen,SDG 4 – Bildung,4.7,Open Access / Open Science,Open Access / Open Science – Exposure,Umsatz in Hochrisikoländern,%,lower_is_better,lower_is_better_abs,threshold_numeric_and_benchmark,UN_SDG_GOALS; UN_SDG_INDICATORS; UN_SDG_METADATA; EUROSTAT_NACE; SOCIAL_VALUE_SROI,share_percent,Zähler: erfüllte / abgedeckte Fälle; Nenner: relevante Grundgesamtheit; Wert = Zähler / Nenner * 100.,"AutoScore = ScoreByThreshold(Messwert, Schwellen='≤5:+3; 6–10:+2; 11–20:0; 21–30:‑2; >30:‑3', Polarity='lower_is_better', Archetype='lower_is_better_abs'). BenchmarkScore = ScoreByBenchmark(Messwert, BM, BM_150pct, BM_250pct). FinalScore = MIN(AutoScore, BenchmarkScore, RedLineScore). Tax_Rate = WUStG-Mapping(FinalScore).",≤5:+3; 6–10:+2; 11–20:0; 21–30:‑2; >30:‑3,15.5,23.25,38.75,Nein,mittel: fachliche Plausibilisierung und Quellenprüfung,Quelle + Einheit + Systemgrenze + Zeitraum + Prüfnachweis; bei Datenlücke konservative Default-/Proxylogik markieren,public_research: operationalisierbar; empirische Benchmark-Kalibrierung erforderlich,public research; not official; formula-ready; benchmark calibration required; source mapped; exact disclosure missing
WOK-SYS-109,SYS / System,Mensch,Bildung & Kompetenzen,SDG 4 – Bildung,4.7,Open Access / Open Science,Open Access / Open Science – Kooperationen,"aktive, evaluierte Partnerschaften/Jahr",#/Jahr,higher_is_better,higher_is_better_abs,threshold_numeric_and_benchmark,UN_SDG_GOALS; UN_SDG_INDICATORS; UN_SDG_METADATA; EUROSTAT_NACE; WJP_RULE_OF_LAW; VDEM; SOCIAL_VALUE_SROI,indicator_specific,"Wert gemäß definierter Messgröße; Zähler, Nenner, Einheit, Systemgrenze und Zeitraum je WÖk-ID dokumentieren.","AutoScore = ScoreByThreshold(Messwert, Schwellen='≥5:+3; 3–4:+2; 1–2:0; 0:‑2', Polarity='higher_is_better', Archetype='higher_is_better_abs'). BenchmarkScore = ScoreByBenchmark(Messwert, BM, BM_150pct, BM_250pct). FinalScore = MIN(AutoScore, BenchmarkScore, RedLineScore). Tax_Rate = WUStG-Mapping(FinalScore).",≥5:+3; 3–4:+2; 1–2:0; 0:‑2,1.5,2.25,3.75,Nein,mittel: fachliche Plausibilisierung und Quellenprüfung,Quelle + Einheit + Systemgrenze + Zeitraum + Prüfnachweis; bei Datenlücke konservative Default-/Proxylogik markieren,public_research: operationalisierbar; empirische Benchmark-Kalibrierung erforderlich,public research; not official; formula-ready; benchmark calibration required; source mapped; exact disclosure missing
WOK-G-116,G / Governance,Mensch,Bildung & Kompetenzen,SDG 4 – Bildung,4.5,Gleichberechtigter Zugang,Gleichberechtigter Zugang – Antikorruption,Bestätigte Fälle/1.000 FTE,Fälle/1.000 FTE,lower_is_better,near_zero_better,threshold_numeric_and_benchmark,UN_SDG_GOALS; UN_SDG_INDICATORS; UN_SDG_METADATA; EUROSTAT_NACE; EC_CSRD; EFRAG_ESRS_SET1; EFRAG_ESRS_IG; GRI_STANDARDS; GRI_DOWNLOAD; OECD_ANTI_BRIBERY,lower_is_better_metric,"Wert = gemessene Belastung, Risiko- oder Intensitätskennzahl je funktionaler Einheit; niedriger ist besser.","AutoScore = ScoreByThreshold(Messwert, Schwellen='0:+3; ≤0,2:+2; ≤0,5:0; ≤1:‑2; >1:‑3', Polarity='lower_is_better', Archetype='near_zero_better'). BenchmarkScore = ScoreByBenchmark(Messwert, BM, BM_150pct, BM_250pct). FinalScore = MIN(AutoScore, BenchmarkScore, RedLineScore). Tax_Rate = WUStG-Mapping(FinalScore).","0:+3; ≤0,2:+2; ≤0,5:0; ≤1:‑2; >1:‑3",0.5,0.75,1.25,Ja,hoch: externe Prüfung / reasonable assurance für kritische Risiken,Quelle + Einheit + Systemgrenze + Zeitraum + Prüfnachweis; bei Datenlücke konservative Default-/Proxylogik markieren,public_research: operationalisierbar; empirische Benchmark-Kalibrierung erforderlich,public research; not official; formula-ready; benchmark calibration required; red line; source mapped; exact disclosure missing
WOK-G-117,G / Governance,Mensch,Bildung & Kompetenzen,SDG 4 – Bildung,4.5,Gleichberechtigter Zugang,Gleichberechtigter Zugang – Whistleblowing,Wirksamkeits‑Score,0–1,higher_is_better,higher_is_better_abs,threshold_numeric_and_benchmark,UN_SDG_GOALS; UN_SDG_INDICATORS; UN_SDG_METADATA; EUROSTAT_NACE; EC_CSRD; EFRAG_ESRS_SET1; EFRAG_ESRS_IG; GRI_STANDARDS; GRI_DOWNLOAD; OECD_ANTI_BRIBERY,index_0_1,"Wert = gewichteter Kriterienindex von 0 bis 1; Kriterien, Gewichtung und Nachweis je WÖk-ID offenlegen.","AutoScore = ScoreByThreshold(Messwert, Schwellen='≥0,9:+3; 0,75–0,89:+2; 0,6–0,74:0; 0,4–0,59:‑2; <0,4:‑3', Polarity='higher_is_better', Archetype='higher_is_better_abs'). BenchmarkScore = ScoreByBenchmark(Messwert, BM, BM_150pct, BM_250pct). FinalScore = MIN(AutoScore, BenchmarkScore, RedLineScore). Tax_Rate = WUStG-Mapping(FinalScore).","≥0,9:+3; 0,75–0,89:+2; 0,6–0,74:0; 0,4–0,59:‑2; <0,4:‑3",0.6699999999999999,1.0,1.0,Ja,hoch: externe Prüfung / reasonable assurance für kritische Risiken,Quelle + Einheit + Systemgrenze + Zeitraum + Prüfnachweis; bei Datenlücke konservative Default-/Proxylogik markieren,public_research: operationalisierbar; empirische Benchmark-Kalibrierung erforderlich,public research; not official; formula-ready; benchmark calibration required; red line; source mapped; exact disclosure missing
WOK-G-118,G / Governance,Mensch,Bildung & Kompetenzen,SDG 4 – Bildung,4.5,Gleichberechtigter Zugang,Gleichberechtigter Zugang – Steuertransparenz,CbCR‑Offenlegung,0–1,higher_is_better,higher_is_better_abs,qualitative_ordinal,UN_SDG_GOALS; UN_SDG_INDICATORS; UN_SDG_METADATA; EUROSTAT_NACE; EC_CSRD; EFRAG_ESRS_SET1; EFRAG_ESRS_IG; GRI_STANDARDS; GRI_DOWNLOAD; OECD_ANTI_BRIBERY,index_0_1,"Wert = gewichteter Kriterienindex von 0 bis 1; Kriterien, Gewichtung und Nachweis je WÖk-ID offenlegen.","AutoScore = ScoreByThreshold(Messwert, Schwellen='vollständig:+3; teilweise:+2; minimal:0; schlecht:‑2', Polarity='higher_is_better', Archetype='higher_is_better_abs'). BenchmarkScore = ScoreByBenchmark(Messwert, BM, BM_150pct, BM_250pct). FinalScore = MIN(AutoScore, BenchmarkScore, RedLineScore). Tax_Rate = WUStG-Mapping(FinalScore).",vollständig:+3; teilweise:+2; minimal:0; schlecht:‑2,0.5,0.75,0.9,Ja,hoch: externe Prüfung / reasonable assurance für kritische Risiken,Quelle + Einheit + Systemgrenze + Zeitraum + Prüfnachweis; bei Datenlücke konservative Default-/Proxylogik markieren,public_research: operationalisierbar; empirische Benchmark-Kalibrierung erforderlich,public research; not official; formula-ready; qualitative review required; red line; source mapped; exact disclosure missing
WOK-RE-104,RE / Real Estate,Mensch,Bildung & Kompetenzen,SDG 4 – Bildung,4.a,Lernorte & Infrastruktur,Lernorte & Infrastruktur – Betriebsenergie,Endenergiebedarf,kWh/m²a,lower_is_better,lower_is_better_abs,benchmark_relative_calibration_required,UN_SDG_GOALS; UN_SDG_INDICATORS; UN_SDG_METADATA; EUROSTAT_NACE; EC_CSRD; EFRAG_ESRS_SET1; EFRAG_ESRS_IG; ISO_50001; ISO_IEC_30134; EU_EPBD; EN_15978,lower_is_better_metric,"Wert = gemessene Belastung, Risiko- oder Intensitätskennzahl je funktionaler Einheit; niedriger ist besser.","AutoScore = ScoreByThreshold(Messwert, Schwellen='Top 15%:+3; +15–30%:+2; +31–60%:0; >+60%:‑2/‑3', Polarity='lower_is_better', Archetype='lower_is_better_abs'). BenchmarkScore = ScoreByBenchmark(Messwert, BM, BM_150pct, BM_250pct). FinalScore = MIN(AutoScore, BenchmarkScore, RedLineScore). Tax_Rate = WUStG-Mapping(FinalScore).",Top 15%:+3; +15–30%:+2; +31–60%:0; >+60%:‑2/‑3,1.0,1.5,2.5,Nein,"mittel: limited assurance, später reasonable assurance je Relevanz",Quelle + Einheit + Systemgrenze + Zeitraum + Prüfnachweis; bei Datenlücke konservative Default-/Proxylogik markieren,public_research: operationalisierbar; empirische Benchmark-Kalibrierung erforderlich,public research; not official; formula-ready; benchmark calibration required; source mapped; exact disclosure missing
WOK-RE-105,RE / Real Estate,Mensch,Bildung & Kompetenzen,SDG 4 – Bildung,4.a,Lernorte & Infrastruktur,Lernorte & Infrastruktur – Graue Emissionen,Embodied Carbon (A1–A3),kg CO₂e/m²,lower_is_better,lower_is_better_abs,benchmark_relative_calibration_required,UN_SDG_GOALS; UN_SDG_INDICATORS; UN_SDG_METADATA; EUROSTAT_NACE; EC_CSRD; EFRAG_ESRS_SET1; EFRAG_ESRS_IG; GHG_PROTOCOL_SCOPE3; GHG_PROTOCOL_PRODUCT; ISO_14064; ISO_14067; EN_15978,emission_intensity,"Wert = THG-Emissionen in CO₂e je funktionaler Einheit, Produktmenge, Umsatz oder Aktivität; Systemgrenze offenlegen.","AutoScore = ScoreByThreshold(Messwert, Schwellen='Top‑10%:+3; Mittel:0; >150%:‑2; >250%:‑3', Polarity='lower_is_better', Archetype='lower_is_better_abs'). BenchmarkScore = ScoreByBenchmark(Messwert, BM, BM_150pct, BM_250pct). FinalScore = MIN(AutoScore, BenchmarkScore, RedLineScore). Tax_Rate = WUStG-Mapping(FinalScore).",Top‑10%:+3; Mittel:0; >150%:‑2; >250%:‑3,1.0,1.5,2.5,Nein,"mittel: limited assurance, später reasonable assurance je Relevanz",Quelle + Einheit + Systemgrenze + Zeitraum + Prüfnachweis; bei Datenlücke konservative Default-/Proxylogik markieren,public_research: operationalisierbar; empirische Benchmark-Kalibrierung erforderlich,public research; not official; formula-ready; benchmark calibration required; source mapped; exact disclosure missing
WOK-RE-106,RE / Real Estate,Mensch,Bildung & Kompetenzen,SDG 4 – Bildung,4.a,Lernorte & Infrastruktur,Lernorte & Infrastruktur – ÖPNV‑Erreichbarkeit,Transit‑Score,0–1,higher_is_better,higher_is_better_abs,threshold_numeric_and_benchmark,UN_SDG_GOALS; UN_SDG_INDICATORS; UN_SDG_METADATA; EUROSTAT_NACE,index_0_1,"Wert = gewichteter Kriterienindex von 0 bis 1; Kriterien, Gewichtung und Nachweis je WÖk-ID offenlegen.","AutoScore = ScoreByThreshold(Messwert, Schwellen='≥0,8:+3; 0,6–0,79:+2; 0,4–0,59:0; 0,2–0,39:‑2; <0,2:‑3', Polarity='higher_is_better', Archetype='higher_is_better_abs'). BenchmarkScore = ScoreByBenchmark(Messwert, BM, BM_150pct, BM_250pct). FinalScore = MIN(AutoScore, BenchmarkScore, RedLineScore). Tax_Rate = WUStG-Mapping(FinalScore).","≥0,8:+3; 0,6–0,79:+2; 0,4–0,59:0; 0,2–0,39:‑2; <0,2:‑3",0.495,0.7424999999999999,1.0,Nein,mittel: fachliche Plausibilisierung und Quellenprüfung,Quelle + Einheit + Systemgrenze + Zeitraum + Prüfnachweis; bei Datenlücke konservative Default-/Proxylogik markieren,public_research: operationalisierbar; empirische Benchmark-Kalibrierung erforderlich,public research; not official; formula-ready; benchmark calibration required; source mapped; exact disclosure missing
WOK-P-107,P / Produkt,Mensch,Bildung & Kompetenzen,SDG 4 – Bildung,4.1,Bildungs‑Produkte (Safety/Accessibility),Bildungs‑Produkte (Safety/Accessibility) – PCF,CO₂‑Fußabdruck pro Einheit,kg CO₂e/Einheit,lower_is_better,lower_is_better_abs,benchmark_relative_calibration_required,UN_SDG_GOALS; UN_SDG_INDICATORS; UN_SDG_METADATA; EUROSTAT_NACE; EC_CSRD; EFRAG_ESRS_SET1; EFRAG_ESRS_IG; GRI_STANDARDS; GRI_DOWNLOAD; ISO_14067; GHG_PROTOCOL_PRODUCT; EU_WEEE; GERMANY_VERPACKG; PEF_EU,emission_intensity,"Wert = THG-Emissionen in CO₂e je funktionaler Einheit, Produktmenge, Umsatz oder Aktivität; Systemgrenze offenlegen.","AutoScore = ScoreByThreshold(Messwert, Schwellen='Top‑10%:+3; ±Benchmark:0; >150%:‑2; >250%:‑3', Polarity='lower_is_better', Archetype='lower_is_better_abs'). BenchmarkScore = ScoreByBenchmark(Messwert, BM, BM_150pct, BM_250pct). FinalScore = MIN(AutoScore, BenchmarkScore, RedLineScore). Tax_Rate = WUStG-Mapping(FinalScore).",Top‑10%:+3; ±Benchmark:0; >150%:‑2; >250%:‑3,1.0,1.5,2.5,Nein,"mittel: limited assurance, später reasonable assurance je Relevanz",Quelle + Einheit + Systemgrenze + Zeitraum + Prüfnachweis; bei Datenlücke konservative Default-/Proxylogik markieren,public_research: operationalisierbar; empirische Benchmark-Kalibrierung erforderlich,public research; not official; formula-ready; benchmark calibration required; source mapped; exact disclosure missing
WOK-P-108,P / Produkt,Mensch,Bildung & Kompetenzen,SDG 4 – Bildung,4.1,Bildungs‑Produkte (Safety/Accessibility),Bildungs‑Produkte (Safety/Accessibility) – Reparierbarkeit,Reparierbarkeitsindex,Score 0–10,higher_is_better,higher_is_better_score,threshold_numeric_and_benchmark,UN_SDG_GOALS; UN_SDG_INDICATORS; UN_SDG_METADATA; EUROSTAT_NACE; ISO_14067; GHG_PROTOCOL_PRODUCT; PEF_EU,index_0_1,"Wert = gewichteter Kriterienindex von 0 bis 1; Kriterien, Gewichtung und Nachweis je WÖk-ID offenlegen.","AutoScore = ScoreByThreshold(Messwert, Schwellen='≥8:+3; 6–7,9:+2; 4–5,9:0; 2–3,9:‑2; <2:‑3', Polarity='higher_is_better', Archetype='higher_is_better_score'). BenchmarkScore = ScoreByBenchmark(Messwert, BM, BM_150pct, BM_250pct). FinalScore = MIN(AutoScore, BenchmarkScore, RedLineScore). Tax_Rate = WUStG-Mapping(FinalScore).","≥8:+3; 6–7,9:+2; 4–5,9:0; 2–3,9:‑2; <2:‑3",4.95,1.0,1.0,Nein,"mittel: limited assurance, später reasonable assurance je Relevanz",Quelle + Einheit + Systemgrenze + Zeitraum + Prüfnachweis; bei Datenlücke konservative Default-/Proxylogik markieren,public_research: operationalisierbar; empirische Benchmark-Kalibrierung erforderlich,public research; not official; formula-ready; benchmark calibration required; source mapped; exact disclosure missing
WOK-P-109,P / Produkt,Mensch,Ressourcen & Kreislauf,SDG 4 – Bildung,4.1,Bildungs‑Produkte (Safety/Accessibility),Bildungs‑Produkte (Safety/Accessibility) – Rücknahme/Recycling,Rücknahme‑/Recyclingquote,%,higher_is_better,higher_is_better_pct,threshold_numeric_and_benchmark,UN_SDG_GOALS; UN_SDG_INDICATORS; UN_SDG_METADATA; EUROSTAT_NACE; EC_CSRD; EFRAG_ESRS_SET1; EFRAG_ESRS_IG; GRI_STANDARDS; GRI_DOWNLOAD; EU_WEEE; GERMANY_VERPACKG,share_percent,Zähler: erfüllte / abgedeckte Fälle; Nenner: relevante Grundgesamtheit; Wert = Zähler / Nenner * 100.,"AutoScore = ScoreByThreshold(Messwert, Schwellen='≥70:+3; 50–69:+2; 30–49:0; 15–29:‑2; <15:‑3', Polarity='higher_is_better', Archetype='higher_is_better_pct'). BenchmarkScore = ScoreByBenchmark(Messwert, BM, BM_150pct, BM_250pct). FinalScore = MIN(AutoScore, BenchmarkScore, RedLineScore). Tax_Rate = WUStG-Mapping(FinalScore).",≥70:+3; 50–69:+2; 30–49:0; 15–29:‑2; <15:‑3,39.5,59.25,98.75,Nein,"mittel: limited assurance, später reasonable assurance je Relevanz",Quelle + Einheit + Systemgrenze + Zeitraum + Prüfnachweis; bei Datenlücke konservative Default-/Proxylogik markieren,public_research: operationalisierbar; empirische Benchmark-Kalibrierung erforderlich,public research; not official; formula-ready; benchmark calibration required; source mapped; exact disclosure missing
WOK-SYS-110,SYS / System,Mensch,Bildung & Kompetenzen,SDG 4 – Bildung,4.7,Bildungspartnerschaften,Bildungspartnerschaften – Index,umsatzgewichteter Index (z. B. Demokratie/Rule of Law),0–1,higher_is_better,higher_is_better_abs,threshold_numeric_and_benchmark,UN_SDG_GOALS; UN_SDG_INDICATORS; UN_SDG_METADATA; EUROSTAT_NACE; WJP_RULE_OF_LAW; VDEM; SOCIAL_VALUE_SROI,index_0_1,"Wert = gewichteter Kriterienindex von 0 bis 1; Kriterien, Gewichtung und Nachweis je WÖk-ID offenlegen.","AutoScore = ScoreByThreshold(Messwert, Schwellen='≥0,8:+3; 0,7–0,79:+2; 0,6–0,69:0; 0,5–0,59:‑2; <0,5:‑3', Polarity='higher_is_better', Archetype='higher_is_better_abs'). BenchmarkScore = ScoreByBenchmark(Messwert, BM, BM_150pct, BM_250pct). FinalScore = MIN(AutoScore, BenchmarkScore, RedLineScore). Tax_Rate = WUStG-Mapping(FinalScore).","≥0,8:+3; 0,7–0,79:+2; 0,6–0,69:0; 0,5–0,59:‑2; <0,5:‑3",0.645,0.9675,1.0,Nein,mittel: fachliche Plausibilisierung und Quellenprüfung,Quelle + Einheit + Systemgrenze + Zeitraum + Prüfnachweis; bei Datenlücke konservative Default-/Proxylogik markieren,public_research: operationalisierbar; empirische Benchmark-Kalibrierung erforderlich,public research; not official; formula-ready; benchmark calibration required; source mapped; exact disclosure missing
WOK-SYS-111,SYS / System,Mensch,Bildung & Kompetenzen,SDG 4 – Bildung,4.7,Bildungspartnerschaften,Bildungspartnerschaften – Exposure,Umsatz in Hochrisikoländern,%,lower_is_better,lower_is_better_abs,threshold_numeric_and_benchmark,UN_SDG_GOALS; UN_SDG_INDICATORS; UN_SDG_METADATA; EUROSTAT_NACE; WJP_RULE_OF_LAW; VDEM; SOCIAL_VALUE_SROI,share_percent,Zähler: erfüllte / abgedeckte Fälle; Nenner: relevante Grundgesamtheit; Wert = Zähler / Nenner * 100.,"AutoScore = ScoreByThreshold(Messwert, Schwellen='≤5:+3; 6–10:+2; 11–20:0; 21–30:‑2; >30:‑3', Polarity='lower_is_better', Archetype='lower_is_better_abs'). BenchmarkScore = ScoreByBenchmark(Messwert, BM, BM_150pct, BM_250pct). FinalScore = MIN(AutoScore, BenchmarkScore, RedLineScore). Tax_Rate = WUStG-Mapping(FinalScore).",≤5:+3; 6–10:+2; 11–20:0; 21–30:‑2; >30:‑3,15.5,23.25,38.75,Nein,mittel: fachliche Plausibilisierung und Quellenprüfung,Quelle + Einheit + Systemgrenze + Zeitraum + Prüfnachweis; bei Datenlücke konservative Default-/Proxylogik markieren,public_research: operationalisierbar; empirische Benchmark-Kalibrierung erforderlich,public research; not official; formula-ready; benchmark calibration required; source mapped; exact disclosure missing
WOK-SYS-112,SYS / System,Mensch,Bildung & Kompetenzen,SDG 4 – Bildung,4.7,Bildungspartnerschaften,Bildungspartnerschaften – Kooperationen,"aktive, evaluierte Partnerschaften/Jahr",#/Jahr,higher_is_better,higher_is_better_abs,threshold_numeric_and_benchmark,UN_SDG_GOALS; UN_SDG_INDICATORS; UN_SDG_METADATA; EUROSTAT_NACE; WJP_RULE_OF_LAW; VDEM; SOCIAL_VALUE_SROI,indicator_specific,"Wert gemäß definierter Messgröße; Zähler, Nenner, Einheit, Systemgrenze und Zeitraum je WÖk-ID dokumentieren.","AutoScore = ScoreByThreshold(Messwert, Schwellen='≥5:+3; 3–4:+2; 1–2:0; 0:‑2', Polarity='higher_is_better', Archetype='higher_is_better_abs'). BenchmarkScore = ScoreByBenchmark(Messwert, BM, BM_150pct, BM_250pct). FinalScore = MIN(AutoScore, BenchmarkScore, RedLineScore). Tax_Rate = WUStG-Mapping(FinalScore).",≥5:+3; 3–4:+2; 1–2:0; 0:‑2,1.5,2.25,3.75,Nein,mittel: fachliche Plausibilisierung und Quellenprüfung,Quelle + Einheit + Systemgrenze + Zeitraum + Prüfnachweis; bei Datenlücke konservative Default-/Proxylogik markieren,public_research: operationalisierbar; empirische Benchmark-Kalibrierung erforderlich,public research; not official; formula-ready; benchmark calibration required; source mapped; exact disclosure missing
WOK-S-131,S / Soziales,Mensch,Arbeit & Fairness,SDG 4 – Bildung,4.4,Digital Literacy Training,Digital Literacy Training – Living Wage,Abdeckung Lebenslohn,% Beschäftigte,higher_is_better,higher_is_better_pct,threshold_numeric_and_benchmark,UN_SDG_GOALS; UN_SDG_INDICATORS; UN_SDG_METADATA; EUROSTAT_NACE; EC_CSRD; EFRAG_ESRS_SET1; EFRAG_ESRS_IG; GRI_STANDARDS; GRI_DOWNLOAD; ILO_FUNDAMENTAL_PRINCIPLES,share_percent,Zähler: erfüllte / abgedeckte Fälle; Nenner: relevante Grundgesamtheit; Wert = Zähler / Nenner * 100.,"AutoScore = ScoreByThreshold(Messwert, Schwellen='≥95:+3; 80–94:+2; 60–79:0; 40–59:‑2; <40:‑3', Polarity='higher_is_better', Archetype='higher_is_better_pct'). BenchmarkScore = ScoreByBenchmark(Messwert, BM, BM_150pct, BM_250pct). FinalScore = MIN(AutoScore, BenchmarkScore, RedLineScore). Tax_Rate = WUStG-Mapping(FinalScore).",≥95:+3; 80–94:+2; 60–79:0; 40–59:‑2; <40:‑3,69.5,100.0,100.0,Nein,"mittel: limited assurance, später reasonable assurance je Relevanz",Quelle + Einheit + Systemgrenze + Zeitraum + Prüfnachweis; bei Datenlücke konservative Default-/Proxylogik markieren,public_research: operationalisierbar; empirische Benchmark-Kalibrierung erforderlich,public research; not official; formula-ready; benchmark calibration required; source mapped; exact disclosure missing
WOK-S-132,S / Soziales,Mensch,Bildung & Kompetenzen,SDG 4 – Bildung,4.4,Digital Literacy Training,Digital Literacy Training – Tarifbindung,Beschäftigte unter Kollektivvertrag,%,higher_is_better,higher_is_better_pct,threshold_numeric_and_benchmark,UN_SDG_GOALS; UN_SDG_INDICATORS; UN_SDG_METADATA; EUROSTAT_NACE; EC_CSRD; EFRAG_ESRS_SET1; EFRAG_ESRS_IG; GRI_STANDARDS; GRI_DOWNLOAD; ILO_FUNDAMENTAL_PRINCIPLES,share_percent,Zähler: erfüllte / abgedeckte Fälle; Nenner: relevante Grundgesamtheit; Wert = Zähler / Nenner * 100.,"AutoScore = ScoreByThreshold(Messwert, Schwellen='≥90:+3; 70–89:+2; 50–69:0; 30–49:‑2; <30:‑3', Polarity='higher_is_better', Archetype='higher_is_better_pct'). BenchmarkScore = ScoreByBenchmark(Messwert, BM, BM_150pct, BM_250pct). FinalScore = MIN(AutoScore, BenchmarkScore, RedLineScore). Tax_Rate = WUStG-Mapping(FinalScore).",≥90:+3; 70–89:+2; 50–69:0; 30–49:‑2; <30:‑3,59.5,89.25,100.0,Nein,"mittel: limited assurance, später reasonable assurance je Relevanz",Quelle + Einheit + Systemgrenze + Zeitraum + Prüfnachweis; bei Datenlücke konservative Default-/Proxylogik markieren,public_research: operationalisierbar; empirische Benchmark-Kalibrierung erforderlich,public research; not official; formula-ready; benchmark calibration required; source mapped; exact disclosure missing
WOK-S-133,S / Soziales,Mensch,Bildung & Kompetenzen,SDG 4 – Bildung,4.4,Digital Literacy Training,Digital Literacy Training – LTIFR,Arbeitsunfälle pro Mio Stunden,Unfälle/Mio Std.,lower_is_better,near_zero_better,threshold_numeric_and_benchmark,UN_SDG_GOALS; UN_SDG_INDICATORS; UN_SDG_METADATA; EUROSTAT_NACE; EC_CSRD; EFRAG_ESRS_SET1; EFRAG_ESRS_IG; GRI_STANDARDS; GRI_DOWNLOAD; ILO_FUNDAMENTAL_PRINCIPLES,rate_per_million_hours,Zähler: meldepflichtige Arbeitsunfälle mit Ausfallzeit; Nenner: geleistete Arbeitsstunden; Wert = Zähler / Nenner * 1.000.000.,"AutoScore = ScoreByThreshold(Messwert, Schwellen='0:+3; ≤1:+2; ≤3:0; ≤5:‑2; >5:‑3', Polarity='lower_is_better', Archetype='near_zero_better'). BenchmarkScore = ScoreByBenchmark(Messwert, BM, BM_150pct, BM_250pct). FinalScore = MIN(AutoScore, BenchmarkScore, RedLineScore). Tax_Rate = WUStG-Mapping(FinalScore).",0:+3; ≤1:+2; ≤3:0; ≤5:‑2; >5:‑3,3.0,4.5,7.5,Nein,"mittel: limited assurance, später reasonable assurance je Relevanz",Quelle + Einheit + Systemgrenze + Zeitraum + Prüfnachweis; bei Datenlücke konservative Default-/Proxylogik markieren,public_research: operationalisierbar; empirische Benchmark-Kalibrierung erforderlich,public research; not official; formula-ready; benchmark calibration required; source mapped; exact disclosure missing
WOK-G-119,G / Governance,Mensch,Bildung & Kompetenzen,SDG 4 – Bildung,4.7,Academic Integrity,Academic Integrity – Antikorruption,Bestätigte Fälle/1.000 FTE,Fälle/1.000 FTE,lower_is_better,near_zero_better,threshold_numeric_and_benchmark,UN_SDG_GOALS; UN_SDG_INDICATORS; UN_SDG_METADATA; EUROSTAT_NACE; EC_CSRD; EFRAG_ESRS_SET1; EFRAG_ESRS_IG; GRI_STANDARDS; GRI_DOWNLOAD; OECD_ANTI_BRIBERY,lower_is_better_metric,"Wert = gemessene Belastung, Risiko- oder Intensitätskennzahl je funktionaler Einheit; niedriger ist besser.","AutoScore = ScoreByThreshold(Messwert, Schwellen='0:+3; ≤0,2:+2; ≤0,5:0; ≤1:‑2; >1:‑3', Polarity='lower_is_better', Archetype='near_zero_better'). BenchmarkScore = ScoreByBenchmark(Messwert, BM, BM_150pct, BM_250pct). FinalScore = MIN(AutoScore, BenchmarkScore, RedLineScore). Tax_Rate = WUStG-Mapping(FinalScore).","0:+3; ≤0,2:+2; ≤0,5:0; ≤1:‑2; >1:‑3",0.5,0.75,1.25,Ja,hoch: externe Prüfung / reasonable assurance für kritische Risiken,Quelle + Einheit + Systemgrenze + Zeitraum + Prüfnachweis; bei Datenlücke konservative Default-/Proxylogik markieren,public_research: operationalisierbar; empirische Benchmark-Kalibrierung erforderlich,public research; not official; formula-ready; benchmark calibration required; red line; source mapped; exact disclosure missing
WOK-G-120,G / Governance,Mensch,Bildung & Kompetenzen,SDG 4 – Bildung,4.7,Academic Integrity,Academic Integrity – Whistleblowing,Wirksamkeits‑Score,0–1,higher_is_better,higher_is_better_abs,threshold_numeric_and_benchmark,UN_SDG_GOALS; UN_SDG_INDICATORS; UN_SDG_METADATA; EUROSTAT_NACE; EC_CSRD; EFRAG_ESRS_SET1; EFRAG_ESRS_IG; GRI_STANDARDS; GRI_DOWNLOAD; OECD_ANTI_BRIBERY,index_0_1,"Wert = gewichteter Kriterienindex von 0 bis 1; Kriterien, Gewichtung und Nachweis je WÖk-ID offenlegen.","AutoScore = ScoreByThreshold(Messwert, Schwellen='≥0,9:+3; 0,75–0,89:+2; 0,6–0,74:0; 0,4–0,59:‑2; <0,4:‑3', Polarity='higher_is_better', Archetype='higher_is_better_abs'). BenchmarkScore = ScoreByBenchmark(Messwert, BM, BM_150pct, BM_250pct). FinalScore = MIN(AutoScore, BenchmarkScore, RedLineScore). Tax_Rate = WUStG-Mapping(FinalScore).","≥0,9:+3; 0,75–0,89:+2; 0,6–0,74:0; 0,4–0,59:‑2; <0,4:‑3",0.6699999999999999,1.0,1.0,Ja,hoch: externe Prüfung / reasonable assurance für kritische Risiken,Quelle + Einheit + Systemgrenze + Zeitraum + Prüfnachweis; bei Datenlücke konservative Default-/Proxylogik markieren,public_research: operationalisierbar; empirische Benchmark-Kalibrierung erforderlich,public research; not official; formula-ready; benchmark calibration required; red line; source mapped; exact disclosure missing
WOK-G-121,G / Governance,Mensch,Bildung & Kompetenzen,SDG 4 – Bildung,4.7,Academic Integrity,Academic Integrity – Steuertransparenz,CbCR‑Offenlegung,0–1,higher_is_better,higher_is_better_abs,qualitative_ordinal,UN_SDG_GOALS; UN_SDG_INDICATORS; UN_SDG_METADATA; EUROSTAT_NACE; EC_CSRD; EFRAG_ESRS_SET1; EFRAG_ESRS_IG; GRI_STANDARDS; GRI_DOWNLOAD; OECD_ANTI_BRIBERY,index_0_1,"Wert = gewichteter Kriterienindex von 0 bis 1; Kriterien, Gewichtung und Nachweis je WÖk-ID offenlegen.","AutoScore = ScoreByThreshold(Messwert, Schwellen='vollständig:+3; teilweise:+2; minimal:0; schlecht:‑2', Polarity='higher_is_better', Archetype='higher_is_better_abs'). BenchmarkScore = ScoreByBenchmark(Messwert, BM, BM_150pct, BM_250pct). FinalScore = MIN(AutoScore, BenchmarkScore, RedLineScore). Tax_Rate = WUStG-Mapping(FinalScore).",vollständig:+3; teilweise:+2; minimal:0; schlecht:‑2,0.5,0.75,0.9,Ja,hoch: externe Prüfung / reasonable assurance für kritische Risiken,Quelle + Einheit + Systemgrenze + Zeitraum + Prüfnachweis; bei Datenlücke konservative Default-/Proxylogik markieren,public_research: operationalisierbar; empirische Benchmark-Kalibrierung erforderlich,public research; not official; formula-ready; qualitative review required; red line; source mapped; exact disclosure missing
WOK-S-134,S / Soziales,Mensch,Querschnitt,SDG 5 – Gleichstellung,5.1,Gender Pay Gap,Gender Pay Gap – Gender Pay Gap,Bereinigter Lohnunterschied,%,lower_is_better,lower_is_better_abs,threshold_numeric_and_benchmark,UN_SDG_GOALS; UN_SDG_INDICATORS; UN_SDG_METADATA; EUROSTAT_NACE; EC_CSRD; EFRAG_ESRS_SET1; EFRAG_ESRS_IG; GRI_STANDARDS; GRI_DOWNLOAD; ILO_FUNDAMENTAL_PRINCIPLES,share_percent,Zähler: erfüllte / abgedeckte Fälle; Nenner: relevante Grundgesamtheit; Wert = Zähler / Nenner * 100.,"AutoScore = ScoreByThreshold(Messwert, Schwellen='≤2:+3; ≤5:+2; ≤8:0; >8:‑2/‑3', Polarity='lower_is_better', Archetype='lower_is_better_abs'). BenchmarkScore = ScoreByBenchmark(Messwert, BM, BM_150pct, BM_250pct). FinalScore = MIN(AutoScore, BenchmarkScore, RedLineScore). Tax_Rate = WUStG-Mapping(FinalScore).",≤2:+3; ≤5:+2; ≤8:0; >8:‑2/‑3,8.0,12.0,20.0,Nein,"mittel: limited assurance, später reasonable assurance je Relevanz",Quelle + Einheit + Systemgrenze + Zeitraum + Prüfnachweis; bei Datenlücke konservative Default-/Proxylogik markieren,public_research: operationalisierbar; empirische Benchmark-Kalibrierung erforderlich,public research; not official; formula-ready; benchmark calibration required; source mapped; exact disclosure missing
WOK-S-135,S / Soziales,Mensch,Querschnitt,SDG 5 – Gleichstellung,5.1,Gender Pay Gap,Gender Pay Gap – Führung Diversität,Frauenanteil Leitungsorgane,%,higher_is_better,higher_is_better_pct,threshold_numeric_and_benchmark,UN_SDG_GOALS; UN_SDG_INDICATORS; UN_SDG_METADATA; EUROSTAT_NACE; EC_CSRD; EFRAG_ESRS_SET1; EFRAG_ESRS_IG; GRI_STANDARDS; GRI_DOWNLOAD,share_percent,Zähler: erfüllte / abgedeckte Fälle; Nenner: relevante Grundgesamtheit; Wert = Zähler / Nenner * 100.,"AutoScore = ScoreByThreshold(Messwert, Schwellen='≥50:+3; ≥40:+2; ≥30:0; <30:‑2/‑3', Polarity='higher_is_better', Archetype='higher_is_better_pct'). BenchmarkScore = ScoreByBenchmark(Messwert, BM, BM_150pct, BM_250pct). FinalScore = MIN(AutoScore, BenchmarkScore, RedLineScore). Tax_Rate = WUStG-Mapping(FinalScore).",≥50:+3; ≥40:+2; ≥30:0; <30:‑2/‑3,30.0,45.0,75.0,Nein,"mittel: limited assurance, später reasonable assurance je Relevanz",Quelle + Einheit + Systemgrenze + Zeitraum + Prüfnachweis; bei Datenlücke konservative Default-/Proxylogik markieren,public_research: operationalisierbar; empirische Benchmark-Kalibrierung erforderlich,public research; not official; formula-ready; benchmark calibration required; source mapped; exact disclosure missing
WOK-S-136,S / Soziales,Mensch,Querschnitt,SDG 5 – Gleichstellung,5.1,Gender Pay Gap,Gender Pay Gap – Inklusion,Beschäftigte mit Behinderung,%,higher_is_better,higher_is_better_pct,threshold_numeric_and_benchmark,UN_SDG_GOALS; UN_SDG_INDICATORS; UN_SDG_METADATA; EUROSTAT_NACE; EC_CSRD; EFRAG_ESRS_SET1; EFRAG_ESRS_IG; GRI_STANDARDS; GRI_DOWNLOAD; ILO_FUNDAMENTAL_PRINCIPLES,share_percent,Zähler: erfüllte / abgedeckte Fälle; Nenner: relevante Grundgesamtheit; Wert = Zähler / Nenner * 100.,"AutoScore = ScoreByThreshold(Messwert, Schwellen='≥6:+3; 4–5,9:+2; 2–3,9:0; 1–1,9:‑2; <1:‑3', Polarity='higher_is_better', Archetype='higher_is_better_pct'). BenchmarkScore = ScoreByBenchmark(Messwert, BM, BM_150pct, BM_250pct). FinalScore = MIN(AutoScore, BenchmarkScore, RedLineScore). Tax_Rate = WUStG-Mapping(FinalScore).","≥6:+3; 4–5,9:+2; 2–3,9:0; 1–1,9:‑2; <1:‑3",2.95,4.425000000000001,7.375,Nein,"mittel: limited assurance, später reasonable assurance je Relevanz",Quelle + Einheit + Systemgrenze + Zeitraum + Prüfnachweis; bei Datenlücke konservative Default-/Proxylogik markieren,public_research: operationalisierbar; empirische Benchmark-Kalibrierung erforderlich,public research; not official; formula-ready; benchmark calibration required; source mapped; exact disclosure missing
WOK-G-122,G / Governance,Mensch,Querschnitt,SDG 5 – Gleichstellung,5.5,Diversität in Führung,Diversität in Führung – Gender Pay Gap,Bereinigter Lohnunterschied,%,lower_is_better,lower_is_better_abs,threshold_numeric_and_benchmark,UN_SDG_GOALS; UN_SDG_INDICATORS; UN_SDG_METADATA; EUROSTAT_NACE; EC_CSRD; EFRAG_ESRS_SET1; EFRAG_ESRS_IG; GRI_STANDARDS; GRI_DOWNLOAD; ILO_FUNDAMENTAL_PRINCIPLES,share_percent,Zähler: erfüllte / abgedeckte Fälle; Nenner: relevante Grundgesamtheit; Wert = Zähler / Nenner * 100.,"AutoScore = ScoreByThreshold(Messwert, Schwellen='≤2:+3; ≤5:+2; ≤8:0; >8:‑2/‑3', Polarity='lower_is_better', Archetype='lower_is_better_abs'). BenchmarkScore = ScoreByBenchmark(Messwert, BM, BM_150pct, BM_250pct). FinalScore = MIN(AutoScore, BenchmarkScore, RedLineScore). Tax_Rate = WUStG-Mapping(FinalScore).",≤2:+3; ≤5:+2; ≤8:0; >8:‑2/‑3,8.0,12.0,20.0,Nein,"mittel: limited assurance, später reasonable assurance je Relevanz",Quelle + Einheit + Systemgrenze + Zeitraum + Prüfnachweis; bei Datenlücke konservative Default-/Proxylogik markieren,public_research: operationalisierbar; empirische Benchmark-Kalibrierung erforderlich,public research; not official; formula-ready; benchmark calibration required; source mapped; exact disclosure missing
WOK-G-123,G / Governance,Mensch,Querschnitt,SDG 5 – Gleichstellung,5.5,Diversität in Führung,Diversität in Führung – Führung Diversität,Frauenanteil Leitungsorgane,%,higher_is_better,higher_is_better_pct,threshold_numeric_and_benchmark,UN_SDG_GOALS; UN_SDG_INDICATORS; UN_SDG_METADATA; EUROSTAT_NACE; EC_CSRD; EFRAG_ESRS_SET1; EFRAG_ESRS_IG; GRI_STANDARDS; GRI_DOWNLOAD,share_percent,Zähler: erfüllte / abgedeckte Fälle; Nenner: relevante Grundgesamtheit; Wert = Zähler / Nenner * 100.,"AutoScore = ScoreByThreshold(Messwert, Schwellen='≥50:+3; ≥40:+2; ≥30:0; <30:‑2/‑3', Polarity='higher_is_better', Archetype='higher_is_better_pct'). BenchmarkScore = ScoreByBenchmark(Messwert, BM, BM_150pct, BM_250pct). FinalScore = MIN(AutoScore, BenchmarkScore, RedLineScore). Tax_Rate = WUStG-Mapping(FinalScore).",≥50:+3; ≥40:+2; ≥30:0; <30:‑2/‑3,30.0,45.0,75.0,Nein,"mittel: limited assurance, später reasonable assurance je Relevanz",Quelle + Einheit + Systemgrenze + Zeitraum + Prüfnachweis; bei Datenlücke konservative Default-/Proxylogik markieren,public_research: operationalisierbar; empirische Benchmark-Kalibrierung erforderlich,public research; not official; formula-ready; benchmark calibration required; source mapped; exact disclosure missing
WOK-G-124,G / Governance,Mensch,Querschnitt,SDG 5 – Gleichstellung,5.5,Diversität in Führung,Diversität in Führung – Inklusion,Beschäftigte mit Behinderung,%,higher_is_better,higher_is_better_pct,threshold_numeric_and_benchmark,UN_SDG_GOALS; UN_SDG_INDICATORS; UN_SDG_METADATA; EUROSTAT_NACE; EC_CSRD; EFRAG_ESRS_SET1; EFRAG_ESRS_IG; GRI_STANDARDS; GRI_DOWNLOAD; ILO_FUNDAMENTAL_PRINCIPLES,share_percent,Zähler: erfüllte / abgedeckte Fälle; Nenner: relevante Grundgesamtheit; Wert = Zähler / Nenner * 100.,"AutoScore = ScoreByThreshold(Messwert, Schwellen='≥6:+3; 4–5,9:+2; 2–3,9:0; 1–1,9:‑2; <1:‑3', Polarity='higher_is_better', Archetype='higher_is_better_pct'). BenchmarkScore = ScoreByBenchmark(Messwert, BM, BM_150pct, BM_250pct). FinalScore = MIN(AutoScore, BenchmarkScore, RedLineScore). Tax_Rate = WUStG-Mapping(FinalScore).","≥6:+3; 4–5,9:+2; 2–3,9:0; 1–1,9:‑2; <1:‑3",2.95,4.425000000000001,7.375,Nein,"mittel: limited assurance, später reasonable assurance je Relevanz",Quelle + Einheit + Systemgrenze + Zeitraum + Prüfnachweis; bei Datenlücke konservative Default-/Proxylogik markieren,public_research: operationalisierbar; empirische Benchmark-Kalibrierung erforderlich,public research; not official; formula-ready; benchmark calibration required; source mapped; exact disclosure missing
WOK-S-137,S / Soziales,Mensch,Querschnitt,SDG 5 – Gleichstellung,5.2,Antidiskriminierung & Fälle,Antidiskriminierung & Fälle – Gender Pay Gap,Bereinigter Lohnunterschied,%,lower_is_better,near_zero_better,threshold_numeric_and_benchmark,UN_SDG_GOALS; UN_SDG_INDICATORS; UN_SDG_METADATA; EUROSTAT_NACE; EC_CSRD; EFRAG_ESRS_SET1; EFRAG_ESRS_IG; GRI_STANDARDS; GRI_DOWNLOAD; ILO_FUNDAMENTAL_PRINCIPLES,share_percent,Zähler: erfüllte / abgedeckte Fälle; Nenner: relevante Grundgesamtheit; Wert = Zähler / Nenner * 100.,"AutoScore = ScoreByThreshold(Messwert, Schwellen='≤2:+3; ≤5:+2; ≤8:0; >8:‑2/‑3', Polarity='lower_is_better', Archetype='near_zero_better'). BenchmarkScore = ScoreByBenchmark(Messwert, BM, BM_150pct, BM_250pct). FinalScore = MIN(AutoScore, BenchmarkScore, RedLineScore). Tax_Rate = WUStG-Mapping(FinalScore).",≤2:+3; ≤5:+2; ≤8:0; >8:‑2/‑3,8.0,12.0,20.0,Ja,hoch: externe Prüfung / reasonable assurance für kritische Risiken,Quelle + Einheit + Systemgrenze + Zeitraum + Prüfnachweis; bei Datenlücke konservative Default-/Proxylogik markieren,public_research: operationalisierbar; empirische Benchmark-Kalibrierung erforderlich,public research; not official; formula-ready; benchmark calibration required; red line; source mapped; exact disclosure missing
WOK-S-138,S / Soziales,Mensch,Querschnitt,SDG 5 – Gleichstellung,5.2,Antidiskriminierung & Fälle,Antidiskriminierung & Fälle – Führung Diversität,Frauenanteil Leitungsorgane,%,higher_is_better,higher_is_better_pct,threshold_numeric_and_benchmark,UN_SDG_GOALS; UN_SDG_INDICATORS; UN_SDG_METADATA; EUROSTAT_NACE; EC_CSRD; EFRAG_ESRS_SET1; EFRAG_ESRS_IG; GRI_STANDARDS; GRI_DOWNLOAD,share_percent,Zähler: erfüllte / abgedeckte Fälle; Nenner: relevante Grundgesamtheit; Wert = Zähler / Nenner * 100.,"AutoScore = ScoreByThreshold(Messwert, Schwellen='≥50:+3; ≥40:+2; ≥30:0; <30:‑2/‑3', Polarity='higher_is_better', Archetype='higher_is_better_pct'). BenchmarkScore = ScoreByBenchmark(Messwert, BM, BM_150pct, BM_250pct). FinalScore = MIN(AutoScore, BenchmarkScore, RedLineScore). Tax_Rate = WUStG-Mapping(FinalScore).",≥50:+3; ≥40:+2; ≥30:0; <30:‑2/‑3,30.0,45.0,75.0,Ja,hoch: externe Prüfung / reasonable assurance für kritische Risiken,Quelle + Einheit + Systemgrenze + Zeitraum + Prüfnachweis; bei Datenlücke konservative Default-/Proxylogik markieren,public_research: operationalisierbar; empirische Benchmark-Kalibrierung erforderlich,public research; not official; formula-ready; benchmark calibration required; red line; source mapped; exact disclosure missing
WOK-S-139,S / Soziales,Mensch,Querschnitt,SDG 5 – Gleichstellung,5.2,Antidiskriminierung & Fälle,Antidiskriminierung & Fälle – Inklusion,Beschäftigte mit Behinderung,%,higher_is_better,higher_is_better_pct,threshold_numeric_and_benchmark,UN_SDG_GOALS; UN_SDG_INDICATORS; UN_SDG_METADATA; EUROSTAT_NACE; EC_CSRD; EFRAG_ESRS_SET1; EFRAG_ESRS_IG; GRI_STANDARDS; GRI_DOWNLOAD; ILO_FUNDAMENTAL_PRINCIPLES,share_percent,Zähler: erfüllte / abgedeckte Fälle; Nenner: relevante Grundgesamtheit; Wert = Zähler / Nenner * 100.,"AutoScore = ScoreByThreshold(Messwert, Schwellen='≥6:+3; 4–5,9:+2; 2–3,9:0; 1–1,9:‑2; <1:‑3', Polarity='higher_is_better', Archetype='higher_is_better_pct'). BenchmarkScore = ScoreByBenchmark(Messwert, BM, BM_150pct, BM_250pct). FinalScore = MIN(AutoScore, BenchmarkScore, RedLineScore). Tax_Rate = WUStG-Mapping(FinalScore).","≥6:+3; 4–5,9:+2; 2–3,9:0; 1–1,9:‑2; <1:‑3",2.95,4.425000000000001,7.375,Ja,hoch: externe Prüfung / reasonable assurance für kritische Risiken,Quelle + Einheit + Systemgrenze + Zeitraum + Prüfnachweis; bei Datenlücke konservative Default-/Proxylogik markieren,public_research: operationalisierbar; empirische Benchmark-Kalibrierung erforderlich,public research; not official; formula-ready; benchmark calibration required; red line; source mapped; exact disclosure missing
WOK-S-140,S / Soziales,Mensch,Arbeit & Fairness,SDG 5 – Gleichstellung,5.4,Vereinbarkeit & Care,Vereinbarkeit & Care – Living Wage,Abdeckung Lebenslohn,% Beschäftigte,higher_is_better,higher_is_better_pct,threshold_numeric_and_benchmark,UN_SDG_GOALS; UN_SDG_INDICATORS; UN_SDG_METADATA; EUROSTAT_NACE; EC_CSRD; EFRAG_ESRS_SET1; EFRAG_ESRS_IG; GRI_STANDARDS; GRI_DOWNLOAD; ILO_FUNDAMENTAL_PRINCIPLES,share_percent,Zähler: erfüllte / abgedeckte Fälle; Nenner: relevante Grundgesamtheit; Wert = Zähler / Nenner * 100.,"AutoScore = ScoreByThreshold(Messwert, Schwellen='≥95:+3; 80–94:+2; 60–79:0; 40–59:‑2; <40:‑3', Polarity='higher_is_better', Archetype='higher_is_better_pct'). BenchmarkScore = ScoreByBenchmark(Messwert, BM, BM_150pct, BM_250pct). FinalScore = MIN(AutoScore, BenchmarkScore, RedLineScore). Tax_Rate = WUStG-Mapping(FinalScore).",≥95:+3; 80–94:+2; 60–79:0; 40–59:‑2; <40:‑3,69.5,100.0,100.0,Nein,"mittel: limited assurance, später reasonable assurance je Relevanz",Quelle + Einheit + Systemgrenze + Zeitraum + Prüfnachweis; bei Datenlücke konservative Default-/Proxylogik markieren,public_research: operationalisierbar; empirische Benchmark-Kalibrierung erforderlich,public research; not official; formula-ready; benchmark calibration required; source mapped; exact disclosure missing
WOK-S-141,S / Soziales,Mensch,Querschnitt,SDG 5 – Gleichstellung,5.4,Vereinbarkeit & Care,Vereinbarkeit & Care – Tarifbindung,Beschäftigte unter Kollektivvertrag,%,higher_is_better,higher_is_better_pct,threshold_numeric_and_benchmark,UN_SDG_GOALS; UN_SDG_INDICATORS; UN_SDG_METADATA; EUROSTAT_NACE; EC_CSRD; EFRAG_ESRS_SET1; EFRAG_ESRS_IG; GRI_STANDARDS; GRI_DOWNLOAD; ILO_FUNDAMENTAL_PRINCIPLES,share_percent,Zähler: erfüllte / abgedeckte Fälle; Nenner: relevante Grundgesamtheit; Wert = Zähler / Nenner * 100.,"AutoScore = ScoreByThreshold(Messwert, Schwellen='≥90:+3; 70–89:+2; 50–69:0; 30–49:‑2; <30:‑3', Polarity='higher_is_better', Archetype='higher_is_better_pct'). BenchmarkScore = ScoreByBenchmark(Messwert, BM, BM_150pct, BM_250pct). FinalScore = MIN(AutoScore, BenchmarkScore, RedLineScore). Tax_Rate = WUStG-Mapping(FinalScore).",≥90:+3; 70–89:+2; 50–69:0; 30–49:‑2; <30:‑3,59.5,89.25,100.0,Nein,"mittel: limited assurance, später reasonable assurance je Relevanz",Quelle + Einheit + Systemgrenze + Zeitraum + Prüfnachweis; bei Datenlücke konservative Default-/Proxylogik markieren,public_research: operationalisierbar; empirische Benchmark-Kalibrierung erforderlich,public research; not official; formula-ready; benchmark calibration required; source mapped; exact disclosure missing
WOK-S-142,S / Soziales,Mensch,Querschnitt,SDG 5 – Gleichstellung,5.4,Vereinbarkeit & Care,Vereinbarkeit & Care – LTIFR,Arbeitsunfälle pro Mio Stunden,Unfälle/Mio Std.,lower_is_better,near_zero_better,threshold_numeric_and_benchmark,UN_SDG_GOALS; UN_SDG_INDICATORS; UN_SDG_METADATA; EUROSTAT_NACE; EC_CSRD; EFRAG_ESRS_SET1; EFRAG_ESRS_IG; GRI_STANDARDS; GRI_DOWNLOAD; ILO_FUNDAMENTAL_PRINCIPLES,rate_per_million_hours,Zähler: meldepflichtige Arbeitsunfälle mit Ausfallzeit; Nenner: geleistete Arbeitsstunden; Wert = Zähler / Nenner * 1.000.000.,"AutoScore = ScoreByThreshold(Messwert, Schwellen='0:+3; ≤1:+2; ≤3:0; ≤5:‑2; >5:‑3', Polarity='lower_is_better', Archetype='near_zero_better'). BenchmarkScore = ScoreByBenchmark(Messwert, BM, BM_150pct, BM_250pct). FinalScore = MIN(AutoScore, BenchmarkScore, RedLineScore). Tax_Rate = WUStG-Mapping(FinalScore).",0:+3; ≤1:+2; ≤3:0; ≤5:‑2; >5:‑3,3.0,4.5,7.5,Nein,"mittel: limited assurance, später reasonable assurance je Relevanz",Quelle + Einheit + Systemgrenze + Zeitraum + Prüfnachweis; bei Datenlücke konservative Default-/Proxylogik markieren,public_research: operationalisierbar; empirische Benchmark-Kalibrierung erforderlich,public research; not official; formula-ready; benchmark calibration required; source mapped; exact disclosure missing
WOK-SC-107,SC / Lieferkette,Mensch,Querschnitt,SDG 5 – Gleichstellung,5.b,Frauen in Lieferkette,Frauen in Lieferkette – ESG‑Spend‑Coverage,Anteil verifizierter ESG‑Daten am Spend,%,higher_is_better,higher_is_better_pct,threshold_numeric_and_benchmark,UN_SDG_GOALS; UN_SDG_INDICATORS; UN_SDG_METADATA; EUROSTAT_NACE; EC_CSRD; EFRAG_ESRS_SET1; EFRAG_ESRS_IG; GRI_STANDARDS; GRI_DOWNLOAD; OECD_RBC_DD,share_percent,Zähler: erfüllte / abgedeckte Fälle; Nenner: relevante Grundgesamtheit; Wert = Zähler / Nenner * 100.,"AutoScore = ScoreByThreshold(Messwert, Schwellen='≥90:+3; 70–89:+2; 50–69:0; 30–49:‑2; <30:‑3', Polarity='higher_is_better', Archetype='higher_is_better_pct'). BenchmarkScore = ScoreByBenchmark(Messwert, BM, BM_150pct, BM_250pct). FinalScore = MIN(AutoScore, BenchmarkScore, RedLineScore). Tax_Rate = WUStG-Mapping(FinalScore).",≥90:+3; 70–89:+2; 50–69:0; 30–49:‑2; <30:‑3,59.5,89.25,100.0,Nein,"mittel: limited assurance, später reasonable assurance je Relevanz",Quelle + Einheit + Systemgrenze + Zeitraum + Prüfnachweis; bei Datenlücke konservative Default-/Proxylogik markieren,public_research: operationalisierbar; empirische Benchmark-Kalibrierung erforderlich,public research; not official; formula-ready; benchmark calibration required; source mapped; exact disclosure missing
WOK-SC-108,SC / Lieferkette,Mensch,Arbeit & Fairness,SDG 5 – Gleichstellung,5.b,Frauen in Lieferkette,Frauen in Lieferkette – Kinder/Zwangsarbeit,Audits ohne Verstöße,% Lieferanten,higher_is_better,higher_is_better_pct,threshold_numeric_and_benchmark,UN_SDG_GOALS; UN_SDG_INDICATORS; UN_SDG_METADATA; EUROSTAT_NACE; EC_CSRD; EFRAG_ESRS_SET1; EFRAG_ESRS_IG; GRI_STANDARDS; GRI_DOWNLOAD; OECD_RBC_DD,share_percent,Zähler: erfüllte / abgedeckte Fälle; Nenner: relevante Grundgesamtheit; Wert = Zähler / Nenner * 100.,"AutoScore = ScoreByThreshold(Messwert, Schwellen='≥98:+3; 90–97:+2; 75–89:0; 50–74:‑2; <50:‑3', Polarity='higher_is_better', Archetype='higher_is_better_pct'). BenchmarkScore = ScoreByBenchmark(Messwert, BM, BM_150pct, BM_250pct). FinalScore = MIN(AutoScore, BenchmarkScore, RedLineScore). Tax_Rate = WUStG-Mapping(FinalScore).",≥98:+3; 90–97:+2; 75–89:0; 50–74:‑2; <50:‑3,82.0,100.0,100.0,Ja,hoch: externe Prüfung / reasonable assurance für kritische Risiken,Quelle + Einheit + Systemgrenze + Zeitraum + Prüfnachweis; bei Datenlücke konservative Default-/Proxylogik markieren,public_research: operationalisierbar; empirische Benchmark-Kalibrierung erforderlich,public research; not official; formula-ready; benchmark calibration required; red line; source mapped; exact disclosure missing
WOK-SC-109,SC / Lieferkette,Mensch,Querschnitt,SDG 5 – Gleichstellung,5.b,Frauen in Lieferkette,Frauen in Lieferkette – Scope‑3 Daten,Primärdaten‑Abdeckung,% Kategorien,higher_is_better,higher_is_better_pct,threshold_numeric_and_benchmark,UN_SDG_GOALS; UN_SDG_INDICATORS; UN_SDG_METADATA; EUROSTAT_NACE; EC_CSRD; EFRAG_ESRS_SET1; EFRAG_ESRS_IG; GHG_PROTOCOL_SCOPE3; GHG_PROTOCOL_PRODUCT; ISO_14064,share_percent,Zähler: erfüllte / abgedeckte Fälle; Nenner: relevante Grundgesamtheit; Wert = Zähler / Nenner * 100.,"AutoScore = ScoreByThreshold(Messwert, Schwellen='≥80:+3; 60–79:+2; 40–59:0; 20–39:‑2; <20:‑3', Polarity='higher_is_better', Archetype='higher_is_better_pct'). BenchmarkScore = ScoreByBenchmark(Messwert, BM, BM_150pct, BM_250pct). FinalScore = MIN(AutoScore, BenchmarkScore, RedLineScore). Tax_Rate = WUStG-Mapping(FinalScore).",≥80:+3; 60–79:+2; 40–59:0; 20–39:‑2; <20:‑3,49.5,74.25,100.0,Nein,"mittel: limited assurance, später reasonable assurance je Relevanz",Quelle + Einheit + Systemgrenze + Zeitraum + Prüfnachweis; bei Datenlücke konservative Default-/Proxylogik markieren,public_research: operationalisierbar; empirische Benchmark-Kalibrierung erforderlich,public research; not official; formula-ready; benchmark calibration required; source mapped; exact disclosure missing
WOK-G-125,G / Governance,Mensch,Governance & Demokratie,SDG 5 – Gleichstellung,5.c,Gleichstellungs‑Governance,Gleichstellungs‑Governance – Antikorruption,Bestätigte Fälle/1.000 FTE,Fälle/1.000 FTE,lower_is_better,near_zero_better,threshold_numeric_and_benchmark,UN_SDG_GOALS; UN_SDG_INDICATORS; UN_SDG_METADATA; EUROSTAT_NACE; EC_CSRD; EFRAG_ESRS_SET1; EFRAG_ESRS_IG; GRI_STANDARDS; GRI_DOWNLOAD; OECD_ANTI_BRIBERY,lower_is_better_metric,"Wert = gemessene Belastung, Risiko- oder Intensitätskennzahl je funktionaler Einheit; niedriger ist besser.","AutoScore = ScoreByThreshold(Messwert, Schwellen='0:+3; ≤0,2:+2; ≤0,5:0; ≤1:‑2; >1:‑3', Polarity='lower_is_better', Archetype='near_zero_better'). BenchmarkScore = ScoreByBenchmark(Messwert, BM, BM_150pct, BM_250pct). FinalScore = MIN(AutoScore, BenchmarkScore, RedLineScore). Tax_Rate = WUStG-Mapping(FinalScore).","0:+3; ≤0,2:+2; ≤0,5:0; ≤1:‑2; >1:‑3",0.5,0.75,1.25,Ja,hoch: externe Prüfung / reasonable assurance für kritische Risiken,Quelle + Einheit + Systemgrenze + Zeitraum + Prüfnachweis; bei Datenlücke konservative Default-/Proxylogik markieren,public_research: operationalisierbar; empirische Benchmark-Kalibrierung erforderlich,public research; not official; formula-ready; benchmark calibration required; red line; source mapped; exact disclosure missing
WOK-G-126,G / Governance,Mensch,Querschnitt,SDG 5 – Gleichstellung,5.c,Gleichstellungs‑Governance,Gleichstellungs‑Governance – Whistleblowing,Wirksamkeits‑Score,0–1,higher_is_better,higher_is_better_abs,threshold_numeric_and_benchmark,UN_SDG_GOALS; UN_SDG_INDICATORS; UN_SDG_METADATA; EUROSTAT_NACE; EC_CSRD; EFRAG_ESRS_SET1; EFRAG_ESRS_IG; GRI_STANDARDS; GRI_DOWNLOAD; OECD_ANTI_BRIBERY,index_0_1,"Wert = gewichteter Kriterienindex von 0 bis 1; Kriterien, Gewichtung und Nachweis je WÖk-ID offenlegen.","AutoScore = ScoreByThreshold(Messwert, Schwellen='≥0,9:+3; 0,75–0,89:+2; 0,6–0,74:0; 0,4–0,59:‑2; <0,4:‑3', Polarity='higher_is_better', Archetype='higher_is_better_abs'). BenchmarkScore = ScoreByBenchmark(Messwert, BM, BM_150pct, BM_250pct). FinalScore = MIN(AutoScore, BenchmarkScore, RedLineScore). Tax_Rate = WUStG-Mapping(FinalScore).","≥0,9:+3; 0,75–0,89:+2; 0,6–0,74:0; 0,4–0,59:‑2; <0,4:‑3",0.6699999999999999,1.0,1.0,Ja,hoch: externe Prüfung / reasonable assurance für kritische Risiken,Quelle + Einheit + Systemgrenze + Zeitraum + Prüfnachweis; bei Datenlücke konservative Default-/Proxylogik markieren,public_research: operationalisierbar; empirische Benchmark-Kalibrierung erforderlich,public research; not official; formula-ready; benchmark calibration required; red line; source mapped; exact disclosure missing
WOK-G-127,G / Governance,Mensch,Governance & Demokratie,SDG 5 – Gleichstellung,5.c,Gleichstellungs‑Governance,Gleichstellungs‑Governance – Steuertransparenz,CbCR‑Offenlegung,0–1,higher_is_better,higher_is_better_abs,qualitative_ordinal,UN_SDG_GOALS; UN_SDG_INDICATORS; UN_SDG_METADATA; EUROSTAT_NACE; EC_CSRD; EFRAG_ESRS_SET1; EFRAG_ESRS_IG; GRI_STANDARDS; GRI_DOWNLOAD; OECD_ANTI_BRIBERY,index_0_1,"Wert = gewichteter Kriterienindex von 0 bis 1; Kriterien, Gewichtung und Nachweis je WÖk-ID offenlegen.","AutoScore = ScoreByThreshold(Messwert, Schwellen='vollständig:+3; teilweise:+2; minimal:0; schlecht:‑2', Polarity='higher_is_better', Archetype='higher_is_better_abs'). BenchmarkScore = ScoreByBenchmark(Messwert, BM, BM_150pct, BM_250pct). FinalScore = MIN(AutoScore, BenchmarkScore, RedLineScore). Tax_Rate = WUStG-Mapping(FinalScore).",vollständig:+3; teilweise:+2; minimal:0; schlecht:‑2,0.5,0.75,0.9,Ja,hoch: externe Prüfung / reasonable assurance für kritische Risiken,Quelle + Einheit + Systemgrenze + Zeitraum + Prüfnachweis; bei Datenlücke konservative Default-/Proxylogik markieren,public_research: operationalisierbar; empirische Benchmark-Kalibrierung erforderlich,public research; not official; formula-ready; qualitative review required; red line; source mapped; exact disclosure missing
WOK-SYS-113,SYS / System,Mensch,Querschnitt,SDG 5 – Gleichstellung,5.5,Kulturwandel & Vorbilder,Kulturwandel & Vorbilder – Index,umsatzgewichteter Index (z. B. Demokratie/Rule of Law),0–1,higher_is_better,higher_is_better_abs,threshold_numeric_and_benchmark,UN_SDG_GOALS; UN_SDG_INDICATORS; UN_SDG_METADATA; EUROSTAT_NACE; WJP_RULE_OF_LAW; VDEM; SOCIAL_VALUE_SROI,index_0_1,"Wert = gewichteter Kriterienindex von 0 bis 1; Kriterien, Gewichtung und Nachweis je WÖk-ID offenlegen.","AutoScore = ScoreByThreshold(Messwert, Schwellen='≥0,8:+3; 0,7–0,79:+2; 0,6–0,69:0; 0,5–0,59:‑2; <0,5:‑3', Polarity='higher_is_better', Archetype='higher_is_better_abs'). BenchmarkScore = ScoreByBenchmark(Messwert, BM, BM_150pct, BM_250pct). FinalScore = MIN(AutoScore, BenchmarkScore, RedLineScore). Tax_Rate = WUStG-Mapping(FinalScore).","≥0,8:+3; 0,7–0,79:+2; 0,6–0,69:0; 0,5–0,59:‑2; <0,5:‑3",0.645,0.9675,1.0,Nein,mittel: fachliche Plausibilisierung und Quellenprüfung,Quelle + Einheit + Systemgrenze + Zeitraum + Prüfnachweis; bei Datenlücke konservative Default-/Proxylogik markieren,public_research: operationalisierbar; empirische Benchmark-Kalibrierung erforderlich,public research; not official; formula-ready; benchmark calibration required; source mapped; exact disclosure missing
WOK-SYS-114,SYS / System,Mensch,Querschnitt,SDG 5 – Gleichstellung,5.5,Kulturwandel & Vorbilder,Kulturwandel & Vorbilder – Exposure,Umsatz in Hochrisikoländern,%,lower_is_better,lower_is_better_abs,threshold_numeric_and_benchmark,UN_SDG_GOALS; UN_SDG_INDICATORS; UN_SDG_METADATA; EUROSTAT_NACE; SOCIAL_VALUE_SROI,share_percent,Zähler: erfüllte / abgedeckte Fälle; Nenner: relevante Grundgesamtheit; Wert = Zähler / Nenner * 100.,"AutoScore = ScoreByThreshold(Messwert, Schwellen='≤5:+3; 6–10:+2; 11–20:0; 21–30:‑2; >30:‑3', Polarity='lower_is_better', Archetype='lower_is_better_abs'). BenchmarkScore = ScoreByBenchmark(Messwert, BM, BM_150pct, BM_250pct). FinalScore = MIN(AutoScore, BenchmarkScore, RedLineScore). Tax_Rate = WUStG-Mapping(FinalScore).",≤5:+3; 6–10:+2; 11–20:0; 21–30:‑2; >30:‑3,15.5,23.25,38.75,Nein,mittel: fachliche Plausibilisierung und Quellenprüfung,Quelle + Einheit + Systemgrenze + Zeitraum + Prüfnachweis; bei Datenlücke konservative Default-/Proxylogik markieren,public_research: operationalisierbar; empirische Benchmark-Kalibrierung erforderlich,public research; not official; formula-ready; benchmark calibration required; source mapped; exact disclosure missing
WOK-SYS-115,SYS / System,Mensch,Querschnitt,SDG 5 – Gleichstellung,5.5,Kulturwandel & Vorbilder,Kulturwandel & Vorbilder – Kooperationen,"aktive, evaluierte Partnerschaften/Jahr",#/Jahr,higher_is_better,higher_is_better_abs,threshold_numeric_and_benchmark,UN_SDG_GOALS; UN_SDG_INDICATORS; UN_SDG_METADATA; EUROSTAT_NACE; WJP_RULE_OF_LAW; VDEM; SOCIAL_VALUE_SROI,indicator_specific,"Wert gemäß definierter Messgröße; Zähler, Nenner, Einheit, Systemgrenze und Zeitraum je WÖk-ID dokumentieren.","AutoScore = ScoreByThreshold(Messwert, Schwellen='≥5:+3; 3–4:+2; 1–2:0; 0:‑2', Polarity='higher_is_better', Archetype='higher_is_better_abs'). BenchmarkScore = ScoreByBenchmark(Messwert, BM, BM_150pct, BM_250pct). FinalScore = MIN(AutoScore, BenchmarkScore, RedLineScore). Tax_Rate = WUStG-Mapping(FinalScore).",≥5:+3; 3–4:+2; 1–2:0; 0:‑2,1.5,2.25,3.75,Nein,mittel: fachliche Plausibilisierung und Quellenprüfung,Quelle + Einheit + Systemgrenze + Zeitraum + Prüfnachweis; bei Datenlücke konservative Default-/Proxylogik markieren,public_research: operationalisierbar; empirische Benchmark-Kalibrierung erforderlich,public research; not official; formula-ready; benchmark calibration required; source mapped; exact disclosure missing
WOK-S-143,S / Soziales,Mensch,Arbeit & Fairness,SDG 5 – Gleichstellung,5.5,Gender‑Training,Gender‑Training – Living Wage,Abdeckung Lebenslohn,% Beschäftigte,higher_is_better,higher_is_better_pct,threshold_numeric_and_benchmark,UN_SDG_GOALS; UN_SDG_INDICATORS; UN_SDG_METADATA; EUROSTAT_NACE; EC_CSRD; EFRAG_ESRS_SET1; EFRAG_ESRS_IG; GRI_STANDARDS; GRI_DOWNLOAD; ILO_FUNDAMENTAL_PRINCIPLES,share_percent,Zähler: erfüllte / abgedeckte Fälle; Nenner: relevante Grundgesamtheit; Wert = Zähler / Nenner * 100.,"AutoScore = ScoreByThreshold(Messwert, Schwellen='≥95:+3; 80–94:+2; 60–79:0; 40–59:‑2; <40:‑3', Polarity='higher_is_better', Archetype='higher_is_better_pct'). BenchmarkScore = ScoreByBenchmark(Messwert, BM, BM_150pct, BM_250pct). FinalScore = MIN(AutoScore, BenchmarkScore, RedLineScore). Tax_Rate = WUStG-Mapping(FinalScore).",≥95:+3; 80–94:+2; 60–79:0; 40–59:‑2; <40:‑3,69.5,100.0,100.0,Nein,"mittel: limited assurance, später reasonable assurance je Relevanz",Quelle + Einheit + Systemgrenze + Zeitraum + Prüfnachweis; bei Datenlücke konservative Default-/Proxylogik markieren,public_research: operationalisierbar; empirische Benchmark-Kalibrierung erforderlich,public research; not official; formula-ready; benchmark calibration required; source mapped; exact disclosure missing
WOK-S-144,S / Soziales,Mensch,Querschnitt,SDG 5 – Gleichstellung,5.5,Gender‑Training,Gender‑Training – Tarifbindung,Beschäftigte unter Kollektivvertrag,%,higher_is_better,higher_is_better_pct,threshold_numeric_and_benchmark,UN_SDG_GOALS; UN_SDG_INDICATORS; UN_SDG_METADATA; EUROSTAT_NACE; EC_CSRD; EFRAG_ESRS_SET1; EFRAG_ESRS_IG; GRI_STANDARDS; GRI_DOWNLOAD; ILO_FUNDAMENTAL_PRINCIPLES,share_percent,Zähler: erfüllte / abgedeckte Fälle; Nenner: relevante Grundgesamtheit; Wert = Zähler / Nenner * 100.,"AutoScore = ScoreByThreshold(Messwert, Schwellen='≥90:+3; 70–89:+2; 50–69:0; 30–49:‑2; <30:‑3', Polarity='higher_is_better', Archetype='higher_is_better_pct'). BenchmarkScore = ScoreByBenchmark(Messwert, BM, BM_150pct, BM_250pct). FinalScore = MIN(AutoScore, BenchmarkScore, RedLineScore). Tax_Rate = WUStG-Mapping(FinalScore).",≥90:+3; 70–89:+2; 50–69:0; 30–49:‑2; <30:‑3,59.5,89.25,100.0,Nein,"mittel: limited assurance, später reasonable assurance je Relevanz",Quelle + Einheit + Systemgrenze + Zeitraum + Prüfnachweis; bei Datenlücke konservative Default-/Proxylogik markieren,public_research: operationalisierbar; empirische Benchmark-Kalibrierung erforderlich,public research; not official; formula-ready; benchmark calibration required; source mapped; exact disclosure missing
WOK-S-145,S / Soziales,Mensch,Querschnitt,SDG 5 – Gleichstellung,5.5,Gender‑Training,Gender‑Training – LTIFR,Arbeitsunfälle pro Mio Stunden,Unfälle/Mio Std.,lower_is_better,near_zero_better,threshold_numeric_and_benchmark,UN_SDG_GOALS; UN_SDG_INDICATORS; UN_SDG_METADATA; EUROSTAT_NACE; EC_CSRD; EFRAG_ESRS_SET1; EFRAG_ESRS_IG; GRI_STANDARDS; GRI_DOWNLOAD; ILO_FUNDAMENTAL_PRINCIPLES,rate_per_million_hours,Zähler: meldepflichtige Arbeitsunfälle mit Ausfallzeit; Nenner: geleistete Arbeitsstunden; Wert = Zähler / Nenner * 1.000.000.,"AutoScore = ScoreByThreshold(Messwert, Schwellen='0:+3; ≤1:+2; ≤3:0; ≤5:‑2; >5:‑3', Polarity='lower_is_better', Archetype='near_zero_better'). BenchmarkScore = ScoreByBenchmark(Messwert, BM, BM_150pct, BM_250pct). FinalScore = MIN(AutoScore, BenchmarkScore, RedLineScore). Tax_Rate = WUStG-Mapping(FinalScore).",0:+3; ≤1:+2; ≤3:0; ≤5:‑2; >5:‑3,3.0,4.5,7.5,Nein,"mittel: limited assurance, später reasonable assurance je Relevanz",Quelle + Einheit + Systemgrenze + Zeitraum + Prüfnachweis; bei Datenlücke konservative Default-/Proxylogik markieren,public_research: operationalisierbar; empirische Benchmark-Kalibrierung erforderlich,public research; not official; formula-ready; benchmark calibration required; source mapped; exact disclosure missing
WOK-G-128,G / Governance,Mensch,Arbeit & Fairness,SDG 5 – Gleichstellung,5.c,Transparenz Lohnbänder,Transparenz Lohnbänder – Antikorruption,Bestätigte Fälle/1.000 FTE,Fälle/1.000 FTE,lower_is_better,near_zero_better,threshold_numeric_and_benchmark,UN_SDG_GOALS; UN_SDG_INDICATORS; UN_SDG_METADATA; EUROSTAT_NACE; EC_CSRD; EFRAG_ESRS_SET1; EFRAG_ESRS_IG; GRI_STANDARDS; GRI_DOWNLOAD; ILO_FUNDAMENTAL_PRINCIPLES,lower_is_better_metric,"Wert = gemessene Belastung, Risiko- oder Intensitätskennzahl je funktionaler Einheit; niedriger ist besser.","AutoScore = ScoreByThreshold(Messwert, Schwellen='0:+3; ≤0,2:+2; ≤0,5:0; ≤1:‑2; >1:‑3', Polarity='lower_is_better', Archetype='near_zero_better'). BenchmarkScore = ScoreByBenchmark(Messwert, BM, BM_150pct, BM_250pct). FinalScore = MIN(AutoScore, BenchmarkScore, RedLineScore). Tax_Rate = WUStG-Mapping(FinalScore).","0:+3; ≤0,2:+2; ≤0,5:0; ≤1:‑2; >1:‑3",0.5,0.75,1.25,Ja,hoch: externe Prüfung / reasonable assurance für kritische Risiken,Quelle + Einheit + Systemgrenze + Zeitraum + Prüfnachweis; bei Datenlücke konservative Default-/Proxylogik markieren,public_research: operationalisierbar; empirische Benchmark-Kalibrierung erforderlich,public research; not official; formula-ready; benchmark calibration required; red line; source mapped; exact disclosure missing
WOK-G-129,G / Governance,Mensch,Arbeit & Fairness,SDG 5 – Gleichstellung,5.c,Transparenz Lohnbänder,Transparenz Lohnbänder – Whistleblowing,Wirksamkeits‑Score,0–1,higher_is_better,higher_is_better_abs,threshold_numeric_and_benchmark,UN_SDG_GOALS; UN_SDG_INDICATORS; UN_SDG_METADATA; EUROSTAT_NACE; EC_CSRD; EFRAG_ESRS_SET1; EFRAG_ESRS_IG; GRI_STANDARDS; GRI_DOWNLOAD; ILO_FUNDAMENTAL_PRINCIPLES,index_0_1,"Wert = gewichteter Kriterienindex von 0 bis 1; Kriterien, Gewichtung und Nachweis je WÖk-ID offenlegen.","AutoScore = ScoreByThreshold(Messwert, Schwellen='≥0,9:+3; 0,75–0,89:+2; 0,6–0,74:0; 0,4–0,59:‑2; <0,4:‑3', Polarity='higher_is_better', Archetype='higher_is_better_abs'). BenchmarkScore = ScoreByBenchmark(Messwert, BM, BM_150pct, BM_250pct). FinalScore = MIN(AutoScore, BenchmarkScore, RedLineScore). Tax_Rate = WUStG-Mapping(FinalScore).","≥0,9:+3; 0,75–0,89:+2; 0,6–0,74:0; 0,4–0,59:‑2; <0,4:‑3",0.6699999999999999,1.0,1.0,Ja,hoch: externe Prüfung / reasonable assurance für kritische Risiken,Quelle + Einheit + Systemgrenze + Zeitraum + Prüfnachweis; bei Datenlücke konservative Default-/Proxylogik markieren,public_research: operationalisierbar; empirische Benchmark-Kalibrierung erforderlich,public research; not official; formula-ready; benchmark calibration required; red line; source mapped; exact disclosure missing
WOK-G-130,G / Governance,Mensch,Arbeit & Fairness,SDG 5 – Gleichstellung,5.c,Transparenz Lohnbänder,Transparenz Lohnbänder – Steuertransparenz,CbCR‑Offenlegung,0–1,higher_is_better,higher_is_better_abs,qualitative_ordinal,UN_SDG_GOALS; UN_SDG_INDICATORS; UN_SDG_METADATA; EUROSTAT_NACE; EC_CSRD; EFRAG_ESRS_SET1; EFRAG_ESRS_IG; GRI_STANDARDS; GRI_DOWNLOAD; ILO_FUNDAMENTAL_PRINCIPLES,index_0_1,"Wert = gewichteter Kriterienindex von 0 bis 1; Kriterien, Gewichtung und Nachweis je WÖk-ID offenlegen.","AutoScore = ScoreByThreshold(Messwert, Schwellen='vollständig:+3; teilweise:+2; minimal:0; schlecht:‑2', Polarity='higher_is_better', Archetype='higher_is_better_abs'). BenchmarkScore = ScoreByBenchmark(Messwert, BM, BM_150pct, BM_250pct). FinalScore = MIN(AutoScore, BenchmarkScore, RedLineScore). Tax_Rate = WUStG-Mapping(FinalScore).",vollständig:+3; teilweise:+2; minimal:0; schlecht:‑2,0.5,0.75,0.9,Nein,"mittel: limited assurance, später reasonable assurance je Relevanz",Quelle + Einheit + Systemgrenze + Zeitraum + Prüfnachweis; bei Datenlücke konservative Default-/Proxylogik markieren,public_research: operationalisierbar; empirische Benchmark-Kalibrierung erforderlich,public research; not official; formula-ready; qualitative review required; source mapped; exact disclosure missing
WOK-E-122,E / Umwelt,Planet,Wasser,SDG 6 – Wasser,6.4,Wasserentnahme (WSI),Wasserentnahme (WSI) – Entnahme (WSI),Wasserentnahme × Wasserstressindex,m³*WSI,lower_is_better,lower_is_better_abs,benchmark_relative_calibration_required,UN_SDG_GOALS; UN_SDG_INDICATORS; UN_SDG_METADATA; EUROSTAT_NACE; EC_CSRD; EFRAG_ESRS_SET1; EFRAG_ESRS_IG; ISO_14046; WRI_AQUEDUCT,index_0_1,"Wert = gewichteter Kriterienindex von 0 bis 1; Kriterien, Gewichtung und Nachweis je WÖk-ID offenlegen.","AutoScore = ScoreByThreshold(Messwert, Schwellen='Top‑10%:+3; Mittel:0; >150%:‑2; >250%:‑3', Polarity='lower_is_better', Archetype='lower_is_better_abs'). BenchmarkScore = ScoreByBenchmark(Messwert, BM, BM_150pct, BM_250pct). FinalScore = MIN(AutoScore, BenchmarkScore, RedLineScore). Tax_Rate = WUStG-Mapping(FinalScore).",Top‑10%:+3; Mittel:0; >150%:‑2; >250%:‑3,1.0,1.5,2.5,Nein,"mittel: limited assurance, später reasonable assurance je Relevanz",Quelle + Einheit + Systemgrenze + Zeitraum + Prüfnachweis; bei Datenlücke konservative Default-/Proxylogik markieren,public_research: operationalisierbar; empirische Benchmark-Kalibrierung erforderlich,public research; not official; formula-ready; benchmark calibration required; source mapped; exact disclosure missing
WOK-E-123,E / Umwelt,Planet,Wasser,SDG 6 – Wasser,6.4,Wasserentnahme (WSI),Wasserentnahme (WSI) – Reuse,Anteil wiederverwendetes Prozesswasser,%,higher_is_better,higher_is_better_pct,threshold_numeric_and_benchmark,UN_SDG_GOALS; UN_SDG_INDICATORS; UN_SDG_METADATA; EUROSTAT_NACE; EC_CSRD; EFRAG_ESRS_SET1; EFRAG_ESRS_IG; ISO_14046; WRI_AQUEDUCT,share_percent,Zähler: erfüllte / abgedeckte Fälle; Nenner: relevante Grundgesamtheit; Wert = Zähler / Nenner * 100.,"AutoScore = ScoreByThreshold(Messwert, Schwellen='≥90%:+3; 70–89%:+2; 50–69%:0; 30–49%:‑2; <30%:‑3', Polarity='higher_is_better', Archetype='higher_is_better_pct'). BenchmarkScore = ScoreByBenchmark(Messwert, BM, BM_150pct, BM_250pct). FinalScore = MIN(AutoScore, BenchmarkScore, RedLineScore). Tax_Rate = WUStG-Mapping(FinalScore).",≥90%:+3; 70–89%:+2; 50–69%:0; 30–49%:‑2; <30%:‑3,50.0,75.0,100.0,Nein,"mittel: limited assurance, später reasonable assurance je Relevanz",Quelle + Einheit + Systemgrenze + Zeitraum + Prüfnachweis; bei Datenlücke konservative Default-/Proxylogik markieren,public_research: strukturell vollständig; wissenschaftliche Validierung empfohlen,public research; not official; formula-ready; benchmark calibration required; source mapped; exact disclosure missing
WOK-E-124,E / Umwelt,Planet,Wasser,SDG 6 – Wasser,6.4,Wasserentnahme (WSI),Wasserentnahme (WSI) – Abwasserqualität,Proben > Grenzwert,%,lower_is_better,reg_limit,threshold_numeric_and_benchmark,UN_SDG_GOALS; UN_SDG_INDICATORS; UN_SDG_METADATA; EUROSTAT_NACE; EC_CSRD; EFRAG_ESRS_SET1; EFRAG_ESRS_IG; ISO_14046; WRI_AQUEDUCT,share_percent,Zähler: erfüllte / abgedeckte Fälle; Nenner: relevante Grundgesamtheit; Wert = Zähler / Nenner * 100.,"AutoScore = ScoreByThreshold(Messwert, Schwellen='≤50% Grenzwert:+3; ≤75%:+2; ≤100%:0; 101–120%:‑2; >120%:‑3', Polarity='lower_is_better', Archetype='reg_limit'). BenchmarkScore = ScoreByBenchmark(Messwert, BM, BM_150pct, BM_250pct). FinalScore = MIN(AutoScore, BenchmarkScore, RedLineScore). Tax_Rate = WUStG-Mapping(FinalScore).",≤50% Grenzwert:+3; ≤75%:+2; ≤100%:0; 101–120%:‑2; >120%:‑3,1.0,1.2,1.5,Nein,"mittel: limited assurance, später reasonable assurance je Relevanz",Quelle + Einheit + Systemgrenze + Zeitraum + Prüfnachweis; bei Datenlücke konservative Default-/Proxylogik markieren,public_research: strukturell vollständig; wissenschaftliche Validierung empfohlen,public research; not official; formula-ready; benchmark calibration required; source mapped; exact disclosure missing
WOK-E-125,E / Umwelt,Planet,Wasser,SDG 6 – Wasser,6.3,Abwasserqualität,Abwasserqualität – Entnahme (WSI),Wasserentnahme × Wasserstressindex,m³*WSI,lower_is_better,reg_limit,benchmark_relative_calibration_required,UN_SDG_GOALS; UN_SDG_INDICATORS; UN_SDG_METADATA; EUROSTAT_NACE; EC_CSRD; EFRAG_ESRS_SET1; EFRAG_ESRS_IG; ISO_14046; WRI_AQUEDUCT,index_0_1,"Wert = gewichteter Kriterienindex von 0 bis 1; Kriterien, Gewichtung und Nachweis je WÖk-ID offenlegen.","AutoScore = ScoreByThreshold(Messwert, Schwellen='Top‑10%:+3; Mittel:0; >150%:‑2; >250%:‑3', Polarity='lower_is_better', Archetype='reg_limit'). BenchmarkScore = ScoreByBenchmark(Messwert, BM, BM_150pct, BM_250pct). FinalScore = MIN(AutoScore, BenchmarkScore, RedLineScore). Tax_Rate = WUStG-Mapping(FinalScore).",Top‑10%:+3; Mittel:0; >150%:‑2; >250%:‑3,1.0,1.2,1.5,Nein,"mittel: limited assurance, später reasonable assurance je Relevanz",Quelle + Einheit + Systemgrenze + Zeitraum + Prüfnachweis; bei Datenlücke konservative Default-/Proxylogik markieren,public_research: strukturell vollständig; wissenschaftliche Validierung empfohlen,public research; not official; formula-ready; benchmark calibration required; source mapped; exact disclosure missing
WOK-E-126,E / Umwelt,Planet,Wasser,SDG 6 – Wasser,6.3,Abwasserqualität,Abwasserqualität – Reuse,Anteil wiederverwendetes Prozesswasser,%,higher_is_better,higher_is_better_pct,threshold_numeric_and_benchmark,UN_SDG_GOALS; UN_SDG_INDICATORS; UN_SDG_METADATA; EUROSTAT_NACE; EC_CSRD; EFRAG_ESRS_SET1; EFRAG_ESRS_IG; ISO_14046; WRI_AQUEDUCT,share_percent,Zähler: erfüllte / abgedeckte Fälle; Nenner: relevante Grundgesamtheit; Wert = Zähler / Nenner * 100.,"AutoScore = ScoreByThreshold(Messwert, Schwellen='≥90%:+3; 70–89%:+2; 50–69%:0; 30–49%:‑2; <30%:‑3', Polarity='higher_is_better', Archetype='higher_is_better_pct'). BenchmarkScore = ScoreByBenchmark(Messwert, BM, BM_150pct, BM_250pct). FinalScore = MIN(AutoScore, BenchmarkScore, RedLineScore). Tax_Rate = WUStG-Mapping(FinalScore).",≥90%:+3; 70–89%:+2; 50–69%:0; 30–49%:‑2; <30%:‑3,50.0,75.0,100.0,Nein,"mittel: limited assurance, später reasonable assurance je Relevanz",Quelle + Einheit + Systemgrenze + Zeitraum + Prüfnachweis; bei Datenlücke konservative Default-/Proxylogik markieren,public_research: strukturell vollständig; wissenschaftliche Validierung empfohlen,public research; not official; formula-ready; benchmark calibration required; source mapped; exact disclosure missing
WOK-E-127,E / Umwelt,Planet,Wasser,SDG 6 – Wasser,6.3,Abwasserqualität,Abwasserqualität – Abwasserqualität,Proben > Grenzwert,%,lower_is_better,reg_limit,threshold_numeric_and_benchmark,UN_SDG_GOALS; UN_SDG_INDICATORS; UN_SDG_METADATA; EUROSTAT_NACE; EC_CSRD; EFRAG_ESRS_SET1; EFRAG_ESRS_IG; ISO_14046; WRI_AQUEDUCT,share_percent,Zähler: erfüllte / abgedeckte Fälle; Nenner: relevante Grundgesamtheit; Wert = Zähler / Nenner * 100.,"AutoScore = ScoreByThreshold(Messwert, Schwellen='≤50% Grenzwert:+3; ≤75%:+2; ≤100%:0; 101–120%:‑2; >120%:‑3', Polarity='lower_is_better', Archetype='reg_limit'). BenchmarkScore = ScoreByBenchmark(Messwert, BM, BM_150pct, BM_250pct). FinalScore = MIN(AutoScore, BenchmarkScore, RedLineScore). Tax_Rate = WUStG-Mapping(FinalScore).",≤50% Grenzwert:+3; ≤75%:+2; ≤100%:0; 101–120%:‑2; >120%:‑3,1.0,1.2,1.5,Nein,"mittel: limited assurance, später reasonable assurance je Relevanz",Quelle + Einheit + Systemgrenze + Zeitraum + Prüfnachweis; bei Datenlücke konservative Default-/Proxylogik markieren,public_research: strukturell vollständig; wissenschaftliche Validierung empfohlen,public research; not official; formula-ready; benchmark calibration required; source mapped; exact disclosure missing
WOK-E-128,E / Umwelt,Planet,Wasser,SDG 6 – Wasser,6.5,Wasser‑Reuse/Closed Loop,Wasser‑Reuse/Closed Loop – Entnahme (WSI),Wasserentnahme × Wasserstressindex,m³*WSI,lower_is_better,lower_is_better_abs,benchmark_relative_calibration_required,UN_SDG_GOALS; UN_SDG_INDICATORS; UN_SDG_METADATA; EUROSTAT_NACE; EC_CSRD; EFRAG_ESRS_SET1; EFRAG_ESRS_IG; ISO_14046; WRI_AQUEDUCT,index_0_1,"Wert = gewichteter Kriterienindex von 0 bis 1; Kriterien, Gewichtung und Nachweis je WÖk-ID offenlegen.","AutoScore = ScoreByThreshold(Messwert, Schwellen='Top‑10%:+3; Mittel:0; >150%:‑2; >250%:‑3', Polarity='lower_is_better', Archetype='lower_is_better_abs'). BenchmarkScore = ScoreByBenchmark(Messwert, BM, BM_150pct, BM_250pct). FinalScore = MIN(AutoScore, BenchmarkScore, RedLineScore). Tax_Rate = WUStG-Mapping(FinalScore).",Top‑10%:+3; Mittel:0; >150%:‑2; >250%:‑3,1.0,1.5,2.5,Nein,"mittel: limited assurance, später reasonable assurance je Relevanz",Quelle + Einheit + Systemgrenze + Zeitraum + Prüfnachweis; bei Datenlücke konservative Default-/Proxylogik markieren,public_research: operationalisierbar; empirische Benchmark-Kalibrierung erforderlich,public research; not official; formula-ready; benchmark calibration required; source mapped; exact disclosure missing
WOK-E-129,E / Umwelt,Planet,Wasser,SDG 6 – Wasser,6.5,Wasser‑Reuse/Closed Loop,Wasser‑Reuse/Closed Loop – Reuse,Anteil wiederverwendetes Prozesswasser,%,higher_is_better,higher_is_better_pct,threshold_numeric_and_benchmark,UN_SDG_GOALS; UN_SDG_INDICATORS; UN_SDG_METADATA; EUROSTAT_NACE; EC_CSRD; EFRAG_ESRS_SET1; EFRAG_ESRS_IG; ISO_14046; WRI_AQUEDUCT,share_percent,Zähler: erfüllte / abgedeckte Fälle; Nenner: relevante Grundgesamtheit; Wert = Zähler / Nenner * 100.,"AutoScore = ScoreByThreshold(Messwert, Schwellen='≥90%:+3; 70–89%:+2; 50–69%:0; 30–49%:‑2; <30%:‑3', Polarity='higher_is_better', Archetype='higher_is_better_pct'). BenchmarkScore = ScoreByBenchmark(Messwert, BM, BM_150pct, BM_250pct). FinalScore = MIN(AutoScore, BenchmarkScore, RedLineScore). Tax_Rate = WUStG-Mapping(FinalScore).",≥90%:+3; 70–89%:+2; 50–69%:0; 30–49%:‑2; <30%:‑3,50.0,75.0,100.0,Nein,"mittel: limited assurance, später reasonable assurance je Relevanz",Quelle + Einheit + Systemgrenze + Zeitraum + Prüfnachweis; bei Datenlücke konservative Default-/Proxylogik markieren,public_research: strukturell vollständig; wissenschaftliche Validierung empfohlen,public research; not official; formula-ready; benchmark calibration required; source mapped; exact disclosure missing
WOK-E-130,E / Umwelt,Planet,Wasser,SDG 6 – Wasser,6.5,Wasser‑Reuse/Closed Loop,Wasser‑Reuse/Closed Loop – Abwasserqualität,Proben > Grenzwert,%,lower_is_better,reg_limit,threshold_numeric_and_benchmark,UN_SDG_GOALS; UN_SDG_INDICATORS; UN_SDG_METADATA; EUROSTAT_NACE; EC_CSRD; EFRAG_ESRS_SET1; EFRAG_ESRS_IG; ISO_14046; WRI_AQUEDUCT,share_percent,Zähler: erfüllte / abgedeckte Fälle; Nenner: relevante Grundgesamtheit; Wert = Zähler / Nenner * 100.,"AutoScore = ScoreByThreshold(Messwert, Schwellen='≤50% Grenzwert:+3; ≤75%:+2; ≤100%:0; 101–120%:‑2; >120%:‑3', Polarity='lower_is_better', Archetype='reg_limit'). BenchmarkScore = ScoreByBenchmark(Messwert, BM, BM_150pct, BM_250pct). FinalScore = MIN(AutoScore, BenchmarkScore, RedLineScore). Tax_Rate = WUStG-Mapping(FinalScore).",≤50% Grenzwert:+3; ≤75%:+2; ≤100%:0; 101–120%:‑2; >120%:‑3,1.0,1.2,1.5,Nein,"mittel: limited assurance, später reasonable assurance je Relevanz",Quelle + Einheit + Systemgrenze + Zeitraum + Prüfnachweis; bei Datenlücke konservative Default-/Proxylogik markieren,public_research: strukturell vollständig; wissenschaftliche Validierung empfohlen,public research; not official; formula-ready; benchmark calibration required; source mapped; exact disclosure missing
WOK-SC-110,SC / Lieferkette,Planet,Wasser,SDG 6 – Wasser,6.4,Wasser in Lieferkette,Wasser in Lieferkette – ESG‑Spend‑Coverage,Anteil verifizierter ESG‑Daten am Spend,%,higher_is_better,higher_is_better_pct,threshold_numeric_and_benchmark,UN_SDG_GOALS; UN_SDG_INDICATORS; UN_SDG_METADATA; EUROSTAT_NACE; EC_CSRD; EFRAG_ESRS_SET1; EFRAG_ESRS_IG; GRI_STANDARDS; GRI_DOWNLOAD; ISO_14046; WRI_AQUEDUCT,share_percent,Zähler: erfüllte / abgedeckte Fälle; Nenner: relevante Grundgesamtheit; Wert = Zähler / Nenner * 100.,"AutoScore = ScoreByThreshold(Messwert, Schwellen='≥90:+3; 70–89:+2; 50–69:0; 30–49:‑2; <30:‑3', Polarity='higher_is_better', Archetype='higher_is_better_pct'). BenchmarkScore = ScoreByBenchmark(Messwert, BM, BM_150pct, BM_250pct). FinalScore = MIN(AutoScore, BenchmarkScore, RedLineScore). Tax_Rate = WUStG-Mapping(FinalScore).",≥90:+3; 70–89:+2; 50–69:0; 30–49:‑2; <30:‑3,59.5,89.25,100.0,Nein,"mittel: limited assurance, später reasonable assurance je Relevanz",Quelle + Einheit + Systemgrenze + Zeitraum + Prüfnachweis; bei Datenlücke konservative Default-/Proxylogik markieren,public_research: operationalisierbar; empirische Benchmark-Kalibrierung erforderlich,public research; not official; formula-ready; benchmark calibration required; source mapped; exact disclosure missing
WOK-SC-111,SC / Lieferkette,Planet,Wasser,SDG 6 – Wasser,6.4,Wasser in Lieferkette,Wasser in Lieferkette – Kinder/Zwangsarbeit,Audits ohne Verstöße,% Lieferanten,higher_is_better,higher_is_better_pct,threshold_numeric_and_benchmark,UN_SDG_GOALS; UN_SDG_INDICATORS; UN_SDG_METADATA; EUROSTAT_NACE; EC_CSRD; EFRAG_ESRS_SET1; EFRAG_ESRS_IG; GRI_STANDARDS; GRI_DOWNLOAD; ISO_14046; WRI_AQUEDUCT,share_percent,Zähler: erfüllte / abgedeckte Fälle; Nenner: relevante Grundgesamtheit; Wert = Zähler / Nenner * 100.,"AutoScore = ScoreByThreshold(Messwert, Schwellen='≥98:+3; 90–97:+2; 75–89:0; 50–74:‑2; <50:‑3', Polarity='higher_is_better', Archetype='higher_is_better_pct'). BenchmarkScore = ScoreByBenchmark(Messwert, BM, BM_150pct, BM_250pct). FinalScore = MIN(AutoScore, BenchmarkScore, RedLineScore). Tax_Rate = WUStG-Mapping(FinalScore).",≥98:+3; 90–97:+2; 75–89:0; 50–74:‑2; <50:‑3,82.0,100.0,100.0,Ja,hoch: externe Prüfung / reasonable assurance für kritische Risiken,Quelle + Einheit + Systemgrenze + Zeitraum + Prüfnachweis; bei Datenlücke konservative Default-/Proxylogik markieren,public_research: operationalisierbar; empirische Benchmark-Kalibrierung erforderlich,public research; not official; formula-ready; benchmark calibration required; red line; source mapped; exact disclosure missing
WOK-SC-112,SC / Lieferkette,Planet,Wasser,SDG 6 – Wasser,6.4,Wasser in Lieferkette,Wasser in Lieferkette – Scope‑3 Daten,Primärdaten‑Abdeckung,% Kategorien,higher_is_better,higher_is_better_pct,threshold_numeric_and_benchmark,UN_SDG_GOALS; UN_SDG_INDICATORS; UN_SDG_METADATA; EUROSTAT_NACE; EC_CSRD; EFRAG_ESRS_SET1; EFRAG_ESRS_IG; GHG_PROTOCOL_SCOPE3; GHG_PROTOCOL_PRODUCT; ISO_14064,share_percent,Zähler: erfüllte / abgedeckte Fälle; Nenner: relevante Grundgesamtheit; Wert = Zähler / Nenner * 100.,"AutoScore = ScoreByThreshold(Messwert, Schwellen='≥80:+3; 60–79:+2; 40–59:0; 20–39:‑2; <20:‑3', Polarity='higher_is_better', Archetype='higher_is_better_pct'). BenchmarkScore = ScoreByBenchmark(Messwert, BM, BM_150pct, BM_250pct). FinalScore = MIN(AutoScore, BenchmarkScore, RedLineScore). Tax_Rate = WUStG-Mapping(FinalScore).",≥80:+3; 60–79:+2; 40–59:0; 20–39:‑2; <20:‑3,49.5,74.25,100.0,Nein,"mittel: limited assurance, später reasonable assurance je Relevanz",Quelle + Einheit + Systemgrenze + Zeitraum + Prüfnachweis; bei Datenlücke konservative Default-/Proxylogik markieren,public_research: operationalisierbar; empirische Benchmark-Kalibrierung erforderlich,public research; not official; formula-ready; benchmark calibration required; source mapped; exact disclosure missing
WOK-RE-107,RE / Real Estate,Planet,Wasser,SDG 6 – Wasser,6.4,Wasser‑Effizienz Gebäude,Wasser‑Effizienz Gebäude – Betriebsenergie,Endenergiebedarf,kWh/m²a,lower_is_better,lower_is_better_abs,benchmark_relative_calibration_required,UN_SDG_GOALS; UN_SDG_INDICATORS; UN_SDG_METADATA; EUROSTAT_NACE; EC_CSRD; EFRAG_ESRS_SET1; EFRAG_ESRS_IG; ISO_50001; ISO_IEC_30134; EU_EPBD; EN_15978,water_intensity,"Wert = Wasserentnahme/-verbrauch je Einheit, ggf. multipliziert mit Wasserstressfaktor; Region und Zeitraum offenlegen.","AutoScore = ScoreByThreshold(Messwert, Schwellen='Top 15%:+3; +15–30%:+2; +31–60%:0; >+60%:‑2/‑3', Polarity='lower_is_better', Archetype='lower_is_better_abs'). BenchmarkScore = ScoreByBenchmark(Messwert, BM, BM_150pct, BM_250pct). FinalScore = MIN(AutoScore, BenchmarkScore, RedLineScore). Tax_Rate = WUStG-Mapping(FinalScore).",Top 15%:+3; +15–30%:+2; +31–60%:0; >+60%:‑2/‑3,1.0,1.5,2.5,Nein,"mittel: limited assurance, später reasonable assurance je Relevanz",Quelle + Einheit + Systemgrenze + Zeitraum + Prüfnachweis; bei Datenlücke konservative Default-/Proxylogik markieren,public_research: operationalisierbar; empirische Benchmark-Kalibrierung erforderlich,public research; not official; formula-ready; benchmark calibration required; source mapped; exact disclosure missing
WOK-RE-108,RE / Real Estate,Planet,Wasser,SDG 6 – Wasser,6.4,Wasser‑Effizienz Gebäude,Wasser‑Effizienz Gebäude – Graue Emissionen,Embodied Carbon (A1–A3),kg CO₂e/m²,lower_is_better,lower_is_better_abs,benchmark_relative_calibration_required,UN_SDG_GOALS; UN_SDG_INDICATORS; UN_SDG_METADATA; EUROSTAT_NACE; EC_CSRD; EFRAG_ESRS_SET1; EFRAG_ESRS_IG; GHG_PROTOCOL_SCOPE3; GHG_PROTOCOL_PRODUCT; ISO_14064; ISO_14067; EN_15978,emission_intensity,"Wert = THG-Emissionen in CO₂e je funktionaler Einheit, Produktmenge, Umsatz oder Aktivität; Systemgrenze offenlegen.","AutoScore = ScoreByThreshold(Messwert, Schwellen='Top‑10%:+3; Mittel:0; >150%:‑2; >250%:‑3', Polarity='lower_is_better', Archetype='lower_is_better_abs'). BenchmarkScore = ScoreByBenchmark(Messwert, BM, BM_150pct, BM_250pct). FinalScore = MIN(AutoScore, BenchmarkScore, RedLineScore). Tax_Rate = WUStG-Mapping(FinalScore).",Top‑10%:+3; Mittel:0; >150%:‑2; >250%:‑3,1.0,1.5,2.5,Nein,"mittel: limited assurance, später reasonable assurance je Relevanz",Quelle + Einheit + Systemgrenze + Zeitraum + Prüfnachweis; bei Datenlücke konservative Default-/Proxylogik markieren,public_research: operationalisierbar; empirische Benchmark-Kalibrierung erforderlich,public research; not official; formula-ready; benchmark calibration required; source mapped; exact disclosure missing
WOK-RE-109,RE / Real Estate,Planet,Wasser,SDG 6 – Wasser,6.4,Wasser‑Effizienz Gebäude,Wasser‑Effizienz Gebäude – ÖPNV‑Erreichbarkeit,Transit‑Score,0–1,higher_is_better,higher_is_better_abs,threshold_numeric_and_benchmark,UN_SDG_GOALS; UN_SDG_INDICATORS; UN_SDG_METADATA; EUROSTAT_NACE; EC_CSRD; EFRAG_ESRS_SET1; EFRAG_ESRS_IG; ISO_50001; ISO_IEC_30134; EU_EPBD,index_0_1,"Wert = gewichteter Kriterienindex von 0 bis 1; Kriterien, Gewichtung und Nachweis je WÖk-ID offenlegen.","AutoScore = ScoreByThreshold(Messwert, Schwellen='≥0,8:+3; 0,6–0,79:+2; 0,4–0,59:0; 0,2–0,39:‑2; <0,2:‑3', Polarity='higher_is_better', Archetype='higher_is_better_abs'). BenchmarkScore = ScoreByBenchmark(Messwert, BM, BM_150pct, BM_250pct). FinalScore = MIN(AutoScore, BenchmarkScore, RedLineScore). Tax_Rate = WUStG-Mapping(FinalScore).","≥0,8:+3; 0,6–0,79:+2; 0,4–0,59:0; 0,2–0,39:‑2; <0,2:‑3",0.495,0.7424999999999999,1.0,Nein,"mittel: limited assurance, später reasonable assurance je Relevanz",Quelle + Einheit + Systemgrenze + Zeitraum + Prüfnachweis; bei Datenlücke konservative Default-/Proxylogik markieren,public_research: operationalisierbar; empirische Benchmark-Kalibrierung erforderlich,public research; not official; formula-ready; benchmark calibration required; source mapped; exact disclosure missing
WOK-P-110,P / Produkt,Planet,Wasser,SDG 6 – Wasser,6.4,Wasser‑Intensität Produkte,Wasser‑Intensität Produkte – PCF,CO₂‑Fußabdruck pro Einheit,kg CO₂e/Einheit,lower_is_better,lower_is_better_abs,benchmark_relative_calibration_required,UN_SDG_GOALS; UN_SDG_INDICATORS; UN_SDG_METADATA; EUROSTAT_NACE; EC_CSRD; EFRAG_ESRS_SET1; EFRAG_ESRS_IG; GRI_STANDARDS; GRI_DOWNLOAD; ISO_14067; GHG_PROTOCOL_PRODUCT; ISO_14046; WRI_AQUEDUCT; EU_WEEE; GERMANY_VERPACKG,emission_intensity,"Wert = THG-Emissionen in CO₂e je funktionaler Einheit, Produktmenge, Umsatz oder Aktivität; Systemgrenze offenlegen.","AutoScore = ScoreByThreshold(Messwert, Schwellen='Top‑10%:+3; ±Benchmark:0; >150%:‑2; >250%:‑3', Polarity='lower_is_better', Archetype='lower_is_better_abs'). BenchmarkScore = ScoreByBenchmark(Messwert, BM, BM_150pct, BM_250pct). FinalScore = MIN(AutoScore, BenchmarkScore, RedLineScore). Tax_Rate = WUStG-Mapping(FinalScore).",Top‑10%:+3; ±Benchmark:0; >150%:‑2; >250%:‑3,1.0,1.5,2.5,Nein,"mittel: limited assurance, später reasonable assurance je Relevanz",Quelle + Einheit + Systemgrenze + Zeitraum + Prüfnachweis; bei Datenlücke konservative Default-/Proxylogik markieren,public_research: operationalisierbar; empirische Benchmark-Kalibrierung erforderlich,public research; not official; formula-ready; benchmark calibration required; source mapped; exact disclosure missing
WOK-P-111,P / Produkt,Planet,Wasser,SDG 6 – Wasser,6.4,Wasser‑Intensität Produkte,Wasser‑Intensität Produkte – Reparierbarkeit,Reparierbarkeitsindex,Score 0–10,higher_is_better,higher_is_better_score,threshold_numeric_and_benchmark,UN_SDG_GOALS; UN_SDG_INDICATORS; UN_SDG_METADATA; EUROSTAT_NACE; EC_CSRD; EFRAG_ESRS_SET1; EFRAG_ESRS_IG; ISO_14046; WRI_AQUEDUCT,index_0_1,"Wert = gewichteter Kriterienindex von 0 bis 1; Kriterien, Gewichtung und Nachweis je WÖk-ID offenlegen.","AutoScore = ScoreByThreshold(Messwert, Schwellen='≥8:+3; 6–7,9:+2; 4–5,9:0; 2–3,9:‑2; <2:‑3', Polarity='higher_is_better', Archetype='higher_is_better_score'). BenchmarkScore = ScoreByBenchmark(Messwert, BM, BM_150pct, BM_250pct). FinalScore = MIN(AutoScore, BenchmarkScore, RedLineScore). Tax_Rate = WUStG-Mapping(FinalScore).","≥8:+3; 6–7,9:+2; 4–5,9:0; 2–3,9:‑2; <2:‑3",4.95,1.0,1.0,Nein,"mittel: limited assurance, später reasonable assurance je Relevanz",Quelle + Einheit + Systemgrenze + Zeitraum + Prüfnachweis; bei Datenlücke konservative Default-/Proxylogik markieren,public_research: operationalisierbar; empirische Benchmark-Kalibrierung erforderlich,public research; not official; formula-ready; benchmark calibration required; source mapped; exact disclosure missing
WOK-P-112,P / Produkt,Planet,Wasser,SDG 6 – Wasser,6.4,Wasser‑Intensität Produkte,Wasser‑Intensität Produkte – Rücknahme/Recycling,Rücknahme‑/Recyclingquote,%,higher_is_better,higher_is_better_pct,threshold_numeric_and_benchmark,UN_SDG_GOALS; UN_SDG_INDICATORS; UN_SDG_METADATA; EUROSTAT_NACE; EC_CSRD; EFRAG_ESRS_SET1; EFRAG_ESRS_IG; GRI_STANDARDS; GRI_DOWNLOAD; ISO_14046; WRI_AQUEDUCT; EU_WEEE; GERMANY_VERPACKG,share_percent,Zähler: erfüllte / abgedeckte Fälle; Nenner: relevante Grundgesamtheit; Wert = Zähler / Nenner * 100.,"AutoScore = ScoreByThreshold(Messwert, Schwellen='≥70:+3; 50–69:+2; 30–49:0; 15–29:‑2; <15:‑3', Polarity='higher_is_better', Archetype='higher_is_better_pct'). BenchmarkScore = ScoreByBenchmark(Messwert, BM, BM_150pct, BM_250pct). FinalScore = MIN(AutoScore, BenchmarkScore, RedLineScore). Tax_Rate = WUStG-Mapping(FinalScore).",≥70:+3; 50–69:+2; 30–49:0; 15–29:‑2; <15:‑3,39.5,59.25,98.75,Nein,"mittel: limited assurance, später reasonable assurance je Relevanz",Quelle + Einheit + Systemgrenze + Zeitraum + Prüfnachweis; bei Datenlücke konservative Default-/Proxylogik markieren,public_research: operationalisierbar; empirische Benchmark-Kalibrierung erforderlich,public research; not official; formula-ready; benchmark calibration required; source mapped; exact disclosure missing
WOK-E-131,E / Umwelt,Planet,Wasser,SDG 6 – Wasser,6.3,Chemikalien in Wasser,Chemikalien in Wasser – Entnahme (WSI),Wasserentnahme × Wasserstressindex,m³*WSI,lower_is_better,lower_is_better_abs,benchmark_relative_calibration_required,UN_SDG_GOALS; UN_SDG_INDICATORS; UN_SDG_METADATA; EUROSTAT_NACE; EC_CSRD; EFRAG_ESRS_SET1; EFRAG_ESRS_IG; ISO_14046; WRI_AQUEDUCT,index_0_1,"Wert = gewichteter Kriterienindex von 0 bis 1; Kriterien, Gewichtung und Nachweis je WÖk-ID offenlegen.","AutoScore = ScoreByThreshold(Messwert, Schwellen='Top‑10%:+3; Mittel:0; >150%:‑2; >250%:‑3', Polarity='lower_is_better', Archetype='lower_is_better_abs'). BenchmarkScore = ScoreByBenchmark(Messwert, BM, BM_150pct, BM_250pct). FinalScore = MIN(AutoScore, BenchmarkScore, RedLineScore). Tax_Rate = WUStG-Mapping(FinalScore).",Top‑10%:+3; Mittel:0; >150%:‑2; >250%:‑3,1.0,1.5,2.5,Ja,hoch: externe Prüfung / reasonable assurance für kritische Risiken,Quelle + Einheit + Systemgrenze + Zeitraum + Prüfnachweis; bei Datenlücke konservative Default-/Proxylogik markieren,public_research: operationalisierbar; empirische Benchmark-Kalibrierung erforderlich,public research; not official; formula-ready; benchmark calibration required; red line; source mapped; exact disclosure missing
WOK-E-132,E / Umwelt,Planet,Wasser,SDG 6 – Wasser,6.3,Chemikalien in Wasser,Chemikalien in Wasser – Reuse,Anteil wiederverwendetes Prozesswasser,%,higher_is_better,higher_is_better_pct,threshold_numeric_and_benchmark,UN_SDG_GOALS; UN_SDG_INDICATORS; UN_SDG_METADATA; EUROSTAT_NACE; EC_CSRD; EFRAG_ESRS_SET1; EFRAG_ESRS_IG; ISO_14046; WRI_AQUEDUCT,share_percent,Zähler: erfüllte / abgedeckte Fälle; Nenner: relevante Grundgesamtheit; Wert = Zähler / Nenner * 100.,"AutoScore = ScoreByThreshold(Messwert, Schwellen='≥90%:+3; 70–89%:+2; 50–69%:0; 30–49%:‑2; <30%:‑3', Polarity='higher_is_better', Archetype='higher_is_better_pct'). BenchmarkScore = ScoreByBenchmark(Messwert, BM, BM_150pct, BM_250pct). FinalScore = MIN(AutoScore, BenchmarkScore, RedLineScore). Tax_Rate = WUStG-Mapping(FinalScore).",≥90%:+3; 70–89%:+2; 50–69%:0; 30–49%:‑2; <30%:‑3,50.0,75.0,100.0,Ja,hoch: externe Prüfung / reasonable assurance für kritische Risiken,Quelle + Einheit + Systemgrenze + Zeitraum + Prüfnachweis; bei Datenlücke konservative Default-/Proxylogik markieren,public_research: operationalisierbar; rote Linie/Assurance besonders prüfen,public research; not official; formula-ready; benchmark calibration required; red line; source mapped; exact disclosure missing
WOK-E-133,E / Umwelt,Planet,Wasser,SDG 6 – Wasser,6.3,Chemikalien in Wasser,Chemikalien in Wasser – Abwasserqualität,Proben > Grenzwert,%,lower_is_better,reg_limit,threshold_numeric_and_benchmark,UN_SDG_GOALS; UN_SDG_INDICATORS; UN_SDG_METADATA; EUROSTAT_NACE; EC_CSRD; EFRAG_ESRS_SET1; EFRAG_ESRS_IG; ISO_14046; WRI_AQUEDUCT,share_percent,Zähler: erfüllte / abgedeckte Fälle; Nenner: relevante Grundgesamtheit; Wert = Zähler / Nenner * 100.,"AutoScore = ScoreByThreshold(Messwert, Schwellen='≤50% Grenzwert:+3; ≤75%:+2; ≤100%:0; 101–120%:‑2; >120%:‑3', Polarity='lower_is_better', Archetype='reg_limit'). BenchmarkScore = ScoreByBenchmark(Messwert, BM, BM_150pct, BM_250pct). FinalScore = MIN(AutoScore, BenchmarkScore, RedLineScore). Tax_Rate = WUStG-Mapping(FinalScore).",≤50% Grenzwert:+3; ≤75%:+2; ≤100%:0; 101–120%:‑2; >120%:‑3,1.0,1.2,1.5,Ja,hoch: externe Prüfung / reasonable assurance für kritische Risiken,Quelle + Einheit + Systemgrenze + Zeitraum + Prüfnachweis; bei Datenlücke konservative Default-/Proxylogik markieren,public_research: operationalisierbar; rote Linie/Assurance besonders prüfen,public research; not official; formula-ready; benchmark calibration required; red line; source mapped; exact disclosure missing
WOK-E-134,E / Umwelt,Planet,Wasser,SDG 6 – Wasser,6.b,Grundwasser/Entnahme‑Reporting,Grundwasser/Entnahme‑Reporting – Entnahme (WSI),Wasserentnahme × Wasserstressindex,m³*WSI,lower_is_better,lower_is_better_abs,benchmark_relative_calibration_required,UN_SDG_GOALS; UN_SDG_INDICATORS; UN_SDG_METADATA; EUROSTAT_NACE; EC_CSRD; EFRAG_ESRS_SET1; EFRAG_ESRS_IG; ISO_14046; WRI_AQUEDUCT,index_0_1,"Wert = gewichteter Kriterienindex von 0 bis 1; Kriterien, Gewichtung und Nachweis je WÖk-ID offenlegen.","AutoScore = ScoreByThreshold(Messwert, Schwellen='Top‑10%:+3; Mittel:0; >150%:‑2; >250%:‑3', Polarity='lower_is_better', Archetype='lower_is_better_abs'). BenchmarkScore = ScoreByBenchmark(Messwert, BM, BM_150pct, BM_250pct). FinalScore = MIN(AutoScore, BenchmarkScore, RedLineScore). Tax_Rate = WUStG-Mapping(FinalScore).",Top‑10%:+3; Mittel:0; >150%:‑2; >250%:‑3,1.0,1.5,2.5,Nein,"mittel: limited assurance, später reasonable assurance je Relevanz",Quelle + Einheit + Systemgrenze + Zeitraum + Prüfnachweis; bei Datenlücke konservative Default-/Proxylogik markieren,public_research: operationalisierbar; empirische Benchmark-Kalibrierung erforderlich,public research; not official; formula-ready; benchmark calibration required; source mapped; exact disclosure missing
WOK-E-135,E / Umwelt,Planet,Wasser,SDG 6 – Wasser,6.b,Grundwasser/Entnahme‑Reporting,Grundwasser/Entnahme‑Reporting – Reuse,Anteil wiederverwendetes Prozesswasser,%,higher_is_better,higher_is_better_pct,threshold_numeric_and_benchmark,UN_SDG_GOALS; UN_SDG_INDICATORS; UN_SDG_METADATA; EUROSTAT_NACE; EC_CSRD; EFRAG_ESRS_SET1; EFRAG_ESRS_IG; ISO_14046; WRI_AQUEDUCT,share_percent,Zähler: erfüllte / abgedeckte Fälle; Nenner: relevante Grundgesamtheit; Wert = Zähler / Nenner * 100.,"AutoScore = ScoreByThreshold(Messwert, Schwellen='≥90%:+3; 70–89%:+2; 50–69%:0; 30–49%:‑2; <30%:‑3', Polarity='higher_is_better', Archetype='higher_is_better_pct'). BenchmarkScore = ScoreByBenchmark(Messwert, BM, BM_150pct, BM_250pct). FinalScore = MIN(AutoScore, BenchmarkScore, RedLineScore). Tax_Rate = WUStG-Mapping(FinalScore).",≥90%:+3; 70–89%:+2; 50–69%:0; 30–49%:‑2; <30%:‑3,50.0,75.0,100.0,Nein,"mittel: limited assurance, später reasonable assurance je Relevanz",Quelle + Einheit + Systemgrenze + Zeitraum + Prüfnachweis; bei Datenlücke konservative Default-/Proxylogik markieren,public_research: strukturell vollständig; wissenschaftliche Validierung empfohlen,public research; not official; formula-ready; benchmark calibration required; source mapped; exact disclosure missing
WOK-E-136,E / Umwelt,Planet,Wasser,SDG 6 – Wasser,6.b,Grundwasser/Entnahme‑Reporting,Grundwasser/Entnahme‑Reporting – Abwasserqualität,Proben > Grenzwert,%,lower_is_better,reg_limit,threshold_numeric_and_benchmark,UN_SDG_GOALS; UN_SDG_INDICATORS; UN_SDG_METADATA; EUROSTAT_NACE; EC_CSRD; EFRAG_ESRS_SET1; EFRAG_ESRS_IG; ISO_14046; WRI_AQUEDUCT,share_percent,Zähler: erfüllte / abgedeckte Fälle; Nenner: relevante Grundgesamtheit; Wert = Zähler / Nenner * 100.,"AutoScore = ScoreByThreshold(Messwert, Schwellen='≤50% Grenzwert:+3; ≤75%:+2; ≤100%:0; 101–120%:‑2; >120%:‑3', Polarity='lower_is_better', Archetype='reg_limit'). BenchmarkScore = ScoreByBenchmark(Messwert, BM, BM_150pct, BM_250pct). FinalScore = MIN(AutoScore, BenchmarkScore, RedLineScore). Tax_Rate = WUStG-Mapping(FinalScore).",≤50% Grenzwert:+3; ≤75%:+2; ≤100%:0; 101–120%:‑2; >120%:‑3,1.0,1.2,1.5,Nein,"mittel: limited assurance, später reasonable assurance je Relevanz",Quelle + Einheit + Systemgrenze + Zeitraum + Prüfnachweis; bei Datenlücke konservative Default-/Proxylogik markieren,public_research: strukturell vollständig; wissenschaftliche Validierung empfohlen,public research; not official; formula-ready; benchmark calibration required; source mapped; exact disclosure missing
WOK-G-131,G / Governance,Planet,Wasser,SDG 6 – Wasser,6.b,Wasser‑Governance & Rechte,Wasser‑Governance & Rechte – Antikorruption,Bestätigte Fälle/1.000 FTE,Fälle/1.000 FTE,lower_is_better,near_zero_better,threshold_numeric_and_benchmark,UN_SDG_GOALS; UN_SDG_INDICATORS; UN_SDG_METADATA; EUROSTAT_NACE; EC_CSRD; EFRAG_ESRS_SET1; EFRAG_ESRS_IG; GRI_STANDARDS; GRI_DOWNLOAD; ISO_14046; WRI_AQUEDUCT,water_intensity,"Wert = Wasserentnahme/-verbrauch je Einheit, ggf. multipliziert mit Wasserstressfaktor; Region und Zeitraum offenlegen.","AutoScore = ScoreByThreshold(Messwert, Schwellen='0:+3; ≤0,2:+2; ≤0,5:0; ≤1:‑2; >1:‑3', Polarity='lower_is_better', Archetype='near_zero_better'). BenchmarkScore = ScoreByBenchmark(Messwert, BM, BM_150pct, BM_250pct). FinalScore = MIN(AutoScore, BenchmarkScore, RedLineScore). Tax_Rate = WUStG-Mapping(FinalScore).","0:+3; ≤0,2:+2; ≤0,5:0; ≤1:‑2; >1:‑3",0.5,0.75,1.25,Ja,hoch: externe Prüfung / reasonable assurance für kritische Risiken,Quelle + Einheit + Systemgrenze + Zeitraum + Prüfnachweis; bei Datenlücke konservative Default-/Proxylogik markieren,public_research: operationalisierbar; empirische Benchmark-Kalibrierung erforderlich,public research; not official; formula-ready; benchmark calibration required; red line; source mapped; exact disclosure missing
WOK-G-132,G / Governance,Planet,Wasser,SDG 6 – Wasser,6.b,Wasser‑Governance & Rechte,Wasser‑Governance & Rechte – Whistleblowing,Wirksamkeits‑Score,0–1,higher_is_better,higher_is_better_abs,threshold_numeric_and_benchmark,UN_SDG_GOALS; UN_SDG_INDICATORS; UN_SDG_METADATA; EUROSTAT_NACE; EC_CSRD; EFRAG_ESRS_SET1; EFRAG_ESRS_IG; GRI_STANDARDS; GRI_DOWNLOAD; ISO_14046; WRI_AQUEDUCT,index_0_1,"Wert = gewichteter Kriterienindex von 0 bis 1; Kriterien, Gewichtung und Nachweis je WÖk-ID offenlegen.","AutoScore = ScoreByThreshold(Messwert, Schwellen='≥0,9:+3; 0,75–0,89:+2; 0,6–0,74:0; 0,4–0,59:‑2; <0,4:‑3', Polarity='higher_is_better', Archetype='higher_is_better_abs'). BenchmarkScore = ScoreByBenchmark(Messwert, BM, BM_150pct, BM_250pct). FinalScore = MIN(AutoScore, BenchmarkScore, RedLineScore). Tax_Rate = WUStG-Mapping(FinalScore).","≥0,9:+3; 0,75–0,89:+2; 0,6–0,74:0; 0,4–0,59:‑2; <0,4:‑3",0.6699999999999999,1.0,1.0,Ja,hoch: externe Prüfung / reasonable assurance für kritische Risiken,Quelle + Einheit + Systemgrenze + Zeitraum + Prüfnachweis; bei Datenlücke konservative Default-/Proxylogik markieren,public_research: operationalisierbar; empirische Benchmark-Kalibrierung erforderlich,public research; not official; formula-ready; benchmark calibration required; red line; source mapped; exact disclosure missing
WOK-G-133,G / Governance,Planet,Wasser,SDG 6 – Wasser,6.b,Wasser‑Governance & Rechte,Wasser‑Governance & Rechte – Steuertransparenz,CbCR‑Offenlegung,0–1,higher_is_better,higher_is_better_abs,qualitative_ordinal,UN_SDG_GOALS; UN_SDG_INDICATORS; UN_SDG_METADATA; EUROSTAT_NACE; EC_CSRD; EFRAG_ESRS_SET1; EFRAG_ESRS_IG; GRI_STANDARDS; GRI_DOWNLOAD; ISO_14046; WRI_AQUEDUCT,index_0_1,"Wert = gewichteter Kriterienindex von 0 bis 1; Kriterien, Gewichtung und Nachweis je WÖk-ID offenlegen.","AutoScore = ScoreByThreshold(Messwert, Schwellen='vollständig:+3; teilweise:+2; minimal:0; schlecht:‑2', Polarity='higher_is_better', Archetype='higher_is_better_abs'). BenchmarkScore = ScoreByBenchmark(Messwert, BM, BM_150pct, BM_250pct). FinalScore = MIN(AutoScore, BenchmarkScore, RedLineScore). Tax_Rate = WUStG-Mapping(FinalScore).",vollständig:+3; teilweise:+2; minimal:0; schlecht:‑2,0.5,0.75,0.9,Nein,"mittel: limited assurance, später reasonable assurance je Relevanz",Quelle + Einheit + Systemgrenze + Zeitraum + Prüfnachweis; bei Datenlücke konservative Default-/Proxylogik markieren,public_research: operationalisierbar; empirische Benchmark-Kalibrierung erforderlich,public research; not official; formula-ready; qualitative review required; source mapped; exact disclosure missing
WOK-E-137,E / Umwelt,Planet,Energie,SDG 7 – Energie,7.2,Erneuerbare Energien,Erneuerbare Energien – EE‑Anteil,Anteil erneuerbarer Energien am Strombezug,%,higher_is_better,higher_is_better_pct,threshold_numeric_and_benchmark,UN_SDG_GOALS; UN_SDG_INDICATORS; UN_SDG_METADATA; EUROSTAT_NACE; EC_CSRD; EFRAG_ESRS_SET1; EFRAG_ESRS_IG; GHG_PROTOCOL_SCOPE3; GHG_PROTOCOL_PRODUCT; ISO_50001; ISO_IEC_30134; EU_EPBD,share_percent,Zähler: erfüllte / abgedeckte Fälle; Nenner: relevante Grundgesamtheit; Wert = Zähler / Nenner * 100.,"AutoScore = ScoreByThreshold(Messwert, Schwellen='≥90%:+3; 70–89%:+2; 50–69%:0; 30–49%:‑2; <30%:‑3', Polarity='higher_is_better', Archetype='higher_is_better_pct'). BenchmarkScore = ScoreByBenchmark(Messwert, BM, BM_150pct, BM_250pct). FinalScore = MIN(AutoScore, BenchmarkScore, RedLineScore). Tax_Rate = WUStG-Mapping(FinalScore).",≥90%:+3; 70–89%:+2; 50–69%:0; 30–49%:‑2; <30%:‑3,50.0,75.0,100.0,Nein,"mittel: limited assurance, später reasonable assurance je Relevanz",Quelle + Einheit + Systemgrenze + Zeitraum + Prüfnachweis; bei Datenlücke konservative Default-/Proxylogik markieren,public_research: strukturell vollständig; wissenschaftliche Validierung empfohlen,public research; not official; formula-ready; benchmark calibration required; source mapped; exact disclosure missing
WOK-E-138,E / Umwelt,Planet,Energie,SDG 7 – Energie,7.2,Erneuerbare Energien,Erneuerbare Energien – Intensität,Energie je Output/Umsatz,kWh/€ Mio bzw. kWh/t,lower_is_better,lower_is_better_abs,benchmark_relative_calibration_required,UN_SDG_GOALS; UN_SDG_INDICATORS; UN_SDG_METADATA; EUROSTAT_NACE; EC_CSRD; EFRAG_ESRS_SET1; EFRAG_ESRS_IG; GHG_PROTOCOL_SCOPE3; GHG_PROTOCOL_PRODUCT; ISO_50001; ISO_IEC_30134; EU_EPBD,lower_is_better_metric,"Wert = gemessene Belastung, Risiko- oder Intensitätskennzahl je funktionaler Einheit; niedriger ist besser.","AutoScore = ScoreByThreshold(Messwert, Schwellen='Top‑10%:+3; Mittel:0; >150%:‑2; >250%:‑3', Polarity='lower_is_better', Archetype='lower_is_better_abs'). BenchmarkScore = ScoreByBenchmark(Messwert, BM, BM_150pct, BM_250pct). FinalScore = MIN(AutoScore, BenchmarkScore, RedLineScore). Tax_Rate = WUStG-Mapping(FinalScore).",Top‑10%:+3; Mittel:0; >150%:‑2; >250%:‑3,1.0,1.5,2.5,Nein,"mittel: limited assurance, später reasonable assurance je Relevanz",Quelle + Einheit + Systemgrenze + Zeitraum + Prüfnachweis; bei Datenlücke konservative Default-/Proxylogik markieren,public_research: operationalisierbar; empirische Benchmark-Kalibrierung erforderlich,public research; not official; formula-ready; benchmark calibration required; source mapped; exact disclosure missing
WOK-E-139,E / Umwelt,Planet,Energie,SDG 7 – Energie,7.2,Erneuerbare Energien,Erneuerbare Energien – Effizienz (PUE)*,Effizienz Rechenzentrum/IT‑Betrieb (falls zutreffend),PUE,lower_is_better,pue,threshold_numeric_and_benchmark,UN_SDG_GOALS; UN_SDG_INDICATORS; UN_SDG_METADATA; EUROSTAT_NACE; EC_CSRD; EFRAG_ESRS_SET1; EFRAG_ESRS_IG; ISO_14067; GHG_PROTOCOL_PRODUCT; ISO_50001; ISO_IEC_30134; ISO_IEC_27701; EU_EPBD,pue,PUE = Gesamtenergie Rechenzentrum / IT-Energie; Klimazone und Messzeitraum offenlegen.,"AutoScore = ScoreByThreshold(Messwert, Schwellen='≤1,2:+3; 1,21–1,4:+2; 1,41–1,6:0; 1,61–1,8:‑2; >1,8:‑3', Polarity='lower_is_better', Archetype='pue'). BenchmarkScore = ScoreByBenchmark(Messwert, BM, BM_150pct, BM_250pct). FinalScore = MIN(AutoScore, BenchmarkScore, RedLineScore). Tax_Rate = WUStG-Mapping(FinalScore).","≤1,2:+3; 1,21–1,4:+2; 1,41–1,6:0; 1,61–1,8:‑2; >1,8:‑3",1.505,2.2575,3.7625,Nein,"mittel: limited assurance, später reasonable assurance je Relevanz",Quelle + Einheit + Systemgrenze + Zeitraum + Prüfnachweis; bei Datenlücke konservative Default-/Proxylogik markieren,public_research: operationalisierbar; empirische Benchmark-Kalibrierung erforderlich,public research; not official; formula-ready; benchmark calibration required; source mapped; exact disclosure missing
WOK-E-140,E / Umwelt,Planet,Energie,SDG 7 – Energie,7.3,Energieeffizienz,Energieeffizienz – EE‑Anteil,Anteil erneuerbarer Energien am Strombezug,%,higher_is_better,higher_is_better_pct,threshold_numeric_and_benchmark,UN_SDG_GOALS; UN_SDG_INDICATORS; UN_SDG_METADATA; EUROSTAT_NACE; EC_CSRD; EFRAG_ESRS_SET1; EFRAG_ESRS_IG; GHG_PROTOCOL_SCOPE3; GHG_PROTOCOL_PRODUCT; ISO_50001; ISO_IEC_30134; EU_EPBD,share_percent,Zähler: erfüllte / abgedeckte Fälle; Nenner: relevante Grundgesamtheit; Wert = Zähler / Nenner * 100.,"AutoScore = ScoreByThreshold(Messwert, Schwellen='≥90%:+3; 70–89%:+2; 50–69%:0; 30–49%:‑2; <30%:‑3', Polarity='higher_is_better', Archetype='higher_is_better_pct'). BenchmarkScore = ScoreByBenchmark(Messwert, BM, BM_150pct, BM_250pct). FinalScore = MIN(AutoScore, BenchmarkScore, RedLineScore). Tax_Rate = WUStG-Mapping(FinalScore).",≥90%:+3; 70–89%:+2; 50–69%:0; 30–49%:‑2; <30%:‑3,50.0,75.0,100.0,Nein,"mittel: limited assurance, später reasonable assurance je Relevanz",Quelle + Einheit + Systemgrenze + Zeitraum + Prüfnachweis; bei Datenlücke konservative Default-/Proxylogik markieren,public_research: strukturell vollständig; wissenschaftliche Validierung empfohlen,public research; not official; formula-ready; benchmark calibration required; source mapped; exact disclosure missing
WOK-E-141,E / Umwelt,Planet,Energie,SDG 7 – Energie,7.3,Energieeffizienz,Energieeffizienz – Intensität,Energie je Output/Umsatz,kWh/€ Mio bzw. kWh/t,lower_is_better,lower_is_better_abs,benchmark_relative_calibration_required,UN_SDG_GOALS; UN_SDG_INDICATORS; UN_SDG_METADATA; EUROSTAT_NACE; EC_CSRD; EFRAG_ESRS_SET1; EFRAG_ESRS_IG; GHG_PROTOCOL_SCOPE3; GHG_PROTOCOL_PRODUCT; ISO_50001; ISO_IEC_30134; EU_EPBD,lower_is_better_metric,"Wert = gemessene Belastung, Risiko- oder Intensitätskennzahl je funktionaler Einheit; niedriger ist besser.","AutoScore = ScoreByThreshold(Messwert, Schwellen='Top‑10%:+3; Mittel:0; >150%:‑2; >250%:‑3', Polarity='lower_is_better', Archetype='lower_is_better_abs'). BenchmarkScore = ScoreByBenchmark(Messwert, BM, BM_150pct, BM_250pct). FinalScore = MIN(AutoScore, BenchmarkScore, RedLineScore). Tax_Rate = WUStG-Mapping(FinalScore).",Top‑10%:+3; Mittel:0; >150%:‑2; >250%:‑3,1.0,1.5,2.5,Nein,"mittel: limited assurance, später reasonable assurance je Relevanz",Quelle + Einheit + Systemgrenze + Zeitraum + Prüfnachweis; bei Datenlücke konservative Default-/Proxylogik markieren,public_research: operationalisierbar; empirische Benchmark-Kalibrierung erforderlich,public research; not official; formula-ready; benchmark calibration required; source mapped; exact disclosure missing
WOK-E-142,E / Umwelt,Planet,Energie,SDG 7 – Energie,7.3,Energieeffizienz,Energieeffizienz – Effizienz (PUE)*,Effizienz Rechenzentrum/IT‑Betrieb (falls zutreffend),PUE,lower_is_better,pue,threshold_numeric_and_benchmark,UN_SDG_GOALS; UN_SDG_INDICATORS; UN_SDG_METADATA; EUROSTAT_NACE; EC_CSRD; EFRAG_ESRS_SET1; EFRAG_ESRS_IG; ISO_14067; GHG_PROTOCOL_PRODUCT; ISO_50001; ISO_IEC_30134; ISO_IEC_27701; EU_EPBD,pue,PUE = Gesamtenergie Rechenzentrum / IT-Energie; Klimazone und Messzeitraum offenlegen.,"AutoScore = ScoreByThreshold(Messwert, Schwellen='≤1,2:+3; 1,21–1,4:+2; 1,41–1,6:0; 1,61–1,8:‑2; >1,8:‑3', Polarity='lower_is_better', Archetype='pue'). BenchmarkScore = ScoreByBenchmark(Messwert, BM, BM_150pct, BM_250pct). FinalScore = MIN(AutoScore, BenchmarkScore, RedLineScore). Tax_Rate = WUStG-Mapping(FinalScore).","≤1,2:+3; 1,21–1,4:+2; 1,41–1,6:0; 1,61–1,8:‑2; >1,8:‑3",1.505,2.2575,3.7625,Nein,"mittel: limited assurance, später reasonable assurance je Relevanz",Quelle + Einheit + Systemgrenze + Zeitraum + Prüfnachweis; bei Datenlücke konservative Default-/Proxylogik markieren,public_research: operationalisierbar; empirische Benchmark-Kalibrierung erforderlich,public research; not official; formula-ready; benchmark calibration required; source mapped; exact disclosure missing
WOK-POL-101,POL / Politik/Regulatorik,Planet,Energie,SDG 7 – Energie,7.2,Spezifische Emissionen Strom,Spezifische Emissionen Strom – Spezifische Emissionen,CO₂e je kWh (LCA),g CO₂e/kWh,lower_is_better,lower_is_better_abs,threshold_numeric_and_benchmark,UN_SDG_GOALS; UN_SDG_INDICATORS; UN_SDG_METADATA; EUROSTAT_NACE; EC_CSRD; EFRAG_ESRS_SET1; EFRAG_ESRS_IG; EU_TAXONOMY; GHG_PROTOCOL_SCOPE3; GHG_PROTOCOL_PRODUCT; ISO_14064,emission_intensity,"Wert = THG-Emissionen in CO₂e je funktionaler Einheit, Produktmenge, Umsatz oder Aktivität; Systemgrenze offenlegen.","AutoScore = ScoreByThreshold(Messwert, Schwellen='≤100:+3; 101–250:0; >250:‑2', Polarity='lower_is_better', Archetype='lower_is_better_abs'). BenchmarkScore = ScoreByBenchmark(Messwert, BM, BM_150pct, BM_250pct). FinalScore = MIN(AutoScore, BenchmarkScore, RedLineScore). Tax_Rate = WUStG-Mapping(FinalScore).",≤100:+3; 101–250:0; >250:‑2,175.5,263.25,438.75,Nein,"mittel: limited assurance, später reasonable assurance je Relevanz",Quelle + Einheit + Systemgrenze + Zeitraum + Prüfnachweis; bei Datenlücke konservative Default-/Proxylogik markieren,public_research: operationalisierbar; empirische Benchmark-Kalibrierung erforderlich,public research; not official; formula-ready; benchmark calibration required; source mapped; exact disclosure missing
WOK-POL-102,POL / Politik/Regulatorik,Planet,Energie,SDG 7 – Energie,7.2,Spezifische Emissionen Strom,Spezifische Emissionen Strom – DNSH‑Konformität,‚Do No Significant Harm‘ erfüllt,% Aktivitäten,higher_is_better,higher_is_better_pct,threshold_numeric_and_benchmark,UN_SDG_GOALS; UN_SDG_INDICATORS; UN_SDG_METADATA; EUROSTAT_NACE; EC_CSRD; EFRAG_ESRS_SET1; EFRAG_ESRS_IG; EU_TAXONOMY; GHG_PROTOCOL_SCOPE3; GHG_PROTOCOL_PRODUCT; ISO_14064,share_percent,Zähler: erfüllte / abgedeckte Fälle; Nenner: relevante Grundgesamtheit; Wert = Zähler / Nenner * 100.,"AutoScore = ScoreByThreshold(Messwert, Schwellen='≥90%:+3; 70–89%:+2; 50–69%:0; 30–49%:‑2; <30%:‑3', Polarity='higher_is_better', Archetype='higher_is_better_pct'). BenchmarkScore = ScoreByBenchmark(Messwert, BM, BM_150pct, BM_250pct). FinalScore = MIN(AutoScore, BenchmarkScore, RedLineScore). Tax_Rate = WUStG-Mapping(FinalScore).",≥90%:+3; 70–89%:+2; 50–69%:0; 30–49%:‑2; <30%:‑3,50.0,75.0,100.0,Nein,"mittel: limited assurance, später reasonable assurance je Relevanz",Quelle + Einheit + Systemgrenze + Zeitraum + Prüfnachweis; bei Datenlücke konservative Default-/Proxylogik markieren,public_research: strukturell vollständig; wissenschaftliche Validierung empfohlen,public research; not official; formula-ready; benchmark calibration required; source mapped; exact disclosure missing
WOK-POL-103,POL / Politik/Regulatorik,Planet,Energie,SDG 7 – Energie,7.2,Spezifische Emissionen Strom,Spezifische Emissionen Strom – TSC‑Schwellen,Anteil unter technischen TSC‑Grenzen,% Aktivitäten,higher_is_better,higher_is_better_pct,threshold_numeric_and_benchmark,UN_SDG_GOALS; UN_SDG_INDICATORS; UN_SDG_METADATA; EUROSTAT_NACE; EC_CSRD; EFRAG_ESRS_SET1; EFRAG_ESRS_IG; EU_TAXONOMY; GHG_PROTOCOL_SCOPE3; GHG_PROTOCOL_PRODUCT; ISO_14064,share_percent,Zähler: erfüllte / abgedeckte Fälle; Nenner: relevante Grundgesamtheit; Wert = Zähler / Nenner * 100.,"AutoScore = ScoreByThreshold(Messwert, Schwellen='≥90%:+3; 70–89%:+2; 50–69%:0; 30–49%:‑2; <30%:‑3', Polarity='higher_is_better', Archetype='higher_is_better_pct'). BenchmarkScore = ScoreByBenchmark(Messwert, BM, BM_150pct, BM_250pct). FinalScore = MIN(AutoScore, BenchmarkScore, RedLineScore). Tax_Rate = WUStG-Mapping(FinalScore).",≥90%:+3; 70–89%:+2; 50–69%:0; 30–49%:‑2; <30%:‑3,50.0,75.0,100.0,Nein,"mittel: limited assurance, später reasonable assurance je Relevanz",Quelle + Einheit + Systemgrenze + Zeitraum + Prüfnachweis; bei Datenlücke konservative Default-/Proxylogik markieren,public_research: strukturell vollständig; wissenschaftliche Validierung empfohlen,public research; not official; formula-ready; benchmark calibration required; source mapped; exact disclosure missing
WOK-P-113,P / Produkt,Planet,Energie,SDG 7 – Energie,7.3,Energieeffizienz Produkte,Energieeffizienz Produkte – PCF,CO₂‑Fußabdruck pro Einheit,kg CO₂e/Einheit,lower_is_better,lower_is_better_abs,benchmark_relative_calibration_required,UN_SDG_GOALS; UN_SDG_INDICATORS; UN_SDG_METADATA; EUROSTAT_NACE; EC_CSRD; EFRAG_ESRS_SET1; EFRAG_ESRS_IG; GRI_STANDARDS; GRI_DOWNLOAD; ISO_14067; GHG_PROTOCOL_PRODUCT; ISO_50001; ISO_IEC_30134; EU_WEEE; GERMANY_VERPACKG; EU_EPBD,emission_intensity,"Wert = THG-Emissionen in CO₂e je funktionaler Einheit, Produktmenge, Umsatz oder Aktivität; Systemgrenze offenlegen.","AutoScore = ScoreByThreshold(Messwert, Schwellen='Top‑10%:+3; ±Benchmark:0; >150%:‑2; >250%:‑3', Polarity='lower_is_better', Archetype='lower_is_better_abs'). BenchmarkScore = ScoreByBenchmark(Messwert, BM, BM_150pct, BM_250pct). FinalScore = MIN(AutoScore, BenchmarkScore, RedLineScore). Tax_Rate = WUStG-Mapping(FinalScore).",Top‑10%:+3; ±Benchmark:0; >150%:‑2; >250%:‑3,1.0,1.5,2.5,Nein,"mittel: limited assurance, später reasonable assurance je Relevanz",Quelle + Einheit + Systemgrenze + Zeitraum + Prüfnachweis; bei Datenlücke konservative Default-/Proxylogik markieren,public_research: operationalisierbar; empirische Benchmark-Kalibrierung erforderlich,public research; not official; formula-ready; benchmark calibration required; source mapped; exact disclosure missing
WOK-P-114,P / Produkt,Planet,Energie,SDG 7 – Energie,7.3,Energieeffizienz Produkte,Energieeffizienz Produkte – Reparierbarkeit,Reparierbarkeitsindex,Score 0–10,higher_is_better,higher_is_better_score,threshold_numeric_and_benchmark,UN_SDG_GOALS; UN_SDG_INDICATORS; UN_SDG_METADATA; EUROSTAT_NACE; EC_CSRD; EFRAG_ESRS_SET1; EFRAG_ESRS_IG; ISO_50001; ISO_IEC_30134; EU_EPBD,index_0_1,"Wert = gewichteter Kriterienindex von 0 bis 1; Kriterien, Gewichtung und Nachweis je WÖk-ID offenlegen.","AutoScore = ScoreByThreshold(Messwert, Schwellen='≥8:+3; 6–7,9:+2; 4–5,9:0; 2–3,9:‑2; <2:‑3', Polarity='higher_is_better', Archetype='higher_is_better_score'). BenchmarkScore = ScoreByBenchmark(Messwert, BM, BM_150pct, BM_250pct). FinalScore = MIN(AutoScore, BenchmarkScore, RedLineScore). Tax_Rate = WUStG-Mapping(FinalScore).","≥8:+3; 6–7,9:+2; 4–5,9:0; 2–3,9:‑2; <2:‑3",4.95,1.0,1.0,Nein,"mittel: limited assurance, später reasonable assurance je Relevanz",Quelle + Einheit + Systemgrenze + Zeitraum + Prüfnachweis; bei Datenlücke konservative Default-/Proxylogik markieren,public_research: operationalisierbar; empirische Benchmark-Kalibrierung erforderlich,public research; not official; formula-ready; benchmark calibration required; source mapped; exact disclosure missing
WOK-P-115,P / Produkt,Planet,Ressourcen & Kreislauf,SDG 7 – Energie,7.3,Energieeffizienz Produkte,Energieeffizienz Produkte – Rücknahme/Recycling,Rücknahme‑/Recyclingquote,%,higher_is_better,higher_is_better_pct,threshold_numeric_and_benchmark,UN_SDG_GOALS; UN_SDG_INDICATORS; UN_SDG_METADATA; EUROSTAT_NACE; EC_CSRD; EFRAG_ESRS_SET1; EFRAG_ESRS_IG; GRI_STANDARDS; GRI_DOWNLOAD; ISO_50001; ISO_IEC_30134; EU_WEEE; GERMANY_VERPACKG; EU_EPBD,share_percent,Zähler: erfüllte / abgedeckte Fälle; Nenner: relevante Grundgesamtheit; Wert = Zähler / Nenner * 100.,"AutoScore = ScoreByThreshold(Messwert, Schwellen='≥70:+3; 50–69:+2; 30–49:0; 15–29:‑2; <15:‑3', Polarity='higher_is_better', Archetype='higher_is_better_pct'). BenchmarkScore = ScoreByBenchmark(Messwert, BM, BM_150pct, BM_250pct). FinalScore = MIN(AutoScore, BenchmarkScore, RedLineScore). Tax_Rate = WUStG-Mapping(FinalScore).",≥70:+3; 50–69:+2; 30–49:0; 15–29:‑2; <15:‑3,39.5,59.25,98.75,Nein,"mittel: limited assurance, später reasonable assurance je Relevanz",Quelle + Einheit + Systemgrenze + Zeitraum + Prüfnachweis; bei Datenlücke konservative Default-/Proxylogik markieren,public_research: operationalisierbar; empirische Benchmark-Kalibrierung erforderlich,public research; not official; formula-ready; benchmark calibration required; source mapped; exact disclosure missing
WOK-RE-110,RE / Real Estate,Planet,Energie,SDG 7 – Energie,7.3,Gebäude‑Energieperformance,Gebäude‑Energieperformance – Betriebsenergie,Endenergiebedarf,kWh/m²a,lower_is_better,lower_is_better_abs,benchmark_relative_calibration_required,UN_SDG_GOALS; UN_SDG_INDICATORS; UN_SDG_METADATA; EUROSTAT_NACE; EC_CSRD; EFRAG_ESRS_SET1; EFRAG_ESRS_IG; ISO_50001; ISO_IEC_30134; EU_EPBD; EN_15978,lower_is_better_metric,"Wert = gemessene Belastung, Risiko- oder Intensitätskennzahl je funktionaler Einheit; niedriger ist besser.","AutoScore = ScoreByThreshold(Messwert, Schwellen='Top 15%:+3; +15–30%:+2; +31–60%:0; >+60%:‑2/‑3', Polarity='lower_is_better', Archetype='lower_is_better_abs'). BenchmarkScore = ScoreByBenchmark(Messwert, BM, BM_150pct, BM_250pct). FinalScore = MIN(AutoScore, BenchmarkScore, RedLineScore). Tax_Rate = WUStG-Mapping(FinalScore).",Top 15%:+3; +15–30%:+2; +31–60%:0; >+60%:‑2/‑3,1.0,1.5,2.5,Nein,"mittel: limited assurance, später reasonable assurance je Relevanz",Quelle + Einheit + Systemgrenze + Zeitraum + Prüfnachweis; bei Datenlücke konservative Default-/Proxylogik markieren,public_research: operationalisierbar; empirische Benchmark-Kalibrierung erforderlich,public research; not official; formula-ready; benchmark calibration required; source mapped; exact disclosure missing
WOK-RE-111,RE / Real Estate,Planet,Energie,SDG 7 – Energie,7.3,Gebäude‑Energieperformance,Gebäude‑Energieperformance – Graue Emissionen,Embodied Carbon (A1–A3),kg CO₂e/m²,lower_is_better,lower_is_better_abs,benchmark_relative_calibration_required,UN_SDG_GOALS; UN_SDG_INDICATORS; UN_SDG_METADATA; EUROSTAT_NACE; EC_CSRD; EFRAG_ESRS_SET1; EFRAG_ESRS_IG; GHG_PROTOCOL_SCOPE3; GHG_PROTOCOL_PRODUCT; ISO_14064; ISO_14067; EN_15978,emission_intensity,"Wert = THG-Emissionen in CO₂e je funktionaler Einheit, Produktmenge, Umsatz oder Aktivität; Systemgrenze offenlegen.","AutoScore = ScoreByThreshold(Messwert, Schwellen='Top‑10%:+3; Mittel:0; >150%:‑2; >250%:‑3', Polarity='lower_is_better', Archetype='lower_is_better_abs'). BenchmarkScore = ScoreByBenchmark(Messwert, BM, BM_150pct, BM_250pct). FinalScore = MIN(AutoScore, BenchmarkScore, RedLineScore). Tax_Rate = WUStG-Mapping(FinalScore).",Top‑10%:+3; Mittel:0; >150%:‑2; >250%:‑3,1.0,1.5,2.5,Nein,"mittel: limited assurance, später reasonable assurance je Relevanz",Quelle + Einheit + Systemgrenze + Zeitraum + Prüfnachweis; bei Datenlücke konservative Default-/Proxylogik markieren,public_research: operationalisierbar; empirische Benchmark-Kalibrierung erforderlich,public research; not official; formula-ready; benchmark calibration required; source mapped; exact disclosure missing
WOK-RE-112,RE / Real Estate,Planet,Energie,SDG 7 – Energie,7.3,Gebäude‑Energieperformance,Gebäude‑Energieperformance – ÖPNV‑Erreichbarkeit,Transit‑Score,0–1,higher_is_better,higher_is_better_abs,threshold_numeric_and_benchmark,UN_SDG_GOALS; UN_SDG_INDICATORS; UN_SDG_METADATA; EUROSTAT_NACE; EC_CSRD; EFRAG_ESRS_SET1; EFRAG_ESRS_IG; ISO_50001; ISO_IEC_30134; EU_EPBD,index_0_1,"Wert = gewichteter Kriterienindex von 0 bis 1; Kriterien, Gewichtung und Nachweis je WÖk-ID offenlegen.","AutoScore = ScoreByThreshold(Messwert, Schwellen='≥0,8:+3; 0,6–0,79:+2; 0,4–0,59:0; 0,2–0,39:‑2; <0,2:‑3', Polarity='higher_is_better', Archetype='higher_is_better_abs'). BenchmarkScore = ScoreByBenchmark(Messwert, BM, BM_150pct, BM_250pct). FinalScore = MIN(AutoScore, BenchmarkScore, RedLineScore). Tax_Rate = WUStG-Mapping(FinalScore).","≥0,8:+3; 0,6–0,79:+2; 0,4–0,59:0; 0,2–0,39:‑2; <0,2:‑3",0.495,0.7424999999999999,1.0,Nein,"mittel: limited assurance, später reasonable assurance je Relevanz",Quelle + Einheit + Systemgrenze + Zeitraum + Prüfnachweis; bei Datenlücke konservative Default-/Proxylogik markieren,public_research: operationalisierbar; empirische Benchmark-Kalibrierung erforderlich,public research; not official; formula-ready; benchmark calibration required; source mapped; exact disclosure missing
WOK-SYS-116,SYS / System,Planet,Energie,SDG 7 – Energie,7.1,Energie‑Armut adressieren,Energie‑Armut adressieren – Index,umsatzgewichteter Index (z. B. Demokratie/Rule of Law),0–1,higher_is_better,higher_is_better_abs,threshold_numeric_and_benchmark,UN_SDG_GOALS; UN_SDG_INDICATORS; UN_SDG_METADATA; EUROSTAT_NACE; EC_CSRD; EFRAG_ESRS_SET1; EFRAG_ESRS_IG; ISO_50001; ISO_IEC_30134; EU_EPBD; SOCIAL_VALUE_SROI,index_0_1,"Wert = gewichteter Kriterienindex von 0 bis 1; Kriterien, Gewichtung und Nachweis je WÖk-ID offenlegen.","AutoScore = ScoreByThreshold(Messwert, Schwellen='≥0,8:+3; 0,7–0,79:+2; 0,6–0,69:0; 0,5–0,59:‑2; <0,5:‑3', Polarity='higher_is_better', Archetype='higher_is_better_abs'). BenchmarkScore = ScoreByBenchmark(Messwert, BM, BM_150pct, BM_250pct). FinalScore = MIN(AutoScore, BenchmarkScore, RedLineScore). Tax_Rate = WUStG-Mapping(FinalScore).","≥0,8:+3; 0,7–0,79:+2; 0,6–0,69:0; 0,5–0,59:‑2; <0,5:‑3",0.645,0.9675,1.0,Nein,"mittel: limited assurance, später reasonable assurance je Relevanz",Quelle + Einheit + Systemgrenze + Zeitraum + Prüfnachweis; bei Datenlücke konservative Default-/Proxylogik markieren,public_research: operationalisierbar; empirische Benchmark-Kalibrierung erforderlich,public research; not official; formula-ready; benchmark calibration required; source mapped; exact disclosure missing
WOK-SYS-117,SYS / System,Planet,Energie,SDG 7 – Energie,7.1,Energie‑Armut adressieren,Energie‑Armut adressieren – Exposure,Umsatz in Hochrisikoländern,%,lower_is_better,lower_is_better_abs,threshold_numeric_and_benchmark,UN_SDG_GOALS; UN_SDG_INDICATORS; UN_SDG_METADATA; EUROSTAT_NACE; EC_CSRD; EFRAG_ESRS_SET1; EFRAG_ESRS_IG; ISO_50001; ISO_IEC_30134; EU_EPBD; SOCIAL_VALUE_SROI,share_percent,Zähler: erfüllte / abgedeckte Fälle; Nenner: relevante Grundgesamtheit; Wert = Zähler / Nenner * 100.,"AutoScore = ScoreByThreshold(Messwert, Schwellen='≤5:+3; 6–10:+2; 11–20:0; 21–30:‑2; >30:‑3', Polarity='lower_is_better', Archetype='lower_is_better_abs'). BenchmarkScore = ScoreByBenchmark(Messwert, BM, BM_150pct, BM_250pct). FinalScore = MIN(AutoScore, BenchmarkScore, RedLineScore). Tax_Rate = WUStG-Mapping(FinalScore).",≤5:+3; 6–10:+2; 11–20:0; 21–30:‑2; >30:‑3,15.5,23.25,38.75,Nein,"mittel: limited assurance, später reasonable assurance je Relevanz",Quelle + Einheit + Systemgrenze + Zeitraum + Prüfnachweis; bei Datenlücke konservative Default-/Proxylogik markieren,public_research: operationalisierbar; empirische Benchmark-Kalibrierung erforderlich,public research; not official; formula-ready; benchmark calibration required; source mapped; exact disclosure missing
WOK-SYS-118,SYS / System,Planet,Energie,SDG 7 – Energie,7.1,Energie‑Armut adressieren,Energie‑Armut adressieren – Kooperationen,"aktive, evaluierte Partnerschaften/Jahr",#/Jahr,higher_is_better,higher_is_better_abs,threshold_numeric_and_benchmark,UN_SDG_GOALS; UN_SDG_INDICATORS; UN_SDG_METADATA; EUROSTAT_NACE; EC_CSRD; EFRAG_ESRS_SET1; EFRAG_ESRS_IG; ISO_50001; ISO_IEC_30134; EU_EPBD; SOCIAL_VALUE_SROI,indicator_specific,"Wert gemäß definierter Messgröße; Zähler, Nenner, Einheit, Systemgrenze und Zeitraum je WÖk-ID dokumentieren.","AutoScore = ScoreByThreshold(Messwert, Schwellen='≥5:+3; 3–4:+2; 1–2:0; 0:‑2', Polarity='higher_is_better', Archetype='higher_is_better_abs'). BenchmarkScore = ScoreByBenchmark(Messwert, BM, BM_150pct, BM_250pct). FinalScore = MIN(AutoScore, BenchmarkScore, RedLineScore). Tax_Rate = WUStG-Mapping(FinalScore).",≥5:+3; 3–4:+2; 1–2:0; 0:‑2,1.5,2.25,3.75,Nein,"mittel: limited assurance, später reasonable assurance je Relevanz",Quelle + Einheit + Systemgrenze + Zeitraum + Prüfnachweis; bei Datenlücke konservative Default-/Proxylogik markieren,public_research: operationalisierbar; empirische Benchmark-Kalibrierung erforderlich,public research; not official; formula-ready; benchmark calibration required; source mapped; exact disclosure missing
WOK-E-143,E / Umwelt,Planet,Energie,SDG 7 – Energie,7.3,Netzverluste/IT‑Effizienz,Netzverluste/IT‑Effizienz – EE‑Anteil,Anteil erneuerbarer Energien am Strombezug,%,higher_is_better,higher_is_better_pct,threshold_numeric_and_benchmark,UN_SDG_GOALS; UN_SDG_INDICATORS; UN_SDG_METADATA; EUROSTAT_NACE; EC_CSRD; EFRAG_ESRS_SET1; EFRAG_ESRS_IG; GHG_PROTOCOL_SCOPE3; GHG_PROTOCOL_PRODUCT; ISO_50001; ISO_IEC_30134; EU_EPBD,share_percent,Zähler: erfüllte / abgedeckte Fälle; Nenner: relevante Grundgesamtheit; Wert = Zähler / Nenner * 100.,"AutoScore = ScoreByThreshold(Messwert, Schwellen='≥90%:+3; 70–89%:+2; 50–69%:0; 30–49%:‑2; <30%:‑3', Polarity='higher_is_better', Archetype='higher_is_better_pct'). BenchmarkScore = ScoreByBenchmark(Messwert, BM, BM_150pct, BM_250pct). FinalScore = MIN(AutoScore, BenchmarkScore, RedLineScore). Tax_Rate = WUStG-Mapping(FinalScore).",≥90%:+3; 70–89%:+2; 50–69%:0; 30–49%:‑2; <30%:‑3,50.0,75.0,100.0,Nein,"mittel: limited assurance, später reasonable assurance je Relevanz",Quelle + Einheit + Systemgrenze + Zeitraum + Prüfnachweis; bei Datenlücke konservative Default-/Proxylogik markieren,public_research: strukturell vollständig; wissenschaftliche Validierung empfohlen,public research; not official; formula-ready; benchmark calibration required; source mapped; exact disclosure missing
WOK-E-144,E / Umwelt,Planet,Energie,SDG 7 – Energie,7.3,Netzverluste/IT‑Effizienz,Netzverluste/IT‑Effizienz – Intensität,Energie je Output/Umsatz,kWh/€ Mio bzw. kWh/t,lower_is_better,lower_is_better_abs,benchmark_relative_calibration_required,UN_SDG_GOALS; UN_SDG_INDICATORS; UN_SDG_METADATA; EUROSTAT_NACE; EC_CSRD; EFRAG_ESRS_SET1; EFRAG_ESRS_IG; GHG_PROTOCOL_SCOPE3; GHG_PROTOCOL_PRODUCT; ISO_50001; ISO_IEC_30134; EU_EPBD,lower_is_better_metric,"Wert = gemessene Belastung, Risiko- oder Intensitätskennzahl je funktionaler Einheit; niedriger ist besser.","AutoScore = ScoreByThreshold(Messwert, Schwellen='Top‑10%:+3; Mittel:0; >150%:‑2; >250%:‑3', Polarity='lower_is_better', Archetype='lower_is_better_abs'). BenchmarkScore = ScoreByBenchmark(Messwert, BM, BM_150pct, BM_250pct). FinalScore = MIN(AutoScore, BenchmarkScore, RedLineScore). Tax_Rate = WUStG-Mapping(FinalScore).",Top‑10%:+3; Mittel:0; >150%:‑2; >250%:‑3,1.0,1.5,2.5,Nein,"mittel: limited assurance, später reasonable assurance je Relevanz",Quelle + Einheit + Systemgrenze + Zeitraum + Prüfnachweis; bei Datenlücke konservative Default-/Proxylogik markieren,public_research: operationalisierbar; empirische Benchmark-Kalibrierung erforderlich,public research; not official; formula-ready; benchmark calibration required; source mapped; exact disclosure missing
WOK-E-145,E / Umwelt,Planet,Energie,SDG 7 – Energie,7.3,Netzverluste/IT‑Effizienz,Netzverluste/IT‑Effizienz – Effizienz (PUE)*,Effizienz Rechenzentrum/IT‑Betrieb (falls zutreffend),PUE,lower_is_better,pue,threshold_numeric_and_benchmark,UN_SDG_GOALS; UN_SDG_INDICATORS; UN_SDG_METADATA; EUROSTAT_NACE; EC_CSRD; EFRAG_ESRS_SET1; EFRAG_ESRS_IG; ISO_14067; GHG_PROTOCOL_PRODUCT; ISO_50001; ISO_IEC_30134; ISO_IEC_27701; EU_EPBD,pue,PUE = Gesamtenergie Rechenzentrum / IT-Energie; Klimazone und Messzeitraum offenlegen.,"AutoScore = ScoreByThreshold(Messwert, Schwellen='≤1,2:+3; 1,21–1,4:+2; 1,41–1,6:0; 1,61–1,8:‑2; >1,8:‑3', Polarity='lower_is_better', Archetype='pue'). BenchmarkScore = ScoreByBenchmark(Messwert, BM, BM_150pct, BM_250pct). FinalScore = MIN(AutoScore, BenchmarkScore, RedLineScore). Tax_Rate = WUStG-Mapping(FinalScore).","≤1,2:+3; 1,21–1,4:+2; 1,41–1,6:0; 1,61–1,8:‑2; >1,8:‑3",1.505,2.2575,3.7625,Nein,"mittel: limited assurance, später reasonable assurance je Relevanz",Quelle + Einheit + Systemgrenze + Zeitraum + Prüfnachweis; bei Datenlücke konservative Default-/Proxylogik markieren,public_research: operationalisierbar; empirische Benchmark-Kalibrierung erforderlich,public research; not official; formula-ready; benchmark calibration required; source mapped; exact disclosure missing
WOK-SC-113,SC / Lieferkette,Planet,Energie,SDG 7 – Energie,7.3,Energie‑Daten in Lieferkette,Energie‑Daten in Lieferkette – ESG‑Spend‑Coverage,Anteil verifizierter ESG‑Daten am Spend,%,higher_is_better,higher_is_better_pct,threshold_numeric_and_benchmark,UN_SDG_GOALS; UN_SDG_INDICATORS; UN_SDG_METADATA; EUROSTAT_NACE; EC_CSRD; EFRAG_ESRS_SET1; EFRAG_ESRS_IG; GRI_STANDARDS; GRI_DOWNLOAD; ISO_50001; ISO_IEC_30134; EU_EPBD,share_percent,Zähler: erfüllte / abgedeckte Fälle; Nenner: relevante Grundgesamtheit; Wert = Zähler / Nenner * 100.,"AutoScore = ScoreByThreshold(Messwert, Schwellen='≥90:+3; 70–89:+2; 50–69:0; 30–49:‑2; <30:‑3', Polarity='higher_is_better', Archetype='higher_is_better_pct'). BenchmarkScore = ScoreByBenchmark(Messwert, BM, BM_150pct, BM_250pct). FinalScore = MIN(AutoScore, BenchmarkScore, RedLineScore). Tax_Rate = WUStG-Mapping(FinalScore).",≥90:+3; 70–89:+2; 50–69:0; 30–49:‑2; <30:‑3,59.5,89.25,100.0,Nein,"mittel: limited assurance, später reasonable assurance je Relevanz",Quelle + Einheit + Systemgrenze + Zeitraum + Prüfnachweis; bei Datenlücke konservative Default-/Proxylogik markieren,public_research: operationalisierbar; empirische Benchmark-Kalibrierung erforderlich,public research; not official; formula-ready; benchmark calibration required; source mapped; exact disclosure missing
WOK-SC-114,SC / Lieferkette,Planet,Arbeit & Fairness,SDG 7 – Energie,7.3,Energie‑Daten in Lieferkette,Energie‑Daten in Lieferkette – Kinder/Zwangsarbeit,Audits ohne Verstöße,% Lieferanten,higher_is_better,higher_is_better_pct,threshold_numeric_and_benchmark,UN_SDG_GOALS; UN_SDG_INDICATORS; UN_SDG_METADATA; EUROSTAT_NACE; EC_CSRD; EFRAG_ESRS_SET1; EFRAG_ESRS_IG; GRI_STANDARDS; GRI_DOWNLOAD; ISO_50001; ISO_IEC_30134; EU_EPBD,share_percent,Zähler: erfüllte / abgedeckte Fälle; Nenner: relevante Grundgesamtheit; Wert = Zähler / Nenner * 100.,"AutoScore = ScoreByThreshold(Messwert, Schwellen='≥98:+3; 90–97:+2; 75–89:0; 50–74:‑2; <50:‑3', Polarity='higher_is_better', Archetype='higher_is_better_pct'). BenchmarkScore = ScoreByBenchmark(Messwert, BM, BM_150pct, BM_250pct). FinalScore = MIN(AutoScore, BenchmarkScore, RedLineScore). Tax_Rate = WUStG-Mapping(FinalScore).",≥98:+3; 90–97:+2; 75–89:0; 50–74:‑2; <50:‑3,82.0,100.0,100.0,Ja,hoch: externe Prüfung / reasonable assurance für kritische Risiken,Quelle + Einheit + Systemgrenze + Zeitraum + Prüfnachweis; bei Datenlücke konservative Default-/Proxylogik markieren,public_research: operationalisierbar; empirische Benchmark-Kalibrierung erforderlich,public research; not official; formula-ready; benchmark calibration required; red line; source mapped; exact disclosure missing
WOK-SC-115,SC / Lieferkette,Planet,Energie,SDG 7 – Energie,7.3,Energie‑Daten in Lieferkette,Energie‑Daten in Lieferkette – Scope‑3 Daten,Primärdaten‑Abdeckung,% Kategorien,higher_is_better,higher_is_better_pct,threshold_numeric_and_benchmark,UN_SDG_GOALS; UN_SDG_INDICATORS; UN_SDG_METADATA; EUROSTAT_NACE; EC_CSRD; EFRAG_ESRS_SET1; EFRAG_ESRS_IG; GHG_PROTOCOL_SCOPE3; GHG_PROTOCOL_PRODUCT; ISO_14064,share_percent,Zähler: erfüllte / abgedeckte Fälle; Nenner: relevante Grundgesamtheit; Wert = Zähler / Nenner * 100.,"AutoScore = ScoreByThreshold(Messwert, Schwellen='≥80:+3; 60–79:+2; 40–59:0; 20–39:‑2; <20:‑3', Polarity='higher_is_better', Archetype='higher_is_better_pct'). BenchmarkScore = ScoreByBenchmark(Messwert, BM, BM_150pct, BM_250pct). FinalScore = MIN(AutoScore, BenchmarkScore, RedLineScore). Tax_Rate = WUStG-Mapping(FinalScore).",≥80:+3; 60–79:+2; 40–59:0; 20–39:‑2; <20:‑3,49.5,74.25,100.0,Nein,"mittel: limited assurance, später reasonable assurance je Relevanz",Quelle + Einheit + Systemgrenze + Zeitraum + Prüfnachweis; bei Datenlücke konservative Default-/Proxylogik markieren,public_research: operationalisierbar; empirische Benchmark-Kalibrierung erforderlich,public research; not official; formula-ready; benchmark calibration required; source mapped; exact disclosure missing
WOK-G-134,G / Governance,Planet,Energie,SDG 7 – Energie,7.2,Transparenz/Herkunftsnachweise,Transparenz/Herkunftsnachweise – Antikorruption,Bestätigte Fälle/1.000 FTE,Fälle/1.000 FTE,lower_is_better,near_zero_better,threshold_numeric_and_benchmark,UN_SDG_GOALS; UN_SDG_INDICATORS; UN_SDG_METADATA; EUROSTAT_NACE; EC_CSRD; EFRAG_ESRS_SET1; EFRAG_ESRS_IG; GRI_STANDARDS; GRI_DOWNLOAD; OECD_ANTI_BRIBERY,lower_is_better_metric,"Wert = gemessene Belastung, Risiko- oder Intensitätskennzahl je funktionaler Einheit; niedriger ist besser.","AutoScore = ScoreByThreshold(Messwert, Schwellen='0:+3; ≤0,2:+2; ≤0,5:0; ≤1:‑2; >1:‑3', Polarity='lower_is_better', Archetype='near_zero_better'). BenchmarkScore = ScoreByBenchmark(Messwert, BM, BM_150pct, BM_250pct). FinalScore = MIN(AutoScore, BenchmarkScore, RedLineScore). Tax_Rate = WUStG-Mapping(FinalScore).","0:+3; ≤0,2:+2; ≤0,5:0; ≤1:‑2; >1:‑3",0.5,0.75,1.25,Ja,hoch: externe Prüfung / reasonable assurance für kritische Risiken,Quelle + Einheit + Systemgrenze + Zeitraum + Prüfnachweis; bei Datenlücke konservative Default-/Proxylogik markieren,public_research: operationalisierbar; empirische Benchmark-Kalibrierung erforderlich,public research; not official; formula-ready; benchmark calibration required; red line; source mapped; exact disclosure missing
WOK-G-135,G / Governance,Planet,Energie,SDG 7 – Energie,7.2,Transparenz/Herkunftsnachweise,Transparenz/Herkunftsnachweise – Whistleblowing,Wirksamkeits‑Score,0–1,higher_is_better,higher_is_better_abs,threshold_numeric_and_benchmark,UN_SDG_GOALS; UN_SDG_INDICATORS; UN_SDG_METADATA; EUROSTAT_NACE; EC_CSRD; EFRAG_ESRS_SET1; EFRAG_ESRS_IG; GRI_STANDARDS; GRI_DOWNLOAD; OECD_ANTI_BRIBERY,index_0_1,"Wert = gewichteter Kriterienindex von 0 bis 1; Kriterien, Gewichtung und Nachweis je WÖk-ID offenlegen.","AutoScore = ScoreByThreshold(Messwert, Schwellen='≥0,9:+3; 0,75–0,89:+2; 0,6–0,74:0; 0,4–0,59:‑2; <0,4:‑3', Polarity='higher_is_better', Archetype='higher_is_better_abs'). BenchmarkScore = ScoreByBenchmark(Messwert, BM, BM_150pct, BM_250pct). FinalScore = MIN(AutoScore, BenchmarkScore, RedLineScore). Tax_Rate = WUStG-Mapping(FinalScore).","≥0,9:+3; 0,75–0,89:+2; 0,6–0,74:0; 0,4–0,59:‑2; <0,4:‑3",0.6699999999999999,1.0,1.0,Ja,hoch: externe Prüfung / reasonable assurance für kritische Risiken,Quelle + Einheit + Systemgrenze + Zeitraum + Prüfnachweis; bei Datenlücke konservative Default-/Proxylogik markieren,public_research: operationalisierbar; empirische Benchmark-Kalibrierung erforderlich,public research; not official; formula-ready; benchmark calibration required; red line; source mapped; exact disclosure missing
WOK-G-136,G / Governance,Planet,Energie,SDG 7 – Energie,7.2,Transparenz/Herkunftsnachweise,Transparenz/Herkunftsnachweise – Steuertransparenz,CbCR‑Offenlegung,0–1,higher_is_better,higher_is_better_abs,qualitative_ordinal,UN_SDG_GOALS; UN_SDG_INDICATORS; UN_SDG_METADATA; EUROSTAT_NACE; EC_CSRD; EFRAG_ESRS_SET1; EFRAG_ESRS_IG; GRI_STANDARDS; GRI_DOWNLOAD; OECD_ANTI_BRIBERY,index_0_1,"Wert = gewichteter Kriterienindex von 0 bis 1; Kriterien, Gewichtung und Nachweis je WÖk-ID offenlegen.","AutoScore = ScoreByThreshold(Messwert, Schwellen='vollständig:+3; teilweise:+2; minimal:0; schlecht:‑2', Polarity='higher_is_better', Archetype='higher_is_better_abs'). BenchmarkScore = ScoreByBenchmark(Messwert, BM, BM_150pct, BM_250pct). FinalScore = MIN(AutoScore, BenchmarkScore, RedLineScore). Tax_Rate = WUStG-Mapping(FinalScore).",vollständig:+3; teilweise:+2; minimal:0; schlecht:‑2,0.5,0.75,0.9,Ja,hoch: externe Prüfung / reasonable assurance für kritische Risiken,Quelle + Einheit + Systemgrenze + Zeitraum + Prüfnachweis; bei Datenlücke konservative Default-/Proxylogik markieren,public_research: operationalisierbar; empirische Benchmark-Kalibrierung erforderlich,public research; not official; formula-ready; qualitative review required; red line; source mapped; exact disclosure missing
WOK-S-146,S / Soziales,Mensch,Arbeit & Fairness,SDG 8 – Arbeit & Wachstum,8.8,LTIFR/Unfälle,LTIFR/Unfälle – Living Wage,Abdeckung Lebenslohn,% Beschäftigte,higher_is_better,higher_is_better_pct,threshold_numeric_and_benchmark,UN_SDG_GOALS; UN_SDG_INDICATORS; UN_SDG_METADATA; EUROSTAT_NACE; EC_CSRD; EFRAG_ESRS_SET1; EFRAG_ESRS_IG; GRI_STANDARDS; GRI_DOWNLOAD; ILO_FUNDAMENTAL_PRINCIPLES,rate_per_million_hours,Zähler: meldepflichtige Arbeitsunfälle mit Ausfallzeit; Nenner: geleistete Arbeitsstunden; Wert = Zähler / Nenner * 1.000.000.,"AutoScore = ScoreByThreshold(Messwert, Schwellen='≥95:+3; 80–94:+2; 60–79:0; 40–59:‑2; <40:‑3', Polarity='higher_is_better', Archetype='higher_is_better_pct'). BenchmarkScore = ScoreByBenchmark(Messwert, BM, BM_150pct, BM_250pct). FinalScore = MIN(AutoScore, BenchmarkScore, RedLineScore). Tax_Rate = WUStG-Mapping(FinalScore).",≥95:+3; 80–94:+2; 60–79:0; 40–59:‑2; <40:‑3,69.5,100.0,100.0,Nein,"mittel: limited assurance, später reasonable assurance je Relevanz",Quelle + Einheit + Systemgrenze + Zeitraum + Prüfnachweis; bei Datenlücke konservative Default-/Proxylogik markieren,public_research: operationalisierbar; empirische Benchmark-Kalibrierung erforderlich,public research; not official; formula-ready; benchmark calibration required; source mapped; exact disclosure missing
WOK-S-147,S / Soziales,Mensch,Arbeit & Fairness,SDG 8 – Arbeit & Wachstum,8.8,LTIFR/Unfälle,LTIFR/Unfälle – Tarifbindung,Beschäftigte unter Kollektivvertrag,%,higher_is_better,higher_is_better_pct,threshold_numeric_and_benchmark,UN_SDG_GOALS; UN_SDG_INDICATORS; UN_SDG_METADATA; EUROSTAT_NACE; EC_CSRD; EFRAG_ESRS_SET1; EFRAG_ESRS_IG; GRI_STANDARDS; GRI_DOWNLOAD; ILO_FUNDAMENTAL_PRINCIPLES,rate_per_million_hours,Zähler: meldepflichtige Arbeitsunfälle mit Ausfallzeit; Nenner: geleistete Arbeitsstunden; Wert = Zähler / Nenner * 1.000.000.,"AutoScore = ScoreByThreshold(Messwert, Schwellen='≥90:+3; 70–89:+2; 50–69:0; 30–49:‑2; <30:‑3', Polarity='higher_is_better', Archetype='higher_is_better_pct'). BenchmarkScore = ScoreByBenchmark(Messwert, BM, BM_150pct, BM_250pct). FinalScore = MIN(AutoScore, BenchmarkScore, RedLineScore). Tax_Rate = WUStG-Mapping(FinalScore).",≥90:+3; 70–89:+2; 50–69:0; 30–49:‑2; <30:‑3,59.5,89.25,100.0,Nein,"mittel: limited assurance, später reasonable assurance je Relevanz",Quelle + Einheit + Systemgrenze + Zeitraum + Prüfnachweis; bei Datenlücke konservative Default-/Proxylogik markieren,public_research: operationalisierbar; empirische Benchmark-Kalibrierung erforderlich,public research; not official; formula-ready; benchmark calibration required; source mapped; exact disclosure missing
WOK-S-148,S / Soziales,Mensch,Arbeit & Fairness,SDG 8 – Arbeit & Wachstum,8.8,LTIFR/Unfälle,LTIFR/Unfälle – LTIFR,Arbeitsunfälle pro Mio Stunden,Unfälle/Mio Std.,lower_is_better,near_zero_better,threshold_numeric_and_benchmark,UN_SDG_GOALS; UN_SDG_INDICATORS; UN_SDG_METADATA; EUROSTAT_NACE; EC_CSRD; EFRAG_ESRS_SET1; EFRAG_ESRS_IG; GRI_STANDARDS; GRI_DOWNLOAD; ILO_FUNDAMENTAL_PRINCIPLES,rate_per_million_hours,Zähler: meldepflichtige Arbeitsunfälle mit Ausfallzeit; Nenner: geleistete Arbeitsstunden; Wert = Zähler / Nenner * 1.000.000.,"AutoScore = ScoreByThreshold(Messwert, Schwellen='0:+3; ≤1:+2; ≤3:0; ≤5:‑2; >5:‑3', Polarity='lower_is_better', Archetype='near_zero_better'). BenchmarkScore = ScoreByBenchmark(Messwert, BM, BM_150pct, BM_250pct). FinalScore = MIN(AutoScore, BenchmarkScore, RedLineScore). Tax_Rate = WUStG-Mapping(FinalScore).",0:+3; ≤1:+2; ≤3:0; ≤5:‑2; >5:‑3,3.0,4.5,7.5,Nein,"mittel: limited assurance, später reasonable assurance je Relevanz",Quelle + Einheit + Systemgrenze + Zeitraum + Prüfnachweis; bei Datenlücke konservative Default-/Proxylogik markieren,public_research: operationalisierbar; empirische Benchmark-Kalibrierung erforderlich,public research; not official; formula-ready; benchmark calibration required; source mapped; exact disclosure missing
WOK-S-149,S / Soziales,Mensch,Arbeit & Fairness,SDG 8 – Arbeit & Wachstum,8.7,Kinder-/Zwangsarbeit Ausschluss,Kinder-/Zwangsarbeit Ausschluss – Living Wage,Abdeckung Lebenslohn,% Beschäftigte,higher_is_better,higher_is_better_pct,threshold_numeric_and_benchmark,UN_SDG_GOALS; UN_SDG_INDICATORS; UN_SDG_METADATA; EUROSTAT_NACE; EC_CSRD; EFRAG_ESRS_SET1; EFRAG_ESRS_IG; GRI_STANDARDS; GRI_DOWNLOAD; ILO_FUNDAMENTAL_PRINCIPLES,share_percent,Zähler: erfüllte / abgedeckte Fälle; Nenner: relevante Grundgesamtheit; Wert = Zähler / Nenner * 100.,"AutoScore = ScoreByThreshold(Messwert, Schwellen='≥95:+3; 80–94:+2; 60–79:0; 40–59:‑2; <40:‑3', Polarity='higher_is_better', Archetype='higher_is_better_pct'). BenchmarkScore = ScoreByBenchmark(Messwert, BM, BM_150pct, BM_250pct). FinalScore = MIN(AutoScore, BenchmarkScore, RedLineScore). Tax_Rate = WUStG-Mapping(FinalScore).",≥95:+3; 80–94:+2; 60–79:0; 40–59:‑2; <40:‑3,69.5,100.0,100.0,Ja,hoch: externe Prüfung / reasonable assurance für kritische Risiken,Quelle + Einheit + Systemgrenze + Zeitraum + Prüfnachweis; bei Datenlücke konservative Default-/Proxylogik markieren,public_research: operationalisierbar; empirische Benchmark-Kalibrierung erforderlich,public research; not official; formula-ready; benchmark calibration required; red line; source mapped; exact disclosure missing
WOK-S-150,S / Soziales,Mensch,Arbeit & Fairness,SDG 8 – Arbeit & Wachstum,8.7,Kinder-/Zwangsarbeit Ausschluss,Kinder-/Zwangsarbeit Ausschluss – Tarifbindung,Beschäftigte unter Kollektivvertrag,%,higher_is_better,higher_is_better_pct,threshold_numeric_and_benchmark,UN_SDG_GOALS; UN_SDG_INDICATORS; UN_SDG_METADATA; EUROSTAT_NACE; EC_CSRD; EFRAG_ESRS_SET1; EFRAG_ESRS_IG; GRI_STANDARDS; GRI_DOWNLOAD; ILO_FUNDAMENTAL_PRINCIPLES,share_percent,Zähler: erfüllte / abgedeckte Fälle; Nenner: relevante Grundgesamtheit; Wert = Zähler / Nenner * 100.,"AutoScore = ScoreByThreshold(Messwert, Schwellen='≥90:+3; 70–89:+2; 50–69:0; 30–49:‑2; <30:‑3', Polarity='higher_is_better', Archetype='higher_is_better_pct'). BenchmarkScore = ScoreByBenchmark(Messwert, BM, BM_150pct, BM_250pct). FinalScore = MIN(AutoScore, BenchmarkScore, RedLineScore). Tax_Rate = WUStG-Mapping(FinalScore).",≥90:+3; 70–89:+2; 50–69:0; 30–49:‑2; <30:‑3,59.5,89.25,100.0,Ja,hoch: externe Prüfung / reasonable assurance für kritische Risiken,Quelle + Einheit + Systemgrenze + Zeitraum + Prüfnachweis; bei Datenlücke konservative Default-/Proxylogik markieren,public_research: operationalisierbar; empirische Benchmark-Kalibrierung erforderlich,public research; not official; formula-ready; benchmark calibration required; red line; source mapped; exact disclosure missing
WOK-S-151,S / Soziales,Mensch,Arbeit & Fairness,SDG 8 – Arbeit & Wachstum,8.7,Kinder-/Zwangsarbeit Ausschluss,Kinder-/Zwangsarbeit Ausschluss – LTIFR,Arbeitsunfälle pro Mio Stunden,Unfälle/Mio Std.,lower_is_better,near_zero_better,threshold_numeric_and_benchmark,UN_SDG_GOALS; UN_SDG_INDICATORS; UN_SDG_METADATA; EUROSTAT_NACE; EC_CSRD; EFRAG_ESRS_SET1; EFRAG_ESRS_IG; GRI_STANDARDS; GRI_DOWNLOAD; ILO_FUNDAMENTAL_PRINCIPLES,rate_per_million_hours,Zähler: meldepflichtige Arbeitsunfälle mit Ausfallzeit; Nenner: geleistete Arbeitsstunden; Wert = Zähler / Nenner * 1.000.000.,"AutoScore = ScoreByThreshold(Messwert, Schwellen='0:+3; ≤1:+2; ≤3:0; ≤5:‑2; >5:‑3', Polarity='lower_is_better', Archetype='near_zero_better'). BenchmarkScore = ScoreByBenchmark(Messwert, BM, BM_150pct, BM_250pct). FinalScore = MIN(AutoScore, BenchmarkScore, RedLineScore). Tax_Rate = WUStG-Mapping(FinalScore).",0:+3; ≤1:+2; ≤3:0; ≤5:‑2; >5:‑3,3.0,4.5,7.5,Ja,hoch: externe Prüfung / reasonable assurance für kritische Risiken,Quelle + Einheit + Systemgrenze + Zeitraum + Prüfnachweis; bei Datenlücke konservative Default-/Proxylogik markieren,public_research: operationalisierbar; empirische Benchmark-Kalibrierung erforderlich,public research; not official; formula-ready; benchmark calibration required; red line; source mapped; exact disclosure missing
WOK-S-152,S / Soziales,Mensch,Arbeit & Fairness,SDG 8 – Arbeit & Wachstum,8.5,Tarifbindung,Tarifbindung – Living Wage,Abdeckung Lebenslohn,% Beschäftigte,higher_is_better,higher_is_better_pct,threshold_numeric_and_benchmark,UN_SDG_GOALS; UN_SDG_INDICATORS; UN_SDG_METADATA; EUROSTAT_NACE; EC_CSRD; EFRAG_ESRS_SET1; EFRAG_ESRS_IG; GRI_STANDARDS; GRI_DOWNLOAD; ILO_FUNDAMENTAL_PRINCIPLES,share_percent,Zähler: erfüllte / abgedeckte Fälle; Nenner: relevante Grundgesamtheit; Wert = Zähler / Nenner * 100.,"AutoScore = ScoreByThreshold(Messwert, Schwellen='≥95:+3; 80–94:+2; 60–79:0; 40–59:‑2; <40:‑3', Polarity='higher_is_better', Archetype='higher_is_better_pct'). BenchmarkScore = ScoreByBenchmark(Messwert, BM, BM_150pct, BM_250pct). FinalScore = MIN(AutoScore, BenchmarkScore, RedLineScore). Tax_Rate = WUStG-Mapping(FinalScore).",≥95:+3; 80–94:+2; 60–79:0; 40–59:‑2; <40:‑3,69.5,100.0,100.0,Nein,"mittel: limited assurance, später reasonable assurance je Relevanz",Quelle + Einheit + Systemgrenze + Zeitraum + Prüfnachweis; bei Datenlücke konservative Default-/Proxylogik markieren,public_research: operationalisierbar; empirische Benchmark-Kalibrierung erforderlich,public research; not official; formula-ready; benchmark calibration required; source mapped; exact disclosure missing
WOK-S-153,S / Soziales,Mensch,Arbeit & Fairness,SDG 8 – Arbeit & Wachstum,8.5,Tarifbindung,Tarifbindung – Tarifbindung,Beschäftigte unter Kollektivvertrag,%,higher_is_better,higher_is_better_pct,threshold_numeric_and_benchmark,UN_SDG_GOALS; UN_SDG_INDICATORS; UN_SDG_METADATA; EUROSTAT_NACE; EC_CSRD; EFRAG_ESRS_SET1; EFRAG_ESRS_IG; GRI_STANDARDS; GRI_DOWNLOAD; ILO_FUNDAMENTAL_PRINCIPLES,share_percent,Zähler: erfüllte / abgedeckte Fälle; Nenner: relevante Grundgesamtheit; Wert = Zähler / Nenner * 100.,"AutoScore = ScoreByThreshold(Messwert, Schwellen='≥90:+3; 70–89:+2; 50–69:0; 30–49:‑2; <30:‑3', Polarity='higher_is_better', Archetype='higher_is_better_pct'). BenchmarkScore = ScoreByBenchmark(Messwert, BM, BM_150pct, BM_250pct). FinalScore = MIN(AutoScore, BenchmarkScore, RedLineScore). Tax_Rate = WUStG-Mapping(FinalScore).",≥90:+3; 70–89:+2; 50–69:0; 30–49:‑2; <30:‑3,59.5,89.25,100.0,Nein,"mittel: limited assurance, später reasonable assurance je Relevanz",Quelle + Einheit + Systemgrenze + Zeitraum + Prüfnachweis; bei Datenlücke konservative Default-/Proxylogik markieren,public_research: operationalisierbar; empirische Benchmark-Kalibrierung erforderlich,public research; not official; formula-ready; benchmark calibration required; source mapped; exact disclosure missing
WOK-S-154,S / Soziales,Mensch,Arbeit & Fairness,SDG 8 – Arbeit & Wachstum,8.5,Tarifbindung,Tarifbindung – LTIFR,Arbeitsunfälle pro Mio Stunden,Unfälle/Mio Std.,lower_is_better,near_zero_better,threshold_numeric_and_benchmark,UN_SDG_GOALS; UN_SDG_INDICATORS; UN_SDG_METADATA; EUROSTAT_NACE; EC_CSRD; EFRAG_ESRS_SET1; EFRAG_ESRS_IG; GRI_STANDARDS; GRI_DOWNLOAD; ILO_FUNDAMENTAL_PRINCIPLES,rate_per_million_hours,Zähler: meldepflichtige Arbeitsunfälle mit Ausfallzeit; Nenner: geleistete Arbeitsstunden; Wert = Zähler / Nenner * 1.000.000.,"AutoScore = ScoreByThreshold(Messwert, Schwellen='0:+3; ≤1:+2; ≤3:0; ≤5:‑2; >5:‑3', Polarity='lower_is_better', Archetype='near_zero_better'). BenchmarkScore = ScoreByBenchmark(Messwert, BM, BM_150pct, BM_250pct). FinalScore = MIN(AutoScore, BenchmarkScore, RedLineScore). Tax_Rate = WUStG-Mapping(FinalScore).",0:+3; ≤1:+2; ≤3:0; ≤5:‑2; >5:‑3,3.0,4.5,7.5,Nein,"mittel: limited assurance, später reasonable assurance je Relevanz",Quelle + Einheit + Systemgrenze + Zeitraum + Prüfnachweis; bei Datenlücke konservative Default-/Proxylogik markieren,public_research: operationalisierbar; empirische Benchmark-Kalibrierung erforderlich,public research; not official; formula-ready; benchmark calibration required; source mapped; exact disclosure missing
WOK-G-137,G / Governance,Mensch,Arbeit & Fairness,SDG 8 – Arbeit & Wachstum,8.5,Faire Löhne & Pay Ratio,Faire Löhne & Pay Ratio – Antikorruption,Bestätigte Fälle/1.000 FTE,Fälle/1.000 FTE,lower_is_better,near_zero_better,threshold_numeric_and_benchmark,UN_SDG_GOALS; UN_SDG_INDICATORS; UN_SDG_METADATA; EUROSTAT_NACE; EC_CSRD; EFRAG_ESRS_SET1; EFRAG_ESRS_IG; GRI_STANDARDS; GRI_DOWNLOAD; OECD_ANTI_BRIBERY,lower_is_better_metric,"Wert = gemessene Belastung, Risiko- oder Intensitätskennzahl je funktionaler Einheit; niedriger ist besser.","AutoScore = ScoreByThreshold(Messwert, Schwellen='0:+3; ≤0,2:+2; ≤0,5:0; ≤1:‑2; >1:‑3', Polarity='lower_is_better', Archetype='near_zero_better'). BenchmarkScore = ScoreByBenchmark(Messwert, BM, BM_150pct, BM_250pct). FinalScore = MIN(AutoScore, BenchmarkScore, RedLineScore). Tax_Rate = WUStG-Mapping(FinalScore).","0:+3; ≤0,2:+2; ≤0,5:0; ≤1:‑2; >1:‑3",0.5,0.75,1.25,Ja,hoch: externe Prüfung / reasonable assurance für kritische Risiken,Quelle + Einheit + Systemgrenze + Zeitraum + Prüfnachweis; bei Datenlücke konservative Default-/Proxylogik markieren,public_research: operationalisierbar; empirische Benchmark-Kalibrierung erforderlich,public research; not official; formula-ready; benchmark calibration required; red line; source mapped; exact disclosure missing
WOK-G-138,G / Governance,Mensch,Arbeit & Fairness,SDG 8 – Arbeit & Wachstum,8.5,Faire Löhne & Pay Ratio,Faire Löhne & Pay Ratio – Whistleblowing,Wirksamkeits‑Score,0–1,higher_is_better,higher_is_better_abs,threshold_numeric_and_benchmark,UN_SDG_GOALS; UN_SDG_INDICATORS; UN_SDG_METADATA; EUROSTAT_NACE; EC_CSRD; EFRAG_ESRS_SET1; EFRAG_ESRS_IG; GRI_STANDARDS; GRI_DOWNLOAD; OECD_ANTI_BRIBERY,index_0_1,"Wert = gewichteter Kriterienindex von 0 bis 1; Kriterien, Gewichtung und Nachweis je WÖk-ID offenlegen.","AutoScore = ScoreByThreshold(Messwert, Schwellen='≥0,9:+3; 0,75–0,89:+2; 0,6–0,74:0; 0,4–0,59:‑2; <0,4:‑3', Polarity='higher_is_better', Archetype='higher_is_better_abs'). BenchmarkScore = ScoreByBenchmark(Messwert, BM, BM_150pct, BM_250pct). FinalScore = MIN(AutoScore, BenchmarkScore, RedLineScore). Tax_Rate = WUStG-Mapping(FinalScore).","≥0,9:+3; 0,75–0,89:+2; 0,6–0,74:0; 0,4–0,59:‑2; <0,4:‑3",0.6699999999999999,1.0,1.0,Ja,hoch: externe Prüfung / reasonable assurance für kritische Risiken,Quelle + Einheit + Systemgrenze + Zeitraum + Prüfnachweis; bei Datenlücke konservative Default-/Proxylogik markieren,public_research: operationalisierbar; empirische Benchmark-Kalibrierung erforderlich,public research; not official; formula-ready; benchmark calibration required; red line; source mapped; exact disclosure missing
WOK-G-139,G / Governance,Mensch,Arbeit & Fairness,SDG 8 – Arbeit & Wachstum,8.5,Faire Löhne & Pay Ratio,Faire Löhne & Pay Ratio – Steuertransparenz,CbCR‑Offenlegung,0–1,higher_is_better,higher_is_better_abs,qualitative_ordinal,UN_SDG_GOALS; UN_SDG_INDICATORS; UN_SDG_METADATA; EUROSTAT_NACE; EC_CSRD; EFRAG_ESRS_SET1; EFRAG_ESRS_IG; GRI_STANDARDS; GRI_DOWNLOAD; OECD_ANTI_BRIBERY,index_0_1,"Wert = gewichteter Kriterienindex von 0 bis 1; Kriterien, Gewichtung und Nachweis je WÖk-ID offenlegen.","AutoScore = ScoreByThreshold(Messwert, Schwellen='vollständig:+3; teilweise:+2; minimal:0; schlecht:‑2', Polarity='higher_is_better', Archetype='higher_is_better_abs'). BenchmarkScore = ScoreByBenchmark(Messwert, BM, BM_150pct, BM_250pct). FinalScore = MIN(AutoScore, BenchmarkScore, RedLineScore). Tax_Rate = WUStG-Mapping(FinalScore).",vollständig:+3; teilweise:+2; minimal:0; schlecht:‑2,0.5,0.75,0.9,Ja,hoch: externe Prüfung / reasonable assurance für kritische Risiken,Quelle + Einheit + Systemgrenze + Zeitraum + Prüfnachweis; bei Datenlücke konservative Default-/Proxylogik markieren,public_research: operationalisierbar; empirische Benchmark-Kalibrierung erforderlich,public research; not official; formula-ready; qualitative review required; red line; source mapped; exact disclosure missing
WOK-SC-116,SC / Lieferkette,Mensch,Arbeit & Fairness,SDG 8 – Arbeit & Wachstum,8.7,Lieferkette – Arbeitsrechte,Lieferkette – Arbeitsrechte – ESG‑Spend‑Coverage,Anteil verifizierter ESG‑Daten am Spend,%,higher_is_better,higher_is_better_pct,threshold_numeric_and_benchmark,UN_SDG_GOALS; UN_SDG_INDICATORS; UN_SDG_METADATA; EUROSTAT_NACE; EC_CSRD; EFRAG_ESRS_SET1; EFRAG_ESRS_IG; GRI_STANDARDS; GRI_DOWNLOAD; ILO_FUNDAMENTAL_PRINCIPLES,share_percent,Zähler: erfüllte / abgedeckte Fälle; Nenner: relevante Grundgesamtheit; Wert = Zähler / Nenner * 100.,"AutoScore = ScoreByThreshold(Messwert, Schwellen='≥90:+3; 70–89:+2; 50–69:0; 30–49:‑2; <30:‑3', Polarity='higher_is_better', Archetype='higher_is_better_pct'). BenchmarkScore = ScoreByBenchmark(Messwert, BM, BM_150pct, BM_250pct). FinalScore = MIN(AutoScore, BenchmarkScore, RedLineScore). Tax_Rate = WUStG-Mapping(FinalScore).",≥90:+3; 70–89:+2; 50–69:0; 30–49:‑2; <30:‑3,59.5,89.25,100.0,Nein,"mittel: limited assurance, später reasonable assurance je Relevanz",Quelle + Einheit + Systemgrenze + Zeitraum + Prüfnachweis; bei Datenlücke konservative Default-/Proxylogik markieren,public_research: operationalisierbar; empirische Benchmark-Kalibrierung erforderlich,public research; not official; formula-ready; benchmark calibration required; source mapped; exact disclosure missing
WOK-SC-117,SC / Lieferkette,Mensch,Arbeit & Fairness,SDG 8 – Arbeit & Wachstum,8.7,Lieferkette – Arbeitsrechte,Lieferkette – Arbeitsrechte – Kinder/Zwangsarbeit,Audits ohne Verstöße,% Lieferanten,higher_is_better,higher_is_better_pct,threshold_numeric_and_benchmark,UN_SDG_GOALS; UN_SDG_INDICATORS; UN_SDG_METADATA; EUROSTAT_NACE; EC_CSRD; EFRAG_ESRS_SET1; EFRAG_ESRS_IG; GRI_STANDARDS; GRI_DOWNLOAD; ILO_FUNDAMENTAL_PRINCIPLES,share_percent,Zähler: erfüllte / abgedeckte Fälle; Nenner: relevante Grundgesamtheit; Wert = Zähler / Nenner * 100.,"AutoScore = ScoreByThreshold(Messwert, Schwellen='≥98:+3; 90–97:+2; 75–89:0; 50–74:‑2; <50:‑3', Polarity='higher_is_better', Archetype='higher_is_better_pct'). BenchmarkScore = ScoreByBenchmark(Messwert, BM, BM_150pct, BM_250pct). FinalScore = MIN(AutoScore, BenchmarkScore, RedLineScore). Tax_Rate = WUStG-Mapping(FinalScore).",≥98:+3; 90–97:+2; 75–89:0; 50–74:‑2; <50:‑3,82.0,100.0,100.0,Ja,hoch: externe Prüfung / reasonable assurance für kritische Risiken,Quelle + Einheit + Systemgrenze + Zeitraum + Prüfnachweis; bei Datenlücke konservative Default-/Proxylogik markieren,public_research: operationalisierbar; empirische Benchmark-Kalibrierung erforderlich,public research; not official; formula-ready; benchmark calibration required; red line; source mapped; exact disclosure missing
WOK-SC-118,SC / Lieferkette,Mensch,Arbeit & Fairness,SDG 8 – Arbeit & Wachstum,8.7,Lieferkette – Arbeitsrechte,Lieferkette – Arbeitsrechte – Scope‑3 Daten,Primärdaten‑Abdeckung,% Kategorien,higher_is_better,higher_is_better_pct,threshold_numeric_and_benchmark,UN_SDG_GOALS; UN_SDG_INDICATORS; UN_SDG_METADATA; EUROSTAT_NACE; EC_CSRD; EFRAG_ESRS_SET1; EFRAG_ESRS_IG; GHG_PROTOCOL_SCOPE3; GHG_PROTOCOL_PRODUCT; ISO_14064,share_percent,Zähler: erfüllte / abgedeckte Fälle; Nenner: relevante Grundgesamtheit; Wert = Zähler / Nenner * 100.,"AutoScore = ScoreByThreshold(Messwert, Schwellen='≥80:+3; 60–79:+2; 40–59:0; 20–39:‑2; <20:‑3', Polarity='higher_is_better', Archetype='higher_is_better_pct'). BenchmarkScore = ScoreByBenchmark(Messwert, BM, BM_150pct, BM_250pct). FinalScore = MIN(AutoScore, BenchmarkScore, RedLineScore). Tax_Rate = WUStG-Mapping(FinalScore).",≥80:+3; 60–79:+2; 40–59:0; 20–39:‑2; <20:‑3,49.5,74.25,100.0,Nein,"mittel: limited assurance, später reasonable assurance je Relevanz",Quelle + Einheit + Systemgrenze + Zeitraum + Prüfnachweis; bei Datenlücke konservative Default-/Proxylogik markieren,public_research: operationalisierbar; empirische Benchmark-Kalibrierung erforderlich,public research; not official; formula-ready; benchmark calibration required; source mapped; exact disclosure missing
WOK-SYS-119,SYS / System,Mensch,Arbeit & Fairness,SDG 8 – Arbeit & Wachstum,8.5,Inklusionsjobs/Benachteiligte,Inklusionsjobs/Benachteiligte – Index,umsatzgewichteter Index (z. B. Demokratie/Rule of Law),0–1,higher_is_better,higher_is_better_abs,threshold_numeric_and_benchmark,UN_SDG_GOALS; UN_SDG_INDICATORS; UN_SDG_METADATA; EUROSTAT_NACE; EC_CSRD; EFRAG_ESRS_SET1; EFRAG_ESRS_IG; GRI_STANDARDS; GRI_DOWNLOAD; ILO_FUNDAMENTAL_PRINCIPLES; SOCIAL_VALUE_SROI,index_0_1,"Wert = gewichteter Kriterienindex von 0 bis 1; Kriterien, Gewichtung und Nachweis je WÖk-ID offenlegen.","AutoScore = ScoreByThreshold(Messwert, Schwellen='≥0,8:+3; 0,7–0,79:+2; 0,6–0,69:0; 0,5–0,59:‑2; <0,5:‑3', Polarity='higher_is_better', Archetype='higher_is_better_abs'). BenchmarkScore = ScoreByBenchmark(Messwert, BM, BM_150pct, BM_250pct). FinalScore = MIN(AutoScore, BenchmarkScore, RedLineScore). Tax_Rate = WUStG-Mapping(FinalScore).","≥0,8:+3; 0,7–0,79:+2; 0,6–0,69:0; 0,5–0,59:‑2; <0,5:‑3",0.645,0.9675,1.0,Nein,"mittel: limited assurance, später reasonable assurance je Relevanz",Quelle + Einheit + Systemgrenze + Zeitraum + Prüfnachweis; bei Datenlücke konservative Default-/Proxylogik markieren,public_research: operationalisierbar; empirische Benchmark-Kalibrierung erforderlich,public research; not official; formula-ready; benchmark calibration required; source mapped; exact disclosure missing
WOK-SYS-120,SYS / System,Mensch,Arbeit & Fairness,SDG 8 – Arbeit & Wachstum,8.5,Inklusionsjobs/Benachteiligte,Inklusionsjobs/Benachteiligte – Exposure,Umsatz in Hochrisikoländern,%,lower_is_better,lower_is_better_abs,threshold_numeric_and_benchmark,UN_SDG_GOALS; UN_SDG_INDICATORS; UN_SDG_METADATA; EUROSTAT_NACE; EC_CSRD; EFRAG_ESRS_SET1; EFRAG_ESRS_IG; GRI_STANDARDS; GRI_DOWNLOAD; ILO_FUNDAMENTAL_PRINCIPLES; SOCIAL_VALUE_SROI,share_percent,Zähler: erfüllte / abgedeckte Fälle; Nenner: relevante Grundgesamtheit; Wert = Zähler / Nenner * 100.,"AutoScore = ScoreByThreshold(Messwert, Schwellen='≤5:+3; 6–10:+2; 11–20:0; 21–30:‑2; >30:‑3', Polarity='lower_is_better', Archetype='lower_is_better_abs'). BenchmarkScore = ScoreByBenchmark(Messwert, BM, BM_150pct, BM_250pct). FinalScore = MIN(AutoScore, BenchmarkScore, RedLineScore). Tax_Rate = WUStG-Mapping(FinalScore).",≤5:+3; 6–10:+2; 11–20:0; 21–30:‑2; >30:‑3,15.5,23.25,38.75,Nein,"mittel: limited assurance, später reasonable assurance je Relevanz",Quelle + Einheit + Systemgrenze + Zeitraum + Prüfnachweis; bei Datenlücke konservative Default-/Proxylogik markieren,public_research: operationalisierbar; empirische Benchmark-Kalibrierung erforderlich,public research; not official; formula-ready; benchmark calibration required; source mapped; exact disclosure missing
WOK-SYS-121,SYS / System,Mensch,Arbeit & Fairness,SDG 8 – Arbeit & Wachstum,8.5,Inklusionsjobs/Benachteiligte,Inklusionsjobs/Benachteiligte – Kooperationen,"aktive, evaluierte Partnerschaften/Jahr",#/Jahr,higher_is_better,higher_is_better_abs,threshold_numeric_and_benchmark,UN_SDG_GOALS; UN_SDG_INDICATORS; UN_SDG_METADATA; EUROSTAT_NACE; EC_CSRD; EFRAG_ESRS_SET1; EFRAG_ESRS_IG; GRI_STANDARDS; GRI_DOWNLOAD; ILO_FUNDAMENTAL_PRINCIPLES; SOCIAL_VALUE_SROI,indicator_specific,"Wert gemäß definierter Messgröße; Zähler, Nenner, Einheit, Systemgrenze und Zeitraum je WÖk-ID dokumentieren.","AutoScore = ScoreByThreshold(Messwert, Schwellen='≥5:+3; 3–4:+2; 1–2:0; 0:‑2', Polarity='higher_is_better', Archetype='higher_is_better_abs'). BenchmarkScore = ScoreByBenchmark(Messwert, BM, BM_150pct, BM_250pct). FinalScore = MIN(AutoScore, BenchmarkScore, RedLineScore). Tax_Rate = WUStG-Mapping(FinalScore).",≥5:+3; 3–4:+2; 1–2:0; 0:‑2,1.5,2.25,3.75,Nein,"mittel: limited assurance, später reasonable assurance je Relevanz",Quelle + Einheit + Systemgrenze + Zeitraum + Prüfnachweis; bei Datenlücke konservative Default-/Proxylogik markieren,public_research: operationalisierbar; empirische Benchmark-Kalibrierung erforderlich,public research; not official; formula-ready; benchmark calibration required; source mapped; exact disclosure missing
WOK-S-155,S / Soziales,Mensch,Arbeit & Fairness,SDG 8 – Arbeit & Wachstum,8.2,Weiterbildung/Produktivität,Weiterbildung/Produktivität – Living Wage,Abdeckung Lebenslohn,% Beschäftigte,higher_is_better,higher_is_better_pct,threshold_numeric_and_benchmark,UN_SDG_GOALS; UN_SDG_INDICATORS; UN_SDG_METADATA; EUROSTAT_NACE; EC_CSRD; EFRAG_ESRS_SET1; EFRAG_ESRS_IG; GRI_STANDARDS; GRI_DOWNLOAD; ILO_FUNDAMENTAL_PRINCIPLES,share_percent,Zähler: erfüllte / abgedeckte Fälle; Nenner: relevante Grundgesamtheit; Wert = Zähler / Nenner * 100.,"AutoScore = ScoreByThreshold(Messwert, Schwellen='≥95:+3; 80–94:+2; 60–79:0; 40–59:‑2; <40:‑3', Polarity='higher_is_better', Archetype='higher_is_better_pct'). BenchmarkScore = ScoreByBenchmark(Messwert, BM, BM_150pct, BM_250pct). FinalScore = MIN(AutoScore, BenchmarkScore, RedLineScore). Tax_Rate = WUStG-Mapping(FinalScore).",≥95:+3; 80–94:+2; 60–79:0; 40–59:‑2; <40:‑3,69.5,100.0,100.0,Nein,"mittel: limited assurance, später reasonable assurance je Relevanz",Quelle + Einheit + Systemgrenze + Zeitraum + Prüfnachweis; bei Datenlücke konservative Default-/Proxylogik markieren,public_research: operationalisierbar; empirische Benchmark-Kalibrierung erforderlich,public research; not official; formula-ready; benchmark calibration required; source mapped; exact disclosure missing
WOK-S-156,S / Soziales,Mensch,Arbeit & Fairness,SDG 8 – Arbeit & Wachstum,8.2,Weiterbildung/Produktivität,Weiterbildung/Produktivität – Tarifbindung,Beschäftigte unter Kollektivvertrag,%,higher_is_better,higher_is_better_pct,threshold_numeric_and_benchmark,UN_SDG_GOALS; UN_SDG_INDICATORS; UN_SDG_METADATA; EUROSTAT_NACE; EC_CSRD; EFRAG_ESRS_SET1; EFRAG_ESRS_IG; GRI_STANDARDS; GRI_DOWNLOAD; ILO_FUNDAMENTAL_PRINCIPLES,share_percent,Zähler: erfüllte / abgedeckte Fälle; Nenner: relevante Grundgesamtheit; Wert = Zähler / Nenner * 100.,"AutoScore = ScoreByThreshold(Messwert, Schwellen='≥90:+3; 70–89:+2; 50–69:0; 30–49:‑2; <30:‑3', Polarity='higher_is_better', Archetype='higher_is_better_pct'). BenchmarkScore = ScoreByBenchmark(Messwert, BM, BM_150pct, BM_250pct). FinalScore = MIN(AutoScore, BenchmarkScore, RedLineScore). Tax_Rate = WUStG-Mapping(FinalScore).",≥90:+3; 70–89:+2; 50–69:0; 30–49:‑2; <30:‑3,59.5,89.25,100.0,Nein,"mittel: limited assurance, später reasonable assurance je Relevanz",Quelle + Einheit + Systemgrenze + Zeitraum + Prüfnachweis; bei Datenlücke konservative Default-/Proxylogik markieren,public_research: operationalisierbar; empirische Benchmark-Kalibrierung erforderlich,public research; not official; formula-ready; benchmark calibration required; source mapped; exact disclosure missing
WOK-S-157,S / Soziales,Mensch,Arbeit & Fairness,SDG 8 – Arbeit & Wachstum,8.2,Weiterbildung/Produktivität,Weiterbildung/Produktivität – LTIFR,Arbeitsunfälle pro Mio Stunden,Unfälle/Mio Std.,lower_is_better,near_zero_better,threshold_numeric_and_benchmark,UN_SDG_GOALS; UN_SDG_INDICATORS; UN_SDG_METADATA; EUROSTAT_NACE; EC_CSRD; EFRAG_ESRS_SET1; EFRAG_ESRS_IG; GRI_STANDARDS; GRI_DOWNLOAD; ILO_FUNDAMENTAL_PRINCIPLES,rate_per_million_hours,Zähler: meldepflichtige Arbeitsunfälle mit Ausfallzeit; Nenner: geleistete Arbeitsstunden; Wert = Zähler / Nenner * 1.000.000.,"AutoScore = ScoreByThreshold(Messwert, Schwellen='0:+3; ≤1:+2; ≤3:0; ≤5:‑2; >5:‑3', Polarity='lower_is_better', Archetype='near_zero_better'). BenchmarkScore = ScoreByBenchmark(Messwert, BM, BM_150pct, BM_250pct). FinalScore = MIN(AutoScore, BenchmarkScore, RedLineScore). Tax_Rate = WUStG-Mapping(FinalScore).",0:+3; ≤1:+2; ≤3:0; ≤5:‑2; >5:‑3,3.0,4.5,7.5,Nein,"mittel: limited assurance, später reasonable assurance je Relevanz",Quelle + Einheit + Systemgrenze + Zeitraum + Prüfnachweis; bei Datenlücke konservative Default-/Proxylogik markieren,public_research: operationalisierbar; empirische Benchmark-Kalibrierung erforderlich,public research; not official; formula-ready; benchmark calibration required; source mapped; exact disclosure missing
WOK-G-140,G / Governance,Mensch,Arbeit & Fairness,SDG 8 – Arbeit & Wachstum,8.8,Beschwerdemechanismen,Beschwerdemechanismen – Antikorruption,Bestätigte Fälle/1.000 FTE,Fälle/1.000 FTE,lower_is_better,near_zero_better,threshold_numeric_and_benchmark,UN_SDG_GOALS; UN_SDG_INDICATORS; UN_SDG_METADATA; EUROSTAT_NACE; EC_CSRD; EFRAG_ESRS_SET1; EFRAG_ESRS_IG; GRI_STANDARDS; GRI_DOWNLOAD; OECD_ANTI_BRIBERY,lower_is_better_metric,"Wert = gemessene Belastung, Risiko- oder Intensitätskennzahl je funktionaler Einheit; niedriger ist besser.","AutoScore = ScoreByThreshold(Messwert, Schwellen='0:+3; ≤0,2:+2; ≤0,5:0; ≤1:‑2; >1:‑3', Polarity='lower_is_better', Archetype='near_zero_better'). BenchmarkScore = ScoreByBenchmark(Messwert, BM, BM_150pct, BM_250pct). FinalScore = MIN(AutoScore, BenchmarkScore, RedLineScore). Tax_Rate = WUStG-Mapping(FinalScore).","0:+3; ≤0,2:+2; ≤0,5:0; ≤1:‑2; >1:‑3",0.5,0.75,1.25,Ja,hoch: externe Prüfung / reasonable assurance für kritische Risiken,Quelle + Einheit + Systemgrenze + Zeitraum + Prüfnachweis; bei Datenlücke konservative Default-/Proxylogik markieren,public_research: operationalisierbar; empirische Benchmark-Kalibrierung erforderlich,public research; not official; formula-ready; benchmark calibration required; red line; source mapped; exact disclosure missing
WOK-G-141,G / Governance,Mensch,Arbeit & Fairness,SDG 8 – Arbeit & Wachstum,8.8,Beschwerdemechanismen,Beschwerdemechanismen – Whistleblowing,Wirksamkeits‑Score,0–1,higher_is_better,higher_is_better_abs,threshold_numeric_and_benchmark,UN_SDG_GOALS; UN_SDG_INDICATORS; UN_SDG_METADATA; EUROSTAT_NACE; EC_CSRD; EFRAG_ESRS_SET1; EFRAG_ESRS_IG; GRI_STANDARDS; GRI_DOWNLOAD; OECD_ANTI_BRIBERY,index_0_1,"Wert = gewichteter Kriterienindex von 0 bis 1; Kriterien, Gewichtung und Nachweis je WÖk-ID offenlegen.","AutoScore = ScoreByThreshold(Messwert, Schwellen='≥0,9:+3; 0,75–0,89:+2; 0,6–0,74:0; 0,4–0,59:‑2; <0,4:‑3', Polarity='higher_is_better', Archetype='higher_is_better_abs'). BenchmarkScore = ScoreByBenchmark(Messwert, BM, BM_150pct, BM_250pct). FinalScore = MIN(AutoScore, BenchmarkScore, RedLineScore). Tax_Rate = WUStG-Mapping(FinalScore).","≥0,9:+3; 0,75–0,89:+2; 0,6–0,74:0; 0,4–0,59:‑2; <0,4:‑3",0.6699999999999999,1.0,1.0,Ja,hoch: externe Prüfung / reasonable assurance für kritische Risiken,Quelle + Einheit + Systemgrenze + Zeitraum + Prüfnachweis; bei Datenlücke konservative Default-/Proxylogik markieren,public_research: operationalisierbar; empirische Benchmark-Kalibrierung erforderlich,public research; not official; formula-ready; benchmark calibration required; red line; source mapped; exact disclosure missing
WOK-G-142,G / Governance,Mensch,Arbeit & Fairness,SDG 8 – Arbeit & Wachstum,8.8,Beschwerdemechanismen,Beschwerdemechanismen – Steuertransparenz,CbCR‑Offenlegung,0–1,higher_is_better,higher_is_better_abs,qualitative_ordinal,UN_SDG_GOALS; UN_SDG_INDICATORS; UN_SDG_METADATA; EUROSTAT_NACE; EC_CSRD; EFRAG_ESRS_SET1; EFRAG_ESRS_IG; GRI_STANDARDS; GRI_DOWNLOAD; OECD_ANTI_BRIBERY,index_0_1,"Wert = gewichteter Kriterienindex von 0 bis 1; Kriterien, Gewichtung und Nachweis je WÖk-ID offenlegen.","AutoScore = ScoreByThreshold(Messwert, Schwellen='vollständig:+3; teilweise:+2; minimal:0; schlecht:‑2', Polarity='higher_is_better', Archetype='higher_is_better_abs'). BenchmarkScore = ScoreByBenchmark(Messwert, BM, BM_150pct, BM_250pct). FinalScore = MIN(AutoScore, BenchmarkScore, RedLineScore). Tax_Rate = WUStG-Mapping(FinalScore).",vollständig:+3; teilweise:+2; minimal:0; schlecht:‑2,0.5,0.75,0.9,Ja,hoch: externe Prüfung / reasonable assurance für kritische Risiken,Quelle + Einheit + Systemgrenze + Zeitraum + Prüfnachweis; bei Datenlücke konservative Default-/Proxylogik markieren,public_research: operationalisierbar; empirische Benchmark-Kalibrierung erforderlich,public research; not official; formula-ready; qualitative review required; red line; source mapped; exact disclosure missing
WOK-S-158,S / Soziales,Mensch,Arbeit & Fairness,SDG 8 – Arbeit & Wachstum,8.8,Arbeitszeit & Überstunden,Arbeitszeit & Überstunden – Living Wage,Abdeckung Lebenslohn,% Beschäftigte,higher_is_better,higher_is_better_pct,threshold_numeric_and_benchmark,UN_SDG_GOALS; UN_SDG_INDICATORS; UN_SDG_METADATA; EUROSTAT_NACE; EC_CSRD; EFRAG_ESRS_SET1; EFRAG_ESRS_IG; GRI_STANDARDS; GRI_DOWNLOAD; ILO_FUNDAMENTAL_PRINCIPLES,share_percent,Zähler: erfüllte / abgedeckte Fälle; Nenner: relevante Grundgesamtheit; Wert = Zähler / Nenner * 100.,"AutoScore = ScoreByThreshold(Messwert, Schwellen='≥95:+3; 80–94:+2; 60–79:0; 40–59:‑2; <40:‑3', Polarity='higher_is_better', Archetype='higher_is_better_pct'). BenchmarkScore = ScoreByBenchmark(Messwert, BM, BM_150pct, BM_250pct). FinalScore = MIN(AutoScore, BenchmarkScore, RedLineScore). Tax_Rate = WUStG-Mapping(FinalScore).",≥95:+3; 80–94:+2; 60–79:0; 40–59:‑2; <40:‑3,69.5,100.0,100.0,Nein,"mittel: limited assurance, später reasonable assurance je Relevanz",Quelle + Einheit + Systemgrenze + Zeitraum + Prüfnachweis; bei Datenlücke konservative Default-/Proxylogik markieren,public_research: operationalisierbar; empirische Benchmark-Kalibrierung erforderlich,public research; not official; formula-ready; benchmark calibration required; source mapped; exact disclosure missing
WOK-S-159,S / Soziales,Mensch,Arbeit & Fairness,SDG 8 – Arbeit & Wachstum,8.8,Arbeitszeit & Überstunden,Arbeitszeit & Überstunden – Tarifbindung,Beschäftigte unter Kollektivvertrag,%,higher_is_better,higher_is_better_pct,threshold_numeric_and_benchmark,UN_SDG_GOALS; UN_SDG_INDICATORS; UN_SDG_METADATA; EUROSTAT_NACE; EC_CSRD; EFRAG_ESRS_SET1; EFRAG_ESRS_IG; GRI_STANDARDS; GRI_DOWNLOAD; ILO_FUNDAMENTAL_PRINCIPLES,share_percent,Zähler: erfüllte / abgedeckte Fälle; Nenner: relevante Grundgesamtheit; Wert = Zähler / Nenner * 100.,"AutoScore = ScoreByThreshold(Messwert, Schwellen='≥90:+3; 70–89:+2; 50–69:0; 30–49:‑2; <30:‑3', Polarity='higher_is_better', Archetype='higher_is_better_pct'). BenchmarkScore = ScoreByBenchmark(Messwert, BM, BM_150pct, BM_250pct). FinalScore = MIN(AutoScore, BenchmarkScore, RedLineScore). Tax_Rate = WUStG-Mapping(FinalScore).",≥90:+3; 70–89:+2; 50–69:0; 30–49:‑2; <30:‑3,59.5,89.25,100.0,Nein,"mittel: limited assurance, später reasonable assurance je Relevanz",Quelle + Einheit + Systemgrenze + Zeitraum + Prüfnachweis; bei Datenlücke konservative Default-/Proxylogik markieren,public_research: operationalisierbar; empirische Benchmark-Kalibrierung erforderlich,public research; not official; formula-ready; benchmark calibration required; source mapped; exact disclosure missing
WOK-S-160,S / Soziales,Mensch,Arbeit & Fairness,SDG 8 – Arbeit & Wachstum,8.8,Arbeitszeit & Überstunden,Arbeitszeit & Überstunden – LTIFR,Arbeitsunfälle pro Mio Stunden,Unfälle/Mio Std.,lower_is_better,near_zero_better,threshold_numeric_and_benchmark,UN_SDG_GOALS; UN_SDG_INDICATORS; UN_SDG_METADATA; EUROSTAT_NACE; EC_CSRD; EFRAG_ESRS_SET1; EFRAG_ESRS_IG; GRI_STANDARDS; GRI_DOWNLOAD; ILO_FUNDAMENTAL_PRINCIPLES,rate_per_million_hours,Zähler: meldepflichtige Arbeitsunfälle mit Ausfallzeit; Nenner: geleistete Arbeitsstunden; Wert = Zähler / Nenner * 1.000.000.,"AutoScore = ScoreByThreshold(Messwert, Schwellen='0:+3; ≤1:+2; ≤3:0; ≤5:‑2; >5:‑3', Polarity='lower_is_better', Archetype='near_zero_better'). BenchmarkScore = ScoreByBenchmark(Messwert, BM, BM_150pct, BM_250pct). FinalScore = MIN(AutoScore, BenchmarkScore, RedLineScore). Tax_Rate = WUStG-Mapping(FinalScore).",0:+3; ≤1:+2; ≤3:0; ≤5:‑2; >5:‑3,3.0,4.5,7.5,Nein,"mittel: limited assurance, später reasonable assurance je Relevanz",Quelle + Einheit + Systemgrenze + Zeitraum + Prüfnachweis; bei Datenlücke konservative Default-/Proxylogik markieren,public_research: operationalisierbar; empirische Benchmark-Kalibrierung erforderlich,public research; not official; formula-ready; benchmark calibration required; source mapped; exact disclosure missing
WOK-E-146,E / Umwelt,Mensch/Planet/Demokratie,Klima,SDG 9 – Industrie/Innovation,9.4,Prozess‑THG‑Intensität,Prozess‑THG‑Intensität – Green R&D,Anteil F&E für grüne Technologien,% Umsatz,higher_is_better,higher_is_better_pct,threshold_numeric_and_benchmark,UN_SDG_GOALS; UN_SDG_INDICATORS; UN_SDG_METADATA; EUROSTAT_NACE; EC_CSRD; EFRAG_ESRS_SET1; EFRAG_ESRS_IG; GHG_PROTOCOL_SCOPE3; GHG_PROTOCOL_PRODUCT; ISO_14064,share_percent,Zähler: erfüllte / abgedeckte Fälle; Nenner: relevante Grundgesamtheit; Wert = Zähler / Nenner * 100.,"AutoScore = ScoreByThreshold(Messwert, Schwellen='≥5:+3; 3–4,9:+2; 1–2,9:0; 0,5–0,9:‑2; <0,5:‑3', Polarity='higher_is_better', Archetype='higher_is_better_pct'). BenchmarkScore = ScoreByBenchmark(Messwert, BM, BM_150pct, BM_250pct). FinalScore = MIN(AutoScore, BenchmarkScore, RedLineScore). Tax_Rate = WUStG-Mapping(FinalScore).","≥5:+3; 3–4,9:+2; 1–2,9:0; 0,5–0,9:‑2; <0,5:‑3",1.95,2.925,4.875,Nein,"mittel: limited assurance, später reasonable assurance je Relevanz",Quelle + Einheit + Systemgrenze + Zeitraum + Prüfnachweis; bei Datenlücke konservative Default-/Proxylogik markieren,public_research: operationalisierbar; empirische Benchmark-Kalibrierung erforderlich,public research; not official; formula-ready; benchmark calibration required; source mapped; exact disclosure missing
WOK-E-147,E / Umwelt,Mensch/Planet/Demokratie,Klima,SDG 9 – Industrie/Innovation,9.4,Prozess‑THG‑Intensität,Prozess‑THG‑Intensität – SDG‑Patente,Anteil SDG‑relevanter Patente,%,higher_is_better,higher_is_better_pct,threshold_numeric_and_benchmark,UN_SDG_GOALS; UN_SDG_INDICATORS; UN_SDG_METADATA; EUROSTAT_NACE; EC_CSRD; EFRAG_ESRS_SET1; EFRAG_ESRS_IG; GHG_PROTOCOL_SCOPE3; GHG_PROTOCOL_PRODUCT; ISO_14064,share_percent,Zähler: erfüllte / abgedeckte Fälle; Nenner: relevante Grundgesamtheit; Wert = Zähler / Nenner * 100.,"AutoScore = ScoreByThreshold(Messwert, Schwellen='≥40:+3; 25–39:+2; 10–24:0; 5–9:‑2; <5:‑3', Polarity='higher_is_better', Archetype='higher_is_better_pct'). BenchmarkScore = ScoreByBenchmark(Messwert, BM, BM_150pct, BM_250pct). FinalScore = MIN(AutoScore, BenchmarkScore, RedLineScore). Tax_Rate = WUStG-Mapping(FinalScore).",≥40:+3; 25–39:+2; 10–24:0; 5–9:‑2; <5:‑3,17.0,25.5,42.5,Nein,"mittel: limited assurance, später reasonable assurance je Relevanz",Quelle + Einheit + Systemgrenze + Zeitraum + Prüfnachweis; bei Datenlücke konservative Default-/Proxylogik markieren,public_research: operationalisierbar; empirische Benchmark-Kalibrierung erforderlich,public research; not official; formula-ready; benchmark calibration required; source mapped; exact disclosure missing
WOK-E-148,E / Umwelt,Mensch/Planet/Demokratie,Klima,SDG 9 – Industrie/Innovation,9.4,Prozess‑THG‑Intensität,Prozess‑THG‑Intensität – Prozess‑Effizienz,Energie/Emission je Einheit,kWh/t bzw. t CO₂e/t,lower_is_better,lower_is_better_abs,benchmark_relative_calibration_required,UN_SDG_GOALS; UN_SDG_INDICATORS; UN_SDG_METADATA; EUROSTAT_NACE; EC_CSRD; EFRAG_ESRS_SET1; EFRAG_ESRS_IG; GHG_PROTOCOL_SCOPE3; GHG_PROTOCOL_PRODUCT; ISO_14064,emission_intensity,"Wert = THG-Emissionen in CO₂e je funktionaler Einheit, Produktmenge, Umsatz oder Aktivität; Systemgrenze offenlegen.","AutoScore = ScoreByThreshold(Messwert, Schwellen='Top‑10%:+3; Mittel:0; >150%:‑2; >250%:‑3', Polarity='lower_is_better', Archetype='lower_is_better_abs'). BenchmarkScore = ScoreByBenchmark(Messwert, BM, BM_150pct, BM_250pct). FinalScore = MIN(AutoScore, BenchmarkScore, RedLineScore). Tax_Rate = WUStG-Mapping(FinalScore).",Top‑10%:+3; Mittel:0; >150%:‑2; >250%:‑3,1.0,1.5,2.5,Nein,"mittel: limited assurance, später reasonable assurance je Relevanz",Quelle + Einheit + Systemgrenze + Zeitraum + Prüfnachweis; bei Datenlücke konservative Default-/Proxylogik markieren,public_research: operationalisierbar; empirische Benchmark-Kalibrierung erforderlich,public research; not official; formula-ready; benchmark calibration required; source mapped; exact disclosure missing
WOK-G-143,G / Governance,Mensch/Planet/Demokratie,Innovation & Infrastruktur,SDG 9 – Industrie/Innovation,9.5,Green R&D,Green R&D – Green R&D,Anteil F&E für grüne Technologien,% Umsatz,higher_is_better,higher_is_better_pct,threshold_numeric_and_benchmark,UN_SDG_GOALS; UN_SDG_INDICATORS; UN_SDG_METADATA; EUROSTAT_NACE; EC_CSRD; EFRAG_ESRS_SET1; EFRAG_ESRS_IG; GHG_PROTOCOL_SCOPE3; GHG_PROTOCOL_PRODUCT; OECD_FRASCATI; EPO_PATSTAT,share_percent,Zähler: erfüllte / abgedeckte Fälle; Nenner: relevante Grundgesamtheit; Wert = Zähler / Nenner * 100.,"AutoScore = ScoreByThreshold(Messwert, Schwellen='≥5:+3; 3–4,9:+2; 1–2,9:0; 0,5–0,9:‑2; <0,5:‑3', Polarity='higher_is_better', Archetype='higher_is_better_pct'). BenchmarkScore = ScoreByBenchmark(Messwert, BM, BM_150pct, BM_250pct). FinalScore = MIN(AutoScore, BenchmarkScore, RedLineScore). Tax_Rate = WUStG-Mapping(FinalScore).","≥5:+3; 3–4,9:+2; 1–2,9:0; 0,5–0,9:‑2; <0,5:‑3",1.95,2.925,4.875,Nein,mittel: fachliche Plausibilisierung und Quellenprüfung,Quelle + Einheit + Systemgrenze + Zeitraum + Prüfnachweis; bei Datenlücke konservative Default-/Proxylogik markieren,public_research: operationalisierbar; empirische Benchmark-Kalibrierung erforderlich,public research; not official; formula-ready; benchmark calibration required; source mapped; exact disclosure missing
WOK-G-144,G / Governance,Mensch/Planet/Demokratie,Innovation & Infrastruktur,SDG 9 – Industrie/Innovation,9.5,Green R&D,Green R&D – SDG‑Patente,Anteil SDG‑relevanter Patente,%,higher_is_better,higher_is_better_pct,threshold_numeric_and_benchmark,UN_SDG_GOALS; UN_SDG_INDICATORS; UN_SDG_METADATA; EUROSTAT_NACE; OECD_FRASCATI; EPO_PATSTAT,share_percent,Zähler: erfüllte / abgedeckte Fälle; Nenner: relevante Grundgesamtheit; Wert = Zähler / Nenner * 100.,"AutoScore = ScoreByThreshold(Messwert, Schwellen='≥40:+3; 25–39:+2; 10–24:0; 5–9:‑2; <5:‑3', Polarity='higher_is_better', Archetype='higher_is_better_pct'). BenchmarkScore = ScoreByBenchmark(Messwert, BM, BM_150pct, BM_250pct). FinalScore = MIN(AutoScore, BenchmarkScore, RedLineScore). Tax_Rate = WUStG-Mapping(FinalScore).",≥40:+3; 25–39:+2; 10–24:0; 5–9:‑2; <5:‑3,17.0,25.5,42.5,Nein,mittel: fachliche Plausibilisierung und Quellenprüfung,Quelle + Einheit + Systemgrenze + Zeitraum + Prüfnachweis; bei Datenlücke konservative Default-/Proxylogik markieren,public_research: operationalisierbar; empirische Benchmark-Kalibrierung erforderlich,public research; not official; formula-ready; benchmark calibration required; source mapped; exact disclosure missing
WOK-G-145,G / Governance,Mensch/Planet/Demokratie,Innovation & Infrastruktur,SDG 9 – Industrie/Innovation,9.5,Green R&D,Green R&D – Prozess‑Effizienz,Energie/Emission je Einheit,kWh/t bzw. t CO₂e/t,lower_is_better,lower_is_better_abs,benchmark_relative_calibration_required,UN_SDG_GOALS; UN_SDG_INDICATORS; UN_SDG_METADATA; EUROSTAT_NACE; EC_CSRD; EFRAG_ESRS_SET1; EFRAG_ESRS_IG; GHG_PROTOCOL_SCOPE3; GHG_PROTOCOL_PRODUCT; ISO_14064,emission_intensity,"Wert = THG-Emissionen in CO₂e je funktionaler Einheit, Produktmenge, Umsatz oder Aktivität; Systemgrenze offenlegen.","AutoScore = ScoreByThreshold(Messwert, Schwellen='Top‑10%:+3; Mittel:0; >150%:‑2; >250%:‑3', Polarity='lower_is_better', Archetype='lower_is_better_abs'). BenchmarkScore = ScoreByBenchmark(Messwert, BM, BM_150pct, BM_250pct). FinalScore = MIN(AutoScore, BenchmarkScore, RedLineScore). Tax_Rate = WUStG-Mapping(FinalScore).",Top‑10%:+3; Mittel:0; >150%:‑2; >250%:‑3,1.0,1.5,2.5,Nein,"mittel: limited assurance, später reasonable assurance je Relevanz",Quelle + Einheit + Systemgrenze + Zeitraum + Prüfnachweis; bei Datenlücke konservative Default-/Proxylogik markieren,public_research: operationalisierbar; empirische Benchmark-Kalibrierung erforderlich,public research; not official; formula-ready; benchmark calibration required; source mapped; exact disclosure missing
WOK-RE-113,RE / Real Estate,Mensch/Planet/Demokratie,Energie,SDG 9 – Industrie/Innovation,9.1,Infrastruktur‑Zugänglichkeit,Infrastruktur‑Zugänglichkeit – Betriebsenergie,Endenergiebedarf,kWh/m²a,lower_is_better,lower_is_better_abs,benchmark_relative_calibration_required,UN_SDG_GOALS; UN_SDG_INDICATORS; UN_SDG_METADATA; EUROSTAT_NACE; EC_CSRD; EFRAG_ESRS_SET1; EFRAG_ESRS_IG; ISO_50001; ISO_IEC_30134; EU_EPBD; EN_15978,lower_is_better_metric,"Wert = gemessene Belastung, Risiko- oder Intensitätskennzahl je funktionaler Einheit; niedriger ist besser.","AutoScore = ScoreByThreshold(Messwert, Schwellen='Top 15%:+3; +15–30%:+2; +31–60%:0; >+60%:‑2/‑3', Polarity='lower_is_better', Archetype='lower_is_better_abs'). BenchmarkScore = ScoreByBenchmark(Messwert, BM, BM_150pct, BM_250pct). FinalScore = MIN(AutoScore, BenchmarkScore, RedLineScore). Tax_Rate = WUStG-Mapping(FinalScore).",Top 15%:+3; +15–30%:+2; +31–60%:0; >+60%:‑2/‑3,1.0,1.5,2.5,Nein,"mittel: limited assurance, später reasonable assurance je Relevanz",Quelle + Einheit + Systemgrenze + Zeitraum + Prüfnachweis; bei Datenlücke konservative Default-/Proxylogik markieren,public_research: operationalisierbar; empirische Benchmark-Kalibrierung erforderlich,public research; not official; formula-ready; benchmark calibration required; source mapped; exact disclosure missing
WOK-RE-114,RE / Real Estate,Mensch/Planet/Demokratie,Innovation & Infrastruktur,SDG 9 – Industrie/Innovation,9.1,Infrastruktur‑Zugänglichkeit,Infrastruktur‑Zugänglichkeit – Graue Emissionen,Embodied Carbon (A1–A3),kg CO₂e/m²,lower_is_better,lower_is_better_abs,benchmark_relative_calibration_required,UN_SDG_GOALS; UN_SDG_INDICATORS; UN_SDG_METADATA; EUROSTAT_NACE; EC_CSRD; EFRAG_ESRS_SET1; EFRAG_ESRS_IG; GHG_PROTOCOL_SCOPE3; GHG_PROTOCOL_PRODUCT; ISO_14064; ISO_14067; EN_15978,emission_intensity,"Wert = THG-Emissionen in CO₂e je funktionaler Einheit, Produktmenge, Umsatz oder Aktivität; Systemgrenze offenlegen.","AutoScore = ScoreByThreshold(Messwert, Schwellen='Top‑10%:+3; Mittel:0; >150%:‑2; >250%:‑3', Polarity='lower_is_better', Archetype='lower_is_better_abs'). BenchmarkScore = ScoreByBenchmark(Messwert, BM, BM_150pct, BM_250pct). FinalScore = MIN(AutoScore, BenchmarkScore, RedLineScore). Tax_Rate = WUStG-Mapping(FinalScore).",Top‑10%:+3; Mittel:0; >150%:‑2; >250%:‑3,1.0,1.5,2.5,Nein,"mittel: limited assurance, später reasonable assurance je Relevanz",Quelle + Einheit + Systemgrenze + Zeitraum + Prüfnachweis; bei Datenlücke konservative Default-/Proxylogik markieren,public_research: operationalisierbar; empirische Benchmark-Kalibrierung erforderlich,public research; not official; formula-ready; benchmark calibration required; source mapped; exact disclosure missing
WOK-RE-115,RE / Real Estate,Mensch/Planet/Demokratie,Innovation & Infrastruktur,SDG 9 – Industrie/Innovation,9.1,Infrastruktur‑Zugänglichkeit,Infrastruktur‑Zugänglichkeit – ÖPNV‑Erreichbarkeit,Transit‑Score,0–1,higher_is_better,higher_is_better_abs,threshold_numeric_and_benchmark,UN_SDG_GOALS; UN_SDG_INDICATORS; UN_SDG_METADATA; EUROSTAT_NACE,index_0_1,"Wert = gewichteter Kriterienindex von 0 bis 1; Kriterien, Gewichtung und Nachweis je WÖk-ID offenlegen.","AutoScore = ScoreByThreshold(Messwert, Schwellen='≥0,8:+3; 0,6–0,79:+2; 0,4–0,59:0; 0,2–0,39:‑2; <0,2:‑3', Polarity='higher_is_better', Archetype='higher_is_better_abs'). BenchmarkScore = ScoreByBenchmark(Messwert, BM, BM_150pct, BM_250pct). FinalScore = MIN(AutoScore, BenchmarkScore, RedLineScore). Tax_Rate = WUStG-Mapping(FinalScore).","≥0,8:+3; 0,6–0,79:+2; 0,4–0,59:0; 0,2–0,39:‑2; <0,2:‑3",0.495,0.7424999999999999,1.0,Nein,mittel: fachliche Plausibilisierung und Quellenprüfung,Quelle + Einheit + Systemgrenze + Zeitraum + Prüfnachweis; bei Datenlücke konservative Default-/Proxylogik markieren,public_research: operationalisierbar; empirische Benchmark-Kalibrierung erforderlich,public research; not official; formula-ready; benchmark calibration required; source mapped; exact disclosure missing
WOK-P-116,P / Produkt,Mensch/Planet/Demokratie,Gesundheit & Sicherheit,SDG 9 – Industrie/Innovation,9.4,Produkt‑Sicherheit/Qualität,Produkt‑Sicherheit/Qualität – PCF,CO₂‑Fußabdruck pro Einheit,kg CO₂e/Einheit,lower_is_better,lower_is_better_abs,benchmark_relative_calibration_required,UN_SDG_GOALS; UN_SDG_INDICATORS; UN_SDG_METADATA; EUROSTAT_NACE; EC_CSRD; EFRAG_ESRS_SET1; EFRAG_ESRS_IG; GRI_STANDARDS; GRI_DOWNLOAD; ISO_14067; GHG_PROTOCOL_PRODUCT; EU_WEEE; GERMANY_VERPACKG; PEF_EU,emission_intensity,"Wert = THG-Emissionen in CO₂e je funktionaler Einheit, Produktmenge, Umsatz oder Aktivität; Systemgrenze offenlegen.","AutoScore = ScoreByThreshold(Messwert, Schwellen='Top‑10%:+3; ±Benchmark:0; >150%:‑2; >250%:‑3', Polarity='lower_is_better', Archetype='lower_is_better_abs'). BenchmarkScore = ScoreByBenchmark(Messwert, BM, BM_150pct, BM_250pct). FinalScore = MIN(AutoScore, BenchmarkScore, RedLineScore). Tax_Rate = WUStG-Mapping(FinalScore).",Top‑10%:+3; ±Benchmark:0; >150%:‑2; >250%:‑3,1.0,1.5,2.5,Ja,hoch: externe Prüfung / reasonable assurance für kritische Risiken,Quelle + Einheit + Systemgrenze + Zeitraum + Prüfnachweis; bei Datenlücke konservative Default-/Proxylogik markieren,public_research: operationalisierbar; empirische Benchmark-Kalibrierung erforderlich,public research; not official; formula-ready; benchmark calibration required; red line; source mapped; exact disclosure missing
WOK-P-117,P / Produkt,Mensch/Planet/Demokratie,Gesundheit & Sicherheit,SDG 9 – Industrie/Innovation,9.4,Produkt‑Sicherheit/Qualität,Produkt‑Sicherheit/Qualität – Reparierbarkeit,Reparierbarkeitsindex,Score 0–10,higher_is_better,higher_is_better_score,threshold_numeric_and_benchmark,UN_SDG_GOALS; UN_SDG_INDICATORS; UN_SDG_METADATA; EUROSTAT_NACE; ISO_14067; GHG_PROTOCOL_PRODUCT; PEF_EU,index_0_1,"Wert = gewichteter Kriterienindex von 0 bis 1; Kriterien, Gewichtung und Nachweis je WÖk-ID offenlegen.","AutoScore = ScoreByThreshold(Messwert, Schwellen='≥8:+3; 6–7,9:+2; 4–5,9:0; 2–3,9:‑2; <2:‑3', Polarity='higher_is_better', Archetype='higher_is_better_score'). BenchmarkScore = ScoreByBenchmark(Messwert, BM, BM_150pct, BM_250pct). FinalScore = MIN(AutoScore, BenchmarkScore, RedLineScore). Tax_Rate = WUStG-Mapping(FinalScore).","≥8:+3; 6–7,9:+2; 4–5,9:0; 2–3,9:‑2; <2:‑3",4.95,1.0,1.0,Ja,hoch: externe Prüfung / reasonable assurance für kritische Risiken,Quelle + Einheit + Systemgrenze + Zeitraum + Prüfnachweis; bei Datenlücke konservative Default-/Proxylogik markieren,public_research: operationalisierbar; empirische Benchmark-Kalibrierung erforderlich,public research; not official; formula-ready; benchmark calibration required; red line; source mapped; exact disclosure missing
WOK-P-118,P / Produkt,Mensch/Planet/Demokratie,Ressourcen & Kreislauf,SDG 9 – Industrie/Innovation,9.4,Produkt‑Sicherheit/Qualität,Produkt‑Sicherheit/Qualität – Rücknahme/Recycling,Rücknahme‑/Recyclingquote,%,higher_is_better,higher_is_better_pct,threshold_numeric_and_benchmark,UN_SDG_GOALS; UN_SDG_INDICATORS; UN_SDG_METADATA; EUROSTAT_NACE; EC_CSRD; EFRAG_ESRS_SET1; EFRAG_ESRS_IG; GRI_STANDARDS; GRI_DOWNLOAD; EU_WEEE; GERMANY_VERPACKG,share_percent,Zähler: erfüllte / abgedeckte Fälle; Nenner: relevante Grundgesamtheit; Wert = Zähler / Nenner * 100.,"AutoScore = ScoreByThreshold(Messwert, Schwellen='≥70:+3; 50–69:+2; 30–49:0; 15–29:‑2; <15:‑3', Polarity='higher_is_better', Archetype='higher_is_better_pct'). BenchmarkScore = ScoreByBenchmark(Messwert, BM, BM_150pct, BM_250pct). FinalScore = MIN(AutoScore, BenchmarkScore, RedLineScore). Tax_Rate = WUStG-Mapping(FinalScore).",≥70:+3; 50–69:+2; 30–49:0; 15–29:‑2; <15:‑3,39.5,59.25,98.75,Ja,hoch: externe Prüfung / reasonable assurance für kritische Risiken,Quelle + Einheit + Systemgrenze + Zeitraum + Prüfnachweis; bei Datenlücke konservative Default-/Proxylogik markieren,public_research: operationalisierbar; empirische Benchmark-Kalibrierung erforderlich,public research; not official; formula-ready; benchmark calibration required; red line; source mapped; exact disclosure missing
WOK-SC-119,SC / Lieferkette,Mensch/Planet/Demokratie,Governance & Demokratie,SDG 9 – Industrie/Innovation,9.c,Lieferkette‑Digitalisierung/Transparenz,Lieferkette‑Digitalisierung/Transparenz – ESG‑Spend‑Coverage,Anteil verifizierter ESG‑Daten am Spend,%,higher_is_better,higher_is_better_pct,threshold_numeric_and_benchmark,UN_SDG_GOALS; UN_SDG_INDICATORS; UN_SDG_METADATA; EUROSTAT_NACE; EC_CSRD; EFRAG_ESRS_SET1; EFRAG_ESRS_IG; GRI_STANDARDS; GRI_DOWNLOAD; OECD_RBC_DD,share_percent,Zähler: erfüllte / abgedeckte Fälle; Nenner: relevante Grundgesamtheit; Wert = Zähler / Nenner * 100.,"AutoScore = ScoreByThreshold(Messwert, Schwellen='≥90:+3; 70–89:+2; 50–69:0; 30–49:‑2; <30:‑3', Polarity='higher_is_better', Archetype='higher_is_better_pct'). BenchmarkScore = ScoreByBenchmark(Messwert, BM, BM_150pct, BM_250pct). FinalScore = MIN(AutoScore, BenchmarkScore, RedLineScore). Tax_Rate = WUStG-Mapping(FinalScore).",≥90:+3; 70–89:+2; 50–69:0; 30–49:‑2; <30:‑3,59.5,89.25,100.0,Nein,"mittel: limited assurance, später reasonable assurance je Relevanz",Quelle + Einheit + Systemgrenze + Zeitraum + Prüfnachweis; bei Datenlücke konservative Default-/Proxylogik markieren,public_research: operationalisierbar; empirische Benchmark-Kalibrierung erforderlich,public research; not official; formula-ready; benchmark calibration required; source mapped; exact disclosure missing
WOK-SC-120,SC / Lieferkette,Mensch/Planet/Demokratie,Arbeit & Fairness,SDG 9 – Industrie/Innovation,9.c,Lieferkette‑Digitalisierung/Transparenz,Lieferkette‑Digitalisierung/Transparenz – Kinder/Zwangsarbeit,Audits ohne Verstöße,% Lieferanten,higher_is_better,higher_is_better_pct,threshold_numeric_and_benchmark,UN_SDG_GOALS; UN_SDG_INDICATORS; UN_SDG_METADATA; EUROSTAT_NACE; EC_CSRD; EFRAG_ESRS_SET1; EFRAG_ESRS_IG; GRI_STANDARDS; GRI_DOWNLOAD; OECD_RBC_DD,share_percent,Zähler: erfüllte / abgedeckte Fälle; Nenner: relevante Grundgesamtheit; Wert = Zähler / Nenner * 100.,"AutoScore = ScoreByThreshold(Messwert, Schwellen='≥98:+3; 90–97:+2; 75–89:0; 50–74:‑2; <50:‑3', Polarity='higher_is_better', Archetype='higher_is_better_pct'). BenchmarkScore = ScoreByBenchmark(Messwert, BM, BM_150pct, BM_250pct). FinalScore = MIN(AutoScore, BenchmarkScore, RedLineScore). Tax_Rate = WUStG-Mapping(FinalScore).",≥98:+3; 90–97:+2; 75–89:0; 50–74:‑2; <50:‑3,82.0,100.0,100.0,Ja,hoch: externe Prüfung / reasonable assurance für kritische Risiken,Quelle + Einheit + Systemgrenze + Zeitraum + Prüfnachweis; bei Datenlücke konservative Default-/Proxylogik markieren,public_research: operationalisierbar; empirische Benchmark-Kalibrierung erforderlich,public research; not official; formula-ready; benchmark calibration required; red line; source mapped; exact disclosure missing
WOK-SC-121,SC / Lieferkette,Mensch/Planet/Demokratie,Governance & Demokratie,SDG 9 – Industrie/Innovation,9.c,Lieferkette‑Digitalisierung/Transparenz,Lieferkette‑Digitalisierung/Transparenz – Scope‑3 Daten,Primärdaten‑Abdeckung,% Kategorien,higher_is_better,higher_is_better_pct,threshold_numeric_and_benchmark,UN_SDG_GOALS; UN_SDG_INDICATORS; UN_SDG_METADATA; EUROSTAT_NACE; EC_CSRD; EFRAG_ESRS_SET1; EFRAG_ESRS_IG; GHG_PROTOCOL_SCOPE3; GHG_PROTOCOL_PRODUCT; ISO_14064,share_percent,Zähler: erfüllte / abgedeckte Fälle; Nenner: relevante Grundgesamtheit; Wert = Zähler / Nenner * 100.,"AutoScore = ScoreByThreshold(Messwert, Schwellen='≥80:+3; 60–79:+2; 40–59:0; 20–39:‑2; <20:‑3', Polarity='higher_is_better', Archetype='higher_is_better_pct'). BenchmarkScore = ScoreByBenchmark(Messwert, BM, BM_150pct, BM_250pct). FinalScore = MIN(AutoScore, BenchmarkScore, RedLineScore). Tax_Rate = WUStG-Mapping(FinalScore).",≥80:+3; 60–79:+2; 40–59:0; 20–39:‑2; <20:‑3,49.5,74.25,100.0,Nein,"mittel: limited assurance, später reasonable assurance je Relevanz",Quelle + Einheit + Systemgrenze + Zeitraum + Prüfnachweis; bei Datenlücke konservative Default-/Proxylogik markieren,public_research: operationalisierbar; empirische Benchmark-Kalibrierung erforderlich,public research; not official; formula-ready; benchmark calibration required; source mapped; exact disclosure missing
WOK-E-149,E / Umwelt,Mensch/Planet/Demokratie,Ressourcen & Kreislauf,SDG 9 – Industrie/Innovation,9.4,Rohstoff‑Effizienz,Rohstoff‑Effizienz – Abfallintensität,Abfallmenge je Output,kg/t,lower_is_better,lower_is_better_abs,benchmark_relative_calibration_required,UN_SDG_GOALS; UN_SDG_INDICATORS; UN_SDG_METADATA; EUROSTAT_NACE; EC_CSRD; EFRAG_ESRS_SET1; EFRAG_ESRS_IG; GRI_STANDARDS; GRI_DOWNLOAD; ISO_50001; ISO_IEC_30134; EU_EPBD,lower_is_better_metric,"Wert = gemessene Belastung, Risiko- oder Intensitätskennzahl je funktionaler Einheit; niedriger ist besser.","AutoScore = ScoreByThreshold(Messwert, Schwellen='Top‑10%:+3; Mittel:0; >150%:‑2; >250%:‑3', Polarity='lower_is_better', Archetype='lower_is_better_abs'). BenchmarkScore = ScoreByBenchmark(Messwert, BM, BM_150pct, BM_250pct). FinalScore = MIN(AutoScore, BenchmarkScore, RedLineScore). Tax_Rate = WUStG-Mapping(FinalScore).",Top‑10%:+3; Mittel:0; >150%:‑2; >250%:‑3,1.0,1.5,2.5,Nein,"mittel: limited assurance, später reasonable assurance je Relevanz",Quelle + Einheit + Systemgrenze + Zeitraum + Prüfnachweis; bei Datenlücke konservative Default-/Proxylogik markieren,public_research: operationalisierbar; empirische Benchmark-Kalibrierung erforderlich,public research; not official; formula-ready; benchmark calibration required; source mapped; exact disclosure missing
WOK-E-150,E / Umwelt,Mensch/Planet/Demokratie,Ressourcen & Kreislauf,SDG 9 – Industrie/Innovation,9.4,Rohstoff‑Effizienz,Rohstoff‑Effizienz – Recyclingquote,Anteil verwerteter Abfälle,%,higher_is_better,higher_is_better_pct,threshold_numeric_and_benchmark,UN_SDG_GOALS; UN_SDG_INDICATORS; UN_SDG_METADATA; EUROSTAT_NACE; EC_CSRD; EFRAG_ESRS_SET1; EFRAG_ESRS_IG; GRI_STANDARDS; GRI_DOWNLOAD; ISO_50001; ISO_IEC_30134; EU_EPBD,share_percent,Zähler: erfüllte / abgedeckte Fälle; Nenner: relevante Grundgesamtheit; Wert = Zähler / Nenner * 100.,"AutoScore = ScoreByThreshold(Messwert, Schwellen='≥90%:+3; 70–89%:+2; 50–69%:0; 30–49%:‑2; <30%:‑3', Polarity='higher_is_better', Archetype='higher_is_better_pct'). BenchmarkScore = ScoreByBenchmark(Messwert, BM, BM_150pct, BM_250pct). FinalScore = MIN(AutoScore, BenchmarkScore, RedLineScore). Tax_Rate = WUStG-Mapping(FinalScore).",≥90%:+3; 70–89%:+2; 50–69%:0; 30–49%:‑2; <30%:‑3,50.0,75.0,100.0,Nein,"mittel: limited assurance, später reasonable assurance je Relevanz",Quelle + Einheit + Systemgrenze + Zeitraum + Prüfnachweis; bei Datenlücke konservative Default-/Proxylogik markieren,public_research: strukturell vollständig; wissenschaftliche Validierung empfohlen,public research; not official; formula-ready; benchmark calibration required; source mapped; exact disclosure missing
WOK-E-151,E / Umwelt,Mensch/Planet/Demokratie,Ressourcen & Kreislauf,SDG 9 – Industrie/Innovation,9.4,Rohstoff‑Effizienz,Rohstoff‑Effizienz – Gefährlicher Abfall,Gefährlicher Abfall je Output,kg/t,lower_is_better,lower_is_better_abs,benchmark_relative_calibration_required,UN_SDG_GOALS; UN_SDG_INDICATORS; UN_SDG_METADATA; EUROSTAT_NACE; EC_CSRD; EFRAG_ESRS_SET1; EFRAG_ESRS_IG; GRI_STANDARDS; GRI_DOWNLOAD; ISO_50001; ISO_IEC_30134; EU_EPBD,lower_is_better_metric,"Wert = gemessene Belastung, Risiko- oder Intensitätskennzahl je funktionaler Einheit; niedriger ist besser.","AutoScore = ScoreByThreshold(Messwert, Schwellen='Top‑10%:+3; Mittel:0; >150%:‑2; >250%:‑3', Polarity='lower_is_better', Archetype='lower_is_better_abs'). BenchmarkScore = ScoreByBenchmark(Messwert, BM, BM_150pct, BM_250pct). FinalScore = MIN(AutoScore, BenchmarkScore, RedLineScore). Tax_Rate = WUStG-Mapping(FinalScore).",Top‑10%:+3; Mittel:0; >150%:‑2; >250%:‑3,1.0,1.5,2.5,Nein,"mittel: limited assurance, später reasonable assurance je Relevanz",Quelle + Einheit + Systemgrenze + Zeitraum + Prüfnachweis; bei Datenlücke konservative Default-/Proxylogik markieren,public_research: operationalisierbar; empirische Benchmark-Kalibrierung erforderlich,public research; not official; formula-ready; benchmark calibration required; source mapped; exact disclosure missing
WOK-SYS-122,SYS / System,Mensch/Planet/Demokratie,Innovation & Infrastruktur,SDG 9 – Industrie/Innovation,9.5,Standort‑Innovationsökosystem,Standort‑Innovationsökosystem – Index,umsatzgewichteter Index (z. B. Demokratie/Rule of Law),0–1,higher_is_better,higher_is_better_abs,threshold_numeric_and_benchmark,UN_SDG_GOALS; UN_SDG_INDICATORS; UN_SDG_METADATA; EUROSTAT_NACE; OECD_FRASCATI; EPO_PATSTAT; SOCIAL_VALUE_SROI,index_0_1,"Wert = gewichteter Kriterienindex von 0 bis 1; Kriterien, Gewichtung und Nachweis je WÖk-ID offenlegen.","AutoScore = ScoreByThreshold(Messwert, Schwellen='≥0,8:+3; 0,7–0,79:+2; 0,6–0,69:0; 0,5–0,59:‑2; <0,5:‑3', Polarity='higher_is_better', Archetype='higher_is_better_abs'). BenchmarkScore = ScoreByBenchmark(Messwert, BM, BM_150pct, BM_250pct). FinalScore = MIN(AutoScore, BenchmarkScore, RedLineScore). Tax_Rate = WUStG-Mapping(FinalScore).","≥0,8:+3; 0,7–0,79:+2; 0,6–0,69:0; 0,5–0,59:‑2; <0,5:‑3",0.645,0.9675,1.0,Nein,mittel: fachliche Plausibilisierung und Quellenprüfung,Quelle + Einheit + Systemgrenze + Zeitraum + Prüfnachweis; bei Datenlücke konservative Default-/Proxylogik markieren,public_research: operationalisierbar; empirische Benchmark-Kalibrierung erforderlich,public research; not official; formula-ready; benchmark calibration required; source mapped; exact disclosure missing
WOK-SYS-123,SYS / System,Mensch/Planet/Demokratie,Innovation & Infrastruktur,SDG 9 – Industrie/Innovation,9.5,Standort‑Innovationsökosystem,Standort‑Innovationsökosystem – Exposure,Umsatz in Hochrisikoländern,%,lower_is_better,lower_is_better_abs,threshold_numeric_and_benchmark,UN_SDG_GOALS; UN_SDG_INDICATORS; UN_SDG_METADATA; EUROSTAT_NACE; OECD_FRASCATI; EPO_PATSTAT; SOCIAL_VALUE_SROI,share_percent,Zähler: erfüllte / abgedeckte Fälle; Nenner: relevante Grundgesamtheit; Wert = Zähler / Nenner * 100.,"AutoScore = ScoreByThreshold(Messwert, Schwellen='≤5:+3; 6–10:+2; 11–20:0; 21–30:‑2; >30:‑3', Polarity='lower_is_better', Archetype='lower_is_better_abs'). BenchmarkScore = ScoreByBenchmark(Messwert, BM, BM_150pct, BM_250pct). FinalScore = MIN(AutoScore, BenchmarkScore, RedLineScore). Tax_Rate = WUStG-Mapping(FinalScore).",≤5:+3; 6–10:+2; 11–20:0; 21–30:‑2; >30:‑3,15.5,23.25,38.75,Nein,mittel: fachliche Plausibilisierung und Quellenprüfung,Quelle + Einheit + Systemgrenze + Zeitraum + Prüfnachweis; bei Datenlücke konservative Default-/Proxylogik markieren,public_research: operationalisierbar; empirische Benchmark-Kalibrierung erforderlich,public research; not official; formula-ready; benchmark calibration required; source mapped; exact disclosure missing
WOK-SYS-124,SYS / System,Mensch/Planet/Demokratie,Innovation & Infrastruktur,SDG 9 – Industrie/Innovation,9.5,Standort‑Innovationsökosystem,Standort‑Innovationsökosystem – Kooperationen,"aktive, evaluierte Partnerschaften/Jahr",#/Jahr,higher_is_better,higher_is_better_abs,threshold_numeric_and_benchmark,UN_SDG_GOALS; UN_SDG_INDICATORS; UN_SDG_METADATA; EUROSTAT_NACE; OECD_FRASCATI; EPO_PATSTAT; SOCIAL_VALUE_SROI,indicator_specific,"Wert gemäß definierter Messgröße; Zähler, Nenner, Einheit, Systemgrenze und Zeitraum je WÖk-ID dokumentieren.","AutoScore = ScoreByThreshold(Messwert, Schwellen='≥5:+3; 3–4:+2; 1–2:0; 0:‑2', Polarity='higher_is_better', Archetype='higher_is_better_abs'). BenchmarkScore = ScoreByBenchmark(Messwert, BM, BM_150pct, BM_250pct). FinalScore = MIN(AutoScore, BenchmarkScore, RedLineScore). Tax_Rate = WUStG-Mapping(FinalScore).",≥5:+3; 3–4:+2; 1–2:0; 0:‑2,1.5,2.25,3.75,Nein,mittel: fachliche Plausibilisierung und Quellenprüfung,Quelle + Einheit + Systemgrenze + Zeitraum + Prüfnachweis; bei Datenlücke konservative Default-/Proxylogik markieren,public_research: operationalisierbar; empirische Benchmark-Kalibrierung erforderlich,public research; not official; formula-ready; benchmark calibration required; source mapped; exact disclosure missing
WOK-E-152,E / Umwelt,Mensch/Planet/Demokratie,Energie,SDG 9 – Industrie/Innovation,9.4,Energie‑/Ressourceneffizienz,Energie‑/Ressourceneffizienz – EE‑Anteil,Anteil erneuerbarer Energien am Strombezug,%,higher_is_better,higher_is_better_pct,threshold_numeric_and_benchmark,UN_SDG_GOALS; UN_SDG_INDICATORS; UN_SDG_METADATA; EUROSTAT_NACE; EC_CSRD; EFRAG_ESRS_SET1; EFRAG_ESRS_IG; GHG_PROTOCOL_SCOPE3; GHG_PROTOCOL_PRODUCT; ISO_50001; ISO_IEC_30134; EU_EPBD,share_percent,Zähler: erfüllte / abgedeckte Fälle; Nenner: relevante Grundgesamtheit; Wert = Zähler / Nenner * 100.,"AutoScore = ScoreByThreshold(Messwert, Schwellen='≥90%:+3; 70–89%:+2; 50–69%:0; 30–49%:‑2; <30%:‑3', Polarity='higher_is_better', Archetype='higher_is_better_pct'). BenchmarkScore = ScoreByBenchmark(Messwert, BM, BM_150pct, BM_250pct). FinalScore = MIN(AutoScore, BenchmarkScore, RedLineScore). Tax_Rate = WUStG-Mapping(FinalScore).",≥90%:+3; 70–89%:+2; 50–69%:0; 30–49%:‑2; <30%:‑3,50.0,75.0,100.0,Nein,"mittel: limited assurance, später reasonable assurance je Relevanz",Quelle + Einheit + Systemgrenze + Zeitraum + Prüfnachweis; bei Datenlücke konservative Default-/Proxylogik markieren,public_research: strukturell vollständig; wissenschaftliche Validierung empfohlen,public research; not official; formula-ready; benchmark calibration required; source mapped; exact disclosure missing
WOK-E-153,E / Umwelt,Mensch/Planet/Demokratie,Energie,SDG 9 – Industrie/Innovation,9.4,Energie‑/Ressourceneffizienz,Energie‑/Ressourceneffizienz – Intensität,Energie je Output/Umsatz,kWh/€ Mio bzw. kWh/t,lower_is_better,lower_is_better_abs,benchmark_relative_calibration_required,UN_SDG_GOALS; UN_SDG_INDICATORS; UN_SDG_METADATA; EUROSTAT_NACE; EC_CSRD; EFRAG_ESRS_SET1; EFRAG_ESRS_IG; GHG_PROTOCOL_SCOPE3; GHG_PROTOCOL_PRODUCT; ISO_50001; ISO_IEC_30134; EU_EPBD,lower_is_better_metric,"Wert = gemessene Belastung, Risiko- oder Intensitätskennzahl je funktionaler Einheit; niedriger ist besser.","AutoScore = ScoreByThreshold(Messwert, Schwellen='Top‑10%:+3; Mittel:0; >150%:‑2; >250%:‑3', Polarity='lower_is_better', Archetype='lower_is_better_abs'). BenchmarkScore = ScoreByBenchmark(Messwert, BM, BM_150pct, BM_250pct). FinalScore = MIN(AutoScore, BenchmarkScore, RedLineScore). Tax_Rate = WUStG-Mapping(FinalScore).",Top‑10%:+3; Mittel:0; >150%:‑2; >250%:‑3,1.0,1.5,2.5,Nein,"mittel: limited assurance, später reasonable assurance je Relevanz",Quelle + Einheit + Systemgrenze + Zeitraum + Prüfnachweis; bei Datenlücke konservative Default-/Proxylogik markieren,public_research: operationalisierbar; empirische Benchmark-Kalibrierung erforderlich,public research; not official; formula-ready; benchmark calibration required; source mapped; exact disclosure missing
WOK-E-154,E / Umwelt,Mensch/Planet/Demokratie,Energie,SDG 9 – Industrie/Innovation,9.4,Energie‑/Ressourceneffizienz,Energie‑/Ressourceneffizienz – Effizienz (PUE)*,Effizienz Rechenzentrum/IT‑Betrieb (falls zutreffend),PUE,lower_is_better,pue,threshold_numeric_and_benchmark,UN_SDG_GOALS; UN_SDG_INDICATORS; UN_SDG_METADATA; EUROSTAT_NACE; EC_CSRD; EFRAG_ESRS_SET1; EFRAG_ESRS_IG; ISO_14067; GHG_PROTOCOL_PRODUCT; ISO_50001; ISO_IEC_30134; ISO_IEC_27701; EU_EPBD,pue,PUE = Gesamtenergie Rechenzentrum / IT-Energie; Klimazone und Messzeitraum offenlegen.,"AutoScore = ScoreByThreshold(Messwert, Schwellen='≤1,2:+3; 1,21–1,4:+2; 1,41–1,6:0; 1,61–1,8:‑2; >1,8:‑3', Polarity='lower_is_better', Archetype='pue'). BenchmarkScore = ScoreByBenchmark(Messwert, BM, BM_150pct, BM_250pct). FinalScore = MIN(AutoScore, BenchmarkScore, RedLineScore). Tax_Rate = WUStG-Mapping(FinalScore).","≤1,2:+3; 1,21–1,4:+2; 1,41–1,6:0; 1,61–1,8:‑2; >1,8:‑3",1.505,2.2575,3.7625,Nein,"mittel: limited assurance, später reasonable assurance je Relevanz",Quelle + Einheit + Systemgrenze + Zeitraum + Prüfnachweis; bei Datenlücke konservative Default-/Proxylogik markieren,public_research: operationalisierbar; empirische Benchmark-Kalibrierung erforderlich,public research; not official; formula-ready; benchmark calibration required; source mapped; exact disclosure missing
WOK-G-146,G / Governance,Mensch/Planet/Demokratie,Governance & Demokratie,SDG 9 – Industrie/Innovation,9.5,IP/Integrität F&E,IP/Integrität F&E – Antikorruption,Bestätigte Fälle/1.000 FTE,Fälle/1.000 FTE,lower_is_better,near_zero_better,threshold_numeric_and_benchmark,UN_SDG_GOALS; UN_SDG_INDICATORS; UN_SDG_METADATA; EUROSTAT_NACE; EC_CSRD; EFRAG_ESRS_SET1; EFRAG_ESRS_IG; GRI_STANDARDS; GRI_DOWNLOAD; OECD_ANTI_BRIBERY,lower_is_better_metric,"Wert = gemessene Belastung, Risiko- oder Intensitätskennzahl je funktionaler Einheit; niedriger ist besser.","AutoScore = ScoreByThreshold(Messwert, Schwellen='0:+3; ≤0,2:+2; ≤0,5:0; ≤1:‑2; >1:‑3', Polarity='lower_is_better', Archetype='near_zero_better'). BenchmarkScore = ScoreByBenchmark(Messwert, BM, BM_150pct, BM_250pct). FinalScore = MIN(AutoScore, BenchmarkScore, RedLineScore). Tax_Rate = WUStG-Mapping(FinalScore).","0:+3; ≤0,2:+2; ≤0,5:0; ≤1:‑2; >1:‑3",0.5,0.75,1.25,Ja,hoch: externe Prüfung / reasonable assurance für kritische Risiken,Quelle + Einheit + Systemgrenze + Zeitraum + Prüfnachweis; bei Datenlücke konservative Default-/Proxylogik markieren,public_research: operationalisierbar; empirische Benchmark-Kalibrierung erforderlich,public research; not official; formula-ready; benchmark calibration required; red line; source mapped; exact disclosure missing
WOK-G-147,G / Governance,Mensch/Planet/Demokratie,Innovation & Infrastruktur,SDG 9 – Industrie/Innovation,9.5,IP/Integrität F&E,IP/Integrität F&E – Whistleblowing,Wirksamkeits‑Score,0–1,higher_is_better,higher_is_better_abs,threshold_numeric_and_benchmark,UN_SDG_GOALS; UN_SDG_INDICATORS; UN_SDG_METADATA; EUROSTAT_NACE; EC_CSRD; EFRAG_ESRS_SET1; EFRAG_ESRS_IG; GRI_STANDARDS; GRI_DOWNLOAD; OECD_ANTI_BRIBERY,index_0_1,"Wert = gewichteter Kriterienindex von 0 bis 1; Kriterien, Gewichtung und Nachweis je WÖk-ID offenlegen.","AutoScore = ScoreByThreshold(Messwert, Schwellen='≥0,9:+3; 0,75–0,89:+2; 0,6–0,74:0; 0,4–0,59:‑2; <0,4:‑3', Polarity='higher_is_better', Archetype='higher_is_better_abs'). BenchmarkScore = ScoreByBenchmark(Messwert, BM, BM_150pct, BM_250pct). FinalScore = MIN(AutoScore, BenchmarkScore, RedLineScore). Tax_Rate = WUStG-Mapping(FinalScore).","≥0,9:+3; 0,75–0,89:+2; 0,6–0,74:0; 0,4–0,59:‑2; <0,4:‑3",0.6699999999999999,1.0,1.0,Ja,hoch: externe Prüfung / reasonable assurance für kritische Risiken,Quelle + Einheit + Systemgrenze + Zeitraum + Prüfnachweis; bei Datenlücke konservative Default-/Proxylogik markieren,public_research: operationalisierbar; empirische Benchmark-Kalibrierung erforderlich,public research; not official; formula-ready; benchmark calibration required; red line; source mapped; exact disclosure missing
WOK-G-148,G / Governance,Mensch/Planet/Demokratie,Governance & Demokratie,SDG 9 – Industrie/Innovation,9.5,IP/Integrität F&E,IP/Integrität F&E – Steuertransparenz,CbCR‑Offenlegung,0–1,higher_is_better,higher_is_better_abs,qualitative_ordinal,UN_SDG_GOALS; UN_SDG_INDICATORS; UN_SDG_METADATA; EUROSTAT_NACE; EC_CSRD; EFRAG_ESRS_SET1; EFRAG_ESRS_IG; GRI_STANDARDS; GRI_DOWNLOAD; OECD_ANTI_BRIBERY,index_0_1,"Wert = gewichteter Kriterienindex von 0 bis 1; Kriterien, Gewichtung und Nachweis je WÖk-ID offenlegen.","AutoScore = ScoreByThreshold(Messwert, Schwellen='vollständig:+3; teilweise:+2; minimal:0; schlecht:‑2', Polarity='higher_is_better', Archetype='higher_is_better_abs'). BenchmarkScore = ScoreByBenchmark(Messwert, BM, BM_150pct, BM_250pct). FinalScore = MIN(AutoScore, BenchmarkScore, RedLineScore). Tax_Rate = WUStG-Mapping(FinalScore).",vollständig:+3; teilweise:+2; minimal:0; schlecht:‑2,0.5,0.75,0.9,Ja,hoch: externe Prüfung / reasonable assurance für kritische Risiken,Quelle + Einheit + Systemgrenze + Zeitraum + Prüfnachweis; bei Datenlücke konservative Default-/Proxylogik markieren,public_research: operationalisierbar; empirische Benchmark-Kalibrierung erforderlich,public research; not official; formula-ready; qualitative review required; red line; source mapped; exact disclosure missing
WOK-G-149,G / Governance,Mensch,Governance & Demokratie,SDG 10 – Ungleichheiten,10.4,Pay Ratio & Bonus,Pay Ratio & Bonus – Antikorruption,Bestätigte Fälle/1.000 FTE,Fälle/1.000 FTE,lower_is_better,near_zero_better,threshold_numeric_and_benchmark,UN_SDG_GOALS; UN_SDG_INDICATORS; UN_SDG_METADATA; EUROSTAT_NACE; EC_CSRD; EFRAG_ESRS_SET1; EFRAG_ESRS_IG; GRI_STANDARDS; GRI_DOWNLOAD; OECD_ANTI_BRIBERY,lower_is_better_metric,"Wert = gemessene Belastung, Risiko- oder Intensitätskennzahl je funktionaler Einheit; niedriger ist besser.","AutoScore = ScoreByThreshold(Messwert, Schwellen='0:+3; ≤0,2:+2; ≤0,5:0; ≤1:‑2; >1:‑3', Polarity='lower_is_better', Archetype='near_zero_better'). BenchmarkScore = ScoreByBenchmark(Messwert, BM, BM_150pct, BM_250pct). FinalScore = MIN(AutoScore, BenchmarkScore, RedLineScore). Tax_Rate = WUStG-Mapping(FinalScore).","0:+3; ≤0,2:+2; ≤0,5:0; ≤1:‑2; >1:‑3",0.5,0.75,1.25,Ja,hoch: externe Prüfung / reasonable assurance für kritische Risiken,Quelle + Einheit + Systemgrenze + Zeitraum + Prüfnachweis; bei Datenlücke konservative Default-/Proxylogik markieren,public_research: operationalisierbar; empirische Benchmark-Kalibrierung erforderlich,public research; not official; formula-ready; benchmark calibration required; red line; source mapped; exact disclosure missing
WOK-G-150,G / Governance,Mensch,Querschnitt,SDG 10 – Ungleichheiten,10.4,Pay Ratio & Bonus,Pay Ratio & Bonus – Whistleblowing,Wirksamkeits‑Score,0–1,higher_is_better,higher_is_better_abs,threshold_numeric_and_benchmark,UN_SDG_GOALS; UN_SDG_INDICATORS; UN_SDG_METADATA; EUROSTAT_NACE; EC_CSRD; EFRAG_ESRS_SET1; EFRAG_ESRS_IG; GRI_STANDARDS; GRI_DOWNLOAD; OECD_ANTI_BRIBERY,index_0_1,"Wert = gewichteter Kriterienindex von 0 bis 1; Kriterien, Gewichtung und Nachweis je WÖk-ID offenlegen.","AutoScore = ScoreByThreshold(Messwert, Schwellen='≥0,9:+3; 0,75–0,89:+2; 0,6–0,74:0; 0,4–0,59:‑2; <0,4:‑3', Polarity='higher_is_better', Archetype='higher_is_better_abs'). BenchmarkScore = ScoreByBenchmark(Messwert, BM, BM_150pct, BM_250pct). FinalScore = MIN(AutoScore, BenchmarkScore, RedLineScore). Tax_Rate = WUStG-Mapping(FinalScore).","≥0,9:+3; 0,75–0,89:+2; 0,6–0,74:0; 0,4–0,59:‑2; <0,4:‑3",0.6699999999999999,1.0,1.0,Ja,hoch: externe Prüfung / reasonable assurance für kritische Risiken,Quelle + Einheit + Systemgrenze + Zeitraum + Prüfnachweis; bei Datenlücke konservative Default-/Proxylogik markieren,public_research: operationalisierbar; empirische Benchmark-Kalibrierung erforderlich,public research; not official; formula-ready; benchmark calibration required; red line; source mapped; exact disclosure missing
WOK-G-151,G / Governance,Mensch,Governance & Demokratie,SDG 10 – Ungleichheiten,10.4,Pay Ratio & Bonus,Pay Ratio & Bonus – Steuertransparenz,CbCR‑Offenlegung,0–1,higher_is_better,higher_is_better_abs,qualitative_ordinal,UN_SDG_GOALS; UN_SDG_INDICATORS; UN_SDG_METADATA; EUROSTAT_NACE; EC_CSRD; EFRAG_ESRS_SET1; EFRAG_ESRS_IG; GRI_STANDARDS; GRI_DOWNLOAD; OECD_ANTI_BRIBERY,index_0_1,"Wert = gewichteter Kriterienindex von 0 bis 1; Kriterien, Gewichtung und Nachweis je WÖk-ID offenlegen.","AutoScore = ScoreByThreshold(Messwert, Schwellen='vollständig:+3; teilweise:+2; minimal:0; schlecht:‑2', Polarity='higher_is_better', Archetype='higher_is_better_abs'). BenchmarkScore = ScoreByBenchmark(Messwert, BM, BM_150pct, BM_250pct). FinalScore = MIN(AutoScore, BenchmarkScore, RedLineScore). Tax_Rate = WUStG-Mapping(FinalScore).",vollständig:+3; teilweise:+2; minimal:0; schlecht:‑2,0.5,0.75,0.9,Ja,hoch: externe Prüfung / reasonable assurance für kritische Risiken,Quelle + Einheit + Systemgrenze + Zeitraum + Prüfnachweis; bei Datenlücke konservative Default-/Proxylogik markieren,public_research: operationalisierbar; empirische Benchmark-Kalibrierung erforderlich,public research; not official; formula-ready; qualitative review required; red line; source mapped; exact disclosure missing
WOK-S-161,S / Soziales,Mensch,Querschnitt,SDG 10 – Ungleichheiten,10.2,Inklusionsquote,Inklusionsquote – Gender Pay Gap,Bereinigter Lohnunterschied,%,lower_is_better,lower_is_better_abs,threshold_numeric_and_benchmark,UN_SDG_GOALS; UN_SDG_INDICATORS; UN_SDG_METADATA; EUROSTAT_NACE; EC_CSRD; EFRAG_ESRS_SET1; EFRAG_ESRS_IG; GRI_STANDARDS; GRI_DOWNLOAD; ILO_FUNDAMENTAL_PRINCIPLES,share_percent,Zähler: erfüllte / abgedeckte Fälle; Nenner: relevante Grundgesamtheit; Wert = Zähler / Nenner * 100.,"AutoScore = ScoreByThreshold(Messwert, Schwellen='≤2:+3; ≤5:+2; ≤8:0; >8:‑2/‑3', Polarity='lower_is_better', Archetype='lower_is_better_abs'). BenchmarkScore = ScoreByBenchmark(Messwert, BM, BM_150pct, BM_250pct). FinalScore = MIN(AutoScore, BenchmarkScore, RedLineScore). Tax_Rate = WUStG-Mapping(FinalScore).",≤2:+3; ≤5:+2; ≤8:0; >8:‑2/‑3,8.0,12.0,20.0,Nein,"mittel: limited assurance, später reasonable assurance je Relevanz",Quelle + Einheit + Systemgrenze + Zeitraum + Prüfnachweis; bei Datenlücke konservative Default-/Proxylogik markieren,public_research: operationalisierbar; empirische Benchmark-Kalibrierung erforderlich,public research; not official; formula-ready; benchmark calibration required; source mapped; exact disclosure missing
WOK-S-162,S / Soziales,Mensch,Querschnitt,SDG 10 – Ungleichheiten,10.2,Inklusionsquote,Inklusionsquote – Führung Diversität,Frauenanteil Leitungsorgane,%,higher_is_better,higher_is_better_pct,threshold_numeric_and_benchmark,UN_SDG_GOALS; UN_SDG_INDICATORS; UN_SDG_METADATA; EUROSTAT_NACE; EC_CSRD; EFRAG_ESRS_SET1; EFRAG_ESRS_IG; GRI_STANDARDS; GRI_DOWNLOAD; ILO_FUNDAMENTAL_PRINCIPLES,share_percent,Zähler: erfüllte / abgedeckte Fälle; Nenner: relevante Grundgesamtheit; Wert = Zähler / Nenner * 100.,"AutoScore = ScoreByThreshold(Messwert, Schwellen='≥50:+3; ≥40:+2; ≥30:0; <30:‑2/‑3', Polarity='higher_is_better', Archetype='higher_is_better_pct'). BenchmarkScore = ScoreByBenchmark(Messwert, BM, BM_150pct, BM_250pct). FinalScore = MIN(AutoScore, BenchmarkScore, RedLineScore). Tax_Rate = WUStG-Mapping(FinalScore).",≥50:+3; ≥40:+2; ≥30:0; <30:‑2/‑3,30.0,45.0,75.0,Nein,"mittel: limited assurance, später reasonable assurance je Relevanz",Quelle + Einheit + Systemgrenze + Zeitraum + Prüfnachweis; bei Datenlücke konservative Default-/Proxylogik markieren,public_research: operationalisierbar; empirische Benchmark-Kalibrierung erforderlich,public research; not official; formula-ready; benchmark calibration required; source mapped; exact disclosure missing
WOK-S-163,S / Soziales,Mensch,Querschnitt,SDG 10 – Ungleichheiten,10.2,Inklusionsquote,Inklusionsquote – Inklusion,Beschäftigte mit Behinderung,%,higher_is_better,higher_is_better_pct,threshold_numeric_and_benchmark,UN_SDG_GOALS; UN_SDG_INDICATORS; UN_SDG_METADATA; EUROSTAT_NACE; EC_CSRD; EFRAG_ESRS_SET1; EFRAG_ESRS_IG; GRI_STANDARDS; GRI_DOWNLOAD; ILO_FUNDAMENTAL_PRINCIPLES,share_percent,Zähler: erfüllte / abgedeckte Fälle; Nenner: relevante Grundgesamtheit; Wert = Zähler / Nenner * 100.,"AutoScore = ScoreByThreshold(Messwert, Schwellen='≥6:+3; 4–5,9:+2; 2–3,9:0; 1–1,9:‑2; <1:‑3', Polarity='higher_is_better', Archetype='higher_is_better_pct'). BenchmarkScore = ScoreByBenchmark(Messwert, BM, BM_150pct, BM_250pct). FinalScore = MIN(AutoScore, BenchmarkScore, RedLineScore). Tax_Rate = WUStG-Mapping(FinalScore).","≥6:+3; 4–5,9:+2; 2–3,9:0; 1–1,9:‑2; <1:‑3",2.95,4.425000000000001,7.375,Nein,"mittel: limited assurance, später reasonable assurance je Relevanz",Quelle + Einheit + Systemgrenze + Zeitraum + Prüfnachweis; bei Datenlücke konservative Default-/Proxylogik markieren,public_research: operationalisierbar; empirische Benchmark-Kalibrierung erforderlich,public research; not official; formula-ready; benchmark calibration required; source mapped; exact disclosure missing
WOK-S-164,S / Soziales,Mensch,Querschnitt,SDG 10 – Ungleichheiten,10.3,Diskriminierungsfälle,Diskriminierungsfälle – Gender Pay Gap,Bereinigter Lohnunterschied,%,lower_is_better,near_zero_better,threshold_numeric_and_benchmark,UN_SDG_GOALS; UN_SDG_INDICATORS; UN_SDG_METADATA; EUROSTAT_NACE; EC_CSRD; EFRAG_ESRS_SET1; EFRAG_ESRS_IG; GRI_STANDARDS; GRI_DOWNLOAD; ILO_FUNDAMENTAL_PRINCIPLES,share_percent,Zähler: erfüllte / abgedeckte Fälle; Nenner: relevante Grundgesamtheit; Wert = Zähler / Nenner * 100.,"AutoScore = ScoreByThreshold(Messwert, Schwellen='≤2:+3; ≤5:+2; ≤8:0; >8:‑2/‑3', Polarity='lower_is_better', Archetype='near_zero_better'). BenchmarkScore = ScoreByBenchmark(Messwert, BM, BM_150pct, BM_250pct). FinalScore = MIN(AutoScore, BenchmarkScore, RedLineScore). Tax_Rate = WUStG-Mapping(FinalScore).",≤2:+3; ≤5:+2; ≤8:0; >8:‑2/‑3,8.0,12.0,20.0,Nein,"mittel: limited assurance, später reasonable assurance je Relevanz",Quelle + Einheit + Systemgrenze + Zeitraum + Prüfnachweis; bei Datenlücke konservative Default-/Proxylogik markieren,public_research: operationalisierbar; empirische Benchmark-Kalibrierung erforderlich,public research; not official; formula-ready; benchmark calibration required; source mapped; exact disclosure missing
WOK-S-165,S / Soziales,Mensch,Querschnitt,SDG 10 – Ungleichheiten,10.3,Diskriminierungsfälle,Diskriminierungsfälle – Führung Diversität,Frauenanteil Leitungsorgane,%,higher_is_better,higher_is_better_pct,threshold_numeric_and_benchmark,UN_SDG_GOALS; UN_SDG_INDICATORS; UN_SDG_METADATA; EUROSTAT_NACE; EC_CSRD; EFRAG_ESRS_SET1; EFRAG_ESRS_IG; GRI_STANDARDS; GRI_DOWNLOAD,share_percent,Zähler: erfüllte / abgedeckte Fälle; Nenner: relevante Grundgesamtheit; Wert = Zähler / Nenner * 100.,"AutoScore = ScoreByThreshold(Messwert, Schwellen='≥50:+3; ≥40:+2; ≥30:0; <30:‑2/‑3', Polarity='higher_is_better', Archetype='higher_is_better_pct'). BenchmarkScore = ScoreByBenchmark(Messwert, BM, BM_150pct, BM_250pct). FinalScore = MIN(AutoScore, BenchmarkScore, RedLineScore). Tax_Rate = WUStG-Mapping(FinalScore).",≥50:+3; ≥40:+2; ≥30:0; <30:‑2/‑3,30.0,45.0,75.0,Nein,"mittel: limited assurance, später reasonable assurance je Relevanz",Quelle + Einheit + Systemgrenze + Zeitraum + Prüfnachweis; bei Datenlücke konservative Default-/Proxylogik markieren,public_research: operationalisierbar; empirische Benchmark-Kalibrierung erforderlich,public research; not official; formula-ready; benchmark calibration required; source mapped; exact disclosure missing
WOK-S-166,S / Soziales,Mensch,Querschnitt,SDG 10 – Ungleichheiten,10.3,Diskriminierungsfälle,Diskriminierungsfälle – Inklusion,Beschäftigte mit Behinderung,%,higher_is_better,higher_is_better_pct,threshold_numeric_and_benchmark,UN_SDG_GOALS; UN_SDG_INDICATORS; UN_SDG_METADATA; EUROSTAT_NACE; EC_CSRD; EFRAG_ESRS_SET1; EFRAG_ESRS_IG; GRI_STANDARDS; GRI_DOWNLOAD; ILO_FUNDAMENTAL_PRINCIPLES,share_percent,Zähler: erfüllte / abgedeckte Fälle; Nenner: relevante Grundgesamtheit; Wert = Zähler / Nenner * 100.,"AutoScore = ScoreByThreshold(Messwert, Schwellen='≥6:+3; 4–5,9:+2; 2–3,9:0; 1–1,9:‑2; <1:‑3', Polarity='higher_is_better', Archetype='higher_is_better_pct'). BenchmarkScore = ScoreByBenchmark(Messwert, BM, BM_150pct, BM_250pct). FinalScore = MIN(AutoScore, BenchmarkScore, RedLineScore). Tax_Rate = WUStG-Mapping(FinalScore).","≥6:+3; 4–5,9:+2; 2–3,9:0; 1–1,9:‑2; <1:‑3",2.95,4.425000000000001,7.375,Nein,"mittel: limited assurance, später reasonable assurance je Relevanz",Quelle + Einheit + Systemgrenze + Zeitraum + Prüfnachweis; bei Datenlücke konservative Default-/Proxylogik markieren,public_research: operationalisierbar; empirische Benchmark-Kalibrierung erforderlich,public research; not official; formula-ready; benchmark calibration required; source mapped; exact disclosure missing
WOK-SYS-125,SYS / System,Mensch,Querschnitt,SDG 10 – Ungleichheiten,10.c,Erschwinglichkeit Produkte/Services,Erschwinglichkeit Produkte/Services – Index,umsatzgewichteter Index (z. B. Demokratie/Rule of Law),0–1,higher_is_better,higher_is_better_abs,threshold_numeric_and_benchmark,UN_SDG_GOALS; UN_SDG_INDICATORS; UN_SDG_METADATA; EUROSTAT_NACE; ISO_14067; GHG_PROTOCOL_PRODUCT; PEF_EU; SOCIAL_VALUE_SROI,index_0_1,"Wert = gewichteter Kriterienindex von 0 bis 1; Kriterien, Gewichtung und Nachweis je WÖk-ID offenlegen.","AutoScore = ScoreByThreshold(Messwert, Schwellen='≥0,8:+3; 0,7–0,79:+2; 0,6–0,69:0; 0,5–0,59:‑2; <0,5:‑3', Polarity='higher_is_better', Archetype='higher_is_better_abs'). BenchmarkScore = ScoreByBenchmark(Messwert, BM, BM_150pct, BM_250pct). FinalScore = MIN(AutoScore, BenchmarkScore, RedLineScore). Tax_Rate = WUStG-Mapping(FinalScore).","≥0,8:+3; 0,7–0,79:+2; 0,6–0,69:0; 0,5–0,59:‑2; <0,5:‑3",0.645,0.9675,1.0,Nein,"mittel: limited assurance, später reasonable assurance je Relevanz",Quelle + Einheit + Systemgrenze + Zeitraum + Prüfnachweis; bei Datenlücke konservative Default-/Proxylogik markieren,public_research: operationalisierbar; empirische Benchmark-Kalibrierung erforderlich,public research; not official; formula-ready; benchmark calibration required; source mapped; exact disclosure missing
WOK-SYS-126,SYS / System,Mensch,Querschnitt,SDG 10 – Ungleichheiten,10.c,Erschwinglichkeit Produkte/Services,Erschwinglichkeit Produkte/Services – Exposure,Umsatz in Hochrisikoländern,%,lower_is_better,lower_is_better_abs,threshold_numeric_and_benchmark,UN_SDG_GOALS; UN_SDG_INDICATORS; UN_SDG_METADATA; EUROSTAT_NACE; ISO_14067; GHG_PROTOCOL_PRODUCT; PEF_EU; SOCIAL_VALUE_SROI,share_percent,Zähler: erfüllte / abgedeckte Fälle; Nenner: relevante Grundgesamtheit; Wert = Zähler / Nenner * 100.,"AutoScore = ScoreByThreshold(Messwert, Schwellen='≤5:+3; 6–10:+2; 11–20:0; 21–30:‑2; >30:‑3', Polarity='lower_is_better', Archetype='lower_is_better_abs'). BenchmarkScore = ScoreByBenchmark(Messwert, BM, BM_150pct, BM_250pct). FinalScore = MIN(AutoScore, BenchmarkScore, RedLineScore). Tax_Rate = WUStG-Mapping(FinalScore).",≤5:+3; 6–10:+2; 11–20:0; 21–30:‑2; >30:‑3,15.5,23.25,38.75,Nein,"mittel: limited assurance, später reasonable assurance je Relevanz",Quelle + Einheit + Systemgrenze + Zeitraum + Prüfnachweis; bei Datenlücke konservative Default-/Proxylogik markieren,public_research: operationalisierbar; empirische Benchmark-Kalibrierung erforderlich,public research; not official; formula-ready; benchmark calibration required; source mapped; exact disclosure missing
WOK-SYS-127,SYS / System,Mensch,Querschnitt,SDG 10 – Ungleichheiten,10.c,Erschwinglichkeit Produkte/Services,Erschwinglichkeit Produkte/Services – Kooperationen,"aktive, evaluierte Partnerschaften/Jahr",#/Jahr,higher_is_better,higher_is_better_abs,threshold_numeric_and_benchmark,UN_SDG_GOALS; UN_SDG_INDICATORS; UN_SDG_METADATA; EUROSTAT_NACE; ISO_14067; GHG_PROTOCOL_PRODUCT; PEF_EU; SOCIAL_VALUE_SROI,indicator_specific,"Wert gemäß definierter Messgröße; Zähler, Nenner, Einheit, Systemgrenze und Zeitraum je WÖk-ID dokumentieren.","AutoScore = ScoreByThreshold(Messwert, Schwellen='≥5:+3; 3–4:+2; 1–2:0; 0:‑2', Polarity='higher_is_better', Archetype='higher_is_better_abs'). BenchmarkScore = ScoreByBenchmark(Messwert, BM, BM_150pct, BM_250pct). FinalScore = MIN(AutoScore, BenchmarkScore, RedLineScore). Tax_Rate = WUStG-Mapping(FinalScore).",≥5:+3; 3–4:+2; 1–2:0; 0:‑2,1.5,2.25,3.75,Nein,"mittel: limited assurance, später reasonable assurance je Relevanz",Quelle + Einheit + Systemgrenze + Zeitraum + Prüfnachweis; bei Datenlücke konservative Default-/Proxylogik markieren,public_research: operationalisierbar; empirische Benchmark-Kalibrierung erforderlich,public research; not official; formula-ready; benchmark calibration required; source mapped; exact disclosure missing
WOK-G-152,G / Governance,Mensch,Arbeit & Fairness,SDG 10 – Ungleichheiten,10.4,Transparenz Lohnbänder,Transparenz Lohnbänder – Antikorruption,Bestätigte Fälle/1.000 FTE,Fälle/1.000 FTE,lower_is_better,near_zero_better,threshold_numeric_and_benchmark,UN_SDG_GOALS; UN_SDG_INDICATORS; UN_SDG_METADATA; EUROSTAT_NACE; EC_CSRD; EFRAG_ESRS_SET1; EFRAG_ESRS_IG; GRI_STANDARDS; GRI_DOWNLOAD; ILO_FUNDAMENTAL_PRINCIPLES,lower_is_better_metric,"Wert = gemessene Belastung, Risiko- oder Intensitätskennzahl je funktionaler Einheit; niedriger ist besser.","AutoScore = ScoreByThreshold(Messwert, Schwellen='0:+3; ≤0,2:+2; ≤0,5:0; ≤1:‑2; >1:‑3', Polarity='lower_is_better', Archetype='near_zero_better'). BenchmarkScore = ScoreByBenchmark(Messwert, BM, BM_150pct, BM_250pct). FinalScore = MIN(AutoScore, BenchmarkScore, RedLineScore). Tax_Rate = WUStG-Mapping(FinalScore).","0:+3; ≤0,2:+2; ≤0,5:0; ≤1:‑2; >1:‑3",0.5,0.75,1.25,Ja,hoch: externe Prüfung / reasonable assurance für kritische Risiken,Quelle + Einheit + Systemgrenze + Zeitraum + Prüfnachweis; bei Datenlücke konservative Default-/Proxylogik markieren,public_research: operationalisierbar; empirische Benchmark-Kalibrierung erforderlich,public research; not official; formula-ready; benchmark calibration required; red line; source mapped; exact disclosure missing
WOK-G-153,G / Governance,Mensch,Arbeit & Fairness,SDG 10 – Ungleichheiten,10.4,Transparenz Lohnbänder,Transparenz Lohnbänder – Whistleblowing,Wirksamkeits‑Score,0–1,higher_is_better,higher_is_better_abs,threshold_numeric_and_benchmark,UN_SDG_GOALS; UN_SDG_INDICATORS; UN_SDG_METADATA; EUROSTAT_NACE; EC_CSRD; EFRAG_ESRS_SET1; EFRAG_ESRS_IG; GRI_STANDARDS; GRI_DOWNLOAD; ILO_FUNDAMENTAL_PRINCIPLES,index_0_1,"Wert = gewichteter Kriterienindex von 0 bis 1; Kriterien, Gewichtung und Nachweis je WÖk-ID offenlegen.","AutoScore = ScoreByThreshold(Messwert, Schwellen='≥0,9:+3; 0,75–0,89:+2; 0,6–0,74:0; 0,4–0,59:‑2; <0,4:‑3', Polarity='higher_is_better', Archetype='higher_is_better_abs'). BenchmarkScore = ScoreByBenchmark(Messwert, BM, BM_150pct, BM_250pct). FinalScore = MIN(AutoScore, BenchmarkScore, RedLineScore). Tax_Rate = WUStG-Mapping(FinalScore).","≥0,9:+3; 0,75–0,89:+2; 0,6–0,74:0; 0,4–0,59:‑2; <0,4:‑3",0.6699999999999999,1.0,1.0,Ja,hoch: externe Prüfung / reasonable assurance für kritische Risiken,Quelle + Einheit + Systemgrenze + Zeitraum + Prüfnachweis; bei Datenlücke konservative Default-/Proxylogik markieren,public_research: operationalisierbar; empirische Benchmark-Kalibrierung erforderlich,public research; not official; formula-ready; benchmark calibration required; red line; source mapped; exact disclosure missing
WOK-G-154,G / Governance,Mensch,Arbeit & Fairness,SDG 10 – Ungleichheiten,10.4,Transparenz Lohnbänder,Transparenz Lohnbänder – Steuertransparenz,CbCR‑Offenlegung,0–1,higher_is_better,higher_is_better_abs,qualitative_ordinal,UN_SDG_GOALS; UN_SDG_INDICATORS; UN_SDG_METADATA; EUROSTAT_NACE; EC_CSRD; EFRAG_ESRS_SET1; EFRAG_ESRS_IG; GRI_STANDARDS; GRI_DOWNLOAD; ILO_FUNDAMENTAL_PRINCIPLES,index_0_1,"Wert = gewichteter Kriterienindex von 0 bis 1; Kriterien, Gewichtung und Nachweis je WÖk-ID offenlegen.","AutoScore = ScoreByThreshold(Messwert, Schwellen='vollständig:+3; teilweise:+2; minimal:0; schlecht:‑2', Polarity='higher_is_better', Archetype='higher_is_better_abs'). BenchmarkScore = ScoreByBenchmark(Messwert, BM, BM_150pct, BM_250pct). FinalScore = MIN(AutoScore, BenchmarkScore, RedLineScore). Tax_Rate = WUStG-Mapping(FinalScore).",vollständig:+3; teilweise:+2; minimal:0; schlecht:‑2,0.5,0.75,0.9,Nein,"mittel: limited assurance, später reasonable assurance je Relevanz",Quelle + Einheit + Systemgrenze + Zeitraum + Prüfnachweis; bei Datenlücke konservative Default-/Proxylogik markieren,public_research: operationalisierbar; empirische Benchmark-Kalibrierung erforderlich,public research; not official; formula-ready; qualitative review required; source mapped; exact disclosure missing
WOK-S-167,S / Soziales,Mensch,Arbeit & Fairness,SDG 10 – Ungleichheiten,10.2,Barrierefreiheit,Barrierefreiheit – Living Wage,Abdeckung Lebenslohn,% Beschäftigte,higher_is_better,higher_is_better_pct,threshold_numeric_and_benchmark,UN_SDG_GOALS; UN_SDG_INDICATORS; UN_SDG_METADATA; EUROSTAT_NACE; EC_CSRD; EFRAG_ESRS_SET1; EFRAG_ESRS_IG; GRI_STANDARDS; GRI_DOWNLOAD; ILO_FUNDAMENTAL_PRINCIPLES,share_percent,Zähler: erfüllte / abgedeckte Fälle; Nenner: relevante Grundgesamtheit; Wert = Zähler / Nenner * 100.,"AutoScore = ScoreByThreshold(Messwert, Schwellen='≥95:+3; 80–94:+2; 60–79:0; 40–59:‑2; <40:‑3', Polarity='higher_is_better', Archetype='higher_is_better_pct'). BenchmarkScore = ScoreByBenchmark(Messwert, BM, BM_150pct, BM_250pct). FinalScore = MIN(AutoScore, BenchmarkScore, RedLineScore). Tax_Rate = WUStG-Mapping(FinalScore).",≥95:+3; 80–94:+2; 60–79:0; 40–59:‑2; <40:‑3,69.5,100.0,100.0,Nein,"mittel: limited assurance, später reasonable assurance je Relevanz",Quelle + Einheit + Systemgrenze + Zeitraum + Prüfnachweis; bei Datenlücke konservative Default-/Proxylogik markieren,public_research: operationalisierbar; empirische Benchmark-Kalibrierung erforderlich,public research; not official; formula-ready; benchmark calibration required; source mapped; exact disclosure missing
WOK-S-168,S / Soziales,Mensch,Querschnitt,SDG 10 – Ungleichheiten,10.2,Barrierefreiheit,Barrierefreiheit – Tarifbindung,Beschäftigte unter Kollektivvertrag,%,higher_is_better,higher_is_better_pct,threshold_numeric_and_benchmark,UN_SDG_GOALS; UN_SDG_INDICATORS; UN_SDG_METADATA; EUROSTAT_NACE; EC_CSRD; EFRAG_ESRS_SET1; EFRAG_ESRS_IG; GRI_STANDARDS; GRI_DOWNLOAD; ILO_FUNDAMENTAL_PRINCIPLES,share_percent,Zähler: erfüllte / abgedeckte Fälle; Nenner: relevante Grundgesamtheit; Wert = Zähler / Nenner * 100.,"AutoScore = ScoreByThreshold(Messwert, Schwellen='≥90:+3; 70–89:+2; 50–69:0; 30–49:‑2; <30:‑3', Polarity='higher_is_better', Archetype='higher_is_better_pct'). BenchmarkScore = ScoreByBenchmark(Messwert, BM, BM_150pct, BM_250pct). FinalScore = MIN(AutoScore, BenchmarkScore, RedLineScore). Tax_Rate = WUStG-Mapping(FinalScore).",≥90:+3; 70–89:+2; 50–69:0; 30–49:‑2; <30:‑3,59.5,89.25,100.0,Nein,"mittel: limited assurance, später reasonable assurance je Relevanz",Quelle + Einheit + Systemgrenze + Zeitraum + Prüfnachweis; bei Datenlücke konservative Default-/Proxylogik markieren,public_research: operationalisierbar; empirische Benchmark-Kalibrierung erforderlich,public research; not official; formula-ready; benchmark calibration required; source mapped; exact disclosure missing
WOK-S-169,S / Soziales,Mensch,Querschnitt,SDG 10 – Ungleichheiten,10.2,Barrierefreiheit,Barrierefreiheit – LTIFR,Arbeitsunfälle pro Mio Stunden,Unfälle/Mio Std.,lower_is_better,near_zero_better,threshold_numeric_and_benchmark,UN_SDG_GOALS; UN_SDG_INDICATORS; UN_SDG_METADATA; EUROSTAT_NACE; EC_CSRD; EFRAG_ESRS_SET1; EFRAG_ESRS_IG; GRI_STANDARDS; GRI_DOWNLOAD; ILO_FUNDAMENTAL_PRINCIPLES,rate_per_million_hours,Zähler: meldepflichtige Arbeitsunfälle mit Ausfallzeit; Nenner: geleistete Arbeitsstunden; Wert = Zähler / Nenner * 1.000.000.,"AutoScore = ScoreByThreshold(Messwert, Schwellen='0:+3; ≤1:+2; ≤3:0; ≤5:‑2; >5:‑3', Polarity='lower_is_better', Archetype='near_zero_better'). BenchmarkScore = ScoreByBenchmark(Messwert, BM, BM_150pct, BM_250pct). FinalScore = MIN(AutoScore, BenchmarkScore, RedLineScore). Tax_Rate = WUStG-Mapping(FinalScore).",0:+3; ≤1:+2; ≤3:0; ≤5:‑2; >5:‑3,3.0,4.5,7.5,Nein,"mittel: limited assurance, später reasonable assurance je Relevanz",Quelle + Einheit + Systemgrenze + Zeitraum + Prüfnachweis; bei Datenlücke konservative Default-/Proxylogik markieren,public_research: operationalisierbar; empirische Benchmark-Kalibrierung erforderlich,public research; not official; formula-ready; benchmark calibration required; source mapped; exact disclosure missing
WOK-SC-122,SC / Lieferkette,Mensch,Querschnitt,SDG 10 – Ungleichheiten,10.b,Fairer Zugang Lieferanten (SME),Fairer Zugang Lieferanten (SME) – ESG‑Spend‑Coverage,Anteil verifizierter ESG‑Daten am Spend,%,higher_is_better,higher_is_better_pct,threshold_numeric_and_benchmark,UN_SDG_GOALS; UN_SDG_INDICATORS; UN_SDG_METADATA; EUROSTAT_NACE; EC_CSRD; EFRAG_ESRS_SET1; EFRAG_ESRS_IG; GRI_STANDARDS; GRI_DOWNLOAD,share_percent,Zähler: erfüllte / abgedeckte Fälle; Nenner: relevante Grundgesamtheit; Wert = Zähler / Nenner * 100.,"AutoScore = ScoreByThreshold(Messwert, Schwellen='≥90:+3; 70–89:+2; 50–69:0; 30–49:‑2; <30:‑3', Polarity='higher_is_better', Archetype='higher_is_better_pct'). BenchmarkScore = ScoreByBenchmark(Messwert, BM, BM_150pct, BM_250pct). FinalScore = MIN(AutoScore, BenchmarkScore, RedLineScore). Tax_Rate = WUStG-Mapping(FinalScore).",≥90:+3; 70–89:+2; 50–69:0; 30–49:‑2; <30:‑3,59.5,89.25,100.0,Nein,"mittel: limited assurance, später reasonable assurance je Relevanz",Quelle + Einheit + Systemgrenze + Zeitraum + Prüfnachweis; bei Datenlücke konservative Default-/Proxylogik markieren,public_research: operationalisierbar; empirische Benchmark-Kalibrierung erforderlich,public research; not official; formula-ready; benchmark calibration required; source mapped; exact disclosure missing
WOK-SC-123,SC / Lieferkette,Mensch,Arbeit & Fairness,SDG 10 – Ungleichheiten,10.b,Fairer Zugang Lieferanten (SME),Fairer Zugang Lieferanten (SME) – Kinder/Zwangsarbeit,Audits ohne Verstöße,% Lieferanten,higher_is_better,higher_is_better_pct,threshold_numeric_and_benchmark,UN_SDG_GOALS; UN_SDG_INDICATORS; UN_SDG_METADATA; EUROSTAT_NACE; EC_CSRD; EFRAG_ESRS_SET1; EFRAG_ESRS_IG; GRI_STANDARDS; GRI_DOWNLOAD; OECD_RBC_DD,share_percent,Zähler: erfüllte / abgedeckte Fälle; Nenner: relevante Grundgesamtheit; Wert = Zähler / Nenner * 100.,"AutoScore = ScoreByThreshold(Messwert, Schwellen='≥98:+3; 90–97:+2; 75–89:0; 50–74:‑2; <50:‑3', Polarity='higher_is_better', Archetype='higher_is_better_pct'). BenchmarkScore = ScoreByBenchmark(Messwert, BM, BM_150pct, BM_250pct). FinalScore = MIN(AutoScore, BenchmarkScore, RedLineScore). Tax_Rate = WUStG-Mapping(FinalScore).",≥98:+3; 90–97:+2; 75–89:0; 50–74:‑2; <50:‑3,82.0,100.0,100.0,Ja,hoch: externe Prüfung / reasonable assurance für kritische Risiken,Quelle + Einheit + Systemgrenze + Zeitraum + Prüfnachweis; bei Datenlücke konservative Default-/Proxylogik markieren,public_research: operationalisierbar; empirische Benchmark-Kalibrierung erforderlich,public research; not official; formula-ready; benchmark calibration required; red line; source mapped; exact disclosure missing
WOK-SC-124,SC / Lieferkette,Mensch,Querschnitt,SDG 10 – Ungleichheiten,10.b,Fairer Zugang Lieferanten (SME),Fairer Zugang Lieferanten (SME) – Scope‑3 Daten,Primärdaten‑Abdeckung,% Kategorien,higher_is_better,higher_is_better_pct,threshold_numeric_and_benchmark,UN_SDG_GOALS; UN_SDG_INDICATORS; UN_SDG_METADATA; EUROSTAT_NACE; EC_CSRD; EFRAG_ESRS_SET1; EFRAG_ESRS_IG; GHG_PROTOCOL_SCOPE3; GHG_PROTOCOL_PRODUCT; ISO_14064,share_percent,Zähler: erfüllte / abgedeckte Fälle; Nenner: relevante Grundgesamtheit; Wert = Zähler / Nenner * 100.,"AutoScore = ScoreByThreshold(Messwert, Schwellen='≥80:+3; 60–79:+2; 40–59:0; 20–39:‑2; <20:‑3', Polarity='higher_is_better', Archetype='higher_is_better_pct'). BenchmarkScore = ScoreByBenchmark(Messwert, BM, BM_150pct, BM_250pct). FinalScore = MIN(AutoScore, BenchmarkScore, RedLineScore). Tax_Rate = WUStG-Mapping(FinalScore).",≥80:+3; 60–79:+2; 40–59:0; 20–39:‑2; <20:‑3,49.5,74.25,100.0,Nein,"mittel: limited assurance, später reasonable assurance je Relevanz",Quelle + Einheit + Systemgrenze + Zeitraum + Prüfnachweis; bei Datenlücke konservative Default-/Proxylogik markieren,public_research: operationalisierbar; empirische Benchmark-Kalibrierung erforderlich,public research; not official; formula-ready; benchmark calibration required; source mapped; exact disclosure missing
WOK-SYS-128,SYS / System,Mensch,Querschnitt,SDG 10 – Ungleichheiten,10.2,Regionale Gerechtigkeit,Regionale Gerechtigkeit – Index,umsatzgewichteter Index (z. B. Demokratie/Rule of Law),0–1,higher_is_better,higher_is_better_abs,threshold_numeric_and_benchmark,UN_SDG_GOALS; UN_SDG_INDICATORS; UN_SDG_METADATA; EUROSTAT_NACE; WJP_RULE_OF_LAW; VDEM; SOCIAL_VALUE_SROI,index_0_1,"Wert = gewichteter Kriterienindex von 0 bis 1; Kriterien, Gewichtung und Nachweis je WÖk-ID offenlegen.","AutoScore = ScoreByThreshold(Messwert, Schwellen='≥0,8:+3; 0,7–0,79:+2; 0,6–0,69:0; 0,5–0,59:‑2; <0,5:‑3', Polarity='higher_is_better', Archetype='higher_is_better_abs'). BenchmarkScore = ScoreByBenchmark(Messwert, BM, BM_150pct, BM_250pct). FinalScore = MIN(AutoScore, BenchmarkScore, RedLineScore). Tax_Rate = WUStG-Mapping(FinalScore).","≥0,8:+3; 0,7–0,79:+2; 0,6–0,69:0; 0,5–0,59:‑2; <0,5:‑3",0.645,0.9675,1.0,Nein,mittel: fachliche Plausibilisierung und Quellenprüfung,Quelle + Einheit + Systemgrenze + Zeitraum + Prüfnachweis; bei Datenlücke konservative Default-/Proxylogik markieren,public_research: operationalisierbar; empirische Benchmark-Kalibrierung erforderlich,public research; not official; formula-ready; benchmark calibration required; source mapped; exact disclosure missing
WOK-SYS-129,SYS / System,Mensch,Querschnitt,SDG 10 – Ungleichheiten,10.2,Regionale Gerechtigkeit,Regionale Gerechtigkeit – Exposure,Umsatz in Hochrisikoländern,%,lower_is_better,lower_is_better_abs,threshold_numeric_and_benchmark,UN_SDG_GOALS; UN_SDG_INDICATORS; UN_SDG_METADATA; EUROSTAT_NACE; SOCIAL_VALUE_SROI,share_percent,Zähler: erfüllte / abgedeckte Fälle; Nenner: relevante Grundgesamtheit; Wert = Zähler / Nenner * 100.,"AutoScore = ScoreByThreshold(Messwert, Schwellen='≤5:+3; 6–10:+2; 11–20:0; 21–30:‑2; >30:‑3', Polarity='lower_is_better', Archetype='lower_is_better_abs'). BenchmarkScore = ScoreByBenchmark(Messwert, BM, BM_150pct, BM_250pct). FinalScore = MIN(AutoScore, BenchmarkScore, RedLineScore). Tax_Rate = WUStG-Mapping(FinalScore).",≤5:+3; 6–10:+2; 11–20:0; 21–30:‑2; >30:‑3,15.5,23.25,38.75,Nein,mittel: fachliche Plausibilisierung und Quellenprüfung,Quelle + Einheit + Systemgrenze + Zeitraum + Prüfnachweis; bei Datenlücke konservative Default-/Proxylogik markieren,public_research: operationalisierbar; empirische Benchmark-Kalibrierung erforderlich,public research; not official; formula-ready; benchmark calibration required; source mapped; exact disclosure missing
WOK-SYS-130,SYS / System,Mensch,Querschnitt,SDG 10 – Ungleichheiten,10.2,Regionale Gerechtigkeit,Regionale Gerechtigkeit – Kooperationen,"aktive, evaluierte Partnerschaften/Jahr",#/Jahr,higher_is_better,higher_is_better_abs,threshold_numeric_and_benchmark,UN_SDG_GOALS; UN_SDG_INDICATORS; UN_SDG_METADATA; EUROSTAT_NACE; WJP_RULE_OF_LAW; VDEM; SOCIAL_VALUE_SROI,indicator_specific,"Wert gemäß definierter Messgröße; Zähler, Nenner, Einheit, Systemgrenze und Zeitraum je WÖk-ID dokumentieren.","AutoScore = ScoreByThreshold(Messwert, Schwellen='≥5:+3; 3–4:+2; 1–2:0; 0:‑2', Polarity='higher_is_better', Archetype='higher_is_better_abs'). BenchmarkScore = ScoreByBenchmark(Messwert, BM, BM_150pct, BM_250pct). FinalScore = MIN(AutoScore, BenchmarkScore, RedLineScore). Tax_Rate = WUStG-Mapping(FinalScore).",≥5:+3; 3–4:+2; 1–2:0; 0:‑2,1.5,2.25,3.75,Nein,mittel: fachliche Plausibilisierung und Quellenprüfung,Quelle + Einheit + Systemgrenze + Zeitraum + Prüfnachweis; bei Datenlücke konservative Default-/Proxylogik markieren,public_research: operationalisierbar; empirische Benchmark-Kalibrierung erforderlich,public research; not official; formula-ready; benchmark calibration required; source mapped; exact disclosure missing
WOK-G-155,G / Governance,Mensch,Governance & Demokratie,SDG 10 – Ungleichheiten,10.3,Responsible Marketing (keine Exklusion),Responsible Marketing (keine Exklusion) – Antikorruption,Bestätigte Fälle/1.000 FTE,Fälle/1.000 FTE,lower_is_better,near_zero_better,threshold_numeric_and_benchmark,UN_SDG_GOALS; UN_SDG_INDICATORS; UN_SDG_METADATA; EUROSTAT_NACE; EC_CSRD; EFRAG_ESRS_SET1; EFRAG_ESRS_IG; GRI_STANDARDS; GRI_DOWNLOAD; OECD_ANTI_BRIBERY,lower_is_better_metric,"Wert = gemessene Belastung, Risiko- oder Intensitätskennzahl je funktionaler Einheit; niedriger ist besser.","AutoScore = ScoreByThreshold(Messwert, Schwellen='0:+3; ≤0,2:+2; ≤0,5:0; ≤1:‑2; >1:‑3', Polarity='lower_is_better', Archetype='near_zero_better'). BenchmarkScore = ScoreByBenchmark(Messwert, BM, BM_150pct, BM_250pct). FinalScore = MIN(AutoScore, BenchmarkScore, RedLineScore). Tax_Rate = WUStG-Mapping(FinalScore).","0:+3; ≤0,2:+2; ≤0,5:0; ≤1:‑2; >1:‑3",0.5,0.75,1.25,Ja,hoch: externe Prüfung / reasonable assurance für kritische Risiken,Quelle + Einheit + Systemgrenze + Zeitraum + Prüfnachweis; bei Datenlücke konservative Default-/Proxylogik markieren,public_research: operationalisierbar; empirische Benchmark-Kalibrierung erforderlich,public research; not official; formula-ready; benchmark calibration required; red line; source mapped; exact disclosure missing
WOK-G-156,G / Governance,Mensch,Querschnitt,SDG 10 – Ungleichheiten,10.3,Responsible Marketing (keine Exklusion),Responsible Marketing (keine Exklusion) – Whistleblowing,Wirksamkeits‑Score,0–1,higher_is_better,higher_is_better_abs,threshold_numeric_and_benchmark,UN_SDG_GOALS; UN_SDG_INDICATORS; UN_SDG_METADATA; EUROSTAT_NACE; EC_CSRD; EFRAG_ESRS_SET1; EFRAG_ESRS_IG; GRI_STANDARDS; GRI_DOWNLOAD; OECD_ANTI_BRIBERY,index_0_1,"Wert = gewichteter Kriterienindex von 0 bis 1; Kriterien, Gewichtung und Nachweis je WÖk-ID offenlegen.","AutoScore = ScoreByThreshold(Messwert, Schwellen='≥0,9:+3; 0,75–0,89:+2; 0,6–0,74:0; 0,4–0,59:‑2; <0,4:‑3', Polarity='higher_is_better', Archetype='higher_is_better_abs'). BenchmarkScore = ScoreByBenchmark(Messwert, BM, BM_150pct, BM_250pct). FinalScore = MIN(AutoScore, BenchmarkScore, RedLineScore). Tax_Rate = WUStG-Mapping(FinalScore).","≥0,9:+3; 0,75–0,89:+2; 0,6–0,74:0; 0,4–0,59:‑2; <0,4:‑3",0.6699999999999999,1.0,1.0,Ja,hoch: externe Prüfung / reasonable assurance für kritische Risiken,Quelle + Einheit + Systemgrenze + Zeitraum + Prüfnachweis; bei Datenlücke konservative Default-/Proxylogik markieren,public_research: operationalisierbar; empirische Benchmark-Kalibrierung erforderlich,public research; not official; formula-ready; benchmark calibration required; red line; source mapped; exact disclosure missing
WOK-G-157,G / Governance,Mensch,Governance & Demokratie,SDG 10 – Ungleichheiten,10.3,Responsible Marketing (keine Exklusion),Responsible Marketing (keine Exklusion) – Steuertransparenz,CbCR‑Offenlegung,0–1,higher_is_better,higher_is_better_abs,qualitative_ordinal,UN_SDG_GOALS; UN_SDG_INDICATORS; UN_SDG_METADATA; EUROSTAT_NACE; EC_CSRD; EFRAG_ESRS_SET1; EFRAG_ESRS_IG; GRI_STANDARDS; GRI_DOWNLOAD; OECD_ANTI_BRIBERY,index_0_1,"Wert = gewichteter Kriterienindex von 0 bis 1; Kriterien, Gewichtung und Nachweis je WÖk-ID offenlegen.","AutoScore = ScoreByThreshold(Messwert, Schwellen='vollständig:+3; teilweise:+2; minimal:0; schlecht:‑2', Polarity='higher_is_better', Archetype='higher_is_better_abs'). BenchmarkScore = ScoreByBenchmark(Messwert, BM, BM_150pct, BM_250pct). FinalScore = MIN(AutoScore, BenchmarkScore, RedLineScore). Tax_Rate = WUStG-Mapping(FinalScore).",vollständig:+3; teilweise:+2; minimal:0; schlecht:‑2,0.5,0.75,0.9,Ja,hoch: externe Prüfung / reasonable assurance für kritische Risiken,Quelle + Einheit + Systemgrenze + Zeitraum + Prüfnachweis; bei Datenlücke konservative Default-/Proxylogik markieren,public_research: operationalisierbar; empirische Benchmark-Kalibrierung erforderlich,public research; not official; formula-ready; qualitative review required; red line; source mapped; exact disclosure missing
WOK-RE-116,RE / Real Estate,Mensch/Planet/Demokratie,Energie,SDG 11 – Städte,11.6,Gebäudeenergiebedarf,Gebäudeenergiebedarf – Betriebsenergie,Endenergiebedarf,kWh/m²a,lower_is_better,lower_is_better_abs,benchmark_relative_calibration_required,UN_SDG_GOALS; UN_SDG_INDICATORS; UN_SDG_METADATA; EUROSTAT_NACE; EC_CSRD; EFRAG_ESRS_SET1; EFRAG_ESRS_IG; ISO_50001; ISO_IEC_30134; EU_EPBD; EN_15978,lower_is_better_metric,"Wert = gemessene Belastung, Risiko- oder Intensitätskennzahl je funktionaler Einheit; niedriger ist besser.","AutoScore = ScoreByThreshold(Messwert, Schwellen='Top 15%:+3; +15–30%:+2; +31–60%:0; >+60%:‑2/‑3', Polarity='lower_is_better', Archetype='lower_is_better_abs'). BenchmarkScore = ScoreByBenchmark(Messwert, BM, BM_150pct, BM_250pct). FinalScore = MIN(AutoScore, BenchmarkScore, RedLineScore). Tax_Rate = WUStG-Mapping(FinalScore).",Top 15%:+3; +15–30%:+2; +31–60%:0; >+60%:‑2/‑3,1.0,1.5,2.5,Nein,"mittel: limited assurance, später reasonable assurance je Relevanz",Quelle + Einheit + Systemgrenze + Zeitraum + Prüfnachweis; bei Datenlücke konservative Default-/Proxylogik markieren,public_research: operationalisierbar; empirische Benchmark-Kalibrierung erforderlich,public research; not official; formula-ready; benchmark calibration required; source mapped; exact disclosure missing
WOK-RE-117,RE / Real Estate,Mensch/Planet/Demokratie,Energie,SDG 11 – Städte,11.6,Gebäudeenergiebedarf,Gebäudeenergiebedarf – Graue Emissionen,Embodied Carbon (A1–A3),kg CO₂e/m²,lower_is_better,lower_is_better_abs,benchmark_relative_calibration_required,UN_SDG_GOALS; UN_SDG_INDICATORS; UN_SDG_METADATA; EUROSTAT_NACE; EC_CSRD; EFRAG_ESRS_SET1; EFRAG_ESRS_IG; GHG_PROTOCOL_SCOPE3; GHG_PROTOCOL_PRODUCT; ISO_14064; ISO_14067; EN_15978,emission_intensity,"Wert = THG-Emissionen in CO₂e je funktionaler Einheit, Produktmenge, Umsatz oder Aktivität; Systemgrenze offenlegen.","AutoScore = ScoreByThreshold(Messwert, Schwellen='Top‑10%:+3; Mittel:0; >150%:‑2; >250%:‑3', Polarity='lower_is_better', Archetype='lower_is_better_abs'). BenchmarkScore = ScoreByBenchmark(Messwert, BM, BM_150pct, BM_250pct). FinalScore = MIN(AutoScore, BenchmarkScore, RedLineScore). Tax_Rate = WUStG-Mapping(FinalScore).",Top‑10%:+3; Mittel:0; >150%:‑2; >250%:‑3,1.0,1.5,2.5,Nein,"mittel: limited assurance, später reasonable assurance je Relevanz",Quelle + Einheit + Systemgrenze + Zeitraum + Prüfnachweis; bei Datenlücke konservative Default-/Proxylogik markieren,public_research: operationalisierbar; empirische Benchmark-Kalibrierung erforderlich,public research; not official; formula-ready; benchmark calibration required; source mapped; exact disclosure missing
WOK-RE-118,RE / Real Estate,Mensch/Planet/Demokratie,Energie,SDG 11 – Städte,11.6,Gebäudeenergiebedarf,Gebäudeenergiebedarf – ÖPNV‑Erreichbarkeit,Transit‑Score,0–1,higher_is_better,higher_is_better_abs,threshold_numeric_and_benchmark,UN_SDG_GOALS; UN_SDG_INDICATORS; UN_SDG_METADATA; EUROSTAT_NACE; EC_CSRD; EFRAG_ESRS_SET1; EFRAG_ESRS_IG; ISO_50001; ISO_IEC_30134; EU_EPBD,index_0_1,"Wert = gewichteter Kriterienindex von 0 bis 1; Kriterien, Gewichtung und Nachweis je WÖk-ID offenlegen.","AutoScore = ScoreByThreshold(Messwert, Schwellen='≥0,8:+3; 0,6–0,79:+2; 0,4–0,59:0; 0,2–0,39:‑2; <0,2:‑3', Polarity='higher_is_better', Archetype='higher_is_better_abs'). BenchmarkScore = ScoreByBenchmark(Messwert, BM, BM_150pct, BM_250pct). FinalScore = MIN(AutoScore, BenchmarkScore, RedLineScore). Tax_Rate = WUStG-Mapping(FinalScore).","≥0,8:+3; 0,6–0,79:+2; 0,4–0,59:0; 0,2–0,39:‑2; <0,2:‑3",0.495,0.7424999999999999,1.0,Nein,"mittel: limited assurance, später reasonable assurance je Relevanz",Quelle + Einheit + Systemgrenze + Zeitraum + Prüfnachweis; bei Datenlücke konservative Default-/Proxylogik markieren,public_research: operationalisierbar; empirische Benchmark-Kalibrierung erforderlich,public research; not official; formula-ready; benchmark calibration required; source mapped; exact disclosure missing
WOK-RE-119,RE / Real Estate,Mensch/Planet/Demokratie,Energie,SDG 11 – Städte,11.2,ÖPNV‑Erreichbarkeit,ÖPNV‑Erreichbarkeit – Betriebsenergie,Endenergiebedarf,kWh/m²a,lower_is_better,lower_is_better_abs,benchmark_relative_calibration_required,UN_SDG_GOALS; UN_SDG_INDICATORS; UN_SDG_METADATA; EUROSTAT_NACE; EC_CSRD; EFRAG_ESRS_SET1; EFRAG_ESRS_IG; ISO_50001; ISO_IEC_30134; EU_EPBD; EN_15978,lower_is_better_metric,"Wert = gemessene Belastung, Risiko- oder Intensitätskennzahl je funktionaler Einheit; niedriger ist besser.","AutoScore = ScoreByThreshold(Messwert, Schwellen='Top 15%:+3; +15–30%:+2; +31–60%:0; >+60%:‑2/‑3', Polarity='lower_is_better', Archetype='lower_is_better_abs'). BenchmarkScore = ScoreByBenchmark(Messwert, BM, BM_150pct, BM_250pct). FinalScore = MIN(AutoScore, BenchmarkScore, RedLineScore). Tax_Rate = WUStG-Mapping(FinalScore).",Top 15%:+3; +15–30%:+2; +31–60%:0; >+60%:‑2/‑3,1.0,1.5,2.5,Nein,"mittel: limited assurance, später reasonable assurance je Relevanz",Quelle + Einheit + Systemgrenze + Zeitraum + Prüfnachweis; bei Datenlücke konservative Default-/Proxylogik markieren,public_research: operationalisierbar; empirische Benchmark-Kalibrierung erforderlich,public research; not official; formula-ready; benchmark calibration required; source mapped; exact disclosure missing
WOK-RE-120,RE / Real Estate,Mensch/Planet/Demokratie,Stadt/Wohnen/Infrastruktur,SDG 11 – Städte,11.2,ÖPNV‑Erreichbarkeit,ÖPNV‑Erreichbarkeit – Graue Emissionen,Embodied Carbon (A1–A3),kg CO₂e/m²,lower_is_better,lower_is_better_abs,benchmark_relative_calibration_required,UN_SDG_GOALS; UN_SDG_INDICATORS; UN_SDG_METADATA; EUROSTAT_NACE; EC_CSRD; EFRAG_ESRS_SET1; EFRAG_ESRS_IG; GHG_PROTOCOL_SCOPE3; GHG_PROTOCOL_PRODUCT; ISO_14064; ISO_14067; EN_15978,emission_intensity,"Wert = THG-Emissionen in CO₂e je funktionaler Einheit, Produktmenge, Umsatz oder Aktivität; Systemgrenze offenlegen.","AutoScore = ScoreByThreshold(Messwert, Schwellen='Top‑10%:+3; Mittel:0; >150%:‑2; >250%:‑3', Polarity='lower_is_better', Archetype='lower_is_better_abs'). BenchmarkScore = ScoreByBenchmark(Messwert, BM, BM_150pct, BM_250pct). FinalScore = MIN(AutoScore, BenchmarkScore, RedLineScore). Tax_Rate = WUStG-Mapping(FinalScore).",Top‑10%:+3; Mittel:0; >150%:‑2; >250%:‑3,1.0,1.5,2.5,Nein,"mittel: limited assurance, später reasonable assurance je Relevanz",Quelle + Einheit + Systemgrenze + Zeitraum + Prüfnachweis; bei Datenlücke konservative Default-/Proxylogik markieren,public_research: operationalisierbar; empirische Benchmark-Kalibrierung erforderlich,public research; not official; formula-ready; benchmark calibration required; source mapped; exact disclosure missing
WOK-RE-121,RE / Real Estate,Mensch/Planet/Demokratie,Stadt/Wohnen/Infrastruktur,SDG 11 – Städte,11.2,ÖPNV‑Erreichbarkeit,ÖPNV‑Erreichbarkeit – ÖPNV‑Erreichbarkeit,Transit‑Score,0–1,higher_is_better,higher_is_better_abs,threshold_numeric_and_benchmark,UN_SDG_GOALS; UN_SDG_INDICATORS; UN_SDG_METADATA; EUROSTAT_NACE,index_0_1,"Wert = gewichteter Kriterienindex von 0 bis 1; Kriterien, Gewichtung und Nachweis je WÖk-ID offenlegen.","AutoScore = ScoreByThreshold(Messwert, Schwellen='≥0,8:+3; 0,6–0,79:+2; 0,4–0,59:0; 0,2–0,39:‑2; <0,2:‑3', Polarity='higher_is_better', Archetype='higher_is_better_abs'). BenchmarkScore = ScoreByBenchmark(Messwert, BM, BM_150pct, BM_250pct). FinalScore = MIN(AutoScore, BenchmarkScore, RedLineScore). Tax_Rate = WUStG-Mapping(FinalScore).","≥0,8:+3; 0,6–0,79:+2; 0,4–0,59:0; 0,2–0,39:‑2; <0,2:‑3",0.495,0.7424999999999999,1.0,Nein,mittel: fachliche Plausibilisierung und Quellenprüfung,Quelle + Einheit + Systemgrenze + Zeitraum + Prüfnachweis; bei Datenlücke konservative Default-/Proxylogik markieren,public_research: operationalisierbar; empirische Benchmark-Kalibrierung erforderlich,public research; not official; formula-ready; benchmark calibration required; source mapped; exact disclosure missing
WOK-E-155,E / Umwelt,Mensch/Planet/Demokratie,Stadt/Wohnen/Infrastruktur,SDG 11 – Städte,11.6,Luftqualitätsbeitrag,Luftqualitätsbeitrag – Antikorruption,Bestätigte Fälle/1.000 FTE,Fälle/1.000 FTE,lower_is_better,near_zero_better,threshold_numeric_and_benchmark,UN_SDG_GOALS; UN_SDG_INDICATORS; UN_SDG_METADATA; EUROSTAT_NACE; EC_CSRD; EFRAG_ESRS_SET1; EFRAG_ESRS_IG; GRI_STANDARDS; GRI_DOWNLOAD; OECD_ANTI_BRIBERY,lower_is_better_metric,"Wert = gemessene Belastung, Risiko- oder Intensitätskennzahl je funktionaler Einheit; niedriger ist besser.","AutoScore = ScoreByThreshold(Messwert, Schwellen='0:+3; ≤0,2:+2; ≤0,5:0; ≤1:‑2; >1:‑3', Polarity='lower_is_better', Archetype='near_zero_better'). BenchmarkScore = ScoreByBenchmark(Messwert, BM, BM_150pct, BM_250pct). FinalScore = MIN(AutoScore, BenchmarkScore, RedLineScore). Tax_Rate = WUStG-Mapping(FinalScore).","0:+3; ≤0,2:+2; ≤0,5:0; ≤1:‑2; >1:‑3",0.5,0.75,1.25,Ja,hoch: externe Prüfung / reasonable assurance für kritische Risiken,Quelle + Einheit + Systemgrenze + Zeitraum + Prüfnachweis; bei Datenlücke konservative Default-/Proxylogik markieren,public_research: operationalisierbar; empirische Benchmark-Kalibrierung erforderlich,public research; not official; formula-ready; benchmark calibration required; red line; source mapped; exact disclosure missing
WOK-E-156,E / Umwelt,Mensch/Planet/Demokratie,Stadt/Wohnen/Infrastruktur,SDG 11 – Städte,11.6,Luftqualitätsbeitrag,Luftqualitätsbeitrag – Whistleblowing,Wirksamkeits‑Score,0–1,higher_is_better,higher_is_better_abs,threshold_numeric_and_benchmark,UN_SDG_GOALS; UN_SDG_INDICATORS; UN_SDG_METADATA; EUROSTAT_NACE; EC_CSRD; EFRAG_ESRS_SET1; EFRAG_ESRS_IG; GRI_STANDARDS; GRI_DOWNLOAD; OECD_ANTI_BRIBERY,index_0_1,"Wert = gewichteter Kriterienindex von 0 bis 1; Kriterien, Gewichtung und Nachweis je WÖk-ID offenlegen.","AutoScore = ScoreByThreshold(Messwert, Schwellen='≥0,9:+3; 0,75–0,89:+2; 0,6–0,74:0; 0,4–0,59:‑2; <0,4:‑3', Polarity='higher_is_better', Archetype='higher_is_better_abs'). BenchmarkScore = ScoreByBenchmark(Messwert, BM, BM_150pct, BM_250pct). FinalScore = MIN(AutoScore, BenchmarkScore, RedLineScore). Tax_Rate = WUStG-Mapping(FinalScore).","≥0,9:+3; 0,75–0,89:+2; 0,6–0,74:0; 0,4–0,59:‑2; <0,4:‑3",0.6699999999999999,1.0,1.0,Ja,hoch: externe Prüfung / reasonable assurance für kritische Risiken,Quelle + Einheit + Systemgrenze + Zeitraum + Prüfnachweis; bei Datenlücke konservative Default-/Proxylogik markieren,public_research: operationalisierbar; empirische Benchmark-Kalibrierung erforderlich,public research; not official; formula-ready; benchmark calibration required; red line; source mapped; exact disclosure missing
WOK-E-157,E / Umwelt,Mensch/Planet/Demokratie,Stadt/Wohnen/Infrastruktur,SDG 11 – Städte,11.6,Luftqualitätsbeitrag,Luftqualitätsbeitrag – Steuertransparenz,CbCR‑Offenlegung,0–1,higher_is_better,higher_is_better_abs,qualitative_ordinal,UN_SDG_GOALS; UN_SDG_INDICATORS; UN_SDG_METADATA; EUROSTAT_NACE; EC_CSRD; EFRAG_ESRS_SET1; EFRAG_ESRS_IG; GRI_STANDARDS; GRI_DOWNLOAD; OECD_ANTI_BRIBERY,index_0_1,"Wert = gewichteter Kriterienindex von 0 bis 1; Kriterien, Gewichtung und Nachweis je WÖk-ID offenlegen.","AutoScore = ScoreByThreshold(Messwert, Schwellen='vollständig:+3; teilweise:+2; minimal:0; schlecht:‑2', Polarity='higher_is_better', Archetype='higher_is_better_abs'). BenchmarkScore = ScoreByBenchmark(Messwert, BM, BM_150pct, BM_250pct). FinalScore = MIN(AutoScore, BenchmarkScore, RedLineScore). Tax_Rate = WUStG-Mapping(FinalScore).",vollständig:+3; teilweise:+2; minimal:0; schlecht:‑2,0.5,0.75,0.9,Ja,hoch: externe Prüfung / reasonable assurance für kritische Risiken,Quelle + Einheit + Systemgrenze + Zeitraum + Prüfnachweis; bei Datenlücke konservative Default-/Proxylogik markieren,public_research: operationalisierbar; empirische Benchmark-Kalibrierung erforderlich,public research; not official; formula-ready; qualitative review required; red line; source mapped; exact disclosure missing
WOK-E-158,E / Umwelt,Mensch/Planet/Demokratie,Ressourcen & Kreislauf,SDG 11 – Städte,11.6,Abfallmanagement Stadt,Abfallmanagement Stadt – Abfallintensität,Abfallmenge je Output,kg/t,lower_is_better,lower_is_better_abs,benchmark_relative_calibration_required,UN_SDG_GOALS; UN_SDG_INDICATORS; UN_SDG_METADATA; EUROSTAT_NACE; EC_CSRD; EFRAG_ESRS_SET1; EFRAG_ESRS_IG; GRI_STANDARDS; GRI_DOWNLOAD; EU_WEEE; GERMANY_VERPACKG,lower_is_better_metric,"Wert = gemessene Belastung, Risiko- oder Intensitätskennzahl je funktionaler Einheit; niedriger ist besser.","AutoScore = ScoreByThreshold(Messwert, Schwellen='Top‑10%:+3; Mittel:0; >150%:‑2; >250%:‑3', Polarity='lower_is_better', Archetype='lower_is_better_abs'). BenchmarkScore = ScoreByBenchmark(Messwert, BM, BM_150pct, BM_250pct). FinalScore = MIN(AutoScore, BenchmarkScore, RedLineScore). Tax_Rate = WUStG-Mapping(FinalScore).",Top‑10%:+3; Mittel:0; >150%:‑2; >250%:‑3,1.0,1.5,2.5,Nein,"mittel: limited assurance, später reasonable assurance je Relevanz",Quelle + Einheit + Systemgrenze + Zeitraum + Prüfnachweis; bei Datenlücke konservative Default-/Proxylogik markieren,public_research: operationalisierbar; empirische Benchmark-Kalibrierung erforderlich,public research; not official; formula-ready; benchmark calibration required; source mapped; exact disclosure missing
WOK-E-159,E / Umwelt,Mensch/Planet/Demokratie,Ressourcen & Kreislauf,SDG 11 – Städte,11.6,Abfallmanagement Stadt,Abfallmanagement Stadt – Recyclingquote,Anteil verwerteter Abfälle,%,higher_is_better,higher_is_better_pct,threshold_numeric_and_benchmark,UN_SDG_GOALS; UN_SDG_INDICATORS; UN_SDG_METADATA; EUROSTAT_NACE; EC_CSRD; EFRAG_ESRS_SET1; EFRAG_ESRS_IG; GRI_STANDARDS; GRI_DOWNLOAD; EU_WEEE; GERMANY_VERPACKG,share_percent,Zähler: erfüllte / abgedeckte Fälle; Nenner: relevante Grundgesamtheit; Wert = Zähler / Nenner * 100.,"AutoScore = ScoreByThreshold(Messwert, Schwellen='≥90%:+3; 70–89%:+2; 50–69%:0; 30–49%:‑2; <30%:‑3', Polarity='higher_is_better', Archetype='higher_is_better_pct'). BenchmarkScore = ScoreByBenchmark(Messwert, BM, BM_150pct, BM_250pct). FinalScore = MIN(AutoScore, BenchmarkScore, RedLineScore). Tax_Rate = WUStG-Mapping(FinalScore).",≥90%:+3; 70–89%:+2; 50–69%:0; 30–49%:‑2; <30%:‑3,50.0,75.0,100.0,Nein,"mittel: limited assurance, später reasonable assurance je Relevanz",Quelle + Einheit + Systemgrenze + Zeitraum + Prüfnachweis; bei Datenlücke konservative Default-/Proxylogik markieren,public_research: strukturell vollständig; wissenschaftliche Validierung empfohlen,public research; not official; formula-ready; benchmark calibration required; source mapped; exact disclosure missing
WOK-E-160,E / Umwelt,Mensch/Planet/Demokratie,Ressourcen & Kreislauf,SDG 11 – Städte,11.6,Abfallmanagement Stadt,Abfallmanagement Stadt – Gefährlicher Abfall,Gefährlicher Abfall je Output,kg/t,lower_is_better,lower_is_better_abs,benchmark_relative_calibration_required,UN_SDG_GOALS; UN_SDG_INDICATORS; UN_SDG_METADATA; EUROSTAT_NACE; EC_CSRD; EFRAG_ESRS_SET1; EFRAG_ESRS_IG; GRI_STANDARDS; GRI_DOWNLOAD; EU_WEEE; GERMANY_VERPACKG,lower_is_better_metric,"Wert = gemessene Belastung, Risiko- oder Intensitätskennzahl je funktionaler Einheit; niedriger ist besser.","AutoScore = ScoreByThreshold(Messwert, Schwellen='Top‑10%:+3; Mittel:0; >150%:‑2; >250%:‑3', Polarity='lower_is_better', Archetype='lower_is_better_abs'). BenchmarkScore = ScoreByBenchmark(Messwert, BM, BM_150pct, BM_250pct). FinalScore = MIN(AutoScore, BenchmarkScore, RedLineScore). Tax_Rate = WUStG-Mapping(FinalScore).",Top‑10%:+3; Mittel:0; >150%:‑2; >250%:‑3,1.0,1.5,2.5,Nein,"mittel: limited assurance, später reasonable assurance je Relevanz",Quelle + Einheit + Systemgrenze + Zeitraum + Prüfnachweis; bei Datenlücke konservative Default-/Proxylogik markieren,public_research: operationalisierbar; empirische Benchmark-Kalibrierung erforderlich,public research; not official; formula-ready; benchmark calibration required; source mapped; exact disclosure missing
WOK-P-119,P / Produkt,Mensch/Planet/Demokratie,Stadt/Wohnen/Infrastruktur,SDG 11 – Städte,11.c,Sichere Bauprodukte,Sichere Bauprodukte – PCF,CO₂‑Fußabdruck pro Einheit,kg CO₂e/Einheit,lower_is_better,lower_is_better_abs,benchmark_relative_calibration_required,UN_SDG_GOALS; UN_SDG_INDICATORS; UN_SDG_METADATA; EUROSTAT_NACE; EC_CSRD; EFRAG_ESRS_SET1; EFRAG_ESRS_IG; GRI_STANDARDS; GRI_DOWNLOAD; ISO_14067; GHG_PROTOCOL_PRODUCT; EU_WEEE; GERMANY_VERPACKG; PEF_EU,emission_intensity,"Wert = THG-Emissionen in CO₂e je funktionaler Einheit, Produktmenge, Umsatz oder Aktivität; Systemgrenze offenlegen.","AutoScore = ScoreByThreshold(Messwert, Schwellen='Top‑10%:+3; ±Benchmark:0; >150%:‑2; >250%:‑3', Polarity='lower_is_better', Archetype='lower_is_better_abs'). BenchmarkScore = ScoreByBenchmark(Messwert, BM, BM_150pct, BM_250pct). FinalScore = MIN(AutoScore, BenchmarkScore, RedLineScore). Tax_Rate = WUStG-Mapping(FinalScore).",Top‑10%:+3; ±Benchmark:0; >150%:‑2; >250%:‑3,1.0,1.5,2.5,Nein,"mittel: limited assurance, später reasonable assurance je Relevanz",Quelle + Einheit + Systemgrenze + Zeitraum + Prüfnachweis; bei Datenlücke konservative Default-/Proxylogik markieren,public_research: operationalisierbar; empirische Benchmark-Kalibrierung erforderlich,public research; not official; formula-ready; benchmark calibration required; source mapped; exact disclosure missing
WOK-P-120,P / Produkt,Mensch/Planet/Demokratie,Stadt/Wohnen/Infrastruktur,SDG 11 – Städte,11.c,Sichere Bauprodukte,Sichere Bauprodukte – Reparierbarkeit,Reparierbarkeitsindex,Score 0–10,higher_is_better,higher_is_better_score,threshold_numeric_and_benchmark,UN_SDG_GOALS; UN_SDG_INDICATORS; UN_SDG_METADATA; EUROSTAT_NACE; ISO_14067; GHG_PROTOCOL_PRODUCT; PEF_EU,index_0_1,"Wert = gewichteter Kriterienindex von 0 bis 1; Kriterien, Gewichtung und Nachweis je WÖk-ID offenlegen.","AutoScore = ScoreByThreshold(Messwert, Schwellen='≥8:+3; 6–7,9:+2; 4–5,9:0; 2–3,9:‑2; <2:‑3', Polarity='higher_is_better', Archetype='higher_is_better_score'). BenchmarkScore = ScoreByBenchmark(Messwert, BM, BM_150pct, BM_250pct). FinalScore = MIN(AutoScore, BenchmarkScore, RedLineScore). Tax_Rate = WUStG-Mapping(FinalScore).","≥8:+3; 6–7,9:+2; 4–5,9:0; 2–3,9:‑2; <2:‑3",4.95,1.0,1.0,Nein,"mittel: limited assurance, später reasonable assurance je Relevanz",Quelle + Einheit + Systemgrenze + Zeitraum + Prüfnachweis; bei Datenlücke konservative Default-/Proxylogik markieren,public_research: operationalisierbar; empirische Benchmark-Kalibrierung erforderlich,public research; not official; formula-ready; benchmark calibration required; source mapped; exact disclosure missing
WOK-P-121,P / Produkt,Mensch/Planet/Demokratie,Ressourcen & Kreislauf,SDG 11 – Städte,11.c,Sichere Bauprodukte,Sichere Bauprodukte – Rücknahme/Recycling,Rücknahme‑/Recyclingquote,%,higher_is_better,higher_is_better_pct,threshold_numeric_and_benchmark,UN_SDG_GOALS; UN_SDG_INDICATORS; UN_SDG_METADATA; EUROSTAT_NACE; EC_CSRD; EFRAG_ESRS_SET1; EFRAG_ESRS_IG; GRI_STANDARDS; GRI_DOWNLOAD; EU_WEEE; GERMANY_VERPACKG,share_percent,Zähler: erfüllte / abgedeckte Fälle; Nenner: relevante Grundgesamtheit; Wert = Zähler / Nenner * 100.,"AutoScore = ScoreByThreshold(Messwert, Schwellen='≥70:+3; 50–69:+2; 30–49:0; 15–29:‑2; <15:‑3', Polarity='higher_is_better', Archetype='higher_is_better_pct'). BenchmarkScore = ScoreByBenchmark(Messwert, BM, BM_150pct, BM_250pct). FinalScore = MIN(AutoScore, BenchmarkScore, RedLineScore). Tax_Rate = WUStG-Mapping(FinalScore).",≥70:+3; 50–69:+2; 30–49:0; 15–29:‑2; <15:‑3,39.5,59.25,98.75,Nein,"mittel: limited assurance, später reasonable assurance je Relevanz",Quelle + Einheit + Systemgrenze + Zeitraum + Prüfnachweis; bei Datenlücke konservative Default-/Proxylogik markieren,public_research: operationalisierbar; empirische Benchmark-Kalibrierung erforderlich,public research; not official; formula-ready; benchmark calibration required; source mapped; exact disclosure missing
WOK-SYS-131,SYS / System,Mensch/Planet/Demokratie,Stadt/Wohnen/Infrastruktur,SDG 11 – Städte,11.4,Kultur & Teilhabe,Kultur & Teilhabe – Index,umsatzgewichteter Index (z. B. Demokratie/Rule of Law),0–1,higher_is_better,higher_is_better_abs,threshold_numeric_and_benchmark,UN_SDG_GOALS; UN_SDG_INDICATORS; UN_SDG_METADATA; EUROSTAT_NACE; WJP_RULE_OF_LAW; VDEM; SOCIAL_VALUE_SROI,index_0_1,"Wert = gewichteter Kriterienindex von 0 bis 1; Kriterien, Gewichtung und Nachweis je WÖk-ID offenlegen.","AutoScore = ScoreByThreshold(Messwert, Schwellen='≥0,8:+3; 0,7–0,79:+2; 0,6–0,69:0; 0,5–0,59:‑2; <0,5:‑3', Polarity='higher_is_better', Archetype='higher_is_better_abs'). BenchmarkScore = ScoreByBenchmark(Messwert, BM, BM_150pct, BM_250pct). FinalScore = MIN(AutoScore, BenchmarkScore, RedLineScore). Tax_Rate = WUStG-Mapping(FinalScore).","≥0,8:+3; 0,7–0,79:+2; 0,6–0,69:0; 0,5–0,59:‑2; <0,5:‑3",0.645,0.9675,1.0,Nein,mittel: fachliche Plausibilisierung und Quellenprüfung,Quelle + Einheit + Systemgrenze + Zeitraum + Prüfnachweis; bei Datenlücke konservative Default-/Proxylogik markieren,public_research: operationalisierbar; empirische Benchmark-Kalibrierung erforderlich,public research; not official; formula-ready; benchmark calibration required; source mapped; exact disclosure missing
WOK-SYS-132,SYS / System,Mensch/Planet/Demokratie,Stadt/Wohnen/Infrastruktur,SDG 11 – Städte,11.4,Kultur & Teilhabe,Kultur & Teilhabe – Exposure,Umsatz in Hochrisikoländern,%,lower_is_better,lower_is_better_abs,threshold_numeric_and_benchmark,UN_SDG_GOALS; UN_SDG_INDICATORS; UN_SDG_METADATA; EUROSTAT_NACE; SOCIAL_VALUE_SROI,share_percent,Zähler: erfüllte / abgedeckte Fälle; Nenner: relevante Grundgesamtheit; Wert = Zähler / Nenner * 100.,"AutoScore = ScoreByThreshold(Messwert, Schwellen='≤5:+3; 6–10:+2; 11–20:0; 21–30:‑2; >30:‑3', Polarity='lower_is_better', Archetype='lower_is_better_abs'). BenchmarkScore = ScoreByBenchmark(Messwert, BM, BM_150pct, BM_250pct). FinalScore = MIN(AutoScore, BenchmarkScore, RedLineScore). Tax_Rate = WUStG-Mapping(FinalScore).",≤5:+3; 6–10:+2; 11–20:0; 21–30:‑2; >30:‑3,15.5,23.25,38.75,Nein,mittel: fachliche Plausibilisierung und Quellenprüfung,Quelle + Einheit + Systemgrenze + Zeitraum + Prüfnachweis; bei Datenlücke konservative Default-/Proxylogik markieren,public_research: operationalisierbar; empirische Benchmark-Kalibrierung erforderlich,public research; not official; formula-ready; benchmark calibration required; source mapped; exact disclosure missing
WOK-SYS-133,SYS / System,Mensch/Planet/Demokratie,Stadt/Wohnen/Infrastruktur,SDG 11 – Städte,11.4,Kultur & Teilhabe,Kultur & Teilhabe – Kooperationen,"aktive, evaluierte Partnerschaften/Jahr",#/Jahr,higher_is_better,higher_is_better_abs,threshold_numeric_and_benchmark,UN_SDG_GOALS; UN_SDG_INDICATORS; UN_SDG_METADATA; EUROSTAT_NACE; WJP_RULE_OF_LAW; VDEM; SOCIAL_VALUE_SROI,indicator_specific,"Wert gemäß definierter Messgröße; Zähler, Nenner, Einheit, Systemgrenze und Zeitraum je WÖk-ID dokumentieren.","AutoScore = ScoreByThreshold(Messwert, Schwellen='≥5:+3; 3–4:+2; 1–2:0; 0:‑2', Polarity='higher_is_better', Archetype='higher_is_better_abs'). BenchmarkScore = ScoreByBenchmark(Messwert, BM, BM_150pct, BM_250pct). FinalScore = MIN(AutoScore, BenchmarkScore, RedLineScore). Tax_Rate = WUStG-Mapping(FinalScore).",≥5:+3; 3–4:+2; 1–2:0; 0:‑2,1.5,2.25,3.75,Nein,mittel: fachliche Plausibilisierung und Quellenprüfung,Quelle + Einheit + Systemgrenze + Zeitraum + Prüfnachweis; bei Datenlücke konservative Default-/Proxylogik markieren,public_research: operationalisierbar; empirische Benchmark-Kalibrierung erforderlich,public research; not official; formula-ready; benchmark calibration required; source mapped; exact disclosure missing
WOK-E-161,E / Umwelt,Mensch/Planet/Demokratie,Stadt/Wohnen/Infrastruktur,SDG 11 – Städte,11.7,Stadtgrün/Flächenversiegelung,Stadtgrün/Flächenversiegelung – Nettoeffekt,Net Gain/No Net Loss/Net Loss,Qualitativ → Klasse,higher_is_better,higher_is_better_abs,qualitative_biodiversity,UN_SDG_GOALS; UN_SDG_INDICATORS; UN_SDG_METADATA; EUROSTAT_NACE; EC_CSRD; EFRAG_ESRS_SET1; EFRAG_ESRS_IG; CBD_GBF; EN_15978,indicator_specific,"Wert gemäß definierter Messgröße; Zähler, Nenner, Einheit, Systemgrenze und Zeitraum je WÖk-ID dokumentieren.","AutoScore = ScoreByThreshold(Messwert, Schwellen='Net Gain:+3; No Net Loss:0; Net Loss:‑2/‑3', Polarity='higher_is_better', Archetype='higher_is_better_abs'). BenchmarkScore = ScoreByBenchmark(Messwert, BM, BM_150pct, BM_250pct). FinalScore = MIN(AutoScore, BenchmarkScore, RedLineScore). Tax_Rate = WUStG-Mapping(FinalScore).",Net Gain:+3; No Net Loss:0; Net Loss:‑2/‑3,0.5,0.75,0.9,Nein,"mittel: limited assurance, später reasonable assurance je Relevanz",Quelle + Einheit + Systemgrenze + Zeitraum + Prüfnachweis; bei Datenlücke konservative Default-/Proxylogik markieren,public_research: operationalisierbar; empirische Benchmark-Kalibrierung erforderlich,public research; not official; formula-ready; qualitative review required; source mapped; exact disclosure missing
WOK-E-162,E / Umwelt,Mensch/Planet/Demokratie,Stadt/Wohnen/Infrastruktur,SDG 11 – Städte,11.7,Stadtgrün/Flächenversiegelung,Stadtgrün/Flächenversiegelung – Landumwandlung,Neue Flächen mit hohem Risiko,ha/Jahr,lower_is_better,lower_is_better_abs,threshold_numeric_and_benchmark,UN_SDG_GOALS; UN_SDG_INDICATORS; UN_SDG_METADATA; EUROSTAT_NACE; EC_CSRD; EFRAG_ESRS_SET1; EFRAG_ESRS_IG; CBD_GBF; EN_15978,lower_is_better_metric,"Wert = gemessene Belastung, Risiko- oder Intensitätskennzahl je funktionaler Einheit; niedriger ist besser.","AutoScore = ScoreByThreshold(Messwert, Schwellen='0:+3; ≤1:+2; ≤3:0; ≤5:‑2; >5:‑3', Polarity='lower_is_better', Archetype='lower_is_better_abs'). BenchmarkScore = ScoreByBenchmark(Messwert, BM, BM_150pct, BM_250pct). FinalScore = MIN(AutoScore, BenchmarkScore, RedLineScore). Tax_Rate = WUStG-Mapping(FinalScore).",0:+3; ≤1:+2; ≤3:0; ≤5:‑2; >5:‑3,3.0,4.5,7.5,Nein,"mittel: limited assurance, später reasonable assurance je Relevanz",Quelle + Einheit + Systemgrenze + Zeitraum + Prüfnachweis; bei Datenlücke konservative Default-/Proxylogik markieren,public_research: operationalisierbar; empirische Benchmark-Kalibrierung erforderlich,public research; not official; formula-ready; benchmark calibration required; source mapped; exact disclosure missing
WOK-E-163,E / Umwelt,Mensch/Planet/Demokratie,Stadt/Wohnen/Infrastruktur,SDG 11 – Städte,11.7,Stadtgrün/Flächenversiegelung,Stadtgrün/Flächenversiegelung – Deforestationsfrei,Anteil deforestationsfreie Rohstoffe,%,higher_is_better,higher_is_better_pct,threshold_numeric_and_benchmark,UN_SDG_GOALS; UN_SDG_INDICATORS; UN_SDG_METADATA; EUROSTAT_NACE; EC_CSRD; EFRAG_ESRS_SET1; EFRAG_ESRS_IG; CBD_GBF; EN_15978,share_percent,Zähler: erfüllte / abgedeckte Fälle; Nenner: relevante Grundgesamtheit; Wert = Zähler / Nenner * 100.,"AutoScore = ScoreByThreshold(Messwert, Schwellen='≥98:+3; 90–97:+2; 75–89:0; 50–74:‑2; <50:‑3', Polarity='higher_is_better', Archetype='higher_is_better_pct'). BenchmarkScore = ScoreByBenchmark(Messwert, BM, BM_150pct, BM_250pct). FinalScore = MIN(AutoScore, BenchmarkScore, RedLineScore). Tax_Rate = WUStG-Mapping(FinalScore).",≥98:+3; 90–97:+2; 75–89:0; 50–74:‑2; <50:‑3,82.0,100.0,100.0,Nein,"mittel: limited assurance, später reasonable assurance je Relevanz",Quelle + Einheit + Systemgrenze + Zeitraum + Prüfnachweis; bei Datenlücke konservative Default-/Proxylogik markieren,public_research: operationalisierbar; empirische Benchmark-Kalibrierung erforderlich,public research; not official; formula-ready; benchmark calibration required; source mapped; exact disclosure missing
WOK-G-158,G / Governance,Mensch/Planet/Demokratie,Stadt/Wohnen/Infrastruktur,SDG 11 – Städte,11.3,Partizipation/Transparenz Stadtprojekte,Partizipation/Transparenz Stadtprojekte – Antikorruption,Bestätigte Fälle/1.000 FTE,Fälle/1.000 FTE,lower_is_better,near_zero_better,threshold_numeric_and_benchmark,UN_SDG_GOALS; UN_SDG_INDICATORS; UN_SDG_METADATA; EUROSTAT_NACE; EC_CSRD; EFRAG_ESRS_SET1; EFRAG_ESRS_IG; GRI_STANDARDS; GRI_DOWNLOAD; OECD_ANTI_BRIBERY,lower_is_better_metric,"Wert = gemessene Belastung, Risiko- oder Intensitätskennzahl je funktionaler Einheit; niedriger ist besser.","AutoScore = ScoreByThreshold(Messwert, Schwellen='0:+3; ≤0,2:+2; ≤0,5:0; ≤1:‑2; >1:‑3', Polarity='lower_is_better', Archetype='near_zero_better'). BenchmarkScore = ScoreByBenchmark(Messwert, BM, BM_150pct, BM_250pct). FinalScore = MIN(AutoScore, BenchmarkScore, RedLineScore). Tax_Rate = WUStG-Mapping(FinalScore).","0:+3; ≤0,2:+2; ≤0,5:0; ≤1:‑2; >1:‑3",0.5,0.75,1.25,Ja,hoch: externe Prüfung / reasonable assurance für kritische Risiken,Quelle + Einheit + Systemgrenze + Zeitraum + Prüfnachweis; bei Datenlücke konservative Default-/Proxylogik markieren,public_research: operationalisierbar; empirische Benchmark-Kalibrierung erforderlich,public research; not official; formula-ready; benchmark calibration required; red line; source mapped; exact disclosure missing
WOK-G-159,G / Governance,Mensch/Planet/Demokratie,Stadt/Wohnen/Infrastruktur,SDG 11 – Städte,11.3,Partizipation/Transparenz Stadtprojekte,Partizipation/Transparenz Stadtprojekte – Whistleblowing,Wirksamkeits‑Score,0–1,higher_is_better,higher_is_better_abs,threshold_numeric_and_benchmark,UN_SDG_GOALS; UN_SDG_INDICATORS; UN_SDG_METADATA; EUROSTAT_NACE; EC_CSRD; EFRAG_ESRS_SET1; EFRAG_ESRS_IG; GRI_STANDARDS; GRI_DOWNLOAD; OECD_ANTI_BRIBERY,index_0_1,"Wert = gewichteter Kriterienindex von 0 bis 1; Kriterien, Gewichtung und Nachweis je WÖk-ID offenlegen.","AutoScore = ScoreByThreshold(Messwert, Schwellen='≥0,9:+3; 0,75–0,89:+2; 0,6–0,74:0; 0,4–0,59:‑2; <0,4:‑3', Polarity='higher_is_better', Archetype='higher_is_better_abs'). BenchmarkScore = ScoreByBenchmark(Messwert, BM, BM_150pct, BM_250pct). FinalScore = MIN(AutoScore, BenchmarkScore, RedLineScore). Tax_Rate = WUStG-Mapping(FinalScore).","≥0,9:+3; 0,75–0,89:+2; 0,6–0,74:0; 0,4–0,59:‑2; <0,4:‑3",0.6699999999999999,1.0,1.0,Ja,hoch: externe Prüfung / reasonable assurance für kritische Risiken,Quelle + Einheit + Systemgrenze + Zeitraum + Prüfnachweis; bei Datenlücke konservative Default-/Proxylogik markieren,public_research: operationalisierbar; empirische Benchmark-Kalibrierung erforderlich,public research; not official; formula-ready; benchmark calibration required; red line; source mapped; exact disclosure missing
WOK-G-160,G / Governance,Mensch/Planet/Demokratie,Stadt/Wohnen/Infrastruktur,SDG 11 – Städte,11.3,Partizipation/Transparenz Stadtprojekte,Partizipation/Transparenz Stadtprojekte – Steuertransparenz,CbCR‑Offenlegung,0–1,higher_is_better,higher_is_better_abs,qualitative_ordinal,UN_SDG_GOALS; UN_SDG_INDICATORS; UN_SDG_METADATA; EUROSTAT_NACE; EC_CSRD; EFRAG_ESRS_SET1; EFRAG_ESRS_IG; GRI_STANDARDS; GRI_DOWNLOAD; OECD_ANTI_BRIBERY,index_0_1,"Wert = gewichteter Kriterienindex von 0 bis 1; Kriterien, Gewichtung und Nachweis je WÖk-ID offenlegen.","AutoScore = ScoreByThreshold(Messwert, Schwellen='vollständig:+3; teilweise:+2; minimal:0; schlecht:‑2', Polarity='higher_is_better', Archetype='higher_is_better_abs'). BenchmarkScore = ScoreByBenchmark(Messwert, BM, BM_150pct, BM_250pct). FinalScore = MIN(AutoScore, BenchmarkScore, RedLineScore). Tax_Rate = WUStG-Mapping(FinalScore).",vollständig:+3; teilweise:+2; minimal:0; schlecht:‑2,0.5,0.75,0.9,Ja,hoch: externe Prüfung / reasonable assurance für kritische Risiken,Quelle + Einheit + Systemgrenze + Zeitraum + Prüfnachweis; bei Datenlücke konservative Default-/Proxylogik markieren,public_research: operationalisierbar; empirische Benchmark-Kalibrierung erforderlich,public research; not official; formula-ready; qualitative review required; red line; source mapped; exact disclosure missing
WOK-E-164,E / Umwelt,Mensch/Planet/Demokratie,Stadt/Wohnen/Infrastruktur,SDG 11 – Städte,11.6,Lärm‑Exposition,Lärm‑Exposition – Antikorruption,Bestätigte Fälle/1.000 FTE,Fälle/1.000 FTE,lower_is_better,near_zero_better,threshold_numeric_and_benchmark,UN_SDG_GOALS; UN_SDG_INDICATORS; UN_SDG_METADATA; EUROSTAT_NACE; EC_CSRD; EFRAG_ESRS_SET1; EFRAG_ESRS_IG; GRI_STANDARDS; GRI_DOWNLOAD; OECD_ANTI_BRIBERY,lower_is_better_metric,"Wert = gemessene Belastung, Risiko- oder Intensitätskennzahl je funktionaler Einheit; niedriger ist besser.","AutoScore = ScoreByThreshold(Messwert, Schwellen='0:+3; ≤0,2:+2; ≤0,5:0; ≤1:‑2; >1:‑3', Polarity='lower_is_better', Archetype='near_zero_better'). BenchmarkScore = ScoreByBenchmark(Messwert, BM, BM_150pct, BM_250pct). FinalScore = MIN(AutoScore, BenchmarkScore, RedLineScore). Tax_Rate = WUStG-Mapping(FinalScore).","0:+3; ≤0,2:+2; ≤0,5:0; ≤1:‑2; >1:‑3",0.5,0.75,1.25,Ja,hoch: externe Prüfung / reasonable assurance für kritische Risiken,Quelle + Einheit + Systemgrenze + Zeitraum + Prüfnachweis; bei Datenlücke konservative Default-/Proxylogik markieren,public_research: operationalisierbar; empirische Benchmark-Kalibrierung erforderlich,public research; not official; formula-ready; benchmark calibration required; red line; source mapped; exact disclosure missing
WOK-E-165,E / Umwelt,Mensch/Planet/Demokratie,Stadt/Wohnen/Infrastruktur,SDG 11 – Städte,11.6,Lärm‑Exposition,Lärm‑Exposition – Whistleblowing,Wirksamkeits‑Score,0–1,higher_is_better,higher_is_better_abs,threshold_numeric_and_benchmark,UN_SDG_GOALS; UN_SDG_INDICATORS; UN_SDG_METADATA; EUROSTAT_NACE; EC_CSRD; EFRAG_ESRS_SET1; EFRAG_ESRS_IG; GRI_STANDARDS; GRI_DOWNLOAD; OECD_ANTI_BRIBERY,index_0_1,"Wert = gewichteter Kriterienindex von 0 bis 1; Kriterien, Gewichtung und Nachweis je WÖk-ID offenlegen.","AutoScore = ScoreByThreshold(Messwert, Schwellen='≥0,9:+3; 0,75–0,89:+2; 0,6–0,74:0; 0,4–0,59:‑2; <0,4:‑3', Polarity='higher_is_better', Archetype='higher_is_better_abs'). BenchmarkScore = ScoreByBenchmark(Messwert, BM, BM_150pct, BM_250pct). FinalScore = MIN(AutoScore, BenchmarkScore, RedLineScore). Tax_Rate = WUStG-Mapping(FinalScore).","≥0,9:+3; 0,75–0,89:+2; 0,6–0,74:0; 0,4–0,59:‑2; <0,4:‑3",0.6699999999999999,1.0,1.0,Ja,hoch: externe Prüfung / reasonable assurance für kritische Risiken,Quelle + Einheit + Systemgrenze + Zeitraum + Prüfnachweis; bei Datenlücke konservative Default-/Proxylogik markieren,public_research: operationalisierbar; empirische Benchmark-Kalibrierung erforderlich,public research; not official; formula-ready; benchmark calibration required; red line; source mapped; exact disclosure missing
WOK-E-166,E / Umwelt,Mensch/Planet/Demokratie,Stadt/Wohnen/Infrastruktur,SDG 11 – Städte,11.6,Lärm‑Exposition,Lärm‑Exposition – Steuertransparenz,CbCR‑Offenlegung,0–1,higher_is_better,higher_is_better_abs,qualitative_ordinal,UN_SDG_GOALS; UN_SDG_INDICATORS; UN_SDG_METADATA; EUROSTAT_NACE; EC_CSRD; EFRAG_ESRS_SET1; EFRAG_ESRS_IG; GRI_STANDARDS; GRI_DOWNLOAD; OECD_ANTI_BRIBERY,index_0_1,"Wert = gewichteter Kriterienindex von 0 bis 1; Kriterien, Gewichtung und Nachweis je WÖk-ID offenlegen.","AutoScore = ScoreByThreshold(Messwert, Schwellen='vollständig:+3; teilweise:+2; minimal:0; schlecht:‑2', Polarity='higher_is_better', Archetype='higher_is_better_abs'). BenchmarkScore = ScoreByBenchmark(Messwert, BM, BM_150pct, BM_250pct). FinalScore = MIN(AutoScore, BenchmarkScore, RedLineScore). Tax_Rate = WUStG-Mapping(FinalScore).",vollständig:+3; teilweise:+2; minimal:0; schlecht:‑2,0.5,0.75,0.9,Ja,hoch: externe Prüfung / reasonable assurance für kritische Risiken,Quelle + Einheit + Systemgrenze + Zeitraum + Prüfnachweis; bei Datenlücke konservative Default-/Proxylogik markieren,public_research: operationalisierbar; empirische Benchmark-Kalibrierung erforderlich,public research; not official; formula-ready; qualitative review required; red line; source mapped; exact disclosure missing
WOK-E-167,E / Umwelt,Planet,Ressourcen & Kreislauf,SDG 12 – Konsum/Produktion,12.2,Materialintensität,Materialintensität – Abfallintensität,Abfallmenge je Output,kg/t,lower_is_better,lower_is_better_abs,benchmark_relative_calibration_required,UN_SDG_GOALS; UN_SDG_INDICATORS; UN_SDG_METADATA; EUROSTAT_NACE; EC_CSRD; EFRAG_ESRS_SET1; EFRAG_ESRS_IG; GRI_STANDARDS; GRI_DOWNLOAD; EU_WEEE; GERMANY_VERPACKG,lower_is_better_metric,"Wert = gemessene Belastung, Risiko- oder Intensitätskennzahl je funktionaler Einheit; niedriger ist besser.","AutoScore = ScoreByThreshold(Messwert, Schwellen='Top‑10%:+3; Mittel:0; >150%:‑2; >250%:‑3', Polarity='lower_is_better', Archetype='lower_is_better_abs'). BenchmarkScore = ScoreByBenchmark(Messwert, BM, BM_150pct, BM_250pct). FinalScore = MIN(AutoScore, BenchmarkScore, RedLineScore). Tax_Rate = WUStG-Mapping(FinalScore).",Top‑10%:+3; Mittel:0; >150%:‑2; >250%:‑3,1.0,1.5,2.5,Nein,"mittel: limited assurance, später reasonable assurance je Relevanz",Quelle + Einheit + Systemgrenze + Zeitraum + Prüfnachweis; bei Datenlücke konservative Default-/Proxylogik markieren,public_research: operationalisierbar; empirische Benchmark-Kalibrierung erforderlich,public research; not official; formula-ready; benchmark calibration required; source mapped; exact disclosure missing
WOK-E-168,E / Umwelt,Planet,Ressourcen & Kreislauf,SDG 12 – Konsum/Produktion,12.2,Materialintensität,Materialintensität – Recyclingquote,Anteil verwerteter Abfälle,%,higher_is_better,higher_is_better_pct,threshold_numeric_and_benchmark,UN_SDG_GOALS; UN_SDG_INDICATORS; UN_SDG_METADATA; EUROSTAT_NACE; EC_CSRD; EFRAG_ESRS_SET1; EFRAG_ESRS_IG; GRI_STANDARDS; GRI_DOWNLOAD; EU_WEEE; GERMANY_VERPACKG,share_percent,Zähler: erfüllte / abgedeckte Fälle; Nenner: relevante Grundgesamtheit; Wert = Zähler / Nenner * 100.,"AutoScore = ScoreByThreshold(Messwert, Schwellen='≥90%:+3; 70–89%:+2; 50–69%:0; 30–49%:‑2; <30%:‑3', Polarity='higher_is_better', Archetype='higher_is_better_pct'). BenchmarkScore = ScoreByBenchmark(Messwert, BM, BM_150pct, BM_250pct). FinalScore = MIN(AutoScore, BenchmarkScore, RedLineScore). Tax_Rate = WUStG-Mapping(FinalScore).",≥90%:+3; 70–89%:+2; 50–69%:0; 30–49%:‑2; <30%:‑3,50.0,75.0,100.0,Nein,"mittel: limited assurance, später reasonable assurance je Relevanz",Quelle + Einheit + Systemgrenze + Zeitraum + Prüfnachweis; bei Datenlücke konservative Default-/Proxylogik markieren,public_research: strukturell vollständig; wissenschaftliche Validierung empfohlen,public research; not official; formula-ready; benchmark calibration required; source mapped; exact disclosure missing
WOK-E-169,E / Umwelt,Planet,Ressourcen & Kreislauf,SDG 12 – Konsum/Produktion,12.2,Materialintensität,Materialintensität – Gefährlicher Abfall,Gefährlicher Abfall je Output,kg/t,lower_is_better,lower_is_better_abs,benchmark_relative_calibration_required,UN_SDG_GOALS; UN_SDG_INDICATORS; UN_SDG_METADATA; EUROSTAT_NACE; EC_CSRD; EFRAG_ESRS_SET1; EFRAG_ESRS_IG; GRI_STANDARDS; GRI_DOWNLOAD; EU_WEEE; GERMANY_VERPACKG,lower_is_better_metric,"Wert = gemessene Belastung, Risiko- oder Intensitätskennzahl je funktionaler Einheit; niedriger ist besser.","AutoScore = ScoreByThreshold(Messwert, Schwellen='Top‑10%:+3; Mittel:0; >150%:‑2; >250%:‑3', Polarity='lower_is_better', Archetype='lower_is_better_abs'). BenchmarkScore = ScoreByBenchmark(Messwert, BM, BM_150pct, BM_250pct). FinalScore = MIN(AutoScore, BenchmarkScore, RedLineScore). Tax_Rate = WUStG-Mapping(FinalScore).",Top‑10%:+3; Mittel:0; >150%:‑2; >250%:‑3,1.0,1.5,2.5,Nein,"mittel: limited assurance, später reasonable assurance je Relevanz",Quelle + Einheit + Systemgrenze + Zeitraum + Prüfnachweis; bei Datenlücke konservative Default-/Proxylogik markieren,public_research: operationalisierbar; empirische Benchmark-Kalibrierung erforderlich,public research; not official; formula-ready; benchmark calibration required; source mapped; exact disclosure missing
WOK-E-170,E / Umwelt,Planet,Ressourcen & Kreislauf,SDG 12 – Konsum/Produktion,12.5,Abfallvermeidung,Abfallvermeidung – Abfallintensität,Abfallmenge je Output,kg/t,lower_is_better,lower_is_better_abs,benchmark_relative_calibration_required,UN_SDG_GOALS; UN_SDG_INDICATORS; UN_SDG_METADATA; EUROSTAT_NACE; EC_CSRD; EFRAG_ESRS_SET1; EFRAG_ESRS_IG; GRI_STANDARDS; GRI_DOWNLOAD; EU_WEEE; GERMANY_VERPACKG,lower_is_better_metric,"Wert = gemessene Belastung, Risiko- oder Intensitätskennzahl je funktionaler Einheit; niedriger ist besser.","AutoScore = ScoreByThreshold(Messwert, Schwellen='Top‑10%:+3; Mittel:0; >150%:‑2; >250%:‑3', Polarity='lower_is_better', Archetype='lower_is_better_abs'). BenchmarkScore = ScoreByBenchmark(Messwert, BM, BM_150pct, BM_250pct). FinalScore = MIN(AutoScore, BenchmarkScore, RedLineScore). Tax_Rate = WUStG-Mapping(FinalScore).",Top‑10%:+3; Mittel:0; >150%:‑2; >250%:‑3,1.0,1.5,2.5,Nein,"mittel: limited assurance, später reasonable assurance je Relevanz",Quelle + Einheit + Systemgrenze + Zeitraum + Prüfnachweis; bei Datenlücke konservative Default-/Proxylogik markieren,public_research: operationalisierbar; empirische Benchmark-Kalibrierung erforderlich,public research; not official; formula-ready; benchmark calibration required; source mapped; exact disclosure missing
WOK-E-171,E / Umwelt,Planet,Ressourcen & Kreislauf,SDG 12 – Konsum/Produktion,12.5,Abfallvermeidung,Abfallvermeidung – Recyclingquote,Anteil verwerteter Abfälle,%,higher_is_better,higher_is_better_pct,threshold_numeric_and_benchmark,UN_SDG_GOALS; UN_SDG_INDICATORS; UN_SDG_METADATA; EUROSTAT_NACE; EC_CSRD; EFRAG_ESRS_SET1; EFRAG_ESRS_IG; GRI_STANDARDS; GRI_DOWNLOAD; EU_WEEE; GERMANY_VERPACKG,share_percent,Zähler: erfüllte / abgedeckte Fälle; Nenner: relevante Grundgesamtheit; Wert = Zähler / Nenner * 100.,"AutoScore = ScoreByThreshold(Messwert, Schwellen='≥90%:+3; 70–89%:+2; 50–69%:0; 30–49%:‑2; <30%:‑3', Polarity='higher_is_better', Archetype='higher_is_better_pct'). BenchmarkScore = ScoreByBenchmark(Messwert, BM, BM_150pct, BM_250pct). FinalScore = MIN(AutoScore, BenchmarkScore, RedLineScore). Tax_Rate = WUStG-Mapping(FinalScore).",≥90%:+3; 70–89%:+2; 50–69%:0; 30–49%:‑2; <30%:‑3,50.0,75.0,100.0,Nein,"mittel: limited assurance, später reasonable assurance je Relevanz",Quelle + Einheit + Systemgrenze + Zeitraum + Prüfnachweis; bei Datenlücke konservative Default-/Proxylogik markieren,public_research: strukturell vollständig; wissenschaftliche Validierung empfohlen,public research; not official; formula-ready; benchmark calibration required; source mapped; exact disclosure missing
WOK-E-172,E / Umwelt,Planet,Ressourcen & Kreislauf,SDG 12 – Konsum/Produktion,12.5,Abfallvermeidung,Abfallvermeidung – Gefährlicher Abfall,Gefährlicher Abfall je Output,kg/t,lower_is_better,lower_is_better_abs,benchmark_relative_calibration_required,UN_SDG_GOALS; UN_SDG_INDICATORS; UN_SDG_METADATA; EUROSTAT_NACE; EC_CSRD; EFRAG_ESRS_SET1; EFRAG_ESRS_IG; GRI_STANDARDS; GRI_DOWNLOAD; EU_WEEE; GERMANY_VERPACKG,lower_is_better_metric,"Wert = gemessene Belastung, Risiko- oder Intensitätskennzahl je funktionaler Einheit; niedriger ist besser.","AutoScore = ScoreByThreshold(Messwert, Schwellen='Top‑10%:+3; Mittel:0; >150%:‑2; >250%:‑3', Polarity='lower_is_better', Archetype='lower_is_better_abs'). BenchmarkScore = ScoreByBenchmark(Messwert, BM, BM_150pct, BM_250pct). FinalScore = MIN(AutoScore, BenchmarkScore, RedLineScore). Tax_Rate = WUStG-Mapping(FinalScore).",Top‑10%:+3; Mittel:0; >150%:‑2; >250%:‑3,1.0,1.5,2.5,Nein,"mittel: limited assurance, später reasonable assurance je Relevanz",Quelle + Einheit + Systemgrenze + Zeitraum + Prüfnachweis; bei Datenlücke konservative Default-/Proxylogik markieren,public_research: operationalisierbar; empirische Benchmark-Kalibrierung erforderlich,public research; not official; formula-ready; benchmark calibration required; source mapped; exact disclosure missing
WOK-P-122,P / Produkt,Planet,Ressourcen & Kreislauf,SDG 12 – Konsum/Produktion,12.5,PCF/Reparierbarkeit/Rücknahme,PCF/Reparierbarkeit/Rücknahme – PCF,CO₂‑Fußabdruck pro Einheit,kg CO₂e/Einheit,lower_is_better,lower_is_better_abs,benchmark_relative_calibration_required,UN_SDG_GOALS; UN_SDG_INDICATORS; UN_SDG_METADATA; EUROSTAT_NACE; EC_CSRD; EFRAG_ESRS_SET1; EFRAG_ESRS_IG; GRI_STANDARDS; GRI_DOWNLOAD; ISO_14067; GHG_PROTOCOL_PRODUCT; EU_WEEE; GERMANY_VERPACKG,emission_intensity,"Wert = THG-Emissionen in CO₂e je funktionaler Einheit, Produktmenge, Umsatz oder Aktivität; Systemgrenze offenlegen.","AutoScore = ScoreByThreshold(Messwert, Schwellen='Top‑10%:+3; ±Benchmark:0; >150%:‑2; >250%:‑3', Polarity='lower_is_better', Archetype='lower_is_better_abs'). BenchmarkScore = ScoreByBenchmark(Messwert, BM, BM_150pct, BM_250pct). FinalScore = MIN(AutoScore, BenchmarkScore, RedLineScore). Tax_Rate = WUStG-Mapping(FinalScore).",Top‑10%:+3; ±Benchmark:0; >150%:‑2; >250%:‑3,1.0,1.5,2.5,Nein,"mittel: limited assurance, später reasonable assurance je Relevanz",Quelle + Einheit + Systemgrenze + Zeitraum + Prüfnachweis; bei Datenlücke konservative Default-/Proxylogik markieren,public_research: operationalisierbar; empirische Benchmark-Kalibrierung erforderlich,public research; not official; formula-ready; benchmark calibration required; source mapped; exact disclosure missing
WOK-P-123,P / Produkt,Planet,Ressourcen & Kreislauf,SDG 12 – Konsum/Produktion,12.5,PCF/Reparierbarkeit/Rücknahme,PCF/Reparierbarkeit/Rücknahme – Reparierbarkeit,Reparierbarkeitsindex,Score 0–10,higher_is_better,higher_is_better_score,threshold_numeric_and_benchmark,UN_SDG_GOALS; UN_SDG_INDICATORS; UN_SDG_METADATA; EUROSTAT_NACE; EC_CSRD; EFRAG_ESRS_SET1; EFRAG_ESRS_IG; GRI_STANDARDS; GRI_DOWNLOAD; EU_WEEE; GERMANY_VERPACKG,index_0_1,"Wert = gewichteter Kriterienindex von 0 bis 1; Kriterien, Gewichtung und Nachweis je WÖk-ID offenlegen.","AutoScore = ScoreByThreshold(Messwert, Schwellen='≥8:+3; 6–7,9:+2; 4–5,9:0; 2–3,9:‑2; <2:‑3', Polarity='higher_is_better', Archetype='higher_is_better_score'). BenchmarkScore = ScoreByBenchmark(Messwert, BM, BM_150pct, BM_250pct). FinalScore = MIN(AutoScore, BenchmarkScore, RedLineScore). Tax_Rate = WUStG-Mapping(FinalScore).","≥8:+3; 6–7,9:+2; 4–5,9:0; 2–3,9:‑2; <2:‑3",4.95,1.0,1.0,Nein,"mittel: limited assurance, später reasonable assurance je Relevanz",Quelle + Einheit + Systemgrenze + Zeitraum + Prüfnachweis; bei Datenlücke konservative Default-/Proxylogik markieren,public_research: operationalisierbar; empirische Benchmark-Kalibrierung erforderlich,public research; not official; formula-ready; benchmark calibration required; source mapped; exact disclosure missing
WOK-P-124,P / Produkt,Planet,Ressourcen & Kreislauf,SDG 12 – Konsum/Produktion,12.5,PCF/Reparierbarkeit/Rücknahme,PCF/Reparierbarkeit/Rücknahme – Rücknahme/Recycling,Rücknahme‑/Recyclingquote,%,higher_is_better,higher_is_better_pct,threshold_numeric_and_benchmark,UN_SDG_GOALS; UN_SDG_INDICATORS; UN_SDG_METADATA; EUROSTAT_NACE; EC_CSRD; EFRAG_ESRS_SET1; EFRAG_ESRS_IG; GRI_STANDARDS; GRI_DOWNLOAD; EU_WEEE; GERMANY_VERPACKG,share_percent,Zähler: erfüllte / abgedeckte Fälle; Nenner: relevante Grundgesamtheit; Wert = Zähler / Nenner * 100.,"AutoScore = ScoreByThreshold(Messwert, Schwellen='≥70:+3; 50–69:+2; 30–49:0; 15–29:‑2; <15:‑3', Polarity='higher_is_better', Archetype='higher_is_better_pct'). BenchmarkScore = ScoreByBenchmark(Messwert, BM, BM_150pct, BM_250pct). FinalScore = MIN(AutoScore, BenchmarkScore, RedLineScore). Tax_Rate = WUStG-Mapping(FinalScore).",≥70:+3; 50–69:+2; 30–49:0; 15–29:‑2; <15:‑3,39.5,59.25,98.75,Nein,"mittel: limited assurance, später reasonable assurance je Relevanz",Quelle + Einheit + Systemgrenze + Zeitraum + Prüfnachweis; bei Datenlücke konservative Default-/Proxylogik markieren,public_research: operationalisierbar; empirische Benchmark-Kalibrierung erforderlich,public research; not official; formula-ready; benchmark calibration required; source mapped; exact disclosure missing
WOK-SC-125,SC / Lieferkette,Planet,Ressourcen & Kreislauf,SDG 12 – Konsum/Produktion,12.5,Lieferkette – Zirkularität,Lieferkette – Zirkularität – ESG‑Spend‑Coverage,Anteil verifizierter ESG‑Daten am Spend,%,higher_is_better,higher_is_better_pct,threshold_numeric_and_benchmark,UN_SDG_GOALS; UN_SDG_INDICATORS; UN_SDG_METADATA; EUROSTAT_NACE; EC_CSRD; EFRAG_ESRS_SET1; EFRAG_ESRS_IG; GRI_STANDARDS; GRI_DOWNLOAD; OECD_RBC_DD,share_percent,Zähler: erfüllte / abgedeckte Fälle; Nenner: relevante Grundgesamtheit; Wert = Zähler / Nenner * 100.,"AutoScore = ScoreByThreshold(Messwert, Schwellen='≥90:+3; 70–89:+2; 50–69:0; 30–49:‑2; <30:‑3', Polarity='higher_is_better', Archetype='higher_is_better_pct'). BenchmarkScore = ScoreByBenchmark(Messwert, BM, BM_150pct, BM_250pct). FinalScore = MIN(AutoScore, BenchmarkScore, RedLineScore). Tax_Rate = WUStG-Mapping(FinalScore).",≥90:+3; 70–89:+2; 50–69:0; 30–49:‑2; <30:‑3,59.5,89.25,100.0,Nein,"mittel: limited assurance, später reasonable assurance je Relevanz",Quelle + Einheit + Systemgrenze + Zeitraum + Prüfnachweis; bei Datenlücke konservative Default-/Proxylogik markieren,public_research: operationalisierbar; empirische Benchmark-Kalibrierung erforderlich,public research; not official; formula-ready; benchmark calibration required; source mapped; exact disclosure missing
WOK-SC-126,SC / Lieferkette,Planet,Ressourcen & Kreislauf,SDG 12 – Konsum/Produktion,12.5,Lieferkette – Zirkularität,Lieferkette – Zirkularität – Kinder/Zwangsarbeit,Audits ohne Verstöße,% Lieferanten,higher_is_better,higher_is_better_pct,threshold_numeric_and_benchmark,UN_SDG_GOALS; UN_SDG_INDICATORS; UN_SDG_METADATA; EUROSTAT_NACE; EC_CSRD; EFRAG_ESRS_SET1; EFRAG_ESRS_IG; GRI_STANDARDS; GRI_DOWNLOAD; OECD_RBC_DD,share_percent,Zähler: erfüllte / abgedeckte Fälle; Nenner: relevante Grundgesamtheit; Wert = Zähler / Nenner * 100.,"AutoScore = ScoreByThreshold(Messwert, Schwellen='≥98:+3; 90–97:+2; 75–89:0; 50–74:‑2; <50:‑3', Polarity='higher_is_better', Archetype='higher_is_better_pct'). BenchmarkScore = ScoreByBenchmark(Messwert, BM, BM_150pct, BM_250pct). FinalScore = MIN(AutoScore, BenchmarkScore, RedLineScore). Tax_Rate = WUStG-Mapping(FinalScore).",≥98:+3; 90–97:+2; 75–89:0; 50–74:‑2; <50:‑3,82.0,100.0,100.0,Ja,hoch: externe Prüfung / reasonable assurance für kritische Risiken,Quelle + Einheit + Systemgrenze + Zeitraum + Prüfnachweis; bei Datenlücke konservative Default-/Proxylogik markieren,public_research: operationalisierbar; empirische Benchmark-Kalibrierung erforderlich,public research; not official; formula-ready; benchmark calibration required; red line; source mapped; exact disclosure missing
WOK-SC-127,SC / Lieferkette,Planet,Ressourcen & Kreislauf,SDG 12 – Konsum/Produktion,12.5,Lieferkette – Zirkularität,Lieferkette – Zirkularität – Scope‑3 Daten,Primärdaten‑Abdeckung,% Kategorien,higher_is_better,higher_is_better_pct,threshold_numeric_and_benchmark,UN_SDG_GOALS; UN_SDG_INDICATORS; UN_SDG_METADATA; EUROSTAT_NACE; EC_CSRD; EFRAG_ESRS_SET1; EFRAG_ESRS_IG; GHG_PROTOCOL_SCOPE3; GHG_PROTOCOL_PRODUCT; ISO_14064,share_percent,Zähler: erfüllte / abgedeckte Fälle; Nenner: relevante Grundgesamtheit; Wert = Zähler / Nenner * 100.,"AutoScore = ScoreByThreshold(Messwert, Schwellen='≥80:+3; 60–79:+2; 40–59:0; 20–39:‑2; <20:‑3', Polarity='higher_is_better', Archetype='higher_is_better_pct'). BenchmarkScore = ScoreByBenchmark(Messwert, BM, BM_150pct, BM_250pct). FinalScore = MIN(AutoScore, BenchmarkScore, RedLineScore). Tax_Rate = WUStG-Mapping(FinalScore).",≥80:+3; 60–79:+2; 40–59:0; 20–39:‑2; <20:‑3,49.5,74.25,100.0,Nein,"mittel: limited assurance, später reasonable assurance je Relevanz",Quelle + Einheit + Systemgrenze + Zeitraum + Prüfnachweis; bei Datenlücke konservative Default-/Proxylogik markieren,public_research: operationalisierbar; empirische Benchmark-Kalibrierung erforderlich,public research; not official; formula-ready; benchmark calibration required; source mapped; exact disclosure missing
WOK-G-161,G / Governance,Planet,Ressourcen & Kreislauf,SDG 12 – Konsum/Produktion,12.4,Chemikaliensicherheit,Chemikaliensicherheit – Antikorruption,Bestätigte Fälle/1.000 FTE,Fälle/1.000 FTE,lower_is_better,near_zero_better,threshold_numeric_and_benchmark,UN_SDG_GOALS; UN_SDG_INDICATORS; UN_SDG_METADATA; EUROSTAT_NACE; EC_CSRD; EFRAG_ESRS_SET1; EFRAG_ESRS_IG; GRI_STANDARDS; GRI_DOWNLOAD; OECD_ANTI_BRIBERY,lower_is_better_metric,"Wert = gemessene Belastung, Risiko- oder Intensitätskennzahl je funktionaler Einheit; niedriger ist besser.","AutoScore = ScoreByThreshold(Messwert, Schwellen='0:+3; ≤0,2:+2; ≤0,5:0; ≤1:‑2; >1:‑3', Polarity='lower_is_better', Archetype='near_zero_better'). BenchmarkScore = ScoreByBenchmark(Messwert, BM, BM_150pct, BM_250pct). FinalScore = MIN(AutoScore, BenchmarkScore, RedLineScore). Tax_Rate = WUStG-Mapping(FinalScore).","0:+3; ≤0,2:+2; ≤0,5:0; ≤1:‑2; >1:‑3",0.5,0.75,1.25,Ja,hoch: externe Prüfung / reasonable assurance für kritische Risiken,Quelle + Einheit + Systemgrenze + Zeitraum + Prüfnachweis; bei Datenlücke konservative Default-/Proxylogik markieren,public_research: operationalisierbar; empirische Benchmark-Kalibrierung erforderlich,public research; not official; formula-ready; benchmark calibration required; red line; source mapped; exact disclosure missing
WOK-G-162,G / Governance,Planet,Ressourcen & Kreislauf,SDG 12 – Konsum/Produktion,12.4,Chemikaliensicherheit,Chemikaliensicherheit – Whistleblowing,Wirksamkeits‑Score,0–1,higher_is_better,higher_is_better_abs,threshold_numeric_and_benchmark,UN_SDG_GOALS; UN_SDG_INDICATORS; UN_SDG_METADATA; EUROSTAT_NACE; EC_CSRD; EFRAG_ESRS_SET1; EFRAG_ESRS_IG; GRI_STANDARDS; GRI_DOWNLOAD; OECD_ANTI_BRIBERY,index_0_1,"Wert = gewichteter Kriterienindex von 0 bis 1; Kriterien, Gewichtung und Nachweis je WÖk-ID offenlegen.","AutoScore = ScoreByThreshold(Messwert, Schwellen='≥0,9:+3; 0,75–0,89:+2; 0,6–0,74:0; 0,4–0,59:‑2; <0,4:‑3', Polarity='higher_is_better', Archetype='higher_is_better_abs'). BenchmarkScore = ScoreByBenchmark(Messwert, BM, BM_150pct, BM_250pct). FinalScore = MIN(AutoScore, BenchmarkScore, RedLineScore). Tax_Rate = WUStG-Mapping(FinalScore).","≥0,9:+3; 0,75–0,89:+2; 0,6–0,74:0; 0,4–0,59:‑2; <0,4:‑3",0.6699999999999999,1.0,1.0,Ja,hoch: externe Prüfung / reasonable assurance für kritische Risiken,Quelle + Einheit + Systemgrenze + Zeitraum + Prüfnachweis; bei Datenlücke konservative Default-/Proxylogik markieren,public_research: operationalisierbar; empirische Benchmark-Kalibrierung erforderlich,public research; not official; formula-ready; benchmark calibration required; red line; source mapped; exact disclosure missing
WOK-G-163,G / Governance,Planet,Ressourcen & Kreislauf,SDG 12 – Konsum/Produktion,12.4,Chemikaliensicherheit,Chemikaliensicherheit – Steuertransparenz,CbCR‑Offenlegung,0–1,higher_is_better,higher_is_better_abs,qualitative_ordinal,UN_SDG_GOALS; UN_SDG_INDICATORS; UN_SDG_METADATA; EUROSTAT_NACE; EC_CSRD; EFRAG_ESRS_SET1; EFRAG_ESRS_IG; GRI_STANDARDS; GRI_DOWNLOAD; OECD_ANTI_BRIBERY,index_0_1,"Wert = gewichteter Kriterienindex von 0 bis 1; Kriterien, Gewichtung und Nachweis je WÖk-ID offenlegen.","AutoScore = ScoreByThreshold(Messwert, Schwellen='vollständig:+3; teilweise:+2; minimal:0; schlecht:‑2', Polarity='higher_is_better', Archetype='higher_is_better_abs'). BenchmarkScore = ScoreByBenchmark(Messwert, BM, BM_150pct, BM_250pct). FinalScore = MIN(AutoScore, BenchmarkScore, RedLineScore). Tax_Rate = WUStG-Mapping(FinalScore).",vollständig:+3; teilweise:+2; minimal:0; schlecht:‑2,0.5,0.75,0.9,Ja,hoch: externe Prüfung / reasonable assurance für kritische Risiken,Quelle + Einheit + Systemgrenze + Zeitraum + Prüfnachweis; bei Datenlücke konservative Default-/Proxylogik markieren,public_research: operationalisierbar; empirische Benchmark-Kalibrierung erforderlich,public research; not official; formula-ready; qualitative review required; red line; source mapped; exact disclosure missing
WOK-E-173,E / Umwelt,Planet,Wasser,SDG 12 – Konsum/Produktion,12.2,Wasserintensität Produkte,Wasserintensität Produkte – Entnahme (WSI),Wasserentnahme × Wasserstressindex,m³*WSI,lower_is_better,lower_is_better_abs,benchmark_relative_calibration_required,UN_SDG_GOALS; UN_SDG_INDICATORS; UN_SDG_METADATA; EUROSTAT_NACE; EC_CSRD; EFRAG_ESRS_SET1; EFRAG_ESRS_IG; ISO_14046; WRI_AQUEDUCT,index_0_1,"Wert = gewichteter Kriterienindex von 0 bis 1; Kriterien, Gewichtung und Nachweis je WÖk-ID offenlegen.","AutoScore = ScoreByThreshold(Messwert, Schwellen='Top‑10%:+3; Mittel:0; >150%:‑2; >250%:‑3', Polarity='lower_is_better', Archetype='lower_is_better_abs'). BenchmarkScore = ScoreByBenchmark(Messwert, BM, BM_150pct, BM_250pct). FinalScore = MIN(AutoScore, BenchmarkScore, RedLineScore). Tax_Rate = WUStG-Mapping(FinalScore).",Top‑10%:+3; Mittel:0; >150%:‑2; >250%:‑3,1.0,1.5,2.5,Nein,"mittel: limited assurance, später reasonable assurance je Relevanz",Quelle + Einheit + Systemgrenze + Zeitraum + Prüfnachweis; bei Datenlücke konservative Default-/Proxylogik markieren,public_research: operationalisierbar; empirische Benchmark-Kalibrierung erforderlich,public research; not official; formula-ready; benchmark calibration required; source mapped; exact disclosure missing
WOK-E-174,E / Umwelt,Planet,Wasser,SDG 12 – Konsum/Produktion,12.2,Wasserintensität Produkte,Wasserintensität Produkte – Reuse,Anteil wiederverwendetes Prozesswasser,%,higher_is_better,higher_is_better_pct,threshold_numeric_and_benchmark,UN_SDG_GOALS; UN_SDG_INDICATORS; UN_SDG_METADATA; EUROSTAT_NACE; EC_CSRD; EFRAG_ESRS_SET1; EFRAG_ESRS_IG; ISO_14046; WRI_AQUEDUCT,share_percent,Zähler: erfüllte / abgedeckte Fälle; Nenner: relevante Grundgesamtheit; Wert = Zähler / Nenner * 100.,"AutoScore = ScoreByThreshold(Messwert, Schwellen='≥90%:+3; 70–89%:+2; 50–69%:0; 30–49%:‑2; <30%:‑3', Polarity='higher_is_better', Archetype='higher_is_better_pct'). BenchmarkScore = ScoreByBenchmark(Messwert, BM, BM_150pct, BM_250pct). FinalScore = MIN(AutoScore, BenchmarkScore, RedLineScore). Tax_Rate = WUStG-Mapping(FinalScore).",≥90%:+3; 70–89%:+2; 50–69%:0; 30–49%:‑2; <30%:‑3,50.0,75.0,100.0,Nein,"mittel: limited assurance, später reasonable assurance je Relevanz",Quelle + Einheit + Systemgrenze + Zeitraum + Prüfnachweis; bei Datenlücke konservative Default-/Proxylogik markieren,public_research: strukturell vollständig; wissenschaftliche Validierung empfohlen,public research; not official; formula-ready; benchmark calibration required; source mapped; exact disclosure missing
WOK-E-175,E / Umwelt,Planet,Wasser,SDG 12 – Konsum/Produktion,12.2,Wasserintensität Produkte,Wasserintensität Produkte – Abwasserqualität,Proben > Grenzwert,%,lower_is_better,reg_limit,threshold_numeric_and_benchmark,UN_SDG_GOALS; UN_SDG_INDICATORS; UN_SDG_METADATA; EUROSTAT_NACE; EC_CSRD; EFRAG_ESRS_SET1; EFRAG_ESRS_IG; ISO_14046; WRI_AQUEDUCT,share_percent,Zähler: erfüllte / abgedeckte Fälle; Nenner: relevante Grundgesamtheit; Wert = Zähler / Nenner * 100.,"AutoScore = ScoreByThreshold(Messwert, Schwellen='≤50% Grenzwert:+3; ≤75%:+2; ≤100%:0; 101–120%:‑2; >120%:‑3', Polarity='lower_is_better', Archetype='reg_limit'). BenchmarkScore = ScoreByBenchmark(Messwert, BM, BM_150pct, BM_250pct). FinalScore = MIN(AutoScore, BenchmarkScore, RedLineScore). Tax_Rate = WUStG-Mapping(FinalScore).",≤50% Grenzwert:+3; ≤75%:+2; ≤100%:0; 101–120%:‑2; >120%:‑3,1.0,1.2,1.5,Nein,"mittel: limited assurance, später reasonable assurance je Relevanz",Quelle + Einheit + Systemgrenze + Zeitraum + Prüfnachweis; bei Datenlücke konservative Default-/Proxylogik markieren,public_research: strukturell vollständig; wissenschaftliche Validierung empfohlen,public research; not official; formula-ready; benchmark calibration required; source mapped; exact disclosure missing
WOK-E-176,E / Umwelt,Planet,Ressourcen & Kreislauf,SDG 12 – Konsum/Produktion,12.2,Energieintensität Produkte,Energieintensität Produkte – EE‑Anteil,Anteil erneuerbarer Energien am Strombezug,%,higher_is_better,higher_is_better_pct,threshold_numeric_and_benchmark,UN_SDG_GOALS; UN_SDG_INDICATORS; UN_SDG_METADATA; EUROSTAT_NACE; EC_CSRD; EFRAG_ESRS_SET1; EFRAG_ESRS_IG; GHG_PROTOCOL_SCOPE3; GHG_PROTOCOL_PRODUCT; ISO_50001; ISO_IEC_30134; EU_EPBD,share_percent,Zähler: erfüllte / abgedeckte Fälle; Nenner: relevante Grundgesamtheit; Wert = Zähler / Nenner * 100.,"AutoScore = ScoreByThreshold(Messwert, Schwellen='≥90%:+3; 70–89%:+2; 50–69%:0; 30–49%:‑2; <30%:‑3', Polarity='higher_is_better', Archetype='higher_is_better_pct'). BenchmarkScore = ScoreByBenchmark(Messwert, BM, BM_150pct, BM_250pct). FinalScore = MIN(AutoScore, BenchmarkScore, RedLineScore). Tax_Rate = WUStG-Mapping(FinalScore).",≥90%:+3; 70–89%:+2; 50–69%:0; 30–49%:‑2; <30%:‑3,50.0,75.0,100.0,Nein,"mittel: limited assurance, später reasonable assurance je Relevanz",Quelle + Einheit + Systemgrenze + Zeitraum + Prüfnachweis; bei Datenlücke konservative Default-/Proxylogik markieren,public_research: strukturell vollständig; wissenschaftliche Validierung empfohlen,public research; not official; formula-ready; benchmark calibration required; source mapped; exact disclosure missing
WOK-E-177,E / Umwelt,Planet,Ressourcen & Kreislauf,SDG 12 – Konsum/Produktion,12.2,Energieintensität Produkte,Energieintensität Produkte – Intensität,Energie je Output/Umsatz,kWh/€ Mio bzw. kWh/t,lower_is_better,lower_is_better_abs,benchmark_relative_calibration_required,UN_SDG_GOALS; UN_SDG_INDICATORS; UN_SDG_METADATA; EUROSTAT_NACE; EC_CSRD; EFRAG_ESRS_SET1; EFRAG_ESRS_IG; GHG_PROTOCOL_SCOPE3; GHG_PROTOCOL_PRODUCT; ISO_50001; ISO_IEC_30134; EU_EPBD,lower_is_better_metric,"Wert = gemessene Belastung, Risiko- oder Intensitätskennzahl je funktionaler Einheit; niedriger ist besser.","AutoScore = ScoreByThreshold(Messwert, Schwellen='Top‑10%:+3; Mittel:0; >150%:‑2; >250%:‑3', Polarity='lower_is_better', Archetype='lower_is_better_abs'). BenchmarkScore = ScoreByBenchmark(Messwert, BM, BM_150pct, BM_250pct). FinalScore = MIN(AutoScore, BenchmarkScore, RedLineScore). Tax_Rate = WUStG-Mapping(FinalScore).",Top‑10%:+3; Mittel:0; >150%:‑2; >250%:‑3,1.0,1.5,2.5,Nein,"mittel: limited assurance, später reasonable assurance je Relevanz",Quelle + Einheit + Systemgrenze + Zeitraum + Prüfnachweis; bei Datenlücke konservative Default-/Proxylogik markieren,public_research: operationalisierbar; empirische Benchmark-Kalibrierung erforderlich,public research; not official; formula-ready; benchmark calibration required; source mapped; exact disclosure missing
WOK-E-178,E / Umwelt,Planet,Ressourcen & Kreislauf,SDG 12 – Konsum/Produktion,12.2,Energieintensität Produkte,Energieintensität Produkte – Effizienz (PUE)*,Effizienz Rechenzentrum/IT‑Betrieb (falls zutreffend),PUE,lower_is_better,pue,threshold_numeric_and_benchmark,UN_SDG_GOALS; UN_SDG_INDICATORS; UN_SDG_METADATA; EUROSTAT_NACE; EC_CSRD; EFRAG_ESRS_SET1; EFRAG_ESRS_IG; ISO_14067; GHG_PROTOCOL_PRODUCT; ISO_50001; ISO_IEC_30134; ISO_IEC_27701; EU_EPBD,pue,PUE = Gesamtenergie Rechenzentrum / IT-Energie; Klimazone und Messzeitraum offenlegen.,"AutoScore = ScoreByThreshold(Messwert, Schwellen='≤1,2:+3; 1,21–1,4:+2; 1,41–1,6:0; 1,61–1,8:‑2; >1,8:‑3', Polarity='lower_is_better', Archetype='pue'). BenchmarkScore = ScoreByBenchmark(Messwert, BM, BM_150pct, BM_250pct). FinalScore = MIN(AutoScore, BenchmarkScore, RedLineScore). Tax_Rate = WUStG-Mapping(FinalScore).","≤1,2:+3; 1,21–1,4:+2; 1,41–1,6:0; 1,61–1,8:‑2; >1,8:‑3",1.505,2.2575,3.7625,Nein,"mittel: limited assurance, später reasonable assurance je Relevanz",Quelle + Einheit + Systemgrenze + Zeitraum + Prüfnachweis; bei Datenlücke konservative Default-/Proxylogik markieren,public_research: operationalisierbar; empirische Benchmark-Kalibrierung erforderlich,public research; not official; formula-ready; benchmark calibration required; source mapped; exact disclosure missing
WOK-SYS-134,SYS / System,Planet,Ressourcen & Kreislauf,SDG 12 – Konsum/Produktion,12.8,Konsumententransparenz,Konsumententransparenz – Index,umsatzgewichteter Index (z. B. Demokratie/Rule of Law),0–1,higher_is_better,higher_is_better_abs,threshold_numeric_and_benchmark,UN_SDG_GOALS; UN_SDG_INDICATORS; UN_SDG_METADATA; EUROSTAT_NACE; WJP_RULE_OF_LAW; VDEM; SOCIAL_VALUE_SROI,index_0_1,"Wert = gewichteter Kriterienindex von 0 bis 1; Kriterien, Gewichtung und Nachweis je WÖk-ID offenlegen.","AutoScore = ScoreByThreshold(Messwert, Schwellen='≥0,8:+3; 0,7–0,79:+2; 0,6–0,69:0; 0,5–0,59:‑2; <0,5:‑3', Polarity='higher_is_better', Archetype='higher_is_better_abs'). BenchmarkScore = ScoreByBenchmark(Messwert, BM, BM_150pct, BM_250pct). FinalScore = MIN(AutoScore, BenchmarkScore, RedLineScore). Tax_Rate = WUStG-Mapping(FinalScore).","≥0,8:+3; 0,7–0,79:+2; 0,6–0,69:0; 0,5–0,59:‑2; <0,5:‑3",0.645,0.9675,1.0,Nein,mittel: fachliche Plausibilisierung und Quellenprüfung,Quelle + Einheit + Systemgrenze + Zeitraum + Prüfnachweis; bei Datenlücke konservative Default-/Proxylogik markieren,public_research: operationalisierbar; empirische Benchmark-Kalibrierung erforderlich,public research; not official; formula-ready; benchmark calibration required; source mapped; exact disclosure missing
WOK-SYS-135,SYS / System,Planet,Ressourcen & Kreislauf,SDG 12 – Konsum/Produktion,12.8,Konsumententransparenz,Konsumententransparenz – Exposure,Umsatz in Hochrisikoländern,%,lower_is_better,lower_is_better_abs,threshold_numeric_and_benchmark,UN_SDG_GOALS; UN_SDG_INDICATORS; UN_SDG_METADATA; EUROSTAT_NACE; WJP_RULE_OF_LAW; VDEM; SOCIAL_VALUE_SROI,share_percent,Zähler: erfüllte / abgedeckte Fälle; Nenner: relevante Grundgesamtheit; Wert = Zähler / Nenner * 100.,"AutoScore = ScoreByThreshold(Messwert, Schwellen='≤5:+3; 6–10:+2; 11–20:0; 21–30:‑2; >30:‑3', Polarity='lower_is_better', Archetype='lower_is_better_abs'). BenchmarkScore = ScoreByBenchmark(Messwert, BM, BM_150pct, BM_250pct). FinalScore = MIN(AutoScore, BenchmarkScore, RedLineScore). Tax_Rate = WUStG-Mapping(FinalScore).",≤5:+3; 6–10:+2; 11–20:0; 21–30:‑2; >30:‑3,15.5,23.25,38.75,Nein,mittel: fachliche Plausibilisierung und Quellenprüfung,Quelle + Einheit + Systemgrenze + Zeitraum + Prüfnachweis; bei Datenlücke konservative Default-/Proxylogik markieren,public_research: operationalisierbar; empirische Benchmark-Kalibrierung erforderlich,public research; not official; formula-ready; benchmark calibration required; source mapped; exact disclosure missing
WOK-SYS-136,SYS / System,Planet,Ressourcen & Kreislauf,SDG 12 – Konsum/Produktion,12.8,Konsumententransparenz,Konsumententransparenz – Kooperationen,"aktive, evaluierte Partnerschaften/Jahr",#/Jahr,higher_is_better,higher_is_better_abs,threshold_numeric_and_benchmark,UN_SDG_GOALS; UN_SDG_INDICATORS; UN_SDG_METADATA; EUROSTAT_NACE; WJP_RULE_OF_LAW; VDEM; SOCIAL_VALUE_SROI,indicator_specific,"Wert gemäß definierter Messgröße; Zähler, Nenner, Einheit, Systemgrenze und Zeitraum je WÖk-ID dokumentieren.","AutoScore = ScoreByThreshold(Messwert, Schwellen='≥5:+3; 3–4:+2; 1–2:0; 0:‑2', Polarity='higher_is_better', Archetype='higher_is_better_abs'). BenchmarkScore = ScoreByBenchmark(Messwert, BM, BM_150pct, BM_250pct). FinalScore = MIN(AutoScore, BenchmarkScore, RedLineScore). Tax_Rate = WUStG-Mapping(FinalScore).",≥5:+3; 3–4:+2; 1–2:0; 0:‑2,1.5,2.25,3.75,Nein,mittel: fachliche Plausibilisierung und Quellenprüfung,Quelle + Einheit + Systemgrenze + Zeitraum + Prüfnachweis; bei Datenlücke konservative Default-/Proxylogik markieren,public_research: operationalisierbar; empirische Benchmark-Kalibrierung erforderlich,public research; not official; formula-ready; benchmark calibration required; source mapped; exact disclosure missing
WOK-POL-104,POL / Politik/Regulatorik,Planet,Ressourcen & Kreislauf,SDG 12 – Konsum/Produktion,12.6,Taxonomie‑Konformität,Taxonomie‑Konformität – Spezifische Emissionen,CO₂e je kWh (LCA),g CO₂e/kWh,lower_is_better,lower_is_better_abs,threshold_numeric_and_benchmark,UN_SDG_GOALS; UN_SDG_INDICATORS; UN_SDG_METADATA; EUROSTAT_NACE; EC_CSRD; EFRAG_ESRS_SET1; EFRAG_ESRS_IG; EU_TAXONOMY; GHG_PROTOCOL_SCOPE3; GHG_PROTOCOL_PRODUCT; ISO_14064,share_percent,Zähler: erfüllte / abgedeckte Fälle; Nenner: relevante Grundgesamtheit; Wert = Zähler / Nenner * 100.,"AutoScore = ScoreByThreshold(Messwert, Schwellen='≤100:+3; 101–250:0; >250:‑2', Polarity='lower_is_better', Archetype='lower_is_better_abs'). BenchmarkScore = ScoreByBenchmark(Messwert, BM, BM_150pct, BM_250pct). FinalScore = MIN(AutoScore, BenchmarkScore, RedLineScore). Tax_Rate = WUStG-Mapping(FinalScore).",≤100:+3; 101–250:0; >250:‑2,175.5,263.25,438.75,Nein,"mittel: limited assurance, später reasonable assurance je Relevanz",Quelle + Einheit + Systemgrenze + Zeitraum + Prüfnachweis; bei Datenlücke konservative Default-/Proxylogik markieren,public_research: operationalisierbar; empirische Benchmark-Kalibrierung erforderlich,public research; not official; formula-ready; benchmark calibration required; source mapped; exact disclosure missing
WOK-POL-105,POL / Politik/Regulatorik,Planet,Ressourcen & Kreislauf,SDG 12 – Konsum/Produktion,12.6,Taxonomie‑Konformität,Taxonomie‑Konformität – DNSH‑Konformität,‚Do No Significant Harm‘ erfüllt,% Aktivitäten,higher_is_better,higher_is_better_pct,threshold_numeric_and_benchmark,UN_SDG_GOALS; UN_SDG_INDICATORS; UN_SDG_METADATA; EUROSTAT_NACE; EU_TAXONOMY,share_percent,Zähler: erfüllte / abgedeckte Fälle; Nenner: relevante Grundgesamtheit; Wert = Zähler / Nenner * 100.,"AutoScore = ScoreByThreshold(Messwert, Schwellen='≥90%:+3; 70–89%:+2; 50–69%:0; 30–49%:‑2; <30%:‑3', Polarity='higher_is_better', Archetype='higher_is_better_pct'). BenchmarkScore = ScoreByBenchmark(Messwert, BM, BM_150pct, BM_250pct). FinalScore = MIN(AutoScore, BenchmarkScore, RedLineScore). Tax_Rate = WUStG-Mapping(FinalScore).",≥90%:+3; 70–89%:+2; 50–69%:0; 30–49%:‑2; <30%:‑3,50.0,75.0,100.0,Nein,"mittel: limited assurance, später reasonable assurance je Relevanz",Quelle + Einheit + Systemgrenze + Zeitraum + Prüfnachweis; bei Datenlücke konservative Default-/Proxylogik markieren,public_research: strukturell vollständig; wissenschaftliche Validierung empfohlen,public research; not official; formula-ready; benchmark calibration required; source mapped; exact disclosure missing
WOK-POL-106,POL / Politik/Regulatorik,Planet,Ressourcen & Kreislauf,SDG 12 – Konsum/Produktion,12.6,Taxonomie‑Konformität,Taxonomie‑Konformität – TSC‑Schwellen,Anteil unter technischen TSC‑Grenzen,% Aktivitäten,higher_is_better,higher_is_better_pct,threshold_numeric_and_benchmark,UN_SDG_GOALS; UN_SDG_INDICATORS; UN_SDG_METADATA; EUROSTAT_NACE; EU_TAXONOMY,share_percent,Zähler: erfüllte / abgedeckte Fälle; Nenner: relevante Grundgesamtheit; Wert = Zähler / Nenner * 100.,"AutoScore = ScoreByThreshold(Messwert, Schwellen='≥90%:+3; 70–89%:+2; 50–69%:0; 30–49%:‑2; <30%:‑3', Polarity='higher_is_better', Archetype='higher_is_better_pct'). BenchmarkScore = ScoreByBenchmark(Messwert, BM, BM_150pct, BM_250pct). FinalScore = MIN(AutoScore, BenchmarkScore, RedLineScore). Tax_Rate = WUStG-Mapping(FinalScore).",≥90%:+3; 70–89%:+2; 50–69%:0; 30–49%:‑2; <30%:‑3,50.0,75.0,100.0,Nein,"mittel: limited assurance, später reasonable assurance je Relevanz",Quelle + Einheit + Systemgrenze + Zeitraum + Prüfnachweis; bei Datenlücke konservative Default-/Proxylogik markieren,public_research: strukturell vollständig; wissenschaftliche Validierung empfohlen,public research; not official; formula-ready; benchmark calibration required; source mapped; exact disclosure missing
WOK-E-179,E / Umwelt,Planet,Klima,SDG 13 – Klima,13.2,THG‑Emissionen Scope 1/2/Intensität,THG‑Emissionen Scope 1/2/Intensität – Scope 1,Direkte Emissionen aus eigenen Quellen,t CO₂e/Jahr,lower_is_better,lower_is_better_abs,benchmark_relative_calibration_required,UN_SDG_GOALS; UN_SDG_INDICATORS; UN_SDG_METADATA; EUROSTAT_NACE; EC_CSRD; EFRAG_ESRS_SET1; EFRAG_ESRS_IG; GHG_PROTOCOL_SCOPE3; GHG_PROTOCOL_PRODUCT; ISO_14064,emission_intensity,"Wert = THG-Emissionen in CO₂e je funktionaler Einheit, Produktmenge, Umsatz oder Aktivität; Systemgrenze offenlegen.","AutoScore = ScoreByThreshold(Messwert, Schwellen='SBTi 1,5°C:+3; <2°C:+2; Branchenmittel:0; >150%:‑2; >250%:‑3', Polarity='lower_is_better', Archetype='lower_is_better_abs'). BenchmarkScore = ScoreByBenchmark(Messwert, BM, BM_150pct, BM_250pct). FinalScore = MIN(AutoScore, BenchmarkScore, RedLineScore). Tax_Rate = WUStG-Mapping(FinalScore).","SBTi 1,5°C:+3; <2°C:+2; Branchenmittel:0; >150%:‑2; >250%:‑3",1.0,1.5,2.5,Nein,"mittel: limited assurance, später reasonable assurance je Relevanz",Quelle + Einheit + Systemgrenze + Zeitraum + Prüfnachweis; bei Datenlücke konservative Default-/Proxylogik markieren,public_research: operationalisierbar; empirische Benchmark-Kalibrierung erforderlich,public research; not official; formula-ready; benchmark calibration required; source mapped; exact disclosure missing
WOK-E-180,E / Umwelt,Planet,Klima,SDG 13 – Klima,13.2,THG‑Emissionen Scope 1/2/Intensität,THG‑Emissionen Scope 1/2/Intensität – Scope 2,Indirekte Emissionen (eingekaufter Strom/Wärme),t CO₂e/Jahr,lower_is_better,lower_is_better_abs,benchmark_relative_calibration_required,UN_SDG_GOALS; UN_SDG_INDICATORS; UN_SDG_METADATA; EUROSTAT_NACE; EC_CSRD; EFRAG_ESRS_SET1; EFRAG_ESRS_IG; GHG_PROTOCOL_SCOPE3; GHG_PROTOCOL_PRODUCT; ISO_14064,emission_intensity,"Wert = THG-Emissionen in CO₂e je funktionaler Einheit, Produktmenge, Umsatz oder Aktivität; Systemgrenze offenlegen.","AutoScore = ScoreByThreshold(Messwert, Schwellen='SBTi 1,5°C:+3; <2°C:+2; Branchenmittel:0; >150%:‑2; >250%:‑3', Polarity='lower_is_better', Archetype='lower_is_better_abs'). BenchmarkScore = ScoreByBenchmark(Messwert, BM, BM_150pct, BM_250pct). FinalScore = MIN(AutoScore, BenchmarkScore, RedLineScore). Tax_Rate = WUStG-Mapping(FinalScore).","SBTi 1,5°C:+3; <2°C:+2; Branchenmittel:0; >150%:‑2; >250%:‑3",1.0,1.5,2.5,Nein,"mittel: limited assurance, später reasonable assurance je Relevanz",Quelle + Einheit + Systemgrenze + Zeitraum + Prüfnachweis; bei Datenlücke konservative Default-/Proxylogik markieren,public_research: operationalisierbar; empirische Benchmark-Kalibrierung erforderlich,public research; not official; formula-ready; benchmark calibration required; source mapped; exact disclosure missing
WOK-E-181,E / Umwelt,Planet,Klima,SDG 13 – Klima,13.2,THG‑Emissionen Scope 1/2/Intensität,THG‑Emissionen Scope 1/2/Intensität – Intensität,Emissionen je Output/Umsatz,t CO₂e/€ Mio bzw. t,lower_is_better,lower_is_better_abs,benchmark_relative_calibration_required,UN_SDG_GOALS; UN_SDG_INDICATORS; UN_SDG_METADATA; EUROSTAT_NACE; EC_CSRD; EFRAG_ESRS_SET1; EFRAG_ESRS_IG; GHG_PROTOCOL_SCOPE3; GHG_PROTOCOL_PRODUCT; ISO_14064,emission_intensity,"Wert = THG-Emissionen in CO₂e je funktionaler Einheit, Produktmenge, Umsatz oder Aktivität; Systemgrenze offenlegen.","AutoScore = ScoreByThreshold(Messwert, Schwellen='Top‑10%:+3; Mittel:0; >150%:‑2; >250%:‑3', Polarity='lower_is_better', Archetype='lower_is_better_abs'). BenchmarkScore = ScoreByBenchmark(Messwert, BM, BM_150pct, BM_250pct). FinalScore = MIN(AutoScore, BenchmarkScore, RedLineScore). Tax_Rate = WUStG-Mapping(FinalScore).",Top‑10%:+3; Mittel:0; >150%:‑2; >250%:‑3,1.0,1.5,2.5,Nein,"mittel: limited assurance, später reasonable assurance je Relevanz",Quelle + Einheit + Systemgrenze + Zeitraum + Prüfnachweis; bei Datenlücke konservative Default-/Proxylogik markieren,public_research: operationalisierbar; empirische Benchmark-Kalibrierung erforderlich,public research; not official; formula-ready; benchmark calibration required; source mapped; exact disclosure missing
WOK-SC-128,SC / Lieferkette,Planet,Klima,SDG 13 – Klima,13.3,Scope‑3 Datenqualität,Scope‑3 Datenqualität – ESG‑Spend‑Coverage,Anteil verifizierter ESG‑Daten am Spend,%,higher_is_better,higher_is_better_pct,threshold_numeric_and_benchmark,UN_SDG_GOALS; UN_SDG_INDICATORS; UN_SDG_METADATA; EUROSTAT_NACE; EC_CSRD; EFRAG_ESRS_SET1; EFRAG_ESRS_IG; GRI_STANDARDS; GRI_DOWNLOAD; GHG_PROTOCOL_SCOPE3; GHG_PROTOCOL_PRODUCT; ISO_14064,share_percent,Zähler: erfüllte / abgedeckte Fälle; Nenner: relevante Grundgesamtheit; Wert = Zähler / Nenner * 100.,"AutoScore = ScoreByThreshold(Messwert, Schwellen='≥90:+3; 70–89:+2; 50–69:0; 30–49:‑2; <30:‑3', Polarity='higher_is_better', Archetype='higher_is_better_pct'). BenchmarkScore = ScoreByBenchmark(Messwert, BM, BM_150pct, BM_250pct). FinalScore = MIN(AutoScore, BenchmarkScore, RedLineScore). Tax_Rate = WUStG-Mapping(FinalScore).",≥90:+3; 70–89:+2; 50–69:0; 30–49:‑2; <30:‑3,59.5,89.25,100.0,Nein,"mittel: limited assurance, später reasonable assurance je Relevanz",Quelle + Einheit + Systemgrenze + Zeitraum + Prüfnachweis; bei Datenlücke konservative Default-/Proxylogik markieren,public_research: operationalisierbar; empirische Benchmark-Kalibrierung erforderlich,public research; not official; formula-ready; benchmark calibration required; source mapped; exact disclosure missing
WOK-SC-129,SC / Lieferkette,Planet,Klima,SDG 13 – Klima,13.3,Scope‑3 Datenqualität,Scope‑3 Datenqualität – Kinder/Zwangsarbeit,Audits ohne Verstöße,% Lieferanten,higher_is_better,higher_is_better_pct,threshold_numeric_and_benchmark,UN_SDG_GOALS; UN_SDG_INDICATORS; UN_SDG_METADATA; EUROSTAT_NACE; EC_CSRD; EFRAG_ESRS_SET1; EFRAG_ESRS_IG; GRI_STANDARDS; GRI_DOWNLOAD; GHG_PROTOCOL_SCOPE3; GHG_PROTOCOL_PRODUCT; ISO_14064,share_percent,Zähler: erfüllte / abgedeckte Fälle; Nenner: relevante Grundgesamtheit; Wert = Zähler / Nenner * 100.,"AutoScore = ScoreByThreshold(Messwert, Schwellen='≥98:+3; 90–97:+2; 75–89:0; 50–74:‑2; <50:‑3', Polarity='higher_is_better', Archetype='higher_is_better_pct'). BenchmarkScore = ScoreByBenchmark(Messwert, BM, BM_150pct, BM_250pct). FinalScore = MIN(AutoScore, BenchmarkScore, RedLineScore). Tax_Rate = WUStG-Mapping(FinalScore).",≥98:+3; 90–97:+2; 75–89:0; 50–74:‑2; <50:‑3,82.0,100.0,100.0,Ja,hoch: externe Prüfung / reasonable assurance für kritische Risiken,Quelle + Einheit + Systemgrenze + Zeitraum + Prüfnachweis; bei Datenlücke konservative Default-/Proxylogik markieren,public_research: operationalisierbar; empirische Benchmark-Kalibrierung erforderlich,public research; not official; formula-ready; benchmark calibration required; red line; source mapped; exact disclosure missing
WOK-SC-130,SC / Lieferkette,Planet,Klima,SDG 13 – Klima,13.3,Scope‑3 Datenqualität,Scope‑3 Datenqualität – Scope‑3 Daten,Primärdaten‑Abdeckung,% Kategorien,higher_is_better,higher_is_better_pct,threshold_numeric_and_benchmark,UN_SDG_GOALS; UN_SDG_INDICATORS; UN_SDG_METADATA; EUROSTAT_NACE; EC_CSRD; EFRAG_ESRS_SET1; EFRAG_ESRS_IG; GHG_PROTOCOL_SCOPE3; GHG_PROTOCOL_PRODUCT; ISO_14064,share_percent,Zähler: erfüllte / abgedeckte Fälle; Nenner: relevante Grundgesamtheit; Wert = Zähler / Nenner * 100.,"AutoScore = ScoreByThreshold(Messwert, Schwellen='≥80:+3; 60–79:+2; 40–59:0; 20–39:‑2; <20:‑3', Polarity='higher_is_better', Archetype='higher_is_better_pct'). BenchmarkScore = ScoreByBenchmark(Messwert, BM, BM_150pct, BM_250pct). FinalScore = MIN(AutoScore, BenchmarkScore, RedLineScore). Tax_Rate = WUStG-Mapping(FinalScore).",≥80:+3; 60–79:+2; 40–59:0; 20–39:‑2; <20:‑3,49.5,74.25,100.0,Nein,"mittel: limited assurance, später reasonable assurance je Relevanz",Quelle + Einheit + Systemgrenze + Zeitraum + Prüfnachweis; bei Datenlücke konservative Default-/Proxylogik markieren,public_research: operationalisierbar; empirische Benchmark-Kalibrierung erforderlich,public research; not official; formula-ready; benchmark calibration required; source mapped; exact disclosure missing
WOK-E-182,E / Umwelt,Planet,Klima,SDG 13 – Klima,13.2,Interne CO₂‑Bepreisung,Interne CO₂‑Bepreisung – Spezifische Emissionen,CO₂e je kWh (LCA),g CO₂e/kWh,lower_is_better,lower_is_better_abs,threshold_numeric_and_benchmark,UN_SDG_GOALS; UN_SDG_INDICATORS; UN_SDG_METADATA; EUROSTAT_NACE; EC_CSRD; EFRAG_ESRS_SET1; EFRAG_ESRS_IG; EU_TAXONOMY; GHG_PROTOCOL_SCOPE3; GHG_PROTOCOL_PRODUCT; ISO_14064,emission_intensity,"Wert = THG-Emissionen in CO₂e je funktionaler Einheit, Produktmenge, Umsatz oder Aktivität; Systemgrenze offenlegen.","AutoScore = ScoreByThreshold(Messwert, Schwellen='≤100:+3; 101–250:0; >250:‑2', Polarity='lower_is_better', Archetype='lower_is_better_abs'). BenchmarkScore = ScoreByBenchmark(Messwert, BM, BM_150pct, BM_250pct). FinalScore = MIN(AutoScore, BenchmarkScore, RedLineScore). Tax_Rate = WUStG-Mapping(FinalScore).",≤100:+3; 101–250:0; >250:‑2,175.5,263.25,438.75,Nein,"mittel: limited assurance, später reasonable assurance je Relevanz",Quelle + Einheit + Systemgrenze + Zeitraum + Prüfnachweis; bei Datenlücke konservative Default-/Proxylogik markieren,public_research: operationalisierbar; empirische Benchmark-Kalibrierung erforderlich,public research; not official; formula-ready; benchmark calibration required; source mapped; exact disclosure missing
WOK-E-183,E / Umwelt,Planet,Klima,SDG 13 – Klima,13.2,Interne CO₂‑Bepreisung,Interne CO₂‑Bepreisung – DNSH‑Konformität,‚Do No Significant Harm‘ erfüllt,% Aktivitäten,higher_is_better,higher_is_better_pct,threshold_numeric_and_benchmark,UN_SDG_GOALS; UN_SDG_INDICATORS; UN_SDG_METADATA; EUROSTAT_NACE; EU_TAXONOMY,share_percent,Zähler: erfüllte / abgedeckte Fälle; Nenner: relevante Grundgesamtheit; Wert = Zähler / Nenner * 100.,"AutoScore = ScoreByThreshold(Messwert, Schwellen='≥90%:+3; 70–89%:+2; 50–69%:0; 30–49%:‑2; <30%:‑3', Polarity='higher_is_better', Archetype='higher_is_better_pct'). BenchmarkScore = ScoreByBenchmark(Messwert, BM, BM_150pct, BM_250pct). FinalScore = MIN(AutoScore, BenchmarkScore, RedLineScore). Tax_Rate = WUStG-Mapping(FinalScore).",≥90%:+3; 70–89%:+2; 50–69%:0; 30–49%:‑2; <30%:‑3,50.0,75.0,100.0,Nein,"mittel: limited assurance, später reasonable assurance je Relevanz",Quelle + Einheit + Systemgrenze + Zeitraum + Prüfnachweis; bei Datenlücke konservative Default-/Proxylogik markieren,public_research: strukturell vollständig; wissenschaftliche Validierung empfohlen,public research; not official; formula-ready; benchmark calibration required; source mapped; exact disclosure missing
WOK-E-184,E / Umwelt,Planet,Klima,SDG 13 – Klima,13.2,Interne CO₂‑Bepreisung,Interne CO₂‑Bepreisung – TSC‑Schwellen,Anteil unter technischen TSC‑Grenzen,% Aktivitäten,higher_is_better,higher_is_better_pct,threshold_numeric_and_benchmark,UN_SDG_GOALS; UN_SDG_INDICATORS; UN_SDG_METADATA; EUROSTAT_NACE; EU_TAXONOMY,share_percent,Zähler: erfüllte / abgedeckte Fälle; Nenner: relevante Grundgesamtheit; Wert = Zähler / Nenner * 100.,"AutoScore = ScoreByThreshold(Messwert, Schwellen='≥90%:+3; 70–89%:+2; 50–69%:0; 30–49%:‑2; <30%:‑3', Polarity='higher_is_better', Archetype='higher_is_better_pct'). BenchmarkScore = ScoreByBenchmark(Messwert, BM, BM_150pct, BM_250pct). FinalScore = MIN(AutoScore, BenchmarkScore, RedLineScore). Tax_Rate = WUStG-Mapping(FinalScore).",≥90%:+3; 70–89%:+2; 50–69%:0; 30–49%:‑2; <30%:‑3,50.0,75.0,100.0,Nein,"mittel: limited assurance, später reasonable assurance je Relevanz",Quelle + Einheit + Systemgrenze + Zeitraum + Prüfnachweis; bei Datenlücke konservative Default-/Proxylogik markieren,public_research: strukturell vollständig; wissenschaftliche Validierung empfohlen,public research; not official; formula-ready; benchmark calibration required; source mapped; exact disclosure missing
WOK-E-185,E / Umwelt,Planet,Klima,SDG 13 – Klima,13.2,Erneuerbarer Strom,Erneuerbarer Strom – EE‑Anteil,Anteil erneuerbarer Energien am Strombezug,%,higher_is_better,higher_is_better_pct,threshold_numeric_and_benchmark,UN_SDG_GOALS; UN_SDG_INDICATORS; UN_SDG_METADATA; EUROSTAT_NACE; EC_CSRD; EFRAG_ESRS_SET1; EFRAG_ESRS_IG; GHG_PROTOCOL_SCOPE3; GHG_PROTOCOL_PRODUCT; ISO_50001; ISO_IEC_30134; EU_EPBD,share_percent,Zähler: erfüllte / abgedeckte Fälle; Nenner: relevante Grundgesamtheit; Wert = Zähler / Nenner * 100.,"AutoScore = ScoreByThreshold(Messwert, Schwellen='≥90%:+3; 70–89%:+2; 50–69%:0; 30–49%:‑2; <30%:‑3', Polarity='higher_is_better', Archetype='higher_is_better_pct'). BenchmarkScore = ScoreByBenchmark(Messwert, BM, BM_150pct, BM_250pct). FinalScore = MIN(AutoScore, BenchmarkScore, RedLineScore). Tax_Rate = WUStG-Mapping(FinalScore).",≥90%:+3; 70–89%:+2; 50–69%:0; 30–49%:‑2; <30%:‑3,50.0,75.0,100.0,Nein,"mittel: limited assurance, später reasonable assurance je Relevanz",Quelle + Einheit + Systemgrenze + Zeitraum + Prüfnachweis; bei Datenlücke konservative Default-/Proxylogik markieren,public_research: strukturell vollständig; wissenschaftliche Validierung empfohlen,public research; not official; formula-ready; benchmark calibration required; source mapped; exact disclosure missing
WOK-E-186,E / Umwelt,Planet,Klima,SDG 13 – Klima,13.2,Erneuerbarer Strom,Erneuerbarer Strom – Intensität,Energie je Output/Umsatz,kWh/€ Mio bzw. kWh/t,lower_is_better,lower_is_better_abs,benchmark_relative_calibration_required,UN_SDG_GOALS; UN_SDG_INDICATORS; UN_SDG_METADATA; EUROSTAT_NACE; EC_CSRD; EFRAG_ESRS_SET1; EFRAG_ESRS_IG; GHG_PROTOCOL_SCOPE3; GHG_PROTOCOL_PRODUCT; ISO_50001; ISO_IEC_30134; EU_EPBD,lower_is_better_metric,"Wert = gemessene Belastung, Risiko- oder Intensitätskennzahl je funktionaler Einheit; niedriger ist besser.","AutoScore = ScoreByThreshold(Messwert, Schwellen='Top‑10%:+3; Mittel:0; >150%:‑2; >250%:‑3', Polarity='lower_is_better', Archetype='lower_is_better_abs'). BenchmarkScore = ScoreByBenchmark(Messwert, BM, BM_150pct, BM_250pct). FinalScore = MIN(AutoScore, BenchmarkScore, RedLineScore). Tax_Rate = WUStG-Mapping(FinalScore).",Top‑10%:+3; Mittel:0; >150%:‑2; >250%:‑3,1.0,1.5,2.5,Nein,"mittel: limited assurance, später reasonable assurance je Relevanz",Quelle + Einheit + Systemgrenze + Zeitraum + Prüfnachweis; bei Datenlücke konservative Default-/Proxylogik markieren,public_research: operationalisierbar; empirische Benchmark-Kalibrierung erforderlich,public research; not official; formula-ready; benchmark calibration required; source mapped; exact disclosure missing
WOK-E-187,E / Umwelt,Planet,Klima,SDG 13 – Klima,13.2,Erneuerbarer Strom,Erneuerbarer Strom – Effizienz (PUE)*,Effizienz Rechenzentrum/IT‑Betrieb (falls zutreffend),PUE,lower_is_better,pue,threshold_numeric_and_benchmark,UN_SDG_GOALS; UN_SDG_INDICATORS; UN_SDG_METADATA; EUROSTAT_NACE; EC_CSRD; EFRAG_ESRS_SET1; EFRAG_ESRS_IG; ISO_14067; GHG_PROTOCOL_PRODUCT; ISO_50001; ISO_IEC_30134; ISO_IEC_27701; EU_EPBD,pue,PUE = Gesamtenergie Rechenzentrum / IT-Energie; Klimazone und Messzeitraum offenlegen.,"AutoScore = ScoreByThreshold(Messwert, Schwellen='≤1,2:+3; 1,21–1,4:+2; 1,41–1,6:0; 1,61–1,8:‑2; >1,8:‑3', Polarity='lower_is_better', Archetype='pue'). BenchmarkScore = ScoreByBenchmark(Messwert, BM, BM_150pct, BM_250pct). FinalScore = MIN(AutoScore, BenchmarkScore, RedLineScore). Tax_Rate = WUStG-Mapping(FinalScore).","≤1,2:+3; 1,21–1,4:+2; 1,41–1,6:0; 1,61–1,8:‑2; >1,8:‑3",1.505,2.2575,3.7625,Nein,"mittel: limited assurance, später reasonable assurance je Relevanz",Quelle + Einheit + Systemgrenze + Zeitraum + Prüfnachweis; bei Datenlücke konservative Default-/Proxylogik markieren,public_research: operationalisierbar; empirische Benchmark-Kalibrierung erforderlich,public research; not official; formula-ready; benchmark calibration required; source mapped; exact disclosure missing
WOK-P-125,P / Produkt,Planet,Klima,SDG 13 – Klima,13.2,Produktlebenszyklus CO₂,Produktlebenszyklus CO₂ – PCF,CO₂‑Fußabdruck pro Einheit,kg CO₂e/Einheit,lower_is_better,lower_is_better_abs,benchmark_relative_calibration_required,UN_SDG_GOALS; UN_SDG_INDICATORS; UN_SDG_METADATA; EUROSTAT_NACE; EC_CSRD; EFRAG_ESRS_SET1; EFRAG_ESRS_IG; GRI_STANDARDS; GRI_DOWNLOAD; ISO_14067; GHG_PROTOCOL_PRODUCT; EU_WEEE; GERMANY_VERPACKG; PEF_EU,emission_intensity,"Wert = THG-Emissionen in CO₂e je funktionaler Einheit, Produktmenge, Umsatz oder Aktivität; Systemgrenze offenlegen.","AutoScore = ScoreByThreshold(Messwert, Schwellen='Top‑10%:+3; ±Benchmark:0; >150%:‑2; >250%:‑3', Polarity='lower_is_better', Archetype='lower_is_better_abs'). BenchmarkScore = ScoreByBenchmark(Messwert, BM, BM_150pct, BM_250pct). FinalScore = MIN(AutoScore, BenchmarkScore, RedLineScore). Tax_Rate = WUStG-Mapping(FinalScore).",Top‑10%:+3; ±Benchmark:0; >150%:‑2; >250%:‑3,1.0,1.5,2.5,Nein,"mittel: limited assurance, später reasonable assurance je Relevanz",Quelle + Einheit + Systemgrenze + Zeitraum + Prüfnachweis; bei Datenlücke konservative Default-/Proxylogik markieren,public_research: operationalisierbar; empirische Benchmark-Kalibrierung erforderlich,public research; not official; formula-ready; benchmark calibration required; source mapped; exact disclosure missing
WOK-P-126,P / Produkt,Planet,Klima,SDG 13 – Klima,13.2,Produktlebenszyklus CO₂,Produktlebenszyklus CO₂ – Reparierbarkeit,Reparierbarkeitsindex,Score 0–10,higher_is_better,higher_is_better_score,threshold_numeric_and_benchmark,UN_SDG_GOALS; UN_SDG_INDICATORS; UN_SDG_METADATA; EUROSTAT_NACE; ISO_14067; GHG_PROTOCOL_PRODUCT; PEF_EU,index_0_1,"Wert = gewichteter Kriterienindex von 0 bis 1; Kriterien, Gewichtung und Nachweis je WÖk-ID offenlegen.","AutoScore = ScoreByThreshold(Messwert, Schwellen='≥8:+3; 6–7,9:+2; 4–5,9:0; 2–3,9:‑2; <2:‑3', Polarity='higher_is_better', Archetype='higher_is_better_score'). BenchmarkScore = ScoreByBenchmark(Messwert, BM, BM_150pct, BM_250pct). FinalScore = MIN(AutoScore, BenchmarkScore, RedLineScore). Tax_Rate = WUStG-Mapping(FinalScore).","≥8:+3; 6–7,9:+2; 4–5,9:0; 2–3,9:‑2; <2:‑3",4.95,1.0,1.0,Nein,"mittel: limited assurance, später reasonable assurance je Relevanz",Quelle + Einheit + Systemgrenze + Zeitraum + Prüfnachweis; bei Datenlücke konservative Default-/Proxylogik markieren,public_research: operationalisierbar; empirische Benchmark-Kalibrierung erforderlich,public research; not official; formula-ready; benchmark calibration required; source mapped; exact disclosure missing
WOK-P-127,P / Produkt,Planet,Klima,SDG 13 – Klima,13.2,Produktlebenszyklus CO₂,Produktlebenszyklus CO₂ – Rücknahme/Recycling,Rücknahme‑/Recyclingquote,%,higher_is_better,higher_is_better_pct,threshold_numeric_and_benchmark,UN_SDG_GOALS; UN_SDG_INDICATORS; UN_SDG_METADATA; EUROSTAT_NACE; EC_CSRD; EFRAG_ESRS_SET1; EFRAG_ESRS_IG; GRI_STANDARDS; GRI_DOWNLOAD; EU_WEEE; GERMANY_VERPACKG,share_percent,Zähler: erfüllte / abgedeckte Fälle; Nenner: relevante Grundgesamtheit; Wert = Zähler / Nenner * 100.,"AutoScore = ScoreByThreshold(Messwert, Schwellen='≥70:+3; 50–69:+2; 30–49:0; 15–29:‑2; <15:‑3', Polarity='higher_is_better', Archetype='higher_is_better_pct'). BenchmarkScore = ScoreByBenchmark(Messwert, BM, BM_150pct, BM_250pct). FinalScore = MIN(AutoScore, BenchmarkScore, RedLineScore). Tax_Rate = WUStG-Mapping(FinalScore).",≥70:+3; 50–69:+2; 30–49:0; 15–29:‑2; <15:‑3,39.5,59.25,98.75,Nein,"mittel: limited assurance, später reasonable assurance je Relevanz",Quelle + Einheit + Systemgrenze + Zeitraum + Prüfnachweis; bei Datenlücke konservative Default-/Proxylogik markieren,public_research: operationalisierbar; empirische Benchmark-Kalibrierung erforderlich,public research; not official; formula-ready; benchmark calibration required; source mapped; exact disclosure missing
WOK-G-164,G / Governance,Planet,Klima,SDG 13 – Klima,13.2,Klimagovernance/TCFD,Klimagovernance/TCFD – Antikorruption,Bestätigte Fälle/1.000 FTE,Fälle/1.000 FTE,lower_is_better,near_zero_better,threshold_numeric_and_benchmark,UN_SDG_GOALS; UN_SDG_INDICATORS; UN_SDG_METADATA; EUROSTAT_NACE; EC_CSRD; EFRAG_ESRS_SET1; EFRAG_ESRS_IG; GRI_STANDARDS; GRI_DOWNLOAD; OECD_ANTI_BRIBERY,lower_is_better_metric,"Wert = gemessene Belastung, Risiko- oder Intensitätskennzahl je funktionaler Einheit; niedriger ist besser.","AutoScore = ScoreByThreshold(Messwert, Schwellen='0:+3; ≤0,2:+2; ≤0,5:0; ≤1:‑2; >1:‑3', Polarity='lower_is_better', Archetype='near_zero_better'). BenchmarkScore = ScoreByBenchmark(Messwert, BM, BM_150pct, BM_250pct). FinalScore = MIN(AutoScore, BenchmarkScore, RedLineScore). Tax_Rate = WUStG-Mapping(FinalScore).","0:+3; ≤0,2:+2; ≤0,5:0; ≤1:‑2; >1:‑3",0.5,0.75,1.25,Ja,hoch: externe Prüfung / reasonable assurance für kritische Risiken,Quelle + Einheit + Systemgrenze + Zeitraum + Prüfnachweis; bei Datenlücke konservative Default-/Proxylogik markieren,public_research: operationalisierbar; empirische Benchmark-Kalibrierung erforderlich,public research; not official; formula-ready; benchmark calibration required; red line; source mapped; exact disclosure missing
WOK-G-165,G / Governance,Planet,Klima,SDG 13 – Klima,13.2,Klimagovernance/TCFD,Klimagovernance/TCFD – Whistleblowing,Wirksamkeits‑Score,0–1,higher_is_better,higher_is_better_abs,threshold_numeric_and_benchmark,UN_SDG_GOALS; UN_SDG_INDICATORS; UN_SDG_METADATA; EUROSTAT_NACE; EC_CSRD; EFRAG_ESRS_SET1; EFRAG_ESRS_IG; GRI_STANDARDS; GRI_DOWNLOAD; OECD_ANTI_BRIBERY,index_0_1,"Wert = gewichteter Kriterienindex von 0 bis 1; Kriterien, Gewichtung und Nachweis je WÖk-ID offenlegen.","AutoScore = ScoreByThreshold(Messwert, Schwellen='≥0,9:+3; 0,75–0,89:+2; 0,6–0,74:0; 0,4–0,59:‑2; <0,4:‑3', Polarity='higher_is_better', Archetype='higher_is_better_abs'). BenchmarkScore = ScoreByBenchmark(Messwert, BM, BM_150pct, BM_250pct). FinalScore = MIN(AutoScore, BenchmarkScore, RedLineScore). Tax_Rate = WUStG-Mapping(FinalScore).","≥0,9:+3; 0,75–0,89:+2; 0,6–0,74:0; 0,4–0,59:‑2; <0,4:‑3",0.6699999999999999,1.0,1.0,Ja,hoch: externe Prüfung / reasonable assurance für kritische Risiken,Quelle + Einheit + Systemgrenze + Zeitraum + Prüfnachweis; bei Datenlücke konservative Default-/Proxylogik markieren,public_research: operationalisierbar; empirische Benchmark-Kalibrierung erforderlich,public research; not official; formula-ready; benchmark calibration required; red line; source mapped; exact disclosure missing
WOK-G-166,G / Governance,Planet,Klima,SDG 13 – Klima,13.2,Klimagovernance/TCFD,Klimagovernance/TCFD – Steuertransparenz,CbCR‑Offenlegung,0–1,higher_is_better,higher_is_better_abs,qualitative_ordinal,UN_SDG_GOALS; UN_SDG_INDICATORS; UN_SDG_METADATA; EUROSTAT_NACE; EC_CSRD; EFRAG_ESRS_SET1; EFRAG_ESRS_IG; GRI_STANDARDS; GRI_DOWNLOAD; OECD_ANTI_BRIBERY,index_0_1,"Wert = gewichteter Kriterienindex von 0 bis 1; Kriterien, Gewichtung und Nachweis je WÖk-ID offenlegen.","AutoScore = ScoreByThreshold(Messwert, Schwellen='vollständig:+3; teilweise:+2; minimal:0; schlecht:‑2', Polarity='higher_is_better', Archetype='higher_is_better_abs'). BenchmarkScore = ScoreByBenchmark(Messwert, BM, BM_150pct, BM_250pct). FinalScore = MIN(AutoScore, BenchmarkScore, RedLineScore). Tax_Rate = WUStG-Mapping(FinalScore).",vollständig:+3; teilweise:+2; minimal:0; schlecht:‑2,0.5,0.75,0.9,Ja,hoch: externe Prüfung / reasonable assurance für kritische Risiken,Quelle + Einheit + Systemgrenze + Zeitraum + Prüfnachweis; bei Datenlücke konservative Default-/Proxylogik markieren,public_research: operationalisierbar; empirische Benchmark-Kalibrierung erforderlich,public research; not official; formula-ready; qualitative review required; red line; source mapped; exact disclosure missing
WOK-SYS-137,SYS / System,Planet,Klima,SDG 13 – Klima,13.3,Klimapartnerschaften,Klimapartnerschaften – Index,umsatzgewichteter Index (z. B. Demokratie/Rule of Law),0–1,higher_is_better,higher_is_better_abs,threshold_numeric_and_benchmark,UN_SDG_GOALS; UN_SDG_INDICATORS; UN_SDG_METADATA; EUROSTAT_NACE; WJP_RULE_OF_LAW; VDEM; SOCIAL_VALUE_SROI,index_0_1,"Wert = gewichteter Kriterienindex von 0 bis 1; Kriterien, Gewichtung und Nachweis je WÖk-ID offenlegen.","AutoScore = ScoreByThreshold(Messwert, Schwellen='≥0,8:+3; 0,7–0,79:+2; 0,6–0,69:0; 0,5–0,59:‑2; <0,5:‑3', Polarity='higher_is_better', Archetype='higher_is_better_abs'). BenchmarkScore = ScoreByBenchmark(Messwert, BM, BM_150pct, BM_250pct). FinalScore = MIN(AutoScore, BenchmarkScore, RedLineScore). Tax_Rate = WUStG-Mapping(FinalScore).","≥0,8:+3; 0,7–0,79:+2; 0,6–0,69:0; 0,5–0,59:‑2; <0,5:‑3",0.645,0.9675,1.0,Nein,mittel: fachliche Plausibilisierung und Quellenprüfung,Quelle + Einheit + Systemgrenze + Zeitraum + Prüfnachweis; bei Datenlücke konservative Default-/Proxylogik markieren,public_research: operationalisierbar; empirische Benchmark-Kalibrierung erforderlich,public research; not official; formula-ready; benchmark calibration required; source mapped; exact disclosure missing
WOK-SYS-138,SYS / System,Planet,Klima,SDG 13 – Klima,13.3,Klimapartnerschaften,Klimapartnerschaften – Exposure,Umsatz in Hochrisikoländern,%,lower_is_better,lower_is_better_abs,threshold_numeric_and_benchmark,UN_SDG_GOALS; UN_SDG_INDICATORS; UN_SDG_METADATA; EUROSTAT_NACE; WJP_RULE_OF_LAW; VDEM; SOCIAL_VALUE_SROI,share_percent,Zähler: erfüllte / abgedeckte Fälle; Nenner: relevante Grundgesamtheit; Wert = Zähler / Nenner * 100.,"AutoScore = ScoreByThreshold(Messwert, Schwellen='≤5:+3; 6–10:+2; 11–20:0; 21–30:‑2; >30:‑3', Polarity='lower_is_better', Archetype='lower_is_better_abs'). BenchmarkScore = ScoreByBenchmark(Messwert, BM, BM_150pct, BM_250pct). FinalScore = MIN(AutoScore, BenchmarkScore, RedLineScore). Tax_Rate = WUStG-Mapping(FinalScore).",≤5:+3; 6–10:+2; 11–20:0; 21–30:‑2; >30:‑3,15.5,23.25,38.75,Nein,mittel: fachliche Plausibilisierung und Quellenprüfung,Quelle + Einheit + Systemgrenze + Zeitraum + Prüfnachweis; bei Datenlücke konservative Default-/Proxylogik markieren,public_research: operationalisierbar; empirische Benchmark-Kalibrierung erforderlich,public research; not official; formula-ready; benchmark calibration required; source mapped; exact disclosure missing
WOK-SYS-139,SYS / System,Planet,Klima,SDG 13 – Klima,13.3,Klimapartnerschaften,Klimapartnerschaften – Kooperationen,"aktive, evaluierte Partnerschaften/Jahr",#/Jahr,higher_is_better,higher_is_better_abs,threshold_numeric_and_benchmark,UN_SDG_GOALS; UN_SDG_INDICATORS; UN_SDG_METADATA; EUROSTAT_NACE; WJP_RULE_OF_LAW; VDEM; SOCIAL_VALUE_SROI,indicator_specific,"Wert gemäß definierter Messgröße; Zähler, Nenner, Einheit, Systemgrenze und Zeitraum je WÖk-ID dokumentieren.","AutoScore = ScoreByThreshold(Messwert, Schwellen='≥5:+3; 3–4:+2; 1–2:0; 0:‑2', Polarity='higher_is_better', Archetype='higher_is_better_abs'). BenchmarkScore = ScoreByBenchmark(Messwert, BM, BM_150pct, BM_250pct). FinalScore = MIN(AutoScore, BenchmarkScore, RedLineScore). Tax_Rate = WUStG-Mapping(FinalScore).",≥5:+3; 3–4:+2; 1–2:0; 0:‑2,1.5,2.25,3.75,Nein,mittel: fachliche Plausibilisierung und Quellenprüfung,Quelle + Einheit + Systemgrenze + Zeitraum + Prüfnachweis; bei Datenlücke konservative Default-/Proxylogik markieren,public_research: operationalisierbar; empirische Benchmark-Kalibrierung erforderlich,public research; not official; formula-ready; benchmark calibration required; source mapped; exact disclosure missing
WOK-E-188,E / Umwelt,Planet,Klima,SDG 13 – Klima,13.1,Physisches Klimarisiko,Physisches Klimarisiko – Green R&D,Anteil F&E für grüne Technologien,% Umsatz,higher_is_better,higher_is_better_pct,threshold_numeric_and_benchmark,UN_SDG_GOALS; UN_SDG_INDICATORS; UN_SDG_METADATA; EUROSTAT_NACE; EC_CSRD; EFRAG_ESRS_SET1; EFRAG_ESRS_IG; GHG_PROTOCOL_SCOPE3; GHG_PROTOCOL_PRODUCT; OECD_FRASCATI; EPO_PATSTAT,share_percent,Zähler: erfüllte / abgedeckte Fälle; Nenner: relevante Grundgesamtheit; Wert = Zähler / Nenner * 100.,"AutoScore = ScoreByThreshold(Messwert, Schwellen='≥5:+3; 3–4,9:+2; 1–2,9:0; 0,5–0,9:‑2; <0,5:‑3', Polarity='higher_is_better', Archetype='higher_is_better_pct'). BenchmarkScore = ScoreByBenchmark(Messwert, BM, BM_150pct, BM_250pct). FinalScore = MIN(AutoScore, BenchmarkScore, RedLineScore). Tax_Rate = WUStG-Mapping(FinalScore).","≥5:+3; 3–4,9:+2; 1–2,9:0; 0,5–0,9:‑2; <0,5:‑3",1.95,2.925,4.875,Nein,mittel: fachliche Plausibilisierung und Quellenprüfung,Quelle + Einheit + Systemgrenze + Zeitraum + Prüfnachweis; bei Datenlücke konservative Default-/Proxylogik markieren,public_research: operationalisierbar; empirische Benchmark-Kalibrierung erforderlich,public research; not official; formula-ready; benchmark calibration required; source mapped; exact disclosure missing
WOK-E-189,E / Umwelt,Planet,Klima,SDG 13 – Klima,13.1,Physisches Klimarisiko,Physisches Klimarisiko – SDG‑Patente,Anteil SDG‑relevanter Patente,%,higher_is_better,higher_is_better_pct,threshold_numeric_and_benchmark,UN_SDG_GOALS; UN_SDG_INDICATORS; UN_SDG_METADATA; EUROSTAT_NACE; OECD_FRASCATI; EPO_PATSTAT,share_percent,Zähler: erfüllte / abgedeckte Fälle; Nenner: relevante Grundgesamtheit; Wert = Zähler / Nenner * 100.,"AutoScore = ScoreByThreshold(Messwert, Schwellen='≥40:+3; 25–39:+2; 10–24:0; 5–9:‑2; <5:‑3', Polarity='higher_is_better', Archetype='higher_is_better_pct'). BenchmarkScore = ScoreByBenchmark(Messwert, BM, BM_150pct, BM_250pct). FinalScore = MIN(AutoScore, BenchmarkScore, RedLineScore). Tax_Rate = WUStG-Mapping(FinalScore).",≥40:+3; 25–39:+2; 10–24:0; 5–9:‑2; <5:‑3,17.0,25.5,42.5,Nein,mittel: fachliche Plausibilisierung und Quellenprüfung,Quelle + Einheit + Systemgrenze + Zeitraum + Prüfnachweis; bei Datenlücke konservative Default-/Proxylogik markieren,public_research: operationalisierbar; empirische Benchmark-Kalibrierung erforderlich,public research; not official; formula-ready; benchmark calibration required; source mapped; exact disclosure missing
WOK-E-190,E / Umwelt,Planet,Klima,SDG 13 – Klima,13.1,Physisches Klimarisiko,Physisches Klimarisiko – Prozess‑Effizienz,Energie/Emission je Einheit,kWh/t bzw. t CO₂e/t,lower_is_better,lower_is_better_abs,benchmark_relative_calibration_required,UN_SDG_GOALS; UN_SDG_INDICATORS; UN_SDG_METADATA; EUROSTAT_NACE; EC_CSRD; EFRAG_ESRS_SET1; EFRAG_ESRS_IG; GHG_PROTOCOL_SCOPE3; GHG_PROTOCOL_PRODUCT; ISO_14064,emission_intensity,"Wert = THG-Emissionen in CO₂e je funktionaler Einheit, Produktmenge, Umsatz oder Aktivität; Systemgrenze offenlegen.","AutoScore = ScoreByThreshold(Messwert, Schwellen='Top‑10%:+3; Mittel:0; >150%:‑2; >250%:‑3', Polarity='lower_is_better', Archetype='lower_is_better_abs'). BenchmarkScore = ScoreByBenchmark(Messwert, BM, BM_150pct, BM_250pct). FinalScore = MIN(AutoScore, BenchmarkScore, RedLineScore). Tax_Rate = WUStG-Mapping(FinalScore).",Top‑10%:+3; Mittel:0; >150%:‑2; >250%:‑3,1.0,1.5,2.5,Nein,"mittel: limited assurance, später reasonable assurance je Relevanz",Quelle + Einheit + Systemgrenze + Zeitraum + Prüfnachweis; bei Datenlücke konservative Default-/Proxylogik markieren,public_research: operationalisierbar; empirische Benchmark-Kalibrierung erforderlich,public research; not official; formula-ready; benchmark calibration required; source mapped; exact disclosure missing
WOK-POL-107,POL / Politik/Regulatorik,Planet,Klima,SDG 13 – Klima,13.2,TSC‑Grenzen (Klima),TSC‑Grenzen (Klima) – Spezifische Emissionen,CO₂e je kWh (LCA),g CO₂e/kWh,lower_is_better,lower_is_better_abs,threshold_numeric_and_benchmark,UN_SDG_GOALS; UN_SDG_INDICATORS; UN_SDG_METADATA; EUROSTAT_NACE; EC_CSRD; EFRAG_ESRS_SET1; EFRAG_ESRS_IG; EU_TAXONOMY; GHG_PROTOCOL_SCOPE3; GHG_PROTOCOL_PRODUCT; ISO_14064,share_percent,Zähler: erfüllte / abgedeckte Fälle; Nenner: relevante Grundgesamtheit; Wert = Zähler / Nenner * 100.,"AutoScore = ScoreByThreshold(Messwert, Schwellen='≤100:+3; 101–250:0; >250:‑2', Polarity='lower_is_better', Archetype='lower_is_better_abs'). BenchmarkScore = ScoreByBenchmark(Messwert, BM, BM_150pct, BM_250pct). FinalScore = MIN(AutoScore, BenchmarkScore, RedLineScore). Tax_Rate = WUStG-Mapping(FinalScore).",≤100:+3; 101–250:0; >250:‑2,175.5,263.25,438.75,Nein,"mittel: limited assurance, später reasonable assurance je Relevanz",Quelle + Einheit + Systemgrenze + Zeitraum + Prüfnachweis; bei Datenlücke konservative Default-/Proxylogik markieren,public_research: operationalisierbar; empirische Benchmark-Kalibrierung erforderlich,public research; not official; formula-ready; benchmark calibration required; source mapped; exact disclosure missing
WOK-POL-108,POL / Politik/Regulatorik,Planet,Klima,SDG 13 – Klima,13.2,TSC‑Grenzen (Klima),TSC‑Grenzen (Klima) – DNSH‑Konformität,‚Do No Significant Harm‘ erfüllt,% Aktivitäten,higher_is_better,higher_is_better_pct,threshold_numeric_and_benchmark,UN_SDG_GOALS; UN_SDG_INDICATORS; UN_SDG_METADATA; EUROSTAT_NACE; EU_TAXONOMY,share_percent,Zähler: erfüllte / abgedeckte Fälle; Nenner: relevante Grundgesamtheit; Wert = Zähler / Nenner * 100.,"AutoScore = ScoreByThreshold(Messwert, Schwellen='≥90%:+3; 70–89%:+2; 50–69%:0; 30–49%:‑2; <30%:‑3', Polarity='higher_is_better', Archetype='higher_is_better_pct'). BenchmarkScore = ScoreByBenchmark(Messwert, BM, BM_150pct, BM_250pct). FinalScore = MIN(AutoScore, BenchmarkScore, RedLineScore). Tax_Rate = WUStG-Mapping(FinalScore).",≥90%:+3; 70–89%:+2; 50–69%:0; 30–49%:‑2; <30%:‑3,50.0,75.0,100.0,Nein,"mittel: limited assurance, später reasonable assurance je Relevanz",Quelle + Einheit + Systemgrenze + Zeitraum + Prüfnachweis; bei Datenlücke konservative Default-/Proxylogik markieren,public_research: strukturell vollständig; wissenschaftliche Validierung empfohlen,public research; not official; formula-ready; benchmark calibration required; source mapped; exact disclosure missing
WOK-POL-109,POL / Politik/Regulatorik,Planet,Klima,SDG 13 – Klima,13.2,TSC‑Grenzen (Klima),TSC‑Grenzen (Klima) – TSC‑Schwellen,Anteil unter technischen TSC‑Grenzen,% Aktivitäten,higher_is_better,higher_is_better_pct,threshold_numeric_and_benchmark,UN_SDG_GOALS; UN_SDG_INDICATORS; UN_SDG_METADATA; EUROSTAT_NACE; EU_TAXONOMY,share_percent,Zähler: erfüllte / abgedeckte Fälle; Nenner: relevante Grundgesamtheit; Wert = Zähler / Nenner * 100.,"AutoScore = ScoreByThreshold(Messwert, Schwellen='≥90%:+3; 70–89%:+2; 50–69%:0; 30–49%:‑2; <30%:‑3', Polarity='higher_is_better', Archetype='higher_is_better_pct'). BenchmarkScore = ScoreByBenchmark(Messwert, BM, BM_150pct, BM_250pct). FinalScore = MIN(AutoScore, BenchmarkScore, RedLineScore). Tax_Rate = WUStG-Mapping(FinalScore).",≥90%:+3; 70–89%:+2; 50–69%:0; 30–49%:‑2; <30%:‑3,50.0,75.0,100.0,Nein,"mittel: limited assurance, später reasonable assurance je Relevanz",Quelle + Einheit + Systemgrenze + Zeitraum + Prüfnachweis; bei Datenlücke konservative Default-/Proxylogik markieren,public_research: strukturell vollständig; wissenschaftliche Validierung empfohlen,public research; not official; formula-ready; benchmark calibration required; source mapped; exact disclosure missing
WOK-E-191,E / Umwelt,Planet,Wasser,SDG 14 – Unter Wasser,14.1,Nährstoffeintrag,Nährstoffeintrag – Entnahme (WSI),Wasserentnahme × Wasserstressindex,m³*WSI,lower_is_better,lower_is_better_abs,benchmark_relative_calibration_required,UN_SDG_GOALS; UN_SDG_INDICATORS; UN_SDG_METADATA; EUROSTAT_NACE; EC_CSRD; EFRAG_ESRS_SET1; EFRAG_ESRS_IG; ISO_14046; WRI_AQUEDUCT,index_0_1,"Wert = gewichteter Kriterienindex von 0 bis 1; Kriterien, Gewichtung und Nachweis je WÖk-ID offenlegen.","AutoScore = ScoreByThreshold(Messwert, Schwellen='Top‑10%:+3; Mittel:0; >150%:‑2; >250%:‑3', Polarity='lower_is_better', Archetype='lower_is_better_abs'). BenchmarkScore = ScoreByBenchmark(Messwert, BM, BM_150pct, BM_250pct). FinalScore = MIN(AutoScore, BenchmarkScore, RedLineScore). Tax_Rate = WUStG-Mapping(FinalScore).",Top‑10%:+3; Mittel:0; >150%:‑2; >250%:‑3,1.0,1.5,2.5,Nein,"mittel: limited assurance, später reasonable assurance je Relevanz",Quelle + Einheit + Systemgrenze + Zeitraum + Prüfnachweis; bei Datenlücke konservative Default-/Proxylogik markieren,public_research: operationalisierbar; empirische Benchmark-Kalibrierung erforderlich,public research; not official; formula-ready; benchmark calibration required; source mapped; exact disclosure missing
WOK-E-192,E / Umwelt,Planet,Wasser,SDG 14 – Unter Wasser,14.1,Nährstoffeintrag,Nährstoffeintrag – Reuse,Anteil wiederverwendetes Prozesswasser,%,higher_is_better,higher_is_better_pct,threshold_numeric_and_benchmark,UN_SDG_GOALS; UN_SDG_INDICATORS; UN_SDG_METADATA; EUROSTAT_NACE; EC_CSRD; EFRAG_ESRS_SET1; EFRAG_ESRS_IG; ISO_14046; WRI_AQUEDUCT,share_percent,Zähler: erfüllte / abgedeckte Fälle; Nenner: relevante Grundgesamtheit; Wert = Zähler / Nenner * 100.,"AutoScore = ScoreByThreshold(Messwert, Schwellen='≥90%:+3; 70–89%:+2; 50–69%:0; 30–49%:‑2; <30%:‑3', Polarity='higher_is_better', Archetype='higher_is_better_pct'). BenchmarkScore = ScoreByBenchmark(Messwert, BM, BM_150pct, BM_250pct). FinalScore = MIN(AutoScore, BenchmarkScore, RedLineScore). Tax_Rate = WUStG-Mapping(FinalScore).",≥90%:+3; 70–89%:+2; 50–69%:0; 30–49%:‑2; <30%:‑3,50.0,75.0,100.0,Nein,"mittel: limited assurance, später reasonable assurance je Relevanz",Quelle + Einheit + Systemgrenze + Zeitraum + Prüfnachweis; bei Datenlücke konservative Default-/Proxylogik markieren,public_research: strukturell vollständig; wissenschaftliche Validierung empfohlen,public research; not official; formula-ready; benchmark calibration required; source mapped; exact disclosure missing
WOK-E-193,E / Umwelt,Planet,Wasser,SDG 14 – Unter Wasser,14.1,Nährstoffeintrag,Nährstoffeintrag – Abwasserqualität,Proben > Grenzwert,%,lower_is_better,reg_limit,threshold_numeric_and_benchmark,UN_SDG_GOALS; UN_SDG_INDICATORS; UN_SDG_METADATA; EUROSTAT_NACE; EC_CSRD; EFRAG_ESRS_SET1; EFRAG_ESRS_IG; ISO_14046; WRI_AQUEDUCT,share_percent,Zähler: erfüllte / abgedeckte Fälle; Nenner: relevante Grundgesamtheit; Wert = Zähler / Nenner * 100.,"AutoScore = ScoreByThreshold(Messwert, Schwellen='≤50% Grenzwert:+3; ≤75%:+2; ≤100%:0; 101–120%:‑2; >120%:‑3', Polarity='lower_is_better', Archetype='reg_limit'). BenchmarkScore = ScoreByBenchmark(Messwert, BM, BM_150pct, BM_250pct). FinalScore = MIN(AutoScore, BenchmarkScore, RedLineScore). Tax_Rate = WUStG-Mapping(FinalScore).",≤50% Grenzwert:+3; ≤75%:+2; ≤100%:0; 101–120%:‑2; >120%:‑3,1.0,1.2,1.5,Nein,"mittel: limited assurance, später reasonable assurance je Relevanz",Quelle + Einheit + Systemgrenze + Zeitraum + Prüfnachweis; bei Datenlücke konservative Default-/Proxylogik markieren,public_research: strukturell vollständig; wissenschaftliche Validierung empfohlen,public research; not official; formula-ready; benchmark calibration required; source mapped; exact disclosure missing
WOK-E-194,E / Umwelt,Planet,Wasser,SDG 14 – Unter Wasser,14.1,Plastikgranulat‑Verlust,Plastikgranulat‑Verlust – Abfallintensität,Abfallmenge je Output,kg/t,lower_is_better,lower_is_better_abs,benchmark_relative_calibration_required,UN_SDG_GOALS; UN_SDG_INDICATORS; UN_SDG_METADATA; EUROSTAT_NACE; EC_CSRD; EFRAG_ESRS_SET1; EFRAG_ESRS_IG; GRI_STANDARDS; GRI_DOWNLOAD; EU_WEEE; GERMANY_VERPACKG,lower_is_better_metric,"Wert = gemessene Belastung, Risiko- oder Intensitätskennzahl je funktionaler Einheit; niedriger ist besser.","AutoScore = ScoreByThreshold(Messwert, Schwellen='Top‑10%:+3; Mittel:0; >150%:‑2; >250%:‑3', Polarity='lower_is_better', Archetype='lower_is_better_abs'). BenchmarkScore = ScoreByBenchmark(Messwert, BM, BM_150pct, BM_250pct). FinalScore = MIN(AutoScore, BenchmarkScore, RedLineScore). Tax_Rate = WUStG-Mapping(FinalScore).",Top‑10%:+3; Mittel:0; >150%:‑2; >250%:‑3,1.0,1.5,2.5,Nein,"mittel: limited assurance, später reasonable assurance je Relevanz",Quelle + Einheit + Systemgrenze + Zeitraum + Prüfnachweis; bei Datenlücke konservative Default-/Proxylogik markieren,public_research: operationalisierbar; empirische Benchmark-Kalibrierung erforderlich,public research; not official; formula-ready; benchmark calibration required; source mapped; exact disclosure missing
WOK-E-195,E / Umwelt,Planet,Wasser,SDG 14 – Unter Wasser,14.1,Plastikgranulat‑Verlust,Plastikgranulat‑Verlust – Recyclingquote,Anteil verwerteter Abfälle,%,higher_is_better,higher_is_better_pct,threshold_numeric_and_benchmark,UN_SDG_GOALS; UN_SDG_INDICATORS; UN_SDG_METADATA; EUROSTAT_NACE; EC_CSRD; EFRAG_ESRS_SET1; EFRAG_ESRS_IG; GRI_STANDARDS; GRI_DOWNLOAD; EU_WEEE; GERMANY_VERPACKG,share_percent,Zähler: erfüllte / abgedeckte Fälle; Nenner: relevante Grundgesamtheit; Wert = Zähler / Nenner * 100.,"AutoScore = ScoreByThreshold(Messwert, Schwellen='≥90%:+3; 70–89%:+2; 50–69%:0; 30–49%:‑2; <30%:‑3', Polarity='higher_is_better', Archetype='higher_is_better_pct'). BenchmarkScore = ScoreByBenchmark(Messwert, BM, BM_150pct, BM_250pct). FinalScore = MIN(AutoScore, BenchmarkScore, RedLineScore). Tax_Rate = WUStG-Mapping(FinalScore).",≥90%:+3; 70–89%:+2; 50–69%:0; 30–49%:‑2; <30%:‑3,50.0,75.0,100.0,Nein,"mittel: limited assurance, später reasonable assurance je Relevanz",Quelle + Einheit + Systemgrenze + Zeitraum + Prüfnachweis; bei Datenlücke konservative Default-/Proxylogik markieren,public_research: strukturell vollständig; wissenschaftliche Validierung empfohlen,public research; not official; formula-ready; benchmark calibration required; source mapped; exact disclosure missing
WOK-E-196,E / Umwelt,Planet,Wasser,SDG 14 – Unter Wasser,14.1,Plastikgranulat‑Verlust,Plastikgranulat‑Verlust – Gefährlicher Abfall,Gefährlicher Abfall je Output,kg/t,lower_is_better,lower_is_better_abs,benchmark_relative_calibration_required,UN_SDG_GOALS; UN_SDG_INDICATORS; UN_SDG_METADATA; EUROSTAT_NACE; EC_CSRD; EFRAG_ESRS_SET1; EFRAG_ESRS_IG; GRI_STANDARDS; GRI_DOWNLOAD; EU_WEEE; GERMANY_VERPACKG,lower_is_better_metric,"Wert = gemessene Belastung, Risiko- oder Intensitätskennzahl je funktionaler Einheit; niedriger ist besser.","AutoScore = ScoreByThreshold(Messwert, Schwellen='Top‑10%:+3; Mittel:0; >150%:‑2; >250%:‑3', Polarity='lower_is_better', Archetype='lower_is_better_abs'). BenchmarkScore = ScoreByBenchmark(Messwert, BM, BM_150pct, BM_250pct). FinalScore = MIN(AutoScore, BenchmarkScore, RedLineScore). Tax_Rate = WUStG-Mapping(FinalScore).",Top‑10%:+3; Mittel:0; >150%:‑2; >250%:‑3,1.0,1.5,2.5,Nein,"mittel: limited assurance, später reasonable assurance je Relevanz",Quelle + Einheit + Systemgrenze + Zeitraum + Prüfnachweis; bei Datenlücke konservative Default-/Proxylogik markieren,public_research: operationalisierbar; empirische Benchmark-Kalibrierung erforderlich,public research; not official; formula-ready; benchmark calibration required; source mapped; exact disclosure missing
WOK-E-197,E / Umwelt,Planet,Wasser,SDG 14 – Unter Wasser,14.2,Meeresschutz‑Net Gain,Meeresschutz‑Net Gain – Nettoeffekt,Net Gain/No Net Loss/Net Loss,Qualitativ → Klasse,higher_is_better,higher_is_better_abs,qualitative_biodiversity,UN_SDG_GOALS; UN_SDG_INDICATORS; UN_SDG_METADATA; EUROSTAT_NACE; EC_CSRD; EFRAG_ESRS_SET1; EFRAG_ESRS_IG; CBD_GBF; EN_15978,indicator_specific,"Wert gemäß definierter Messgröße; Zähler, Nenner, Einheit, Systemgrenze und Zeitraum je WÖk-ID dokumentieren.","AutoScore = ScoreByThreshold(Messwert, Schwellen='Net Gain:+3; No Net Loss:0; Net Loss:‑2/‑3', Polarity='higher_is_better', Archetype='higher_is_better_abs'). BenchmarkScore = ScoreByBenchmark(Messwert, BM, BM_150pct, BM_250pct). FinalScore = MIN(AutoScore, BenchmarkScore, RedLineScore). Tax_Rate = WUStG-Mapping(FinalScore).",Net Gain:+3; No Net Loss:0; Net Loss:‑2/‑3,0.5,0.75,0.9,Nein,"mittel: limited assurance, später reasonable assurance je Relevanz",Quelle + Einheit + Systemgrenze + Zeitraum + Prüfnachweis; bei Datenlücke konservative Default-/Proxylogik markieren,public_research: operationalisierbar; empirische Benchmark-Kalibrierung erforderlich,public research; not official; formula-ready; qualitative review required; source mapped; exact disclosure missing
WOK-E-198,E / Umwelt,Planet,Wasser,SDG 14 – Unter Wasser,14.2,Meeresschutz‑Net Gain,Meeresschutz‑Net Gain – Landumwandlung,Neue Flächen mit hohem Risiko,ha/Jahr,lower_is_better,lower_is_better_abs,threshold_numeric_and_benchmark,UN_SDG_GOALS; UN_SDG_INDICATORS; UN_SDG_METADATA; EUROSTAT_NACE; EC_CSRD; EFRAG_ESRS_SET1; EFRAG_ESRS_IG; CBD_GBF; EN_15978,lower_is_better_metric,"Wert = gemessene Belastung, Risiko- oder Intensitätskennzahl je funktionaler Einheit; niedriger ist besser.","AutoScore = ScoreByThreshold(Messwert, Schwellen='0:+3; ≤1:+2; ≤3:0; ≤5:‑2; >5:‑3', Polarity='lower_is_better', Archetype='lower_is_better_abs'). BenchmarkScore = ScoreByBenchmark(Messwert, BM, BM_150pct, BM_250pct). FinalScore = MIN(AutoScore, BenchmarkScore, RedLineScore). Tax_Rate = WUStG-Mapping(FinalScore).",0:+3; ≤1:+2; ≤3:0; ≤5:‑2; >5:‑3,3.0,4.5,7.5,Nein,"mittel: limited assurance, später reasonable assurance je Relevanz",Quelle + Einheit + Systemgrenze + Zeitraum + Prüfnachweis; bei Datenlücke konservative Default-/Proxylogik markieren,public_research: operationalisierbar; empirische Benchmark-Kalibrierung erforderlich,public research; not official; formula-ready; benchmark calibration required; source mapped; exact disclosure missing
WOK-E-199,E / Umwelt,Planet,Wasser,SDG 14 – Unter Wasser,14.2,Meeresschutz‑Net Gain,Meeresschutz‑Net Gain – Deforestationsfrei,Anteil deforestationsfreie Rohstoffe,%,higher_is_better,higher_is_better_pct,threshold_numeric_and_benchmark,UN_SDG_GOALS; UN_SDG_INDICATORS; UN_SDG_METADATA; EUROSTAT_NACE; EC_CSRD; EFRAG_ESRS_SET1; EFRAG_ESRS_IG; CBD_GBF; EN_15978,share_percent,Zähler: erfüllte / abgedeckte Fälle; Nenner: relevante Grundgesamtheit; Wert = Zähler / Nenner * 100.,"AutoScore = ScoreByThreshold(Messwert, Schwellen='≥98:+3; 90–97:+2; 75–89:0; 50–74:‑2; <50:‑3', Polarity='higher_is_better', Archetype='higher_is_better_pct'). BenchmarkScore = ScoreByBenchmark(Messwert, BM, BM_150pct, BM_250pct). FinalScore = MIN(AutoScore, BenchmarkScore, RedLineScore). Tax_Rate = WUStG-Mapping(FinalScore).",≥98:+3; 90–97:+2; 75–89:0; 50–74:‑2; <50:‑3,82.0,100.0,100.0,Nein,"mittel: limited assurance, später reasonable assurance je Relevanz",Quelle + Einheit + Systemgrenze + Zeitraum + Prüfnachweis; bei Datenlücke konservative Default-/Proxylogik markieren,public_research: operationalisierbar; empirische Benchmark-Kalibrierung erforderlich,public research; not official; formula-ready; benchmark calibration required; source mapped; exact disclosure missing
WOK-SC-131,SC / Lieferkette,Planet,Wasser,SDG 14 – Unter Wasser,14.4,Fischerei‑Lieferketten,Fischerei‑Lieferketten – ESG‑Spend‑Coverage,Anteil verifizierter ESG‑Daten am Spend,%,higher_is_better,higher_is_better_pct,threshold_numeric_and_benchmark,UN_SDG_GOALS; UN_SDG_INDICATORS; UN_SDG_METADATA; EUROSTAT_NACE; EC_CSRD; EFRAG_ESRS_SET1; EFRAG_ESRS_IG; GRI_STANDARDS; GRI_DOWNLOAD; OECD_RBC_DD,share_percent,Zähler: erfüllte / abgedeckte Fälle; Nenner: relevante Grundgesamtheit; Wert = Zähler / Nenner * 100.,"AutoScore = ScoreByThreshold(Messwert, Schwellen='≥90:+3; 70–89:+2; 50–69:0; 30–49:‑2; <30:‑3', Polarity='higher_is_better', Archetype='higher_is_better_pct'). BenchmarkScore = ScoreByBenchmark(Messwert, BM, BM_150pct, BM_250pct). FinalScore = MIN(AutoScore, BenchmarkScore, RedLineScore). Tax_Rate = WUStG-Mapping(FinalScore).",≥90:+3; 70–89:+2; 50–69:0; 30–49:‑2; <30:‑3,59.5,89.25,100.0,Nein,"mittel: limited assurance, später reasonable assurance je Relevanz",Quelle + Einheit + Systemgrenze + Zeitraum + Prüfnachweis; bei Datenlücke konservative Default-/Proxylogik markieren,public_research: operationalisierbar; empirische Benchmark-Kalibrierung erforderlich,public research; not official; formula-ready; benchmark calibration required; source mapped; exact disclosure missing
WOK-SC-132,SC / Lieferkette,Planet,Wasser,SDG 14 – Unter Wasser,14.4,Fischerei‑Lieferketten,Fischerei‑Lieferketten – Kinder/Zwangsarbeit,Audits ohne Verstöße,% Lieferanten,higher_is_better,higher_is_better_pct,threshold_numeric_and_benchmark,UN_SDG_GOALS; UN_SDG_INDICATORS; UN_SDG_METADATA; EUROSTAT_NACE; EC_CSRD; EFRAG_ESRS_SET1; EFRAG_ESRS_IG; GRI_STANDARDS; GRI_DOWNLOAD; OECD_RBC_DD,share_percent,Zähler: erfüllte / abgedeckte Fälle; Nenner: relevante Grundgesamtheit; Wert = Zähler / Nenner * 100.,"AutoScore = ScoreByThreshold(Messwert, Schwellen='≥98:+3; 90–97:+2; 75–89:0; 50–74:‑2; <50:‑3', Polarity='higher_is_better', Archetype='higher_is_better_pct'). BenchmarkScore = ScoreByBenchmark(Messwert, BM, BM_150pct, BM_250pct). FinalScore = MIN(AutoScore, BenchmarkScore, RedLineScore). Tax_Rate = WUStG-Mapping(FinalScore).",≥98:+3; 90–97:+2; 75–89:0; 50–74:‑2; <50:‑3,82.0,100.0,100.0,Ja,hoch: externe Prüfung / reasonable assurance für kritische Risiken,Quelle + Einheit + Systemgrenze + Zeitraum + Prüfnachweis; bei Datenlücke konservative Default-/Proxylogik markieren,public_research: operationalisierbar; empirische Benchmark-Kalibrierung erforderlich,public research; not official; formula-ready; benchmark calibration required; red line; source mapped; exact disclosure missing
WOK-SC-133,SC / Lieferkette,Planet,Wasser,SDG 14 – Unter Wasser,14.4,Fischerei‑Lieferketten,Fischerei‑Lieferketten – Scope‑3 Daten,Primärdaten‑Abdeckung,% Kategorien,higher_is_better,higher_is_better_pct,threshold_numeric_and_benchmark,UN_SDG_GOALS; UN_SDG_INDICATORS; UN_SDG_METADATA; EUROSTAT_NACE; EC_CSRD; EFRAG_ESRS_SET1; EFRAG_ESRS_IG; GHG_PROTOCOL_SCOPE3; GHG_PROTOCOL_PRODUCT; ISO_14064,share_percent,Zähler: erfüllte / abgedeckte Fälle; Nenner: relevante Grundgesamtheit; Wert = Zähler / Nenner * 100.,"AutoScore = ScoreByThreshold(Messwert, Schwellen='≥80:+3; 60–79:+2; 40–59:0; 20–39:‑2; <20:‑3', Polarity='higher_is_better', Archetype='higher_is_better_pct'). BenchmarkScore = ScoreByBenchmark(Messwert, BM, BM_150pct, BM_250pct). FinalScore = MIN(AutoScore, BenchmarkScore, RedLineScore). Tax_Rate = WUStG-Mapping(FinalScore).",≥80:+3; 60–79:+2; 40–59:0; 20–39:‑2; <20:‑3,49.5,74.25,100.0,Nein,"mittel: limited assurance, später reasonable assurance je Relevanz",Quelle + Einheit + Systemgrenze + Zeitraum + Prüfnachweis; bei Datenlücke konservative Default-/Proxylogik markieren,public_research: operationalisierbar; empirische Benchmark-Kalibrierung erforderlich,public research; not official; formula-ready; benchmark calibration required; source mapped; exact disclosure missing
WOK-G-167,G / Governance,Planet,Wasser,SDG 14 – Unter Wasser,14.1,Abwasser Compliance Küsten,Abwasser Compliance Küsten – Antikorruption,Bestätigte Fälle/1.000 FTE,Fälle/1.000 FTE,lower_is_better,near_zero_better,threshold_numeric_and_benchmark,UN_SDG_GOALS; UN_SDG_INDICATORS; UN_SDG_METADATA; EUROSTAT_NACE; EC_CSRD; EFRAG_ESRS_SET1; EFRAG_ESRS_IG; GRI_STANDARDS; GRI_DOWNLOAD; ISO_14046; WRI_AQUEDUCT,share_percent,Zähler: erfüllte / abgedeckte Fälle; Nenner: relevante Grundgesamtheit; Wert = Zähler / Nenner * 100.,"AutoScore = ScoreByThreshold(Messwert, Schwellen='0:+3; ≤0,2:+2; ≤0,5:0; ≤1:‑2; >1:‑3', Polarity='lower_is_better', Archetype='near_zero_better'). BenchmarkScore = ScoreByBenchmark(Messwert, BM, BM_150pct, BM_250pct). FinalScore = MIN(AutoScore, BenchmarkScore, RedLineScore). Tax_Rate = WUStG-Mapping(FinalScore).","0:+3; ≤0,2:+2; ≤0,5:0; ≤1:‑2; >1:‑3",0.5,0.75,1.25,Ja,hoch: externe Prüfung / reasonable assurance für kritische Risiken,Quelle + Einheit + Systemgrenze + Zeitraum + Prüfnachweis; bei Datenlücke konservative Default-/Proxylogik markieren,public_research: operationalisierbar; empirische Benchmark-Kalibrierung erforderlich,public research; not official; formula-ready; benchmark calibration required; red line; source mapped; exact disclosure missing
WOK-G-168,G / Governance,Planet,Wasser,SDG 14 – Unter Wasser,14.1,Abwasser Compliance Küsten,Abwasser Compliance Küsten – Whistleblowing,Wirksamkeits‑Score,0–1,higher_is_better,reg_limit,threshold_numeric_and_benchmark,UN_SDG_GOALS; UN_SDG_INDICATORS; UN_SDG_METADATA; EUROSTAT_NACE; EC_CSRD; EFRAG_ESRS_SET1; EFRAG_ESRS_IG; GRI_STANDARDS; GRI_DOWNLOAD; ISO_14046; WRI_AQUEDUCT,share_percent,Zähler: erfüllte / abgedeckte Fälle; Nenner: relevante Grundgesamtheit; Wert = Zähler / Nenner * 100.,"AutoScore = ScoreByThreshold(Messwert, Schwellen='≥0,9:+3; 0,75–0,89:+2; 0,6–0,74:0; 0,4–0,59:‑2; <0,4:‑3', Polarity='higher_is_better', Archetype='reg_limit'). BenchmarkScore = ScoreByBenchmark(Messwert, BM, BM_150pct, BM_250pct). FinalScore = MIN(AutoScore, BenchmarkScore, RedLineScore). Tax_Rate = WUStG-Mapping(FinalScore).","≥0,9:+3; 0,75–0,89:+2; 0,6–0,74:0; 0,4–0,59:‑2; <0,4:‑3",0.6699999999999999,1.0,1.0,Ja,hoch: externe Prüfung / reasonable assurance für kritische Risiken,Quelle + Einheit + Systemgrenze + Zeitraum + Prüfnachweis; bei Datenlücke konservative Default-/Proxylogik markieren,public_research: operationalisierbar; empirische Benchmark-Kalibrierung erforderlich,public research; not official; formula-ready; benchmark calibration required; red line; source mapped; exact disclosure missing
WOK-G-169,G / Governance,Planet,Wasser,SDG 14 – Unter Wasser,14.1,Abwasser Compliance Küsten,Abwasser Compliance Küsten – Steuertransparenz,CbCR‑Offenlegung,0–1,higher_is_better,reg_limit,qualitative_ordinal,UN_SDG_GOALS; UN_SDG_INDICATORS; UN_SDG_METADATA; EUROSTAT_NACE; EC_CSRD; EFRAG_ESRS_SET1; EFRAG_ESRS_IG; GRI_STANDARDS; GRI_DOWNLOAD; ISO_14046; WRI_AQUEDUCT,share_percent,Zähler: erfüllte / abgedeckte Fälle; Nenner: relevante Grundgesamtheit; Wert = Zähler / Nenner * 100.,"AutoScore = ScoreByThreshold(Messwert, Schwellen='vollständig:+3; teilweise:+2; minimal:0; schlecht:‑2', Polarity='higher_is_better', Archetype='reg_limit'). BenchmarkScore = ScoreByBenchmark(Messwert, BM, BM_150pct, BM_250pct). FinalScore = MIN(AutoScore, BenchmarkScore, RedLineScore). Tax_Rate = WUStG-Mapping(FinalScore).",vollständig:+3; teilweise:+2; minimal:0; schlecht:‑2,1.0,1.2,1.5,Nein,"mittel: limited assurance, später reasonable assurance je Relevanz",Quelle + Einheit + Systemgrenze + Zeitraum + Prüfnachweis; bei Datenlücke konservative Default-/Proxylogik markieren,public_research: strukturell vollständig; wissenschaftliche Validierung empfohlen,public research; not official; formula-ready; qualitative review required; source mapped; exact disclosure missing
WOK-SYS-140,SYS / System,Planet,Wasser,SDG 14 – Unter Wasser,14.a,Meeres‑Kooperationen,Meeres‑Kooperationen – Index,umsatzgewichteter Index (z. B. Demokratie/Rule of Law),0–1,higher_is_better,higher_is_better_abs,threshold_numeric_and_benchmark,UN_SDG_GOALS; UN_SDG_INDICATORS; UN_SDG_METADATA; EUROSTAT_NACE; WJP_RULE_OF_LAW; VDEM; SOCIAL_VALUE_SROI,index_0_1,"Wert = gewichteter Kriterienindex von 0 bis 1; Kriterien, Gewichtung und Nachweis je WÖk-ID offenlegen.","AutoScore = ScoreByThreshold(Messwert, Schwellen='≥0,8:+3; 0,7–0,79:+2; 0,6–0,69:0; 0,5–0,59:‑2; <0,5:‑3', Polarity='higher_is_better', Archetype='higher_is_better_abs'). BenchmarkScore = ScoreByBenchmark(Messwert, BM, BM_150pct, BM_250pct). FinalScore = MIN(AutoScore, BenchmarkScore, RedLineScore). Tax_Rate = WUStG-Mapping(FinalScore).","≥0,8:+3; 0,7–0,79:+2; 0,6–0,69:0; 0,5–0,59:‑2; <0,5:‑3",0.645,0.9675,1.0,Nein,mittel: fachliche Plausibilisierung und Quellenprüfung,Quelle + Einheit + Systemgrenze + Zeitraum + Prüfnachweis; bei Datenlücke konservative Default-/Proxylogik markieren,public_research: operationalisierbar; empirische Benchmark-Kalibrierung erforderlich,public research; not official; formula-ready; benchmark calibration required; source mapped; exact disclosure missing
WOK-SYS-141,SYS / System,Planet,Wasser,SDG 14 – Unter Wasser,14.a,Meeres‑Kooperationen,Meeres‑Kooperationen – Exposure,Umsatz in Hochrisikoländern,%,lower_is_better,lower_is_better_abs,threshold_numeric_and_benchmark,UN_SDG_GOALS; UN_SDG_INDICATORS; UN_SDG_METADATA; EUROSTAT_NACE; SOCIAL_VALUE_SROI,share_percent,Zähler: erfüllte / abgedeckte Fälle; Nenner: relevante Grundgesamtheit; Wert = Zähler / Nenner * 100.,"AutoScore = ScoreByThreshold(Messwert, Schwellen='≤5:+3; 6–10:+2; 11–20:0; 21–30:‑2; >30:‑3', Polarity='lower_is_better', Archetype='lower_is_better_abs'). BenchmarkScore = ScoreByBenchmark(Messwert, BM, BM_150pct, BM_250pct). FinalScore = MIN(AutoScore, BenchmarkScore, RedLineScore). Tax_Rate = WUStG-Mapping(FinalScore).",≤5:+3; 6–10:+2; 11–20:0; 21–30:‑2; >30:‑3,15.5,23.25,38.75,Nein,mittel: fachliche Plausibilisierung und Quellenprüfung,Quelle + Einheit + Systemgrenze + Zeitraum + Prüfnachweis; bei Datenlücke konservative Default-/Proxylogik markieren,public_research: operationalisierbar; empirische Benchmark-Kalibrierung erforderlich,public research; not official; formula-ready; benchmark calibration required; source mapped; exact disclosure missing
WOK-SYS-142,SYS / System,Planet,Wasser,SDG 14 – Unter Wasser,14.a,Meeres‑Kooperationen,Meeres‑Kooperationen – Kooperationen,"aktive, evaluierte Partnerschaften/Jahr",#/Jahr,higher_is_better,higher_is_better_abs,threshold_numeric_and_benchmark,UN_SDG_GOALS; UN_SDG_INDICATORS; UN_SDG_METADATA; EUROSTAT_NACE; WJP_RULE_OF_LAW; VDEM; SOCIAL_VALUE_SROI,indicator_specific,"Wert gemäß definierter Messgröße; Zähler, Nenner, Einheit, Systemgrenze und Zeitraum je WÖk-ID dokumentieren.","AutoScore = ScoreByThreshold(Messwert, Schwellen='≥5:+3; 3–4:+2; 1–2:0; 0:‑2', Polarity='higher_is_better', Archetype='higher_is_better_abs'). BenchmarkScore = ScoreByBenchmark(Messwert, BM, BM_150pct, BM_250pct). FinalScore = MIN(AutoScore, BenchmarkScore, RedLineScore). Tax_Rate = WUStG-Mapping(FinalScore).",≥5:+3; 3–4:+2; 1–2:0; 0:‑2,1.5,2.25,3.75,Nein,mittel: fachliche Plausibilisierung und Quellenprüfung,Quelle + Einheit + Systemgrenze + Zeitraum + Prüfnachweis; bei Datenlücke konservative Default-/Proxylogik markieren,public_research: operationalisierbar; empirische Benchmark-Kalibrierung erforderlich,public research; not official; formula-ready; benchmark calibration required; source mapped; exact disclosure missing
WOK-E-200,E / Umwelt,Planet,Wasser,SDG 14 – Unter Wasser,14.1,Mikroplastik in Abwasser,Mikroplastik in Abwasser – Entnahme (WSI),Wasserentnahme × Wasserstressindex,m³*WSI,lower_is_better,reg_limit,benchmark_relative_calibration_required,UN_SDG_GOALS; UN_SDG_INDICATORS; UN_SDG_METADATA; EUROSTAT_NACE; EC_CSRD; EFRAG_ESRS_SET1; EFRAG_ESRS_IG; ISO_14046; WRI_AQUEDUCT,index_0_1,"Wert = gewichteter Kriterienindex von 0 bis 1; Kriterien, Gewichtung und Nachweis je WÖk-ID offenlegen.","AutoScore = ScoreByThreshold(Messwert, Schwellen='Top‑10%:+3; Mittel:0; >150%:‑2; >250%:‑3', Polarity='lower_is_better', Archetype='reg_limit'). BenchmarkScore = ScoreByBenchmark(Messwert, BM, BM_150pct, BM_250pct). FinalScore = MIN(AutoScore, BenchmarkScore, RedLineScore). Tax_Rate = WUStG-Mapping(FinalScore).",Top‑10%:+3; Mittel:0; >150%:‑2; >250%:‑3,1.0,1.2,1.5,Nein,"mittel: limited assurance, später reasonable assurance je Relevanz",Quelle + Einheit + Systemgrenze + Zeitraum + Prüfnachweis; bei Datenlücke konservative Default-/Proxylogik markieren,public_research: strukturell vollständig; wissenschaftliche Validierung empfohlen,public research; not official; formula-ready; benchmark calibration required; source mapped; exact disclosure missing
WOK-E-201,E / Umwelt,Planet,Wasser,SDG 14 – Unter Wasser,14.1,Mikroplastik in Abwasser,Mikroplastik in Abwasser – Reuse,Anteil wiederverwendetes Prozesswasser,%,higher_is_better,higher_is_better_pct,threshold_numeric_and_benchmark,UN_SDG_GOALS; UN_SDG_INDICATORS; UN_SDG_METADATA; EUROSTAT_NACE; EC_CSRD; EFRAG_ESRS_SET1; EFRAG_ESRS_IG; ISO_14046; WRI_AQUEDUCT,share_percent,Zähler: erfüllte / abgedeckte Fälle; Nenner: relevante Grundgesamtheit; Wert = Zähler / Nenner * 100.,"AutoScore = ScoreByThreshold(Messwert, Schwellen='≥90%:+3; 70–89%:+2; 50–69%:0; 30–49%:‑2; <30%:‑3', Polarity='higher_is_better', Archetype='higher_is_better_pct'). BenchmarkScore = ScoreByBenchmark(Messwert, BM, BM_150pct, BM_250pct). FinalScore = MIN(AutoScore, BenchmarkScore, RedLineScore). Tax_Rate = WUStG-Mapping(FinalScore).",≥90%:+3; 70–89%:+2; 50–69%:0; 30–49%:‑2; <30%:‑3,50.0,75.0,100.0,Nein,"mittel: limited assurance, später reasonable assurance je Relevanz",Quelle + Einheit + Systemgrenze + Zeitraum + Prüfnachweis; bei Datenlücke konservative Default-/Proxylogik markieren,public_research: strukturell vollständig; wissenschaftliche Validierung empfohlen,public research; not official; formula-ready; benchmark calibration required; source mapped; exact disclosure missing
WOK-E-202,E / Umwelt,Planet,Wasser,SDG 14 – Unter Wasser,14.1,Mikroplastik in Abwasser,Mikroplastik in Abwasser – Abwasserqualität,Proben > Grenzwert,%,lower_is_better,reg_limit,threshold_numeric_and_benchmark,UN_SDG_GOALS; UN_SDG_INDICATORS; UN_SDG_METADATA; EUROSTAT_NACE; EC_CSRD; EFRAG_ESRS_SET1; EFRAG_ESRS_IG; ISO_14046; WRI_AQUEDUCT,share_percent,Zähler: erfüllte / abgedeckte Fälle; Nenner: relevante Grundgesamtheit; Wert = Zähler / Nenner * 100.,"AutoScore = ScoreByThreshold(Messwert, Schwellen='≤50% Grenzwert:+3; ≤75%:+2; ≤100%:0; 101–120%:‑2; >120%:‑3', Polarity='lower_is_better', Archetype='reg_limit'). BenchmarkScore = ScoreByBenchmark(Messwert, BM, BM_150pct, BM_250pct). FinalScore = MIN(AutoScore, BenchmarkScore, RedLineScore). Tax_Rate = WUStG-Mapping(FinalScore).",≤50% Grenzwert:+3; ≤75%:+2; ≤100%:0; 101–120%:‑2; >120%:‑3,1.0,1.2,1.5,Nein,"mittel: limited assurance, später reasonable assurance je Relevanz",Quelle + Einheit + Systemgrenze + Zeitraum + Prüfnachweis; bei Datenlücke konservative Default-/Proxylogik markieren,public_research: strukturell vollständig; wissenschaftliche Validierung empfohlen,public research; not official; formula-ready; benchmark calibration required; source mapped; exact disclosure missing
WOK-POL-110,POL / Politik/Regulatorik,Planet,Wasser,SDG 14 – Unter Wasser,14.1,DNSH Wasser,DNSH Wasser – Spezifische Emissionen,CO₂e je kWh (LCA),g CO₂e/kWh,lower_is_better,lower_is_better_abs,threshold_numeric_and_benchmark,UN_SDG_GOALS; UN_SDG_INDICATORS; UN_SDG_METADATA; EUROSTAT_NACE; EC_CSRD; EFRAG_ESRS_SET1; EFRAG_ESRS_IG; EU_TAXONOMY; GHG_PROTOCOL_SCOPE3; GHG_PROTOCOL_PRODUCT; ISO_14064,share_percent,Zähler: erfüllte / abgedeckte Fälle; Nenner: relevante Grundgesamtheit; Wert = Zähler / Nenner * 100.,"AutoScore = ScoreByThreshold(Messwert, Schwellen='≤100:+3; 101–250:0; >250:‑2', Polarity='lower_is_better', Archetype='lower_is_better_abs'). BenchmarkScore = ScoreByBenchmark(Messwert, BM, BM_150pct, BM_250pct). FinalScore = MIN(AutoScore, BenchmarkScore, RedLineScore). Tax_Rate = WUStG-Mapping(FinalScore).",≤100:+3; 101–250:0; >250:‑2,175.5,263.25,438.75,Nein,"mittel: limited assurance, später reasonable assurance je Relevanz",Quelle + Einheit + Systemgrenze + Zeitraum + Prüfnachweis; bei Datenlücke konservative Default-/Proxylogik markieren,public_research: operationalisierbar; empirische Benchmark-Kalibrierung erforderlich,public research; not official; formula-ready; benchmark calibration required; source mapped; exact disclosure missing
WOK-POL-111,POL / Politik/Regulatorik,Planet,Wasser,SDG 14 – Unter Wasser,14.1,DNSH Wasser,DNSH Wasser – DNSH‑Konformität,‚Do No Significant Harm‘ erfüllt,% Aktivitäten,higher_is_better,higher_is_better_pct,threshold_numeric_and_benchmark,UN_SDG_GOALS; UN_SDG_INDICATORS; UN_SDG_METADATA; EUROSTAT_NACE; EC_CSRD; EFRAG_ESRS_SET1; EFRAG_ESRS_IG; EU_TAXONOMY; ISO_14046; WRI_AQUEDUCT,share_percent,Zähler: erfüllte / abgedeckte Fälle; Nenner: relevante Grundgesamtheit; Wert = Zähler / Nenner * 100.,"AutoScore = ScoreByThreshold(Messwert, Schwellen='≥90%:+3; 70–89%:+2; 50–69%:0; 30–49%:‑2; <30%:‑3', Polarity='higher_is_better', Archetype='higher_is_better_pct'). BenchmarkScore = ScoreByBenchmark(Messwert, BM, BM_150pct, BM_250pct). FinalScore = MIN(AutoScore, BenchmarkScore, RedLineScore). Tax_Rate = WUStG-Mapping(FinalScore).",≥90%:+3; 70–89%:+2; 50–69%:0; 30–49%:‑2; <30%:‑3,50.0,75.0,100.0,Nein,"mittel: limited assurance, später reasonable assurance je Relevanz",Quelle + Einheit + Systemgrenze + Zeitraum + Prüfnachweis; bei Datenlücke konservative Default-/Proxylogik markieren,public_research: strukturell vollständig; wissenschaftliche Validierung empfohlen,public research; not official; formula-ready; benchmark calibration required; source mapped; exact disclosure missing
WOK-POL-112,POL / Politik/Regulatorik,Planet,Wasser,SDG 14 – Unter Wasser,14.1,DNSH Wasser,DNSH Wasser – TSC‑Schwellen,Anteil unter technischen TSC‑Grenzen,% Aktivitäten,higher_is_better,higher_is_better_pct,threshold_numeric_and_benchmark,UN_SDG_GOALS; UN_SDG_INDICATORS; UN_SDG_METADATA; EUROSTAT_NACE; EC_CSRD; EFRAG_ESRS_SET1; EFRAG_ESRS_IG; EU_TAXONOMY; ISO_14046; WRI_AQUEDUCT,share_percent,Zähler: erfüllte / abgedeckte Fälle; Nenner: relevante Grundgesamtheit; Wert = Zähler / Nenner * 100.,"AutoScore = ScoreByThreshold(Messwert, Schwellen='≥90%:+3; 70–89%:+2; 50–69%:0; 30–49%:‑2; <30%:‑3', Polarity='higher_is_better', Archetype='higher_is_better_pct'). BenchmarkScore = ScoreByBenchmark(Messwert, BM, BM_150pct, BM_250pct). FinalScore = MIN(AutoScore, BenchmarkScore, RedLineScore). Tax_Rate = WUStG-Mapping(FinalScore).",≥90%:+3; 70–89%:+2; 50–69%:0; 30–49%:‑2; <30%:‑3,50.0,75.0,100.0,Nein,"mittel: limited assurance, später reasonable assurance je Relevanz",Quelle + Einheit + Systemgrenze + Zeitraum + Prüfnachweis; bei Datenlücke konservative Default-/Proxylogik markieren,public_research: strukturell vollständig; wissenschaftliche Validierung empfohlen,public research; not official; formula-ready; benchmark calibration required; source mapped; exact disclosure missing
WOK-E-203,E / Umwelt,Planet,Wasser,SDG 14 – Unter Wasser,14.c,Schifffahrt Emissionen/Spill,Schifffahrt Emissionen/Spill – EE‑Anteil,Anteil erneuerbarer Energien am Strombezug,%,higher_is_better,higher_is_better_pct,threshold_numeric_and_benchmark,UN_SDG_GOALS; UN_SDG_INDICATORS; UN_SDG_METADATA; EUROSTAT_NACE; EC_CSRD; EFRAG_ESRS_SET1; EFRAG_ESRS_IG; GHG_PROTOCOL_SCOPE3; GHG_PROTOCOL_PRODUCT; ISO_14064,share_percent,Zähler: erfüllte / abgedeckte Fälle; Nenner: relevante Grundgesamtheit; Wert = Zähler / Nenner * 100.,"AutoScore = ScoreByThreshold(Messwert, Schwellen='≥90%:+3; 70–89%:+2; 50–69%:0; 30–49%:‑2; <30%:‑3', Polarity='higher_is_better', Archetype='higher_is_better_pct'). BenchmarkScore = ScoreByBenchmark(Messwert, BM, BM_150pct, BM_250pct). FinalScore = MIN(AutoScore, BenchmarkScore, RedLineScore). Tax_Rate = WUStG-Mapping(FinalScore).",≥90%:+3; 70–89%:+2; 50–69%:0; 30–49%:‑2; <30%:‑3,50.0,75.0,100.0,Nein,"mittel: limited assurance, später reasonable assurance je Relevanz",Quelle + Einheit + Systemgrenze + Zeitraum + Prüfnachweis; bei Datenlücke konservative Default-/Proxylogik markieren,public_research: strukturell vollständig; wissenschaftliche Validierung empfohlen,public research; not official; formula-ready; benchmark calibration required; source mapped; exact disclosure missing
WOK-E-204,E / Umwelt,Planet,Wasser,SDG 14 – Unter Wasser,14.c,Schifffahrt Emissionen/Spill,Schifffahrt Emissionen/Spill – Intensität,Energie je Output/Umsatz,kWh/€ Mio bzw. kWh/t,lower_is_better,lower_is_better_abs,benchmark_relative_calibration_required,UN_SDG_GOALS; UN_SDG_INDICATORS; UN_SDG_METADATA; EUROSTAT_NACE; EC_CSRD; EFRAG_ESRS_SET1; EFRAG_ESRS_IG; GHG_PROTOCOL_SCOPE3; GHG_PROTOCOL_PRODUCT; ISO_14064,lower_is_better_metric,"Wert = gemessene Belastung, Risiko- oder Intensitätskennzahl je funktionaler Einheit; niedriger ist besser.","AutoScore = ScoreByThreshold(Messwert, Schwellen='Top‑10%:+3; Mittel:0; >150%:‑2; >250%:‑3', Polarity='lower_is_better', Archetype='lower_is_better_abs'). BenchmarkScore = ScoreByBenchmark(Messwert, BM, BM_150pct, BM_250pct). FinalScore = MIN(AutoScore, BenchmarkScore, RedLineScore). Tax_Rate = WUStG-Mapping(FinalScore).",Top‑10%:+3; Mittel:0; >150%:‑2; >250%:‑3,1.0,1.5,2.5,Nein,"mittel: limited assurance, später reasonable assurance je Relevanz",Quelle + Einheit + Systemgrenze + Zeitraum + Prüfnachweis; bei Datenlücke konservative Default-/Proxylogik markieren,public_research: operationalisierbar; empirische Benchmark-Kalibrierung erforderlich,public research; not official; formula-ready; benchmark calibration required; source mapped; exact disclosure missing
WOK-E-205,E / Umwelt,Planet,Wasser,SDG 14 – Unter Wasser,14.c,Schifffahrt Emissionen/Spill,Schifffahrt Emissionen/Spill – Effizienz (PUE)*,Effizienz Rechenzentrum/IT‑Betrieb (falls zutreffend),PUE,lower_is_better,pue,threshold_numeric_and_benchmark,UN_SDG_GOALS; UN_SDG_INDICATORS; UN_SDG_METADATA; EUROSTAT_NACE; EC_CSRD; EFRAG_ESRS_SET1; EFRAG_ESRS_IG; GHG_PROTOCOL_SCOPE3; GHG_PROTOCOL_PRODUCT; ISO_14064; ISO_14067; ISO_IEC_27701,pue,PUE = Gesamtenergie Rechenzentrum / IT-Energie; Klimazone und Messzeitraum offenlegen.,"AutoScore = ScoreByThreshold(Messwert, Schwellen='≤1,2:+3; 1,21–1,4:+2; 1,41–1,6:0; 1,61–1,8:‑2; >1,8:‑3', Polarity='lower_is_better', Archetype='pue'). BenchmarkScore = ScoreByBenchmark(Messwert, BM, BM_150pct, BM_250pct). FinalScore = MIN(AutoScore, BenchmarkScore, RedLineScore). Tax_Rate = WUStG-Mapping(FinalScore).","≤1,2:+3; 1,21–1,4:+2; 1,41–1,6:0; 1,61–1,8:‑2; >1,8:‑3",1.505,2.2575,3.7625,Nein,"mittel: limited assurance, später reasonable assurance je Relevanz",Quelle + Einheit + Systemgrenze + Zeitraum + Prüfnachweis; bei Datenlücke konservative Default-/Proxylogik markieren,public_research: operationalisierbar; empirische Benchmark-Kalibrierung erforderlich,public research; not official; formula-ready; benchmark calibration required; source mapped; exact disclosure missing
WOK-E-206,E / Umwelt,Planet,Biodiversität/Boden,SDG 15 – An Land,15.5,Biodiversität Nettoeffekt,Biodiversität Nettoeffekt – Nettoeffekt,Net Gain/No Net Loss/Net Loss,Qualitativ → Klasse,higher_is_better,higher_is_better_abs,qualitative_biodiversity,UN_SDG_GOALS; UN_SDG_INDICATORS; UN_SDG_METADATA; EUROSTAT_NACE; EC_CSRD; EFRAG_ESRS_SET1; EFRAG_ESRS_IG; CBD_GBF; EN_15978,indicator_specific,"Wert gemäß definierter Messgröße; Zähler, Nenner, Einheit, Systemgrenze und Zeitraum je WÖk-ID dokumentieren.","AutoScore = ScoreByThreshold(Messwert, Schwellen='Net Gain:+3; No Net Loss:0; Net Loss:‑2/‑3', Polarity='higher_is_better', Archetype='higher_is_better_abs'). BenchmarkScore = ScoreByBenchmark(Messwert, BM, BM_150pct, BM_250pct). FinalScore = MIN(AutoScore, BenchmarkScore, RedLineScore). Tax_Rate = WUStG-Mapping(FinalScore).",Net Gain:+3; No Net Loss:0; Net Loss:‑2/‑3,0.5,0.75,0.9,Ja,hoch: externe Prüfung / reasonable assurance für kritische Risiken,Quelle + Einheit + Systemgrenze + Zeitraum + Prüfnachweis; bei Datenlücke konservative Default-/Proxylogik markieren,public_research: operationalisierbar; empirische Benchmark-Kalibrierung erforderlich,public research; not official; formula-ready; qualitative review required; red line; source mapped; exact disclosure missing
WOK-E-207,E / Umwelt,Planet,Biodiversität/Boden,SDG 15 – An Land,15.5,Biodiversität Nettoeffekt,Biodiversität Nettoeffekt – Landumwandlung,Neue Flächen mit hohem Risiko,ha/Jahr,lower_is_better,lower_is_better_abs,threshold_numeric_and_benchmark,UN_SDG_GOALS; UN_SDG_INDICATORS; UN_SDG_METADATA; EUROSTAT_NACE; EC_CSRD; EFRAG_ESRS_SET1; EFRAG_ESRS_IG; CBD_GBF; EN_15978,lower_is_better_metric,"Wert = gemessene Belastung, Risiko- oder Intensitätskennzahl je funktionaler Einheit; niedriger ist besser.","AutoScore = ScoreByThreshold(Messwert, Schwellen='0:+3; ≤1:+2; ≤3:0; ≤5:‑2; >5:‑3', Polarity='lower_is_better', Archetype='lower_is_better_abs'). BenchmarkScore = ScoreByBenchmark(Messwert, BM, BM_150pct, BM_250pct). FinalScore = MIN(AutoScore, BenchmarkScore, RedLineScore). Tax_Rate = WUStG-Mapping(FinalScore).",0:+3; ≤1:+2; ≤3:0; ≤5:‑2; >5:‑3,3.0,4.5,7.5,Ja,hoch: externe Prüfung / reasonable assurance für kritische Risiken,Quelle + Einheit + Systemgrenze + Zeitraum + Prüfnachweis; bei Datenlücke konservative Default-/Proxylogik markieren,public_research: operationalisierbar; empirische Benchmark-Kalibrierung erforderlich,public research; not official; formula-ready; benchmark calibration required; red line; source mapped; exact disclosure missing
WOK-E-208,E / Umwelt,Planet,Biodiversität/Boden,SDG 15 – An Land,15.5,Biodiversität Nettoeffekt,Biodiversität Nettoeffekt – Deforestationsfrei,Anteil deforestationsfreie Rohstoffe,%,higher_is_better,higher_is_better_pct,threshold_numeric_and_benchmark,UN_SDG_GOALS; UN_SDG_INDICATORS; UN_SDG_METADATA; EUROSTAT_NACE; EC_CSRD; EFRAG_ESRS_SET1; EFRAG_ESRS_IG; CBD_GBF; EN_15978,share_percent,Zähler: erfüllte / abgedeckte Fälle; Nenner: relevante Grundgesamtheit; Wert = Zähler / Nenner * 100.,"AutoScore = ScoreByThreshold(Messwert, Schwellen='≥98:+3; 90–97:+2; 75–89:0; 50–74:‑2; <50:‑3', Polarity='higher_is_better', Archetype='higher_is_better_pct'). BenchmarkScore = ScoreByBenchmark(Messwert, BM, BM_150pct, BM_250pct). FinalScore = MIN(AutoScore, BenchmarkScore, RedLineScore). Tax_Rate = WUStG-Mapping(FinalScore).",≥98:+3; 90–97:+2; 75–89:0; 50–74:‑2; <50:‑3,82.0,100.0,100.0,Ja,hoch: externe Prüfung / reasonable assurance für kritische Risiken,Quelle + Einheit + Systemgrenze + Zeitraum + Prüfnachweis; bei Datenlücke konservative Default-/Proxylogik markieren,public_research: operationalisierbar; empirische Benchmark-Kalibrierung erforderlich,public research; not official; formula-ready; benchmark calibration required; red line; source mapped; exact disclosure missing
WOK-SC-134,SC / Lieferkette,Planet,Biodiversität/Boden,SDG 15 – An Land,15.2,Entwaldungsfrei,Entwaldungsfrei – ESG‑Spend‑Coverage,Anteil verifizierter ESG‑Daten am Spend,%,higher_is_better,higher_is_better_pct,threshold_numeric_and_benchmark,UN_SDG_GOALS; UN_SDG_INDICATORS; UN_SDG_METADATA; EUROSTAT_NACE; EC_CSRD; EFRAG_ESRS_SET1; EFRAG_ESRS_IG; GRI_STANDARDS; GRI_DOWNLOAD,share_percent,Zähler: erfüllte / abgedeckte Fälle; Nenner: relevante Grundgesamtheit; Wert = Zähler / Nenner * 100.,"AutoScore = ScoreByThreshold(Messwert, Schwellen='≥90:+3; 70–89:+2; 50–69:0; 30–49:‑2; <30:‑3', Polarity='higher_is_better', Archetype='higher_is_better_pct'). BenchmarkScore = ScoreByBenchmark(Messwert, BM, BM_150pct, BM_250pct). FinalScore = MIN(AutoScore, BenchmarkScore, RedLineScore). Tax_Rate = WUStG-Mapping(FinalScore).",≥90:+3; 70–89:+2; 50–69:0; 30–49:‑2; <30:‑3,59.5,89.25,100.0,Ja,hoch: externe Prüfung / reasonable assurance für kritische Risiken,Quelle + Einheit + Systemgrenze + Zeitraum + Prüfnachweis; bei Datenlücke konservative Default-/Proxylogik markieren,public_research: operationalisierbar; empirische Benchmark-Kalibrierung erforderlich,public research; not official; formula-ready; benchmark calibration required; red line; source mapped; exact disclosure missing
WOK-SC-135,SC / Lieferkette,Planet,Biodiversität/Boden,SDG 15 – An Land,15.2,Entwaldungsfrei,Entwaldungsfrei – Kinder/Zwangsarbeit,Audits ohne Verstöße,% Lieferanten,higher_is_better,higher_is_better_pct,threshold_numeric_and_benchmark,UN_SDG_GOALS; UN_SDG_INDICATORS; UN_SDG_METADATA; EUROSTAT_NACE; EC_CSRD; EFRAG_ESRS_SET1; EFRAG_ESRS_IG; GRI_STANDARDS; GRI_DOWNLOAD; OECD_RBC_DD,share_percent,Zähler: erfüllte / abgedeckte Fälle; Nenner: relevante Grundgesamtheit; Wert = Zähler / Nenner * 100.,"AutoScore = ScoreByThreshold(Messwert, Schwellen='≥98:+3; 90–97:+2; 75–89:0; 50–74:‑2; <50:‑3', Polarity='higher_is_better', Archetype='higher_is_better_pct'). BenchmarkScore = ScoreByBenchmark(Messwert, BM, BM_150pct, BM_250pct). FinalScore = MIN(AutoScore, BenchmarkScore, RedLineScore). Tax_Rate = WUStG-Mapping(FinalScore).",≥98:+3; 90–97:+2; 75–89:0; 50–74:‑2; <50:‑3,82.0,100.0,100.0,Ja,hoch: externe Prüfung / reasonable assurance für kritische Risiken,Quelle + Einheit + Systemgrenze + Zeitraum + Prüfnachweis; bei Datenlücke konservative Default-/Proxylogik markieren,public_research: operationalisierbar; empirische Benchmark-Kalibrierung erforderlich,public research; not official; formula-ready; benchmark calibration required; red line; source mapped; exact disclosure missing
WOK-SC-136,SC / Lieferkette,Planet,Biodiversität/Boden,SDG 15 – An Land,15.2,Entwaldungsfrei,Entwaldungsfrei – Scope‑3 Daten,Primärdaten‑Abdeckung,% Kategorien,higher_is_better,higher_is_better_pct,threshold_numeric_and_benchmark,UN_SDG_GOALS; UN_SDG_INDICATORS; UN_SDG_METADATA; EUROSTAT_NACE; EC_CSRD; EFRAG_ESRS_SET1; EFRAG_ESRS_IG; GHG_PROTOCOL_SCOPE3; GHG_PROTOCOL_PRODUCT; ISO_14064,share_percent,Zähler: erfüllte / abgedeckte Fälle; Nenner: relevante Grundgesamtheit; Wert = Zähler / Nenner * 100.,"AutoScore = ScoreByThreshold(Messwert, Schwellen='≥80:+3; 60–79:+2; 40–59:0; 20–39:‑2; <20:‑3', Polarity='higher_is_better', Archetype='higher_is_better_pct'). BenchmarkScore = ScoreByBenchmark(Messwert, BM, BM_150pct, BM_250pct). FinalScore = MIN(AutoScore, BenchmarkScore, RedLineScore). Tax_Rate = WUStG-Mapping(FinalScore).",≥80:+3; 60–79:+2; 40–59:0; 20–39:‑2; <20:‑3,49.5,74.25,100.0,Ja,hoch: externe Prüfung / reasonable assurance für kritische Risiken,Quelle + Einheit + Systemgrenze + Zeitraum + Prüfnachweis; bei Datenlücke konservative Default-/Proxylogik markieren,public_research: operationalisierbar; empirische Benchmark-Kalibrierung erforderlich,public research; not official; formula-ready; benchmark calibration required; red line; source mapped; exact disclosure missing
WOK-E-209,E / Umwelt,Planet,Biodiversität/Boden,SDG 15 – An Land,15.1,Landumwandlung,Landumwandlung – Nettoeffekt,Net Gain/No Net Loss/Net Loss,Qualitativ → Klasse,higher_is_better,higher_is_better_abs,qualitative_biodiversity,UN_SDG_GOALS; UN_SDG_INDICATORS; UN_SDG_METADATA; EUROSTAT_NACE; EC_CSRD; EFRAG_ESRS_SET1; EFRAG_ESRS_IG; CBD_GBF; EN_15978,indicator_specific,"Wert gemäß definierter Messgröße; Zähler, Nenner, Einheit, Systemgrenze und Zeitraum je WÖk-ID dokumentieren.","AutoScore = ScoreByThreshold(Messwert, Schwellen='Net Gain:+3; No Net Loss:0; Net Loss:‑2/‑3', Polarity='higher_is_better', Archetype='higher_is_better_abs'). BenchmarkScore = ScoreByBenchmark(Messwert, BM, BM_150pct, BM_250pct). FinalScore = MIN(AutoScore, BenchmarkScore, RedLineScore). Tax_Rate = WUStG-Mapping(FinalScore).",Net Gain:+3; No Net Loss:0; Net Loss:‑2/‑3,0.5,0.75,0.9,Nein,"mittel: limited assurance, später reasonable assurance je Relevanz",Quelle + Einheit + Systemgrenze + Zeitraum + Prüfnachweis; bei Datenlücke konservative Default-/Proxylogik markieren,public_research: operationalisierbar; empirische Benchmark-Kalibrierung erforderlich,public research; not official; formula-ready; qualitative review required; source mapped; exact disclosure missing
WOK-E-210,E / Umwelt,Planet,Biodiversität/Boden,SDG 15 – An Land,15.1,Landumwandlung,Landumwandlung – Landumwandlung,Neue Flächen mit hohem Risiko,ha/Jahr,lower_is_better,lower_is_better_abs,threshold_numeric_and_benchmark,UN_SDG_GOALS; UN_SDG_INDICATORS; UN_SDG_METADATA; EUROSTAT_NACE; EC_CSRD; EFRAG_ESRS_SET1; EFRAG_ESRS_IG; CBD_GBF; EN_15978,lower_is_better_metric,"Wert = gemessene Belastung, Risiko- oder Intensitätskennzahl je funktionaler Einheit; niedriger ist besser.","AutoScore = ScoreByThreshold(Messwert, Schwellen='0:+3; ≤1:+2; ≤3:0; ≤5:‑2; >5:‑3', Polarity='lower_is_better', Archetype='lower_is_better_abs'). BenchmarkScore = ScoreByBenchmark(Messwert, BM, BM_150pct, BM_250pct). FinalScore = MIN(AutoScore, BenchmarkScore, RedLineScore). Tax_Rate = WUStG-Mapping(FinalScore).",0:+3; ≤1:+2; ≤3:0; ≤5:‑2; >5:‑3,3.0,4.5,7.5,Nein,"mittel: limited assurance, später reasonable assurance je Relevanz",Quelle + Einheit + Systemgrenze + Zeitraum + Prüfnachweis; bei Datenlücke konservative Default-/Proxylogik markieren,public_research: operationalisierbar; empirische Benchmark-Kalibrierung erforderlich,public research; not official; formula-ready; benchmark calibration required; source mapped; exact disclosure missing
WOK-E-211,E / Umwelt,Planet,Biodiversität/Boden,SDG 15 – An Land,15.1,Landumwandlung,Landumwandlung – Deforestationsfrei,Anteil deforestationsfreie Rohstoffe,%,higher_is_better,higher_is_better_pct,threshold_numeric_and_benchmark,UN_SDG_GOALS; UN_SDG_INDICATORS; UN_SDG_METADATA; EUROSTAT_NACE; EC_CSRD; EFRAG_ESRS_SET1; EFRAG_ESRS_IG; CBD_GBF; EN_15978,share_percent,Zähler: erfüllte / abgedeckte Fälle; Nenner: relevante Grundgesamtheit; Wert = Zähler / Nenner * 100.,"AutoScore = ScoreByThreshold(Messwert, Schwellen='≥98:+3; 90–97:+2; 75–89:0; 50–74:‑2; <50:‑3', Polarity='higher_is_better', Archetype='higher_is_better_pct'). BenchmarkScore = ScoreByBenchmark(Messwert, BM, BM_150pct, BM_250pct). FinalScore = MIN(AutoScore, BenchmarkScore, RedLineScore). Tax_Rate = WUStG-Mapping(FinalScore).",≥98:+3; 90–97:+2; 75–89:0; 50–74:‑2; <50:‑3,82.0,100.0,100.0,Nein,"mittel: limited assurance, später reasonable assurance je Relevanz",Quelle + Einheit + Systemgrenze + Zeitraum + Prüfnachweis; bei Datenlücke konservative Default-/Proxylogik markieren,public_research: operationalisierbar; empirische Benchmark-Kalibrierung erforderlich,public research; not official; formula-ready; benchmark calibration required; source mapped; exact disclosure missing
WOK-G-170,G / Governance,Planet,Biodiversität/Boden,SDG 15 – An Land,15.5,Naturschutz‑Compliance,Naturschutz‑Compliance – Antikorruption,Bestätigte Fälle/1.000 FTE,Fälle/1.000 FTE,lower_is_better,near_zero_better,threshold_numeric_and_benchmark,UN_SDG_GOALS; UN_SDG_INDICATORS; UN_SDG_METADATA; EUROSTAT_NACE; EC_CSRD; EFRAG_ESRS_SET1; EFRAG_ESRS_IG; GRI_STANDARDS; GRI_DOWNLOAD; OECD_ANTI_BRIBERY,compliance_index,Wert = erfüllte Kriterien / anwendbare Kriterien oder Auditstatus; Verstöße separat als rote Linie kennzeichnen.,"AutoScore = ScoreByThreshold(Messwert, Schwellen='0:+3; ≤0,2:+2; ≤0,5:0; ≤1:‑2; >1:‑3', Polarity='lower_is_better', Archetype='near_zero_better'). BenchmarkScore = ScoreByBenchmark(Messwert, BM, BM_150pct, BM_250pct). FinalScore = MIN(AutoScore, BenchmarkScore, RedLineScore). Tax_Rate = WUStG-Mapping(FinalScore).","0:+3; ≤0,2:+2; ≤0,5:0; ≤1:‑2; >1:‑3",0.5,0.75,1.25,Ja,hoch: externe Prüfung / reasonable assurance für kritische Risiken,Quelle + Einheit + Systemgrenze + Zeitraum + Prüfnachweis; bei Datenlücke konservative Default-/Proxylogik markieren,public_research: operationalisierbar; empirische Benchmark-Kalibrierung erforderlich,public research; not official; formula-ready; benchmark calibration required; red line; source mapped; exact disclosure missing
WOK-G-171,G / Governance,Planet,Biodiversität/Boden,SDG 15 – An Land,15.5,Naturschutz‑Compliance,Naturschutz‑Compliance – Whistleblowing,Wirksamkeits‑Score,0–1,higher_is_better,higher_is_better_abs,threshold_numeric_and_benchmark,UN_SDG_GOALS; UN_SDG_INDICATORS; UN_SDG_METADATA; EUROSTAT_NACE; EC_CSRD; EFRAG_ESRS_SET1; EFRAG_ESRS_IG; GRI_STANDARDS; GRI_DOWNLOAD; OECD_ANTI_BRIBERY,index_0_1,"Wert = gewichteter Kriterienindex von 0 bis 1; Kriterien, Gewichtung und Nachweis je WÖk-ID offenlegen.","AutoScore = ScoreByThreshold(Messwert, Schwellen='≥0,9:+3; 0,75–0,89:+2; 0,6–0,74:0; 0,4–0,59:‑2; <0,4:‑3', Polarity='higher_is_better', Archetype='higher_is_better_abs'). BenchmarkScore = ScoreByBenchmark(Messwert, BM, BM_150pct, BM_250pct). FinalScore = MIN(AutoScore, BenchmarkScore, RedLineScore). Tax_Rate = WUStG-Mapping(FinalScore).","≥0,9:+3; 0,75–0,89:+2; 0,6–0,74:0; 0,4–0,59:‑2; <0,4:‑3",0.6699999999999999,1.0,1.0,Ja,hoch: externe Prüfung / reasonable assurance für kritische Risiken,Quelle + Einheit + Systemgrenze + Zeitraum + Prüfnachweis; bei Datenlücke konservative Default-/Proxylogik markieren,public_research: operationalisierbar; empirische Benchmark-Kalibrierung erforderlich,public research; not official; formula-ready; benchmark calibration required; red line; source mapped; exact disclosure missing
WOK-G-172,G / Governance,Planet,Biodiversität/Boden,SDG 15 – An Land,15.5,Naturschutz‑Compliance,Naturschutz‑Compliance – Steuertransparenz,CbCR‑Offenlegung,0–1,higher_is_better,higher_is_better_abs,qualitative_ordinal,UN_SDG_GOALS; UN_SDG_INDICATORS; UN_SDG_METADATA; EUROSTAT_NACE; EC_CSRD; EFRAG_ESRS_SET1; EFRAG_ESRS_IG; GRI_STANDARDS; GRI_DOWNLOAD; OECD_ANTI_BRIBERY,index_0_1,"Wert = gewichteter Kriterienindex von 0 bis 1; Kriterien, Gewichtung und Nachweis je WÖk-ID offenlegen.","AutoScore = ScoreByThreshold(Messwert, Schwellen='vollständig:+3; teilweise:+2; minimal:0; schlecht:‑2', Polarity='higher_is_better', Archetype='higher_is_better_abs'). BenchmarkScore = ScoreByBenchmark(Messwert, BM, BM_150pct, BM_250pct). FinalScore = MIN(AutoScore, BenchmarkScore, RedLineScore). Tax_Rate = WUStG-Mapping(FinalScore).",vollständig:+3; teilweise:+2; minimal:0; schlecht:‑2,0.5,0.75,0.9,Ja,hoch: externe Prüfung / reasonable assurance für kritische Risiken,Quelle + Einheit + Systemgrenze + Zeitraum + Prüfnachweis; bei Datenlücke konservative Default-/Proxylogik markieren,public_research: operationalisierbar; empirische Benchmark-Kalibrierung erforderlich,public research; not official; formula-ready; qualitative review required; red line; source mapped; exact disclosure missing
WOK-E-212,E / Umwelt,Planet,Biodiversität/Boden,SDG 15 – An Land,15.3,Bodenversiegelung,Bodenversiegelung – Nettoeffekt,Net Gain/No Net Loss/Net Loss,Qualitativ → Klasse,higher_is_better,higher_is_better_abs,qualitative_biodiversity,UN_SDG_GOALS; UN_SDG_INDICATORS; UN_SDG_METADATA; EUROSTAT_NACE; EC_CSRD; EFRAG_ESRS_SET1; EFRAG_ESRS_IG; CBD_GBF; EN_15978,indicator_specific,"Wert gemäß definierter Messgröße; Zähler, Nenner, Einheit, Systemgrenze und Zeitraum je WÖk-ID dokumentieren.","AutoScore = ScoreByThreshold(Messwert, Schwellen='Net Gain:+3; No Net Loss:0; Net Loss:‑2/‑3', Polarity='higher_is_better', Archetype='higher_is_better_abs'). BenchmarkScore = ScoreByBenchmark(Messwert, BM, BM_150pct, BM_250pct). FinalScore = MIN(AutoScore, BenchmarkScore, RedLineScore). Tax_Rate = WUStG-Mapping(FinalScore).",Net Gain:+3; No Net Loss:0; Net Loss:‑2/‑3,0.5,0.75,0.9,Nein,"mittel: limited assurance, später reasonable assurance je Relevanz",Quelle + Einheit + Systemgrenze + Zeitraum + Prüfnachweis; bei Datenlücke konservative Default-/Proxylogik markieren,public_research: operationalisierbar; empirische Benchmark-Kalibrierung erforderlich,public research; not official; formula-ready; qualitative review required; source mapped; exact disclosure missing
WOK-E-213,E / Umwelt,Planet,Biodiversität/Boden,SDG 15 – An Land,15.3,Bodenversiegelung,Bodenversiegelung – Landumwandlung,Neue Flächen mit hohem Risiko,ha/Jahr,lower_is_better,lower_is_better_abs,threshold_numeric_and_benchmark,UN_SDG_GOALS; UN_SDG_INDICATORS; UN_SDG_METADATA; EUROSTAT_NACE; EC_CSRD; EFRAG_ESRS_SET1; EFRAG_ESRS_IG; CBD_GBF; EN_15978,lower_is_better_metric,"Wert = gemessene Belastung, Risiko- oder Intensitätskennzahl je funktionaler Einheit; niedriger ist besser.","AutoScore = ScoreByThreshold(Messwert, Schwellen='0:+3; ≤1:+2; ≤3:0; ≤5:‑2; >5:‑3', Polarity='lower_is_better', Archetype='lower_is_better_abs'). BenchmarkScore = ScoreByBenchmark(Messwert, BM, BM_150pct, BM_250pct). FinalScore = MIN(AutoScore, BenchmarkScore, RedLineScore). Tax_Rate = WUStG-Mapping(FinalScore).",0:+3; ≤1:+2; ≤3:0; ≤5:‑2; >5:‑3,3.0,4.5,7.5,Nein,"mittel: limited assurance, später reasonable assurance je Relevanz",Quelle + Einheit + Systemgrenze + Zeitraum + Prüfnachweis; bei Datenlücke konservative Default-/Proxylogik markieren,public_research: operationalisierbar; empirische Benchmark-Kalibrierung erforderlich,public research; not official; formula-ready; benchmark calibration required; source mapped; exact disclosure missing
WOK-E-214,E / Umwelt,Planet,Biodiversität/Boden,SDG 15 – An Land,15.3,Bodenversiegelung,Bodenversiegelung – Deforestationsfrei,Anteil deforestationsfreie Rohstoffe,%,higher_is_better,higher_is_better_pct,threshold_numeric_and_benchmark,UN_SDG_GOALS; UN_SDG_INDICATORS; UN_SDG_METADATA; EUROSTAT_NACE; EC_CSRD; EFRAG_ESRS_SET1; EFRAG_ESRS_IG; CBD_GBF; EN_15978,share_percent,Zähler: erfüllte / abgedeckte Fälle; Nenner: relevante Grundgesamtheit; Wert = Zähler / Nenner * 100.,"AutoScore = ScoreByThreshold(Messwert, Schwellen='≥98:+3; 90–97:+2; 75–89:0; 50–74:‑2; <50:‑3', Polarity='higher_is_better', Archetype='higher_is_better_pct'). BenchmarkScore = ScoreByBenchmark(Messwert, BM, BM_150pct, BM_250pct). FinalScore = MIN(AutoScore, BenchmarkScore, RedLineScore). Tax_Rate = WUStG-Mapping(FinalScore).",≥98:+3; 90–97:+2; 75–89:0; 50–74:‑2; <50:‑3,82.0,100.0,100.0,Nein,"mittel: limited assurance, später reasonable assurance je Relevanz",Quelle + Einheit + Systemgrenze + Zeitraum + Prüfnachweis; bei Datenlücke konservative Default-/Proxylogik markieren,public_research: operationalisierbar; empirische Benchmark-Kalibrierung erforderlich,public research; not official; formula-ready; benchmark calibration required; source mapped; exact disclosure missing
WOK-SYS-143,SYS / System,Planet,Biodiversität/Boden,SDG 15 – An Land,15.5,Kooperationen Naturschutz,Kooperationen Naturschutz – Index,umsatzgewichteter Index (z. B. Demokratie/Rule of Law),0–1,higher_is_better,higher_is_better_abs,threshold_numeric_and_benchmark,UN_SDG_GOALS; UN_SDG_INDICATORS; UN_SDG_METADATA; EUROSTAT_NACE; WJP_RULE_OF_LAW; VDEM; SOCIAL_VALUE_SROI,index_0_1,"Wert = gewichteter Kriterienindex von 0 bis 1; Kriterien, Gewichtung und Nachweis je WÖk-ID offenlegen.","AutoScore = ScoreByThreshold(Messwert, Schwellen='≥0,8:+3; 0,7–0,79:+2; 0,6–0,69:0; 0,5–0,59:‑2; <0,5:‑3', Polarity='higher_is_better', Archetype='higher_is_better_abs'). BenchmarkScore = ScoreByBenchmark(Messwert, BM, BM_150pct, BM_250pct). FinalScore = MIN(AutoScore, BenchmarkScore, RedLineScore). Tax_Rate = WUStG-Mapping(FinalScore).","≥0,8:+3; 0,7–0,79:+2; 0,6–0,69:0; 0,5–0,59:‑2; <0,5:‑3",0.645,0.9675,1.0,Ja,hoch: externe Prüfung / reasonable assurance für kritische Risiken,Quelle + Einheit + Systemgrenze + Zeitraum + Prüfnachweis; bei Datenlücke konservative Default-/Proxylogik markieren,public_research: operationalisierbar; empirische Benchmark-Kalibrierung erforderlich,public research; not official; formula-ready; benchmark calibration required; red line; source mapped; exact disclosure missing
WOK-SYS-144,SYS / System,Planet,Biodiversität/Boden,SDG 15 – An Land,15.5,Kooperationen Naturschutz,Kooperationen Naturschutz – Exposure,Umsatz in Hochrisikoländern,%,lower_is_better,lower_is_better_abs,threshold_numeric_and_benchmark,UN_SDG_GOALS; UN_SDG_INDICATORS; UN_SDG_METADATA; EUROSTAT_NACE; SOCIAL_VALUE_SROI,share_percent,Zähler: erfüllte / abgedeckte Fälle; Nenner: relevante Grundgesamtheit; Wert = Zähler / Nenner * 100.,"AutoScore = ScoreByThreshold(Messwert, Schwellen='≤5:+3; 6–10:+2; 11–20:0; 21–30:‑2; >30:‑3', Polarity='lower_is_better', Archetype='lower_is_better_abs'). BenchmarkScore = ScoreByBenchmark(Messwert, BM, BM_150pct, BM_250pct). FinalScore = MIN(AutoScore, BenchmarkScore, RedLineScore). Tax_Rate = WUStG-Mapping(FinalScore).",≤5:+3; 6–10:+2; 11–20:0; 21–30:‑2; >30:‑3,15.5,23.25,38.75,Ja,hoch: externe Prüfung / reasonable assurance für kritische Risiken,Quelle + Einheit + Systemgrenze + Zeitraum + Prüfnachweis; bei Datenlücke konservative Default-/Proxylogik markieren,public_research: operationalisierbar; empirische Benchmark-Kalibrierung erforderlich,public research; not official; formula-ready; benchmark calibration required; red line; source mapped; exact disclosure missing
WOK-SYS-145,SYS / System,Planet,Biodiversität/Boden,SDG 15 – An Land,15.5,Kooperationen Naturschutz,Kooperationen Naturschutz – Kooperationen,"aktive, evaluierte Partnerschaften/Jahr",#/Jahr,higher_is_better,higher_is_better_abs,threshold_numeric_and_benchmark,UN_SDG_GOALS; UN_SDG_INDICATORS; UN_SDG_METADATA; EUROSTAT_NACE; WJP_RULE_OF_LAW; VDEM; SOCIAL_VALUE_SROI,indicator_specific,"Wert gemäß definierter Messgröße; Zähler, Nenner, Einheit, Systemgrenze und Zeitraum je WÖk-ID dokumentieren.","AutoScore = ScoreByThreshold(Messwert, Schwellen='≥5:+3; 3–4:+2; 1–2:0; 0:‑2', Polarity='higher_is_better', Archetype='higher_is_better_abs'). BenchmarkScore = ScoreByBenchmark(Messwert, BM, BM_150pct, BM_250pct). FinalScore = MIN(AutoScore, BenchmarkScore, RedLineScore). Tax_Rate = WUStG-Mapping(FinalScore).",≥5:+3; 3–4:+2; 1–2:0; 0:‑2,1.5,2.25,3.75,Ja,hoch: externe Prüfung / reasonable assurance für kritische Risiken,Quelle + Einheit + Systemgrenze + Zeitraum + Prüfnachweis; bei Datenlücke konservative Default-/Proxylogik markieren,public_research: operationalisierbar; empirische Benchmark-Kalibrierung erforderlich,public research; not official; formula-ready; benchmark calibration required; red line; source mapped; exact disclosure missing
WOK-E-215,E / Umwelt,Planet,Biodiversität/Boden,SDG 15 – An Land,15.8,Invasive Arten Management,Invasive Arten Management – Nettoeffekt,Net Gain/No Net Loss/Net Loss,Qualitativ → Klasse,higher_is_better,higher_is_better_abs,qualitative_biodiversity,UN_SDG_GOALS; UN_SDG_INDICATORS; UN_SDG_METADATA; EUROSTAT_NACE; EC_CSRD; EFRAG_ESRS_SET1; EFRAG_ESRS_IG; CBD_GBF; EN_15978,indicator_specific,"Wert gemäß definierter Messgröße; Zähler, Nenner, Einheit, Systemgrenze und Zeitraum je WÖk-ID dokumentieren.","AutoScore = ScoreByThreshold(Messwert, Schwellen='Net Gain:+3; No Net Loss:0; Net Loss:‑2/‑3', Polarity='higher_is_better', Archetype='higher_is_better_abs'). BenchmarkScore = ScoreByBenchmark(Messwert, BM, BM_150pct, BM_250pct). FinalScore = MIN(AutoScore, BenchmarkScore, RedLineScore). Tax_Rate = WUStG-Mapping(FinalScore).",Net Gain:+3; No Net Loss:0; Net Loss:‑2/‑3,0.5,0.75,0.9,Nein,"mittel: limited assurance, später reasonable assurance je Relevanz",Quelle + Einheit + Systemgrenze + Zeitraum + Prüfnachweis; bei Datenlücke konservative Default-/Proxylogik markieren,public_research: operationalisierbar; empirische Benchmark-Kalibrierung erforderlich,public research; not official; formula-ready; qualitative review required; source mapped; exact disclosure missing
WOK-E-216,E / Umwelt,Planet,Biodiversität/Boden,SDG 15 – An Land,15.8,Invasive Arten Management,Invasive Arten Management – Landumwandlung,Neue Flächen mit hohem Risiko,ha/Jahr,lower_is_better,lower_is_better_abs,threshold_numeric_and_benchmark,UN_SDG_GOALS; UN_SDG_INDICATORS; UN_SDG_METADATA; EUROSTAT_NACE; EC_CSRD; EFRAG_ESRS_SET1; EFRAG_ESRS_IG; CBD_GBF; EN_15978,lower_is_better_metric,"Wert = gemessene Belastung, Risiko- oder Intensitätskennzahl je funktionaler Einheit; niedriger ist besser.","AutoScore = ScoreByThreshold(Messwert, Schwellen='0:+3; ≤1:+2; ≤3:0; ≤5:‑2; >5:‑3', Polarity='lower_is_better', Archetype='lower_is_better_abs'). BenchmarkScore = ScoreByBenchmark(Messwert, BM, BM_150pct, BM_250pct). FinalScore = MIN(AutoScore, BenchmarkScore, RedLineScore). Tax_Rate = WUStG-Mapping(FinalScore).",0:+3; ≤1:+2; ≤3:0; ≤5:‑2; >5:‑3,3.0,4.5,7.5,Nein,"mittel: limited assurance, später reasonable assurance je Relevanz",Quelle + Einheit + Systemgrenze + Zeitraum + Prüfnachweis; bei Datenlücke konservative Default-/Proxylogik markieren,public_research: operationalisierbar; empirische Benchmark-Kalibrierung erforderlich,public research; not official; formula-ready; benchmark calibration required; source mapped; exact disclosure missing
WOK-E-217,E / Umwelt,Planet,Biodiversität/Boden,SDG 15 – An Land,15.8,Invasive Arten Management,Invasive Arten Management – Deforestationsfrei,Anteil deforestationsfreie Rohstoffe,%,higher_is_better,higher_is_better_pct,threshold_numeric_and_benchmark,UN_SDG_GOALS; UN_SDG_INDICATORS; UN_SDG_METADATA; EUROSTAT_NACE; EC_CSRD; EFRAG_ESRS_SET1; EFRAG_ESRS_IG; CBD_GBF; EN_15978,share_percent,Zähler: erfüllte / abgedeckte Fälle; Nenner: relevante Grundgesamtheit; Wert = Zähler / Nenner * 100.,"AutoScore = ScoreByThreshold(Messwert, Schwellen='≥98:+3; 90–97:+2; 75–89:0; 50–74:‑2; <50:‑3', Polarity='higher_is_better', Archetype='higher_is_better_pct'). BenchmarkScore = ScoreByBenchmark(Messwert, BM, BM_150pct, BM_250pct). FinalScore = MIN(AutoScore, BenchmarkScore, RedLineScore). Tax_Rate = WUStG-Mapping(FinalScore).",≥98:+3; 90–97:+2; 75–89:0; 50–74:‑2; <50:‑3,82.0,100.0,100.0,Nein,"mittel: limited assurance, später reasonable assurance je Relevanz",Quelle + Einheit + Systemgrenze + Zeitraum + Prüfnachweis; bei Datenlücke konservative Default-/Proxylogik markieren,public_research: operationalisierbar; empirische Benchmark-Kalibrierung erforderlich,public research; not official; formula-ready; benchmark calibration required; source mapped; exact disclosure missing
WOK-POL-113,POL / Politik/Regulatorik,Planet,Biodiversität/Boden,SDG 15 – An Land,15.5,DNSH Biodiversität,DNSH Biodiversität – Spezifische Emissionen,CO₂e je kWh (LCA),g CO₂e/kWh,lower_is_better,lower_is_better_abs,threshold_numeric_and_benchmark,UN_SDG_GOALS; UN_SDG_INDICATORS; UN_SDG_METADATA; EUROSTAT_NACE; EC_CSRD; EFRAG_ESRS_SET1; EFRAG_ESRS_IG; EU_TAXONOMY; GHG_PROTOCOL_SCOPE3; GHG_PROTOCOL_PRODUCT; ISO_14064,emission_intensity,"Wert = THG-Emissionen in CO₂e je funktionaler Einheit, Produktmenge, Umsatz oder Aktivität; Systemgrenze offenlegen.","AutoScore = ScoreByThreshold(Messwert, Schwellen='≤100:+3; 101–250:0; >250:‑2', Polarity='lower_is_better', Archetype='lower_is_better_abs'). BenchmarkScore = ScoreByBenchmark(Messwert, BM, BM_150pct, BM_250pct). FinalScore = MIN(AutoScore, BenchmarkScore, RedLineScore). Tax_Rate = WUStG-Mapping(FinalScore).",≤100:+3; 101–250:0; >250:‑2,175.5,263.25,438.75,Ja,hoch: externe Prüfung / reasonable assurance für kritische Risiken,Quelle + Einheit + Systemgrenze + Zeitraum + Prüfnachweis; bei Datenlücke konservative Default-/Proxylogik markieren,public_research: operationalisierbar; empirische Benchmark-Kalibrierung erforderlich,public research; not official; formula-ready; benchmark calibration required; red line; source mapped; exact disclosure missing
WOK-POL-114,POL / Politik/Regulatorik,Planet,Biodiversität/Boden,SDG 15 – An Land,15.5,DNSH Biodiversität,DNSH Biodiversität – DNSH‑Konformität,‚Do No Significant Harm‘ erfüllt,% Aktivitäten,higher_is_better,higher_is_better_pct,threshold_numeric_and_benchmark,UN_SDG_GOALS; UN_SDG_INDICATORS; UN_SDG_METADATA; EUROSTAT_NACE; EC_CSRD; EFRAG_ESRS_SET1; EFRAG_ESRS_IG; EU_TAXONOMY; CBD_GBF; EN_15978,share_percent,Zähler: erfüllte / abgedeckte Fälle; Nenner: relevante Grundgesamtheit; Wert = Zähler / Nenner * 100.,"AutoScore = ScoreByThreshold(Messwert, Schwellen='≥90%:+3; 70–89%:+2; 50–69%:0; 30–49%:‑2; <30%:‑3', Polarity='higher_is_better', Archetype='higher_is_better_pct'). BenchmarkScore = ScoreByBenchmark(Messwert, BM, BM_150pct, BM_250pct). FinalScore = MIN(AutoScore, BenchmarkScore, RedLineScore). Tax_Rate = WUStG-Mapping(FinalScore).",≥90%:+3; 70–89%:+2; 50–69%:0; 30–49%:‑2; <30%:‑3,50.0,75.0,100.0,Ja,hoch: externe Prüfung / reasonable assurance für kritische Risiken,Quelle + Einheit + Systemgrenze + Zeitraum + Prüfnachweis; bei Datenlücke konservative Default-/Proxylogik markieren,public_research: operationalisierbar; rote Linie/Assurance besonders prüfen,public research; not official; formula-ready; benchmark calibration required; red line; source mapped; exact disclosure missing
WOK-POL-115,POL / Politik/Regulatorik,Planet,Biodiversität/Boden,SDG 15 – An Land,15.5,DNSH Biodiversität,DNSH Biodiversität – TSC‑Schwellen,Anteil unter technischen TSC‑Grenzen,% Aktivitäten,higher_is_better,higher_is_better_pct,threshold_numeric_and_benchmark,UN_SDG_GOALS; UN_SDG_INDICATORS; UN_SDG_METADATA; EUROSTAT_NACE; EC_CSRD; EFRAG_ESRS_SET1; EFRAG_ESRS_IG; EU_TAXONOMY; CBD_GBF; EN_15978,share_percent,Zähler: erfüllte / abgedeckte Fälle; Nenner: relevante Grundgesamtheit; Wert = Zähler / Nenner * 100.,"AutoScore = ScoreByThreshold(Messwert, Schwellen='≥90%:+3; 70–89%:+2; 50–69%:0; 30–49%:‑2; <30%:‑3', Polarity='higher_is_better', Archetype='higher_is_better_pct'). BenchmarkScore = ScoreByBenchmark(Messwert, BM, BM_150pct, BM_250pct). FinalScore = MIN(AutoScore, BenchmarkScore, RedLineScore). Tax_Rate = WUStG-Mapping(FinalScore).",≥90%:+3; 70–89%:+2; 50–69%:0; 30–49%:‑2; <30%:‑3,50.0,75.0,100.0,Ja,hoch: externe Prüfung / reasonable assurance für kritische Risiken,Quelle + Einheit + Systemgrenze + Zeitraum + Prüfnachweis; bei Datenlücke konservative Default-/Proxylogik markieren,public_research: operationalisierbar; rote Linie/Assurance besonders prüfen,public research; not official; formula-ready; benchmark calibration required; red line; source mapped; exact disclosure missing
WOK-E-218,E / Umwelt,Planet,Biodiversität/Boden,SDG 15 – An Land,15.2,Wiederaufforstung/Restoration,Wiederaufforstung/Restoration – Nettoeffekt,Net Gain/No Net Loss/Net Loss,Qualitativ → Klasse,higher_is_better,higher_is_better_abs,qualitative_biodiversity,UN_SDG_GOALS; UN_SDG_INDICATORS; UN_SDG_METADATA; EUROSTAT_NACE; EC_CSRD; EFRAG_ESRS_SET1; EFRAG_ESRS_IG; CBD_GBF; EN_15978,indicator_specific,"Wert gemäß definierter Messgröße; Zähler, Nenner, Einheit, Systemgrenze und Zeitraum je WÖk-ID dokumentieren.","AutoScore = ScoreByThreshold(Messwert, Schwellen='Net Gain:+3; No Net Loss:0; Net Loss:‑2/‑3', Polarity='higher_is_better', Archetype='higher_is_better_abs'). BenchmarkScore = ScoreByBenchmark(Messwert, BM, BM_150pct, BM_250pct). FinalScore = MIN(AutoScore, BenchmarkScore, RedLineScore). Tax_Rate = WUStG-Mapping(FinalScore).",Net Gain:+3; No Net Loss:0; Net Loss:‑2/‑3,0.5,0.75,0.9,Nein,"mittel: limited assurance, später reasonable assurance je Relevanz",Quelle + Einheit + Systemgrenze + Zeitraum + Prüfnachweis; bei Datenlücke konservative Default-/Proxylogik markieren,public_research: operationalisierbar; empirische Benchmark-Kalibrierung erforderlich,public research; not official; formula-ready; qualitative review required; source mapped; exact disclosure missing
WOK-E-219,E / Umwelt,Planet,Biodiversität/Boden,SDG 15 – An Land,15.2,Wiederaufforstung/Restoration,Wiederaufforstung/Restoration – Landumwandlung,Neue Flächen mit hohem Risiko,ha/Jahr,lower_is_better,lower_is_better_abs,threshold_numeric_and_benchmark,UN_SDG_GOALS; UN_SDG_INDICATORS; UN_SDG_METADATA; EUROSTAT_NACE; EC_CSRD; EFRAG_ESRS_SET1; EFRAG_ESRS_IG; CBD_GBF; EN_15978,lower_is_better_metric,"Wert = gemessene Belastung, Risiko- oder Intensitätskennzahl je funktionaler Einheit; niedriger ist besser.","AutoScore = ScoreByThreshold(Messwert, Schwellen='0:+3; ≤1:+2; ≤3:0; ≤5:‑2; >5:‑3', Polarity='lower_is_better', Archetype='lower_is_better_abs'). BenchmarkScore = ScoreByBenchmark(Messwert, BM, BM_150pct, BM_250pct). FinalScore = MIN(AutoScore, BenchmarkScore, RedLineScore). Tax_Rate = WUStG-Mapping(FinalScore).",0:+3; ≤1:+2; ≤3:0; ≤5:‑2; >5:‑3,3.0,4.5,7.5,Nein,"mittel: limited assurance, später reasonable assurance je Relevanz",Quelle + Einheit + Systemgrenze + Zeitraum + Prüfnachweis; bei Datenlücke konservative Default-/Proxylogik markieren,public_research: operationalisierbar; empirische Benchmark-Kalibrierung erforderlich,public research; not official; formula-ready; benchmark calibration required; source mapped; exact disclosure missing
WOK-E-220,E / Umwelt,Planet,Biodiversität/Boden,SDG 15 – An Land,15.2,Wiederaufforstung/Restoration,Wiederaufforstung/Restoration – Deforestationsfrei,Anteil deforestationsfreie Rohstoffe,%,higher_is_better,higher_is_better_pct,threshold_numeric_and_benchmark,UN_SDG_GOALS; UN_SDG_INDICATORS; UN_SDG_METADATA; EUROSTAT_NACE; EC_CSRD; EFRAG_ESRS_SET1; EFRAG_ESRS_IG; CBD_GBF; EN_15978,share_percent,Zähler: erfüllte / abgedeckte Fälle; Nenner: relevante Grundgesamtheit; Wert = Zähler / Nenner * 100.,"AutoScore = ScoreByThreshold(Messwert, Schwellen='≥98:+3; 90–97:+2; 75–89:0; 50–74:‑2; <50:‑3', Polarity='higher_is_better', Archetype='higher_is_better_pct'). BenchmarkScore = ScoreByBenchmark(Messwert, BM, BM_150pct, BM_250pct). FinalScore = MIN(AutoScore, BenchmarkScore, RedLineScore). Tax_Rate = WUStG-Mapping(FinalScore).",≥98:+3; 90–97:+2; 75–89:0; 50–74:‑2; <50:‑3,82.0,100.0,100.0,Nein,"mittel: limited assurance, später reasonable assurance je Relevanz",Quelle + Einheit + Systemgrenze + Zeitraum + Prüfnachweis; bei Datenlücke konservative Default-/Proxylogik markieren,public_research: operationalisierbar; empirische Benchmark-Kalibrierung erforderlich,public research; not official; formula-ready; benchmark calibration required; source mapped; exact disclosure missing
WOK-G-173,G / Governance,Demokratie,Governance & Demokratie,SDG 16 – Institutionen,16.5,Antikorruption,Antikorruption – Antikorruption,Bestätigte Fälle/1.000 FTE,Fälle/1.000 FTE,lower_is_better,near_zero_better,threshold_numeric_and_benchmark,UN_SDG_GOALS; UN_SDG_INDICATORS; UN_SDG_METADATA; EUROSTAT_NACE; EC_CSRD; EFRAG_ESRS_SET1; EFRAG_ESRS_IG; GRI_STANDARDS; GRI_DOWNLOAD; OECD_ANTI_BRIBERY,lower_is_better_metric,"Wert = gemessene Belastung, Risiko- oder Intensitätskennzahl je funktionaler Einheit; niedriger ist besser.","AutoScore = ScoreByThreshold(Messwert, Schwellen='0:+3; ≤0,2:+2; ≤0,5:0; ≤1:‑2; >1:‑3', Polarity='lower_is_better', Archetype='near_zero_better'). BenchmarkScore = ScoreByBenchmark(Messwert, BM, BM_150pct, BM_250pct). FinalScore = MIN(AutoScore, BenchmarkScore, RedLineScore). Tax_Rate = WUStG-Mapping(FinalScore).","0:+3; ≤0,2:+2; ≤0,5:0; ≤1:‑2; >1:‑3",0.5,0.75,1.25,Ja,hoch: externe Prüfung / reasonable assurance für kritische Risiken,Quelle + Einheit + Systemgrenze + Zeitraum + Prüfnachweis; bei Datenlücke konservative Default-/Proxylogik markieren,public_research: operationalisierbar; empirische Benchmark-Kalibrierung erforderlich,public research; not official; formula-ready; benchmark calibration required; red line; source mapped; exact disclosure missing
WOK-G-174,G / Governance,Demokratie,Governance & Demokratie,SDG 16 – Institutionen,16.5,Antikorruption,Antikorruption – Whistleblowing,Wirksamkeits‑Score,0–1,higher_is_better,higher_is_better_abs,threshold_numeric_and_benchmark,UN_SDG_GOALS; UN_SDG_INDICATORS; UN_SDG_METADATA; EUROSTAT_NACE; EC_CSRD; EFRAG_ESRS_SET1; EFRAG_ESRS_IG; GRI_STANDARDS; GRI_DOWNLOAD; OECD_ANTI_BRIBERY,index_0_1,"Wert = gewichteter Kriterienindex von 0 bis 1; Kriterien, Gewichtung und Nachweis je WÖk-ID offenlegen.","AutoScore = ScoreByThreshold(Messwert, Schwellen='≥0,9:+3; 0,75–0,89:+2; 0,6–0,74:0; 0,4–0,59:‑2; <0,4:‑3', Polarity='higher_is_better', Archetype='higher_is_better_abs'). BenchmarkScore = ScoreByBenchmark(Messwert, BM, BM_150pct, BM_250pct). FinalScore = MIN(AutoScore, BenchmarkScore, RedLineScore). Tax_Rate = WUStG-Mapping(FinalScore).","≥0,9:+3; 0,75–0,89:+2; 0,6–0,74:0; 0,4–0,59:‑2; <0,4:‑3",0.6699999999999999,1.0,1.0,Ja,hoch: externe Prüfung / reasonable assurance für kritische Risiken,Quelle + Einheit + Systemgrenze + Zeitraum + Prüfnachweis; bei Datenlücke konservative Default-/Proxylogik markieren,public_research: operationalisierbar; empirische Benchmark-Kalibrierung erforderlich,public research; not official; formula-ready; benchmark calibration required; red line; source mapped; exact disclosure missing
WOK-G-175,G / Governance,Demokratie,Governance & Demokratie,SDG 16 – Institutionen,16.5,Antikorruption,Antikorruption – Steuertransparenz,CbCR‑Offenlegung,0–1,higher_is_better,higher_is_better_abs,qualitative_ordinal,UN_SDG_GOALS; UN_SDG_INDICATORS; UN_SDG_METADATA; EUROSTAT_NACE; EC_CSRD; EFRAG_ESRS_SET1; EFRAG_ESRS_IG; GRI_STANDARDS; GRI_DOWNLOAD; OECD_ANTI_BRIBERY,index_0_1,"Wert = gewichteter Kriterienindex von 0 bis 1; Kriterien, Gewichtung und Nachweis je WÖk-ID offenlegen.","AutoScore = ScoreByThreshold(Messwert, Schwellen='vollständig:+3; teilweise:+2; minimal:0; schlecht:‑2', Polarity='higher_is_better', Archetype='higher_is_better_abs'). BenchmarkScore = ScoreByBenchmark(Messwert, BM, BM_150pct, BM_250pct). FinalScore = MIN(AutoScore, BenchmarkScore, RedLineScore). Tax_Rate = WUStG-Mapping(FinalScore).",vollständig:+3; teilweise:+2; minimal:0; schlecht:‑2,0.5,0.75,0.9,Ja,hoch: externe Prüfung / reasonable assurance für kritische Risiken,Quelle + Einheit + Systemgrenze + Zeitraum + Prüfnachweis; bei Datenlücke konservative Default-/Proxylogik markieren,public_research: operationalisierbar; empirische Benchmark-Kalibrierung erforderlich,public research; not official; formula-ready; qualitative review required; red line; source mapped; exact disclosure missing
WOK-G-176,G / Governance,Demokratie,Governance & Demokratie,SDG 16 – Institutionen,16.6,Whistleblowing‑Wirksamkeit,Whistleblowing‑Wirksamkeit – Antikorruption,Bestätigte Fälle/1.000 FTE,Fälle/1.000 FTE,lower_is_better,near_zero_better,threshold_numeric_and_benchmark,UN_SDG_GOALS; UN_SDG_INDICATORS; UN_SDG_METADATA; EUROSTAT_NACE; EC_CSRD; EFRAG_ESRS_SET1; EFRAG_ESRS_IG; GRI_STANDARDS; GRI_DOWNLOAD; OECD_ANTI_BRIBERY,lower_is_better_metric,"Wert = gemessene Belastung, Risiko- oder Intensitätskennzahl je funktionaler Einheit; niedriger ist besser.","AutoScore = ScoreByThreshold(Messwert, Schwellen='0:+3; ≤0,2:+2; ≤0,5:0; ≤1:‑2; >1:‑3', Polarity='lower_is_better', Archetype='near_zero_better'). BenchmarkScore = ScoreByBenchmark(Messwert, BM, BM_150pct, BM_250pct). FinalScore = MIN(AutoScore, BenchmarkScore, RedLineScore). Tax_Rate = WUStG-Mapping(FinalScore).","0:+3; ≤0,2:+2; ≤0,5:0; ≤1:‑2; >1:‑3",0.5,0.75,1.25,Ja,hoch: externe Prüfung / reasonable assurance für kritische Risiken,Quelle + Einheit + Systemgrenze + Zeitraum + Prüfnachweis; bei Datenlücke konservative Default-/Proxylogik markieren,public_research: operationalisierbar; empirische Benchmark-Kalibrierung erforderlich,public research; not official; formula-ready; benchmark calibration required; red line; source mapped; exact disclosure missing
WOK-G-177,G / Governance,Demokratie,Governance & Demokratie,SDG 16 – Institutionen,16.6,Whistleblowing‑Wirksamkeit,Whistleblowing‑Wirksamkeit – Whistleblowing,Wirksamkeits‑Score,0–1,higher_is_better,higher_is_better_abs,threshold_numeric_and_benchmark,UN_SDG_GOALS; UN_SDG_INDICATORS; UN_SDG_METADATA; EUROSTAT_NACE; EC_CSRD; EFRAG_ESRS_SET1; EFRAG_ESRS_IG; GRI_STANDARDS; GRI_DOWNLOAD; OECD_ANTI_BRIBERY,index_0_1,"Wert = gewichteter Kriterienindex von 0 bis 1; Kriterien, Gewichtung und Nachweis je WÖk-ID offenlegen.","AutoScore = ScoreByThreshold(Messwert, Schwellen='≥0,9:+3; 0,75–0,89:+2; 0,6–0,74:0; 0,4–0,59:‑2; <0,4:‑3', Polarity='higher_is_better', Archetype='higher_is_better_abs'). BenchmarkScore = ScoreByBenchmark(Messwert, BM, BM_150pct, BM_250pct). FinalScore = MIN(AutoScore, BenchmarkScore, RedLineScore). Tax_Rate = WUStG-Mapping(FinalScore).","≥0,9:+3; 0,75–0,89:+2; 0,6–0,74:0; 0,4–0,59:‑2; <0,4:‑3",0.6699999999999999,1.0,1.0,Ja,hoch: externe Prüfung / reasonable assurance für kritische Risiken,Quelle + Einheit + Systemgrenze + Zeitraum + Prüfnachweis; bei Datenlücke konservative Default-/Proxylogik markieren,public_research: operationalisierbar; empirische Benchmark-Kalibrierung erforderlich,public research; not official; formula-ready; benchmark calibration required; red line; source mapped; exact disclosure missing
WOK-G-178,G / Governance,Demokratie,Governance & Demokratie,SDG 16 – Institutionen,16.6,Whistleblowing‑Wirksamkeit,Whistleblowing‑Wirksamkeit – Steuertransparenz,CbCR‑Offenlegung,0–1,higher_is_better,higher_is_better_abs,qualitative_ordinal,UN_SDG_GOALS; UN_SDG_INDICATORS; UN_SDG_METADATA; EUROSTAT_NACE; EC_CSRD; EFRAG_ESRS_SET1; EFRAG_ESRS_IG; GRI_STANDARDS; GRI_DOWNLOAD; OECD_ANTI_BRIBERY,index_0_1,"Wert = gewichteter Kriterienindex von 0 bis 1; Kriterien, Gewichtung und Nachweis je WÖk-ID offenlegen.","AutoScore = ScoreByThreshold(Messwert, Schwellen='vollständig:+3; teilweise:+2; minimal:0; schlecht:‑2', Polarity='higher_is_better', Archetype='higher_is_better_abs'). BenchmarkScore = ScoreByBenchmark(Messwert, BM, BM_150pct, BM_250pct). FinalScore = MIN(AutoScore, BenchmarkScore, RedLineScore). Tax_Rate = WUStG-Mapping(FinalScore).",vollständig:+3; teilweise:+2; minimal:0; schlecht:‑2,0.5,0.75,0.9,Ja,hoch: externe Prüfung / reasonable assurance für kritische Risiken,Quelle + Einheit + Systemgrenze + Zeitraum + Prüfnachweis; bei Datenlücke konservative Default-/Proxylogik markieren,public_research: operationalisierbar; empirische Benchmark-Kalibrierung erforderlich,public research; not official; formula-ready; qualitative review required; red line; source mapped; exact disclosure missing
WOK-G-179,G / Governance,Demokratie,Gesundheit & Sicherheit,SDG 16 – Institutionen,16.10,Datenschutz/IT‑Sicherheit,Datenschutz/IT‑Sicherheit – Datenschutzvorfälle,Fälle pro 1 Mio Kunden,Fälle/Mio,lower_is_better,near_zero_better,threshold_numeric_and_benchmark,UN_SDG_GOALS; UN_SDG_INDICATORS; UN_SDG_METADATA; EUROSTAT_NACE; ISO_14067; GHG_PROTOCOL_PRODUCT; ISO_IEC_27001; ISO_IEC_27701; EU_NIS2,lower_is_better_metric,"Wert = gemessene Belastung, Risiko- oder Intensitätskennzahl je funktionaler Einheit; niedriger ist besser.","AutoScore = ScoreByThreshold(Messwert, Schwellen='0:+3; ≤1:+2; ≤3:0; ≤5:‑2; >5:‑3', Polarity='lower_is_better', Archetype='near_zero_better'). BenchmarkScore = ScoreByBenchmark(Messwert, BM, BM_150pct, BM_250pct). FinalScore = MIN(AutoScore, BenchmarkScore, RedLineScore). Tax_Rate = WUStG-Mapping(FinalScore).",0:+3; ≤1:+2; ≤3:0; ≤5:‑2; >5:‑3,3.0,4.5,7.5,Ja,hoch: externe Prüfung / reasonable assurance für kritische Risiken,Quelle + Einheit + Systemgrenze + Zeitraum + Prüfnachweis; bei Datenlücke konservative Default-/Proxylogik markieren,public_research: operationalisierbar; empirische Benchmark-Kalibrierung erforderlich,public research; not official; formula-ready; benchmark calibration required; red line; source mapped; exact disclosure missing
WOK-G-180,G / Governance,Demokratie,Gesundheit & Sicherheit,SDG 16 – Institutionen,16.10,Datenschutz/IT‑Sicherheit,Datenschutz/IT‑Sicherheit – Privacy by Design,Abdeckung relevanter Features/Produkte,%,higher_is_better,higher_is_better_pct,threshold_numeric_and_benchmark,UN_SDG_GOALS; UN_SDG_INDICATORS; UN_SDG_METADATA; EUROSTAT_NACE; ISO_14067; GHG_PROTOCOL_PRODUCT; ISO_IEC_27001; ISO_IEC_27701; EU_NIS2,share_percent,Zähler: erfüllte / abgedeckte Fälle; Nenner: relevante Grundgesamtheit; Wert = Zähler / Nenner * 100.,"AutoScore = ScoreByThreshold(Messwert, Schwellen='≥90%:+3; 70–89%:+2; 50–69%:0; 30–49%:‑2; <30%:‑3', Polarity='higher_is_better', Archetype='higher_is_better_pct'). BenchmarkScore = ScoreByBenchmark(Messwert, BM, BM_150pct, BM_250pct). FinalScore = MIN(AutoScore, BenchmarkScore, RedLineScore). Tax_Rate = WUStG-Mapping(FinalScore).",≥90%:+3; 70–89%:+2; 50–69%:0; 30–49%:‑2; <30%:‑3,50.0,75.0,100.0,Ja,hoch: externe Prüfung / reasonable assurance für kritische Risiken,Quelle + Einheit + Systemgrenze + Zeitraum + Prüfnachweis; bei Datenlücke konservative Default-/Proxylogik markieren,public_research: operationalisierbar; rote Linie/Assurance besonders prüfen,public research; not official; formula-ready; benchmark calibration required; red line; source mapped; exact disclosure missing
WOK-G-181,G / Governance,Demokratie,Gesundheit & Sicherheit,SDG 16 – Institutionen,16.10,Datenschutz/IT‑Sicherheit,Datenschutz/IT‑Sicherheit – Security Reifegrad,ISO/27001 Reifegrad,0–1,higher_is_better,higher_is_better_abs,threshold_numeric_and_benchmark,UN_SDG_GOALS; UN_SDG_INDICATORS; UN_SDG_METADATA; EUROSTAT_NACE; ISO_14067; GHG_PROTOCOL_PRODUCT; ISO_IEC_27001; ISO_IEC_27701; EU_NIS2,index_0_1,"Wert = gewichteter Kriterienindex von 0 bis 1; Kriterien, Gewichtung und Nachweis je WÖk-ID offenlegen.","AutoScore = ScoreByThreshold(Messwert, Schwellen='≥0,9:+3; 0,75–0,89:+2; 0,6–0,74:0; 0,4–0,59:‑2; <0,4:‑3', Polarity='higher_is_better', Archetype='higher_is_better_abs'). BenchmarkScore = ScoreByBenchmark(Messwert, BM, BM_150pct, BM_250pct). FinalScore = MIN(AutoScore, BenchmarkScore, RedLineScore). Tax_Rate = WUStG-Mapping(FinalScore).","≥0,9:+3; 0,75–0,89:+2; 0,6–0,74:0; 0,4–0,59:‑2; <0,4:‑3",0.6699999999999999,1.0,1.0,Ja,hoch: externe Prüfung / reasonable assurance für kritische Risiken,Quelle + Einheit + Systemgrenze + Zeitraum + Prüfnachweis; bei Datenlücke konservative Default-/Proxylogik markieren,public_research: operationalisierbar; empirische Benchmark-Kalibrierung erforderlich,public research; not official; formula-ready; benchmark calibration required; red line; source mapped; exact disclosure missing
WOK-SYS-146,SYS / System,Demokratie,Governance & Demokratie,SDG 16 – Institutionen,16.6,Demokratie‑/Rechtsstaat‑Exposure,Demokratie‑/Rechtsstaat‑Exposure – Index,umsatzgewichteter Index (z. B. Demokratie/Rule of Law),0–1,higher_is_better,higher_is_better_abs,threshold_numeric_and_benchmark,UN_SDG_GOALS; UN_SDG_INDICATORS; UN_SDG_METADATA; EUROSTAT_NACE; WJP_RULE_OF_LAW; VDEM; SOCIAL_VALUE_SROI,index_0_1,"Wert = gewichteter Kriterienindex von 0 bis 1; Kriterien, Gewichtung und Nachweis je WÖk-ID offenlegen.","AutoScore = ScoreByThreshold(Messwert, Schwellen='≥0,8:+3; 0,7–0,79:+2; 0,6–0,69:0; 0,5–0,59:‑2; <0,5:‑3', Polarity='higher_is_better', Archetype='higher_is_better_abs'). BenchmarkScore = ScoreByBenchmark(Messwert, BM, BM_150pct, BM_250pct). FinalScore = MIN(AutoScore, BenchmarkScore, RedLineScore). Tax_Rate = WUStG-Mapping(FinalScore).","≥0,8:+3; 0,7–0,79:+2; 0,6–0,69:0; 0,5–0,59:‑2; <0,5:‑3",0.645,0.9675,1.0,Ja,hoch: externe Prüfung / reasonable assurance für kritische Risiken,Quelle + Einheit + Systemgrenze + Zeitraum + Prüfnachweis; bei Datenlücke konservative Default-/Proxylogik markieren,public_research: operationalisierbar; empirische Benchmark-Kalibrierung erforderlich,public research; not official; formula-ready; benchmark calibration required; red line; source mapped; exact disclosure missing
WOK-SYS-147,SYS / System,Demokratie,Governance & Demokratie,SDG 16 – Institutionen,16.6,Demokratie‑/Rechtsstaat‑Exposure,Demokratie‑/Rechtsstaat‑Exposure – Exposure,Umsatz in Hochrisikoländern,%,lower_is_better,lower_is_better_abs,threshold_numeric_and_benchmark,UN_SDG_GOALS; UN_SDG_INDICATORS; UN_SDG_METADATA; EUROSTAT_NACE; WJP_RULE_OF_LAW; VDEM; SOCIAL_VALUE_SROI,share_percent,Zähler: erfüllte / abgedeckte Fälle; Nenner: relevante Grundgesamtheit; Wert = Zähler / Nenner * 100.,"AutoScore = ScoreByThreshold(Messwert, Schwellen='≤5:+3; 6–10:+2; 11–20:0; 21–30:‑2; >30:‑3', Polarity='lower_is_better', Archetype='lower_is_better_abs'). BenchmarkScore = ScoreByBenchmark(Messwert, BM, BM_150pct, BM_250pct). FinalScore = MIN(AutoScore, BenchmarkScore, RedLineScore). Tax_Rate = WUStG-Mapping(FinalScore).",≤5:+3; 6–10:+2; 11–20:0; 21–30:‑2; >30:‑3,15.5,23.25,38.75,Ja,hoch: externe Prüfung / reasonable assurance für kritische Risiken,Quelle + Einheit + Systemgrenze + Zeitraum + Prüfnachweis; bei Datenlücke konservative Default-/Proxylogik markieren,public_research: operationalisierbar; empirische Benchmark-Kalibrierung erforderlich,public research; not official; formula-ready; benchmark calibration required; red line; source mapped; exact disclosure missing
WOK-SYS-148,SYS / System,Demokratie,Governance & Demokratie,SDG 16 – Institutionen,16.6,Demokratie‑/Rechtsstaat‑Exposure,Demokratie‑/Rechtsstaat‑Exposure – Kooperationen,"aktive, evaluierte Partnerschaften/Jahr",#/Jahr,higher_is_better,higher_is_better_abs,threshold_numeric_and_benchmark,UN_SDG_GOALS; UN_SDG_INDICATORS; UN_SDG_METADATA; EUROSTAT_NACE; WJP_RULE_OF_LAW; VDEM; SOCIAL_VALUE_SROI,indicator_specific,"Wert gemäß definierter Messgröße; Zähler, Nenner, Einheit, Systemgrenze und Zeitraum je WÖk-ID dokumentieren.","AutoScore = ScoreByThreshold(Messwert, Schwellen='≥5:+3; 3–4:+2; 1–2:0; 0:‑2', Polarity='higher_is_better', Archetype='higher_is_better_abs'). BenchmarkScore = ScoreByBenchmark(Messwert, BM, BM_150pct, BM_250pct). FinalScore = MIN(AutoScore, BenchmarkScore, RedLineScore). Tax_Rate = WUStG-Mapping(FinalScore).",≥5:+3; 3–4:+2; 1–2:0; 0:‑2,1.5,2.25,3.75,Ja,hoch: externe Prüfung / reasonable assurance für kritische Risiken,Quelle + Einheit + Systemgrenze + Zeitraum + Prüfnachweis; bei Datenlücke konservative Default-/Proxylogik markieren,public_research: operationalisierbar; empirische Benchmark-Kalibrierung erforderlich,public research; not official; formula-ready; benchmark calibration required; red line; source mapped; exact disclosure missing
WOK-G-182,G / Governance,Demokratie,Governance & Demokratie,SDG 16 – Institutionen,16.6,Transparente Beschaffung,Transparente Beschaffung – Antikorruption,Bestätigte Fälle/1.000 FTE,Fälle/1.000 FTE,lower_is_better,near_zero_better,threshold_numeric_and_benchmark,UN_SDG_GOALS; UN_SDG_INDICATORS; UN_SDG_METADATA; EUROSTAT_NACE; EC_CSRD; EFRAG_ESRS_SET1; EFRAG_ESRS_IG; GRI_STANDARDS; GRI_DOWNLOAD; OECD_ANTI_BRIBERY,lower_is_better_metric,"Wert = gemessene Belastung, Risiko- oder Intensitätskennzahl je funktionaler Einheit; niedriger ist besser.","AutoScore = ScoreByThreshold(Messwert, Schwellen='0:+3; ≤0,2:+2; ≤0,5:0; ≤1:‑2; >1:‑3', Polarity='lower_is_better', Archetype='near_zero_better'). BenchmarkScore = ScoreByBenchmark(Messwert, BM, BM_150pct, BM_250pct). FinalScore = MIN(AutoScore, BenchmarkScore, RedLineScore). Tax_Rate = WUStG-Mapping(FinalScore).","0:+3; ≤0,2:+2; ≤0,5:0; ≤1:‑2; >1:‑3",0.5,0.75,1.25,Ja,hoch: externe Prüfung / reasonable assurance für kritische Risiken,Quelle + Einheit + Systemgrenze + Zeitraum + Prüfnachweis; bei Datenlücke konservative Default-/Proxylogik markieren,public_research: operationalisierbar; empirische Benchmark-Kalibrierung erforderlich,public research; not official; formula-ready; benchmark calibration required; red line; source mapped; exact disclosure missing
WOK-G-183,G / Governance,Demokratie,Governance & Demokratie,SDG 16 – Institutionen,16.6,Transparente Beschaffung,Transparente Beschaffung – Whistleblowing,Wirksamkeits‑Score,0–1,higher_is_better,higher_is_better_abs,threshold_numeric_and_benchmark,UN_SDG_GOALS; UN_SDG_INDICATORS; UN_SDG_METADATA; EUROSTAT_NACE; EC_CSRD; EFRAG_ESRS_SET1; EFRAG_ESRS_IG; GRI_STANDARDS; GRI_DOWNLOAD; OECD_ANTI_BRIBERY,index_0_1,"Wert = gewichteter Kriterienindex von 0 bis 1; Kriterien, Gewichtung und Nachweis je WÖk-ID offenlegen.","AutoScore = ScoreByThreshold(Messwert, Schwellen='≥0,9:+3; 0,75–0,89:+2; 0,6–0,74:0; 0,4–0,59:‑2; <0,4:‑3', Polarity='higher_is_better', Archetype='higher_is_better_abs'). BenchmarkScore = ScoreByBenchmark(Messwert, BM, BM_150pct, BM_250pct). FinalScore = MIN(AutoScore, BenchmarkScore, RedLineScore). Tax_Rate = WUStG-Mapping(FinalScore).","≥0,9:+3; 0,75–0,89:+2; 0,6–0,74:0; 0,4–0,59:‑2; <0,4:‑3",0.6699999999999999,1.0,1.0,Ja,hoch: externe Prüfung / reasonable assurance für kritische Risiken,Quelle + Einheit + Systemgrenze + Zeitraum + Prüfnachweis; bei Datenlücke konservative Default-/Proxylogik markieren,public_research: operationalisierbar; empirische Benchmark-Kalibrierung erforderlich,public research; not official; formula-ready; benchmark calibration required; red line; source mapped; exact disclosure missing
WOK-G-184,G / Governance,Demokratie,Governance & Demokratie,SDG 16 – Institutionen,16.6,Transparente Beschaffung,Transparente Beschaffung – Steuertransparenz,CbCR‑Offenlegung,0–1,higher_is_better,higher_is_better_abs,qualitative_ordinal,UN_SDG_GOALS; UN_SDG_INDICATORS; UN_SDG_METADATA; EUROSTAT_NACE; EC_CSRD; EFRAG_ESRS_SET1; EFRAG_ESRS_IG; GRI_STANDARDS; GRI_DOWNLOAD; OECD_ANTI_BRIBERY,index_0_1,"Wert = gewichteter Kriterienindex von 0 bis 1; Kriterien, Gewichtung und Nachweis je WÖk-ID offenlegen.","AutoScore = ScoreByThreshold(Messwert, Schwellen='vollständig:+3; teilweise:+2; minimal:0; schlecht:‑2', Polarity='higher_is_better', Archetype='higher_is_better_abs'). BenchmarkScore = ScoreByBenchmark(Messwert, BM, BM_150pct, BM_250pct). FinalScore = MIN(AutoScore, BenchmarkScore, RedLineScore). Tax_Rate = WUStG-Mapping(FinalScore).",vollständig:+3; teilweise:+2; minimal:0; schlecht:‑2,0.5,0.75,0.9,Ja,hoch: externe Prüfung / reasonable assurance für kritische Risiken,Quelle + Einheit + Systemgrenze + Zeitraum + Prüfnachweis; bei Datenlücke konservative Default-/Proxylogik markieren,public_research: operationalisierbar; empirische Benchmark-Kalibrierung erforderlich,public research; not official; formula-ready; qualitative review required; red line; source mapped; exact disclosure missing
WOK-SC-137,SC / Lieferkette,Demokratie,Governance & Demokratie,SDG 16 – Institutionen,16.7,Responsible Sourcing (Governance),Responsible Sourcing (Governance) – ESG‑Spend‑Coverage,Anteil verifizierter ESG‑Daten am Spend,%,higher_is_better,higher_is_better_pct,threshold_numeric_and_benchmark,UN_SDG_GOALS; UN_SDG_INDICATORS; UN_SDG_METADATA; EUROSTAT_NACE; EC_CSRD; EFRAG_ESRS_SET1; EFRAG_ESRS_IG; GRI_STANDARDS; GRI_DOWNLOAD; OECD_ANTI_BRIBERY,share_percent,Zähler: erfüllte / abgedeckte Fälle; Nenner: relevante Grundgesamtheit; Wert = Zähler / Nenner * 100.,"AutoScore = ScoreByThreshold(Messwert, Schwellen='≥90:+3; 70–89:+2; 50–69:0; 30–49:‑2; <30:‑3', Polarity='higher_is_better', Archetype='higher_is_better_pct'). BenchmarkScore = ScoreByBenchmark(Messwert, BM, BM_150pct, BM_250pct). FinalScore = MIN(AutoScore, BenchmarkScore, RedLineScore). Tax_Rate = WUStG-Mapping(FinalScore).",≥90:+3; 70–89:+2; 50–69:0; 30–49:‑2; <30:‑3,59.5,89.25,100.0,Ja,hoch: externe Prüfung / reasonable assurance für kritische Risiken,Quelle + Einheit + Systemgrenze + Zeitraum + Prüfnachweis; bei Datenlücke konservative Default-/Proxylogik markieren,public_research: operationalisierbar; empirische Benchmark-Kalibrierung erforderlich,public research; not official; formula-ready; benchmark calibration required; red line; source mapped; exact disclosure missing
WOK-SC-138,SC / Lieferkette,Demokratie,Arbeit & Fairness,SDG 16 – Institutionen,16.7,Responsible Sourcing (Governance),Responsible Sourcing (Governance) – Kinder/Zwangsarbeit,Audits ohne Verstöße,% Lieferanten,higher_is_better,higher_is_better_pct,threshold_numeric_and_benchmark,UN_SDG_GOALS; UN_SDG_INDICATORS; UN_SDG_METADATA; EUROSTAT_NACE; EC_CSRD; EFRAG_ESRS_SET1; EFRAG_ESRS_IG; GRI_STANDARDS; GRI_DOWNLOAD; OECD_RBC_DD,share_percent,Zähler: erfüllte / abgedeckte Fälle; Nenner: relevante Grundgesamtheit; Wert = Zähler / Nenner * 100.,"AutoScore = ScoreByThreshold(Messwert, Schwellen='≥98:+3; 90–97:+2; 75–89:0; 50–74:‑2; <50:‑3', Polarity='higher_is_better', Archetype='higher_is_better_pct'). BenchmarkScore = ScoreByBenchmark(Messwert, BM, BM_150pct, BM_250pct). FinalScore = MIN(AutoScore, BenchmarkScore, RedLineScore). Tax_Rate = WUStG-Mapping(FinalScore).",≥98:+3; 90–97:+2; 75–89:0; 50–74:‑2; <50:‑3,82.0,100.0,100.0,Ja,hoch: externe Prüfung / reasonable assurance für kritische Risiken,Quelle + Einheit + Systemgrenze + Zeitraum + Prüfnachweis; bei Datenlücke konservative Default-/Proxylogik markieren,public_research: operationalisierbar; empirische Benchmark-Kalibrierung erforderlich,public research; not official; formula-ready; benchmark calibration required; red line; source mapped; exact disclosure missing
WOK-SC-139,SC / Lieferkette,Demokratie,Governance & Demokratie,SDG 16 – Institutionen,16.7,Responsible Sourcing (Governance),Responsible Sourcing (Governance) – Scope‑3 Daten,Primärdaten‑Abdeckung,% Kategorien,higher_is_better,higher_is_better_pct,threshold_numeric_and_benchmark,UN_SDG_GOALS; UN_SDG_INDICATORS; UN_SDG_METADATA; EUROSTAT_NACE; EC_CSRD; EFRAG_ESRS_SET1; EFRAG_ESRS_IG; GHG_PROTOCOL_SCOPE3; GHG_PROTOCOL_PRODUCT; ISO_14064,share_percent,Zähler: erfüllte / abgedeckte Fälle; Nenner: relevante Grundgesamtheit; Wert = Zähler / Nenner * 100.,"AutoScore = ScoreByThreshold(Messwert, Schwellen='≥80:+3; 60–79:+2; 40–59:0; 20–39:‑2; <20:‑3', Polarity='higher_is_better', Archetype='higher_is_better_pct'). BenchmarkScore = ScoreByBenchmark(Messwert, BM, BM_150pct, BM_250pct). FinalScore = MIN(AutoScore, BenchmarkScore, RedLineScore). Tax_Rate = WUStG-Mapping(FinalScore).",≥80:+3; 60–79:+2; 40–59:0; 20–39:‑2; <20:‑3,49.5,74.25,100.0,Nein,"mittel: limited assurance, später reasonable assurance je Relevanz",Quelle + Einheit + Systemgrenze + Zeitraum + Prüfnachweis; bei Datenlücke konservative Default-/Proxylogik markieren,public_research: operationalisierbar; empirische Benchmark-Kalibrierung erforderlich,public research; not official; formula-ready; benchmark calibration required; source mapped; exact disclosure missing
WOK-G-185,G / Governance,Demokratie,Governance & Demokratie,SDG 16 – Institutionen,16.6,Steuertransparenz/CbCR,Steuertransparenz/CbCR – Antikorruption,Bestätigte Fälle/1.000 FTE,Fälle/1.000 FTE,lower_is_better,near_zero_better,threshold_numeric_and_benchmark,UN_SDG_GOALS; UN_SDG_INDICATORS; UN_SDG_METADATA; EUROSTAT_NACE; EC_CSRD; EFRAG_ESRS_SET1; EFRAG_ESRS_IG; GRI_STANDARDS; GRI_DOWNLOAD; OECD_ANTI_BRIBERY,lower_is_better_metric,"Wert = gemessene Belastung, Risiko- oder Intensitätskennzahl je funktionaler Einheit; niedriger ist besser.","AutoScore = ScoreByThreshold(Messwert, Schwellen='0:+3; ≤0,2:+2; ≤0,5:0; ≤1:‑2; >1:‑3', Polarity='lower_is_better', Archetype='near_zero_better'). BenchmarkScore = ScoreByBenchmark(Messwert, BM, BM_150pct, BM_250pct). FinalScore = MIN(AutoScore, BenchmarkScore, RedLineScore). Tax_Rate = WUStG-Mapping(FinalScore).","0:+3; ≤0,2:+2; ≤0,5:0; ≤1:‑2; >1:‑3",0.5,0.75,1.25,Ja,hoch: externe Prüfung / reasonable assurance für kritische Risiken,Quelle + Einheit + Systemgrenze + Zeitraum + Prüfnachweis; bei Datenlücke konservative Default-/Proxylogik markieren,public_research: operationalisierbar; empirische Benchmark-Kalibrierung erforderlich,public research; not official; formula-ready; benchmark calibration required; red line; source mapped; exact disclosure missing
WOK-G-186,G / Governance,Demokratie,Governance & Demokratie,SDG 16 – Institutionen,16.6,Steuertransparenz/CbCR,Steuertransparenz/CbCR – Whistleblowing,Wirksamkeits‑Score,0–1,higher_is_better,higher_is_better_abs,threshold_numeric_and_benchmark,UN_SDG_GOALS; UN_SDG_INDICATORS; UN_SDG_METADATA; EUROSTAT_NACE; EC_CSRD; EFRAG_ESRS_SET1; EFRAG_ESRS_IG; GRI_STANDARDS; GRI_DOWNLOAD; OECD_ANTI_BRIBERY,index_0_1,"Wert = gewichteter Kriterienindex von 0 bis 1; Kriterien, Gewichtung und Nachweis je WÖk-ID offenlegen.","AutoScore = ScoreByThreshold(Messwert, Schwellen='≥0,9:+3; 0,75–0,89:+2; 0,6–0,74:0; 0,4–0,59:‑2; <0,4:‑3', Polarity='higher_is_better', Archetype='higher_is_better_abs'). BenchmarkScore = ScoreByBenchmark(Messwert, BM, BM_150pct, BM_250pct). FinalScore = MIN(AutoScore, BenchmarkScore, RedLineScore). Tax_Rate = WUStG-Mapping(FinalScore).","≥0,9:+3; 0,75–0,89:+2; 0,6–0,74:0; 0,4–0,59:‑2; <0,4:‑3",0.6699999999999999,1.0,1.0,Ja,hoch: externe Prüfung / reasonable assurance für kritische Risiken,Quelle + Einheit + Systemgrenze + Zeitraum + Prüfnachweis; bei Datenlücke konservative Default-/Proxylogik markieren,public_research: operationalisierbar; empirische Benchmark-Kalibrierung erforderlich,public research; not official; formula-ready; benchmark calibration required; red line; source mapped; exact disclosure missing
WOK-G-187,G / Governance,Demokratie,Governance & Demokratie,SDG 16 – Institutionen,16.6,Steuertransparenz/CbCR,Steuertransparenz/CbCR – Steuertransparenz,CbCR‑Offenlegung,0–1,higher_is_better,higher_is_better_abs,qualitative_ordinal,UN_SDG_GOALS; UN_SDG_INDICATORS; UN_SDG_METADATA; EUROSTAT_NACE; EC_CSRD; EFRAG_ESRS_SET1; EFRAG_ESRS_IG; GRI_STANDARDS; GRI_DOWNLOAD; OECD_ANTI_BRIBERY,index_0_1,"Wert = gewichteter Kriterienindex von 0 bis 1; Kriterien, Gewichtung und Nachweis je WÖk-ID offenlegen.","AutoScore = ScoreByThreshold(Messwert, Schwellen='vollständig:+3; teilweise:+2; minimal:0; schlecht:‑2', Polarity='higher_is_better', Archetype='higher_is_better_abs'). BenchmarkScore = ScoreByBenchmark(Messwert, BM, BM_150pct, BM_250pct). FinalScore = MIN(AutoScore, BenchmarkScore, RedLineScore). Tax_Rate = WUStG-Mapping(FinalScore).",vollständig:+3; teilweise:+2; minimal:0; schlecht:‑2,0.5,0.75,0.9,Ja,hoch: externe Prüfung / reasonable assurance für kritische Risiken,Quelle + Einheit + Systemgrenze + Zeitraum + Prüfnachweis; bei Datenlücke konservative Default-/Proxylogik markieren,public_research: operationalisierbar; empirische Benchmark-Kalibrierung erforderlich,public research; not official; formula-ready; qualitative review required; red line; source mapped; exact disclosure missing
WOK-SYS-149,SYS / System,Demokratie,Governance & Demokratie,SDG 16 – Institutionen,16.7,Zivilgesellschaft‑Partnerschaften,Zivilgesellschaft‑Partnerschaften – Index,umsatzgewichteter Index (z. B. Demokratie/Rule of Law),0–1,higher_is_better,higher_is_better_abs,threshold_numeric_and_benchmark,UN_SDG_GOALS; UN_SDG_INDICATORS; UN_SDG_METADATA; EUROSTAT_NACE; WJP_RULE_OF_LAW; VDEM; SOCIAL_VALUE_SROI,index_0_1,"Wert = gewichteter Kriterienindex von 0 bis 1; Kriterien, Gewichtung und Nachweis je WÖk-ID offenlegen.","AutoScore = ScoreByThreshold(Messwert, Schwellen='≥0,8:+3; 0,7–0,79:+2; 0,6–0,69:0; 0,5–0,59:‑2; <0,5:‑3', Polarity='higher_is_better', Archetype='higher_is_better_abs'). BenchmarkScore = ScoreByBenchmark(Messwert, BM, BM_150pct, BM_250pct). FinalScore = MIN(AutoScore, BenchmarkScore, RedLineScore). Tax_Rate = WUStG-Mapping(FinalScore).","≥0,8:+3; 0,7–0,79:+2; 0,6–0,69:0; 0,5–0,59:‑2; <0,5:‑3",0.645,0.9675,1.0,Nein,mittel: fachliche Plausibilisierung und Quellenprüfung,Quelle + Einheit + Systemgrenze + Zeitraum + Prüfnachweis; bei Datenlücke konservative Default-/Proxylogik markieren,public_research: operationalisierbar; empirische Benchmark-Kalibrierung erforderlich,public research; not official; formula-ready; benchmark calibration required; source mapped; exact disclosure missing
WOK-SYS-150,SYS / System,Demokratie,Governance & Demokratie,SDG 16 – Institutionen,16.7,Zivilgesellschaft‑Partnerschaften,Zivilgesellschaft‑Partnerschaften – Exposure,Umsatz in Hochrisikoländern,%,lower_is_better,lower_is_better_abs,threshold_numeric_and_benchmark,UN_SDG_GOALS; UN_SDG_INDICATORS; UN_SDG_METADATA; EUROSTAT_NACE; WJP_RULE_OF_LAW; VDEM; SOCIAL_VALUE_SROI,share_percent,Zähler: erfüllte / abgedeckte Fälle; Nenner: relevante Grundgesamtheit; Wert = Zähler / Nenner * 100.,"AutoScore = ScoreByThreshold(Messwert, Schwellen='≤5:+3; 6–10:+2; 11–20:0; 21–30:‑2; >30:‑3', Polarity='lower_is_better', Archetype='lower_is_better_abs'). BenchmarkScore = ScoreByBenchmark(Messwert, BM, BM_150pct, BM_250pct). FinalScore = MIN(AutoScore, BenchmarkScore, RedLineScore). Tax_Rate = WUStG-Mapping(FinalScore).",≤5:+3; 6–10:+2; 11–20:0; 21–30:‑2; >30:‑3,15.5,23.25,38.75,Nein,mittel: fachliche Plausibilisierung und Quellenprüfung,Quelle + Einheit + Systemgrenze + Zeitraum + Prüfnachweis; bei Datenlücke konservative Default-/Proxylogik markieren,public_research: operationalisierbar; empirische Benchmark-Kalibrierung erforderlich,public research; not official; formula-ready; benchmark calibration required; source mapped; exact disclosure missing
WOK-SYS-151,SYS / System,Demokratie,Governance & Demokratie,SDG 16 – Institutionen,16.7,Zivilgesellschaft‑Partnerschaften,Zivilgesellschaft‑Partnerschaften – Kooperationen,"aktive, evaluierte Partnerschaften/Jahr",#/Jahr,higher_is_better,higher_is_better_abs,threshold_numeric_and_benchmark,UN_SDG_GOALS; UN_SDG_INDICATORS; UN_SDG_METADATA; EUROSTAT_NACE; WJP_RULE_OF_LAW; VDEM; SOCIAL_VALUE_SROI,indicator_specific,"Wert gemäß definierter Messgröße; Zähler, Nenner, Einheit, Systemgrenze und Zeitraum je WÖk-ID dokumentieren.","AutoScore = ScoreByThreshold(Messwert, Schwellen='≥5:+3; 3–4:+2; 1–2:0; 0:‑2', Polarity='higher_is_better', Archetype='higher_is_better_abs'). BenchmarkScore = ScoreByBenchmark(Messwert, BM, BM_150pct, BM_250pct). FinalScore = MIN(AutoScore, BenchmarkScore, RedLineScore). Tax_Rate = WUStG-Mapping(FinalScore).",≥5:+3; 3–4:+2; 1–2:0; 0:‑2,1.5,2.25,3.75,Nein,mittel: fachliche Plausibilisierung und Quellenprüfung,Quelle + Einheit + Systemgrenze + Zeitraum + Prüfnachweis; bei Datenlücke konservative Default-/Proxylogik markieren,public_research: operationalisierbar; empirische Benchmark-Kalibrierung erforderlich,public research; not official; formula-ready; benchmark calibration required; source mapped; exact disclosure missing
WOK-POL-116,POL / Politik/Regulatorik,Demokratie,Governance & Demokratie,SDG 16 – Institutionen,16.10,Reg‑Konformität (DSA/AI‑Act),Reg‑Konformität (DSA/AI‑Act) – Spezifische Emissionen,CO₂e je kWh (LCA),g CO₂e/kWh,lower_is_better,lower_is_better_abs,threshold_numeric_and_benchmark,UN_SDG_GOALS; UN_SDG_INDICATORS; UN_SDG_METADATA; EUROSTAT_NACE; EC_CSRD; EFRAG_ESRS_SET1; EFRAG_ESRS_IG; EU_TAXONOMY; GHG_PROTOCOL_SCOPE3; GHG_PROTOCOL_PRODUCT; ISO_14064,emission_intensity,"Wert = THG-Emissionen in CO₂e je funktionaler Einheit, Produktmenge, Umsatz oder Aktivität; Systemgrenze offenlegen.","AutoScore = ScoreByThreshold(Messwert, Schwellen='≤100:+3; 101–250:0; >250:‑2', Polarity='lower_is_better', Archetype='lower_is_better_abs'). BenchmarkScore = ScoreByBenchmark(Messwert, BM, BM_150pct, BM_250pct). FinalScore = MIN(AutoScore, BenchmarkScore, RedLineScore). Tax_Rate = WUStG-Mapping(FinalScore).",≤100:+3; 101–250:0; >250:‑2,175.5,263.25,438.75,Nein,"mittel: limited assurance, später reasonable assurance je Relevanz",Quelle + Einheit + Systemgrenze + Zeitraum + Prüfnachweis; bei Datenlücke konservative Default-/Proxylogik markieren,public_research: operationalisierbar; empirische Benchmark-Kalibrierung erforderlich,public research; not official; formula-ready; benchmark calibration required; source mapped; exact disclosure missing
WOK-POL-117,POL / Politik/Regulatorik,Demokratie,Governance & Demokratie,SDG 16 – Institutionen,16.10,Reg‑Konformität (DSA/AI‑Act),Reg‑Konformität (DSA/AI‑Act) – DNSH‑Konformität,‚Do No Significant Harm‘ erfüllt,% Aktivitäten,higher_is_better,higher_is_better_pct,threshold_numeric_and_benchmark,UN_SDG_GOALS; UN_SDG_INDICATORS; UN_SDG_METADATA; EUROSTAT_NACE; EU_TAXONOMY,share_percent,Zähler: erfüllte / abgedeckte Fälle; Nenner: relevante Grundgesamtheit; Wert = Zähler / Nenner * 100.,"AutoScore = ScoreByThreshold(Messwert, Schwellen='≥90%:+3; 70–89%:+2; 50–69%:0; 30–49%:‑2; <30%:‑3', Polarity='higher_is_better', Archetype='higher_is_better_pct'). BenchmarkScore = ScoreByBenchmark(Messwert, BM, BM_150pct, BM_250pct). FinalScore = MIN(AutoScore, BenchmarkScore, RedLineScore). Tax_Rate = WUStG-Mapping(FinalScore).",≥90%:+3; 70–89%:+2; 50–69%:0; 30–49%:‑2; <30%:‑3,50.0,75.0,100.0,Nein,"mittel: limited assurance, später reasonable assurance je Relevanz",Quelle + Einheit + Systemgrenze + Zeitraum + Prüfnachweis; bei Datenlücke konservative Default-/Proxylogik markieren,public_research: strukturell vollständig; wissenschaftliche Validierung empfohlen,public research; not official; formula-ready; benchmark calibration required; source mapped; exact disclosure missing
WOK-POL-118,POL / Politik/Regulatorik,Demokratie,Governance & Demokratie,SDG 16 – Institutionen,16.10,Reg‑Konformität (DSA/AI‑Act),Reg‑Konformität (DSA/AI‑Act) – TSC‑Schwellen,Anteil unter technischen TSC‑Grenzen,% Aktivitäten,higher_is_better,higher_is_better_pct,threshold_numeric_and_benchmark,UN_SDG_GOALS; UN_SDG_INDICATORS; UN_SDG_METADATA; EUROSTAT_NACE; EU_TAXONOMY,share_percent,Zähler: erfüllte / abgedeckte Fälle; Nenner: relevante Grundgesamtheit; Wert = Zähler / Nenner * 100.,"AutoScore = ScoreByThreshold(Messwert, Schwellen='≥90%:+3; 70–89%:+2; 50–69%:0; 30–49%:‑2; <30%:‑3', Polarity='higher_is_better', Archetype='higher_is_better_pct'). BenchmarkScore = ScoreByBenchmark(Messwert, BM, BM_150pct, BM_250pct). FinalScore = MIN(AutoScore, BenchmarkScore, RedLineScore). Tax_Rate = WUStG-Mapping(FinalScore).",≥90%:+3; 70–89%:+2; 50–69%:0; 30–49%:‑2; <30%:‑3,50.0,75.0,100.0,Nein,"mittel: limited assurance, später reasonable assurance je Relevanz",Quelle + Einheit + Systemgrenze + Zeitraum + Prüfnachweis; bei Datenlücke konservative Default-/Proxylogik markieren,public_research: strukturell vollständig; wissenschaftliche Validierung empfohlen,public research; not official; formula-ready; benchmark calibration required; source mapped; exact disclosure missing
WOK-SYS-152,SYS / System,Demokratie,Governance & Demokratie,SDG 17 – Partnerschaften,17.17,Systemische Kooperationen,Systemische Kooperationen – Index,umsatzgewichteter Index (z. B. Demokratie/Rule of Law),0–1,higher_is_better,higher_is_better_abs,threshold_numeric_and_benchmark,UN_SDG_GOALS; UN_SDG_INDICATORS; UN_SDG_METADATA; EUROSTAT_NACE; WJP_RULE_OF_LAW; VDEM; SOCIAL_VALUE_SROI,index_0_1,"Wert = gewichteter Kriterienindex von 0 bis 1; Kriterien, Gewichtung und Nachweis je WÖk-ID offenlegen.","AutoScore = ScoreByThreshold(Messwert, Schwellen='≥0,8:+3; 0,7–0,79:+2; 0,6–0,69:0; 0,5–0,59:‑2; <0,5:‑3', Polarity='higher_is_better', Archetype='higher_is_better_abs'). BenchmarkScore = ScoreByBenchmark(Messwert, BM, BM_150pct, BM_250pct). FinalScore = MIN(AutoScore, BenchmarkScore, RedLineScore). Tax_Rate = WUStG-Mapping(FinalScore).","≥0,8:+3; 0,7–0,79:+2; 0,6–0,69:0; 0,5–0,59:‑2; <0,5:‑3",0.645,0.9675,1.0,Nein,mittel: fachliche Plausibilisierung und Quellenprüfung,Quelle + Einheit + Systemgrenze + Zeitraum + Prüfnachweis; bei Datenlücke konservative Default-/Proxylogik markieren,public_research: operationalisierbar; empirische Benchmark-Kalibrierung erforderlich,public research; not official; formula-ready; benchmark calibration required; source mapped; exact disclosure missing
WOK-SYS-153,SYS / System,Demokratie,Governance & Demokratie,SDG 17 – Partnerschaften,17.17,Systemische Kooperationen,Systemische Kooperationen – Exposure,Umsatz in Hochrisikoländern,%,lower_is_better,lower_is_better_abs,threshold_numeric_and_benchmark,UN_SDG_GOALS; UN_SDG_INDICATORS; UN_SDG_METADATA; EUROSTAT_NACE; SOCIAL_VALUE_SROI,share_percent,Zähler: erfüllte / abgedeckte Fälle; Nenner: relevante Grundgesamtheit; Wert = Zähler / Nenner * 100.,"AutoScore = ScoreByThreshold(Messwert, Schwellen='≤5:+3; 6–10:+2; 11–20:0; 21–30:‑2; >30:‑3', Polarity='lower_is_better', Archetype='lower_is_better_abs'). BenchmarkScore = ScoreByBenchmark(Messwert, BM, BM_150pct, BM_250pct). FinalScore = MIN(AutoScore, BenchmarkScore, RedLineScore). Tax_Rate = WUStG-Mapping(FinalScore).",≤5:+3; 6–10:+2; 11–20:0; 21–30:‑2; >30:‑3,15.5,23.25,38.75,Nein,mittel: fachliche Plausibilisierung und Quellenprüfung,Quelle + Einheit + Systemgrenze + Zeitraum + Prüfnachweis; bei Datenlücke konservative Default-/Proxylogik markieren,public_research: operationalisierbar; empirische Benchmark-Kalibrierung erforderlich,public research; not official; formula-ready; benchmark calibration required; source mapped; exact disclosure missing
WOK-SYS-154,SYS / System,Demokratie,Governance & Demokratie,SDG 17 – Partnerschaften,17.17,Systemische Kooperationen,Systemische Kooperationen – Kooperationen,"aktive, evaluierte Partnerschaften/Jahr",#/Jahr,higher_is_better,higher_is_better_abs,threshold_numeric_and_benchmark,UN_SDG_GOALS; UN_SDG_INDICATORS; UN_SDG_METADATA; EUROSTAT_NACE; WJP_RULE_OF_LAW; VDEM; SOCIAL_VALUE_SROI,indicator_specific,"Wert gemäß definierter Messgröße; Zähler, Nenner, Einheit, Systemgrenze und Zeitraum je WÖk-ID dokumentieren.","AutoScore = ScoreByThreshold(Messwert, Schwellen='≥5:+3; 3–4:+2; 1–2:0; 0:‑2', Polarity='higher_is_better', Archetype='higher_is_better_abs'). BenchmarkScore = ScoreByBenchmark(Messwert, BM, BM_150pct, BM_250pct). FinalScore = MIN(AutoScore, BenchmarkScore, RedLineScore). Tax_Rate = WUStG-Mapping(FinalScore).",≥5:+3; 3–4:+2; 1–2:0; 0:‑2,1.5,2.25,3.75,Nein,mittel: fachliche Plausibilisierung und Quellenprüfung,Quelle + Einheit + Systemgrenze + Zeitraum + Prüfnachweis; bei Datenlücke konservative Default-/Proxylogik markieren,public_research: operationalisierbar; empirische Benchmark-Kalibrierung erforderlich,public research; not official; formula-ready; benchmark calibration required; source mapped; exact disclosure missing
WOK-SC-140,SC / Lieferkette,Demokratie,Governance & Demokratie,SDG 17 – Partnerschaften,17.16,Lieferketten‑Transparenz,Lieferketten‑Transparenz – ESG‑Spend‑Coverage,Anteil verifizierter ESG‑Daten am Spend,%,higher_is_better,higher_is_better_pct,threshold_numeric_and_benchmark,UN_SDG_GOALS; UN_SDG_INDICATORS; UN_SDG_METADATA; EUROSTAT_NACE; EC_CSRD; EFRAG_ESRS_SET1; EFRAG_ESRS_IG; GRI_STANDARDS; GRI_DOWNLOAD; OECD_RBC_DD,share_percent,Zähler: erfüllte / abgedeckte Fälle; Nenner: relevante Grundgesamtheit; Wert = Zähler / Nenner * 100.,"AutoScore = ScoreByThreshold(Messwert, Schwellen='≥90:+3; 70–89:+2; 50–69:0; 30–49:‑2; <30:‑3', Polarity='higher_is_better', Archetype='higher_is_better_pct'). BenchmarkScore = ScoreByBenchmark(Messwert, BM, BM_150pct, BM_250pct). FinalScore = MIN(AutoScore, BenchmarkScore, RedLineScore). Tax_Rate = WUStG-Mapping(FinalScore).",≥90:+3; 70–89:+2; 50–69:0; 30–49:‑2; <30:‑3,59.5,89.25,100.0,Nein,"mittel: limited assurance, später reasonable assurance je Relevanz",Quelle + Einheit + Systemgrenze + Zeitraum + Prüfnachweis; bei Datenlücke konservative Default-/Proxylogik markieren,public_research: operationalisierbar; empirische Benchmark-Kalibrierung erforderlich,public research; not official; formula-ready; benchmark calibration required; source mapped; exact disclosure missing
WOK-SC-141,SC / Lieferkette,Demokratie,Arbeit & Fairness,SDG 17 – Partnerschaften,17.16,Lieferketten‑Transparenz,Lieferketten‑Transparenz – Kinder/Zwangsarbeit,Audits ohne Verstöße,% Lieferanten,higher_is_better,higher_is_better_pct,threshold_numeric_and_benchmark,UN_SDG_GOALS; UN_SDG_INDICATORS; UN_SDG_METADATA; EUROSTAT_NACE; EC_CSRD; EFRAG_ESRS_SET1; EFRAG_ESRS_IG; GRI_STANDARDS; GRI_DOWNLOAD; OECD_RBC_DD,share_percent,Zähler: erfüllte / abgedeckte Fälle; Nenner: relevante Grundgesamtheit; Wert = Zähler / Nenner * 100.,"AutoScore = ScoreByThreshold(Messwert, Schwellen='≥98:+3; 90–97:+2; 75–89:0; 50–74:‑2; <50:‑3', Polarity='higher_is_better', Archetype='higher_is_better_pct'). BenchmarkScore = ScoreByBenchmark(Messwert, BM, BM_150pct, BM_250pct). FinalScore = MIN(AutoScore, BenchmarkScore, RedLineScore). Tax_Rate = WUStG-Mapping(FinalScore).",≥98:+3; 90–97:+2; 75–89:0; 50–74:‑2; <50:‑3,82.0,100.0,100.0,Ja,hoch: externe Prüfung / reasonable assurance für kritische Risiken,Quelle + Einheit + Systemgrenze + Zeitraum + Prüfnachweis; bei Datenlücke konservative Default-/Proxylogik markieren,public_research: operationalisierbar; empirische Benchmark-Kalibrierung erforderlich,public research; not official; formula-ready; benchmark calibration required; red line; source mapped; exact disclosure missing
WOK-SC-142,SC / Lieferkette,Demokratie,Governance & Demokratie,SDG 17 – Partnerschaften,17.16,Lieferketten‑Transparenz,Lieferketten‑Transparenz – Scope‑3 Daten,Primärdaten‑Abdeckung,% Kategorien,higher_is_better,higher_is_better_pct,threshold_numeric_and_benchmark,UN_SDG_GOALS; UN_SDG_INDICATORS; UN_SDG_METADATA; EUROSTAT_NACE; EC_CSRD; EFRAG_ESRS_SET1; EFRAG_ESRS_IG; GHG_PROTOCOL_SCOPE3; GHG_PROTOCOL_PRODUCT; ISO_14064,share_percent,Zähler: erfüllte / abgedeckte Fälle; Nenner: relevante Grundgesamtheit; Wert = Zähler / Nenner * 100.,"AutoScore = ScoreByThreshold(Messwert, Schwellen='≥80:+3; 60–79:+2; 40–59:0; 20–39:‑2; <20:‑3', Polarity='higher_is_better', Archetype='higher_is_better_pct'). BenchmarkScore = ScoreByBenchmark(Messwert, BM, BM_150pct, BM_250pct). FinalScore = MIN(AutoScore, BenchmarkScore, RedLineScore). Tax_Rate = WUStG-Mapping(FinalScore).",≥80:+3; 60–79:+2; 40–59:0; 20–39:‑2; <20:‑3,49.5,74.25,100.0,Nein,"mittel: limited assurance, später reasonable assurance je Relevanz",Quelle + Einheit + Systemgrenze + Zeitraum + Prüfnachweis; bei Datenlücke konservative Default-/Proxylogik markieren,public_research: operationalisierbar; empirische Benchmark-Kalibrierung erforderlich,public research; not official; formula-ready; benchmark calibration required; source mapped; exact disclosure missing
WOK-G-188,G / Governance,Demokratie,Governance & Demokratie,SDG 17 – Partnerschaften,17.1,Steuertransparenz,Steuertransparenz – Antikorruption,Bestätigte Fälle/1.000 FTE,Fälle/1.000 FTE,lower_is_better,near_zero_better,threshold_numeric_and_benchmark,UN_SDG_GOALS; UN_SDG_INDICATORS; UN_SDG_METADATA; EUROSTAT_NACE; EC_CSRD; EFRAG_ESRS_SET1; EFRAG_ESRS_IG; GRI_STANDARDS; GRI_DOWNLOAD; OECD_ANTI_BRIBERY,lower_is_better_metric,"Wert = gemessene Belastung, Risiko- oder Intensitätskennzahl je funktionaler Einheit; niedriger ist besser.","AutoScore = ScoreByThreshold(Messwert, Schwellen='0:+3; ≤0,2:+2; ≤0,5:0; ≤1:‑2; >1:‑3', Polarity='lower_is_better', Archetype='near_zero_better'). BenchmarkScore = ScoreByBenchmark(Messwert, BM, BM_150pct, BM_250pct). FinalScore = MIN(AutoScore, BenchmarkScore, RedLineScore). Tax_Rate = WUStG-Mapping(FinalScore).","0:+3; ≤0,2:+2; ≤0,5:0; ≤1:‑2; >1:‑3",0.5,0.75,1.25,Ja,hoch: externe Prüfung / reasonable assurance für kritische Risiken,Quelle + Einheit + Systemgrenze + Zeitraum + Prüfnachweis; bei Datenlücke konservative Default-/Proxylogik markieren,public_research: operationalisierbar; empirische Benchmark-Kalibrierung erforderlich,public research; not official; formula-ready; benchmark calibration required; red line; source mapped; exact disclosure missing
WOK-G-189,G / Governance,Demokratie,Governance & Demokratie,SDG 17 – Partnerschaften,17.1,Steuertransparenz,Steuertransparenz – Whistleblowing,Wirksamkeits‑Score,0–1,higher_is_better,higher_is_better_abs,threshold_numeric_and_benchmark,UN_SDG_GOALS; UN_SDG_INDICATORS; UN_SDG_METADATA; EUROSTAT_NACE; EC_CSRD; EFRAG_ESRS_SET1; EFRAG_ESRS_IG; GRI_STANDARDS; GRI_DOWNLOAD; OECD_ANTI_BRIBERY,index_0_1,"Wert = gewichteter Kriterienindex von 0 bis 1; Kriterien, Gewichtung und Nachweis je WÖk-ID offenlegen.","AutoScore = ScoreByThreshold(Messwert, Schwellen='≥0,9:+3; 0,75–0,89:+2; 0,6–0,74:0; 0,4–0,59:‑2; <0,4:‑3', Polarity='higher_is_better', Archetype='higher_is_better_abs'). BenchmarkScore = ScoreByBenchmark(Messwert, BM, BM_150pct, BM_250pct). FinalScore = MIN(AutoScore, BenchmarkScore, RedLineScore). Tax_Rate = WUStG-Mapping(FinalScore).","≥0,9:+3; 0,75–0,89:+2; 0,6–0,74:0; 0,4–0,59:‑2; <0,4:‑3",0.6699999999999999,1.0,1.0,Ja,hoch: externe Prüfung / reasonable assurance für kritische Risiken,Quelle + Einheit + Systemgrenze + Zeitraum + Prüfnachweis; bei Datenlücke konservative Default-/Proxylogik markieren,public_research: operationalisierbar; empirische Benchmark-Kalibrierung erforderlich,public research; not official; formula-ready; benchmark calibration required; red line; source mapped; exact disclosure missing
WOK-G-190,G / Governance,Demokratie,Governance & Demokratie,SDG 17 – Partnerschaften,17.1,Steuertransparenz,Steuertransparenz – Steuertransparenz,CbCR‑Offenlegung,0–1,higher_is_better,higher_is_better_abs,qualitative_ordinal,UN_SDG_GOALS; UN_SDG_INDICATORS; UN_SDG_METADATA; EUROSTAT_NACE; EC_CSRD; EFRAG_ESRS_SET1; EFRAG_ESRS_IG; GRI_STANDARDS; GRI_DOWNLOAD; OECD_ANTI_BRIBERY,index_0_1,"Wert = gewichteter Kriterienindex von 0 bis 1; Kriterien, Gewichtung und Nachweis je WÖk-ID offenlegen.","AutoScore = ScoreByThreshold(Messwert, Schwellen='vollständig:+3; teilweise:+2; minimal:0; schlecht:‑2', Polarity='higher_is_better', Archetype='higher_is_better_abs'). BenchmarkScore = ScoreByBenchmark(Messwert, BM, BM_150pct, BM_250pct). FinalScore = MIN(AutoScore, BenchmarkScore, RedLineScore). Tax_Rate = WUStG-Mapping(FinalScore).",vollständig:+3; teilweise:+2; minimal:0; schlecht:‑2,0.5,0.75,0.9,Ja,hoch: externe Prüfung / reasonable assurance für kritische Risiken,Quelle + Einheit + Systemgrenze + Zeitraum + Prüfnachweis; bei Datenlücke konservative Default-/Proxylogik markieren,public_research: operationalisierbar; empirische Benchmark-Kalibrierung erforderlich,public research; not official; formula-ready; qualitative review required; red line; source mapped; exact disclosure missing
WOK-SYS-155,SYS / System,Demokratie,Governance & Demokratie,SDG 17 – Partnerschaften,17.18,Open Data/Transparenz,Open Data/Transparenz – Index,umsatzgewichteter Index (z. B. Demokratie/Rule of Law),0–1,higher_is_better,higher_is_better_abs,threshold_numeric_and_benchmark,UN_SDG_GOALS; UN_SDG_INDICATORS; UN_SDG_METADATA; EUROSTAT_NACE; WJP_RULE_OF_LAW; VDEM; SOCIAL_VALUE_SROI,index_0_1,"Wert = gewichteter Kriterienindex von 0 bis 1; Kriterien, Gewichtung und Nachweis je WÖk-ID offenlegen.","AutoScore = ScoreByThreshold(Messwert, Schwellen='≥0,8:+3; 0,7–0,79:+2; 0,6–0,69:0; 0,5–0,59:‑2; <0,5:‑3', Polarity='higher_is_better', Archetype='higher_is_better_abs'). BenchmarkScore = ScoreByBenchmark(Messwert, BM, BM_150pct, BM_250pct). FinalScore = MIN(AutoScore, BenchmarkScore, RedLineScore). Tax_Rate = WUStG-Mapping(FinalScore).","≥0,8:+3; 0,7–0,79:+2; 0,6–0,69:0; 0,5–0,59:‑2; <0,5:‑3",0.645,0.9675,1.0,Nein,mittel: fachliche Plausibilisierung und Quellenprüfung,Quelle + Einheit + Systemgrenze + Zeitraum + Prüfnachweis; bei Datenlücke konservative Default-/Proxylogik markieren,public_research: operationalisierbar; empirische Benchmark-Kalibrierung erforderlich,public research; not official; formula-ready; benchmark calibration required; source mapped; exact disclosure missing
WOK-SYS-156,SYS / System,Demokratie,Governance & Demokratie,SDG 17 – Partnerschaften,17.18,Open Data/Transparenz,Open Data/Transparenz – Exposure,Umsatz in Hochrisikoländern,%,lower_is_better,lower_is_better_abs,threshold_numeric_and_benchmark,UN_SDG_GOALS; UN_SDG_INDICATORS; UN_SDG_METADATA; EUROSTAT_NACE; WJP_RULE_OF_LAW; VDEM; SOCIAL_VALUE_SROI,share_percent,Zähler: erfüllte / abgedeckte Fälle; Nenner: relevante Grundgesamtheit; Wert = Zähler / Nenner * 100.,"AutoScore = ScoreByThreshold(Messwert, Schwellen='≤5:+3; 6–10:+2; 11–20:0; 21–30:‑2; >30:‑3', Polarity='lower_is_better', Archetype='lower_is_better_abs'). BenchmarkScore = ScoreByBenchmark(Messwert, BM, BM_150pct, BM_250pct). FinalScore = MIN(AutoScore, BenchmarkScore, RedLineScore). Tax_Rate = WUStG-Mapping(FinalScore).",≤5:+3; 6–10:+2; 11–20:0; 21–30:‑2; >30:‑3,15.5,23.25,38.75,Nein,mittel: fachliche Plausibilisierung und Quellenprüfung,Quelle + Einheit + Systemgrenze + Zeitraum + Prüfnachweis; bei Datenlücke konservative Default-/Proxylogik markieren,public_research: operationalisierbar; empirische Benchmark-Kalibrierung erforderlich,public research; not official; formula-ready; benchmark calibration required; source mapped; exact disclosure missing
WOK-SYS-157,SYS / System,Demokratie,Governance & Demokratie,SDG 17 – Partnerschaften,17.18,Open Data/Transparenz,Open Data/Transparenz – Kooperationen,"aktive, evaluierte Partnerschaften/Jahr",#/Jahr,higher_is_better,higher_is_better_abs,threshold_numeric_and_benchmark,UN_SDG_GOALS; UN_SDG_INDICATORS; UN_SDG_METADATA; EUROSTAT_NACE; WJP_RULE_OF_LAW; VDEM; SOCIAL_VALUE_SROI,indicator_specific,"Wert gemäß definierter Messgröße; Zähler, Nenner, Einheit, Systemgrenze und Zeitraum je WÖk-ID dokumentieren.","AutoScore = ScoreByThreshold(Messwert, Schwellen='≥5:+3; 3–4:+2; 1–2:0; 0:‑2', Polarity='higher_is_better', Archetype='higher_is_better_abs'). BenchmarkScore = ScoreByBenchmark(Messwert, BM, BM_150pct, BM_250pct). FinalScore = MIN(AutoScore, BenchmarkScore, RedLineScore). Tax_Rate = WUStG-Mapping(FinalScore).",≥5:+3; 3–4:+2; 1–2:0; 0:‑2,1.5,2.25,3.75,Nein,mittel: fachliche Plausibilisierung und Quellenprüfung,Quelle + Einheit + Systemgrenze + Zeitraum + Prüfnachweis; bei Datenlücke konservative Default-/Proxylogik markieren,public_research: operationalisierbar; empirische Benchmark-Kalibrierung erforderlich,public research; not official; formula-ready; benchmark calibration required; source mapped; exact disclosure missing
WOK-G-191,G / Governance,Demokratie,Governance & Demokratie,SDG 17 – Partnerschaften,17.17,Multi‑Stakeholder‑Governance,Multi‑Stakeholder‑Governance – Antikorruption,Bestätigte Fälle/1.000 FTE,Fälle/1.000 FTE,lower_is_better,near_zero_better,threshold_numeric_and_benchmark,UN_SDG_GOALS; UN_SDG_INDICATORS; UN_SDG_METADATA; EUROSTAT_NACE; EC_CSRD; EFRAG_ESRS_SET1; EFRAG_ESRS_IG; GRI_STANDARDS; GRI_DOWNLOAD; OECD_ANTI_BRIBERY,lower_is_better_metric,"Wert = gemessene Belastung, Risiko- oder Intensitätskennzahl je funktionaler Einheit; niedriger ist besser.","AutoScore = ScoreByThreshold(Messwert, Schwellen='0:+3; ≤0,2:+2; ≤0,5:0; ≤1:‑2; >1:‑3', Polarity='lower_is_better', Archetype='near_zero_better'). BenchmarkScore = ScoreByBenchmark(Messwert, BM, BM_150pct, BM_250pct). FinalScore = MIN(AutoScore, BenchmarkScore, RedLineScore). Tax_Rate = WUStG-Mapping(FinalScore).","0:+3; ≤0,2:+2; ≤0,5:0; ≤1:‑2; >1:‑3",0.5,0.75,1.25,Ja,hoch: externe Prüfung / reasonable assurance für kritische Risiken,Quelle + Einheit + Systemgrenze + Zeitraum + Prüfnachweis; bei Datenlücke konservative Default-/Proxylogik markieren,public_research: operationalisierbar; empirische Benchmark-Kalibrierung erforderlich,public research; not official; formula-ready; benchmark calibration required; red line; source mapped; exact disclosure missing
WOK-G-192,G / Governance,Demokratie,Governance & Demokratie,SDG 17 – Partnerschaften,17.17,Multi‑Stakeholder‑Governance,Multi‑Stakeholder‑Governance – Whistleblowing,Wirksamkeits‑Score,0–1,higher_is_better,higher_is_better_abs,threshold_numeric_and_benchmark,UN_SDG_GOALS; UN_SDG_INDICATORS; UN_SDG_METADATA; EUROSTAT_NACE; EC_CSRD; EFRAG_ESRS_SET1; EFRAG_ESRS_IG; GRI_STANDARDS; GRI_DOWNLOAD; OECD_ANTI_BRIBERY,index_0_1,"Wert = gewichteter Kriterienindex von 0 bis 1; Kriterien, Gewichtung und Nachweis je WÖk-ID offenlegen.","AutoScore = ScoreByThreshold(Messwert, Schwellen='≥0,9:+3; 0,75–0,89:+2; 0,6–0,74:0; 0,4–0,59:‑2; <0,4:‑3', Polarity='higher_is_better', Archetype='higher_is_better_abs'). BenchmarkScore = ScoreByBenchmark(Messwert, BM, BM_150pct, BM_250pct). FinalScore = MIN(AutoScore, BenchmarkScore, RedLineScore). Tax_Rate = WUStG-Mapping(FinalScore).","≥0,9:+3; 0,75–0,89:+2; 0,6–0,74:0; 0,4–0,59:‑2; <0,4:‑3",0.6699999999999999,1.0,1.0,Ja,hoch: externe Prüfung / reasonable assurance für kritische Risiken,Quelle + Einheit + Systemgrenze + Zeitraum + Prüfnachweis; bei Datenlücke konservative Default-/Proxylogik markieren,public_research: operationalisierbar; empirische Benchmark-Kalibrierung erforderlich,public research; not official; formula-ready; benchmark calibration required; red line; source mapped; exact disclosure missing
WOK-G-193,G / Governance,Demokratie,Governance & Demokratie,SDG 17 – Partnerschaften,17.17,Multi‑Stakeholder‑Governance,Multi‑Stakeholder‑Governance – Steuertransparenz,CbCR‑Offenlegung,0–1,higher_is_better,higher_is_better_abs,qualitative_ordinal,UN_SDG_GOALS; UN_SDG_INDICATORS; UN_SDG_METADATA; EUROSTAT_NACE; EC_CSRD; EFRAG_ESRS_SET1; EFRAG_ESRS_IG; GRI_STANDARDS; GRI_DOWNLOAD; OECD_ANTI_BRIBERY,index_0_1,"Wert = gewichteter Kriterienindex von 0 bis 1; Kriterien, Gewichtung und Nachweis je WÖk-ID offenlegen.","AutoScore = ScoreByThreshold(Messwert, Schwellen='vollständig:+3; teilweise:+2; minimal:0; schlecht:‑2', Polarity='higher_is_better', Archetype='higher_is_better_abs'). BenchmarkScore = ScoreByBenchmark(Messwert, BM, BM_150pct, BM_250pct). FinalScore = MIN(AutoScore, BenchmarkScore, RedLineScore). Tax_Rate = WUStG-Mapping(FinalScore).",vollständig:+3; teilweise:+2; minimal:0; schlecht:‑2,0.5,0.75,0.9,Ja,hoch: externe Prüfung / reasonable assurance für kritische Risiken,Quelle + Einheit + Systemgrenze + Zeitraum + Prüfnachweis; bei Datenlücke konservative Default-/Proxylogik markieren,public_research: operationalisierbar; empirische Benchmark-Kalibrierung erforderlich,public research; not official; formula-ready; qualitative review required; red line; source mapped; exact disclosure missing
WOK-SC-143,SC / Lieferkette,Demokratie,Governance & Demokratie,SDG 17 – Partnerschaften,17.11,Lokalisierung/SME‑Einbindung,Lokalisierung/SME‑Einbindung – ESG‑Spend‑Coverage,Anteil verifizierter ESG‑Daten am Spend,%,higher_is_better,higher_is_better_pct,threshold_numeric_and_benchmark,UN_SDG_GOALS; UN_SDG_INDICATORS; UN_SDG_METADATA; EUROSTAT_NACE; EC_CSRD; EFRAG_ESRS_SET1; EFRAG_ESRS_IG; GRI_STANDARDS; GRI_DOWNLOAD,share_percent,Zähler: erfüllte / abgedeckte Fälle; Nenner: relevante Grundgesamtheit; Wert = Zähler / Nenner * 100.,"AutoScore = ScoreByThreshold(Messwert, Schwellen='≥90:+3; 70–89:+2; 50–69:0; 30–49:‑2; <30:‑3', Polarity='higher_is_better', Archetype='higher_is_better_pct'). BenchmarkScore = ScoreByBenchmark(Messwert, BM, BM_150pct, BM_250pct). FinalScore = MIN(AutoScore, BenchmarkScore, RedLineScore). Tax_Rate = WUStG-Mapping(FinalScore).",≥90:+3; 70–89:+2; 50–69:0; 30–49:‑2; <30:‑3,59.5,89.25,100.0,Nein,"mittel: limited assurance, später reasonable assurance je Relevanz",Quelle + Einheit + Systemgrenze + Zeitraum + Prüfnachweis; bei Datenlücke konservative Default-/Proxylogik markieren,public_research: operationalisierbar; empirische Benchmark-Kalibrierung erforderlich,public research; not official; formula-ready; benchmark calibration required; source mapped; exact disclosure missing
WOK-SC-144,SC / Lieferkette,Demokratie,Arbeit & Fairness,SDG 17 – Partnerschaften,17.11,Lokalisierung/SME‑Einbindung,Lokalisierung/SME‑Einbindung – Kinder/Zwangsarbeit,Audits ohne Verstöße,% Lieferanten,higher_is_better,higher_is_better_pct,threshold_numeric_and_benchmark,UN_SDG_GOALS; UN_SDG_INDICATORS; UN_SDG_METADATA; EUROSTAT_NACE; EC_CSRD; EFRAG_ESRS_SET1; EFRAG_ESRS_IG; GRI_STANDARDS; GRI_DOWNLOAD; OECD_RBC_DD,share_percent,Zähler: erfüllte / abgedeckte Fälle; Nenner: relevante Grundgesamtheit; Wert = Zähler / Nenner * 100.,"AutoScore = ScoreByThreshold(Messwert, Schwellen='≥98:+3; 90–97:+2; 75–89:0; 50–74:‑2; <50:‑3', Polarity='higher_is_better', Archetype='higher_is_better_pct'). BenchmarkScore = ScoreByBenchmark(Messwert, BM, BM_150pct, BM_250pct). FinalScore = MIN(AutoScore, BenchmarkScore, RedLineScore). Tax_Rate = WUStG-Mapping(FinalScore).",≥98:+3; 90–97:+2; 75–89:0; 50–74:‑2; <50:‑3,82.0,100.0,100.0,Ja,hoch: externe Prüfung / reasonable assurance für kritische Risiken,Quelle + Einheit + Systemgrenze + Zeitraum + Prüfnachweis; bei Datenlücke konservative Default-/Proxylogik markieren,public_research: operationalisierbar; empirische Benchmark-Kalibrierung erforderlich,public research; not official; formula-ready; benchmark calibration required; red line; source mapped; exact disclosure missing
WOK-SC-145,SC / Lieferkette,Demokratie,Governance & Demokratie,SDG 17 – Partnerschaften,17.11,Lokalisierung/SME‑Einbindung,Lokalisierung/SME‑Einbindung – Scope‑3 Daten,Primärdaten‑Abdeckung,% Kategorien,higher_is_better,higher_is_better_pct,threshold_numeric_and_benchmark,UN_SDG_GOALS; UN_SDG_INDICATORS; UN_SDG_METADATA; EUROSTAT_NACE; EC_CSRD; EFRAG_ESRS_SET1; EFRAG_ESRS_IG; GHG_PROTOCOL_SCOPE3; GHG_PROTOCOL_PRODUCT; ISO_14064,share_percent,Zähler: erfüllte / abgedeckte Fälle; Nenner: relevante Grundgesamtheit; Wert = Zähler / Nenner * 100.,"AutoScore = ScoreByThreshold(Messwert, Schwellen='≥80:+3; 60–79:+2; 40–59:0; 20–39:‑2; <20:‑3', Polarity='higher_is_better', Archetype='higher_is_better_pct'). BenchmarkScore = ScoreByBenchmark(Messwert, BM, BM_150pct, BM_250pct). FinalScore = MIN(AutoScore, BenchmarkScore, RedLineScore). Tax_Rate = WUStG-Mapping(FinalScore).",≥80:+3; 60–79:+2; 40–59:0; 20–39:‑2; <20:‑3,49.5,74.25,100.0,Nein,"mittel: limited assurance, später reasonable assurance je Relevanz",Quelle + Einheit + Systemgrenze + Zeitraum + Prüfnachweis; bei Datenlücke konservative Default-/Proxylogik markieren,public_research: operationalisierbar; empirische Benchmark-Kalibrierung erforderlich,public research; not official; formula-ready; benchmark calibration required; source mapped; exact disclosure missing
WOK-E-221,E / Umwelt,Demokratie,Klima,SDG 17 – Partnerschaften,17.17,Gemeinsame Klimainitiativen,Gemeinsame Klimainitiativen – EE‑Anteil,Anteil erneuerbarer Energien am Strombezug,%,higher_is_better,higher_is_better_pct,threshold_numeric_and_benchmark,UN_SDG_GOALS; UN_SDG_INDICATORS; UN_SDG_METADATA; EUROSTAT_NACE; EC_CSRD; EFRAG_ESRS_SET1; EFRAG_ESRS_IG; GHG_PROTOCOL_SCOPE3; GHG_PROTOCOL_PRODUCT; ISO_50001; ISO_IEC_30134; EU_EPBD,share_percent,Zähler: erfüllte / abgedeckte Fälle; Nenner: relevante Grundgesamtheit; Wert = Zähler / Nenner * 100.,"AutoScore = ScoreByThreshold(Messwert, Schwellen='≥90%:+3; 70–89%:+2; 50–69%:0; 30–49%:‑2; <30%:‑3', Polarity='higher_is_better', Archetype='higher_is_better_pct'). BenchmarkScore = ScoreByBenchmark(Messwert, BM, BM_150pct, BM_250pct). FinalScore = MIN(AutoScore, BenchmarkScore, RedLineScore). Tax_Rate = WUStG-Mapping(FinalScore).",≥90%:+3; 70–89%:+2; 50–69%:0; 30–49%:‑2; <30%:‑3,50.0,75.0,100.0,Nein,"mittel: limited assurance, später reasonable assurance je Relevanz",Quelle + Einheit + Systemgrenze + Zeitraum + Prüfnachweis; bei Datenlücke konservative Default-/Proxylogik markieren,public_research: strukturell vollständig; wissenschaftliche Validierung empfohlen,public research; not official; formula-ready; benchmark calibration required; source mapped; exact disclosure missing
WOK-E-222,E / Umwelt,Demokratie,Klima,SDG 17 – Partnerschaften,17.17,Gemeinsame Klimainitiativen,Gemeinsame Klimainitiativen – Intensität,Energie je Output/Umsatz,kWh/€ Mio bzw. kWh/t,lower_is_better,lower_is_better_abs,benchmark_relative_calibration_required,UN_SDG_GOALS; UN_SDG_INDICATORS; UN_SDG_METADATA; EUROSTAT_NACE; EC_CSRD; EFRAG_ESRS_SET1; EFRAG_ESRS_IG; GHG_PROTOCOL_SCOPE3; GHG_PROTOCOL_PRODUCT; ISO_50001; ISO_IEC_30134; EU_EPBD,lower_is_better_metric,"Wert = gemessene Belastung, Risiko- oder Intensitätskennzahl je funktionaler Einheit; niedriger ist besser.","AutoScore = ScoreByThreshold(Messwert, Schwellen='Top‑10%:+3; Mittel:0; >150%:‑2; >250%:‑3', Polarity='lower_is_better', Archetype='lower_is_better_abs'). BenchmarkScore = ScoreByBenchmark(Messwert, BM, BM_150pct, BM_250pct). FinalScore = MIN(AutoScore, BenchmarkScore, RedLineScore). Tax_Rate = WUStG-Mapping(FinalScore).",Top‑10%:+3; Mittel:0; >150%:‑2; >250%:‑3,1.0,1.5,2.5,Nein,"mittel: limited assurance, später reasonable assurance je Relevanz",Quelle + Einheit + Systemgrenze + Zeitraum + Prüfnachweis; bei Datenlücke konservative Default-/Proxylogik markieren,public_research: operationalisierbar; empirische Benchmark-Kalibrierung erforderlich,public research; not official; formula-ready; benchmark calibration required; source mapped; exact disclosure missing
WOK-E-223,E / Umwelt,Demokratie,Klima,SDG 17 – Partnerschaften,17.17,Gemeinsame Klimainitiativen,Gemeinsame Klimainitiativen – Effizienz (PUE)*,Effizienz Rechenzentrum/IT‑Betrieb (falls zutreffend),PUE,lower_is_better,pue,threshold_numeric_and_benchmark,UN_SDG_GOALS; UN_SDG_INDICATORS; UN_SDG_METADATA; EUROSTAT_NACE; EC_CSRD; EFRAG_ESRS_SET1; EFRAG_ESRS_IG; ISO_14067; GHG_PROTOCOL_PRODUCT; ISO_50001; ISO_IEC_30134; ISO_IEC_27701; EU_EPBD,pue,PUE = Gesamtenergie Rechenzentrum / IT-Energie; Klimazone und Messzeitraum offenlegen.,"AutoScore = ScoreByThreshold(Messwert, Schwellen='≤1,2:+3; 1,21–1,4:+2; 1,41–1,6:0; 1,61–1,8:‑2; >1,8:‑3', Polarity='lower_is_better', Archetype='pue'). BenchmarkScore = ScoreByBenchmark(Messwert, BM, BM_150pct, BM_250pct). FinalScore = MIN(AutoScore, BenchmarkScore, RedLineScore). Tax_Rate = WUStG-Mapping(FinalScore).","≤1,2:+3; 1,21–1,4:+2; 1,41–1,6:0; 1,61–1,8:‑2; >1,8:‑3",1.505,2.2575,3.7625,Nein,"mittel: limited assurance, später reasonable assurance je Relevanz",Quelle + Einheit + Systemgrenze + Zeitraum + Prüfnachweis; bei Datenlücke konservative Default-/Proxylogik markieren,public_research: operationalisierbar; empirische Benchmark-Kalibrierung erforderlich,public research; not official; formula-ready; benchmark calibration required; source mapped; exact disclosure missing
WOK-P-128,P / Produkt,Demokratie,Governance & Demokratie,SDG 17 – Partnerschaften,17.6,Offene Standards/Interoperabilität,Offene Standards/Interoperabilität – PCF,CO₂‑Fußabdruck pro Einheit,kg CO₂e/Einheit,lower_is_better,lower_is_better_abs,benchmark_relative_calibration_required,UN_SDG_GOALS; UN_SDG_INDICATORS; UN_SDG_METADATA; EUROSTAT_NACE; EC_CSRD; EFRAG_ESRS_SET1; EFRAG_ESRS_IG; GRI_STANDARDS; GRI_DOWNLOAD; ISO_14067; GHG_PROTOCOL_PRODUCT; EU_WEEE; GERMANY_VERPACKG; PEF_EU,emission_intensity,"Wert = THG-Emissionen in CO₂e je funktionaler Einheit, Produktmenge, Umsatz oder Aktivität; Systemgrenze offenlegen.","AutoScore = ScoreByThreshold(Messwert, Schwellen='Top‑10%:+3; ±Benchmark:0; >150%:‑2; >250%:‑3', Polarity='lower_is_better', Archetype='lower_is_better_abs'). BenchmarkScore = ScoreByBenchmark(Messwert, BM, BM_150pct, BM_250pct). FinalScore = MIN(AutoScore, BenchmarkScore, RedLineScore). Tax_Rate = WUStG-Mapping(FinalScore).",Top‑10%:+3; ±Benchmark:0; >150%:‑2; >250%:‑3,1.0,1.5,2.5,Nein,"mittel: limited assurance, später reasonable assurance je Relevanz",Quelle + Einheit + Systemgrenze + Zeitraum + Prüfnachweis; bei Datenlücke konservative Default-/Proxylogik markieren,public_research: operationalisierbar; empirische Benchmark-Kalibrierung erforderlich,public research; not official; formula-ready; benchmark calibration required; source mapped; exact disclosure missing
WOK-P-129,P / Produkt,Demokratie,Governance & Demokratie,SDG 17 – Partnerschaften,17.6,Offene Standards/Interoperabilität,Offene Standards/Interoperabilität – Reparierbarkeit,Reparierbarkeitsindex,Score 0–10,higher_is_better,higher_is_better_score,threshold_numeric_and_benchmark,UN_SDG_GOALS; UN_SDG_INDICATORS; UN_SDG_METADATA; EUROSTAT_NACE; ISO_14067; GHG_PROTOCOL_PRODUCT; PEF_EU,index_0_1,"Wert = gewichteter Kriterienindex von 0 bis 1; Kriterien, Gewichtung und Nachweis je WÖk-ID offenlegen.","AutoScore = ScoreByThreshold(Messwert, Schwellen='≥8:+3; 6–7,9:+2; 4–5,9:0; 2–3,9:‑2; <2:‑3', Polarity='higher_is_better', Archetype='higher_is_better_score'). BenchmarkScore = ScoreByBenchmark(Messwert, BM, BM_150pct, BM_250pct). FinalScore = MIN(AutoScore, BenchmarkScore, RedLineScore). Tax_Rate = WUStG-Mapping(FinalScore).","≥8:+3; 6–7,9:+2; 4–5,9:0; 2–3,9:‑2; <2:‑3",4.95,1.0,1.0,Nein,"mittel: limited assurance, später reasonable assurance je Relevanz",Quelle + Einheit + Systemgrenze + Zeitraum + Prüfnachweis; bei Datenlücke konservative Default-/Proxylogik markieren,public_research: operationalisierbar; empirische Benchmark-Kalibrierung erforderlich,public research; not official; formula-ready; benchmark calibration required; source mapped; exact disclosure missing
WOK-P-130,P / Produkt,Demokratie,Ressourcen & Kreislauf,SDG 17 – Partnerschaften,17.6,Offene Standards/Interoperabilität,Offene Standards/Interoperabilität – Rücknahme/Recycling,Rücknahme‑/Recyclingquote,%,higher_is_better,higher_is_better_pct,threshold_numeric_and_benchmark,UN_SDG_GOALS; UN_SDG_INDICATORS; UN_SDG_METADATA; EUROSTAT_NACE; EC_CSRD; EFRAG_ESRS_SET1; EFRAG_ESRS_IG; GRI_STANDARDS; GRI_DOWNLOAD; EU_WEEE; GERMANY_VERPACKG,share_percent,Zähler: erfüllte / abgedeckte Fälle; Nenner: relevante Grundgesamtheit; Wert = Zähler / Nenner * 100.,"AutoScore = ScoreByThreshold(Messwert, Schwellen='≥70:+3; 50–69:+2; 30–49:0; 15–29:‑2; <15:‑3', Polarity='higher_is_better', Archetype='higher_is_better_pct'). BenchmarkScore = ScoreByBenchmark(Messwert, BM, BM_150pct, BM_250pct). FinalScore = MIN(AutoScore, BenchmarkScore, RedLineScore). Tax_Rate = WUStG-Mapping(FinalScore).",≥70:+3; 50–69:+2; 30–49:0; 15–29:‑2; <15:‑3,39.5,59.25,98.75,Nein,"mittel: limited assurance, später reasonable assurance je Relevanz",Quelle + Einheit + Systemgrenze + Zeitraum + Prüfnachweis; bei Datenlücke konservative Default-/Proxylogik markieren,public_research: operationalisierbar; empirische Benchmark-Kalibrierung erforderlich,public research; not official; formula-ready; benchmark calibration required; source mapped; exact disclosure missing
WOK-POL-119,POL / Politik/Regulatorik,Demokratie,Governance & Demokratie,SDG 17 – Partnerschaften,17.19,Taxonomie‑Reporting,Taxonomie‑Reporting – Spezifische Emissionen,CO₂e je kWh (LCA),g CO₂e/kWh,lower_is_better,lower_is_better_abs,threshold_numeric_and_benchmark,UN_SDG_GOALS; UN_SDG_INDICATORS; UN_SDG_METADATA; EUROSTAT_NACE; EC_CSRD; EFRAG_ESRS_SET1; EFRAG_ESRS_IG; EU_TAXONOMY; GHG_PROTOCOL_SCOPE3; GHG_PROTOCOL_PRODUCT; ISO_14064,share_percent,Zähler: erfüllte / abgedeckte Fälle; Nenner: relevante Grundgesamtheit; Wert = Zähler / Nenner * 100.,"AutoScore = ScoreByThreshold(Messwert, Schwellen='≤100:+3; 101–250:0; >250:‑2', Polarity='lower_is_better', Archetype='lower_is_better_abs'). BenchmarkScore = ScoreByBenchmark(Messwert, BM, BM_150pct, BM_250pct). FinalScore = MIN(AutoScore, BenchmarkScore, RedLineScore). Tax_Rate = WUStG-Mapping(FinalScore).",≤100:+3; 101–250:0; >250:‑2,175.5,263.25,438.75,Nein,"mittel: limited assurance, später reasonable assurance je Relevanz",Quelle + Einheit + Systemgrenze + Zeitraum + Prüfnachweis; bei Datenlücke konservative Default-/Proxylogik markieren,public_research: operationalisierbar; empirische Benchmark-Kalibrierung erforderlich,public research; not official; formula-ready; benchmark calibration required; source mapped; exact disclosure missing
WOK-POL-120,POL / Politik/Regulatorik,Demokratie,Governance & Demokratie,SDG 17 – Partnerschaften,17.19,Taxonomie‑Reporting,Taxonomie‑Reporting – DNSH‑Konformität,‚Do No Significant Harm‘ erfüllt,% Aktivitäten,higher_is_better,higher_is_better_pct,threshold_numeric_and_benchmark,UN_SDG_GOALS; UN_SDG_INDICATORS; UN_SDG_METADATA; EUROSTAT_NACE; EU_TAXONOMY,share_percent,Zähler: erfüllte / abgedeckte Fälle; Nenner: relevante Grundgesamtheit; Wert = Zähler / Nenner * 100.,"AutoScore = ScoreByThreshold(Messwert, Schwellen='≥90%:+3; 70–89%:+2; 50–69%:0; 30–49%:‑2; <30%:‑3', Polarity='higher_is_better', Archetype='higher_is_better_pct'). BenchmarkScore = ScoreByBenchmark(Messwert, BM, BM_150pct, BM_250pct). FinalScore = MIN(AutoScore, BenchmarkScore, RedLineScore). Tax_Rate = WUStG-Mapping(FinalScore).",≥90%:+3; 70–89%:+2; 50–69%:0; 30–49%:‑2; <30%:‑3,50.0,75.0,100.0,Nein,"mittel: limited assurance, später reasonable assurance je Relevanz",Quelle + Einheit + Systemgrenze + Zeitraum + Prüfnachweis; bei Datenlücke konservative Default-/Proxylogik markieren,public_research: strukturell vollständig; wissenschaftliche Validierung empfohlen,public research; not official; formula-ready; benchmark calibration required; source mapped; exact disclosure missing
WOK-POL-121,POL / Politik/Regulatorik,Demokratie,Governance & Demokratie,SDG 17 – Partnerschaften,17.19,Taxonomie‑Reporting,Taxonomie‑Reporting – TSC‑Schwellen,Anteil unter technischen TSC‑Grenzen,% Aktivitäten,higher_is_better,higher_is_better_pct,threshold_numeric_and_benchmark,UN_SDG_GOALS; UN_SDG_INDICATORS; UN_SDG_METADATA; EUROSTAT_NACE; EU_TAXONOMY,share_percent,Zähler: erfüllte / abgedeckte Fälle; Nenner: relevante Grundgesamtheit; Wert = Zähler / Nenner * 100.,"AutoScore = ScoreByThreshold(Messwert, Schwellen='≥90%:+3; 70–89%:+2; 50–69%:0; 30–49%:‑2; <30%:‑3', Polarity='higher_is_better', Archetype='higher_is_better_pct'). BenchmarkScore = ScoreByBenchmark(Messwert, BM, BM_150pct, BM_250pct). FinalScore = MIN(AutoScore, BenchmarkScore, RedLineScore). Tax_Rate = WUStG-Mapping(FinalScore).",≥90%:+3; 70–89%:+2; 50–69%:0; 30–49%:‑2; <30%:‑3,50.0,75.0,100.0,Nein,"mittel: limited assurance, später reasonable assurance je Relevanz",Quelle + Einheit + Systemgrenze + Zeitraum + Prüfnachweis; bei Datenlücke konservative Default-/Proxylogik markieren,public_research: strukturell vollständig; wissenschaftliche Validierung empfohlen,public research; not official; formula-ready; benchmark calibration required; source mapped; exact disclosure missing
WOK-SYS-158,SYS / System,Demokratie,Governance & Demokratie,+ Demokratie,-,Demokratie‑Index,Demokratie‑Index – Index,umsatzgewichteter Index (z. B. Demokratie/Rule of Law),0–1,higher_is_better,higher_is_better_abs,threshold_numeric_and_benchmark,UN_SDG_GOALS; UN_SDG_INDICATORS; UN_SDG_METADATA; EUROSTAT_NACE; WJP_RULE_OF_LAW; VDEM; SOCIAL_VALUE_SROI,index_0_1,"Wert = gewichteter Kriterienindex von 0 bis 1; Kriterien, Gewichtung und Nachweis je WÖk-ID offenlegen.","AutoScore = ScoreByThreshold(Messwert, Schwellen='≥0,8:+3; 0,7–0,79:+2; 0,6–0,69:0; 0,5–0,59:‑2; <0,5:‑3', Polarity='higher_is_better', Archetype='higher_is_better_abs'). BenchmarkScore = ScoreByBenchmark(Messwert, BM, BM_150pct, BM_250pct). FinalScore = MIN(AutoScore, BenchmarkScore, RedLineScore). Tax_Rate = WUStG-Mapping(FinalScore).","≥0,8:+3; 0,7–0,79:+2; 0,6–0,69:0; 0,5–0,59:‑2; <0,5:‑3",0.645,0.9675,1.0,Ja,hoch: externe Prüfung / reasonable assurance für kritische Risiken,Quelle + Einheit + Systemgrenze + Zeitraum + Prüfnachweis; bei Datenlücke konservative Default-/Proxylogik markieren,public_research: operationalisierbar; empirische Benchmark-Kalibrierung erforderlich,public research; not official; formula-ready; benchmark calibration required; red line; source mapped; exact disclosure missing
WOK-SYS-159,SYS / System,Demokratie,Governance & Demokratie,+ Demokratie,-,Demokratie‑Index,Demokratie‑Index – Exposure,Umsatz in Hochrisikoländern,%,lower_is_better,lower_is_better_abs,threshold_numeric_and_benchmark,UN_SDG_GOALS; UN_SDG_INDICATORS; UN_SDG_METADATA; EUROSTAT_NACE; WJP_RULE_OF_LAW; VDEM; SOCIAL_VALUE_SROI,share_percent,Zähler: erfüllte / abgedeckte Fälle; Nenner: relevante Grundgesamtheit; Wert = Zähler / Nenner * 100.,"AutoScore = ScoreByThreshold(Messwert, Schwellen='≤5:+3; 6–10:+2; 11–20:0; 21–30:‑2; >30:‑3', Polarity='lower_is_better', Archetype='lower_is_better_abs'). BenchmarkScore = ScoreByBenchmark(Messwert, BM, BM_150pct, BM_250pct). FinalScore = MIN(AutoScore, BenchmarkScore, RedLineScore). Tax_Rate = WUStG-Mapping(FinalScore).",≤5:+3; 6–10:+2; 11–20:0; 21–30:‑2; >30:‑3,15.5,23.25,38.75,Ja,hoch: externe Prüfung / reasonable assurance für kritische Risiken,Quelle + Einheit + Systemgrenze + Zeitraum + Prüfnachweis; bei Datenlücke konservative Default-/Proxylogik markieren,public_research: operationalisierbar; empirische Benchmark-Kalibrierung erforderlich,public research; not official; formula-ready; benchmark calibration required; red line; source mapped; exact disclosure missing
WOK-SYS-160,SYS / System,Demokratie,Governance & Demokratie,+ Demokratie,-,Demokratie‑Index,Demokratie‑Index – Kooperationen,"aktive, evaluierte Partnerschaften/Jahr",#/Jahr,higher_is_better,higher_is_better_abs,threshold_numeric_and_benchmark,UN_SDG_GOALS; UN_SDG_INDICATORS; UN_SDG_METADATA; EUROSTAT_NACE; WJP_RULE_OF_LAW; VDEM; SOCIAL_VALUE_SROI,index_0_1,"Wert = gewichteter Kriterienindex von 0 bis 1; Kriterien, Gewichtung und Nachweis je WÖk-ID offenlegen.","AutoScore = ScoreByThreshold(Messwert, Schwellen='≥5:+3; 3–4:+2; 1–2:0; 0:‑2', Polarity='higher_is_better', Archetype='higher_is_better_abs'). BenchmarkScore = ScoreByBenchmark(Messwert, BM, BM_150pct, BM_250pct). FinalScore = MIN(AutoScore, BenchmarkScore, RedLineScore). Tax_Rate = WUStG-Mapping(FinalScore).",≥5:+3; 3–4:+2; 1–2:0; 0:‑2,1.5,2.25,3.75,Ja,hoch: externe Prüfung / reasonable assurance für kritische Risiken,Quelle + Einheit + Systemgrenze + Zeitraum + Prüfnachweis; bei Datenlücke konservative Default-/Proxylogik markieren,public_research: operationalisierbar; empirische Benchmark-Kalibrierung erforderlich,public research; not official; formula-ready; benchmark calibration required; red line; source mapped; exact disclosure missing
WOK-SYS-161,SYS / System,Demokratie,Governance & Demokratie,+ Demokratie,-,Pressefreiheit‑Exposure,Pressefreiheit‑Exposure – Index,umsatzgewichteter Index (z. B. Demokratie/Rule of Law),0–1,higher_is_better,higher_is_better_abs,threshold_numeric_and_benchmark,UN_SDG_GOALS; UN_SDG_INDICATORS; UN_SDG_METADATA; EUROSTAT_NACE; WJP_RULE_OF_LAW; VDEM; SOCIAL_VALUE_SROI,index_0_1,"Wert = gewichteter Kriterienindex von 0 bis 1; Kriterien, Gewichtung und Nachweis je WÖk-ID offenlegen.","AutoScore = ScoreByThreshold(Messwert, Schwellen='≥0,8:+3; 0,7–0,79:+2; 0,6–0,69:0; 0,5–0,59:‑2; <0,5:‑3', Polarity='higher_is_better', Archetype='higher_is_better_abs'). BenchmarkScore = ScoreByBenchmark(Messwert, BM, BM_150pct, BM_250pct). FinalScore = MIN(AutoScore, BenchmarkScore, RedLineScore). Tax_Rate = WUStG-Mapping(FinalScore).","≥0,8:+3; 0,7–0,79:+2; 0,6–0,69:0; 0,5–0,59:‑2; <0,5:‑3",0.645,0.9675,1.0,Nein,mittel: fachliche Plausibilisierung und Quellenprüfung,Quelle + Einheit + Systemgrenze + Zeitraum + Prüfnachweis; bei Datenlücke konservative Default-/Proxylogik markieren,public_research: operationalisierbar; empirische Benchmark-Kalibrierung erforderlich,public research; not official; formula-ready; benchmark calibration required; source mapped; exact disclosure missing
WOK-SYS-162,SYS / System,Demokratie,Governance & Demokratie,+ Demokratie,-,Pressefreiheit‑Exposure,Pressefreiheit‑Exposure – Exposure,Umsatz in Hochrisikoländern,%,lower_is_better,lower_is_better_abs,threshold_numeric_and_benchmark,UN_SDG_GOALS; UN_SDG_INDICATORS; UN_SDG_METADATA; EUROSTAT_NACE; SOCIAL_VALUE_SROI,share_percent,Zähler: erfüllte / abgedeckte Fälle; Nenner: relevante Grundgesamtheit; Wert = Zähler / Nenner * 100.,"AutoScore = ScoreByThreshold(Messwert, Schwellen='≤5:+3; 6–10:+2; 11–20:0; 21–30:‑2; >30:‑3', Polarity='lower_is_better', Archetype='lower_is_better_abs'). BenchmarkScore = ScoreByBenchmark(Messwert, BM, BM_150pct, BM_250pct). FinalScore = MIN(AutoScore, BenchmarkScore, RedLineScore). Tax_Rate = WUStG-Mapping(FinalScore).",≤5:+3; 6–10:+2; 11–20:0; 21–30:‑2; >30:‑3,15.5,23.25,38.75,Nein,mittel: fachliche Plausibilisierung und Quellenprüfung,Quelle + Einheit + Systemgrenze + Zeitraum + Prüfnachweis; bei Datenlücke konservative Default-/Proxylogik markieren,public_research: operationalisierbar; empirische Benchmark-Kalibrierung erforderlich,public research; not official; formula-ready; benchmark calibration required; source mapped; exact disclosure missing
WOK-SYS-163,SYS / System,Demokratie,Governance & Demokratie,+ Demokratie,-,Pressefreiheit‑Exposure,Pressefreiheit‑Exposure – Kooperationen,"aktive, evaluierte Partnerschaften/Jahr",#/Jahr,higher_is_better,higher_is_better_abs,threshold_numeric_and_benchmark,UN_SDG_GOALS; UN_SDG_INDICATORS; UN_SDG_METADATA; EUROSTAT_NACE; WJP_RULE_OF_LAW; VDEM; SOCIAL_VALUE_SROI,indicator_specific,"Wert gemäß definierter Messgröße; Zähler, Nenner, Einheit, Systemgrenze und Zeitraum je WÖk-ID dokumentieren.","AutoScore = ScoreByThreshold(Messwert, Schwellen='≥5:+3; 3–4:+2; 1–2:0; 0:‑2', Polarity='higher_is_better', Archetype='higher_is_better_abs'). BenchmarkScore = ScoreByBenchmark(Messwert, BM, BM_150pct, BM_250pct). FinalScore = MIN(AutoScore, BenchmarkScore, RedLineScore). Tax_Rate = WUStG-Mapping(FinalScore).",≥5:+3; 3–4:+2; 1–2:0; 0:‑2,1.5,2.25,3.75,Nein,mittel: fachliche Plausibilisierung und Quellenprüfung,Quelle + Einheit + Systemgrenze + Zeitraum + Prüfnachweis; bei Datenlücke konservative Default-/Proxylogik markieren,public_research: operationalisierbar; empirische Benchmark-Kalibrierung erforderlich,public research; not official; formula-ready; benchmark calibration required; source mapped; exact disclosure missing
WOK-G-194,G / Governance,Demokratie,Governance & Demokratie,+ Demokratie,-,Transparenz/Anti‑Korruption,Transparenz/Anti‑Korruption – Antikorruption,Bestätigte Fälle/1.000 FTE,Fälle/1.000 FTE,lower_is_better,near_zero_better,threshold_numeric_and_benchmark,UN_SDG_GOALS; UN_SDG_INDICATORS; UN_SDG_METADATA; EUROSTAT_NACE; EC_CSRD; EFRAG_ESRS_SET1; EFRAG_ESRS_IG; GRI_STANDARDS; GRI_DOWNLOAD; OECD_ANTI_BRIBERY,lower_is_better_metric,"Wert = gemessene Belastung, Risiko- oder Intensitätskennzahl je funktionaler Einheit; niedriger ist besser.","AutoScore = ScoreByThreshold(Messwert, Schwellen='0:+3; ≤0,2:+2; ≤0,5:0; ≤1:‑2; >1:‑3', Polarity='lower_is_better', Archetype='near_zero_better'). BenchmarkScore = ScoreByBenchmark(Messwert, BM, BM_150pct, BM_250pct). FinalScore = MIN(AutoScore, BenchmarkScore, RedLineScore). Tax_Rate = WUStG-Mapping(FinalScore).","0:+3; ≤0,2:+2; ≤0,5:0; ≤1:‑2; >1:‑3",0.5,0.75,1.25,Ja,hoch: externe Prüfung / reasonable assurance für kritische Risiken,Quelle + Einheit + Systemgrenze + Zeitraum + Prüfnachweis; bei Datenlücke konservative Default-/Proxylogik markieren,public_research: operationalisierbar; empirische Benchmark-Kalibrierung erforderlich,public research; not official; formula-ready; benchmark calibration required; red line; source mapped; exact disclosure missing
WOK-G-195,G / Governance,Demokratie,Governance & Demokratie,+ Demokratie,-,Transparenz/Anti‑Korruption,Transparenz/Anti‑Korruption – Whistleblowing,Wirksamkeits‑Score,0–1,higher_is_better,higher_is_better_abs,threshold_numeric_and_benchmark,UN_SDG_GOALS; UN_SDG_INDICATORS; UN_SDG_METADATA; EUROSTAT_NACE; EC_CSRD; EFRAG_ESRS_SET1; EFRAG_ESRS_IG; GRI_STANDARDS; GRI_DOWNLOAD; OECD_ANTI_BRIBERY,index_0_1,"Wert = gewichteter Kriterienindex von 0 bis 1; Kriterien, Gewichtung und Nachweis je WÖk-ID offenlegen.","AutoScore = ScoreByThreshold(Messwert, Schwellen='≥0,9:+3; 0,75–0,89:+2; 0,6–0,74:0; 0,4–0,59:‑2; <0,4:‑3', Polarity='higher_is_better', Archetype='higher_is_better_abs'). BenchmarkScore = ScoreByBenchmark(Messwert, BM, BM_150pct, BM_250pct). FinalScore = MIN(AutoScore, BenchmarkScore, RedLineScore). Tax_Rate = WUStG-Mapping(FinalScore).","≥0,9:+3; 0,75–0,89:+2; 0,6–0,74:0; 0,4–0,59:‑2; <0,4:‑3",0.6699999999999999,1.0,1.0,Ja,hoch: externe Prüfung / reasonable assurance für kritische Risiken,Quelle + Einheit + Systemgrenze + Zeitraum + Prüfnachweis; bei Datenlücke konservative Default-/Proxylogik markieren,public_research: operationalisierbar; empirische Benchmark-Kalibrierung erforderlich,public research; not official; formula-ready; benchmark calibration required; red line; source mapped; exact disclosure missing
WOK-G-196,G / Governance,Demokratie,Governance & Demokratie,+ Demokratie,-,Transparenz/Anti‑Korruption,Transparenz/Anti‑Korruption – Steuertransparenz,CbCR‑Offenlegung,0–1,higher_is_better,higher_is_better_abs,qualitative_ordinal,UN_SDG_GOALS; UN_SDG_INDICATORS; UN_SDG_METADATA; EUROSTAT_NACE; EC_CSRD; EFRAG_ESRS_SET1; EFRAG_ESRS_IG; GRI_STANDARDS; GRI_DOWNLOAD; OECD_ANTI_BRIBERY,index_0_1,"Wert = gewichteter Kriterienindex von 0 bis 1; Kriterien, Gewichtung und Nachweis je WÖk-ID offenlegen.","AutoScore = ScoreByThreshold(Messwert, Schwellen='vollständig:+3; teilweise:+2; minimal:0; schlecht:‑2', Polarity='higher_is_better', Archetype='higher_is_better_abs'). BenchmarkScore = ScoreByBenchmark(Messwert, BM, BM_150pct, BM_250pct). FinalScore = MIN(AutoScore, BenchmarkScore, RedLineScore). Tax_Rate = WUStG-Mapping(FinalScore).",vollständig:+3; teilweise:+2; minimal:0; schlecht:‑2,0.5,0.75,0.9,Ja,hoch: externe Prüfung / reasonable assurance für kritische Risiken,Quelle + Einheit + Systemgrenze + Zeitraum + Prüfnachweis; bei Datenlücke konservative Default-/Proxylogik markieren,public_research: operationalisierbar; empirische Benchmark-Kalibrierung erforderlich,public research; not official; formula-ready; qualitative review required; red line; source mapped; exact disclosure missing
WOK-SYS-164,SYS / System,Demokratie,Governance & Demokratie,+ Demokratie,-,Civic Tech / Open Gov,Civic Tech / Open Gov – Index,umsatzgewichteter Index (z. B. Demokratie/Rule of Law),0–1,higher_is_better,higher_is_better_abs,threshold_numeric_and_benchmark,UN_SDG_GOALS; UN_SDG_INDICATORS; UN_SDG_METADATA; EUROSTAT_NACE; WJP_RULE_OF_LAW; VDEM; SOCIAL_VALUE_SROI,index_0_1,"Wert = gewichteter Kriterienindex von 0 bis 1; Kriterien, Gewichtung und Nachweis je WÖk-ID offenlegen.","AutoScore = ScoreByThreshold(Messwert, Schwellen='≥0,8:+3; 0,7–0,79:+2; 0,6–0,69:0; 0,5–0,59:‑2; <0,5:‑3', Polarity='higher_is_better', Archetype='higher_is_better_abs'). BenchmarkScore = ScoreByBenchmark(Messwert, BM, BM_150pct, BM_250pct). FinalScore = MIN(AutoScore, BenchmarkScore, RedLineScore). Tax_Rate = WUStG-Mapping(FinalScore).","≥0,8:+3; 0,7–0,79:+2; 0,6–0,69:0; 0,5–0,59:‑2; <0,5:‑3",0.645,0.9675,1.0,Nein,mittel: fachliche Plausibilisierung und Quellenprüfung,Quelle + Einheit + Systemgrenze + Zeitraum + Prüfnachweis; bei Datenlücke konservative Default-/Proxylogik markieren,public_research: operationalisierbar; empirische Benchmark-Kalibrierung erforderlich,public research; not official; formula-ready; benchmark calibration required; source mapped; exact disclosure missing
WOK-SYS-165,SYS / System,Demokratie,Governance & Demokratie,+ Demokratie,-,Civic Tech / Open Gov,Civic Tech / Open Gov – Exposure,Umsatz in Hochrisikoländern,%,lower_is_better,lower_is_better_abs,threshold_numeric_and_benchmark,UN_SDG_GOALS; UN_SDG_INDICATORS; UN_SDG_METADATA; EUROSTAT_NACE; SOCIAL_VALUE_SROI,share_percent,Zähler: erfüllte / abgedeckte Fälle; Nenner: relevante Grundgesamtheit; Wert = Zähler / Nenner * 100.,"AutoScore = ScoreByThreshold(Messwert, Schwellen='≤5:+3; 6–10:+2; 11–20:0; 21–30:‑2; >30:‑3', Polarity='lower_is_better', Archetype='lower_is_better_abs'). BenchmarkScore = ScoreByBenchmark(Messwert, BM, BM_150pct, BM_250pct). FinalScore = MIN(AutoScore, BenchmarkScore, RedLineScore). Tax_Rate = WUStG-Mapping(FinalScore).",≤5:+3; 6–10:+2; 11–20:0; 21–30:‑2; >30:‑3,15.5,23.25,38.75,Nein,mittel: fachliche Plausibilisierung und Quellenprüfung,Quelle + Einheit + Systemgrenze + Zeitraum + Prüfnachweis; bei Datenlücke konservative Default-/Proxylogik markieren,public_research: operationalisierbar; empirische Benchmark-Kalibrierung erforderlich,public research; not official; formula-ready; benchmark calibration required; source mapped; exact disclosure missing
WOK-SYS-166,SYS / System,Demokratie,Governance & Demokratie,+ Demokratie,-,Civic Tech / Open Gov,Civic Tech / Open Gov – Kooperationen,"aktive, evaluierte Partnerschaften/Jahr",#/Jahr,higher_is_better,higher_is_better_abs,threshold_numeric_and_benchmark,UN_SDG_GOALS; UN_SDG_INDICATORS; UN_SDG_METADATA; EUROSTAT_NACE; WJP_RULE_OF_LAW; VDEM; SOCIAL_VALUE_SROI,indicator_specific,"Wert gemäß definierter Messgröße; Zähler, Nenner, Einheit, Systemgrenze und Zeitraum je WÖk-ID dokumentieren.","AutoScore = ScoreByThreshold(Messwert, Schwellen='≥5:+3; 3–4:+2; 1–2:0; 0:‑2', Polarity='higher_is_better', Archetype='higher_is_better_abs'). BenchmarkScore = ScoreByBenchmark(Messwert, BM, BM_150pct, BM_250pct). FinalScore = MIN(AutoScore, BenchmarkScore, RedLineScore). Tax_Rate = WUStG-Mapping(FinalScore).",≥5:+3; 3–4:+2; 1–2:0; 0:‑2,1.5,2.25,3.75,Nein,mittel: fachliche Plausibilisierung und Quellenprüfung,Quelle + Einheit + Systemgrenze + Zeitraum + Prüfnachweis; bei Datenlücke konservative Default-/Proxylogik markieren,public_research: operationalisierbar; empirische Benchmark-Kalibrierung erforderlich,public research; not official; formula-ready; benchmark calibration required; source mapped; exact disclosure missing
WOK-G-197,G / Governance,Demokratie,Governance & Demokratie,+ Demokratie,-,Unabhängigkeit Aufsicht,Unabhängigkeit Aufsicht – Antikorruption,Bestätigte Fälle/1.000 FTE,Fälle/1.000 FTE,lower_is_better,near_zero_better,threshold_numeric_and_benchmark,UN_SDG_GOALS; UN_SDG_INDICATORS; UN_SDG_METADATA; EUROSTAT_NACE; EC_CSRD; EFRAG_ESRS_SET1; EFRAG_ESRS_IG; GRI_STANDARDS; GRI_DOWNLOAD; OECD_ANTI_BRIBERY,lower_is_better_metric,"Wert = gemessene Belastung, Risiko- oder Intensitätskennzahl je funktionaler Einheit; niedriger ist besser.","AutoScore = ScoreByThreshold(Messwert, Schwellen='0:+3; ≤0,2:+2; ≤0,5:0; ≤1:‑2; >1:‑3', Polarity='lower_is_better', Archetype='near_zero_better'). BenchmarkScore = ScoreByBenchmark(Messwert, BM, BM_150pct, BM_250pct). FinalScore = MIN(AutoScore, BenchmarkScore, RedLineScore). Tax_Rate = WUStG-Mapping(FinalScore).","0:+3; ≤0,2:+2; ≤0,5:0; ≤1:‑2; >1:‑3",0.5,0.75,1.25,Ja,hoch: externe Prüfung / reasonable assurance für kritische Risiken,Quelle + Einheit + Systemgrenze + Zeitraum + Prüfnachweis; bei Datenlücke konservative Default-/Proxylogik markieren,public_research: operationalisierbar; empirische Benchmark-Kalibrierung erforderlich,public research; not official; formula-ready; benchmark calibration required; red line; source mapped; exact disclosure missing
WOK-G-198,G / Governance,Demokratie,Governance & Demokratie,+ Demokratie,-,Unabhängigkeit Aufsicht,Unabhängigkeit Aufsicht – Whistleblowing,Wirksamkeits‑Score,0–1,higher_is_better,higher_is_better_abs,threshold_numeric_and_benchmark,UN_SDG_GOALS; UN_SDG_INDICATORS; UN_SDG_METADATA; EUROSTAT_NACE; EC_CSRD; EFRAG_ESRS_SET1; EFRAG_ESRS_IG; GRI_STANDARDS; GRI_DOWNLOAD; OECD_ANTI_BRIBERY,index_0_1,"Wert = gewichteter Kriterienindex von 0 bis 1; Kriterien, Gewichtung und Nachweis je WÖk-ID offenlegen.","AutoScore = ScoreByThreshold(Messwert, Schwellen='≥0,9:+3; 0,75–0,89:+2; 0,6–0,74:0; 0,4–0,59:‑2; <0,4:‑3', Polarity='higher_is_better', Archetype='higher_is_better_abs'). BenchmarkScore = ScoreByBenchmark(Messwert, BM, BM_150pct, BM_250pct). FinalScore = MIN(AutoScore, BenchmarkScore, RedLineScore). Tax_Rate = WUStG-Mapping(FinalScore).","≥0,9:+3; 0,75–0,89:+2; 0,6–0,74:0; 0,4–0,59:‑2; <0,4:‑3",0.6699999999999999,1.0,1.0,Ja,hoch: externe Prüfung / reasonable assurance für kritische Risiken,Quelle + Einheit + Systemgrenze + Zeitraum + Prüfnachweis; bei Datenlücke konservative Default-/Proxylogik markieren,public_research: operationalisierbar; empirische Benchmark-Kalibrierung erforderlich,public research; not official; formula-ready; benchmark calibration required; red line; source mapped; exact disclosure missing
WOK-G-199,G / Governance,Demokratie,Governance & Demokratie,+ Demokratie,-,Unabhängigkeit Aufsicht,Unabhängigkeit Aufsicht – Steuertransparenz,CbCR‑Offenlegung,0–1,higher_is_better,higher_is_better_abs,qualitative_ordinal,UN_SDG_GOALS; UN_SDG_INDICATORS; UN_SDG_METADATA; EUROSTAT_NACE; EC_CSRD; EFRAG_ESRS_SET1; EFRAG_ESRS_IG; GRI_STANDARDS; GRI_DOWNLOAD; OECD_ANTI_BRIBERY,index_0_1,"Wert = gewichteter Kriterienindex von 0 bis 1; Kriterien, Gewichtung und Nachweis je WÖk-ID offenlegen.","AutoScore = ScoreByThreshold(Messwert, Schwellen='vollständig:+3; teilweise:+2; minimal:0; schlecht:‑2', Polarity='higher_is_better', Archetype='higher_is_better_abs'). BenchmarkScore = ScoreByBenchmark(Messwert, BM, BM_150pct, BM_250pct). FinalScore = MIN(AutoScore, BenchmarkScore, RedLineScore). Tax_Rate = WUStG-Mapping(FinalScore).",vollständig:+3; teilweise:+2; minimal:0; schlecht:‑2,0.5,0.75,0.9,Ja,hoch: externe Prüfung / reasonable assurance für kritische Risiken,Quelle + Einheit + Systemgrenze + Zeitraum + Prüfnachweis; bei Datenlücke konservative Default-/Proxylogik markieren,public_research: operationalisierbar; empirische Benchmark-Kalibrierung erforderlich,public research; not official; formula-ready; qualitative review required; red line; source mapped; exact disclosure missing
WOK-SC-146,SC / Lieferkette,Demokratie,Governance & Demokratie,+ Demokratie,-,Lieferkette in Autokratien,Lieferkette in Autokratien – ESG‑Spend‑Coverage,Anteil verifizierter ESG‑Daten am Spend,%,higher_is_better,higher_is_better_pct,threshold_numeric_and_benchmark,UN_SDG_GOALS; UN_SDG_INDICATORS; UN_SDG_METADATA; EUROSTAT_NACE; EC_CSRD; EFRAG_ESRS_SET1; EFRAG_ESRS_IG; GRI_STANDARDS; GRI_DOWNLOAD; OECD_RBC_DD,share_percent,Zähler: erfüllte / abgedeckte Fälle; Nenner: relevante Grundgesamtheit; Wert = Zähler / Nenner * 100.,"AutoScore = ScoreByThreshold(Messwert, Schwellen='≥90:+3; 70–89:+2; 50–69:0; 30–49:‑2; <30:‑3', Polarity='higher_is_better', Archetype='higher_is_better_pct'). BenchmarkScore = ScoreByBenchmark(Messwert, BM, BM_150pct, BM_250pct). FinalScore = MIN(AutoScore, BenchmarkScore, RedLineScore). Tax_Rate = WUStG-Mapping(FinalScore).",≥90:+3; 70–89:+2; 50–69:0; 30–49:‑2; <30:‑3,59.5,89.25,100.0,Nein,"mittel: limited assurance, später reasonable assurance je Relevanz",Quelle + Einheit + Systemgrenze + Zeitraum + Prüfnachweis; bei Datenlücke konservative Default-/Proxylogik markieren,public_research: operationalisierbar; empirische Benchmark-Kalibrierung erforderlich,public research; not official; formula-ready; benchmark calibration required; source mapped; exact disclosure missing
WOK-SC-147,SC / Lieferkette,Demokratie,Arbeit & Fairness,+ Demokratie,-,Lieferkette in Autokratien,Lieferkette in Autokratien – Kinder/Zwangsarbeit,Audits ohne Verstöße,% Lieferanten,higher_is_better,higher_is_better_pct,threshold_numeric_and_benchmark,UN_SDG_GOALS; UN_SDG_INDICATORS; UN_SDG_METADATA; EUROSTAT_NACE; EC_CSRD; EFRAG_ESRS_SET1; EFRAG_ESRS_IG; GRI_STANDARDS; GRI_DOWNLOAD; OECD_RBC_DD,share_percent,Zähler: erfüllte / abgedeckte Fälle; Nenner: relevante Grundgesamtheit; Wert = Zähler / Nenner * 100.,"AutoScore = ScoreByThreshold(Messwert, Schwellen='≥98:+3; 90–97:+2; 75–89:0; 50–74:‑2; <50:‑3', Polarity='higher_is_better', Archetype='higher_is_better_pct'). BenchmarkScore = ScoreByBenchmark(Messwert, BM, BM_150pct, BM_250pct). FinalScore = MIN(AutoScore, BenchmarkScore, RedLineScore). Tax_Rate = WUStG-Mapping(FinalScore).",≥98:+3; 90–97:+2; 75–89:0; 50–74:‑2; <50:‑3,82.0,100.0,100.0,Ja,hoch: externe Prüfung / reasonable assurance für kritische Risiken,Quelle + Einheit + Systemgrenze + Zeitraum + Prüfnachweis; bei Datenlücke konservative Default-/Proxylogik markieren,public_research: operationalisierbar; empirische Benchmark-Kalibrierung erforderlich,public research; not official; formula-ready; benchmark calibration required; red line; source mapped; exact disclosure missing
WOK-SC-148,SC / Lieferkette,Demokratie,Governance & Demokratie,+ Demokratie,-,Lieferkette in Autokratien,Lieferkette in Autokratien – Scope‑3 Daten,Primärdaten‑Abdeckung,% Kategorien,higher_is_better,higher_is_better_pct,threshold_numeric_and_benchmark,UN_SDG_GOALS; UN_SDG_INDICATORS; UN_SDG_METADATA; EUROSTAT_NACE; EC_CSRD; EFRAG_ESRS_SET1; EFRAG_ESRS_IG; GHG_PROTOCOL_SCOPE3; GHG_PROTOCOL_PRODUCT; ISO_14064,share_percent,Zähler: erfüllte / abgedeckte Fälle; Nenner: relevante Grundgesamtheit; Wert = Zähler / Nenner * 100.,"AutoScore = ScoreByThreshold(Messwert, Schwellen='≥80:+3; 60–79:+2; 40–59:0; 20–39:‑2; <20:‑3', Polarity='higher_is_better', Archetype='higher_is_better_pct'). BenchmarkScore = ScoreByBenchmark(Messwert, BM, BM_150pct, BM_250pct). FinalScore = MIN(AutoScore, BenchmarkScore, RedLineScore). Tax_Rate = WUStG-Mapping(FinalScore).",≥80:+3; 60–79:+2; 40–59:0; 20–39:‑2; <20:‑3,49.5,74.25,100.0,Nein,"mittel: limited assurance, später reasonable assurance je Relevanz",Quelle + Einheit + Systemgrenze + Zeitraum + Prüfnachweis; bei Datenlücke konservative Default-/Proxylogik markieren,public_research: operationalisierbar; empirische Benchmark-Kalibrierung erforderlich,public research; not official; formula-ready; benchmark calibration required; source mapped; exact disclosure missing
WOK-SYS-167,SYS / System,Demokratie,Querschnitt,+ Medienvielfalt,-,Medien‑Konzentration,Medien‑Konzentration – Index,umsatzgewichteter Index (z. B. Demokratie/Rule of Law),0–1,higher_is_better,higher_is_better_abs,threshold_numeric_and_benchmark,UN_SDG_GOALS; UN_SDG_INDICATORS; UN_SDG_METADATA; EUROSTAT_NACE; WJP_RULE_OF_LAW; VDEM; SOCIAL_VALUE_SROI,index_0_1,"Wert = gewichteter Kriterienindex von 0 bis 1; Kriterien, Gewichtung und Nachweis je WÖk-ID offenlegen.","AutoScore = ScoreByThreshold(Messwert, Schwellen='≥0,8:+3; 0,7–0,79:+2; 0,6–0,69:0; 0,5–0,59:‑2; <0,5:‑3', Polarity='higher_is_better', Archetype='higher_is_better_abs'). BenchmarkScore = ScoreByBenchmark(Messwert, BM, BM_150pct, BM_250pct). FinalScore = MIN(AutoScore, BenchmarkScore, RedLineScore). Tax_Rate = WUStG-Mapping(FinalScore).","≥0,8:+3; 0,7–0,79:+2; 0,6–0,69:0; 0,5–0,59:‑2; <0,5:‑3",0.645,0.9675,1.0,Nein,mittel: fachliche Plausibilisierung und Quellenprüfung,Quelle + Einheit + Systemgrenze + Zeitraum + Prüfnachweis; bei Datenlücke konservative Default-/Proxylogik markieren,public_research: operationalisierbar; empirische Benchmark-Kalibrierung erforderlich,public research; not official; formula-ready; benchmark calibration required; source mapped; exact disclosure missing
WOK-SYS-168,SYS / System,Demokratie,Querschnitt,+ Medienvielfalt,-,Medien‑Konzentration,Medien‑Konzentration – Exposure,Umsatz in Hochrisikoländern,%,lower_is_better,lower_is_better_abs,threshold_numeric_and_benchmark,UN_SDG_GOALS; UN_SDG_INDICATORS; UN_SDG_METADATA; EUROSTAT_NACE; SOCIAL_VALUE_SROI,share_percent,Zähler: erfüllte / abgedeckte Fälle; Nenner: relevante Grundgesamtheit; Wert = Zähler / Nenner * 100.,"AutoScore = ScoreByThreshold(Messwert, Schwellen='≤5:+3; 6–10:+2; 11–20:0; 21–30:‑2; >30:‑3', Polarity='lower_is_better', Archetype='lower_is_better_abs'). BenchmarkScore = ScoreByBenchmark(Messwert, BM, BM_150pct, BM_250pct). FinalScore = MIN(AutoScore, BenchmarkScore, RedLineScore). Tax_Rate = WUStG-Mapping(FinalScore).",≤5:+3; 6–10:+2; 11–20:0; 21–30:‑2; >30:‑3,15.5,23.25,38.75,Nein,mittel: fachliche Plausibilisierung und Quellenprüfung,Quelle + Einheit + Systemgrenze + Zeitraum + Prüfnachweis; bei Datenlücke konservative Default-/Proxylogik markieren,public_research: operationalisierbar; empirische Benchmark-Kalibrierung erforderlich,public research; not official; formula-ready; benchmark calibration required; source mapped; exact disclosure missing
WOK-SYS-169,SYS / System,Demokratie,Querschnitt,+ Medienvielfalt,-,Medien‑Konzentration,Medien‑Konzentration – Kooperationen,"aktive, evaluierte Partnerschaften/Jahr",#/Jahr,higher_is_better,higher_is_better_abs,threshold_numeric_and_benchmark,UN_SDG_GOALS; UN_SDG_INDICATORS; UN_SDG_METADATA; EUROSTAT_NACE; WJP_RULE_OF_LAW; VDEM; SOCIAL_VALUE_SROI,indicator_specific,"Wert gemäß definierter Messgröße; Zähler, Nenner, Einheit, Systemgrenze und Zeitraum je WÖk-ID dokumentieren.","AutoScore = ScoreByThreshold(Messwert, Schwellen='≥5:+3; 3–4:+2; 1–2:0; 0:‑2', Polarity='higher_is_better', Archetype='higher_is_better_abs'). BenchmarkScore = ScoreByBenchmark(Messwert, BM, BM_150pct, BM_250pct). FinalScore = MIN(AutoScore, BenchmarkScore, RedLineScore). Tax_Rate = WUStG-Mapping(FinalScore).",≥5:+3; 3–4:+2; 1–2:0; 0:‑2,1.5,2.25,3.75,Nein,mittel: fachliche Plausibilisierung und Quellenprüfung,Quelle + Einheit + Systemgrenze + Zeitraum + Prüfnachweis; bei Datenlücke konservative Default-/Proxylogik markieren,public_research: operationalisierbar; empirische Benchmark-Kalibrierung erforderlich,public research; not official; formula-ready; benchmark calibration required; source mapped; exact disclosure missing
WOK-SYS-170,SYS / System,Demokratie,Querschnitt,+ Medienvielfalt,-,Brand Safety,Brand Safety – Index,umsatzgewichteter Index (z. B. Demokratie/Rule of Law),0–1,higher_is_better,higher_is_better_abs,threshold_numeric_and_benchmark,UN_SDG_GOALS; UN_SDG_INDICATORS; UN_SDG_METADATA; EUROSTAT_NACE; WJP_RULE_OF_LAW; VDEM; SOCIAL_VALUE_SROI,index_0_1,"Wert = gewichteter Kriterienindex von 0 bis 1; Kriterien, Gewichtung und Nachweis je WÖk-ID offenlegen.","AutoScore = ScoreByThreshold(Messwert, Schwellen='≥0,8:+3; 0,7–0,79:+2; 0,6–0,69:0; 0,5–0,59:‑2; <0,5:‑3', Polarity='higher_is_better', Archetype='higher_is_better_abs'). BenchmarkScore = ScoreByBenchmark(Messwert, BM, BM_150pct, BM_250pct). FinalScore = MIN(AutoScore, BenchmarkScore, RedLineScore). Tax_Rate = WUStG-Mapping(FinalScore).","≥0,8:+3; 0,7–0,79:+2; 0,6–0,69:0; 0,5–0,59:‑2; <0,5:‑3",0.645,0.9675,1.0,Nein,mittel: fachliche Plausibilisierung und Quellenprüfung,Quelle + Einheit + Systemgrenze + Zeitraum + Prüfnachweis; bei Datenlücke konservative Default-/Proxylogik markieren,public_research: operationalisierbar; empirische Benchmark-Kalibrierung erforderlich,public research; not official; formula-ready; benchmark calibration required; source mapped; exact disclosure missing
WOK-SYS-171,SYS / System,Demokratie,Querschnitt,+ Medienvielfalt,-,Brand Safety,Brand Safety – Exposure,Umsatz in Hochrisikoländern,%,lower_is_better,lower_is_better_abs,threshold_numeric_and_benchmark,UN_SDG_GOALS; UN_SDG_INDICATORS; UN_SDG_METADATA; EUROSTAT_NACE; SOCIAL_VALUE_SROI,share_percent,Zähler: erfüllte / abgedeckte Fälle; Nenner: relevante Grundgesamtheit; Wert = Zähler / Nenner * 100.,"AutoScore = ScoreByThreshold(Messwert, Schwellen='≤5:+3; 6–10:+2; 11–20:0; 21–30:‑2; >30:‑3', Polarity='lower_is_better', Archetype='lower_is_better_abs'). BenchmarkScore = ScoreByBenchmark(Messwert, BM, BM_150pct, BM_250pct). FinalScore = MIN(AutoScore, BenchmarkScore, RedLineScore). Tax_Rate = WUStG-Mapping(FinalScore).",≤5:+3; 6–10:+2; 11–20:0; 21–30:‑2; >30:‑3,15.5,23.25,38.75,Nein,mittel: fachliche Plausibilisierung und Quellenprüfung,Quelle + Einheit + Systemgrenze + Zeitraum + Prüfnachweis; bei Datenlücke konservative Default-/Proxylogik markieren,public_research: operationalisierbar; empirische Benchmark-Kalibrierung erforderlich,public research; not official; formula-ready; benchmark calibration required; source mapped; exact disclosure missing
WOK-SYS-172,SYS / System,Demokratie,Querschnitt,+ Medienvielfalt,-,Brand Safety,Brand Safety – Kooperationen,"aktive, evaluierte Partnerschaften/Jahr",#/Jahr,higher_is_better,higher_is_better_abs,threshold_numeric_and_benchmark,UN_SDG_GOALS; UN_SDG_INDICATORS; UN_SDG_METADATA; EUROSTAT_NACE; WJP_RULE_OF_LAW; VDEM; SOCIAL_VALUE_SROI,indicator_specific,"Wert gemäß definierter Messgröße; Zähler, Nenner, Einheit, Systemgrenze und Zeitraum je WÖk-ID dokumentieren.","AutoScore = ScoreByThreshold(Messwert, Schwellen='≥5:+3; 3–4:+2; 1–2:0; 0:‑2', Polarity='higher_is_better', Archetype='higher_is_better_abs'). BenchmarkScore = ScoreByBenchmark(Messwert, BM, BM_150pct, BM_250pct). FinalScore = MIN(AutoScore, BenchmarkScore, RedLineScore). Tax_Rate = WUStG-Mapping(FinalScore).",≥5:+3; 3–4:+2; 1–2:0; 0:‑2,1.5,2.25,3.75,Nein,mittel: fachliche Plausibilisierung und Quellenprüfung,Quelle + Einheit + Systemgrenze + Zeitraum + Prüfnachweis; bei Datenlücke konservative Default-/Proxylogik markieren,public_research: operationalisierbar; empirische Benchmark-Kalibrierung erforderlich,public research; not official; formula-ready; benchmark calibration required; source mapped; exact disclosure missing
WOK-G-200,G / Governance,Demokratie,Governance & Demokratie,+ Medienvielfalt,-,Unabhängigkeit Redaktion/Boards,Unabhängigkeit Redaktion/Boards – Antikorruption,Bestätigte Fälle/1.000 FTE,Fälle/1.000 FTE,lower_is_better,near_zero_better,threshold_numeric_and_benchmark,UN_SDG_GOALS; UN_SDG_INDICATORS; UN_SDG_METADATA; EUROSTAT_NACE; EC_CSRD; EFRAG_ESRS_SET1; EFRAG_ESRS_IG; GRI_STANDARDS; GRI_DOWNLOAD; OECD_ANTI_BRIBERY,lower_is_better_metric,"Wert = gemessene Belastung, Risiko- oder Intensitätskennzahl je funktionaler Einheit; niedriger ist besser.","AutoScore = ScoreByThreshold(Messwert, Schwellen='0:+3; ≤0,2:+2; ≤0,5:0; ≤1:‑2; >1:‑3', Polarity='lower_is_better', Archetype='near_zero_better'). BenchmarkScore = ScoreByBenchmark(Messwert, BM, BM_150pct, BM_250pct). FinalScore = MIN(AutoScore, BenchmarkScore, RedLineScore). Tax_Rate = WUStG-Mapping(FinalScore).","0:+3; ≤0,2:+2; ≤0,5:0; ≤1:‑2; >1:‑3",0.5,0.75,1.25,Ja,hoch: externe Prüfung / reasonable assurance für kritische Risiken,Quelle + Einheit + Systemgrenze + Zeitraum + Prüfnachweis; bei Datenlücke konservative Default-/Proxylogik markieren,public_research: operationalisierbar; empirische Benchmark-Kalibrierung erforderlich,public research; not official; formula-ready; benchmark calibration required; red line; source mapped; exact disclosure missing
WOK-G-201,G / Governance,Demokratie,Querschnitt,+ Medienvielfalt,-,Unabhängigkeit Redaktion/Boards,Unabhängigkeit Redaktion/Boards – Whistleblowing,Wirksamkeits‑Score,0–1,higher_is_better,higher_is_better_abs,threshold_numeric_and_benchmark,UN_SDG_GOALS; UN_SDG_INDICATORS; UN_SDG_METADATA; EUROSTAT_NACE; EC_CSRD; EFRAG_ESRS_SET1; EFRAG_ESRS_IG; GRI_STANDARDS; GRI_DOWNLOAD; OECD_ANTI_BRIBERY,index_0_1,"Wert = gewichteter Kriterienindex von 0 bis 1; Kriterien, Gewichtung und Nachweis je WÖk-ID offenlegen.","AutoScore = ScoreByThreshold(Messwert, Schwellen='≥0,9:+3; 0,75–0,89:+2; 0,6–0,74:0; 0,4–0,59:‑2; <0,4:‑3', Polarity='higher_is_better', Archetype='higher_is_better_abs'). BenchmarkScore = ScoreByBenchmark(Messwert, BM, BM_150pct, BM_250pct). FinalScore = MIN(AutoScore, BenchmarkScore, RedLineScore). Tax_Rate = WUStG-Mapping(FinalScore).","≥0,9:+3; 0,75–0,89:+2; 0,6–0,74:0; 0,4–0,59:‑2; <0,4:‑3",0.6699999999999999,1.0,1.0,Ja,hoch: externe Prüfung / reasonable assurance für kritische Risiken,Quelle + Einheit + Systemgrenze + Zeitraum + Prüfnachweis; bei Datenlücke konservative Default-/Proxylogik markieren,public_research: operationalisierbar; empirische Benchmark-Kalibrierung erforderlich,public research; not official; formula-ready; benchmark calibration required; red line; source mapped; exact disclosure missing
WOK-G-202,G / Governance,Demokratie,Governance & Demokratie,+ Medienvielfalt,-,Unabhängigkeit Redaktion/Boards,Unabhängigkeit Redaktion/Boards – Steuertransparenz,CbCR‑Offenlegung,0–1,higher_is_better,higher_is_better_abs,qualitative_ordinal,UN_SDG_GOALS; UN_SDG_INDICATORS; UN_SDG_METADATA; EUROSTAT_NACE; EC_CSRD; EFRAG_ESRS_SET1; EFRAG_ESRS_IG; GRI_STANDARDS; GRI_DOWNLOAD; OECD_ANTI_BRIBERY,index_0_1,"Wert = gewichteter Kriterienindex von 0 bis 1; Kriterien, Gewichtung und Nachweis je WÖk-ID offenlegen.","AutoScore = ScoreByThreshold(Messwert, Schwellen='vollständig:+3; teilweise:+2; minimal:0; schlecht:‑2', Polarity='higher_is_better', Archetype='higher_is_better_abs'). BenchmarkScore = ScoreByBenchmark(Messwert, BM, BM_150pct, BM_250pct). FinalScore = MIN(AutoScore, BenchmarkScore, RedLineScore). Tax_Rate = WUStG-Mapping(FinalScore).",vollständig:+3; teilweise:+2; minimal:0; schlecht:‑2,0.5,0.75,0.9,Ja,hoch: externe Prüfung / reasonable assurance für kritische Risiken,Quelle + Einheit + Systemgrenze + Zeitraum + Prüfnachweis; bei Datenlücke konservative Default-/Proxylogik markieren,public_research: operationalisierbar; empirische Benchmark-Kalibrierung erforderlich,public research; not official; formula-ready; qualitative review required; red line; source mapped; exact disclosure missing
WOK-SYS-173,SYS / System,Demokratie,Governance & Demokratie,+ Medienvielfalt,-,Faktenchecks/Transparenz,Faktenchecks/Transparenz – Index,umsatzgewichteter Index (z. B. Demokratie/Rule of Law),0–1,higher_is_better,higher_is_better_abs,threshold_numeric_and_benchmark,UN_SDG_GOALS; UN_SDG_INDICATORS; UN_SDG_METADATA; EUROSTAT_NACE; WJP_RULE_OF_LAW; VDEM; SOCIAL_VALUE_SROI,index_0_1,"Wert = gewichteter Kriterienindex von 0 bis 1; Kriterien, Gewichtung und Nachweis je WÖk-ID offenlegen.","AutoScore = ScoreByThreshold(Messwert, Schwellen='≥0,8:+3; 0,7–0,79:+2; 0,6–0,69:0; 0,5–0,59:‑2; <0,5:‑3', Polarity='higher_is_better', Archetype='higher_is_better_abs'). BenchmarkScore = ScoreByBenchmark(Messwert, BM, BM_150pct, BM_250pct). FinalScore = MIN(AutoScore, BenchmarkScore, RedLineScore). Tax_Rate = WUStG-Mapping(FinalScore).","≥0,8:+3; 0,7–0,79:+2; 0,6–0,69:0; 0,5–0,59:‑2; <0,5:‑3",0.645,0.9675,1.0,Nein,mittel: fachliche Plausibilisierung und Quellenprüfung,Quelle + Einheit + Systemgrenze + Zeitraum + Prüfnachweis; bei Datenlücke konservative Default-/Proxylogik markieren,public_research: operationalisierbar; empirische Benchmark-Kalibrierung erforderlich,public research; not official; formula-ready; benchmark calibration required; source mapped; exact disclosure missing
WOK-SYS-174,SYS / System,Demokratie,Governance & Demokratie,+ Medienvielfalt,-,Faktenchecks/Transparenz,Faktenchecks/Transparenz – Exposure,Umsatz in Hochrisikoländern,%,lower_is_better,lower_is_better_abs,threshold_numeric_and_benchmark,UN_SDG_GOALS; UN_SDG_INDICATORS; UN_SDG_METADATA; EUROSTAT_NACE; WJP_RULE_OF_LAW; VDEM; SOCIAL_VALUE_SROI,share_percent,Zähler: erfüllte / abgedeckte Fälle; Nenner: relevante Grundgesamtheit; Wert = Zähler / Nenner * 100.,"AutoScore = ScoreByThreshold(Messwert, Schwellen='≤5:+3; 6–10:+2; 11–20:0; 21–30:‑2; >30:‑3', Polarity='lower_is_better', Archetype='lower_is_better_abs'). BenchmarkScore = ScoreByBenchmark(Messwert, BM, BM_150pct, BM_250pct). FinalScore = MIN(AutoScore, BenchmarkScore, RedLineScore). Tax_Rate = WUStG-Mapping(FinalScore).",≤5:+3; 6–10:+2; 11–20:0; 21–30:‑2; >30:‑3,15.5,23.25,38.75,Nein,mittel: fachliche Plausibilisierung und Quellenprüfung,Quelle + Einheit + Systemgrenze + Zeitraum + Prüfnachweis; bei Datenlücke konservative Default-/Proxylogik markieren,public_research: operationalisierbar; empirische Benchmark-Kalibrierung erforderlich,public research; not official; formula-ready; benchmark calibration required; source mapped; exact disclosure missing
WOK-SYS-175,SYS / System,Demokratie,Governance & Demokratie,+ Medienvielfalt,-,Faktenchecks/Transparenz,Faktenchecks/Transparenz – Kooperationen,"aktive, evaluierte Partnerschaften/Jahr",#/Jahr,higher_is_better,higher_is_better_abs,threshold_numeric_and_benchmark,UN_SDG_GOALS; UN_SDG_INDICATORS; UN_SDG_METADATA; EUROSTAT_NACE; WJP_RULE_OF_LAW; VDEM; SOCIAL_VALUE_SROI,indicator_specific,"Wert gemäß definierter Messgröße; Zähler, Nenner, Einheit, Systemgrenze und Zeitraum je WÖk-ID dokumentieren.","AutoScore = ScoreByThreshold(Messwert, Schwellen='≥5:+3; 3–4:+2; 1–2:0; 0:‑2', Polarity='higher_is_better', Archetype='higher_is_better_abs'). BenchmarkScore = ScoreByBenchmark(Messwert, BM, BM_150pct, BM_250pct). FinalScore = MIN(AutoScore, BenchmarkScore, RedLineScore). Tax_Rate = WUStG-Mapping(FinalScore).",≥5:+3; 3–4:+2; 1–2:0; 0:‑2,1.5,2.25,3.75,Nein,mittel: fachliche Plausibilisierung und Quellenprüfung,Quelle + Einheit + Systemgrenze + Zeitraum + Prüfnachweis; bei Datenlücke konservative Default-/Proxylogik markieren,public_research: operationalisierbar; empirische Benchmark-Kalibrierung erforderlich,public research; not official; formula-ready; benchmark calibration required; source mapped; exact disclosure missing
WOK-G-203,G / Governance,Demokratie,Governance & Demokratie,+ Medienvielfalt,-,Werberegulierung/DSA,Werberegulierung/DSA – Antikorruption,Bestätigte Fälle/1.000 FTE,Fälle/1.000 FTE,lower_is_better,near_zero_better,threshold_numeric_and_benchmark,UN_SDG_GOALS; UN_SDG_INDICATORS; UN_SDG_METADATA; EUROSTAT_NACE; EC_CSRD; EFRAG_ESRS_SET1; EFRAG_ESRS_IG; GRI_STANDARDS; GRI_DOWNLOAD; OECD_ANTI_BRIBERY,lower_is_better_metric,"Wert = gemessene Belastung, Risiko- oder Intensitätskennzahl je funktionaler Einheit; niedriger ist besser.","AutoScore = ScoreByThreshold(Messwert, Schwellen='0:+3; ≤0,2:+2; ≤0,5:0; ≤1:‑2; >1:‑3', Polarity='lower_is_better', Archetype='near_zero_better'). BenchmarkScore = ScoreByBenchmark(Messwert, BM, BM_150pct, BM_250pct). FinalScore = MIN(AutoScore, BenchmarkScore, RedLineScore). Tax_Rate = WUStG-Mapping(FinalScore).","0:+3; ≤0,2:+2; ≤0,5:0; ≤1:‑2; >1:‑3",0.5,0.75,1.25,Ja,hoch: externe Prüfung / reasonable assurance für kritische Risiken,Quelle + Einheit + Systemgrenze + Zeitraum + Prüfnachweis; bei Datenlücke konservative Default-/Proxylogik markieren,public_research: operationalisierbar; empirische Benchmark-Kalibrierung erforderlich,public research; not official; formula-ready; benchmark calibration required; red line; source mapped; exact disclosure missing
WOK-G-204,G / Governance,Demokratie,Querschnitt,+ Medienvielfalt,-,Werberegulierung/DSA,Werberegulierung/DSA – Whistleblowing,Wirksamkeits‑Score,0–1,higher_is_better,higher_is_better_abs,threshold_numeric_and_benchmark,UN_SDG_GOALS; UN_SDG_INDICATORS; UN_SDG_METADATA; EUROSTAT_NACE; EC_CSRD; EFRAG_ESRS_SET1; EFRAG_ESRS_IG; GRI_STANDARDS; GRI_DOWNLOAD; OECD_ANTI_BRIBERY,index_0_1,"Wert = gewichteter Kriterienindex von 0 bis 1; Kriterien, Gewichtung und Nachweis je WÖk-ID offenlegen.","AutoScore = ScoreByThreshold(Messwert, Schwellen='≥0,9:+3; 0,75–0,89:+2; 0,6–0,74:0; 0,4–0,59:‑2; <0,4:‑3', Polarity='higher_is_better', Archetype='higher_is_better_abs'). BenchmarkScore = ScoreByBenchmark(Messwert, BM, BM_150pct, BM_250pct). FinalScore = MIN(AutoScore, BenchmarkScore, RedLineScore). Tax_Rate = WUStG-Mapping(FinalScore).","≥0,9:+3; 0,75–0,89:+2; 0,6–0,74:0; 0,4–0,59:‑2; <0,4:‑3",0.6699999999999999,1.0,1.0,Ja,hoch: externe Prüfung / reasonable assurance für kritische Risiken,Quelle + Einheit + Systemgrenze + Zeitraum + Prüfnachweis; bei Datenlücke konservative Default-/Proxylogik markieren,public_research: operationalisierbar; empirische Benchmark-Kalibrierung erforderlich,public research; not official; formula-ready; benchmark calibration required; red line; source mapped; exact disclosure missing
WOK-G-205,G / Governance,Demokratie,Governance & Demokratie,+ Medienvielfalt,-,Werberegulierung/DSA,Werberegulierung/DSA – Steuertransparenz,CbCR‑Offenlegung,0–1,higher_is_better,higher_is_better_abs,qualitative_ordinal,UN_SDG_GOALS; UN_SDG_INDICATORS; UN_SDG_METADATA; EUROSTAT_NACE; EC_CSRD; EFRAG_ESRS_SET1; EFRAG_ESRS_IG; GRI_STANDARDS; GRI_DOWNLOAD; OECD_ANTI_BRIBERY,index_0_1,"Wert = gewichteter Kriterienindex von 0 bis 1; Kriterien, Gewichtung und Nachweis je WÖk-ID offenlegen.","AutoScore = ScoreByThreshold(Messwert, Schwellen='vollständig:+3; teilweise:+2; minimal:0; schlecht:‑2', Polarity='higher_is_better', Archetype='higher_is_better_abs'). BenchmarkScore = ScoreByBenchmark(Messwert, BM, BM_150pct, BM_250pct). FinalScore = MIN(AutoScore, BenchmarkScore, RedLineScore). Tax_Rate = WUStG-Mapping(FinalScore).",vollständig:+3; teilweise:+2; minimal:0; schlecht:‑2,0.5,0.75,0.9,Ja,hoch: externe Prüfung / reasonable assurance für kritische Risiken,Quelle + Einheit + Systemgrenze + Zeitraum + Prüfnachweis; bei Datenlücke konservative Default-/Proxylogik markieren,public_research: operationalisierbar; empirische Benchmark-Kalibrierung erforderlich,public research; not official; formula-ready; qualitative review required; red line; source mapped; exact disclosure missing
WOK-SC-149,SC / Lieferkette,Demokratie,Querschnitt,+ Medienvielfalt,-,Verantwortliche Werbelieferkette,Verantwortliche Werbelieferkette – ESG‑Spend‑Coverage,Anteil verifizierter ESG‑Daten am Spend,%,higher_is_better,higher_is_better_pct,threshold_numeric_and_benchmark,UN_SDG_GOALS; UN_SDG_INDICATORS; UN_SDG_METADATA; EUROSTAT_NACE; EC_CSRD; EFRAG_ESRS_SET1; EFRAG_ESRS_IG; GRI_STANDARDS; GRI_DOWNLOAD; OECD_RBC_DD,share_percent,Zähler: erfüllte / abgedeckte Fälle; Nenner: relevante Grundgesamtheit; Wert = Zähler / Nenner * 100.,"AutoScore = ScoreByThreshold(Messwert, Schwellen='≥90:+3; 70–89:+2; 50–69:0; 30–49:‑2; <30:‑3', Polarity='higher_is_better', Archetype='higher_is_better_pct'). BenchmarkScore = ScoreByBenchmark(Messwert, BM, BM_150pct, BM_250pct). FinalScore = MIN(AutoScore, BenchmarkScore, RedLineScore). Tax_Rate = WUStG-Mapping(FinalScore).",≥90:+3; 70–89:+2; 50–69:0; 30–49:‑2; <30:‑3,59.5,89.25,100.0,Nein,"mittel: limited assurance, später reasonable assurance je Relevanz",Quelle + Einheit + Systemgrenze + Zeitraum + Prüfnachweis; bei Datenlücke konservative Default-/Proxylogik markieren,public_research: operationalisierbar; empirische Benchmark-Kalibrierung erforderlich,public research; not official; formula-ready; benchmark calibration required; source mapped; exact disclosure missing
WOK-SC-150,SC / Lieferkette,Demokratie,Arbeit & Fairness,+ Medienvielfalt,-,Verantwortliche Werbelieferkette,Verantwortliche Werbelieferkette – Kinder/Zwangsarbeit,Audits ohne Verstöße,% Lieferanten,higher_is_better,higher_is_better_pct,threshold_numeric_and_benchmark,UN_SDG_GOALS; UN_SDG_INDICATORS; UN_SDG_METADATA; EUROSTAT_NACE; EC_CSRD; EFRAG_ESRS_SET1; EFRAG_ESRS_IG; GRI_STANDARDS; GRI_DOWNLOAD; OECD_RBC_DD,share_percent,Zähler: erfüllte / abgedeckte Fälle; Nenner: relevante Grundgesamtheit; Wert = Zähler / Nenner * 100.,"AutoScore = ScoreByThreshold(Messwert, Schwellen='≥98:+3; 90–97:+2; 75–89:0; 50–74:‑2; <50:‑3', Polarity='higher_is_better', Archetype='higher_is_better_pct'). BenchmarkScore = ScoreByBenchmark(Messwert, BM, BM_150pct, BM_250pct). FinalScore = MIN(AutoScore, BenchmarkScore, RedLineScore). Tax_Rate = WUStG-Mapping(FinalScore).",≥98:+3; 90–97:+2; 75–89:0; 50–74:‑2; <50:‑3,82.0,100.0,100.0,Ja,hoch: externe Prüfung / reasonable assurance für kritische Risiken,Quelle + Einheit + Systemgrenze + Zeitraum + Prüfnachweis; bei Datenlücke konservative Default-/Proxylogik markieren,public_research: operationalisierbar; empirische Benchmark-Kalibrierung erforderlich,public research; not official; formula-ready; benchmark calibration required; red line; source mapped; exact disclosure missing
WOK-SC-151,SC / Lieferkette,Demokratie,Querschnitt,+ Medienvielfalt,-,Verantwortliche Werbelieferkette,Verantwortliche Werbelieferkette – Scope‑3 Daten,Primärdaten‑Abdeckung,% Kategorien,higher_is_better,higher_is_better_pct,threshold_numeric_and_benchmark,UN_SDG_GOALS; UN_SDG_INDICATORS; UN_SDG_METADATA; EUROSTAT_NACE; EC_CSRD; EFRAG_ESRS_SET1; EFRAG_ESRS_IG; GHG_PROTOCOL_SCOPE3; GHG_PROTOCOL_PRODUCT; ISO_14064,share_percent,Zähler: erfüllte / abgedeckte Fälle; Nenner: relevante Grundgesamtheit; Wert = Zähler / Nenner * 100.,"AutoScore = ScoreByThreshold(Messwert, Schwellen='≥80:+3; 60–79:+2; 40–59:0; 20–39:‑2; <20:‑3', Polarity='higher_is_better', Archetype='higher_is_better_pct'). BenchmarkScore = ScoreByBenchmark(Messwert, BM, BM_150pct, BM_250pct). FinalScore = MIN(AutoScore, BenchmarkScore, RedLineScore). Tax_Rate = WUStG-Mapping(FinalScore).",≥80:+3; 60–79:+2; 40–59:0; 20–39:‑2; <20:‑3,49.5,74.25,100.0,Nein,"mittel: limited assurance, später reasonable assurance je Relevanz",Quelle + Einheit + Systemgrenze + Zeitraum + Prüfnachweis; bei Datenlücke konservative Default-/Proxylogik markieren,public_research: operationalisierbar; empirische Benchmark-Kalibrierung erforderlich,public research; not official; formula-ready; benchmark calibration required; source mapped; exact disclosure missing
WOK-SYS-176,SYS / System,Demokratie,Querschnitt,+ Rechtsstaat,-,Rule‑of‑Law Index,Rule‑of‑Law Index – Index,umsatzgewichteter Index (z. B. Demokratie/Rule of Law),0–1,higher_is_better,higher_is_better_abs,threshold_numeric_and_benchmark,UN_SDG_GOALS; UN_SDG_INDICATORS; UN_SDG_METADATA; EUROSTAT_NACE; WJP_RULE_OF_LAW; VDEM; SOCIAL_VALUE_SROI,index_0_1,"Wert = gewichteter Kriterienindex von 0 bis 1; Kriterien, Gewichtung und Nachweis je WÖk-ID offenlegen.","AutoScore = ScoreByThreshold(Messwert, Schwellen='≥0,8:+3; 0,7–0,79:+2; 0,6–0,69:0; 0,5–0,59:‑2; <0,5:‑3', Polarity='higher_is_better', Archetype='higher_is_better_abs'). BenchmarkScore = ScoreByBenchmark(Messwert, BM, BM_150pct, BM_250pct). FinalScore = MIN(AutoScore, BenchmarkScore, RedLineScore). Tax_Rate = WUStG-Mapping(FinalScore).","≥0,8:+3; 0,7–0,79:+2; 0,6–0,69:0; 0,5–0,59:‑2; <0,5:‑3",0.645,0.9675,1.0,Nein,mittel: fachliche Plausibilisierung und Quellenprüfung,Quelle + Einheit + Systemgrenze + Zeitraum + Prüfnachweis; bei Datenlücke konservative Default-/Proxylogik markieren,public_research: operationalisierbar; empirische Benchmark-Kalibrierung erforderlich,public research; not official; formula-ready; benchmark calibration required; source mapped; exact disclosure missing
WOK-SYS-177,SYS / System,Demokratie,Querschnitt,+ Rechtsstaat,-,Rule‑of‑Law Index,Rule‑of‑Law Index – Exposure,Umsatz in Hochrisikoländern,%,lower_is_better,lower_is_better_abs,threshold_numeric_and_benchmark,UN_SDG_GOALS; UN_SDG_INDICATORS; UN_SDG_METADATA; EUROSTAT_NACE; SOCIAL_VALUE_SROI,share_percent,Zähler: erfüllte / abgedeckte Fälle; Nenner: relevante Grundgesamtheit; Wert = Zähler / Nenner * 100.,"AutoScore = ScoreByThreshold(Messwert, Schwellen='≤5:+3; 6–10:+2; 11–20:0; 21–30:‑2; >30:‑3', Polarity='lower_is_better', Archetype='lower_is_better_abs'). BenchmarkScore = ScoreByBenchmark(Messwert, BM, BM_150pct, BM_250pct). FinalScore = MIN(AutoScore, BenchmarkScore, RedLineScore). Tax_Rate = WUStG-Mapping(FinalScore).",≤5:+3; 6–10:+2; 11–20:0; 21–30:‑2; >30:‑3,15.5,23.25,38.75,Nein,mittel: fachliche Plausibilisierung und Quellenprüfung,Quelle + Einheit + Systemgrenze + Zeitraum + Prüfnachweis; bei Datenlücke konservative Default-/Proxylogik markieren,public_research: operationalisierbar; empirische Benchmark-Kalibrierung erforderlich,public research; not official; formula-ready; benchmark calibration required; source mapped; exact disclosure missing
WOK-SYS-178,SYS / System,Demokratie,Querschnitt,+ Rechtsstaat,-,Rule‑of‑Law Index,Rule‑of‑Law Index – Kooperationen,"aktive, evaluierte Partnerschaften/Jahr",#/Jahr,higher_is_better,higher_is_better_abs,threshold_numeric_and_benchmark,UN_SDG_GOALS; UN_SDG_INDICATORS; UN_SDG_METADATA; EUROSTAT_NACE; WJP_RULE_OF_LAW; VDEM; SOCIAL_VALUE_SROI,index_0_1,"Wert = gewichteter Kriterienindex von 0 bis 1; Kriterien, Gewichtung und Nachweis je WÖk-ID offenlegen.","AutoScore = ScoreByThreshold(Messwert, Schwellen='≥5:+3; 3–4:+2; 1–2:0; 0:‑2', Polarity='higher_is_better', Archetype='higher_is_better_abs'). BenchmarkScore = ScoreByBenchmark(Messwert, BM, BM_150pct, BM_250pct). FinalScore = MIN(AutoScore, BenchmarkScore, RedLineScore). Tax_Rate = WUStG-Mapping(FinalScore).",≥5:+3; 3–4:+2; 1–2:0; 0:‑2,1.5,2.25,3.75,Nein,mittel: fachliche Plausibilisierung und Quellenprüfung,Quelle + Einheit + Systemgrenze + Zeitraum + Prüfnachweis; bei Datenlücke konservative Default-/Proxylogik markieren,public_research: operationalisierbar; empirische Benchmark-Kalibrierung erforderlich,public research; not official; formula-ready; benchmark calibration required; source mapped; exact disclosure missing
WOK-G-206,G / Governance,Demokratie,Governance & Demokratie,+ Rechtsstaat,-,Compliance‑Verstöße,Compliance‑Verstöße – Antikorruption,Bestätigte Fälle/1.000 FTE,Fälle/1.000 FTE,lower_is_better,near_zero_better,threshold_numeric_and_benchmark,UN_SDG_GOALS; UN_SDG_INDICATORS; UN_SDG_METADATA; EUROSTAT_NACE; EC_CSRD; EFRAG_ESRS_SET1; EFRAG_ESRS_IG; GRI_STANDARDS; GRI_DOWNLOAD; OECD_ANTI_BRIBERY,compliance_index,Wert = erfüllte Kriterien / anwendbare Kriterien oder Auditstatus; Verstöße separat als rote Linie kennzeichnen.,"AutoScore = ScoreByThreshold(Messwert, Schwellen='0:+3; ≤0,2:+2; ≤0,5:0; ≤1:‑2; >1:‑3', Polarity='lower_is_better', Archetype='near_zero_better'). BenchmarkScore = ScoreByBenchmark(Messwert, BM, BM_150pct, BM_250pct). FinalScore = MIN(AutoScore, BenchmarkScore, RedLineScore). Tax_Rate = WUStG-Mapping(FinalScore).","0:+3; ≤0,2:+2; ≤0,5:0; ≤1:‑2; >1:‑3",0.5,0.75,1.25,Ja,hoch: externe Prüfung / reasonable assurance für kritische Risiken,Quelle + Einheit + Systemgrenze + Zeitraum + Prüfnachweis; bei Datenlücke konservative Default-/Proxylogik markieren,public_research: operationalisierbar; empirische Benchmark-Kalibrierung erforderlich,public research; not official; formula-ready; benchmark calibration required; red line; source mapped; exact disclosure missing
WOK-G-207,G / Governance,Demokratie,Querschnitt,+ Rechtsstaat,-,Compliance‑Verstöße,Compliance‑Verstöße – Whistleblowing,Wirksamkeits‑Score,0–1,higher_is_better,higher_is_better_abs,threshold_numeric_and_benchmark,UN_SDG_GOALS; UN_SDG_INDICATORS; UN_SDG_METADATA; EUROSTAT_NACE; EC_CSRD; EFRAG_ESRS_SET1; EFRAG_ESRS_IG; GRI_STANDARDS; GRI_DOWNLOAD; OECD_ANTI_BRIBERY,index_0_1,"Wert = gewichteter Kriterienindex von 0 bis 1; Kriterien, Gewichtung und Nachweis je WÖk-ID offenlegen.","AutoScore = ScoreByThreshold(Messwert, Schwellen='≥0,9:+3; 0,75–0,89:+2; 0,6–0,74:0; 0,4–0,59:‑2; <0,4:‑3', Polarity='higher_is_better', Archetype='higher_is_better_abs'). BenchmarkScore = ScoreByBenchmark(Messwert, BM, BM_150pct, BM_250pct). FinalScore = MIN(AutoScore, BenchmarkScore, RedLineScore). Tax_Rate = WUStG-Mapping(FinalScore).","≥0,9:+3; 0,75–0,89:+2; 0,6–0,74:0; 0,4–0,59:‑2; <0,4:‑3",0.6699999999999999,1.0,1.0,Ja,hoch: externe Prüfung / reasonable assurance für kritische Risiken,Quelle + Einheit + Systemgrenze + Zeitraum + Prüfnachweis; bei Datenlücke konservative Default-/Proxylogik markieren,public_research: operationalisierbar; empirische Benchmark-Kalibrierung erforderlich,public research; not official; formula-ready; benchmark calibration required; red line; source mapped; exact disclosure missing
WOK-G-208,G / Governance,Demokratie,Governance & Demokratie,+ Rechtsstaat,-,Compliance‑Verstöße,Compliance‑Verstöße – Steuertransparenz,CbCR‑Offenlegung,0–1,higher_is_better,higher_is_better_abs,qualitative_ordinal,UN_SDG_GOALS; UN_SDG_INDICATORS; UN_SDG_METADATA; EUROSTAT_NACE; EC_CSRD; EFRAG_ESRS_SET1; EFRAG_ESRS_IG; GRI_STANDARDS; GRI_DOWNLOAD; OECD_ANTI_BRIBERY,index_0_1,"Wert = gewichteter Kriterienindex von 0 bis 1; Kriterien, Gewichtung und Nachweis je WÖk-ID offenlegen.","AutoScore = ScoreByThreshold(Messwert, Schwellen='vollständig:+3; teilweise:+2; minimal:0; schlecht:‑2', Polarity='higher_is_better', Archetype='higher_is_better_abs'). BenchmarkScore = ScoreByBenchmark(Messwert, BM, BM_150pct, BM_250pct). FinalScore = MIN(AutoScore, BenchmarkScore, RedLineScore). Tax_Rate = WUStG-Mapping(FinalScore).",vollständig:+3; teilweise:+2; minimal:0; schlecht:‑2,0.5,0.75,0.9,Ja,hoch: externe Prüfung / reasonable assurance für kritische Risiken,Quelle + Einheit + Systemgrenze + Zeitraum + Prüfnachweis; bei Datenlücke konservative Default-/Proxylogik markieren,public_research: operationalisierbar; empirische Benchmark-Kalibrierung erforderlich,public research; not official; formula-ready; qualitative review required; red line; source mapped; exact disclosure missing
WOK-G-209,G / Governance,Demokratie,Governance & Demokratie,+ Rechtsstaat,-,Beschwerdemechanismen Wirksamkeit,Beschwerdemechanismen Wirksamkeit – Antikorruption,Bestätigte Fälle/1.000 FTE,Fälle/1.000 FTE,lower_is_better,near_zero_better,threshold_numeric_and_benchmark,UN_SDG_GOALS; UN_SDG_INDICATORS; UN_SDG_METADATA; EUROSTAT_NACE; EC_CSRD; EFRAG_ESRS_SET1; EFRAG_ESRS_IG; GRI_STANDARDS; GRI_DOWNLOAD; OECD_ANTI_BRIBERY,lower_is_better_metric,"Wert = gemessene Belastung, Risiko- oder Intensitätskennzahl je funktionaler Einheit; niedriger ist besser.","AutoScore = ScoreByThreshold(Messwert, Schwellen='0:+3; ≤0,2:+2; ≤0,5:0; ≤1:‑2; >1:‑3', Polarity='lower_is_better', Archetype='near_zero_better'). BenchmarkScore = ScoreByBenchmark(Messwert, BM, BM_150pct, BM_250pct). FinalScore = MIN(AutoScore, BenchmarkScore, RedLineScore). Tax_Rate = WUStG-Mapping(FinalScore).","0:+3; ≤0,2:+2; ≤0,5:0; ≤1:‑2; >1:‑3",0.5,0.75,1.25,Ja,hoch: externe Prüfung / reasonable assurance für kritische Risiken,Quelle + Einheit + Systemgrenze + Zeitraum + Prüfnachweis; bei Datenlücke konservative Default-/Proxylogik markieren,public_research: operationalisierbar; empirische Benchmark-Kalibrierung erforderlich,public research; not official; formula-ready; benchmark calibration required; red line; source mapped; exact disclosure missing
WOK-G-210,G / Governance,Demokratie,Querschnitt,+ Rechtsstaat,-,Beschwerdemechanismen Wirksamkeit,Beschwerdemechanismen Wirksamkeit – Whistleblowing,Wirksamkeits‑Score,0–1,higher_is_better,higher_is_better_abs,threshold_numeric_and_benchmark,UN_SDG_GOALS; UN_SDG_INDICATORS; UN_SDG_METADATA; EUROSTAT_NACE; EC_CSRD; EFRAG_ESRS_SET1; EFRAG_ESRS_IG; GRI_STANDARDS; GRI_DOWNLOAD; OECD_ANTI_BRIBERY,index_0_1,"Wert = gewichteter Kriterienindex von 0 bis 1; Kriterien, Gewichtung und Nachweis je WÖk-ID offenlegen.","AutoScore = ScoreByThreshold(Messwert, Schwellen='≥0,9:+3; 0,75–0,89:+2; 0,6–0,74:0; 0,4–0,59:‑2; <0,4:‑3', Polarity='higher_is_better', Archetype='higher_is_better_abs'). BenchmarkScore = ScoreByBenchmark(Messwert, BM, BM_150pct, BM_250pct). FinalScore = MIN(AutoScore, BenchmarkScore, RedLineScore). Tax_Rate = WUStG-Mapping(FinalScore).","≥0,9:+3; 0,75–0,89:+2; 0,6–0,74:0; 0,4–0,59:‑2; <0,4:‑3",0.6699999999999999,1.0,1.0,Ja,hoch: externe Prüfung / reasonable assurance für kritische Risiken,Quelle + Einheit + Systemgrenze + Zeitraum + Prüfnachweis; bei Datenlücke konservative Default-/Proxylogik markieren,public_research: operationalisierbar; empirische Benchmark-Kalibrierung erforderlich,public research; not official; formula-ready; benchmark calibration required; red line; source mapped; exact disclosure missing
WOK-G-211,G / Governance,Demokratie,Governance & Demokratie,+ Rechtsstaat,-,Beschwerdemechanismen Wirksamkeit,Beschwerdemechanismen Wirksamkeit – Steuertransparenz,CbCR‑Offenlegung,0–1,higher_is_better,higher_is_better_abs,qualitative_ordinal,UN_SDG_GOALS; UN_SDG_INDICATORS; UN_SDG_METADATA; EUROSTAT_NACE; EC_CSRD; EFRAG_ESRS_SET1; EFRAG_ESRS_IG; GRI_STANDARDS; GRI_DOWNLOAD; OECD_ANTI_BRIBERY,index_0_1,"Wert = gewichteter Kriterienindex von 0 bis 1; Kriterien, Gewichtung und Nachweis je WÖk-ID offenlegen.","AutoScore = ScoreByThreshold(Messwert, Schwellen='vollständig:+3; teilweise:+2; minimal:0; schlecht:‑2', Polarity='higher_is_better', Archetype='higher_is_better_abs'). BenchmarkScore = ScoreByBenchmark(Messwert, BM, BM_150pct, BM_250pct). FinalScore = MIN(AutoScore, BenchmarkScore, RedLineScore). Tax_Rate = WUStG-Mapping(FinalScore).",vollständig:+3; teilweise:+2; minimal:0; schlecht:‑2,0.5,0.75,0.9,Ja,hoch: externe Prüfung / reasonable assurance für kritische Risiken,Quelle + Einheit + Systemgrenze + Zeitraum + Prüfnachweis; bei Datenlücke konservative Default-/Proxylogik markieren,public_research: operationalisierbar; empirische Benchmark-Kalibrierung erforderlich,public research; not official; formula-ready; qualitative review required; red line; source mapped; exact disclosure missing
WOK-SC-152,SC / Lieferkette,Demokratie,Querschnitt,+ Rechtsstaat,-,Sorgfaltspflichten LkSG/EUDD,Sorgfaltspflichten LkSG/EUDD – ESG‑Spend‑Coverage,Anteil verifizierter ESG‑Daten am Spend,%,higher_is_better,higher_is_better_pct,threshold_numeric_and_benchmark,UN_SDG_GOALS; UN_SDG_INDICATORS; UN_SDG_METADATA; EUROSTAT_NACE; EC_CSRD; EFRAG_ESRS_SET1; EFRAG_ESRS_IG; GRI_STANDARDS; GRI_DOWNLOAD; OECD_RBC_DD,share_percent,Zähler: erfüllte / abgedeckte Fälle; Nenner: relevante Grundgesamtheit; Wert = Zähler / Nenner * 100.,"AutoScore = ScoreByThreshold(Messwert, Schwellen='≥90:+3; 70–89:+2; 50–69:0; 30–49:‑2; <30:‑3', Polarity='higher_is_better', Archetype='higher_is_better_pct'). BenchmarkScore = ScoreByBenchmark(Messwert, BM, BM_150pct, BM_250pct). FinalScore = MIN(AutoScore, BenchmarkScore, RedLineScore). Tax_Rate = WUStG-Mapping(FinalScore).",≥90:+3; 70–89:+2; 50–69:0; 30–49:‑2; <30:‑3,59.5,89.25,100.0,Nein,"mittel: limited assurance, später reasonable assurance je Relevanz",Quelle + Einheit + Systemgrenze + Zeitraum + Prüfnachweis; bei Datenlücke konservative Default-/Proxylogik markieren,public_research: operationalisierbar; empirische Benchmark-Kalibrierung erforderlich,public research; not official; formula-ready; benchmark calibration required; source mapped; exact disclosure missing
WOK-SC-153,SC / Lieferkette,Demokratie,Arbeit & Fairness,+ Rechtsstaat,-,Sorgfaltspflichten LkSG/EUDD,Sorgfaltspflichten LkSG/EUDD – Kinder/Zwangsarbeit,Audits ohne Verstöße,% Lieferanten,higher_is_better,higher_is_better_pct,threshold_numeric_and_benchmark,UN_SDG_GOALS; UN_SDG_INDICATORS; UN_SDG_METADATA; EUROSTAT_NACE; EC_CSRD; EFRAG_ESRS_SET1; EFRAG_ESRS_IG; GRI_STANDARDS; GRI_DOWNLOAD; OECD_RBC_DD,share_percent,Zähler: erfüllte / abgedeckte Fälle; Nenner: relevante Grundgesamtheit; Wert = Zähler / Nenner * 100.,"AutoScore = ScoreByThreshold(Messwert, Schwellen='≥98:+3; 90–97:+2; 75–89:0; 50–74:‑2; <50:‑3', Polarity='higher_is_better', Archetype='higher_is_better_pct'). BenchmarkScore = ScoreByBenchmark(Messwert, BM, BM_150pct, BM_250pct). FinalScore = MIN(AutoScore, BenchmarkScore, RedLineScore). Tax_Rate = WUStG-Mapping(FinalScore).",≥98:+3; 90–97:+2; 75–89:0; 50–74:‑2; <50:‑3,82.0,100.0,100.0,Ja,hoch: externe Prüfung / reasonable assurance für kritische Risiken,Quelle + Einheit + Systemgrenze + Zeitraum + Prüfnachweis; bei Datenlücke konservative Default-/Proxylogik markieren,public_research: operationalisierbar; empirische Benchmark-Kalibrierung erforderlich,public research; not official; formula-ready; benchmark calibration required; red line; source mapped; exact disclosure missing
WOK-SC-154,SC / Lieferkette,Demokratie,Querschnitt,+ Rechtsstaat,-,Sorgfaltspflichten LkSG/EUDD,Sorgfaltspflichten LkSG/EUDD – Scope‑3 Daten,Primärdaten‑Abdeckung,% Kategorien,higher_is_better,higher_is_better_pct,threshold_numeric_and_benchmark,UN_SDG_GOALS; UN_SDG_INDICATORS; UN_SDG_METADATA; EUROSTAT_NACE; EC_CSRD; EFRAG_ESRS_SET1; EFRAG_ESRS_IG; GHG_PROTOCOL_SCOPE3; GHG_PROTOCOL_PRODUCT; ISO_14064,share_percent,Zähler: erfüllte / abgedeckte Fälle; Nenner: relevante Grundgesamtheit; Wert = Zähler / Nenner * 100.,"AutoScore = ScoreByThreshold(Messwert, Schwellen='≥80:+3; 60–79:+2; 40–59:0; 20–39:‑2; <20:‑3', Polarity='higher_is_better', Archetype='higher_is_better_pct'). BenchmarkScore = ScoreByBenchmark(Messwert, BM, BM_150pct, BM_250pct). FinalScore = MIN(AutoScore, BenchmarkScore, RedLineScore). Tax_Rate = WUStG-Mapping(FinalScore).",≥80:+3; 60–79:+2; 40–59:0; 20–39:‑2; <20:‑3,49.5,74.25,100.0,Nein,"mittel: limited assurance, später reasonable assurance je Relevanz",Quelle + Einheit + Systemgrenze + Zeitraum + Prüfnachweis; bei Datenlücke konservative Default-/Proxylogik markieren,public_research: operationalisierbar; empirische Benchmark-Kalibrierung erforderlich,public research; not official; formula-ready; benchmark calibration required; source mapped; exact disclosure missing
WOK-G-212,G / Governance,Demokratie,Governance & Demokratie,+ Rechtsstaat,-,Transparenz Lobbying,Transparenz Lobbying – Antikorruption,Bestätigte Fälle/1.000 FTE,Fälle/1.000 FTE,lower_is_better,near_zero_better,threshold_numeric_and_benchmark,UN_SDG_GOALS; UN_SDG_INDICATORS; UN_SDG_METADATA; EUROSTAT_NACE; EC_CSRD; EFRAG_ESRS_SET1; EFRAG_ESRS_IG; GRI_STANDARDS; GRI_DOWNLOAD; OECD_ANTI_BRIBERY,lower_is_better_metric,"Wert = gemessene Belastung, Risiko- oder Intensitätskennzahl je funktionaler Einheit; niedriger ist besser.","AutoScore = ScoreByThreshold(Messwert, Schwellen='0:+3; ≤0,2:+2; ≤0,5:0; ≤1:‑2; >1:‑3', Polarity='lower_is_better', Archetype='near_zero_better'). BenchmarkScore = ScoreByBenchmark(Messwert, BM, BM_150pct, BM_250pct). FinalScore = MIN(AutoScore, BenchmarkScore, RedLineScore). Tax_Rate = WUStG-Mapping(FinalScore).","0:+3; ≤0,2:+2; ≤0,5:0; ≤1:‑2; >1:‑3",0.5,0.75,1.25,Ja,hoch: externe Prüfung / reasonable assurance für kritische Risiken,Quelle + Einheit + Systemgrenze + Zeitraum + Prüfnachweis; bei Datenlücke konservative Default-/Proxylogik markieren,public_research: operationalisierbar; empirische Benchmark-Kalibrierung erforderlich,public research; not official; formula-ready; benchmark calibration required; red line; source mapped; exact disclosure missing
WOK-G-213,G / Governance,Demokratie,Governance & Demokratie,+ Rechtsstaat,-,Transparenz Lobbying,Transparenz Lobbying – Whistleblowing,Wirksamkeits‑Score,0–1,higher_is_better,higher_is_better_abs,threshold_numeric_and_benchmark,UN_SDG_GOALS; UN_SDG_INDICATORS; UN_SDG_METADATA; EUROSTAT_NACE; EC_CSRD; EFRAG_ESRS_SET1; EFRAG_ESRS_IG; GRI_STANDARDS; GRI_DOWNLOAD; OECD_ANTI_BRIBERY,index_0_1,"Wert = gewichteter Kriterienindex von 0 bis 1; Kriterien, Gewichtung und Nachweis je WÖk-ID offenlegen.","AutoScore = ScoreByThreshold(Messwert, Schwellen='≥0,9:+3; 0,75–0,89:+2; 0,6–0,74:0; 0,4–0,59:‑2; <0,4:‑3', Polarity='higher_is_better', Archetype='higher_is_better_abs'). BenchmarkScore = ScoreByBenchmark(Messwert, BM, BM_150pct, BM_250pct). FinalScore = MIN(AutoScore, BenchmarkScore, RedLineScore). Tax_Rate = WUStG-Mapping(FinalScore).","≥0,9:+3; 0,75–0,89:+2; 0,6–0,74:0; 0,4–0,59:‑2; <0,4:‑3",0.6699999999999999,1.0,1.0,Ja,hoch: externe Prüfung / reasonable assurance für kritische Risiken,Quelle + Einheit + Systemgrenze + Zeitraum + Prüfnachweis; bei Datenlücke konservative Default-/Proxylogik markieren,public_research: operationalisierbar; empirische Benchmark-Kalibrierung erforderlich,public research; not official; formula-ready; benchmark calibration required; red line; source mapped; exact disclosure missing
WOK-G-214,G / Governance,Demokratie,Governance & Demokratie,+ Rechtsstaat,-,Transparenz Lobbying,Transparenz Lobbying – Steuertransparenz,CbCR‑Offenlegung,0–1,higher_is_better,higher_is_better_abs,qualitative_ordinal,UN_SDG_GOALS; UN_SDG_INDICATORS; UN_SDG_METADATA; EUROSTAT_NACE; EC_CSRD; EFRAG_ESRS_SET1; EFRAG_ESRS_IG; GRI_STANDARDS; GRI_DOWNLOAD; OECD_ANTI_BRIBERY,index_0_1,"Wert = gewichteter Kriterienindex von 0 bis 1; Kriterien, Gewichtung und Nachweis je WÖk-ID offenlegen.","AutoScore = ScoreByThreshold(Messwert, Schwellen='vollständig:+3; teilweise:+2; minimal:0; schlecht:‑2', Polarity='higher_is_better', Archetype='higher_is_better_abs'). BenchmarkScore = ScoreByBenchmark(Messwert, BM, BM_150pct, BM_250pct). FinalScore = MIN(AutoScore, BenchmarkScore, RedLineScore). Tax_Rate = WUStG-Mapping(FinalScore).",vollständig:+3; teilweise:+2; minimal:0; schlecht:‑2,0.5,0.75,0.9,Ja,hoch: externe Prüfung / reasonable assurance für kritische Risiken,Quelle + Einheit + Systemgrenze + Zeitraum + Prüfnachweis; bei Datenlücke konservative Default-/Proxylogik markieren,public_research: operationalisierbar; empirische Benchmark-Kalibrierung erforderlich,public research; not official; formula-ready; qualitative review required; red line; source mapped; exact disclosure missing
WOK-SYS-179,SYS / System,Demokratie,Querschnitt,+ Rechtsstaat,-,Strategische Klagen (SLAPP),Strategische Klagen (SLAPP) – Index,umsatzgewichteter Index (z. B. Demokratie/Rule of Law),0–1,higher_is_better,higher_is_better_abs,threshold_numeric_and_benchmark,UN_SDG_GOALS; UN_SDG_INDICATORS; UN_SDG_METADATA; EUROSTAT_NACE; SOCIAL_VALUE_SROI; ITU_GREEN_ICT; ETSI_EN_305_200,index_0_1,"Wert = gewichteter Kriterienindex von 0 bis 1; Kriterien, Gewichtung und Nachweis je WÖk-ID offenlegen.","AutoScore = ScoreByThreshold(Messwert, Schwellen='≥0,8:+3; 0,7–0,79:+2; 0,6–0,69:0; 0,5–0,59:‑2; <0,5:‑3', Polarity='higher_is_better', Archetype='higher_is_better_abs'). BenchmarkScore = ScoreByBenchmark(Messwert, BM, BM_150pct, BM_250pct). FinalScore = MIN(AutoScore, BenchmarkScore, RedLineScore). Tax_Rate = WUStG-Mapping(FinalScore).","≥0,8:+3; 0,7–0,79:+2; 0,6–0,69:0; 0,5–0,59:‑2; <0,5:‑3",0.645,0.9675,1.0,Nein,mittel: fachliche Plausibilisierung und Quellenprüfung,Quelle + Einheit + Systemgrenze + Zeitraum + Prüfnachweis; bei Datenlücke konservative Default-/Proxylogik markieren,public_research: operationalisierbar; empirische Benchmark-Kalibrierung erforderlich,public research; not official; formula-ready; benchmark calibration required; source mapped; exact disclosure missing
WOK-SYS-180,SYS / System,Demokratie,Querschnitt,+ Rechtsstaat,-,Strategische Klagen (SLAPP),Strategische Klagen (SLAPP) – Exposure,Umsatz in Hochrisikoländern,%,lower_is_better,lower_is_better_abs,threshold_numeric_and_benchmark,UN_SDG_GOALS; UN_SDG_INDICATORS; UN_SDG_METADATA; EUROSTAT_NACE; SOCIAL_VALUE_SROI; ITU_GREEN_ICT; ETSI_EN_305_200,share_percent,Zähler: erfüllte / abgedeckte Fälle; Nenner: relevante Grundgesamtheit; Wert = Zähler / Nenner * 100.,"AutoScore = ScoreByThreshold(Messwert, Schwellen='≤5:+3; 6–10:+2; 11–20:0; 21–30:‑2; >30:‑3', Polarity='lower_is_better', Archetype='lower_is_better_abs'). BenchmarkScore = ScoreByBenchmark(Messwert, BM, BM_150pct, BM_250pct). FinalScore = MIN(AutoScore, BenchmarkScore, RedLineScore). Tax_Rate = WUStG-Mapping(FinalScore).",≤5:+3; 6–10:+2; 11–20:0; 21–30:‑2; >30:‑3,15.5,23.25,38.75,Nein,mittel: fachliche Plausibilisierung und Quellenprüfung,Quelle + Einheit + Systemgrenze + Zeitraum + Prüfnachweis; bei Datenlücke konservative Default-/Proxylogik markieren,public_research: operationalisierbar; empirische Benchmark-Kalibrierung erforderlich,public research; not official; formula-ready; benchmark calibration required; source mapped; exact disclosure missing
WOK-SYS-181,SYS / System,Demokratie,Querschnitt,+ Rechtsstaat,-,Strategische Klagen (SLAPP),Strategische Klagen (SLAPP) – Kooperationen,"aktive, evaluierte Partnerschaften/Jahr",#/Jahr,higher_is_better,higher_is_better_abs,threshold_numeric_and_benchmark,UN_SDG_GOALS; UN_SDG_INDICATORS; UN_SDG_METADATA; EUROSTAT_NACE; SOCIAL_VALUE_SROI; ITU_GREEN_ICT; ETSI_EN_305_200,indicator_specific,"Wert gemäß definierter Messgröße; Zähler, Nenner, Einheit, Systemgrenze und Zeitraum je WÖk-ID dokumentieren.","AutoScore = ScoreByThreshold(Messwert, Schwellen='≥5:+3; 3–4:+2; 1–2:0; 0:‑2', Polarity='higher_is_better', Archetype='higher_is_better_abs'). BenchmarkScore = ScoreByBenchmark(Messwert, BM, BM_150pct, BM_250pct). FinalScore = MIN(AutoScore, BenchmarkScore, RedLineScore). Tax_Rate = WUStG-Mapping(FinalScore).",≥5:+3; 3–4:+2; 1–2:0; 0:‑2,1.5,2.25,3.75,Nein,mittel: fachliche Plausibilisierung und Quellenprüfung,Quelle + Einheit + Systemgrenze + Zeitraum + Prüfnachweis; bei Datenlücke konservative Default-/Proxylogik markieren,public_research: operationalisierbar; empirische Benchmark-Kalibrierung erforderlich,public research; not official; formula-ready; benchmark calibration required; source mapped; exact disclosure missing
WOK-SYS-182,SYS / System,Mensch/Planet/Demokratie,Querschnitt,+ Diskurskultur,-,Hate‑Speech Inzidenz,Hate‑Speech Inzidenz – Index,umsatzgewichteter Index (z. B. Demokratie/Rule of Law),0–1,higher_is_better,higher_is_better_abs,threshold_numeric_and_benchmark,UN_SDG_GOALS; UN_SDG_INDICATORS; UN_SDG_METADATA; EUROSTAT_NACE; WJP_RULE_OF_LAW; VDEM; SOCIAL_VALUE_SROI,index_0_1,"Wert = gewichteter Kriterienindex von 0 bis 1; Kriterien, Gewichtung und Nachweis je WÖk-ID offenlegen.","AutoScore = ScoreByThreshold(Messwert, Schwellen='≥0,8:+3; 0,7–0,79:+2; 0,6–0,69:0; 0,5–0,59:‑2; <0,5:‑3', Polarity='higher_is_better', Archetype='higher_is_better_abs'). BenchmarkScore = ScoreByBenchmark(Messwert, BM, BM_150pct, BM_250pct). FinalScore = MIN(AutoScore, BenchmarkScore, RedLineScore). Tax_Rate = WUStG-Mapping(FinalScore).","≥0,8:+3; 0,7–0,79:+2; 0,6–0,69:0; 0,5–0,59:‑2; <0,5:‑3",0.645,0.9675,1.0,Nein,mittel: fachliche Plausibilisierung und Quellenprüfung,Quelle + Einheit + Systemgrenze + Zeitraum + Prüfnachweis; bei Datenlücke konservative Default-/Proxylogik markieren,public_research: operationalisierbar; empirische Benchmark-Kalibrierung erforderlich,public research; not official; formula-ready; benchmark calibration required; source mapped; exact disclosure missing
WOK-SYS-183,SYS / System,Mensch/Planet/Demokratie,Querschnitt,+ Diskurskultur,-,Hate‑Speech Inzidenz,Hate‑Speech Inzidenz – Exposure,Umsatz in Hochrisikoländern,%,lower_is_better,lower_is_better_abs,threshold_numeric_and_benchmark,UN_SDG_GOALS; UN_SDG_INDICATORS; UN_SDG_METADATA; EUROSTAT_NACE; SOCIAL_VALUE_SROI,share_percent,Zähler: erfüllte / abgedeckte Fälle; Nenner: relevante Grundgesamtheit; Wert = Zähler / Nenner * 100.,"AutoScore = ScoreByThreshold(Messwert, Schwellen='≤5:+3; 6–10:+2; 11–20:0; 21–30:‑2; >30:‑3', Polarity='lower_is_better', Archetype='lower_is_better_abs'). BenchmarkScore = ScoreByBenchmark(Messwert, BM, BM_150pct, BM_250pct). FinalScore = MIN(AutoScore, BenchmarkScore, RedLineScore). Tax_Rate = WUStG-Mapping(FinalScore).",≤5:+3; 6–10:+2; 11–20:0; 21–30:‑2; >30:‑3,15.5,23.25,38.75,Nein,mittel: fachliche Plausibilisierung und Quellenprüfung,Quelle + Einheit + Systemgrenze + Zeitraum + Prüfnachweis; bei Datenlücke konservative Default-/Proxylogik markieren,public_research: operationalisierbar; empirische Benchmark-Kalibrierung erforderlich,public research; not official; formula-ready; benchmark calibration required; source mapped; exact disclosure missing
WOK-SYS-184,SYS / System,Mensch/Planet/Demokratie,Querschnitt,+ Diskurskultur,-,Hate‑Speech Inzidenz,Hate‑Speech Inzidenz – Kooperationen,"aktive, evaluierte Partnerschaften/Jahr",#/Jahr,higher_is_better,higher_is_better_abs,threshold_numeric_and_benchmark,UN_SDG_GOALS; UN_SDG_INDICATORS; UN_SDG_METADATA; EUROSTAT_NACE; WJP_RULE_OF_LAW; VDEM; SOCIAL_VALUE_SROI,indicator_specific,"Wert gemäß definierter Messgröße; Zähler, Nenner, Einheit, Systemgrenze und Zeitraum je WÖk-ID dokumentieren.","AutoScore = ScoreByThreshold(Messwert, Schwellen='≥5:+3; 3–4:+2; 1–2:0; 0:‑2', Polarity='higher_is_better', Archetype='higher_is_better_abs'). BenchmarkScore = ScoreByBenchmark(Messwert, BM, BM_150pct, BM_250pct). FinalScore = MIN(AutoScore, BenchmarkScore, RedLineScore). Tax_Rate = WUStG-Mapping(FinalScore).",≥5:+3; 3–4:+2; 1–2:0; 0:‑2,1.5,2.25,3.75,Nein,mittel: fachliche Plausibilisierung und Quellenprüfung,Quelle + Einheit + Systemgrenze + Zeitraum + Prüfnachweis; bei Datenlücke konservative Default-/Proxylogik markieren,public_research: operationalisierbar; empirische Benchmark-Kalibrierung erforderlich,public research; not official; formula-ready; benchmark calibration required; source mapped; exact disclosure missing
WOK-SYS-185,SYS / System,Mensch/Planet/Demokratie,Governance & Demokratie,+ Diskurskultur,-,Moderations‑Transparenz,Moderations‑Transparenz – Index,umsatzgewichteter Index (z. B. Demokratie/Rule of Law),0–1,higher_is_better,higher_is_better_abs,threshold_numeric_and_benchmark,UN_SDG_GOALS; UN_SDG_INDICATORS; UN_SDG_METADATA; EUROSTAT_NACE; WJP_RULE_OF_LAW; VDEM; SOCIAL_VALUE_SROI,index_0_1,"Wert = gewichteter Kriterienindex von 0 bis 1; Kriterien, Gewichtung und Nachweis je WÖk-ID offenlegen.","AutoScore = ScoreByThreshold(Messwert, Schwellen='≥0,8:+3; 0,7–0,79:+2; 0,6–0,69:0; 0,5–0,59:‑2; <0,5:‑3', Polarity='higher_is_better', Archetype='higher_is_better_abs'). BenchmarkScore = ScoreByBenchmark(Messwert, BM, BM_150pct, BM_250pct). FinalScore = MIN(AutoScore, BenchmarkScore, RedLineScore). Tax_Rate = WUStG-Mapping(FinalScore).","≥0,8:+3; 0,7–0,79:+2; 0,6–0,69:0; 0,5–0,59:‑2; <0,5:‑3",0.645,0.9675,1.0,Nein,mittel: fachliche Plausibilisierung und Quellenprüfung,Quelle + Einheit + Systemgrenze + Zeitraum + Prüfnachweis; bei Datenlücke konservative Default-/Proxylogik markieren,public_research: operationalisierbar; empirische Benchmark-Kalibrierung erforderlich,public research; not official; formula-ready; benchmark calibration required; source mapped; exact disclosure missing
WOK-SYS-186,SYS / System,Mensch/Planet/Demokratie,Governance & Demokratie,+ Diskurskultur,-,Moderations‑Transparenz,Moderations‑Transparenz – Exposure,Umsatz in Hochrisikoländern,%,lower_is_better,lower_is_better_abs,threshold_numeric_and_benchmark,UN_SDG_GOALS; UN_SDG_INDICATORS; UN_SDG_METADATA; EUROSTAT_NACE; WJP_RULE_OF_LAW; VDEM; SOCIAL_VALUE_SROI,share_percent,Zähler: erfüllte / abgedeckte Fälle; Nenner: relevante Grundgesamtheit; Wert = Zähler / Nenner * 100.,"AutoScore = ScoreByThreshold(Messwert, Schwellen='≤5:+3; 6–10:+2; 11–20:0; 21–30:‑2; >30:‑3', Polarity='lower_is_better', Archetype='lower_is_better_abs'). BenchmarkScore = ScoreByBenchmark(Messwert, BM, BM_150pct, BM_250pct). FinalScore = MIN(AutoScore, BenchmarkScore, RedLineScore). Tax_Rate = WUStG-Mapping(FinalScore).",≤5:+3; 6–10:+2; 11–20:0; 21–30:‑2; >30:‑3,15.5,23.25,38.75,Nein,mittel: fachliche Plausibilisierung und Quellenprüfung,Quelle + Einheit + Systemgrenze + Zeitraum + Prüfnachweis; bei Datenlücke konservative Default-/Proxylogik markieren,public_research: operationalisierbar; empirische Benchmark-Kalibrierung erforderlich,public research; not official; formula-ready; benchmark calibration required; source mapped; exact disclosure missing
WOK-SYS-187,SYS / System,Mensch/Planet/Demokratie,Governance & Demokratie,+ Diskurskultur,-,Moderations‑Transparenz,Moderations‑Transparenz – Kooperationen,"aktive, evaluierte Partnerschaften/Jahr",#/Jahr,higher_is_better,higher_is_better_abs,threshold_numeric_and_benchmark,UN_SDG_GOALS; UN_SDG_INDICATORS; UN_SDG_METADATA; EUROSTAT_NACE; WJP_RULE_OF_LAW; VDEM; SOCIAL_VALUE_SROI,indicator_specific,"Wert gemäß definierter Messgröße; Zähler, Nenner, Einheit, Systemgrenze und Zeitraum je WÖk-ID dokumentieren.","AutoScore = ScoreByThreshold(Messwert, Schwellen='≥5:+3; 3–4:+2; 1–2:0; 0:‑2', Polarity='higher_is_better', Archetype='higher_is_better_abs'). BenchmarkScore = ScoreByBenchmark(Messwert, BM, BM_150pct, BM_250pct). FinalScore = MIN(AutoScore, BenchmarkScore, RedLineScore). Tax_Rate = WUStG-Mapping(FinalScore).",≥5:+3; 3–4:+2; 1–2:0; 0:‑2,1.5,2.25,3.75,Nein,mittel: fachliche Plausibilisierung und Quellenprüfung,Quelle + Einheit + Systemgrenze + Zeitraum + Prüfnachweis; bei Datenlücke konservative Default-/Proxylogik markieren,public_research: operationalisierbar; empirische Benchmark-Kalibrierung erforderlich,public research; not official; formula-ready; benchmark calibration required; source mapped; exact disclosure missing
WOK-G-215,G / Governance,Mensch/Planet/Demokratie,Governance & Demokratie,+ Diskurskultur,-,Algorithmen‑Audit,Algorithmen‑Audit – Antikorruption,Bestätigte Fälle/1.000 FTE,Fälle/1.000 FTE,lower_is_better,near_zero_better,threshold_numeric_and_benchmark,UN_SDG_GOALS; UN_SDG_INDICATORS; UN_SDG_METADATA; EUROSTAT_NACE; EC_CSRD; EFRAG_ESRS_SET1; EFRAG_ESRS_IG; GRI_STANDARDS; GRI_DOWNLOAD; OECD_RBC_DD,compliance_index,Wert = erfüllte Kriterien / anwendbare Kriterien oder Auditstatus; Verstöße separat als rote Linie kennzeichnen.,"AutoScore = ScoreByThreshold(Messwert, Schwellen='0:+3; ≤0,2:+2; ≤0,5:0; ≤1:‑2; >1:‑3', Polarity='lower_is_better', Archetype='near_zero_better'). BenchmarkScore = ScoreByBenchmark(Messwert, BM, BM_150pct, BM_250pct). FinalScore = MIN(AutoScore, BenchmarkScore, RedLineScore). Tax_Rate = WUStG-Mapping(FinalScore).","0:+3; ≤0,2:+2; ≤0,5:0; ≤1:‑2; >1:‑3",0.5,0.75,1.25,Ja,hoch: externe Prüfung / reasonable assurance für kritische Risiken,Quelle + Einheit + Systemgrenze + Zeitraum + Prüfnachweis; bei Datenlücke konservative Default-/Proxylogik markieren,public_research: operationalisierbar; empirische Benchmark-Kalibrierung erforderlich,public research; not official; formula-ready; benchmark calibration required; red line; source mapped; exact disclosure missing
WOK-G-216,G / Governance,Mensch/Planet/Demokratie,Querschnitt,+ Diskurskultur,-,Algorithmen‑Audit,Algorithmen‑Audit – Whistleblowing,Wirksamkeits‑Score,0–1,higher_is_better,higher_is_better_abs,threshold_numeric_and_benchmark,UN_SDG_GOALS; UN_SDG_INDICATORS; UN_SDG_METADATA; EUROSTAT_NACE; EC_CSRD; EFRAG_ESRS_SET1; EFRAG_ESRS_IG; GRI_STANDARDS; GRI_DOWNLOAD; OECD_RBC_DD,index_0_1,"Wert = gewichteter Kriterienindex von 0 bis 1; Kriterien, Gewichtung und Nachweis je WÖk-ID offenlegen.","AutoScore = ScoreByThreshold(Messwert, Schwellen='≥0,9:+3; 0,75–0,89:+2; 0,6–0,74:0; 0,4–0,59:‑2; <0,4:‑3', Polarity='higher_is_better', Archetype='higher_is_better_abs'). BenchmarkScore = ScoreByBenchmark(Messwert, BM, BM_150pct, BM_250pct). FinalScore = MIN(AutoScore, BenchmarkScore, RedLineScore). Tax_Rate = WUStG-Mapping(FinalScore).","≥0,9:+3; 0,75–0,89:+2; 0,6–0,74:0; 0,4–0,59:‑2; <0,4:‑3",0.6699999999999999,1.0,1.0,Ja,hoch: externe Prüfung / reasonable assurance für kritische Risiken,Quelle + Einheit + Systemgrenze + Zeitraum + Prüfnachweis; bei Datenlücke konservative Default-/Proxylogik markieren,public_research: operationalisierbar; empirische Benchmark-Kalibrierung erforderlich,public research; not official; formula-ready; benchmark calibration required; red line; source mapped; exact disclosure missing
WOK-G-217,G / Governance,Mensch/Planet/Demokratie,Governance & Demokratie,+ Diskurskultur,-,Algorithmen‑Audit,Algorithmen‑Audit – Steuertransparenz,CbCR‑Offenlegung,0–1,higher_is_better,higher_is_better_abs,qualitative_ordinal,UN_SDG_GOALS; UN_SDG_INDICATORS; UN_SDG_METADATA; EUROSTAT_NACE; EC_CSRD; EFRAG_ESRS_SET1; EFRAG_ESRS_IG; GRI_STANDARDS; GRI_DOWNLOAD; OECD_RBC_DD,index_0_1,"Wert = gewichteter Kriterienindex von 0 bis 1; Kriterien, Gewichtung und Nachweis je WÖk-ID offenlegen.","AutoScore = ScoreByThreshold(Messwert, Schwellen='vollständig:+3; teilweise:+2; minimal:0; schlecht:‑2', Polarity='higher_is_better', Archetype='higher_is_better_abs'). BenchmarkScore = ScoreByBenchmark(Messwert, BM, BM_150pct, BM_250pct). FinalScore = MIN(AutoScore, BenchmarkScore, RedLineScore). Tax_Rate = WUStG-Mapping(FinalScore).",vollständig:+3; teilweise:+2; minimal:0; schlecht:‑2,0.5,0.75,0.9,Nein,"mittel: limited assurance, später reasonable assurance je Relevanz",Quelle + Einheit + Systemgrenze + Zeitraum + Prüfnachweis; bei Datenlücke konservative Default-/Proxylogik markieren,public_research: operationalisierbar; empirische Benchmark-Kalibrierung erforderlich,public research; not official; formula-ready; qualitative review required; source mapped; exact disclosure missing
WOK-SYS-188,SYS / System,Mensch/Planet/Demokratie,Querschnitt,+ Diskurskultur,-,Zugang marginalisierte Gruppen,Zugang marginalisierte Gruppen – Index,umsatzgewichteter Index (z. B. Demokratie/Rule of Law),0–1,higher_is_better,higher_is_better_abs,threshold_numeric_and_benchmark,UN_SDG_GOALS; UN_SDG_INDICATORS; UN_SDG_METADATA; EUROSTAT_NACE; WJP_RULE_OF_LAW; VDEM; SOCIAL_VALUE_SROI,index_0_1,"Wert = gewichteter Kriterienindex von 0 bis 1; Kriterien, Gewichtung und Nachweis je WÖk-ID offenlegen.","AutoScore = ScoreByThreshold(Messwert, Schwellen='≥0,8:+3; 0,7–0,79:+2; 0,6–0,69:0; 0,5–0,59:‑2; <0,5:‑3', Polarity='higher_is_better', Archetype='higher_is_better_abs'). BenchmarkScore = ScoreByBenchmark(Messwert, BM, BM_150pct, BM_250pct). FinalScore = MIN(AutoScore, BenchmarkScore, RedLineScore). Tax_Rate = WUStG-Mapping(FinalScore).","≥0,8:+3; 0,7–0,79:+2; 0,6–0,69:0; 0,5–0,59:‑2; <0,5:‑3",0.645,0.9675,1.0,Nein,mittel: fachliche Plausibilisierung und Quellenprüfung,Quelle + Einheit + Systemgrenze + Zeitraum + Prüfnachweis; bei Datenlücke konservative Default-/Proxylogik markieren,public_research: operationalisierbar; empirische Benchmark-Kalibrierung erforderlich,public research; not official; formula-ready; benchmark calibration required; source mapped; exact disclosure missing
WOK-SYS-189,SYS / System,Mensch/Planet/Demokratie,Querschnitt,+ Diskurskultur,-,Zugang marginalisierte Gruppen,Zugang marginalisierte Gruppen – Exposure,Umsatz in Hochrisikoländern,%,lower_is_better,lower_is_better_abs,threshold_numeric_and_benchmark,UN_SDG_GOALS; UN_SDG_INDICATORS; UN_SDG_METADATA; EUROSTAT_NACE; SOCIAL_VALUE_SROI,share_percent,Zähler: erfüllte / abgedeckte Fälle; Nenner: relevante Grundgesamtheit; Wert = Zähler / Nenner * 100.,"AutoScore = ScoreByThreshold(Messwert, Schwellen='≤5:+3; 6–10:+2; 11–20:0; 21–30:‑2; >30:‑3', Polarity='lower_is_better', Archetype='lower_is_better_abs'). BenchmarkScore = ScoreByBenchmark(Messwert, BM, BM_150pct, BM_250pct). FinalScore = MIN(AutoScore, BenchmarkScore, RedLineScore). Tax_Rate = WUStG-Mapping(FinalScore).",≤5:+3; 6–10:+2; 11–20:0; 21–30:‑2; >30:‑3,15.5,23.25,38.75,Nein,mittel: fachliche Plausibilisierung und Quellenprüfung,Quelle + Einheit + Systemgrenze + Zeitraum + Prüfnachweis; bei Datenlücke konservative Default-/Proxylogik markieren,public_research: operationalisierbar; empirische Benchmark-Kalibrierung erforderlich,public research; not official; formula-ready; benchmark calibration required; source mapped; exact disclosure missing
WOK-SYS-190,SYS / System,Mensch/Planet/Demokratie,Querschnitt,+ Diskurskultur,-,Zugang marginalisierte Gruppen,Zugang marginalisierte Gruppen – Kooperationen,"aktive, evaluierte Partnerschaften/Jahr",#/Jahr,higher_is_better,higher_is_better_abs,threshold_numeric_and_benchmark,UN_SDG_GOALS; UN_SDG_INDICATORS; UN_SDG_METADATA; EUROSTAT_NACE; WJP_RULE_OF_LAW; VDEM; SOCIAL_VALUE_SROI,indicator_specific,"Wert gemäß definierter Messgröße; Zähler, Nenner, Einheit, Systemgrenze und Zeitraum je WÖk-ID dokumentieren.","AutoScore = ScoreByThreshold(Messwert, Schwellen='≥5:+3; 3–4:+2; 1–2:0; 0:‑2', Polarity='higher_is_better', Archetype='higher_is_better_abs'). BenchmarkScore = ScoreByBenchmark(Messwert, BM, BM_150pct, BM_250pct). FinalScore = MIN(AutoScore, BenchmarkScore, RedLineScore). Tax_Rate = WUStG-Mapping(FinalScore).",≥5:+3; 3–4:+2; 1–2:0; 0:‑2,1.5,2.25,3.75,Nein,mittel: fachliche Plausibilisierung und Quellenprüfung,Quelle + Einheit + Systemgrenze + Zeitraum + Prüfnachweis; bei Datenlücke konservative Default-/Proxylogik markieren,public_research: operationalisierbar; empirische Benchmark-Kalibrierung erforderlich,public research; not official; formula-ready; benchmark calibration required; source mapped; exact disclosure missing
WOK-G-218,G / Governance,Mensch/Planet/Demokratie,Governance & Demokratie,+ Diskurskultur,-,Werbe‑Ethik/Targeting,Werbe‑Ethik/Targeting – Antikorruption,Bestätigte Fälle/1.000 FTE,Fälle/1.000 FTE,lower_is_better,near_zero_better,threshold_numeric_and_benchmark,UN_SDG_GOALS; UN_SDG_INDICATORS; UN_SDG_METADATA; EUROSTAT_NACE; EC_CSRD; EFRAG_ESRS_SET1; EFRAG_ESRS_IG; GRI_STANDARDS; GRI_DOWNLOAD; OECD_ANTI_BRIBERY,lower_is_better_metric,"Wert = gemessene Belastung, Risiko- oder Intensitätskennzahl je funktionaler Einheit; niedriger ist besser.","AutoScore = ScoreByThreshold(Messwert, Schwellen='0:+3; ≤0,2:+2; ≤0,5:0; ≤1:‑2; >1:‑3', Polarity='lower_is_better', Archetype='near_zero_better'). BenchmarkScore = ScoreByBenchmark(Messwert, BM, BM_150pct, BM_250pct). FinalScore = MIN(AutoScore, BenchmarkScore, RedLineScore). Tax_Rate = WUStG-Mapping(FinalScore).","0:+3; ≤0,2:+2; ≤0,5:0; ≤1:‑2; >1:‑3",0.5,0.75,1.25,Ja,hoch: externe Prüfung / reasonable assurance für kritische Risiken,Quelle + Einheit + Systemgrenze + Zeitraum + Prüfnachweis; bei Datenlücke konservative Default-/Proxylogik markieren,public_research: operationalisierbar; empirische Benchmark-Kalibrierung erforderlich,public research; not official; formula-ready; benchmark calibration required; red line; source mapped; exact disclosure missing
WOK-G-219,G / Governance,Mensch/Planet/Demokratie,Querschnitt,+ Diskurskultur,-,Werbe‑Ethik/Targeting,Werbe‑Ethik/Targeting – Whistleblowing,Wirksamkeits‑Score,0–1,higher_is_better,higher_is_better_abs,threshold_numeric_and_benchmark,UN_SDG_GOALS; UN_SDG_INDICATORS; UN_SDG_METADATA; EUROSTAT_NACE; EC_CSRD; EFRAG_ESRS_SET1; EFRAG_ESRS_IG; GRI_STANDARDS; GRI_DOWNLOAD; OECD_ANTI_BRIBERY,index_0_1,"Wert = gewichteter Kriterienindex von 0 bis 1; Kriterien, Gewichtung und Nachweis je WÖk-ID offenlegen.","AutoScore = ScoreByThreshold(Messwert, Schwellen='≥0,9:+3; 0,75–0,89:+2; 0,6–0,74:0; 0,4–0,59:‑2; <0,4:‑3', Polarity='higher_is_better', Archetype='higher_is_better_abs'). BenchmarkScore = ScoreByBenchmark(Messwert, BM, BM_150pct, BM_250pct). FinalScore = MIN(AutoScore, BenchmarkScore, RedLineScore). Tax_Rate = WUStG-Mapping(FinalScore).","≥0,9:+3; 0,75–0,89:+2; 0,6–0,74:0; 0,4–0,59:‑2; <0,4:‑3",0.6699999999999999,1.0,1.0,Ja,hoch: externe Prüfung / reasonable assurance für kritische Risiken,Quelle + Einheit + Systemgrenze + Zeitraum + Prüfnachweis; bei Datenlücke konservative Default-/Proxylogik markieren,public_research: operationalisierbar; empirische Benchmark-Kalibrierung erforderlich,public research; not official; formula-ready; benchmark calibration required; red line; source mapped; exact disclosure missing
WOK-G-220,G / Governance,Mensch/Planet/Demokratie,Governance & Demokratie,+ Diskurskultur,-,Werbe‑Ethik/Targeting,Werbe‑Ethik/Targeting – Steuertransparenz,CbCR‑Offenlegung,0–1,higher_is_better,higher_is_better_abs,qualitative_ordinal,UN_SDG_GOALS; UN_SDG_INDICATORS; UN_SDG_METADATA; EUROSTAT_NACE; EC_CSRD; EFRAG_ESRS_SET1; EFRAG_ESRS_IG; GRI_STANDARDS; GRI_DOWNLOAD; OECD_ANTI_BRIBERY,index_0_1,"Wert = gewichteter Kriterienindex von 0 bis 1; Kriterien, Gewichtung und Nachweis je WÖk-ID offenlegen.","AutoScore = ScoreByThreshold(Messwert, Schwellen='vollständig:+3; teilweise:+2; minimal:0; schlecht:‑2', Polarity='higher_is_better', Archetype='higher_is_better_abs'). BenchmarkScore = ScoreByBenchmark(Messwert, BM, BM_150pct, BM_250pct). FinalScore = MIN(AutoScore, BenchmarkScore, RedLineScore). Tax_Rate = WUStG-Mapping(FinalScore).",vollständig:+3; teilweise:+2; minimal:0; schlecht:‑2,0.5,0.75,0.9,Ja,hoch: externe Prüfung / reasonable assurance für kritische Risiken,Quelle + Einheit + Systemgrenze + Zeitraum + Prüfnachweis; bei Datenlücke konservative Default-/Proxylogik markieren,public_research: operationalisierbar; empirische Benchmark-Kalibrierung erforderlich,public research; not official; formula-ready; qualitative review required; red line; source mapped; exact disclosure missing
WOK-SC-155,SC / Lieferkette,Mensch/Planet/Demokratie,Querschnitt,+ Diskurskultur,-,Creator‑Fairness in Ketten,Creator‑Fairness in Ketten – ESG‑Spend‑Coverage,Anteil verifizierter ESG‑Daten am Spend,%,higher_is_better,higher_is_better_pct,threshold_numeric_and_benchmark,UN_SDG_GOALS; UN_SDG_INDICATORS; UN_SDG_METADATA; EUROSTAT_NACE; EC_CSRD; EFRAG_ESRS_SET1; EFRAG_ESRS_IG; GRI_STANDARDS; GRI_DOWNLOAD,share_percent,Zähler: erfüllte / abgedeckte Fälle; Nenner: relevante Grundgesamtheit; Wert = Zähler / Nenner * 100.,"AutoScore = ScoreByThreshold(Messwert, Schwellen='≥90:+3; 70–89:+2; 50–69:0; 30–49:‑2; <30:‑3', Polarity='higher_is_better', Archetype='higher_is_better_pct'). BenchmarkScore = ScoreByBenchmark(Messwert, BM, BM_150pct, BM_250pct). FinalScore = MIN(AutoScore, BenchmarkScore, RedLineScore). Tax_Rate = WUStG-Mapping(FinalScore).",≥90:+3; 70–89:+2; 50–69:0; 30–49:‑2; <30:‑3,59.5,89.25,100.0,Nein,"mittel: limited assurance, später reasonable assurance je Relevanz",Quelle + Einheit + Systemgrenze + Zeitraum + Prüfnachweis; bei Datenlücke konservative Default-/Proxylogik markieren,public_research: operationalisierbar; empirische Benchmark-Kalibrierung erforderlich,public research; not official; formula-ready; benchmark calibration required; source mapped; exact disclosure missing
WOK-SC-156,SC / Lieferkette,Mensch/Planet/Demokratie,Arbeit & Fairness,+ Diskurskultur,-,Creator‑Fairness in Ketten,Creator‑Fairness in Ketten – Kinder/Zwangsarbeit,Audits ohne Verstöße,% Lieferanten,higher_is_better,higher_is_better_pct,threshold_numeric_and_benchmark,UN_SDG_GOALS; UN_SDG_INDICATORS; UN_SDG_METADATA; EUROSTAT_NACE; EC_CSRD; EFRAG_ESRS_SET1; EFRAG_ESRS_IG; GRI_STANDARDS; GRI_DOWNLOAD; OECD_RBC_DD,share_percent,Zähler: erfüllte / abgedeckte Fälle; Nenner: relevante Grundgesamtheit; Wert = Zähler / Nenner * 100.,"AutoScore = ScoreByThreshold(Messwert, Schwellen='≥98:+3; 90–97:+2; 75–89:0; 50–74:‑2; <50:‑3', Polarity='higher_is_better', Archetype='higher_is_better_pct'). BenchmarkScore = ScoreByBenchmark(Messwert, BM, BM_150pct, BM_250pct). FinalScore = MIN(AutoScore, BenchmarkScore, RedLineScore). Tax_Rate = WUStG-Mapping(FinalScore).",≥98:+3; 90–97:+2; 75–89:0; 50–74:‑2; <50:‑3,82.0,100.0,100.0,Ja,hoch: externe Prüfung / reasonable assurance für kritische Risiken,Quelle + Einheit + Systemgrenze + Zeitraum + Prüfnachweis; bei Datenlücke konservative Default-/Proxylogik markieren,public_research: operationalisierbar; empirische Benchmark-Kalibrierung erforderlich,public research; not official; formula-ready; benchmark calibration required; red line; source mapped; exact disclosure missing
WOK-SC-157,SC / Lieferkette,Mensch/Planet/Demokratie,Querschnitt,+ Diskurskultur,-,Creator‑Fairness in Ketten,Creator‑Fairness in Ketten – Scope‑3 Daten,Primärdaten‑Abdeckung,% Kategorien,higher_is_better,higher_is_better_pct,threshold_numeric_and_benchmark,UN_SDG_GOALS; UN_SDG_INDICATORS; UN_SDG_METADATA; EUROSTAT_NACE; EC_CSRD; EFRAG_ESRS_SET1; EFRAG_ESRS_IG; GHG_PROTOCOL_SCOPE3; GHG_PROTOCOL_PRODUCT; ISO_14064,share_percent,Zähler: erfüllte / abgedeckte Fälle; Nenner: relevante Grundgesamtheit; Wert = Zähler / Nenner * 100.,"AutoScore = ScoreByThreshold(Messwert, Schwellen='≥80:+3; 60–79:+2; 40–59:0; 20–39:‑2; <20:‑3', Polarity='higher_is_better', Archetype='higher_is_better_pct'). BenchmarkScore = ScoreByBenchmark(Messwert, BM, BM_150pct, BM_250pct). FinalScore = MIN(AutoScore, BenchmarkScore, RedLineScore). Tax_Rate = WUStG-Mapping(FinalScore).",≥80:+3; 60–79:+2; 40–59:0; 20–39:‑2; <20:‑3,49.5,74.25,100.0,Nein,"mittel: limited assurance, später reasonable assurance je Relevanz",Quelle + Einheit + Systemgrenze + Zeitraum + Prüfnachweis; bei Datenlücke konservative Default-/Proxylogik markieren,public_research: operationalisierbar; empirische Benchmark-Kalibrierung erforderlich,public research; not official; formula-ready; benchmark calibration required; source mapped; exact disclosure missing
WOK-G-221,G / Governance,Mensch/Planet/Demokratie,Governance & Demokratie,+ Resilienz,-,Business Continuity,Business Continuity – Antikorruption,Bestätigte Fälle/1.000 FTE,Fälle/1.000 FTE,lower_is_better,near_zero_better,threshold_numeric_and_benchmark,UN_SDG_GOALS; UN_SDG_INDICATORS; UN_SDG_METADATA; EUROSTAT_NACE; EC_CSRD; EFRAG_ESRS_SET1; EFRAG_ESRS_IG; GRI_STANDARDS; GRI_DOWNLOAD; OECD_ANTI_BRIBERY,lower_is_better_metric,"Wert = gemessene Belastung, Risiko- oder Intensitätskennzahl je funktionaler Einheit; niedriger ist besser.","AutoScore = ScoreByThreshold(Messwert, Schwellen='0:+3; ≤0,2:+2; ≤0,5:0; ≤1:‑2; >1:‑3', Polarity='lower_is_better', Archetype='near_zero_better'). BenchmarkScore = ScoreByBenchmark(Messwert, BM, BM_150pct, BM_250pct). FinalScore = MIN(AutoScore, BenchmarkScore, RedLineScore). Tax_Rate = WUStG-Mapping(FinalScore).","0:+3; ≤0,2:+2; ≤0,5:0; ≤1:‑2; >1:‑3",0.5,0.75,1.25,Ja,hoch: externe Prüfung / reasonable assurance für kritische Risiken,Quelle + Einheit + Systemgrenze + Zeitraum + Prüfnachweis; bei Datenlücke konservative Default-/Proxylogik markieren,public_research: operationalisierbar; empirische Benchmark-Kalibrierung erforderlich,public research; not official; formula-ready; benchmark calibration required; red line; source mapped; exact disclosure missing
WOK-G-222,G / Governance,Mensch/Planet/Demokratie,Querschnitt,+ Resilienz,-,Business Continuity,Business Continuity – Whistleblowing,Wirksamkeits‑Score,0–1,higher_is_better,higher_is_better_abs,threshold_numeric_and_benchmark,UN_SDG_GOALS; UN_SDG_INDICATORS; UN_SDG_METADATA; EUROSTAT_NACE; EC_CSRD; EFRAG_ESRS_SET1; EFRAG_ESRS_IG; GRI_STANDARDS; GRI_DOWNLOAD; OECD_ANTI_BRIBERY,index_0_1,"Wert = gewichteter Kriterienindex von 0 bis 1; Kriterien, Gewichtung und Nachweis je WÖk-ID offenlegen.","AutoScore = ScoreByThreshold(Messwert, Schwellen='≥0,9:+3; 0,75–0,89:+2; 0,6–0,74:0; 0,4–0,59:‑2; <0,4:‑3', Polarity='higher_is_better', Archetype='higher_is_better_abs'). BenchmarkScore = ScoreByBenchmark(Messwert, BM, BM_150pct, BM_250pct). FinalScore = MIN(AutoScore, BenchmarkScore, RedLineScore). Tax_Rate = WUStG-Mapping(FinalScore).","≥0,9:+3; 0,75–0,89:+2; 0,6–0,74:0; 0,4–0,59:‑2; <0,4:‑3",0.6699999999999999,1.0,1.0,Ja,hoch: externe Prüfung / reasonable assurance für kritische Risiken,Quelle + Einheit + Systemgrenze + Zeitraum + Prüfnachweis; bei Datenlücke konservative Default-/Proxylogik markieren,public_research: operationalisierbar; empirische Benchmark-Kalibrierung erforderlich,public research; not official; formula-ready; benchmark calibration required; red line; source mapped; exact disclosure missing
WOK-G-223,G / Governance,Mensch/Planet/Demokratie,Governance & Demokratie,+ Resilienz,-,Business Continuity,Business Continuity – Steuertransparenz,CbCR‑Offenlegung,0–1,higher_is_better,higher_is_better_abs,qualitative_ordinal,UN_SDG_GOALS; UN_SDG_INDICATORS; UN_SDG_METADATA; EUROSTAT_NACE; EC_CSRD; EFRAG_ESRS_SET1; EFRAG_ESRS_IG; GRI_STANDARDS; GRI_DOWNLOAD; OECD_ANTI_BRIBERY,index_0_1,"Wert = gewichteter Kriterienindex von 0 bis 1; Kriterien, Gewichtung und Nachweis je WÖk-ID offenlegen.","AutoScore = ScoreByThreshold(Messwert, Schwellen='vollständig:+3; teilweise:+2; minimal:0; schlecht:‑2', Polarity='higher_is_better', Archetype='higher_is_better_abs'). BenchmarkScore = ScoreByBenchmark(Messwert, BM, BM_150pct, BM_250pct). FinalScore = MIN(AutoScore, BenchmarkScore, RedLineScore). Tax_Rate = WUStG-Mapping(FinalScore).",vollständig:+3; teilweise:+2; minimal:0; schlecht:‑2,0.5,0.75,0.9,Ja,hoch: externe Prüfung / reasonable assurance für kritische Risiken,Quelle + Einheit + Systemgrenze + Zeitraum + Prüfnachweis; bei Datenlücke konservative Default-/Proxylogik markieren,public_research: operationalisierbar; empirische Benchmark-Kalibrierung erforderlich,public research; not official; formula-ready; qualitative review required; red line; source mapped; exact disclosure missing
WOK-E-224,E / Umwelt,Mensch/Planet/Demokratie,Klima,+ Resilienz,-,Physisches Klimarisiko,Physisches Klimarisiko – Green R&D,Anteil F&E für grüne Technologien,% Umsatz,higher_is_better,higher_is_better_pct,threshold_numeric_and_benchmark,UN_SDG_GOALS; UN_SDG_INDICATORS; UN_SDG_METADATA; EUROSTAT_NACE; EC_CSRD; EFRAG_ESRS_SET1; EFRAG_ESRS_IG; GHG_PROTOCOL_SCOPE3; GHG_PROTOCOL_PRODUCT; OECD_FRASCATI; EPO_PATSTAT,share_percent,Zähler: erfüllte / abgedeckte Fälle; Nenner: relevante Grundgesamtheit; Wert = Zähler / Nenner * 100.,"AutoScore = ScoreByThreshold(Messwert, Schwellen='≥5:+3; 3–4,9:+2; 1–2,9:0; 0,5–0,9:‑2; <0,5:‑3', Polarity='higher_is_better', Archetype='higher_is_better_pct'). BenchmarkScore = ScoreByBenchmark(Messwert, BM, BM_150pct, BM_250pct). FinalScore = MIN(AutoScore, BenchmarkScore, RedLineScore). Tax_Rate = WUStG-Mapping(FinalScore).","≥5:+3; 3–4,9:+2; 1–2,9:0; 0,5–0,9:‑2; <0,5:‑3",1.95,2.925,4.875,Nein,mittel: fachliche Plausibilisierung und Quellenprüfung,Quelle + Einheit + Systemgrenze + Zeitraum + Prüfnachweis; bei Datenlücke konservative Default-/Proxylogik markieren,public_research: operationalisierbar; empirische Benchmark-Kalibrierung erforderlich,public research; not official; formula-ready; benchmark calibration required; source mapped; exact disclosure missing
WOK-E-225,E / Umwelt,Mensch/Planet/Demokratie,Klima,+ Resilienz,-,Physisches Klimarisiko,Physisches Klimarisiko – SDG‑Patente,Anteil SDG‑relevanter Patente,%,higher_is_better,higher_is_better_pct,threshold_numeric_and_benchmark,UN_SDG_GOALS; UN_SDG_INDICATORS; UN_SDG_METADATA; EUROSTAT_NACE; OECD_FRASCATI; EPO_PATSTAT,share_percent,Zähler: erfüllte / abgedeckte Fälle; Nenner: relevante Grundgesamtheit; Wert = Zähler / Nenner * 100.,"AutoScore = ScoreByThreshold(Messwert, Schwellen='≥40:+3; 25–39:+2; 10–24:0; 5–9:‑2; <5:‑3', Polarity='higher_is_better', Archetype='higher_is_better_pct'). BenchmarkScore = ScoreByBenchmark(Messwert, BM, BM_150pct, BM_250pct). FinalScore = MIN(AutoScore, BenchmarkScore, RedLineScore). Tax_Rate = WUStG-Mapping(FinalScore).",≥40:+3; 25–39:+2; 10–24:0; 5–9:‑2; <5:‑3,17.0,25.5,42.5,Nein,mittel: fachliche Plausibilisierung und Quellenprüfung,Quelle + Einheit + Systemgrenze + Zeitraum + Prüfnachweis; bei Datenlücke konservative Default-/Proxylogik markieren,public_research: operationalisierbar; empirische Benchmark-Kalibrierung erforderlich,public research; not official; formula-ready; benchmark calibration required; source mapped; exact disclosure missing
WOK-E-226,E / Umwelt,Mensch/Planet/Demokratie,Klima,+ Resilienz,-,Physisches Klimarisiko,Physisches Klimarisiko – Prozess‑Effizienz,Energie/Emission je Einheit,kWh/t bzw. t CO₂e/t,lower_is_better,lower_is_better_abs,benchmark_relative_calibration_required,UN_SDG_GOALS; UN_SDG_INDICATORS; UN_SDG_METADATA; EUROSTAT_NACE; EC_CSRD; EFRAG_ESRS_SET1; EFRAG_ESRS_IG; GHG_PROTOCOL_SCOPE3; GHG_PROTOCOL_PRODUCT; ISO_14064,emission_intensity,"Wert = THG-Emissionen in CO₂e je funktionaler Einheit, Produktmenge, Umsatz oder Aktivität; Systemgrenze offenlegen.","AutoScore = ScoreByThreshold(Messwert, Schwellen='Top‑10%:+3; Mittel:0; >150%:‑2; >250%:‑3', Polarity='lower_is_better', Archetype='lower_is_better_abs'). BenchmarkScore = ScoreByBenchmark(Messwert, BM, BM_150pct, BM_250pct). FinalScore = MIN(AutoScore, BenchmarkScore, RedLineScore). Tax_Rate = WUStG-Mapping(FinalScore).",Top‑10%:+3; Mittel:0; >150%:‑2; >250%:‑3,1.0,1.5,2.5,Nein,"mittel: limited assurance, später reasonable assurance je Relevanz",Quelle + Einheit + Systemgrenze + Zeitraum + Prüfnachweis; bei Datenlücke konservative Default-/Proxylogik markieren,public_research: operationalisierbar; empirische Benchmark-Kalibrierung erforderlich,public research; not official; formula-ready; benchmark calibration required; source mapped; exact disclosure missing
WOK-G-224,G / Governance,Mensch/Planet/Demokratie,Querschnitt,+ Resilienz,-,Cyber‑Resilienz,Cyber‑Resilienz – Datenschutzvorfälle,Fälle pro 1 Mio Kunden,Fälle/Mio,lower_is_better,near_zero_better,threshold_numeric_and_benchmark,UN_SDG_GOALS; UN_SDG_INDICATORS; UN_SDG_METADATA; EUROSTAT_NACE; ISO_14067; GHG_PROTOCOL_PRODUCT; ISO_IEC_27001; ISO_IEC_27701; EU_NIS2,lower_is_better_metric,"Wert = gemessene Belastung, Risiko- oder Intensitätskennzahl je funktionaler Einheit; niedriger ist besser.","AutoScore = ScoreByThreshold(Messwert, Schwellen='0:+3; ≤1:+2; ≤3:0; ≤5:‑2; >5:‑3', Polarity='lower_is_better', Archetype='near_zero_better'). BenchmarkScore = ScoreByBenchmark(Messwert, BM, BM_150pct, BM_250pct). FinalScore = MIN(AutoScore, BenchmarkScore, RedLineScore). Tax_Rate = WUStG-Mapping(FinalScore).",0:+3; ≤1:+2; ≤3:0; ≤5:‑2; >5:‑3,3.0,4.5,7.5,Ja,hoch: externe Prüfung / reasonable assurance für kritische Risiken,Quelle + Einheit + Systemgrenze + Zeitraum + Prüfnachweis; bei Datenlücke konservative Default-/Proxylogik markieren,public_research: operationalisierbar; empirische Benchmark-Kalibrierung erforderlich,public research; not official; formula-ready; benchmark calibration required; red line; source mapped; exact disclosure missing
WOK-G-225,G / Governance,Mensch/Planet/Demokratie,Querschnitt,+ Resilienz,-,Cyber‑Resilienz,Cyber‑Resilienz – Privacy by Design,Abdeckung relevanter Features/Produkte,%,higher_is_better,higher_is_better_pct,threshold_numeric_and_benchmark,UN_SDG_GOALS; UN_SDG_INDICATORS; UN_SDG_METADATA; EUROSTAT_NACE; ISO_14067; GHG_PROTOCOL_PRODUCT; ISO_IEC_27001; ISO_IEC_27701; EU_NIS2,share_percent,Zähler: erfüllte / abgedeckte Fälle; Nenner: relevante Grundgesamtheit; Wert = Zähler / Nenner * 100.,"AutoScore = ScoreByThreshold(Messwert, Schwellen='≥90%:+3; 70–89%:+2; 50–69%:0; 30–49%:‑2; <30%:‑3', Polarity='higher_is_better', Archetype='higher_is_better_pct'). BenchmarkScore = ScoreByBenchmark(Messwert, BM, BM_150pct, BM_250pct). FinalScore = MIN(AutoScore, BenchmarkScore, RedLineScore). Tax_Rate = WUStG-Mapping(FinalScore).",≥90%:+3; 70–89%:+2; 50–69%:0; 30–49%:‑2; <30%:‑3,50.0,75.0,100.0,Ja,hoch: externe Prüfung / reasonable assurance für kritische Risiken,Quelle + Einheit + Systemgrenze + Zeitraum + Prüfnachweis; bei Datenlücke konservative Default-/Proxylogik markieren,public_research: operationalisierbar; rote Linie/Assurance besonders prüfen,public research; not official; formula-ready; benchmark calibration required; red line; source mapped; exact disclosure missing
WOK-G-226,G / Governance,Mensch/Planet/Demokratie,Querschnitt,+ Resilienz,-,Cyber‑Resilienz,Cyber‑Resilienz – Security Reifegrad,ISO/27001 Reifegrad,0–1,higher_is_better,higher_is_better_abs,threshold_numeric_and_benchmark,UN_SDG_GOALS; UN_SDG_INDICATORS; UN_SDG_METADATA; EUROSTAT_NACE; ISO_14067; GHG_PROTOCOL_PRODUCT; ISO_IEC_27001; ISO_IEC_27701; EU_NIS2,index_0_1,"Wert = gewichteter Kriterienindex von 0 bis 1; Kriterien, Gewichtung und Nachweis je WÖk-ID offenlegen.","AutoScore = ScoreByThreshold(Messwert, Schwellen='≥0,9:+3; 0,75–0,89:+2; 0,6–0,74:0; 0,4–0,59:‑2; <0,4:‑3', Polarity='higher_is_better', Archetype='higher_is_better_abs'). BenchmarkScore = ScoreByBenchmark(Messwert, BM, BM_150pct, BM_250pct). FinalScore = MIN(AutoScore, BenchmarkScore, RedLineScore). Tax_Rate = WUStG-Mapping(FinalScore).","≥0,9:+3; 0,75–0,89:+2; 0,6–0,74:0; 0,4–0,59:‑2; <0,4:‑3",0.6699999999999999,1.0,1.0,Ja,hoch: externe Prüfung / reasonable assurance für kritische Risiken,Quelle + Einheit + Systemgrenze + Zeitraum + Prüfnachweis; bei Datenlücke konservative Default-/Proxylogik markieren,public_research: operationalisierbar; empirische Benchmark-Kalibrierung erforderlich,public research; not official; formula-ready; benchmark calibration required; red line; source mapped; exact disclosure missing
WOK-SC-158,SC / Lieferkette,Mensch/Planet/Demokratie,Querschnitt,+ Resilienz,-,Lieferketten‑Resilienz,Lieferketten‑Resilienz – ESG‑Spend‑Coverage,Anteil verifizierter ESG‑Daten am Spend,%,higher_is_better,higher_is_better_pct,threshold_numeric_and_benchmark,UN_SDG_GOALS; UN_SDG_INDICATORS; UN_SDG_METADATA; EUROSTAT_NACE; EC_CSRD; EFRAG_ESRS_SET1; EFRAG_ESRS_IG; GRI_STANDARDS; GRI_DOWNLOAD; OECD_RBC_DD,share_percent,Zähler: erfüllte / abgedeckte Fälle; Nenner: relevante Grundgesamtheit; Wert = Zähler / Nenner * 100.,"AutoScore = ScoreByThreshold(Messwert, Schwellen='≥90:+3; 70–89:+2; 50–69:0; 30–49:‑2; <30:‑3', Polarity='higher_is_better', Archetype='higher_is_better_pct'). BenchmarkScore = ScoreByBenchmark(Messwert, BM, BM_150pct, BM_250pct). FinalScore = MIN(AutoScore, BenchmarkScore, RedLineScore). Tax_Rate = WUStG-Mapping(FinalScore).",≥90:+3; 70–89:+2; 50–69:0; 30–49:‑2; <30:‑3,59.5,89.25,100.0,Nein,"mittel: limited assurance, später reasonable assurance je Relevanz",Quelle + Einheit + Systemgrenze + Zeitraum + Prüfnachweis; bei Datenlücke konservative Default-/Proxylogik markieren,public_research: operationalisierbar; empirische Benchmark-Kalibrierung erforderlich,public research; not official; formula-ready; benchmark calibration required; source mapped; exact disclosure missing
WOK-SC-159,SC / Lieferkette,Mensch/Planet/Demokratie,Arbeit & Fairness,+ Resilienz,-,Lieferketten‑Resilienz,Lieferketten‑Resilienz – Kinder/Zwangsarbeit,Audits ohne Verstöße,% Lieferanten,higher_is_better,higher_is_better_pct,threshold_numeric_and_benchmark,UN_SDG_GOALS; UN_SDG_INDICATORS; UN_SDG_METADATA; EUROSTAT_NACE; EC_CSRD; EFRAG_ESRS_SET1; EFRAG_ESRS_IG; GRI_STANDARDS; GRI_DOWNLOAD; OECD_RBC_DD,share_percent,Zähler: erfüllte / abgedeckte Fälle; Nenner: relevante Grundgesamtheit; Wert = Zähler / Nenner * 100.,"AutoScore = ScoreByThreshold(Messwert, Schwellen='≥98:+3; 90–97:+2; 75–89:0; 50–74:‑2; <50:‑3', Polarity='higher_is_better', Archetype='higher_is_better_pct'). BenchmarkScore = ScoreByBenchmark(Messwert, BM, BM_150pct, BM_250pct). FinalScore = MIN(AutoScore, BenchmarkScore, RedLineScore). Tax_Rate = WUStG-Mapping(FinalScore).",≥98:+3; 90–97:+2; 75–89:0; 50–74:‑2; <50:‑3,82.0,100.0,100.0,Ja,hoch: externe Prüfung / reasonable assurance für kritische Risiken,Quelle + Einheit + Systemgrenze + Zeitraum + Prüfnachweis; bei Datenlücke konservative Default-/Proxylogik markieren,public_research: operationalisierbar; empirische Benchmark-Kalibrierung erforderlich,public research; not official; formula-ready; benchmark calibration required; red line; source mapped; exact disclosure missing
WOK-SC-160,SC / Lieferkette,Mensch/Planet/Demokratie,Querschnitt,+ Resilienz,-,Lieferketten‑Resilienz,Lieferketten‑Resilienz – Scope‑3 Daten,Primärdaten‑Abdeckung,% Kategorien,higher_is_better,higher_is_better_pct,threshold_numeric_and_benchmark,UN_SDG_GOALS; UN_SDG_INDICATORS; UN_SDG_METADATA; EUROSTAT_NACE; EC_CSRD; EFRAG_ESRS_SET1; EFRAG_ESRS_IG; GHG_PROTOCOL_SCOPE3; GHG_PROTOCOL_PRODUCT; ISO_14064,share_percent,Zähler: erfüllte / abgedeckte Fälle; Nenner: relevante Grundgesamtheit; Wert = Zähler / Nenner * 100.,"AutoScore = ScoreByThreshold(Messwert, Schwellen='≥80:+3; 60–79:+2; 40–59:0; 20–39:‑2; <20:‑3', Polarity='higher_is_better', Archetype='higher_is_better_pct'). BenchmarkScore = ScoreByBenchmark(Messwert, BM, BM_150pct, BM_250pct). FinalScore = MIN(AutoScore, BenchmarkScore, RedLineScore). Tax_Rate = WUStG-Mapping(FinalScore).",≥80:+3; 60–79:+2; 40–59:0; 20–39:‑2; <20:‑3,49.5,74.25,100.0,Nein,"mittel: limited assurance, später reasonable assurance je Relevanz",Quelle + Einheit + Systemgrenze + Zeitraum + Prüfnachweis; bei Datenlücke konservative Default-/Proxylogik markieren,public_research: operationalisierbar; empirische Benchmark-Kalibrierung erforderlich,public research; not official; formula-ready; benchmark calibration required; source mapped; exact disclosure missing
WOK-SYS-191,SYS / System,Mensch/Planet/Demokratie,Querschnitt,+ Resilienz,-,Gemeinwesen‑Resilienz,Gemeinwesen‑Resilienz – Index,umsatzgewichteter Index (z. B. Demokratie/Rule of Law),0–1,higher_is_better,higher_is_better_abs,threshold_numeric_and_benchmark,UN_SDG_GOALS; UN_SDG_INDICATORS; UN_SDG_METADATA; EUROSTAT_NACE; WJP_RULE_OF_LAW; VDEM; SOCIAL_VALUE_SROI,index_0_1,"Wert = gewichteter Kriterienindex von 0 bis 1; Kriterien, Gewichtung und Nachweis je WÖk-ID offenlegen.","AutoScore = ScoreByThreshold(Messwert, Schwellen='≥0,8:+3; 0,7–0,79:+2; 0,6–0,69:0; 0,5–0,59:‑2; <0,5:‑3', Polarity='higher_is_better', Archetype='higher_is_better_abs'). BenchmarkScore = ScoreByBenchmark(Messwert, BM, BM_150pct, BM_250pct). FinalScore = MIN(AutoScore, BenchmarkScore, RedLineScore). Tax_Rate = WUStG-Mapping(FinalScore).","≥0,8:+3; 0,7–0,79:+2; 0,6–0,69:0; 0,5–0,59:‑2; <0,5:‑3",0.645,0.9675,1.0,Nein,mittel: fachliche Plausibilisierung und Quellenprüfung,Quelle + Einheit + Systemgrenze + Zeitraum + Prüfnachweis; bei Datenlücke konservative Default-/Proxylogik markieren,public_research: operationalisierbar; empirische Benchmark-Kalibrierung erforderlich,public research; not official; formula-ready; benchmark calibration required; source mapped; exact disclosure missing
WOK-SYS-192,SYS / System,Mensch/Planet/Demokratie,Querschnitt,+ Resilienz,-,Gemeinwesen‑Resilienz,Gemeinwesen‑Resilienz – Exposure,Umsatz in Hochrisikoländern,%,lower_is_better,lower_is_better_abs,threshold_numeric_and_benchmark,UN_SDG_GOALS; UN_SDG_INDICATORS; UN_SDG_METADATA; EUROSTAT_NACE; SOCIAL_VALUE_SROI,share_percent,Zähler: erfüllte / abgedeckte Fälle; Nenner: relevante Grundgesamtheit; Wert = Zähler / Nenner * 100.,"AutoScore = ScoreByThreshold(Messwert, Schwellen='≤5:+3; 6–10:+2; 11–20:0; 21–30:‑2; >30:‑3', Polarity='lower_is_better', Archetype='lower_is_better_abs'). BenchmarkScore = ScoreByBenchmark(Messwert, BM, BM_150pct, BM_250pct). FinalScore = MIN(AutoScore, BenchmarkScore, RedLineScore). Tax_Rate = WUStG-Mapping(FinalScore).",≤5:+3; 6–10:+2; 11–20:0; 21–30:‑2; >30:‑3,15.5,23.25,38.75,Nein,mittel: fachliche Plausibilisierung und Quellenprüfung,Quelle + Einheit + Systemgrenze + Zeitraum + Prüfnachweis; bei Datenlücke konservative Default-/Proxylogik markieren,public_research: operationalisierbar; empirische Benchmark-Kalibrierung erforderlich,public research; not official; formula-ready; benchmark calibration required; source mapped; exact disclosure missing
WOK-SYS-193,SYS / System,Mensch/Planet/Demokratie,Querschnitt,+ Resilienz,-,Gemeinwesen‑Resilienz,Gemeinwesen‑Resilienz – Kooperationen,"aktive, evaluierte Partnerschaften/Jahr",#/Jahr,higher_is_better,higher_is_better_abs,threshold_numeric_and_benchmark,UN_SDG_GOALS; UN_SDG_INDICATORS; UN_SDG_METADATA; EUROSTAT_NACE; WJP_RULE_OF_LAW; VDEM; SOCIAL_VALUE_SROI,indicator_specific,"Wert gemäß definierter Messgröße; Zähler, Nenner, Einheit, Systemgrenze und Zeitraum je WÖk-ID dokumentieren.","AutoScore = ScoreByThreshold(Messwert, Schwellen='≥5:+3; 3–4:+2; 1–2:0; 0:‑2', Polarity='higher_is_better', Archetype='higher_is_better_abs'). BenchmarkScore = ScoreByBenchmark(Messwert, BM, BM_150pct, BM_250pct). FinalScore = MIN(AutoScore, BenchmarkScore, RedLineScore). Tax_Rate = WUStG-Mapping(FinalScore).",≥5:+3; 3–4:+2; 1–2:0; 0:‑2,1.5,2.25,3.75,Nein,mittel: fachliche Plausibilisierung und Quellenprüfung,Quelle + Einheit + Systemgrenze + Zeitraum + Prüfnachweis; bei Datenlücke konservative Default-/Proxylogik markieren,public_research: operationalisierbar; empirische Benchmark-Kalibrierung erforderlich,public research; not official; formula-ready; benchmark calibration required; source mapped; exact disclosure missing
WOK-RE-122,RE / Real Estate,Mensch/Planet/Demokratie,Energie,+ Resilienz,-,Kritische Infrastruktur Robustheit,Kritische Infrastruktur Robustheit – Betriebsenergie,Endenergiebedarf,kWh/m²a,lower_is_better,lower_is_better_abs,benchmark_relative_calibration_required,UN_SDG_GOALS; UN_SDG_INDICATORS; UN_SDG_METADATA; EUROSTAT_NACE; EC_CSRD; EFRAG_ESRS_SET1; EFRAG_ESRS_IG; ISO_50001; ISO_IEC_30134; EU_EPBD; EN_15978,lower_is_better_metric,"Wert = gemessene Belastung, Risiko- oder Intensitätskennzahl je funktionaler Einheit; niedriger ist besser.","AutoScore = ScoreByThreshold(Messwert, Schwellen='Top 15%:+3; +15–30%:+2; +31–60%:0; >+60%:‑2/‑3', Polarity='lower_is_better', Archetype='lower_is_better_abs'). BenchmarkScore = ScoreByBenchmark(Messwert, BM, BM_150pct, BM_250pct). FinalScore = MIN(AutoScore, BenchmarkScore, RedLineScore). Tax_Rate = WUStG-Mapping(FinalScore).",Top 15%:+3; +15–30%:+2; +31–60%:0; >+60%:‑2/‑3,1.0,1.5,2.5,Nein,"mittel: limited assurance, später reasonable assurance je Relevanz",Quelle + Einheit + Systemgrenze + Zeitraum + Prüfnachweis; bei Datenlücke konservative Default-/Proxylogik markieren,public_research: operationalisierbar; empirische Benchmark-Kalibrierung erforderlich,public research; not official; formula-ready; benchmark calibration required; source mapped; exact disclosure missing
WOK-RE-123,RE / Real Estate,Mensch/Planet/Demokratie,Querschnitt,+ Resilienz,-,Kritische Infrastruktur Robustheit,Kritische Infrastruktur Robustheit – Graue Emissionen,Embodied Carbon (A1–A3),kg CO₂e/m²,lower_is_better,lower_is_better_abs,benchmark_relative_calibration_required,UN_SDG_GOALS; UN_SDG_INDICATORS; UN_SDG_METADATA; EUROSTAT_NACE; EC_CSRD; EFRAG_ESRS_SET1; EFRAG_ESRS_IG; GHG_PROTOCOL_SCOPE3; GHG_PROTOCOL_PRODUCT; ISO_14064; ISO_14067; EN_15978,emission_intensity,"Wert = THG-Emissionen in CO₂e je funktionaler Einheit, Produktmenge, Umsatz oder Aktivität; Systemgrenze offenlegen.","AutoScore = ScoreByThreshold(Messwert, Schwellen='Top‑10%:+3; Mittel:0; >150%:‑2; >250%:‑3', Polarity='lower_is_better', Archetype='lower_is_better_abs'). BenchmarkScore = ScoreByBenchmark(Messwert, BM, BM_150pct, BM_250pct). FinalScore = MIN(AutoScore, BenchmarkScore, RedLineScore). Tax_Rate = WUStG-Mapping(FinalScore).",Top‑10%:+3; Mittel:0; >150%:‑2; >250%:‑3,1.0,1.5,2.5,Nein,"mittel: limited assurance, später reasonable assurance je Relevanz",Quelle + Einheit + Systemgrenze + Zeitraum + Prüfnachweis; bei Datenlücke konservative Default-/Proxylogik markieren,public_research: operationalisierbar; empirische Benchmark-Kalibrierung erforderlich,public research; not official; formula-ready; benchmark calibration required; source mapped; exact disclosure missing
WOK-RE-124,RE / Real Estate,Mensch/Planet/Demokratie,Querschnitt,+ Resilienz,-,Kritische Infrastruktur Robustheit,Kritische Infrastruktur Robustheit – ÖPNV‑Erreichbarkeit,Transit‑Score,0–1,higher_is_better,higher_is_better_abs,threshold_numeric_and_benchmark,UN_SDG_GOALS; UN_SDG_INDICATORS; UN_SDG_METADATA; EUROSTAT_NACE,index_0_1,"Wert = gewichteter Kriterienindex von 0 bis 1; Kriterien, Gewichtung und Nachweis je WÖk-ID offenlegen.","AutoScore = ScoreByThreshold(Messwert, Schwellen='≥0,8:+3; 0,6–0,79:+2; 0,4–0,59:0; 0,2–0,39:‑2; <0,2:‑3', Polarity='higher_is_better', Archetype='higher_is_better_abs'). BenchmarkScore = ScoreByBenchmark(Messwert, BM, BM_150pct, BM_250pct). FinalScore = MIN(AutoScore, BenchmarkScore, RedLineScore). Tax_Rate = WUStG-Mapping(FinalScore).","≥0,8:+3; 0,6–0,79:+2; 0,4–0,59:0; 0,2–0,39:‑2; <0,2:‑3",0.495,0.7424999999999999,1.0,Nein,mittel: fachliche Plausibilisierung und Quellenprüfung,Quelle + Einheit + Systemgrenze + Zeitraum + Prüfnachweis; bei Datenlücke konservative Default-/Proxylogik markieren,public_research: operationalisierbar; empirische Benchmark-Kalibrierung erforderlich,public research; not official; formula-ready; benchmark calibration required; source mapped; exact disclosure missing
WOK-G-227,G / Governance,Mensch/Planet/Demokratie,Governance & Demokratie,+ Technologie‑Verantwortung,-,KI‑Risiko‑Assessments,KI‑Risiko‑Assessments – Antikorruption,Bestätigte Fälle/1.000 FTE,Fälle/1.000 FTE,lower_is_better,near_zero_better,threshold_numeric_and_benchmark,UN_SDG_GOALS; UN_SDG_INDICATORS; UN_SDG_METADATA; EUROSTAT_NACE; EC_CSRD; EFRAG_ESRS_SET1; EFRAG_ESRS_IG; GRI_STANDARDS; GRI_DOWNLOAD; OECD_ANTI_BRIBERY,lower_is_better_metric,"Wert = gemessene Belastung, Risiko- oder Intensitätskennzahl je funktionaler Einheit; niedriger ist besser.","AutoScore = ScoreByThreshold(Messwert, Schwellen='0:+3; ≤0,2:+2; ≤0,5:0; ≤1:‑2; >1:‑3', Polarity='lower_is_better', Archetype='near_zero_better'). BenchmarkScore = ScoreByBenchmark(Messwert, BM, BM_150pct, BM_250pct). FinalScore = MIN(AutoScore, BenchmarkScore, RedLineScore). Tax_Rate = WUStG-Mapping(FinalScore).","0:+3; ≤0,2:+2; ≤0,5:0; ≤1:‑2; >1:‑3",0.5,0.75,1.25,Ja,hoch: externe Prüfung / reasonable assurance für kritische Risiken,Quelle + Einheit + Systemgrenze + Zeitraum + Prüfnachweis; bei Datenlücke konservative Default-/Proxylogik markieren,public_research: operationalisierbar; empirische Benchmark-Kalibrierung erforderlich,public research; not official; formula-ready; benchmark calibration required; red line; source mapped; exact disclosure missing
WOK-G-228,G / Governance,Mensch/Planet/Demokratie,Querschnitt,+ Technologie‑Verantwortung,-,KI‑Risiko‑Assessments,KI‑Risiko‑Assessments – Whistleblowing,Wirksamkeits‑Score,0–1,higher_is_better,higher_is_better_abs,threshold_numeric_and_benchmark,UN_SDG_GOALS; UN_SDG_INDICATORS; UN_SDG_METADATA; EUROSTAT_NACE; EC_CSRD; EFRAG_ESRS_SET1; EFRAG_ESRS_IG; GRI_STANDARDS; GRI_DOWNLOAD; OECD_ANTI_BRIBERY,index_0_1,"Wert = gewichteter Kriterienindex von 0 bis 1; Kriterien, Gewichtung und Nachweis je WÖk-ID offenlegen.","AutoScore = ScoreByThreshold(Messwert, Schwellen='≥0,9:+3; 0,75–0,89:+2; 0,6–0,74:0; 0,4–0,59:‑2; <0,4:‑3', Polarity='higher_is_better', Archetype='higher_is_better_abs'). BenchmarkScore = ScoreByBenchmark(Messwert, BM, BM_150pct, BM_250pct). FinalScore = MIN(AutoScore, BenchmarkScore, RedLineScore). Tax_Rate = WUStG-Mapping(FinalScore).","≥0,9:+3; 0,75–0,89:+2; 0,6–0,74:0; 0,4–0,59:‑2; <0,4:‑3",0.6699999999999999,1.0,1.0,Ja,hoch: externe Prüfung / reasonable assurance für kritische Risiken,Quelle + Einheit + Systemgrenze + Zeitraum + Prüfnachweis; bei Datenlücke konservative Default-/Proxylogik markieren,public_research: operationalisierbar; empirische Benchmark-Kalibrierung erforderlich,public research; not official; formula-ready; benchmark calibration required; red line; source mapped; exact disclosure missing
WOK-G-229,G / Governance,Mensch/Planet/Demokratie,Governance & Demokratie,+ Technologie‑Verantwortung,-,KI‑Risiko‑Assessments,KI‑Risiko‑Assessments – Steuertransparenz,CbCR‑Offenlegung,0–1,higher_is_better,higher_is_better_abs,qualitative_ordinal,UN_SDG_GOALS; UN_SDG_INDICATORS; UN_SDG_METADATA; EUROSTAT_NACE; EC_CSRD; EFRAG_ESRS_SET1; EFRAG_ESRS_IG; GRI_STANDARDS; GRI_DOWNLOAD; OECD_ANTI_BRIBERY,index_0_1,"Wert = gewichteter Kriterienindex von 0 bis 1; Kriterien, Gewichtung und Nachweis je WÖk-ID offenlegen.","AutoScore = ScoreByThreshold(Messwert, Schwellen='vollständig:+3; teilweise:+2; minimal:0; schlecht:‑2', Polarity='higher_is_better', Archetype='higher_is_better_abs'). BenchmarkScore = ScoreByBenchmark(Messwert, BM, BM_150pct, BM_250pct). FinalScore = MIN(AutoScore, BenchmarkScore, RedLineScore). Tax_Rate = WUStG-Mapping(FinalScore).",vollständig:+3; teilweise:+2; minimal:0; schlecht:‑2,0.5,0.75,0.9,Ja,hoch: externe Prüfung / reasonable assurance für kritische Risiken,Quelle + Einheit + Systemgrenze + Zeitraum + Prüfnachweis; bei Datenlücke konservative Default-/Proxylogik markieren,public_research: operationalisierbar; empirische Benchmark-Kalibrierung erforderlich,public research; not official; formula-ready; qualitative review required; red line; source mapped; exact disclosure missing
WOK-G-230,G / Governance,Mensch/Planet/Demokratie,Querschnitt,+ Technologie‑Verantwortung,-,Privacy by Design,Privacy by Design – Datenschutzvorfälle,Fälle pro 1 Mio Kunden,Fälle/Mio,lower_is_better,near_zero_better,threshold_numeric_and_benchmark,UN_SDG_GOALS; UN_SDG_INDICATORS; UN_SDG_METADATA; EUROSTAT_NACE; ISO_14067; GHG_PROTOCOL_PRODUCT; ISO_IEC_27001; ISO_IEC_27701; EU_NIS2,lower_is_better_metric,"Wert = gemessene Belastung, Risiko- oder Intensitätskennzahl je funktionaler Einheit; niedriger ist besser.","AutoScore = ScoreByThreshold(Messwert, Schwellen='0:+3; ≤1:+2; ≤3:0; ≤5:‑2; >5:‑3', Polarity='lower_is_better', Archetype='near_zero_better'). BenchmarkScore = ScoreByBenchmark(Messwert, BM, BM_150pct, BM_250pct). FinalScore = MIN(AutoScore, BenchmarkScore, RedLineScore). Tax_Rate = WUStG-Mapping(FinalScore).",0:+3; ≤1:+2; ≤3:0; ≤5:‑2; >5:‑3,3.0,4.5,7.5,Ja,hoch: externe Prüfung / reasonable assurance für kritische Risiken,Quelle + Einheit + Systemgrenze + Zeitraum + Prüfnachweis; bei Datenlücke konservative Default-/Proxylogik markieren,public_research: operationalisierbar; empirische Benchmark-Kalibrierung erforderlich,public research; not official; formula-ready; benchmark calibration required; red line; source mapped; exact disclosure missing
WOK-G-231,G / Governance,Mensch/Planet/Demokratie,Querschnitt,+ Technologie‑Verantwortung,-,Privacy by Design,Privacy by Design – Privacy by Design,Abdeckung relevanter Features/Produkte,%,higher_is_better,higher_is_better_pct,threshold_numeric_and_benchmark,UN_SDG_GOALS; UN_SDG_INDICATORS; UN_SDG_METADATA; EUROSTAT_NACE; ISO_14067; GHG_PROTOCOL_PRODUCT; ISO_IEC_27001; ISO_IEC_27701; EU_NIS2,share_percent,Zähler: erfüllte / abgedeckte Fälle; Nenner: relevante Grundgesamtheit; Wert = Zähler / Nenner * 100.,"AutoScore = ScoreByThreshold(Messwert, Schwellen='≥90%:+3; 70–89%:+2; 50–69%:0; 30–49%:‑2; <30%:‑3', Polarity='higher_is_better', Archetype='higher_is_better_pct'). BenchmarkScore = ScoreByBenchmark(Messwert, BM, BM_150pct, BM_250pct). FinalScore = MIN(AutoScore, BenchmarkScore, RedLineScore). Tax_Rate = WUStG-Mapping(FinalScore).",≥90%:+3; 70–89%:+2; 50–69%:0; 30–49%:‑2; <30%:‑3,50.0,75.0,100.0,Ja,hoch: externe Prüfung / reasonable assurance für kritische Risiken,Quelle + Einheit + Systemgrenze + Zeitraum + Prüfnachweis; bei Datenlücke konservative Default-/Proxylogik markieren,public_research: operationalisierbar; rote Linie/Assurance besonders prüfen,public research; not official; formula-ready; benchmark calibration required; red line; source mapped; exact disclosure missing
WOK-G-232,G / Governance,Mensch/Planet/Demokratie,Querschnitt,+ Technologie‑Verantwortung,-,Privacy by Design,Privacy by Design – Security Reifegrad,ISO/27001 Reifegrad,0–1,higher_is_better,higher_is_better_abs,threshold_numeric_and_benchmark,UN_SDG_GOALS; UN_SDG_INDICATORS; UN_SDG_METADATA; EUROSTAT_NACE; ISO_14067; GHG_PROTOCOL_PRODUCT; ISO_IEC_27001; ISO_IEC_27701; EU_NIS2,index_0_1,"Wert = gewichteter Kriterienindex von 0 bis 1; Kriterien, Gewichtung und Nachweis je WÖk-ID offenlegen.","AutoScore = ScoreByThreshold(Messwert, Schwellen='≥0,9:+3; 0,75–0,89:+2; 0,6–0,74:0; 0,4–0,59:‑2; <0,4:‑3', Polarity='higher_is_better', Archetype='higher_is_better_abs'). BenchmarkScore = ScoreByBenchmark(Messwert, BM, BM_150pct, BM_250pct). FinalScore = MIN(AutoScore, BenchmarkScore, RedLineScore). Tax_Rate = WUStG-Mapping(FinalScore).","≥0,9:+3; 0,75–0,89:+2; 0,6–0,74:0; 0,4–0,59:‑2; <0,4:‑3",0.6699999999999999,1.0,1.0,Ja,hoch: externe Prüfung / reasonable assurance für kritische Risiken,Quelle + Einheit + Systemgrenze + Zeitraum + Prüfnachweis; bei Datenlücke konservative Default-/Proxylogik markieren,public_research: operationalisierbar; empirische Benchmark-Kalibrierung erforderlich,public research; not official; formula-ready; benchmark calibration required; red line; source mapped; exact disclosure missing
WOK-G-233,G / Governance,Mensch/Planet/Demokratie,Governance & Demokratie,+ Technologie‑Verantwortung,-,Model Governance/Transparency,Model Governance/Transparency – Antikorruption,Bestätigte Fälle/1.000 FTE,Fälle/1.000 FTE,lower_is_better,near_zero_better,threshold_numeric_and_benchmark,UN_SDG_GOALS; UN_SDG_INDICATORS; UN_SDG_METADATA; EUROSTAT_NACE; EC_CSRD; EFRAG_ESRS_SET1; EFRAG_ESRS_IG; GRI_STANDARDS; GRI_DOWNLOAD; OECD_ANTI_BRIBERY,lower_is_better_metric,"Wert = gemessene Belastung, Risiko- oder Intensitätskennzahl je funktionaler Einheit; niedriger ist besser.","AutoScore = ScoreByThreshold(Messwert, Schwellen='0:+3; ≤0,2:+2; ≤0,5:0; ≤1:‑2; >1:‑3', Polarity='lower_is_better', Archetype='near_zero_better'). BenchmarkScore = ScoreByBenchmark(Messwert, BM, BM_150pct, BM_250pct). FinalScore = MIN(AutoScore, BenchmarkScore, RedLineScore). Tax_Rate = WUStG-Mapping(FinalScore).","0:+3; ≤0,2:+2; ≤0,5:0; ≤1:‑2; >1:‑3",0.5,0.75,1.25,Ja,hoch: externe Prüfung / reasonable assurance für kritische Risiken,Quelle + Einheit + Systemgrenze + Zeitraum + Prüfnachweis; bei Datenlücke konservative Default-/Proxylogik markieren,public_research: operationalisierbar; empirische Benchmark-Kalibrierung erforderlich,public research; not official; formula-ready; benchmark calibration required; red line; source mapped; exact disclosure missing
WOK-G-234,G / Governance,Mensch/Planet/Demokratie,Querschnitt,+ Technologie‑Verantwortung,-,Model Governance/Transparency,Model Governance/Transparency – Whistleblowing,Wirksamkeits‑Score,0–1,higher_is_better,higher_is_better_abs,threshold_numeric_and_benchmark,UN_SDG_GOALS; UN_SDG_INDICATORS; UN_SDG_METADATA; EUROSTAT_NACE; EC_CSRD; EFRAG_ESRS_SET1; EFRAG_ESRS_IG; GRI_STANDARDS; GRI_DOWNLOAD; OECD_ANTI_BRIBERY,index_0_1,"Wert = gewichteter Kriterienindex von 0 bis 1; Kriterien, Gewichtung und Nachweis je WÖk-ID offenlegen.","AutoScore = ScoreByThreshold(Messwert, Schwellen='≥0,9:+3; 0,75–0,89:+2; 0,6–0,74:0; 0,4–0,59:‑2; <0,4:‑3', Polarity='higher_is_better', Archetype='higher_is_better_abs'). BenchmarkScore = ScoreByBenchmark(Messwert, BM, BM_150pct, BM_250pct). FinalScore = MIN(AutoScore, BenchmarkScore, RedLineScore). Tax_Rate = WUStG-Mapping(FinalScore).","≥0,9:+3; 0,75–0,89:+2; 0,6–0,74:0; 0,4–0,59:‑2; <0,4:‑3",0.6699999999999999,1.0,1.0,Ja,hoch: externe Prüfung / reasonable assurance für kritische Risiken,Quelle + Einheit + Systemgrenze + Zeitraum + Prüfnachweis; bei Datenlücke konservative Default-/Proxylogik markieren,public_research: operationalisierbar; empirische Benchmark-Kalibrierung erforderlich,public research; not official; formula-ready; benchmark calibration required; red line; source mapped; exact disclosure missing
WOK-G-235,G / Governance,Mensch/Planet/Demokratie,Governance & Demokratie,+ Technologie‑Verantwortung,-,Model Governance/Transparency,Model Governance/Transparency – Steuertransparenz,CbCR‑Offenlegung,0–1,higher_is_better,higher_is_better_abs,qualitative_ordinal,UN_SDG_GOALS; UN_SDG_INDICATORS; UN_SDG_METADATA; EUROSTAT_NACE; EC_CSRD; EFRAG_ESRS_SET1; EFRAG_ESRS_IG; GRI_STANDARDS; GRI_DOWNLOAD; OECD_ANTI_BRIBERY,index_0_1,"Wert = gewichteter Kriterienindex von 0 bis 1; Kriterien, Gewichtung und Nachweis je WÖk-ID offenlegen.","AutoScore = ScoreByThreshold(Messwert, Schwellen='vollständig:+3; teilweise:+2; minimal:0; schlecht:‑2', Polarity='higher_is_better', Archetype='higher_is_better_abs'). BenchmarkScore = ScoreByBenchmark(Messwert, BM, BM_150pct, BM_250pct). FinalScore = MIN(AutoScore, BenchmarkScore, RedLineScore). Tax_Rate = WUStG-Mapping(FinalScore).",vollständig:+3; teilweise:+2; minimal:0; schlecht:‑2,0.5,0.75,0.9,Ja,hoch: externe Prüfung / reasonable assurance für kritische Risiken,Quelle + Einheit + Systemgrenze + Zeitraum + Prüfnachweis; bei Datenlücke konservative Default-/Proxylogik markieren,public_research: operationalisierbar; empirische Benchmark-Kalibrierung erforderlich,public research; not official; formula-ready; qualitative review required; red line; source mapped; exact disclosure missing
WOK-SYS-194,SYS / System,Mensch/Planet/Demokratie,Querschnitt,+ Technologie‑Verantwortung,-,Open Source/Standards,Open Source/Standards – Index,umsatzgewichteter Index (z. B. Demokratie/Rule of Law),0–1,higher_is_better,higher_is_better_abs,threshold_numeric_and_benchmark,UN_SDG_GOALS; UN_SDG_INDICATORS; UN_SDG_METADATA; EUROSTAT_NACE; WJP_RULE_OF_LAW; VDEM; SOCIAL_VALUE_SROI,index_0_1,"Wert = gewichteter Kriterienindex von 0 bis 1; Kriterien, Gewichtung und Nachweis je WÖk-ID offenlegen.","AutoScore = ScoreByThreshold(Messwert, Schwellen='≥0,8:+3; 0,7–0,79:+2; 0,6–0,69:0; 0,5–0,59:‑2; <0,5:‑3', Polarity='higher_is_better', Archetype='higher_is_better_abs'). BenchmarkScore = ScoreByBenchmark(Messwert, BM, BM_150pct, BM_250pct). FinalScore = MIN(AutoScore, BenchmarkScore, RedLineScore). Tax_Rate = WUStG-Mapping(FinalScore).","≥0,8:+3; 0,7–0,79:+2; 0,6–0,69:0; 0,5–0,59:‑2; <0,5:‑3",0.645,0.9675,1.0,Nein,mittel: fachliche Plausibilisierung und Quellenprüfung,Quelle + Einheit + Systemgrenze + Zeitraum + Prüfnachweis; bei Datenlücke konservative Default-/Proxylogik markieren,public_research: operationalisierbar; empirische Benchmark-Kalibrierung erforderlich,public research; not official; formula-ready; benchmark calibration required; source mapped; exact disclosure missing
WOK-SYS-195,SYS / System,Mensch/Planet/Demokratie,Querschnitt,+ Technologie‑Verantwortung,-,Open Source/Standards,Open Source/Standards – Exposure,Umsatz in Hochrisikoländern,%,lower_is_better,lower_is_better_abs,threshold_numeric_and_benchmark,UN_SDG_GOALS; UN_SDG_INDICATORS; UN_SDG_METADATA; EUROSTAT_NACE; SOCIAL_VALUE_SROI,share_percent,Zähler: erfüllte / abgedeckte Fälle; Nenner: relevante Grundgesamtheit; Wert = Zähler / Nenner * 100.,"AutoScore = ScoreByThreshold(Messwert, Schwellen='≤5:+3; 6–10:+2; 11–20:0; 21–30:‑2; >30:‑3', Polarity='lower_is_better', Archetype='lower_is_better_abs'). BenchmarkScore = ScoreByBenchmark(Messwert, BM, BM_150pct, BM_250pct). FinalScore = MIN(AutoScore, BenchmarkScore, RedLineScore). Tax_Rate = WUStG-Mapping(FinalScore).",≤5:+3; 6–10:+2; 11–20:0; 21–30:‑2; >30:‑3,15.5,23.25,38.75,Nein,mittel: fachliche Plausibilisierung und Quellenprüfung,Quelle + Einheit + Systemgrenze + Zeitraum + Prüfnachweis; bei Datenlücke konservative Default-/Proxylogik markieren,public_research: operationalisierbar; empirische Benchmark-Kalibrierung erforderlich,public research; not official; formula-ready; benchmark calibration required; source mapped; exact disclosure missing
WOK-SYS-196,SYS / System,Mensch/Planet/Demokratie,Querschnitt,+ Technologie‑Verantwortung,-,Open Source/Standards,Open Source/Standards – Kooperationen,"aktive, evaluierte Partnerschaften/Jahr",#/Jahr,higher_is_better,higher_is_better_abs,threshold_numeric_and_benchmark,UN_SDG_GOALS; UN_SDG_INDICATORS; UN_SDG_METADATA; EUROSTAT_NACE; WJP_RULE_OF_LAW; VDEM; SOCIAL_VALUE_SROI,indicator_specific,"Wert gemäß definierter Messgröße; Zähler, Nenner, Einheit, Systemgrenze und Zeitraum je WÖk-ID dokumentieren.","AutoScore = ScoreByThreshold(Messwert, Schwellen='≥5:+3; 3–4:+2; 1–2:0; 0:‑2', Polarity='higher_is_better', Archetype='higher_is_better_abs'). BenchmarkScore = ScoreByBenchmark(Messwert, BM, BM_150pct, BM_250pct). FinalScore = MIN(AutoScore, BenchmarkScore, RedLineScore). Tax_Rate = WUStG-Mapping(FinalScore).",≥5:+3; 3–4:+2; 1–2:0; 0:‑2,1.5,2.25,3.75,Nein,mittel: fachliche Plausibilisierung und Quellenprüfung,Quelle + Einheit + Systemgrenze + Zeitraum + Prüfnachweis; bei Datenlücke konservative Default-/Proxylogik markieren,public_research: operationalisierbar; empirische Benchmark-Kalibrierung erforderlich,public research; not official; formula-ready; benchmark calibration required; source mapped; exact disclosure missing
WOK-SC-161,SC / Lieferkette,Mensch/Planet/Demokratie,Querschnitt,+ Technologie‑Verantwortung,-,Responsible Sourcing (Minerals),Responsible Sourcing (Minerals) – ESG‑Spend‑Coverage,Anteil verifizierter ESG‑Daten am Spend,%,higher_is_better,higher_is_better_pct,threshold_numeric_and_benchmark,UN_SDG_GOALS; UN_SDG_INDICATORS; UN_SDG_METADATA; EUROSTAT_NACE; EC_CSRD; EFRAG_ESRS_SET1; EFRAG_ESRS_IG; GRI_STANDARDS; GRI_DOWNLOAD,share_percent,Zähler: erfüllte / abgedeckte Fälle; Nenner: relevante Grundgesamtheit; Wert = Zähler / Nenner * 100.,"AutoScore = ScoreByThreshold(Messwert, Schwellen='≥90:+3; 70–89:+2; 50–69:0; 30–49:‑2; <30:‑3', Polarity='higher_is_better', Archetype='higher_is_better_pct'). BenchmarkScore = ScoreByBenchmark(Messwert, BM, BM_150pct, BM_250pct). FinalScore = MIN(AutoScore, BenchmarkScore, RedLineScore). Tax_Rate = WUStG-Mapping(FinalScore).",≥90:+3; 70–89:+2; 50–69:0; 30–49:‑2; <30:‑3,59.5,89.25,100.0,Nein,"mittel: limited assurance, später reasonable assurance je Relevanz",Quelle + Einheit + Systemgrenze + Zeitraum + Prüfnachweis; bei Datenlücke konservative Default-/Proxylogik markieren,public_research: operationalisierbar; empirische Benchmark-Kalibrierung erforderlich,public research; not official; formula-ready; benchmark calibration required; source mapped; exact disclosure missing
WOK-SC-162,SC / Lieferkette,Mensch/Planet/Demokratie,Arbeit & Fairness,+ Technologie‑Verantwortung,-,Responsible Sourcing (Minerals),Responsible Sourcing (Minerals) – Kinder/Zwangsarbeit,Audits ohne Verstöße,% Lieferanten,higher_is_better,higher_is_better_pct,threshold_numeric_and_benchmark,UN_SDG_GOALS; UN_SDG_INDICATORS; UN_SDG_METADATA; EUROSTAT_NACE; EC_CSRD; EFRAG_ESRS_SET1; EFRAG_ESRS_IG; GRI_STANDARDS; GRI_DOWNLOAD; OECD_RBC_DD,share_percent,Zähler: erfüllte / abgedeckte Fälle; Nenner: relevante Grundgesamtheit; Wert = Zähler / Nenner * 100.,"AutoScore = ScoreByThreshold(Messwert, Schwellen='≥98:+3; 90–97:+2; 75–89:0; 50–74:‑2; <50:‑3', Polarity='higher_is_better', Archetype='higher_is_better_pct'). BenchmarkScore = ScoreByBenchmark(Messwert, BM, BM_150pct, BM_250pct). FinalScore = MIN(AutoScore, BenchmarkScore, RedLineScore). Tax_Rate = WUStG-Mapping(FinalScore).",≥98:+3; 90–97:+2; 75–89:0; 50–74:‑2; <50:‑3,82.0,100.0,100.0,Ja,hoch: externe Prüfung / reasonable assurance für kritische Risiken,Quelle + Einheit + Systemgrenze + Zeitraum + Prüfnachweis; bei Datenlücke konservative Default-/Proxylogik markieren,public_research: operationalisierbar; empirische Benchmark-Kalibrierung erforderlich,public research; not official; formula-ready; benchmark calibration required; red line; source mapped; exact disclosure missing
WOK-SC-163,SC / Lieferkette,Mensch/Planet/Demokratie,Querschnitt,+ Technologie‑Verantwortung,-,Responsible Sourcing (Minerals),Responsible Sourcing (Minerals) – Scope‑3 Daten,Primärdaten‑Abdeckung,% Kategorien,higher_is_better,higher_is_better_pct,threshold_numeric_and_benchmark,UN_SDG_GOALS; UN_SDG_INDICATORS; UN_SDG_METADATA; EUROSTAT_NACE; EC_CSRD; EFRAG_ESRS_SET1; EFRAG_ESRS_IG; GHG_PROTOCOL_SCOPE3; GHG_PROTOCOL_PRODUCT; ISO_14064,share_percent,Zähler: erfüllte / abgedeckte Fälle; Nenner: relevante Grundgesamtheit; Wert = Zähler / Nenner * 100.,"AutoScore = ScoreByThreshold(Messwert, Schwellen='≥80:+3; 60–79:+2; 40–59:0; 20–39:‑2; <20:‑3', Polarity='higher_is_better', Archetype='higher_is_better_pct'). BenchmarkScore = ScoreByBenchmark(Messwert, BM, BM_150pct, BM_250pct). FinalScore = MIN(AutoScore, BenchmarkScore, RedLineScore). Tax_Rate = WUStG-Mapping(FinalScore).",≥80:+3; 60–79:+2; 40–59:0; 20–39:‑2; <20:‑3,49.5,74.25,100.0,Nein,"mittel: limited assurance, später reasonable assurance je Relevanz",Quelle + Einheit + Systemgrenze + Zeitraum + Prüfnachweis; bei Datenlücke konservative Default-/Proxylogik markieren,public_research: operationalisierbar; empirische Benchmark-Kalibrierung erforderlich,public research; not official; formula-ready; benchmark calibration required; source mapped; exact disclosure missing
WOK-P-131,P / Produkt,Mensch/Planet/Demokratie,Querschnitt,+ Technologie‑Verantwortung,-,Sichere/zugängliche Produkte,Sichere/zugängliche Produkte – PCF,CO₂‑Fußabdruck pro Einheit,kg CO₂e/Einheit,lower_is_better,lower_is_better_abs,benchmark_relative_calibration_required,UN_SDG_GOALS; UN_SDG_INDICATORS; UN_SDG_METADATA; EUROSTAT_NACE; EC_CSRD; EFRAG_ESRS_SET1; EFRAG_ESRS_IG; GRI_STANDARDS; GRI_DOWNLOAD; ISO_14067; GHG_PROTOCOL_PRODUCT; EU_WEEE; GERMANY_VERPACKG; PEF_EU,emission_intensity,"Wert = THG-Emissionen in CO₂e je funktionaler Einheit, Produktmenge, Umsatz oder Aktivität; Systemgrenze offenlegen.","AutoScore = ScoreByThreshold(Messwert, Schwellen='Top‑10%:+3; ±Benchmark:0; >150%:‑2; >250%:‑3', Polarity='lower_is_better', Archetype='lower_is_better_abs'). BenchmarkScore = ScoreByBenchmark(Messwert, BM, BM_150pct, BM_250pct). FinalScore = MIN(AutoScore, BenchmarkScore, RedLineScore). Tax_Rate = WUStG-Mapping(FinalScore).",Top‑10%:+3; ±Benchmark:0; >150%:‑2; >250%:‑3,1.0,1.5,2.5,Nein,"mittel: limited assurance, später reasonable assurance je Relevanz",Quelle + Einheit + Systemgrenze + Zeitraum + Prüfnachweis; bei Datenlücke konservative Default-/Proxylogik markieren,public_research: operationalisierbar; empirische Benchmark-Kalibrierung erforderlich,public research; not official; formula-ready; benchmark calibration required; source mapped; exact disclosure missing
WOK-P-132,P / Produkt,Mensch/Planet/Demokratie,Querschnitt,+ Technologie‑Verantwortung,-,Sichere/zugängliche Produkte,Sichere/zugängliche Produkte – Reparierbarkeit,Reparierbarkeitsindex,Score 0–10,higher_is_better,higher_is_better_score,threshold_numeric_and_benchmark,UN_SDG_GOALS; UN_SDG_INDICATORS; UN_SDG_METADATA; EUROSTAT_NACE; ISO_14067; GHG_PROTOCOL_PRODUCT; PEF_EU,index_0_1,"Wert = gewichteter Kriterienindex von 0 bis 1; Kriterien, Gewichtung und Nachweis je WÖk-ID offenlegen.","AutoScore = ScoreByThreshold(Messwert, Schwellen='≥8:+3; 6–7,9:+2; 4–5,9:0; 2–3,9:‑2; <2:‑3', Polarity='higher_is_better', Archetype='higher_is_better_score'). BenchmarkScore = ScoreByBenchmark(Messwert, BM, BM_150pct, BM_250pct). FinalScore = MIN(AutoScore, BenchmarkScore, RedLineScore). Tax_Rate = WUStG-Mapping(FinalScore).","≥8:+3; 6–7,9:+2; 4–5,9:0; 2–3,9:‑2; <2:‑3",4.95,1.0,1.0,Nein,"mittel: limited assurance, später reasonable assurance je Relevanz",Quelle + Einheit + Systemgrenze + Zeitraum + Prüfnachweis; bei Datenlücke konservative Default-/Proxylogik markieren,public_research: operationalisierbar; empirische Benchmark-Kalibrierung erforderlich,public research; not official; formula-ready; benchmark calibration required; source mapped; exact disclosure missing
WOK-P-133,P / Produkt,Mensch/Planet/Demokratie,Ressourcen & Kreislauf,+ Technologie‑Verantwortung,-,Sichere/zugängliche Produkte,Sichere/zugängliche Produkte – Rücknahme/Recycling,Rücknahme‑/Recyclingquote,%,higher_is_better,higher_is_better_pct,threshold_numeric_and_benchmark,UN_SDG_GOALS; UN_SDG_INDICATORS; UN_SDG_METADATA; EUROSTAT_NACE; EC_CSRD; EFRAG_ESRS_SET1; EFRAG_ESRS_IG; GRI_STANDARDS; GRI_DOWNLOAD; EU_WEEE; GERMANY_VERPACKG,share_percent,Zähler: erfüllte / abgedeckte Fälle; Nenner: relevante Grundgesamtheit; Wert = Zähler / Nenner * 100.,"AutoScore = ScoreByThreshold(Messwert, Schwellen='≥70:+3; 50–69:+2; 30–49:0; 15–29:‑2; <15:‑3', Polarity='higher_is_better', Archetype='higher_is_better_pct'). BenchmarkScore = ScoreByBenchmark(Messwert, BM, BM_150pct, BM_250pct). FinalScore = MIN(AutoScore, BenchmarkScore, RedLineScore). Tax_Rate = WUStG-Mapping(FinalScore).",≥70:+3; 50–69:+2; 30–49:0; 15–29:‑2; <15:‑3,39.5,59.25,98.75,Nein,"mittel: limited assurance, später reasonable assurance je Relevanz",Quelle + Einheit + Systemgrenze + Zeitraum + Prüfnachweis; bei Datenlücke konservative Default-/Proxylogik markieren,public_research: operationalisierbar; empirische Benchmark-Kalibrierung erforderlich,public research; not official; formula-ready; benchmark calibration required; source mapped; exact disclosure missing
WOK-SYS-197,SYS / System,Mensch/Planet/Demokratie,Querschnitt,+ Kooperationen/Systemwandel,-,SDG‑Partnerschaften,SDG‑Partnerschaften – Index,umsatzgewichteter Index (z. B. Demokratie/Rule of Law),0–1,higher_is_better,higher_is_better_abs,threshold_numeric_and_benchmark,UN_SDG_GOALS; UN_SDG_INDICATORS; UN_SDG_METADATA; EUROSTAT_NACE; WJP_RULE_OF_LAW; VDEM; SOCIAL_VALUE_SROI,index_0_1,"Wert = gewichteter Kriterienindex von 0 bis 1; Kriterien, Gewichtung und Nachweis je WÖk-ID offenlegen.","AutoScore = ScoreByThreshold(Messwert, Schwellen='≥0,8:+3; 0,7–0,79:+2; 0,6–0,69:0; 0,5–0,59:‑2; <0,5:‑3', Polarity='higher_is_better', Archetype='higher_is_better_abs'). BenchmarkScore = ScoreByBenchmark(Messwert, BM, BM_150pct, BM_250pct). FinalScore = MIN(AutoScore, BenchmarkScore, RedLineScore). Tax_Rate = WUStG-Mapping(FinalScore).","≥0,8:+3; 0,7–0,79:+2; 0,6–0,69:0; 0,5–0,59:‑2; <0,5:‑3",0.645,0.9675,1.0,Nein,mittel: fachliche Plausibilisierung und Quellenprüfung,Quelle + Einheit + Systemgrenze + Zeitraum + Prüfnachweis; bei Datenlücke konservative Default-/Proxylogik markieren,public_research: operationalisierbar; empirische Benchmark-Kalibrierung erforderlich,public research; not official; formula-ready; benchmark calibration required; source mapped; exact disclosure missing
WOK-SYS-198,SYS / System,Mensch/Planet/Demokratie,Querschnitt,+ Kooperationen/Systemwandel,-,SDG‑Partnerschaften,SDG‑Partnerschaften – Exposure,Umsatz in Hochrisikoländern,%,lower_is_better,lower_is_better_abs,threshold_numeric_and_benchmark,UN_SDG_GOALS; UN_SDG_INDICATORS; UN_SDG_METADATA; EUROSTAT_NACE; WJP_RULE_OF_LAW; VDEM; SOCIAL_VALUE_SROI,share_percent,Zähler: erfüllte / abgedeckte Fälle; Nenner: relevante Grundgesamtheit; Wert = Zähler / Nenner * 100.,"AutoScore = ScoreByThreshold(Messwert, Schwellen='≤5:+3; 6–10:+2; 11–20:0; 21–30:‑2; >30:‑3', Polarity='lower_is_better', Archetype='lower_is_better_abs'). BenchmarkScore = ScoreByBenchmark(Messwert, BM, BM_150pct, BM_250pct). FinalScore = MIN(AutoScore, BenchmarkScore, RedLineScore). Tax_Rate = WUStG-Mapping(FinalScore).",≤5:+3; 6–10:+2; 11–20:0; 21–30:‑2; >30:‑3,15.5,23.25,38.75,Nein,mittel: fachliche Plausibilisierung und Quellenprüfung,Quelle + Einheit + Systemgrenze + Zeitraum + Prüfnachweis; bei Datenlücke konservative Default-/Proxylogik markieren,public_research: operationalisierbar; empirische Benchmark-Kalibrierung erforderlich,public research; not official; formula-ready; benchmark calibration required; source mapped; exact disclosure missing
WOK-SYS-199,SYS / System,Mensch/Planet/Demokratie,Querschnitt,+ Kooperationen/Systemwandel,-,SDG‑Partnerschaften,SDG‑Partnerschaften – Kooperationen,"aktive, evaluierte Partnerschaften/Jahr",#/Jahr,higher_is_better,higher_is_better_abs,threshold_numeric_and_benchmark,UN_SDG_GOALS; UN_SDG_INDICATORS; UN_SDG_METADATA; EUROSTAT_NACE; WJP_RULE_OF_LAW; VDEM; SOCIAL_VALUE_SROI,indicator_specific,"Wert gemäß definierter Messgröße; Zähler, Nenner, Einheit, Systemgrenze und Zeitraum je WÖk-ID dokumentieren.","AutoScore = ScoreByThreshold(Messwert, Schwellen='≥5:+3; 3–4:+2; 1–2:0; 0:‑2', Polarity='higher_is_better', Archetype='higher_is_better_abs'). BenchmarkScore = ScoreByBenchmark(Messwert, BM, BM_150pct, BM_250pct). FinalScore = MIN(AutoScore, BenchmarkScore, RedLineScore). Tax_Rate = WUStG-Mapping(FinalScore).",≥5:+3; 3–4:+2; 1–2:0; 0:‑2,1.5,2.25,3.75,Nein,mittel: fachliche Plausibilisierung und Quellenprüfung,Quelle + Einheit + Systemgrenze + Zeitraum + Prüfnachweis; bei Datenlücke konservative Default-/Proxylogik markieren,public_research: operationalisierbar; empirische Benchmark-Kalibrierung erforderlich,public research; not official; formula-ready; benchmark calibration required; source mapped; exact disclosure missing
WOK-SYS-200,SYS / System,Mensch/Planet/Demokratie,Querschnitt,+ Kooperationen/Systemwandel,-,Open Data/XBRL,Open Data/XBRL – Index,umsatzgewichteter Index (z. B. Demokratie/Rule of Law),0–1,higher_is_better,higher_is_better_abs,threshold_numeric_and_benchmark,UN_SDG_GOALS; UN_SDG_INDICATORS; UN_SDG_METADATA; EUROSTAT_NACE; WJP_RULE_OF_LAW; VDEM; SOCIAL_VALUE_SROI,index_0_1,"Wert = gewichteter Kriterienindex von 0 bis 1; Kriterien, Gewichtung und Nachweis je WÖk-ID offenlegen.","AutoScore = ScoreByThreshold(Messwert, Schwellen='≥0,8:+3; 0,7–0,79:+2; 0,6–0,69:0; 0,5–0,59:‑2; <0,5:‑3', Polarity='higher_is_better', Archetype='higher_is_better_abs'). BenchmarkScore = ScoreByBenchmark(Messwert, BM, BM_150pct, BM_250pct). FinalScore = MIN(AutoScore, BenchmarkScore, RedLineScore). Tax_Rate = WUStG-Mapping(FinalScore).","≥0,8:+3; 0,7–0,79:+2; 0,6–0,69:0; 0,5–0,59:‑2; <0,5:‑3",0.645,0.9675,1.0,Nein,mittel: fachliche Plausibilisierung und Quellenprüfung,Quelle + Einheit + Systemgrenze + Zeitraum + Prüfnachweis; bei Datenlücke konservative Default-/Proxylogik markieren,public_research: operationalisierbar; empirische Benchmark-Kalibrierung erforderlich,public research; not official; formula-ready; benchmark calibration required; source mapped; exact disclosure missing
WOK-SYS-201,SYS / System,Mensch/Planet/Demokratie,Querschnitt,+ Kooperationen/Systemwandel,-,Open Data/XBRL,Open Data/XBRL – Exposure,Umsatz in Hochrisikoländern,%,lower_is_better,lower_is_better_abs,threshold_numeric_and_benchmark,UN_SDG_GOALS; UN_SDG_INDICATORS; UN_SDG_METADATA; EUROSTAT_NACE; WJP_RULE_OF_LAW; VDEM; SOCIAL_VALUE_SROI,share_percent,Zähler: erfüllte / abgedeckte Fälle; Nenner: relevante Grundgesamtheit; Wert = Zähler / Nenner * 100.,"AutoScore = ScoreByThreshold(Messwert, Schwellen='≤5:+3; 6–10:+2; 11–20:0; 21–30:‑2; >30:‑3', Polarity='lower_is_better', Archetype='lower_is_better_abs'). BenchmarkScore = ScoreByBenchmark(Messwert, BM, BM_150pct, BM_250pct). FinalScore = MIN(AutoScore, BenchmarkScore, RedLineScore). Tax_Rate = WUStG-Mapping(FinalScore).",≤5:+3; 6–10:+2; 11–20:0; 21–30:‑2; >30:‑3,15.5,23.25,38.75,Nein,mittel: fachliche Plausibilisierung und Quellenprüfung,Quelle + Einheit + Systemgrenze + Zeitraum + Prüfnachweis; bei Datenlücke konservative Default-/Proxylogik markieren,public_research: operationalisierbar; empirische Benchmark-Kalibrierung erforderlich,public research; not official; formula-ready; benchmark calibration required; source mapped; exact disclosure missing
WOK-SYS-202,SYS / System,Mensch/Planet/Demokratie,Querschnitt,+ Kooperationen/Systemwandel,-,Open Data/XBRL,Open Data/XBRL – Kooperationen,"aktive, evaluierte Partnerschaften/Jahr",#/Jahr,higher_is_better,higher_is_better_abs,threshold_numeric_and_benchmark,UN_SDG_GOALS; UN_SDG_INDICATORS; UN_SDG_METADATA; EUROSTAT_NACE; WJP_RULE_OF_LAW; VDEM; SOCIAL_VALUE_SROI,indicator_specific,"Wert gemäß definierter Messgröße; Zähler, Nenner, Einheit, Systemgrenze und Zeitraum je WÖk-ID dokumentieren.","AutoScore = ScoreByThreshold(Messwert, Schwellen='≥5:+3; 3–4:+2; 1–2:0; 0:‑2', Polarity='higher_is_better', Archetype='higher_is_better_abs'). BenchmarkScore = ScoreByBenchmark(Messwert, BM, BM_150pct, BM_250pct). FinalScore = MIN(AutoScore, BenchmarkScore, RedLineScore). Tax_Rate = WUStG-Mapping(FinalScore).",≥5:+3; 3–4:+2; 1–2:0; 0:‑2,1.5,2.25,3.75,Nein,mittel: fachliche Plausibilisierung und Quellenprüfung,Quelle + Einheit + Systemgrenze + Zeitraum + Prüfnachweis; bei Datenlücke konservative Default-/Proxylogik markieren,public_research: operationalisierbar; empirische Benchmark-Kalibrierung erforderlich,public research; not official; formula-ready; benchmark calibration required; source mapped; exact disclosure missing
WOK-G-236,G / Governance,Mensch/Planet/Demokratie,Governance & Demokratie,+ Kooperationen/Systemwandel,-,Mehr‑Stakeholder‑Boards,Mehr‑Stakeholder‑Boards – Antikorruption,Bestätigte Fälle/1.000 FTE,Fälle/1.000 FTE,lower_is_better,near_zero_better,threshold_numeric_and_benchmark,UN_SDG_GOALS; UN_SDG_INDICATORS; UN_SDG_METADATA; EUROSTAT_NACE; EC_CSRD; EFRAG_ESRS_SET1; EFRAG_ESRS_IG; GRI_STANDARDS; GRI_DOWNLOAD; OECD_ANTI_BRIBERY,lower_is_better_metric,"Wert = gemessene Belastung, Risiko- oder Intensitätskennzahl je funktionaler Einheit; niedriger ist besser.","AutoScore = ScoreByThreshold(Messwert, Schwellen='0:+3; ≤0,2:+2; ≤0,5:0; ≤1:‑2; >1:‑3', Polarity='lower_is_better', Archetype='near_zero_better'). BenchmarkScore = ScoreByBenchmark(Messwert, BM, BM_150pct, BM_250pct). FinalScore = MIN(AutoScore, BenchmarkScore, RedLineScore). Tax_Rate = WUStG-Mapping(FinalScore).","0:+3; ≤0,2:+2; ≤0,5:0; ≤1:‑2; >1:‑3",0.5,0.75,1.25,Ja,hoch: externe Prüfung / reasonable assurance für kritische Risiken,Quelle + Einheit + Systemgrenze + Zeitraum + Prüfnachweis; bei Datenlücke konservative Default-/Proxylogik markieren,public_research: operationalisierbar; empirische Benchmark-Kalibrierung erforderlich,public research; not official; formula-ready; benchmark calibration required; red line; source mapped; exact disclosure missing
WOK-G-237,G / Governance,Mensch/Planet/Demokratie,Querschnitt,+ Kooperationen/Systemwandel,-,Mehr‑Stakeholder‑Boards,Mehr‑Stakeholder‑Boards – Whistleblowing,Wirksamkeits‑Score,0–1,higher_is_better,higher_is_better_abs,threshold_numeric_and_benchmark,UN_SDG_GOALS; UN_SDG_INDICATORS; UN_SDG_METADATA; EUROSTAT_NACE; EC_CSRD; EFRAG_ESRS_SET1; EFRAG_ESRS_IG; GRI_STANDARDS; GRI_DOWNLOAD; OECD_ANTI_BRIBERY,index_0_1,"Wert = gewichteter Kriterienindex von 0 bis 1; Kriterien, Gewichtung und Nachweis je WÖk-ID offenlegen.","AutoScore = ScoreByThreshold(Messwert, Schwellen='≥0,9:+3; 0,75–0,89:+2; 0,6–0,74:0; 0,4–0,59:‑2; <0,4:‑3', Polarity='higher_is_better', Archetype='higher_is_better_abs'). BenchmarkScore = ScoreByBenchmark(Messwert, BM, BM_150pct, BM_250pct). FinalScore = MIN(AutoScore, BenchmarkScore, RedLineScore). Tax_Rate = WUStG-Mapping(FinalScore).","≥0,9:+3; 0,75–0,89:+2; 0,6–0,74:0; 0,4–0,59:‑2; <0,4:‑3",0.6699999999999999,1.0,1.0,Ja,hoch: externe Prüfung / reasonable assurance für kritische Risiken,Quelle + Einheit + Systemgrenze + Zeitraum + Prüfnachweis; bei Datenlücke konservative Default-/Proxylogik markieren,public_research: operationalisierbar; empirische Benchmark-Kalibrierung erforderlich,public research; not official; formula-ready; benchmark calibration required; red line; source mapped; exact disclosure missing
WOK-G-238,G / Governance,Mensch/Planet/Demokratie,Governance & Demokratie,+ Kooperationen/Systemwandel,-,Mehr‑Stakeholder‑Boards,Mehr‑Stakeholder‑Boards – Steuertransparenz,CbCR‑Offenlegung,0–1,higher_is_better,higher_is_better_abs,qualitative_ordinal,UN_SDG_GOALS; UN_SDG_INDICATORS; UN_SDG_METADATA; EUROSTAT_NACE; EC_CSRD; EFRAG_ESRS_SET1; EFRAG_ESRS_IG; GRI_STANDARDS; GRI_DOWNLOAD; OECD_ANTI_BRIBERY,index_0_1,"Wert = gewichteter Kriterienindex von 0 bis 1; Kriterien, Gewichtung und Nachweis je WÖk-ID offenlegen.","AutoScore = ScoreByThreshold(Messwert, Schwellen='vollständig:+3; teilweise:+2; minimal:0; schlecht:‑2', Polarity='higher_is_better', Archetype='higher_is_better_abs'). BenchmarkScore = ScoreByBenchmark(Messwert, BM, BM_150pct, BM_250pct). FinalScore = MIN(AutoScore, BenchmarkScore, RedLineScore). Tax_Rate = WUStG-Mapping(FinalScore).",vollständig:+3; teilweise:+2; minimal:0; schlecht:‑2,0.5,0.75,0.9,Ja,hoch: externe Prüfung / reasonable assurance für kritische Risiken,Quelle + Einheit + Systemgrenze + Zeitraum + Prüfnachweis; bei Datenlücke konservative Default-/Proxylogik markieren,public_research: operationalisierbar; empirische Benchmark-Kalibrierung erforderlich,public research; not official; formula-ready; qualitative review required; red line; source mapped; exact disclosure missing
WOK-SC-164,SC / Lieferkette,Mensch/Planet/Demokratie,Querschnitt,+ Kooperationen/Systemwandel,-,Gemeinsame Due Diligence,Gemeinsame Due Diligence – ESG‑Spend‑Coverage,Anteil verifizierter ESG‑Daten am Spend,%,higher_is_better,higher_is_better_pct,threshold_numeric_and_benchmark,UN_SDG_GOALS; UN_SDG_INDICATORS; UN_SDG_METADATA; EUROSTAT_NACE; EC_CSRD; EFRAG_ESRS_SET1; EFRAG_ESRS_IG; GRI_STANDARDS; GRI_DOWNLOAD; OECD_RBC_DD,share_percent,Zähler: erfüllte / abgedeckte Fälle; Nenner: relevante Grundgesamtheit; Wert = Zähler / Nenner * 100.,"AutoScore = ScoreByThreshold(Messwert, Schwellen='≥90:+3; 70–89:+2; 50–69:0; 30–49:‑2; <30:‑3', Polarity='higher_is_better', Archetype='higher_is_better_pct'). BenchmarkScore = ScoreByBenchmark(Messwert, BM, BM_150pct, BM_250pct). FinalScore = MIN(AutoScore, BenchmarkScore, RedLineScore). Tax_Rate = WUStG-Mapping(FinalScore).",≥90:+3; 70–89:+2; 50–69:0; 30–49:‑2; <30:‑3,59.5,89.25,100.0,Nein,"mittel: limited assurance, später reasonable assurance je Relevanz",Quelle + Einheit + Systemgrenze + Zeitraum + Prüfnachweis; bei Datenlücke konservative Default-/Proxylogik markieren,public_research: operationalisierbar; empirische Benchmark-Kalibrierung erforderlich,public research; not official; formula-ready; benchmark calibration required; source mapped; exact disclosure missing
WOK-SC-165,SC / Lieferkette,Mensch/Planet/Demokratie,Arbeit & Fairness,+ Kooperationen/Systemwandel,-,Gemeinsame Due Diligence,Gemeinsame Due Diligence – Kinder/Zwangsarbeit,Audits ohne Verstöße,% Lieferanten,higher_is_better,higher_is_better_pct,threshold_numeric_and_benchmark,UN_SDG_GOALS; UN_SDG_INDICATORS; UN_SDG_METADATA; EUROSTAT_NACE; EC_CSRD; EFRAG_ESRS_SET1; EFRAG_ESRS_IG; GRI_STANDARDS; GRI_DOWNLOAD; OECD_RBC_DD,share_percent,Zähler: erfüllte / abgedeckte Fälle; Nenner: relevante Grundgesamtheit; Wert = Zähler / Nenner * 100.,"AutoScore = ScoreByThreshold(Messwert, Schwellen='≥98:+3; 90–97:+2; 75–89:0; 50–74:‑2; <50:‑3', Polarity='higher_is_better', Archetype='higher_is_better_pct'). BenchmarkScore = ScoreByBenchmark(Messwert, BM, BM_150pct, BM_250pct). FinalScore = MIN(AutoScore, BenchmarkScore, RedLineScore). Tax_Rate = WUStG-Mapping(FinalScore).",≥98:+3; 90–97:+2; 75–89:0; 50–74:‑2; <50:‑3,82.0,100.0,100.0,Ja,hoch: externe Prüfung / reasonable assurance für kritische Risiken,Quelle + Einheit + Systemgrenze + Zeitraum + Prüfnachweis; bei Datenlücke konservative Default-/Proxylogik markieren,public_research: operationalisierbar; empirische Benchmark-Kalibrierung erforderlich,public research; not official; formula-ready; benchmark calibration required; red line; source mapped; exact disclosure missing
WOK-SC-166,SC / Lieferkette,Mensch/Planet/Demokratie,Querschnitt,+ Kooperationen/Systemwandel,-,Gemeinsame Due Diligence,Gemeinsame Due Diligence – Scope‑3 Daten,Primärdaten‑Abdeckung,% Kategorien,higher_is_better,higher_is_better_pct,threshold_numeric_and_benchmark,UN_SDG_GOALS; UN_SDG_INDICATORS; UN_SDG_METADATA; EUROSTAT_NACE; EC_CSRD; EFRAG_ESRS_SET1; EFRAG_ESRS_IG; GHG_PROTOCOL_SCOPE3; GHG_PROTOCOL_PRODUCT; ISO_14064,share_percent,Zähler: erfüllte / abgedeckte Fälle; Nenner: relevante Grundgesamtheit; Wert = Zähler / Nenner * 100.,"AutoScore = ScoreByThreshold(Messwert, Schwellen='≥80:+3; 60–79:+2; 40–59:0; 20–39:‑2; <20:‑3', Polarity='higher_is_better', Archetype='higher_is_better_pct'). BenchmarkScore = ScoreByBenchmark(Messwert, BM, BM_150pct, BM_250pct). FinalScore = MIN(AutoScore, BenchmarkScore, RedLineScore). Tax_Rate = WUStG-Mapping(FinalScore).",≥80:+3; 60–79:+2; 40–59:0; 20–39:‑2; <20:‑3,49.5,74.25,100.0,Nein,"mittel: limited assurance, später reasonable assurance je Relevanz",Quelle + Einheit + Systemgrenze + Zeitraum + Prüfnachweis; bei Datenlücke konservative Default-/Proxylogik markieren,public_research: operationalisierbar; empirische Benchmark-Kalibrierung erforderlich,public research; not official; formula-ready; benchmark calibration required; source mapped; exact disclosure missing
WOK-E-227,E / Umwelt,Mensch/Planet/Demokratie,Querschnitt,+ Kooperationen/Systemwandel,-,Branchen‑Dekarbonisierungs‑Initiativen,Branchen‑Dekarbonisierungs‑Initiativen – EE‑Anteil,Anteil erneuerbarer Energien am Strombezug,%,higher_is_better,higher_is_better_pct,threshold_numeric_and_benchmark,UN_SDG_GOALS; UN_SDG_INDICATORS; UN_SDG_METADATA; EUROSTAT_NACE; EC_CSRD; EFRAG_ESRS_SET1; EFRAG_ESRS_IG; GHG_PROTOCOL_SCOPE3; GHG_PROTOCOL_PRODUCT; ISO_50001; ISO_IEC_30134; EU_EPBD,share_percent,Zähler: erfüllte / abgedeckte Fälle; Nenner: relevante Grundgesamtheit; Wert = Zähler / Nenner * 100.,"AutoScore = ScoreByThreshold(Messwert, Schwellen='≥90%:+3; 70–89%:+2; 50–69%:0; 30–49%:‑2; <30%:‑3', Polarity='higher_is_better', Archetype='higher_is_better_pct'). BenchmarkScore = ScoreByBenchmark(Messwert, BM, BM_150pct, BM_250pct). FinalScore = MIN(AutoScore, BenchmarkScore, RedLineScore). Tax_Rate = WUStG-Mapping(FinalScore).",≥90%:+3; 70–89%:+2; 50–69%:0; 30–49%:‑2; <30%:‑3,50.0,75.0,100.0,Nein,"mittel: limited assurance, später reasonable assurance je Relevanz",Quelle + Einheit + Systemgrenze + Zeitraum + Prüfnachweis; bei Datenlücke konservative Default-/Proxylogik markieren,public_research: strukturell vollständig; wissenschaftliche Validierung empfohlen,public research; not official; formula-ready; benchmark calibration required; source mapped; exact disclosure missing
WOK-E-228,E / Umwelt,Mensch/Planet/Demokratie,Querschnitt,+ Kooperationen/Systemwandel,-,Branchen‑Dekarbonisierungs‑Initiativen,Branchen‑Dekarbonisierungs‑Initiativen – Intensität,Energie je Output/Umsatz,kWh/€ Mio bzw. kWh/t,lower_is_better,lower_is_better_abs,benchmark_relative_calibration_required,UN_SDG_GOALS; UN_SDG_INDICATORS; UN_SDG_METADATA; EUROSTAT_NACE; EC_CSRD; EFRAG_ESRS_SET1; EFRAG_ESRS_IG; GHG_PROTOCOL_SCOPE3; GHG_PROTOCOL_PRODUCT; ISO_50001; ISO_IEC_30134; EU_EPBD,lower_is_better_metric,"Wert = gemessene Belastung, Risiko- oder Intensitätskennzahl je funktionaler Einheit; niedriger ist besser.","AutoScore = ScoreByThreshold(Messwert, Schwellen='Top‑10%:+3; Mittel:0; >150%:‑2; >250%:‑3', Polarity='lower_is_better', Archetype='lower_is_better_abs'). BenchmarkScore = ScoreByBenchmark(Messwert, BM, BM_150pct, BM_250pct). FinalScore = MIN(AutoScore, BenchmarkScore, RedLineScore). Tax_Rate = WUStG-Mapping(FinalScore).",Top‑10%:+3; Mittel:0; >150%:‑2; >250%:‑3,1.0,1.5,2.5,Nein,"mittel: limited assurance, später reasonable assurance je Relevanz",Quelle + Einheit + Systemgrenze + Zeitraum + Prüfnachweis; bei Datenlücke konservative Default-/Proxylogik markieren,public_research: operationalisierbar; empirische Benchmark-Kalibrierung erforderlich,public research; not official; formula-ready; benchmark calibration required; source mapped; exact disclosure missing
WOK-E-229,E / Umwelt,Mensch/Planet/Demokratie,Querschnitt,+ Kooperationen/Systemwandel,-,Branchen‑Dekarbonisierungs‑Initiativen,Branchen‑Dekarbonisierungs‑Initiativen – Effizienz (PUE)*,Effizienz Rechenzentrum/IT‑Betrieb (falls zutreffend),PUE,lower_is_better,pue,threshold_numeric_and_benchmark,UN_SDG_GOALS; UN_SDG_INDICATORS; UN_SDG_METADATA; EUROSTAT_NACE; EC_CSRD; EFRAG_ESRS_SET1; EFRAG_ESRS_IG; ISO_14067; GHG_PROTOCOL_PRODUCT; ISO_50001; ISO_IEC_30134; ISO_IEC_27701; EU_EPBD,pue,PUE = Gesamtenergie Rechenzentrum / IT-Energie; Klimazone und Messzeitraum offenlegen.,"AutoScore = ScoreByThreshold(Messwert, Schwellen='≤1,2:+3; 1,21–1,4:+2; 1,41–1,6:0; 1,61–1,8:‑2; >1,8:‑3', Polarity='lower_is_better', Archetype='pue'). BenchmarkScore = ScoreByBenchmark(Messwert, BM, BM_150pct, BM_250pct). FinalScore = MIN(AutoScore, BenchmarkScore, RedLineScore). Tax_Rate = WUStG-Mapping(FinalScore).","≤1,2:+3; 1,21–1,4:+2; 1,41–1,6:0; 1,61–1,8:‑2; >1,8:‑3",1.505,2.2575,3.7625,Nein,"mittel: limited assurance, später reasonable assurance je Relevanz",Quelle + Einheit + Systemgrenze + Zeitraum + Prüfnachweis; bei Datenlücke konservative Default-/Proxylogik markieren,public_research: operationalisierbar; empirische Benchmark-Kalibrierung erforderlich,public research; not official; formula-ready; benchmark calibration required; source mapped; exact disclosure missing
WOK-P-134,P / Produkt,Mensch/Planet/Demokratie,Querschnitt,+ Kooperationen/Systemwandel,-,Interoperabilität/Standards,Interoperabilität/Standards – PCF,CO₂‑Fußabdruck pro Einheit,kg CO₂e/Einheit,lower_is_better,lower_is_better_abs,benchmark_relative_calibration_required,UN_SDG_GOALS; UN_SDG_INDICATORS; UN_SDG_METADATA; EUROSTAT_NACE; EC_CSRD; EFRAG_ESRS_SET1; EFRAG_ESRS_IG; GRI_STANDARDS; GRI_DOWNLOAD; ISO_14067; GHG_PROTOCOL_PRODUCT; EU_WEEE; GERMANY_VERPACKG; PEF_EU,emission_intensity,"Wert = THG-Emissionen in CO₂e je funktionaler Einheit, Produktmenge, Umsatz oder Aktivität; Systemgrenze offenlegen.","AutoScore = ScoreByThreshold(Messwert, Schwellen='Top‑10%:+3; ±Benchmark:0; >150%:‑2; >250%:‑3', Polarity='lower_is_better', Archetype='lower_is_better_abs'). BenchmarkScore = ScoreByBenchmark(Messwert, BM, BM_150pct, BM_250pct). FinalScore = MIN(AutoScore, BenchmarkScore, RedLineScore). Tax_Rate = WUStG-Mapping(FinalScore).",Top‑10%:+3; ±Benchmark:0; >150%:‑2; >250%:‑3,1.0,1.5,2.5,Nein,"mittel: limited assurance, später reasonable assurance je Relevanz",Quelle + Einheit + Systemgrenze + Zeitraum + Prüfnachweis; bei Datenlücke konservative Default-/Proxylogik markieren,public_research: operationalisierbar; empirische Benchmark-Kalibrierung erforderlich,public research; not official; formula-ready; benchmark calibration required; source mapped; exact disclosure missing
WOK-P-135,P / Produkt,Mensch/Planet/Demokratie,Querschnitt,+ Kooperationen/Systemwandel,-,Interoperabilität/Standards,Interoperabilität/Standards – Reparierbarkeit,Reparierbarkeitsindex,Score 0–10,higher_is_better,higher_is_better_score,threshold_numeric_and_benchmark,UN_SDG_GOALS; UN_SDG_INDICATORS; UN_SDG_METADATA; EUROSTAT_NACE; ISO_14067; GHG_PROTOCOL_PRODUCT; PEF_EU,index_0_1,"Wert = gewichteter Kriterienindex von 0 bis 1; Kriterien, Gewichtung und Nachweis je WÖk-ID offenlegen.","AutoScore = ScoreByThreshold(Messwert, Schwellen='≥8:+3; 6–7,9:+2; 4–5,9:0; 2–3,9:‑2; <2:‑3', Polarity='higher_is_better', Archetype='higher_is_better_score'). BenchmarkScore = ScoreByBenchmark(Messwert, BM, BM_150pct, BM_250pct). FinalScore = MIN(AutoScore, BenchmarkScore, RedLineScore). Tax_Rate = WUStG-Mapping(FinalScore).","≥8:+3; 6–7,9:+2; 4–5,9:0; 2–3,9:‑2; <2:‑3",4.95,1.0,1.0,Nein,"mittel: limited assurance, später reasonable assurance je Relevanz",Quelle + Einheit + Systemgrenze + Zeitraum + Prüfnachweis; bei Datenlücke konservative Default-/Proxylogik markieren,public_research: operationalisierbar; empirische Benchmark-Kalibrierung erforderlich,public research; not official; formula-ready; benchmark calibration required; source mapped; exact disclosure missing
WOK-P-136,P / Produkt,Mensch/Planet/Demokratie,Ressourcen & Kreislauf,+ Kooperationen/Systemwandel,-,Interoperabilität/Standards,Interoperabilität/Standards – Rücknahme/Recycling,Rücknahme‑/Recyclingquote,%,higher_is_better,higher_is_better_pct,threshold_numeric_and_benchmark,UN_SDG_GOALS; UN_SDG_INDICATORS; UN_SDG_METADATA; EUROSTAT_NACE; EC_CSRD; EFRAG_ESRS_SET1; EFRAG_ESRS_IG; GRI_STANDARDS; GRI_DOWNLOAD; EU_WEEE; GERMANY_VERPACKG,share_percent,Zähler: erfüllte / abgedeckte Fälle; Nenner: relevante Grundgesamtheit; Wert = Zähler / Nenner * 100.,"AutoScore = ScoreByThreshold(Messwert, Schwellen='≥70:+3; 50–69:+2; 30–49:0; 15–29:‑2; <15:‑3', Polarity='higher_is_better', Archetype='higher_is_better_pct'). BenchmarkScore = ScoreByBenchmark(Messwert, BM, BM_150pct, BM_250pct). FinalScore = MIN(AutoScore, BenchmarkScore, RedLineScore). Tax_Rate = WUStG-Mapping(FinalScore).",≥70:+3; 50–69:+2; 30–49:0; 15–29:‑2; <15:‑3,39.5,59.25,98.75,Nein,"mittel: limited assurance, später reasonable assurance je Relevanz",Quelle + Einheit + Systemgrenze + Zeitraum + Prüfnachweis; bei Datenlücke konservative Default-/Proxylogik markieren,public_research: operationalisierbar; empirische Benchmark-Kalibrierung erforderlich,public research; not official; formula-ready; benchmark calibration required; source mapped; exact disclosure missing
WOK-SYS-203,SYS / System,Mensch/Planet/Demokratie,Querschnitt,+ Kultur,-,Kulturelle Teilhabe,Kulturelle Teilhabe – Index,umsatzgewichteter Index (z. B. Demokratie/Rule of Law),0–1,higher_is_better,higher_is_better_abs,threshold_numeric_and_benchmark,UN_SDG_GOALS; UN_SDG_INDICATORS; UN_SDG_METADATA; EUROSTAT_NACE; WJP_RULE_OF_LAW; VDEM; SOCIAL_VALUE_SROI,index_0_1,"Wert = gewichteter Kriterienindex von 0 bis 1; Kriterien, Gewichtung und Nachweis je WÖk-ID offenlegen.","AutoScore = ScoreByThreshold(Messwert, Schwellen='≥0,8:+3; 0,7–0,79:+2; 0,6–0,69:0; 0,5–0,59:‑2; <0,5:‑3', Polarity='higher_is_better', Archetype='higher_is_better_abs'). BenchmarkScore = ScoreByBenchmark(Messwert, BM, BM_150pct, BM_250pct). FinalScore = MIN(AutoScore, BenchmarkScore, RedLineScore). Tax_Rate = WUStG-Mapping(FinalScore).","≥0,8:+3; 0,7–0,79:+2; 0,6–0,69:0; 0,5–0,59:‑2; <0,5:‑3",0.645,0.9675,1.0,Nein,mittel: fachliche Plausibilisierung und Quellenprüfung,Quelle + Einheit + Systemgrenze + Zeitraum + Prüfnachweis; bei Datenlücke konservative Default-/Proxylogik markieren,public_research: operationalisierbar; empirische Benchmark-Kalibrierung erforderlich,public research; not official; formula-ready; benchmark calibration required; source mapped; exact disclosure missing
WOK-SYS-204,SYS / System,Mensch/Planet/Demokratie,Querschnitt,+ Kultur,-,Kulturelle Teilhabe,Kulturelle Teilhabe – Exposure,Umsatz in Hochrisikoländern,%,lower_is_better,lower_is_better_abs,threshold_numeric_and_benchmark,UN_SDG_GOALS; UN_SDG_INDICATORS; UN_SDG_METADATA; EUROSTAT_NACE; SOCIAL_VALUE_SROI,share_percent,Zähler: erfüllte / abgedeckte Fälle; Nenner: relevante Grundgesamtheit; Wert = Zähler / Nenner * 100.,"AutoScore = ScoreByThreshold(Messwert, Schwellen='≤5:+3; 6–10:+2; 11–20:0; 21–30:‑2; >30:‑3', Polarity='lower_is_better', Archetype='lower_is_better_abs'). BenchmarkScore = ScoreByBenchmark(Messwert, BM, BM_150pct, BM_250pct). FinalScore = MIN(AutoScore, BenchmarkScore, RedLineScore). Tax_Rate = WUStG-Mapping(FinalScore).",≤5:+3; 6–10:+2; 11–20:0; 21–30:‑2; >30:‑3,15.5,23.25,38.75,Nein,mittel: fachliche Plausibilisierung und Quellenprüfung,Quelle + Einheit + Systemgrenze + Zeitraum + Prüfnachweis; bei Datenlücke konservative Default-/Proxylogik markieren,public_research: operationalisierbar; empirische Benchmark-Kalibrierung erforderlich,public research; not official; formula-ready; benchmark calibration required; source mapped; exact disclosure missing
WOK-SYS-205,SYS / System,Mensch/Planet/Demokratie,Querschnitt,+ Kultur,-,Kulturelle Teilhabe,Kulturelle Teilhabe – Kooperationen,"aktive, evaluierte Partnerschaften/Jahr",#/Jahr,higher_is_better,higher_is_better_abs,threshold_numeric_and_benchmark,UN_SDG_GOALS; UN_SDG_INDICATORS; UN_SDG_METADATA; EUROSTAT_NACE; WJP_RULE_OF_LAW; VDEM; SOCIAL_VALUE_SROI,indicator_specific,"Wert gemäß definierter Messgröße; Zähler, Nenner, Einheit, Systemgrenze und Zeitraum je WÖk-ID dokumentieren.","AutoScore = ScoreByThreshold(Messwert, Schwellen='≥5:+3; 3–4:+2; 1–2:0; 0:‑2', Polarity='higher_is_better', Archetype='higher_is_better_abs'). BenchmarkScore = ScoreByBenchmark(Messwert, BM, BM_150pct, BM_250pct). FinalScore = MIN(AutoScore, BenchmarkScore, RedLineScore). Tax_Rate = WUStG-Mapping(FinalScore).",≥5:+3; 3–4:+2; 1–2:0; 0:‑2,1.5,2.25,3.75,Nein,mittel: fachliche Plausibilisierung und Quellenprüfung,Quelle + Einheit + Systemgrenze + Zeitraum + Prüfnachweis; bei Datenlücke konservative Default-/Proxylogik markieren,public_research: operationalisierbar; empirische Benchmark-Kalibrierung erforderlich,public research; not official; formula-ready; benchmark calibration required; source mapped; exact disclosure missing
WOK-SYS-206,SYS / System,Mensch/Planet/Demokratie,Querschnitt,+ Kultur,-,Vielfalt im Programm,Vielfalt im Programm – Index,umsatzgewichteter Index (z. B. Demokratie/Rule of Law),0–1,higher_is_better,higher_is_better_abs,threshold_numeric_and_benchmark,UN_SDG_GOALS; UN_SDG_INDICATORS; UN_SDG_METADATA; EUROSTAT_NACE; WJP_RULE_OF_LAW; VDEM; SOCIAL_VALUE_SROI,index_0_1,"Wert = gewichteter Kriterienindex von 0 bis 1; Kriterien, Gewichtung und Nachweis je WÖk-ID offenlegen.","AutoScore = ScoreByThreshold(Messwert, Schwellen='≥0,8:+3; 0,7–0,79:+2; 0,6–0,69:0; 0,5–0,59:‑2; <0,5:‑3', Polarity='higher_is_better', Archetype='higher_is_better_abs'). BenchmarkScore = ScoreByBenchmark(Messwert, BM, BM_150pct, BM_250pct). FinalScore = MIN(AutoScore, BenchmarkScore, RedLineScore). Tax_Rate = WUStG-Mapping(FinalScore).","≥0,8:+3; 0,7–0,79:+2; 0,6–0,69:0; 0,5–0,59:‑2; <0,5:‑3",0.645,0.9675,1.0,Nein,mittel: fachliche Plausibilisierung und Quellenprüfung,Quelle + Einheit + Systemgrenze + Zeitraum + Prüfnachweis; bei Datenlücke konservative Default-/Proxylogik markieren,public_research: operationalisierbar; empirische Benchmark-Kalibrierung erforderlich,public research; not official; formula-ready; benchmark calibration required; source mapped; exact disclosure missing
WOK-SYS-207,SYS / System,Mensch/Planet/Demokratie,Querschnitt,+ Kultur,-,Vielfalt im Programm,Vielfalt im Programm – Exposure,Umsatz in Hochrisikoländern,%,lower_is_better,lower_is_better_abs,threshold_numeric_and_benchmark,UN_SDG_GOALS; UN_SDG_INDICATORS; UN_SDG_METADATA; EUROSTAT_NACE; SOCIAL_VALUE_SROI,share_percent,Zähler: erfüllte / abgedeckte Fälle; Nenner: relevante Grundgesamtheit; Wert = Zähler / Nenner * 100.,"AutoScore = ScoreByThreshold(Messwert, Schwellen='≤5:+3; 6–10:+2; 11–20:0; 21–30:‑2; >30:‑3', Polarity='lower_is_better', Archetype='lower_is_better_abs'). BenchmarkScore = ScoreByBenchmark(Messwert, BM, BM_150pct, BM_250pct). FinalScore = MIN(AutoScore, BenchmarkScore, RedLineScore). Tax_Rate = WUStG-Mapping(FinalScore).",≤5:+3; 6–10:+2; 11–20:0; 21–30:‑2; >30:‑3,15.5,23.25,38.75,Nein,mittel: fachliche Plausibilisierung und Quellenprüfung,Quelle + Einheit + Systemgrenze + Zeitraum + Prüfnachweis; bei Datenlücke konservative Default-/Proxylogik markieren,public_research: operationalisierbar; empirische Benchmark-Kalibrierung erforderlich,public research; not official; formula-ready; benchmark calibration required; source mapped; exact disclosure missing
WOK-SYS-208,SYS / System,Mensch/Planet/Demokratie,Querschnitt,+ Kultur,-,Vielfalt im Programm,Vielfalt im Programm – Kooperationen,"aktive, evaluierte Partnerschaften/Jahr",#/Jahr,higher_is_better,higher_is_better_abs,threshold_numeric_and_benchmark,UN_SDG_GOALS; UN_SDG_INDICATORS; UN_SDG_METADATA; EUROSTAT_NACE; WJP_RULE_OF_LAW; VDEM; SOCIAL_VALUE_SROI,indicator_specific,"Wert gemäß definierter Messgröße; Zähler, Nenner, Einheit, Systemgrenze und Zeitraum je WÖk-ID dokumentieren.","AutoScore = ScoreByThreshold(Messwert, Schwellen='≥5:+3; 3–4:+2; 1–2:0; 0:‑2', Polarity='higher_is_better', Archetype='higher_is_better_abs'). BenchmarkScore = ScoreByBenchmark(Messwert, BM, BM_150pct, BM_250pct). FinalScore = MIN(AutoScore, BenchmarkScore, RedLineScore). Tax_Rate = WUStG-Mapping(FinalScore).",≥5:+3; 3–4:+2; 1–2:0; 0:‑2,1.5,2.25,3.75,Nein,mittel: fachliche Plausibilisierung und Quellenprüfung,Quelle + Einheit + Systemgrenze + Zeitraum + Prüfnachweis; bei Datenlücke konservative Default-/Proxylogik markieren,public_research: operationalisierbar; empirische Benchmark-Kalibrierung erforderlich,public research; not official; formula-ready; benchmark calibration required; source mapped; exact disclosure missing
WOK-G-239,G / Governance,Demokratie,Governance & Demokratie,+ Kultur,-,Governance Kulturinstitutionen,Governance Kulturinstitutionen – Antikorruption,Bestätigte Fälle/1.000 FTE,Fälle/1.000 FTE,lower_is_better,near_zero_better,threshold_numeric_and_benchmark,UN_SDG_GOALS; UN_SDG_INDICATORS; UN_SDG_METADATA; EUROSTAT_NACE; EC_CSRD; EFRAG_ESRS_SET1; EFRAG_ESRS_IG; GRI_STANDARDS; GRI_DOWNLOAD; OECD_ANTI_BRIBERY,lower_is_better_metric,"Wert = gemessene Belastung, Risiko- oder Intensitätskennzahl je funktionaler Einheit; niedriger ist besser.","AutoScore = ScoreByThreshold(Messwert, Schwellen='0:+3; ≤0,2:+2; ≤0,5:0; ≤1:‑2; >1:‑3', Polarity='lower_is_better', Archetype='near_zero_better'). BenchmarkScore = ScoreByBenchmark(Messwert, BM, BM_150pct, BM_250pct). FinalScore = MIN(AutoScore, BenchmarkScore, RedLineScore). Tax_Rate = WUStG-Mapping(FinalScore).","0:+3; ≤0,2:+2; ≤0,5:0; ≤1:‑2; >1:‑3",0.5,0.75,1.25,Ja,hoch: externe Prüfung / reasonable assurance für kritische Risiken,Quelle + Einheit + Systemgrenze + Zeitraum + Prüfnachweis; bei Datenlücke konservative Default-/Proxylogik markieren,public_research: operationalisierbar; empirische Benchmark-Kalibrierung erforderlich,public research; not official; formula-ready; benchmark calibration required; red line; source mapped; exact disclosure missing
WOK-G-240,G / Governance,Demokratie,Querschnitt,+ Kultur,-,Governance Kulturinstitutionen,Governance Kulturinstitutionen – Whistleblowing,Wirksamkeits‑Score,0–1,higher_is_better,higher_is_better_abs,threshold_numeric_and_benchmark,UN_SDG_GOALS; UN_SDG_INDICATORS; UN_SDG_METADATA; EUROSTAT_NACE; EC_CSRD; EFRAG_ESRS_SET1; EFRAG_ESRS_IG; GRI_STANDARDS; GRI_DOWNLOAD; OECD_ANTI_BRIBERY,index_0_1,"Wert = gewichteter Kriterienindex von 0 bis 1; Kriterien, Gewichtung und Nachweis je WÖk-ID offenlegen.","AutoScore = ScoreByThreshold(Messwert, Schwellen='≥0,9:+3; 0,75–0,89:+2; 0,6–0,74:0; 0,4–0,59:‑2; <0,4:‑3', Polarity='higher_is_better', Archetype='higher_is_better_abs'). BenchmarkScore = ScoreByBenchmark(Messwert, BM, BM_150pct, BM_250pct). FinalScore = MIN(AutoScore, BenchmarkScore, RedLineScore). Tax_Rate = WUStG-Mapping(FinalScore).","≥0,9:+3; 0,75–0,89:+2; 0,6–0,74:0; 0,4–0,59:‑2; <0,4:‑3",0.6699999999999999,1.0,1.0,Ja,hoch: externe Prüfung / reasonable assurance für kritische Risiken,Quelle + Einheit + Systemgrenze + Zeitraum + Prüfnachweis; bei Datenlücke konservative Default-/Proxylogik markieren,public_research: operationalisierbar; empirische Benchmark-Kalibrierung erforderlich,public research; not official; formula-ready; benchmark calibration required; red line; source mapped; exact disclosure missing
WOK-G-241,G / Governance,Demokratie,Governance & Demokratie,+ Kultur,-,Governance Kulturinstitutionen,Governance Kulturinstitutionen – Steuertransparenz,CbCR‑Offenlegung,0–1,higher_is_better,higher_is_better_abs,qualitative_ordinal,UN_SDG_GOALS; UN_SDG_INDICATORS; UN_SDG_METADATA; EUROSTAT_NACE; EC_CSRD; EFRAG_ESRS_SET1; EFRAG_ESRS_IG; GRI_STANDARDS; GRI_DOWNLOAD; OECD_ANTI_BRIBERY,index_0_1,"Wert = gewichteter Kriterienindex von 0 bis 1; Kriterien, Gewichtung und Nachweis je WÖk-ID offenlegen.","AutoScore = ScoreByThreshold(Messwert, Schwellen='vollständig:+3; teilweise:+2; minimal:0; schlecht:‑2', Polarity='higher_is_better', Archetype='higher_is_better_abs'). BenchmarkScore = ScoreByBenchmark(Messwert, BM, BM_150pct, BM_250pct). FinalScore = MIN(AutoScore, BenchmarkScore, RedLineScore). Tax_Rate = WUStG-Mapping(FinalScore).",vollständig:+3; teilweise:+2; minimal:0; schlecht:‑2,0.5,0.75,0.9,Ja,hoch: externe Prüfung / reasonable assurance für kritische Risiken,Quelle + Einheit + Systemgrenze + Zeitraum + Prüfnachweis; bei Datenlücke konservative Default-/Proxylogik markieren,public_research: operationalisierbar; empirische Benchmark-Kalibrierung erforderlich,public research; not official; formula-ready; qualitative review required; red line; source mapped; exact disclosure missing
WOK-SC-167,SC / Lieferkette,Mensch/Planet/Demokratie,Querschnitt,+ Kultur,-,Faire Kultur‑Lieferketten,Faire Kultur‑Lieferketten – ESG‑Spend‑Coverage,Anteil verifizierter ESG‑Daten am Spend,%,higher_is_better,higher_is_better_pct,threshold_numeric_and_benchmark,UN_SDG_GOALS; UN_SDG_INDICATORS; UN_SDG_METADATA; EUROSTAT_NACE; EC_CSRD; EFRAG_ESRS_SET1; EFRAG_ESRS_IG; GRI_STANDARDS; GRI_DOWNLOAD; OECD_RBC_DD,share_percent,Zähler: erfüllte / abgedeckte Fälle; Nenner: relevante Grundgesamtheit; Wert = Zähler / Nenner * 100.,"AutoScore = ScoreByThreshold(Messwert, Schwellen='≥90:+3; 70–89:+2; 50–69:0; 30–49:‑2; <30:‑3', Polarity='higher_is_better', Archetype='higher_is_better_pct'). BenchmarkScore = ScoreByBenchmark(Messwert, BM, BM_150pct, BM_250pct). FinalScore = MIN(AutoScore, BenchmarkScore, RedLineScore). Tax_Rate = WUStG-Mapping(FinalScore).",≥90:+3; 70–89:+2; 50–69:0; 30–49:‑2; <30:‑3,59.5,89.25,100.0,Nein,"mittel: limited assurance, später reasonable assurance je Relevanz",Quelle + Einheit + Systemgrenze + Zeitraum + Prüfnachweis; bei Datenlücke konservative Default-/Proxylogik markieren,public_research: operationalisierbar; empirische Benchmark-Kalibrierung erforderlich,public research; not official; formula-ready; benchmark calibration required; source mapped; exact disclosure missing
WOK-SC-168,SC / Lieferkette,Mensch/Planet/Demokratie,Arbeit & Fairness,+ Kultur,-,Faire Kultur‑Lieferketten,Faire Kultur‑Lieferketten – Kinder/Zwangsarbeit,Audits ohne Verstöße,% Lieferanten,higher_is_better,higher_is_better_pct,threshold_numeric_and_benchmark,UN_SDG_GOALS; UN_SDG_INDICATORS; UN_SDG_METADATA; EUROSTAT_NACE; EC_CSRD; EFRAG_ESRS_SET1; EFRAG_ESRS_IG; GRI_STANDARDS; GRI_DOWNLOAD; OECD_RBC_DD,share_percent,Zähler: erfüllte / abgedeckte Fälle; Nenner: relevante Grundgesamtheit; Wert = Zähler / Nenner * 100.,"AutoScore = ScoreByThreshold(Messwert, Schwellen='≥98:+3; 90–97:+2; 75–89:0; 50–74:‑2; <50:‑3', Polarity='higher_is_better', Archetype='higher_is_better_pct'). BenchmarkScore = ScoreByBenchmark(Messwert, BM, BM_150pct, BM_250pct). FinalScore = MIN(AutoScore, BenchmarkScore, RedLineScore). Tax_Rate = WUStG-Mapping(FinalScore).",≥98:+3; 90–97:+2; 75–89:0; 50–74:‑2; <50:‑3,82.0,100.0,100.0,Ja,hoch: externe Prüfung / reasonable assurance für kritische Risiken,Quelle + Einheit + Systemgrenze + Zeitraum + Prüfnachweis; bei Datenlücke konservative Default-/Proxylogik markieren,public_research: operationalisierbar; empirische Benchmark-Kalibrierung erforderlich,public research; not official; formula-ready; benchmark calibration required; red line; source mapped; exact disclosure missing
WOK-SC-169,SC / Lieferkette,Mensch/Planet/Demokratie,Querschnitt,+ Kultur,-,Faire Kultur‑Lieferketten,Faire Kultur‑Lieferketten – Scope‑3 Daten,Primärdaten‑Abdeckung,% Kategorien,higher_is_better,higher_is_better_pct,threshold_numeric_and_benchmark,UN_SDG_GOALS; UN_SDG_INDICATORS; UN_SDG_METADATA; EUROSTAT_NACE; EC_CSRD; EFRAG_ESRS_SET1; EFRAG_ESRS_IG; GHG_PROTOCOL_SCOPE3; GHG_PROTOCOL_PRODUCT; ISO_14064,share_percent,Zähler: erfüllte / abgedeckte Fälle; Nenner: relevante Grundgesamtheit; Wert = Zähler / Nenner * 100.,"AutoScore = ScoreByThreshold(Messwert, Schwellen='≥80:+3; 60–79:+2; 40–59:0; 20–39:‑2; <20:‑3', Polarity='higher_is_better', Archetype='higher_is_better_pct'). BenchmarkScore = ScoreByBenchmark(Messwert, BM, BM_150pct, BM_250pct). FinalScore = MIN(AutoScore, BenchmarkScore, RedLineScore). Tax_Rate = WUStG-Mapping(FinalScore).",≥80:+3; 60–79:+2; 40–59:0; 20–39:‑2; <20:‑3,49.5,74.25,100.0,Nein,"mittel: limited assurance, später reasonable assurance je Relevanz",Quelle + Einheit + Systemgrenze + Zeitraum + Prüfnachweis; bei Datenlücke konservative Default-/Proxylogik markieren,public_research: operationalisierbar; empirische Benchmark-Kalibrierung erforderlich,public research; not official; formula-ready; benchmark calibration required; source mapped; exact disclosure missing
WOK-RE-125,RE / Real Estate,Mensch/Planet/Demokratie,Energie,+ Kultur,-,Niederschwellige Räume/Barrierefrei,Niederschwellige Räume/Barrierefrei – Betriebsenergie,Endenergiebedarf,kWh/m²a,lower_is_better,lower_is_better_abs,benchmark_relative_calibration_required,UN_SDG_GOALS; UN_SDG_INDICATORS; UN_SDG_METADATA; EUROSTAT_NACE; EC_CSRD; EFRAG_ESRS_SET1; EFRAG_ESRS_IG; ISO_50001; ISO_IEC_30134; EU_EPBD; EN_15978,lower_is_better_metric,"Wert = gemessene Belastung, Risiko- oder Intensitätskennzahl je funktionaler Einheit; niedriger ist besser.","AutoScore = ScoreByThreshold(Messwert, Schwellen='Top 15%:+3; +15–30%:+2; +31–60%:0; >+60%:‑2/‑3', Polarity='lower_is_better', Archetype='lower_is_better_abs'). BenchmarkScore = ScoreByBenchmark(Messwert, BM, BM_150pct, BM_250pct). FinalScore = MIN(AutoScore, BenchmarkScore, RedLineScore). Tax_Rate = WUStG-Mapping(FinalScore).",Top 15%:+3; +15–30%:+2; +31–60%:0; >+60%:‑2/‑3,1.0,1.5,2.5,Nein,"mittel: limited assurance, später reasonable assurance je Relevanz",Quelle + Einheit + Systemgrenze + Zeitraum + Prüfnachweis; bei Datenlücke konservative Default-/Proxylogik markieren,public_research: operationalisierbar; empirische Benchmark-Kalibrierung erforderlich,public research; not official; formula-ready; benchmark calibration required; source mapped; exact disclosure missing
WOK-RE-126,RE / Real Estate,Mensch/Planet/Demokratie,Querschnitt,+ Kultur,-,Niederschwellige Räume/Barrierefrei,Niederschwellige Räume/Barrierefrei – Graue Emissionen,Embodied Carbon (A1–A3),kg CO₂e/m²,lower_is_better,lower_is_better_abs,benchmark_relative_calibration_required,UN_SDG_GOALS; UN_SDG_INDICATORS; UN_SDG_METADATA; EUROSTAT_NACE; EC_CSRD; EFRAG_ESRS_SET1; EFRAG_ESRS_IG; GHG_PROTOCOL_SCOPE3; GHG_PROTOCOL_PRODUCT; ISO_14064; ISO_14067; EN_15978,emission_intensity,"Wert = THG-Emissionen in CO₂e je funktionaler Einheit, Produktmenge, Umsatz oder Aktivität; Systemgrenze offenlegen.","AutoScore = ScoreByThreshold(Messwert, Schwellen='Top‑10%:+3; Mittel:0; >150%:‑2; >250%:‑3', Polarity='lower_is_better', Archetype='lower_is_better_abs'). BenchmarkScore = ScoreByBenchmark(Messwert, BM, BM_150pct, BM_250pct). FinalScore = MIN(AutoScore, BenchmarkScore, RedLineScore). Tax_Rate = WUStG-Mapping(FinalScore).",Top‑10%:+3; Mittel:0; >150%:‑2; >250%:‑3,1.0,1.5,2.5,Nein,"mittel: limited assurance, später reasonable assurance je Relevanz",Quelle + Einheit + Systemgrenze + Zeitraum + Prüfnachweis; bei Datenlücke konservative Default-/Proxylogik markieren,public_research: operationalisierbar; empirische Benchmark-Kalibrierung erforderlich,public research; not official; formula-ready; benchmark calibration required; source mapped; exact disclosure missing
WOK-RE-127,RE / Real Estate,Mensch/Planet/Demokratie,Querschnitt,+ Kultur,-,Niederschwellige Räume/Barrierefrei,Niederschwellige Räume/Barrierefrei – ÖPNV‑Erreichbarkeit,Transit‑Score,0–1,higher_is_better,higher_is_better_abs,threshold_numeric_and_benchmark,UN_SDG_GOALS; UN_SDG_INDICATORS; UN_SDG_METADATA; EUROSTAT_NACE,index_0_1,"Wert = gewichteter Kriterienindex von 0 bis 1; Kriterien, Gewichtung und Nachweis je WÖk-ID offenlegen.","AutoScore = ScoreByThreshold(Messwert, Schwellen='≥0,8:+3; 0,6–0,79:+2; 0,4–0,59:0; 0,2–0,39:‑2; <0,2:‑3', Polarity='higher_is_better', Archetype='higher_is_better_abs'). BenchmarkScore = ScoreByBenchmark(Messwert, BM, BM_150pct, BM_250pct). FinalScore = MIN(AutoScore, BenchmarkScore, RedLineScore). Tax_Rate = WUStG-Mapping(FinalScore).","≥0,8:+3; 0,6–0,79:+2; 0,4–0,59:0; 0,2–0,39:‑2; <0,2:‑3",0.495,0.7424999999999999,1.0,Nein,mittel: fachliche Plausibilisierung und Quellenprüfung,Quelle + Einheit + Systemgrenze + Zeitraum + Prüfnachweis; bei Datenlücke konservative Default-/Proxylogik markieren,public_research: operationalisierbar; empirische Benchmark-Kalibrierung erforderlich,public research; not official; formula-ready; benchmark calibration required; source mapped; exact disclosure missing
WOK-SYS-209,SYS / System,Mensch/Planet/Demokratie,Querschnitt,+ Kultur,-,Förderallianzen/Community,Förderallianzen/Community – Index,umsatzgewichteter Index (z. B. Demokratie/Rule of Law),0–1,higher_is_better,higher_is_better_abs,threshold_numeric_and_benchmark,UN_SDG_GOALS; UN_SDG_INDICATORS; UN_SDG_METADATA; EUROSTAT_NACE; WJP_RULE_OF_LAW; VDEM; SOCIAL_VALUE_SROI,index_0_1,"Wert = gewichteter Kriterienindex von 0 bis 1; Kriterien, Gewichtung und Nachweis je WÖk-ID offenlegen.","AutoScore = ScoreByThreshold(Messwert, Schwellen='≥0,8:+3; 0,7–0,79:+2; 0,6–0,69:0; 0,5–0,59:‑2; <0,5:‑3', Polarity='higher_is_better', Archetype='higher_is_better_abs'). BenchmarkScore = ScoreByBenchmark(Messwert, BM, BM_150pct, BM_250pct). FinalScore = MIN(AutoScore, BenchmarkScore, RedLineScore). Tax_Rate = WUStG-Mapping(FinalScore).","≥0,8:+3; 0,7–0,79:+2; 0,6–0,69:0; 0,5–0,59:‑2; <0,5:‑3",0.645,0.9675,1.0,Nein,mittel: fachliche Plausibilisierung und Quellenprüfung,Quelle + Einheit + Systemgrenze + Zeitraum + Prüfnachweis; bei Datenlücke konservative Default-/Proxylogik markieren,public_research: operationalisierbar; empirische Benchmark-Kalibrierung erforderlich,public research; not official; formula-ready; benchmark calibration required; source mapped; exact disclosure missing
WOK-SYS-210,SYS / System,Mensch/Planet/Demokratie,Querschnitt,+ Kultur,-,Förderallianzen/Community,Förderallianzen/Community – Exposure,Umsatz in Hochrisikoländern,%,lower_is_better,lower_is_better_abs,threshold_numeric_and_benchmark,UN_SDG_GOALS; UN_SDG_INDICATORS; UN_SDG_METADATA; EUROSTAT_NACE; SOCIAL_VALUE_SROI,share_percent,Zähler: erfüllte / abgedeckte Fälle; Nenner: relevante Grundgesamtheit; Wert = Zähler / Nenner * 100.,"AutoScore = ScoreByThreshold(Messwert, Schwellen='≤5:+3; 6–10:+2; 11–20:0; 21–30:‑2; >30:‑3', Polarity='lower_is_better', Archetype='lower_is_better_abs'). BenchmarkScore = ScoreByBenchmark(Messwert, BM, BM_150pct, BM_250pct). FinalScore = MIN(AutoScore, BenchmarkScore, RedLineScore). Tax_Rate = WUStG-Mapping(FinalScore).",≤5:+3; 6–10:+2; 11–20:0; 21–30:‑2; >30:‑3,15.5,23.25,38.75,Nein,mittel: fachliche Plausibilisierung und Quellenprüfung,Quelle + Einheit + Systemgrenze + Zeitraum + Prüfnachweis; bei Datenlücke konservative Default-/Proxylogik markieren,public_research: operationalisierbar; empirische Benchmark-Kalibrierung erforderlich,public research; not official; formula-ready; benchmark calibration required; source mapped; exact disclosure missing
WOK-SYS-211,SYS / System,Mensch/Planet/Demokratie,Querschnitt,+ Kultur,-,Förderallianzen/Community,Förderallianzen/Community – Kooperationen,"aktive, evaluierte Partnerschaften/Jahr",#/Jahr,higher_is_better,higher_is_better_abs,threshold_numeric_and_benchmark,UN_SDG_GOALS; UN_SDG_INDICATORS; UN_SDG_METADATA; EUROSTAT_NACE; WJP_RULE_OF_LAW; VDEM; SOCIAL_VALUE_SROI,indicator_specific,"Wert gemäß definierter Messgröße; Zähler, Nenner, Einheit, Systemgrenze und Zeitraum je WÖk-ID dokumentieren.","AutoScore = ScoreByThreshold(Messwert, Schwellen='≥5:+3; 3–4:+2; 1–2:0; 0:‑2', Polarity='higher_is_better', Archetype='higher_is_better_abs'). BenchmarkScore = ScoreByBenchmark(Messwert, BM, BM_150pct, BM_250pct). FinalScore = MIN(AutoScore, BenchmarkScore, RedLineScore). Tax_Rate = WUStG-Mapping(FinalScore).",≥5:+3; 3–4:+2; 1–2:0; 0:‑2,1.5,2.25,3.75,Nein,mittel: fachliche Plausibilisierung und Quellenprüfung,Quelle + Einheit + Systemgrenze + Zeitraum + Prüfnachweis; bei Datenlücke konservative Default-/Proxylogik markieren,public_research: operationalisierbar; empirische Benchmark-Kalibrierung erforderlich,public research; not official; formula-ready; benchmark calibration required; source mapped; exact disclosure missing
WOK-SYS-212,SYS / System,Mensch/Planet/Demokratie,Governance & Demokratie,+ Transparenz/Open Data,-,Maschinenlesbare Offenlegung,Maschinenlesbare Offenlegung – Index,umsatzgewichteter Index (z. B. Demokratie/Rule of Law),0–1,higher_is_better,higher_is_better_abs,threshold_numeric_and_benchmark,UN_SDG_GOALS; UN_SDG_INDICATORS; UN_SDG_METADATA; EUROSTAT_NACE; WJP_RULE_OF_LAW; VDEM; SOCIAL_VALUE_SROI,index_0_1,"Wert = gewichteter Kriterienindex von 0 bis 1; Kriterien, Gewichtung und Nachweis je WÖk-ID offenlegen.","AutoScore = ScoreByThreshold(Messwert, Schwellen='≥0,8:+3; 0,7–0,79:+2; 0,6–0,69:0; 0,5–0,59:‑2; <0,5:‑3', Polarity='higher_is_better', Archetype='higher_is_better_abs'). BenchmarkScore = ScoreByBenchmark(Messwert, BM, BM_150pct, BM_250pct). FinalScore = MIN(AutoScore, BenchmarkScore, RedLineScore). Tax_Rate = WUStG-Mapping(FinalScore).","≥0,8:+3; 0,7–0,79:+2; 0,6–0,69:0; 0,5–0,59:‑2; <0,5:‑3",0.645,0.9675,1.0,Nein,mittel: fachliche Plausibilisierung und Quellenprüfung,Quelle + Einheit + Systemgrenze + Zeitraum + Prüfnachweis; bei Datenlücke konservative Default-/Proxylogik markieren,public_research: operationalisierbar; empirische Benchmark-Kalibrierung erforderlich,public research; not official; formula-ready; benchmark calibration required; source mapped; exact disclosure missing
WOK-SYS-213,SYS / System,Mensch/Planet/Demokratie,Governance & Demokratie,+ Transparenz/Open Data,-,Maschinenlesbare Offenlegung,Maschinenlesbare Offenlegung – Exposure,Umsatz in Hochrisikoländern,%,lower_is_better,lower_is_better_abs,threshold_numeric_and_benchmark,UN_SDG_GOALS; UN_SDG_INDICATORS; UN_SDG_METADATA; EUROSTAT_NACE; SOCIAL_VALUE_SROI,share_percent,Zähler: erfüllte / abgedeckte Fälle; Nenner: relevante Grundgesamtheit; Wert = Zähler / Nenner * 100.,"AutoScore = ScoreByThreshold(Messwert, Schwellen='≤5:+3; 6–10:+2; 11–20:0; 21–30:‑2; >30:‑3', Polarity='lower_is_better', Archetype='lower_is_better_abs'). BenchmarkScore = ScoreByBenchmark(Messwert, BM, BM_150pct, BM_250pct). FinalScore = MIN(AutoScore, BenchmarkScore, RedLineScore). Tax_Rate = WUStG-Mapping(FinalScore).",≤5:+3; 6–10:+2; 11–20:0; 21–30:‑2; >30:‑3,15.5,23.25,38.75,Nein,mittel: fachliche Plausibilisierung und Quellenprüfung,Quelle + Einheit + Systemgrenze + Zeitraum + Prüfnachweis; bei Datenlücke konservative Default-/Proxylogik markieren,public_research: operationalisierbar; empirische Benchmark-Kalibrierung erforderlich,public research; not official; formula-ready; benchmark calibration required; source mapped; exact disclosure missing
WOK-SYS-214,SYS / System,Mensch/Planet/Demokratie,Governance & Demokratie,+ Transparenz/Open Data,-,Maschinenlesbare Offenlegung,Maschinenlesbare Offenlegung – Kooperationen,"aktive, evaluierte Partnerschaften/Jahr",#/Jahr,higher_is_better,higher_is_better_abs,threshold_numeric_and_benchmark,UN_SDG_GOALS; UN_SDG_INDICATORS; UN_SDG_METADATA; EUROSTAT_NACE; WJP_RULE_OF_LAW; VDEM; SOCIAL_VALUE_SROI,indicator_specific,"Wert gemäß definierter Messgröße; Zähler, Nenner, Einheit, Systemgrenze und Zeitraum je WÖk-ID dokumentieren.","AutoScore = ScoreByThreshold(Messwert, Schwellen='≥5:+3; 3–4:+2; 1–2:0; 0:‑2', Polarity='higher_is_better', Archetype='higher_is_better_abs'). BenchmarkScore = ScoreByBenchmark(Messwert, BM, BM_150pct, BM_250pct). FinalScore = MIN(AutoScore, BenchmarkScore, RedLineScore). Tax_Rate = WUStG-Mapping(FinalScore).",≥5:+3; 3–4:+2; 1–2:0; 0:‑2,1.5,2.25,3.75,Nein,mittel: fachliche Plausibilisierung und Quellenprüfung,Quelle + Einheit + Systemgrenze + Zeitraum + Prüfnachweis; bei Datenlücke konservative Default-/Proxylogik markieren,public_research: operationalisierbar; empirische Benchmark-Kalibrierung erforderlich,public research; not official; formula-ready; benchmark calibration required; source mapped; exact disclosure missing
WOK-G-242,G / Governance,Mensch/Planet/Demokratie,Governance & Demokratie,+ Transparenz/Open Data,-,Steuer‑ & Finanztransparenz,Steuer‑ & Finanztransparenz – Antikorruption,Bestätigte Fälle/1.000 FTE,Fälle/1.000 FTE,lower_is_better,near_zero_better,threshold_numeric_and_benchmark,UN_SDG_GOALS; UN_SDG_INDICATORS; UN_SDG_METADATA; EUROSTAT_NACE; EC_CSRD; EFRAG_ESRS_SET1; EFRAG_ESRS_IG; GRI_STANDARDS; GRI_DOWNLOAD; OECD_ANTI_BRIBERY,lower_is_better_metric,"Wert = gemessene Belastung, Risiko- oder Intensitätskennzahl je funktionaler Einheit; niedriger ist besser.","AutoScore = ScoreByThreshold(Messwert, Schwellen='0:+3; ≤0,2:+2; ≤0,5:0; ≤1:‑2; >1:‑3', Polarity='lower_is_better', Archetype='near_zero_better'). BenchmarkScore = ScoreByBenchmark(Messwert, BM, BM_150pct, BM_250pct). FinalScore = MIN(AutoScore, BenchmarkScore, RedLineScore). Tax_Rate = WUStG-Mapping(FinalScore).","0:+3; ≤0,2:+2; ≤0,5:0; ≤1:‑2; >1:‑3",0.5,0.75,1.25,Ja,hoch: externe Prüfung / reasonable assurance für kritische Risiken,Quelle + Einheit + Systemgrenze + Zeitraum + Prüfnachweis; bei Datenlücke konservative Default-/Proxylogik markieren,public_research: operationalisierbar; empirische Benchmark-Kalibrierung erforderlich,public research; not official; formula-ready; benchmark calibration required; red line; source mapped; exact disclosure missing
WOK-G-243,G / Governance,Mensch/Planet/Demokratie,Governance & Demokratie,+ Transparenz/Open Data,-,Steuer‑ & Finanztransparenz,Steuer‑ & Finanztransparenz – Whistleblowing,Wirksamkeits‑Score,0–1,higher_is_better,higher_is_better_abs,threshold_numeric_and_benchmark,UN_SDG_GOALS; UN_SDG_INDICATORS; UN_SDG_METADATA; EUROSTAT_NACE; EC_CSRD; EFRAG_ESRS_SET1; EFRAG_ESRS_IG; GRI_STANDARDS; GRI_DOWNLOAD; OECD_ANTI_BRIBERY,index_0_1,"Wert = gewichteter Kriterienindex von 0 bis 1; Kriterien, Gewichtung und Nachweis je WÖk-ID offenlegen.","AutoScore = ScoreByThreshold(Messwert, Schwellen='≥0,9:+3; 0,75–0,89:+2; 0,6–0,74:0; 0,4–0,59:‑2; <0,4:‑3', Polarity='higher_is_better', Archetype='higher_is_better_abs'). BenchmarkScore = ScoreByBenchmark(Messwert, BM, BM_150pct, BM_250pct). FinalScore = MIN(AutoScore, BenchmarkScore, RedLineScore). Tax_Rate = WUStG-Mapping(FinalScore).","≥0,9:+3; 0,75–0,89:+2; 0,6–0,74:0; 0,4–0,59:‑2; <0,4:‑3",0.6699999999999999,1.0,1.0,Ja,hoch: externe Prüfung / reasonable assurance für kritische Risiken,Quelle + Einheit + Systemgrenze + Zeitraum + Prüfnachweis; bei Datenlücke konservative Default-/Proxylogik markieren,public_research: operationalisierbar; empirische Benchmark-Kalibrierung erforderlich,public research; not official; formula-ready; benchmark calibration required; red line; source mapped; exact disclosure missing
WOK-G-244,G / Governance,Mensch/Planet/Demokratie,Governance & Demokratie,+ Transparenz/Open Data,-,Steuer‑ & Finanztransparenz,Steuer‑ & Finanztransparenz – Steuertransparenz,CbCR‑Offenlegung,0–1,higher_is_better,higher_is_better_abs,qualitative_ordinal,UN_SDG_GOALS; UN_SDG_INDICATORS; UN_SDG_METADATA; EUROSTAT_NACE; EC_CSRD; EFRAG_ESRS_SET1; EFRAG_ESRS_IG; GRI_STANDARDS; GRI_DOWNLOAD; OECD_ANTI_BRIBERY,index_0_1,"Wert = gewichteter Kriterienindex von 0 bis 1; Kriterien, Gewichtung und Nachweis je WÖk-ID offenlegen.","AutoScore = ScoreByThreshold(Messwert, Schwellen='vollständig:+3; teilweise:+2; minimal:0; schlecht:‑2', Polarity='higher_is_better', Archetype='higher_is_better_abs'). BenchmarkScore = ScoreByBenchmark(Messwert, BM, BM_150pct, BM_250pct). FinalScore = MIN(AutoScore, BenchmarkScore, RedLineScore). Tax_Rate = WUStG-Mapping(FinalScore).",vollständig:+3; teilweise:+2; minimal:0; schlecht:‑2,0.5,0.75,0.9,Ja,hoch: externe Prüfung / reasonable assurance für kritische Risiken,Quelle + Einheit + Systemgrenze + Zeitraum + Prüfnachweis; bei Datenlücke konservative Default-/Proxylogik markieren,public_research: operationalisierbar; empirische Benchmark-Kalibrierung erforderlich,public research; not official; formula-ready; qualitative review required; red line; source mapped; exact disclosure missing
WOK-SC-170,SC / Lieferkette,Mensch/Planet/Demokratie,Governance & Demokratie,+ Transparenz/Open Data,-,Lieferkette Daten‑Coverage,Lieferkette Daten‑Coverage – ESG‑Spend‑Coverage,Anteil verifizierter ESG‑Daten am Spend,%,higher_is_better,higher_is_better_pct,threshold_numeric_and_benchmark,UN_SDG_GOALS; UN_SDG_INDICATORS; UN_SDG_METADATA; EUROSTAT_NACE; EC_CSRD; EFRAG_ESRS_SET1; EFRAG_ESRS_IG; GRI_STANDARDS; GRI_DOWNLOAD; OECD_RBC_DD,share_percent,Zähler: erfüllte / abgedeckte Fälle; Nenner: relevante Grundgesamtheit; Wert = Zähler / Nenner * 100.,"AutoScore = ScoreByThreshold(Messwert, Schwellen='≥90:+3; 70–89:+2; 50–69:0; 30–49:‑2; <30:‑3', Polarity='higher_is_better', Archetype='higher_is_better_pct'). BenchmarkScore = ScoreByBenchmark(Messwert, BM, BM_150pct, BM_250pct). FinalScore = MIN(AutoScore, BenchmarkScore, RedLineScore). Tax_Rate = WUStG-Mapping(FinalScore).",≥90:+3; 70–89:+2; 50–69:0; 30–49:‑2; <30:‑3,59.5,89.25,100.0,Nein,"mittel: limited assurance, später reasonable assurance je Relevanz",Quelle + Einheit + Systemgrenze + Zeitraum + Prüfnachweis; bei Datenlücke konservative Default-/Proxylogik markieren,public_research: operationalisierbar; empirische Benchmark-Kalibrierung erforderlich,public research; not official; formula-ready; benchmark calibration required; source mapped; exact disclosure missing
WOK-SC-171,SC / Lieferkette,Mensch/Planet/Demokratie,Arbeit & Fairness,+ Transparenz/Open Data,-,Lieferkette Daten‑Coverage,Lieferkette Daten‑Coverage – Kinder/Zwangsarbeit,Audits ohne Verstöße,% Lieferanten,higher_is_better,higher_is_better_pct,threshold_numeric_and_benchmark,UN_SDG_GOALS; UN_SDG_INDICATORS; UN_SDG_METADATA; EUROSTAT_NACE; EC_CSRD; EFRAG_ESRS_SET1; EFRAG_ESRS_IG; GRI_STANDARDS; GRI_DOWNLOAD; OECD_RBC_DD,share_percent,Zähler: erfüllte / abgedeckte Fälle; Nenner: relevante Grundgesamtheit; Wert = Zähler / Nenner * 100.,"AutoScore = ScoreByThreshold(Messwert, Schwellen='≥98:+3; 90–97:+2; 75–89:0; 50–74:‑2; <50:‑3', Polarity='higher_is_better', Archetype='higher_is_better_pct'). BenchmarkScore = ScoreByBenchmark(Messwert, BM, BM_150pct, BM_250pct). FinalScore = MIN(AutoScore, BenchmarkScore, RedLineScore). Tax_Rate = WUStG-Mapping(FinalScore).",≥98:+3; 90–97:+2; 75–89:0; 50–74:‑2; <50:‑3,82.0,100.0,100.0,Ja,hoch: externe Prüfung / reasonable assurance für kritische Risiken,Quelle + Einheit + Systemgrenze + Zeitraum + Prüfnachweis; bei Datenlücke konservative Default-/Proxylogik markieren,public_research: operationalisierbar; empirische Benchmark-Kalibrierung erforderlich,public research; not official; formula-ready; benchmark calibration required; red line; source mapped; exact disclosure missing
WOK-SC-172,SC / Lieferkette,Mensch/Planet/Demokratie,Governance & Demokratie,+ Transparenz/Open Data,-,Lieferkette Daten‑Coverage,Lieferkette Daten‑Coverage – Scope‑3 Daten,Primärdaten‑Abdeckung,% Kategorien,higher_is_better,higher_is_better_pct,threshold_numeric_and_benchmark,UN_SDG_GOALS; UN_SDG_INDICATORS; UN_SDG_METADATA; EUROSTAT_NACE; EC_CSRD; EFRAG_ESRS_SET1; EFRAG_ESRS_IG; GHG_PROTOCOL_SCOPE3; GHG_PROTOCOL_PRODUCT; ISO_14064,share_percent,Zähler: erfüllte / abgedeckte Fälle; Nenner: relevante Grundgesamtheit; Wert = Zähler / Nenner * 100.,"AutoScore = ScoreByThreshold(Messwert, Schwellen='≥80:+3; 60–79:+2; 40–59:0; 20–39:‑2; <20:‑3', Polarity='higher_is_better', Archetype='higher_is_better_pct'). BenchmarkScore = ScoreByBenchmark(Messwert, BM, BM_150pct, BM_250pct). FinalScore = MIN(AutoScore, BenchmarkScore, RedLineScore). Tax_Rate = WUStG-Mapping(FinalScore).",≥80:+3; 60–79:+2; 40–59:0; 20–39:‑2; <20:‑3,49.5,74.25,100.0,Nein,"mittel: limited assurance, später reasonable assurance je Relevanz",Quelle + Einheit + Systemgrenze + Zeitraum + Prüfnachweis; bei Datenlücke konservative Default-/Proxylogik markieren,public_research: operationalisierbar; empirische Benchmark-Kalibrierung erforderlich,public research; not official; formula-ready; benchmark calibration required; source mapped; exact disclosure missing
WOK-SYS-215,SYS / System,Mensch/Planet/Demokratie,Governance & Demokratie,+ Transparenz/Open Data,-,Impact‑APIs/Standards,Impact‑APIs/Standards – Index,umsatzgewichteter Index (z. B. Demokratie/Rule of Law),0–1,higher_is_better,higher_is_better_abs,threshold_numeric_and_benchmark,UN_SDG_GOALS; UN_SDG_INDICATORS; UN_SDG_METADATA; EUROSTAT_NACE; WJP_RULE_OF_LAW; VDEM; SOCIAL_VALUE_SROI,index_0_1,"Wert = gewichteter Kriterienindex von 0 bis 1; Kriterien, Gewichtung und Nachweis je WÖk-ID offenlegen.","AutoScore = ScoreByThreshold(Messwert, Schwellen='≥0,8:+3; 0,7–0,79:+2; 0,6–0,69:0; 0,5–0,59:‑2; <0,5:‑3', Polarity='higher_is_better', Archetype='higher_is_better_abs'). BenchmarkScore = ScoreByBenchmark(Messwert, BM, BM_150pct, BM_250pct). FinalScore = MIN(AutoScore, BenchmarkScore, RedLineScore). Tax_Rate = WUStG-Mapping(FinalScore).","≥0,8:+3; 0,7–0,79:+2; 0,6–0,69:0; 0,5–0,59:‑2; <0,5:‑3",0.645,0.9675,1.0,Nein,mittel: fachliche Plausibilisierung und Quellenprüfung,Quelle + Einheit + Systemgrenze + Zeitraum + Prüfnachweis; bei Datenlücke konservative Default-/Proxylogik markieren,public_research: operationalisierbar; empirische Benchmark-Kalibrierung erforderlich,public research; not official; formula-ready; benchmark calibration required; source mapped; exact disclosure missing
WOK-SYS-216,SYS / System,Mensch/Planet/Demokratie,Governance & Demokratie,+ Transparenz/Open Data,-,Impact‑APIs/Standards,Impact‑APIs/Standards – Exposure,Umsatz in Hochrisikoländern,%,lower_is_better,lower_is_better_abs,threshold_numeric_and_benchmark,UN_SDG_GOALS; UN_SDG_INDICATORS; UN_SDG_METADATA; EUROSTAT_NACE; SOCIAL_VALUE_SROI,share_percent,Zähler: erfüllte / abgedeckte Fälle; Nenner: relevante Grundgesamtheit; Wert = Zähler / Nenner * 100.,"AutoScore = ScoreByThreshold(Messwert, Schwellen='≤5:+3; 6–10:+2; 11–20:0; 21–30:‑2; >30:‑3', Polarity='lower_is_better', Archetype='lower_is_better_abs'). BenchmarkScore = ScoreByBenchmark(Messwert, BM, BM_150pct, BM_250pct). FinalScore = MIN(AutoScore, BenchmarkScore, RedLineScore). Tax_Rate = WUStG-Mapping(FinalScore).",≤5:+3; 6–10:+2; 11–20:0; 21–30:‑2; >30:‑3,15.5,23.25,38.75,Nein,mittel: fachliche Plausibilisierung und Quellenprüfung,Quelle + Einheit + Systemgrenze + Zeitraum + Prüfnachweis; bei Datenlücke konservative Default-/Proxylogik markieren,public_research: operationalisierbar; empirische Benchmark-Kalibrierung erforderlich,public research; not official; formula-ready; benchmark calibration required; source mapped; exact disclosure missing
WOK-SYS-217,SYS / System,Mensch/Planet/Demokratie,Governance & Demokratie,+ Transparenz/Open Data,-,Impact‑APIs/Standards,Impact‑APIs/Standards – Kooperationen,"aktive, evaluierte Partnerschaften/Jahr",#/Jahr,higher_is_better,higher_is_better_abs,threshold_numeric_and_benchmark,UN_SDG_GOALS; UN_SDG_INDICATORS; UN_SDG_METADATA; EUROSTAT_NACE; WJP_RULE_OF_LAW; VDEM; SOCIAL_VALUE_SROI,indicator_specific,"Wert gemäß definierter Messgröße; Zähler, Nenner, Einheit, Systemgrenze und Zeitraum je WÖk-ID dokumentieren.","AutoScore = ScoreByThreshold(Messwert, Schwellen='≥5:+3; 3–4:+2; 1–2:0; 0:‑2', Polarity='higher_is_better', Archetype='higher_is_better_abs'). BenchmarkScore = ScoreByBenchmark(Messwert, BM, BM_150pct, BM_250pct). FinalScore = MIN(AutoScore, BenchmarkScore, RedLineScore). Tax_Rate = WUStG-Mapping(FinalScore).",≥5:+3; 3–4:+2; 1–2:0; 0:‑2,1.5,2.25,3.75,Nein,mittel: fachliche Plausibilisierung und Quellenprüfung,Quelle + Einheit + Systemgrenze + Zeitraum + Prüfnachweis; bei Datenlücke konservative Default-/Proxylogik markieren,public_research: operationalisierbar; empirische Benchmark-Kalibrierung erforderlich,public research; not official; formula-ready; benchmark calibration required; source mapped; exact disclosure missing
WOK-G-245,G / Governance,Mensch/Planet/Demokratie,Governance & Demokratie,+ Transparenz/Open Data,-,Audit‑Assurance Abdeckung,Audit‑Assurance Abdeckung – Antikorruption,Bestätigte Fälle/1.000 FTE,Fälle/1.000 FTE,lower_is_better,near_zero_better,threshold_numeric_and_benchmark,UN_SDG_GOALS; UN_SDG_INDICATORS; UN_SDG_METADATA; EUROSTAT_NACE; EC_CSRD; EFRAG_ESRS_SET1; EFRAG_ESRS_IG; GRI_STANDARDS; GRI_DOWNLOAD; OECD_RBC_DD,share_percent,Zähler: erfüllte / abgedeckte Fälle; Nenner: relevante Grundgesamtheit; Wert = Zähler / Nenner * 100.,"AutoScore = ScoreByThreshold(Messwert, Schwellen='0:+3; ≤0,2:+2; ≤0,5:0; ≤1:‑2; >1:‑3', Polarity='lower_is_better', Archetype='near_zero_better'). BenchmarkScore = ScoreByBenchmark(Messwert, BM, BM_150pct, BM_250pct). FinalScore = MIN(AutoScore, BenchmarkScore, RedLineScore). Tax_Rate = WUStG-Mapping(FinalScore).","0:+3; ≤0,2:+2; ≤0,5:0; ≤1:‑2; >1:‑3",0.5,0.75,1.25,Ja,hoch: externe Prüfung / reasonable assurance für kritische Risiken,Quelle + Einheit + Systemgrenze + Zeitraum + Prüfnachweis; bei Datenlücke konservative Default-/Proxylogik markieren,public_research: operationalisierbar; empirische Benchmark-Kalibrierung erforderlich,public research; not official; formula-ready; benchmark calibration required; red line; source mapped; exact disclosure missing
WOK-G-246,G / Governance,Mensch/Planet/Demokratie,Governance & Demokratie,+ Transparenz/Open Data,-,Audit‑Assurance Abdeckung,Audit‑Assurance Abdeckung – Whistleblowing,Wirksamkeits‑Score,0–1,higher_is_better,higher_is_better_abs,threshold_numeric_and_benchmark,UN_SDG_GOALS; UN_SDG_INDICATORS; UN_SDG_METADATA; EUROSTAT_NACE; EC_CSRD; EFRAG_ESRS_SET1; EFRAG_ESRS_IG; GRI_STANDARDS; GRI_DOWNLOAD; OECD_RBC_DD,share_percent,Zähler: erfüllte / abgedeckte Fälle; Nenner: relevante Grundgesamtheit; Wert = Zähler / Nenner * 100.,"AutoScore = ScoreByThreshold(Messwert, Schwellen='≥0,9:+3; 0,75–0,89:+2; 0,6–0,74:0; 0,4–0,59:‑2; <0,4:‑3', Polarity='higher_is_better', Archetype='higher_is_better_abs'). BenchmarkScore = ScoreByBenchmark(Messwert, BM, BM_150pct, BM_250pct). FinalScore = MIN(AutoScore, BenchmarkScore, RedLineScore). Tax_Rate = WUStG-Mapping(FinalScore).","≥0,9:+3; 0,75–0,89:+2; 0,6–0,74:0; 0,4–0,59:‑2; <0,4:‑3",0.6699999999999999,1.0,1.0,Ja,hoch: externe Prüfung / reasonable assurance für kritische Risiken,Quelle + Einheit + Systemgrenze + Zeitraum + Prüfnachweis; bei Datenlücke konservative Default-/Proxylogik markieren,public_research: operationalisierbar; empirische Benchmark-Kalibrierung erforderlich,public research; not official; formula-ready; benchmark calibration required; red line; source mapped; exact disclosure missing
WOK-G-247,G / Governance,Mensch/Planet/Demokratie,Governance & Demokratie,+ Transparenz/Open Data,-,Audit‑Assurance Abdeckung,Audit‑Assurance Abdeckung – Steuertransparenz,CbCR‑Offenlegung,0–1,higher_is_better,higher_is_better_abs,qualitative_ordinal,UN_SDG_GOALS; UN_SDG_INDICATORS; UN_SDG_METADATA; EUROSTAT_NACE; EC_CSRD; EFRAG_ESRS_SET1; EFRAG_ESRS_IG; GRI_STANDARDS; GRI_DOWNLOAD; OECD_RBC_DD,share_percent,Zähler: erfüllte / abgedeckte Fälle; Nenner: relevante Grundgesamtheit; Wert = Zähler / Nenner * 100.,"AutoScore = ScoreByThreshold(Messwert, Schwellen='vollständig:+3; teilweise:+2; minimal:0; schlecht:‑2', Polarity='higher_is_better', Archetype='higher_is_better_abs'). BenchmarkScore = ScoreByBenchmark(Messwert, BM, BM_150pct, BM_250pct). FinalScore = MIN(AutoScore, BenchmarkScore, RedLineScore). Tax_Rate = WUStG-Mapping(FinalScore).",vollständig:+3; teilweise:+2; minimal:0; schlecht:‑2,0.5,0.75,0.9,Nein,"mittel: limited assurance, später reasonable assurance je Relevanz",Quelle + Einheit + Systemgrenze + Zeitraum + Prüfnachweis; bei Datenlücke konservative Default-/Proxylogik markieren,public_research: operationalisierbar; empirische Benchmark-Kalibrierung erforderlich,public research; not official; formula-ready; qualitative review required; source mapped; exact disclosure missing
WOK-SYS-218,SYS / System,Mensch/Planet/Demokratie,Governance & Demokratie,+ Transparenz/Open Data,-,Publikations‑Backlog (OA),Publikations‑Backlog (OA) – Index,umsatzgewichteter Index (z. B. Demokratie/Rule of Law),0–1,higher_is_better,higher_is_better_abs,threshold_numeric_and_benchmark,UN_SDG_GOALS; UN_SDG_INDICATORS; UN_SDG_METADATA; EUROSTAT_NACE; WJP_RULE_OF_LAW; VDEM; SOCIAL_VALUE_SROI,index_0_1,"Wert = gewichteter Kriterienindex von 0 bis 1; Kriterien, Gewichtung und Nachweis je WÖk-ID offenlegen.","AutoScore = ScoreByThreshold(Messwert, Schwellen='≥0,8:+3; 0,7–0,79:+2; 0,6–0,69:0; 0,5–0,59:‑2; <0,5:‑3', Polarity='higher_is_better', Archetype='higher_is_better_abs'). BenchmarkScore = ScoreByBenchmark(Messwert, BM, BM_150pct, BM_250pct). FinalScore = MIN(AutoScore, BenchmarkScore, RedLineScore). Tax_Rate = WUStG-Mapping(FinalScore).","≥0,8:+3; 0,7–0,79:+2; 0,6–0,69:0; 0,5–0,59:‑2; <0,5:‑3",0.645,0.9675,1.0,Nein,mittel: fachliche Plausibilisierung und Quellenprüfung,Quelle + Einheit + Systemgrenze + Zeitraum + Prüfnachweis; bei Datenlücke konservative Default-/Proxylogik markieren,public_research: operationalisierbar; empirische Benchmark-Kalibrierung erforderlich,public research; not official; formula-ready; benchmark calibration required; source mapped; exact disclosure missing
WOK-SYS-219,SYS / System,Mensch/Planet/Demokratie,Governance & Demokratie,+ Transparenz/Open Data,-,Publikations‑Backlog (OA),Publikations‑Backlog (OA) – Exposure,Umsatz in Hochrisikoländern,%,lower_is_better,lower_is_better_abs,threshold_numeric_and_benchmark,UN_SDG_GOALS; UN_SDG_INDICATORS; UN_SDG_METADATA; EUROSTAT_NACE; SOCIAL_VALUE_SROI,share_percent,Zähler: erfüllte / abgedeckte Fälle; Nenner: relevante Grundgesamtheit; Wert = Zähler / Nenner * 100.,"AutoScore = ScoreByThreshold(Messwert, Schwellen='≤5:+3; 6–10:+2; 11–20:0; 21–30:‑2; >30:‑3', Polarity='lower_is_better', Archetype='lower_is_better_abs'). BenchmarkScore = ScoreByBenchmark(Messwert, BM, BM_150pct, BM_250pct). FinalScore = MIN(AutoScore, BenchmarkScore, RedLineScore). Tax_Rate = WUStG-Mapping(FinalScore).",≤5:+3; 6–10:+2; 11–20:0; 21–30:‑2; >30:‑3,15.5,23.25,38.75,Nein,mittel: fachliche Plausibilisierung und Quellenprüfung,Quelle + Einheit + Systemgrenze + Zeitraum + Prüfnachweis; bei Datenlücke konservative Default-/Proxylogik markieren,public_research: operationalisierbar; empirische Benchmark-Kalibrierung erforderlich,public research; not official; formula-ready; benchmark calibration required; source mapped; exact disclosure missing
WOK-SYS-220,SYS / System,Mensch/Planet/Demokratie,Governance & Demokratie,+ Transparenz/Open Data,-,Publikations‑Backlog (OA),Publikations‑Backlog (OA) – Kooperationen,"aktive, evaluierte Partnerschaften/Jahr",#/Jahr,higher_is_better,higher_is_better_abs,threshold_numeric_and_benchmark,UN_SDG_GOALS; UN_SDG_INDICATORS; UN_SDG_METADATA; EUROSTAT_NACE; WJP_RULE_OF_LAW; VDEM; SOCIAL_VALUE_SROI,indicator_specific,"Wert gemäß definierter Messgröße; Zähler, Nenner, Einheit, Systemgrenze und Zeitraum je WÖk-ID dokumentieren.","AutoScore = ScoreByThreshold(Messwert, Schwellen='≥5:+3; 3–4:+2; 1–2:0; 0:‑2', Polarity='higher_is_better', Archetype='higher_is_better_abs'). BenchmarkScore = ScoreByBenchmark(Messwert, BM, BM_150pct, BM_250pct). FinalScore = MIN(AutoScore, BenchmarkScore, RedLineScore). Tax_Rate = WUStG-Mapping(FinalScore).",≥5:+3; 3–4:+2; 1–2:0; 0:‑2,1.5,2.25,3.75,Nein,mittel: fachliche Plausibilisierung und Quellenprüfung,Quelle + Einheit + Systemgrenze + Zeitraum + Prüfnachweis; bei Datenlücke konservative Default-/Proxylogik markieren,public_research: operationalisierbar; empirische Benchmark-Kalibrierung erforderlich,public research; not official; formula-ready; benchmark calibration required; source mapped; exact disclosure missing
