sourcePath,sha256,unchanged,pages,textCharacters,signals,reviewScope,disposition
assets/downloads/01_woek_sdgs_agenda2030_referenzrahmen_detailkonzept_v1_0 2.pdf,db8798c06f399f13255daa25d0d6773af3baeb4f49fa1bddc3fd2c58377bbe52,True,8,21786,0,Whole-file text extraction; seven terminology/logic signals with documented context review; leading-reference/addendum precedence,No signal in this screening; original publication stand retained
assets/downloads/01_woek_sdgs_agenda2030_referenzrahmen_detailkonzept_v1_0.pdf,1d6cf156b339d6c984fe984c7b817e8f8359a3c083b517a0a9d036514f44cd1c,True,8,21786,0,Whole-file text extraction; seven terminology/logic signals with documented context review; leading-reference/addendum precedence,No signal in this screening; original publication stand retained
assets/downloads/02_woek_sdgplus_erweiterung_detailkonzept_v1_0 2.pdf,37ff9befad101ea677cd468a20e14539b76ba808d28800f62c29e5d5635a7ba4,True,7,18364,0,Whole-file text extraction; seven terminology/logic signals with documented context review; leading-reference/addendum precedence,No signal in this screening; original publication stand retained
assets/downloads/02_woek_sdgplus_erweiterung_detailkonzept_v1_0.pdf,a3beb2e485e597dcde9213feb23699beecc637dca7cf92b84d1d943ce12b70f8,True,7,18364,0,Whole-file text extraction; seven terminology/logic signals with documented context review; leading-reference/addendum precedence,No signal in this screening; original publication stand retained
assets/downloads/03_woek_sdg_unterziele_global_europa_deutschland_detailkonzept_v1_0 2.pdf,6d74712037d411171c8a99b773911a14707fab6699c18f59308d898fc7368228,True,22,85094,0,Whole-file text extraction; seven terminology/logic signals with documented context review; leading-reference/addendum precedence,No signal in this screening; original publication stand retained
assets/downloads/03_woek_sdg_unterziele_global_europa_deutschland_detailkonzept_v1_0.pdf,551b3b373b8f9b86e715efd7775182c5db7698134710f996682ef77aacbc97f3,True,22,84838,0,Whole-file text extraction; seven terminology/logic signals with documented context review; leading-reference/addendum precedence,No signal in this screening; original publication stand retained
assets/downloads/04_woek_sdg_geschichte_vorlaeufer_verhandlungsprozess_detailkonzept_v1_0 2.pdf,d9b2ba73c722584fdbae6c070b22ab00e00f27aa3a80bd49f769e7abf00e3542,True,10,25320,0,Whole-file text extraction; seven terminology/logic signals with documented context review; leading-reference/addendum precedence,No signal in this screening; original publication stand retained
assets/downloads/04_woek_sdg_geschichte_vorlaeufer_verhandlungsprozess_detailkonzept_v1_0.pdf,ef25485b6bf4153b5335d671319d5dd5bffa760407f3151833518de0c6feb32b,True,10,25320,0,Whole-file text extraction; seven terminology/logic signals with documented context review; leading-reference/addendum precedence,No signal in this screening; original publication stand retained
assets/downloads/05_woek_sdgs_risikomanagement_finanzmarktanschluss_detailkonzept_v1_0 2.pdf,e2a51268a71b748e47335e2c2f691e229e6290634be2217bfa0f8c6c9f510427,True,9,23872,0,Whole-file text extraction; seven terminology/logic signals with documented context review; leading-reference/addendum precedence,No signal in this screening; original publication stand retained
assets/downloads/05_woek_sdgs_risikomanagement_finanzmarktanschluss_detailkonzept_v1_0.pdf,d90f5b47843dfe715b823b06349376d6f5120659cd69e3d96c1f5842336100d7,True,9,23872,0,Whole-file text extraction; seven terminology/logic signals with documented context review; leading-reference/addendum precedence,No signal in this screening; original publication stand retained
assets/downloads/06_woek_wirtschaft_unternehmen_unternehmen_als_wirkungssysteme_detailkonzept_v1_0 2.pdf,bf83bdd21c9ab02eec92612d21c37eb7a52f02acab65c320a9df1c049e960474,True,11,33150,0,Whole-file text extraction; seven terminology/logic signals with documented context review; leading-reference/addendum precedence,No signal in this screening; original publication stand retained
assets/downloads/06_woek_wirtschaft_unternehmen_unternehmen_als_wirkungssysteme_detailkonzept_v1_0.pdf,4b1747ec643f51d7bb843eca4127e125c73e97f723f318f7d849b381a351d96b,True,11,33150,0,Whole-file text extraction; seven terminology/logic signals with documented context review; leading-reference/addendum precedence,No signal in this screening; original publication stand retained
assets/downloads/07_woek_wirtschaft_unternehmen_wirkungsorientierte_unternehmensfuehrung_detailkonzept_v1_0 2.pdf,4293f9d81b7c19ed5b40de70adf7e4e380f2e904049d4b9c8c92458947dcf4ad,True,10,25781,0,Whole-file text extraction; seven terminology/logic signals with documented context review; leading-reference/addendum precedence,No signal in this screening; original publication stand retained
assets/downloads/07_woek_wirtschaft_unternehmen_wirkungsorientierte_unternehmensfuehrung_detailkonzept_v1_0.pdf,8458e78c980302d9538c2d37dc2cc5ef88056613fb9e5b365df84727bcd214a6,True,10,25781,0,Whole-file text extraction; seven terminology/logic signals with documented context review; leading-reference/addendum precedence,No signal in this screening; original publication stand retained
assets/downloads/08_woek_wirtschaft_unternehmen_risikomanagement_resilienz_finanzmarkt_detailkonzept_v1_0 2.pdf,659bb16e0d7bbdbe904db931159b0e1d2dddb1d180114ad48cf9ead6fbc51e9e,True,11,32099,3,Whole-file text extraction; seven terminology/logic signals with documented context review; leading-reference/addendum precedence,Historical text preserved; current references and dated addenda apply
assets/downloads/08_woek_wirtschaft_unternehmen_risikomanagement_resilienz_finanzmarkt_detailkonzept_v1_0.pdf,6fa3077586f5c8d1a9852eb3a99aeda4645e45d22a6d8110bec960d64e94e6ae,True,10,29371,0,Whole-file text extraction; seven terminology/logic signals with documented context review; leading-reference/addendum precedence,No signal in this screening; original publication stand retained
assets/downloads/09_woek_wirtschaft_unternehmen_resiliente_wertschoepfungsketten_einkauf_detailkonzept_v1_0 2.pdf,c75f4b54600f52439e2eb75b7e485f88a66c073b6dd9d9eec6e5ca8b59d54f86,True,12,34218,0,Whole-file text extraction; seven terminology/logic signals with documented context review; leading-reference/addendum precedence,No signal in this screening; original publication stand retained
assets/downloads/09_woek_wirtschaft_unternehmen_resiliente_wertschoepfungsketten_einkauf_detailkonzept_v1_0.pdf,a855ac1f6ceda8adbc620808d8b5cdf038ea29c6538401609c64e2bb45a1f7b2,True,12,34266,0,Whole-file text extraction; seven terminology/logic signals with documented context review; leading-reference/addendum precedence,No signal in this screening; original publication stand retained
assets/downloads/10_woek_wirtschaft_unternehmen_wirkungscontrolling_detailkonzept_v1_0 2.pdf,952710579d4065987ad6a67602528ccff59e9b01429d74ed62c2c6c94b6c51cc,True,11,29256,0,Whole-file text extraction; seven terminology/logic signals with documented context review; leading-reference/addendum precedence,No signal in this screening; original publication stand retained
assets/downloads/10_woek_wirtschaft_unternehmen_wirkungscontrolling_detailkonzept_v1_0.pdf,e38e4caaf69cd4e3d70b1d6f34581872d1075909cc333f2ffce77973fb3b7a09,True,11,29251,0,Whole-file text extraction; seven terminology/logic signals with documented context review; leading-reference/addendum precedence,No signal in this screening; original publication stand retained
assets/downloads/11_woek_wirtschaft_unternehmen_produktentwicklung_produktscorecards_dpp_detailkonzept_v1_0 2.pdf,d98c99acfe2b1b9057c1e84d725cb0cbaf4badf76207c64e821c2a9df4e8676c,True,11,30760,0,Whole-file text extraction; seven terminology/logic signals with documented context review; leading-reference/addendum precedence,No signal in this screening; original publication stand retained
assets/downloads/11_woek_wirtschaft_unternehmen_produktentwicklung_produktscorecards_dpp_detailkonzept_v1_0.pdf,9f1506bd4f209728d0bb633f03d671ea933192e222ec601d75cbcb124594a444,True,11,30735,0,Whole-file text extraction; seven terminology/logic signals with documented context review; leading-reference/addendum precedence,No signal in this screening; original publication stand retained
assets/downloads/12_woek_wirtschaft_unternehmen_marketing_vertrieb_fuenftes_p_planet_detailkonzept_v1_0 2.pdf,8e734f09ad9317ab65d2b0e77cbad5a5c36dfcafdf3331d47884fd47c4d5657e,True,10,23983,0,Whole-file text extraction; seven terminology/logic signals with documented context review; leading-reference/addendum precedence,No signal in this screening; original publication stand retained
assets/downloads/12_woek_wirtschaft_unternehmen_marketing_vertrieb_fuenftes_p_planet_detailkonzept_v1_0.pdf,bd524f9a975a22512555b7e1081599797e2524870819490a987edf4d95b6a851,True,10,23983,0,Whole-file text extraction; seven terminology/logic signals with documented context review; leading-reference/addendum precedence,No signal in this screening; original publication stand retained
assets/downloads/13_woek_wirtschaft_unternehmen_bilanz_finanzierung_finanzkommunikation_nach_wirkung_detailkonzept_v1_0 2.pdf,888892bee04a8761283d07c6cb15036fe1ce570a24fe9012ef15dda4b23d4bb7,True,10,22642,0,Whole-file text extraction; seven terminology/logic signals with documented context review; leading-reference/addendum precedence,No signal in this screening; original publication stand retained
assets/downloads/13_woek_wirtschaft_unternehmen_bilanz_finanzierung_finanzkommunikation_nach_wirkung_detailkonzept_v1_0.pdf,85dcca39654046cb609a5cc4c9c17c806da7efb7c52ed34c28bb31f1f5143a06,True,10,22642,0,Whole-file text extraction; seven terminology/logic signals with documented context review; leading-reference/addendum precedence,No signal in this screening; original publication stand retained
assets/downloads/14_woek_wirtschaft_unternehmen_transformation_kmu_tauglichkeit_uebergangspfade_detailkonzept_v1_0 2.pdf,151b3dd2a3e63843ee4393237a42bd9a6fc675a10a11908a90f433e77c8d1b27,True,10,20816,0,Whole-file text extraction; seven terminology/logic signals with documented context review; leading-reference/addendum precedence,No signal in this screening; original publication stand retained
assets/downloads/14_woek_wirtschaft_unternehmen_transformation_kmu_tauglichkeit_uebergangspfade_detailkonzept_v1_0.pdf,0ab17896399fbda9765f7e8382e3a783a79b6ffcc45b07ade552abcb71c05b4f,True,8,18710,0,Whole-file text extraction; seven terminology/logic signals with documented context review; leading-reference/addendum precedence,No signal in this screening; original publication stand retained
assets/downloads/15_woek_produkte_konsum_produkte-als-wirkungstraeger-lebenszyklus_detailkonzept_v1_0 2.pdf,f22bfb1b2174e20508fa788fcd34edb0c350ea482de74c36762cb19ab9619526,True,7,18087,0,Whole-file text extraction; seven terminology/logic signals with documented context review; leading-reference/addendum precedence,No signal in this screening; original publication stand retained
assets/downloads/15_woek_produkte_konsum_produkte-als-wirkungstraeger-lebenszyklus_detailkonzept_v1_0.pdf,a96525f934cf3868f3e2002dc807862e8bfaf6afdc90bff9e57dc0d4033ee07e,True,7,18087,0,Whole-file text extraction; seven terminology/logic signals with documented context review; leading-reference/addendum precedence,No signal in this screening; original publication stand retained
assets/downloads/15_woek_produkte_konsum_produkte-als-wirkungstraeger-lebenszyklus_detailkonzept_v1_1.pdf,0c0c13d621153065d753d89992bb55dfb0190cee768c007dfe830d0c9a3f5fdf,True,9,17824,0,Whole-file text extraction; seven terminology/logic signals with documented context review; leading-reference/addendum precedence,No signal in this screening; original publication stand retained
assets/downloads/16_woek_produkte_konsum_wirkungsumsatzsteuer-produktwirkungssteuer_detailkonzept_v1_0 2.pdf,80bc910e468b9ff6389a1d3c869c0a9d303d7a14f91889434ed8b4d77f727c64,True,7,16145,0,Whole-file text extraction; seven terminology/logic signals with documented context review; leading-reference/addendum precedence,No signal in this screening; original publication stand retained
assets/downloads/16_woek_produkte_konsum_wirkungsumsatzsteuer-produktwirkungssteuer_detailkonzept_v1_0.pdf,9fc997c59b94ef7f9278a250ad68f8512618eb76c701897eaed62182c5a00f5d,True,7,16145,0,Whole-file text extraction; seven terminology/logic signals with documented context review; leading-reference/addendum precedence,No signal in this screening; original publication stand retained
assets/downloads/16_woek_produkte_konsum_wirkungsumsatzsteuer-produktwirkungssteuer_detailkonzept_v1_1.pdf,e9656abd05edb6a248f29f774f91b0c9664e46076f8686d51d8ef8e828df4128,True,8,16557,0,Whole-file text extraction; seven terminology/logic signals with documented context review; leading-reference/addendum precedence,No signal in this screening; original publication stand retained
assets/downloads/17_woek_produkte_konsum_produktscorecards-reverse-merit-order-digitale-produktpaesse_detailkonzept_v1_0 2.pdf,45dff9dd43d85b93f9c187364b8b455220246cff76cf61204ece37d1a8689550,True,8,17342,0,Whole-file text extraction; seven terminology/logic signals with documented context review; leading-reference/addendum precedence,No signal in this screening; original publication stand retained
assets/downloads/17_woek_produkte_konsum_produktscorecards-reverse-merit-order-digitale-produktpaesse_detailkonzept_v1_0.pdf,ec070edf4dbbf5401d501a8bf72c1fc2c60ac8b776ad612f592129b58254258f,True,8,17342,0,Whole-file text extraction; seven terminology/logic signals with documented context review; leading-reference/addendum precedence,No signal in this screening; original publication stand retained
assets/downloads/17_woek_produkte_konsum_produktscorecards-reverse-merit-order-digitale-produktpaesse_detailkonzept_v1_1.pdf,0acd300cc77ca6d49ffa63c1c79605809a12ef8a2dda449a678f4daf8696ee22,True,8,16866,0,Whole-file text extraction; seven terminology/logic signals with documented context review; leading-reference/addendum precedence,No signal in this screening; original publication stand retained
assets/downloads/18_woek_produkte_konsum_apfelbeispiel_produktwirkungsrechnung_detailkonzept_v1_0 2.pdf,38876e791348e6b43f722b343befb0218f5a02aa2dd3714d10f93e57840b652a,True,8,24969,0,Whole-file text extraction; seven terminology/logic signals with documented context review; leading-reference/addendum precedence,No signal in this screening; original publication stand retained
assets/downloads/18_woek_produkte_konsum_apfelbeispiel_produktwirkungsrechnung_detailkonzept_v1_0.pdf,df2b86f5c2bfff7baeccc41469976ba9d172109c2714368f375f50f27f684e34,True,10,24967,0,Whole-file text extraction; seven terminology/logic signals with documented context review; leading-reference/addendum precedence,No signal in this screening; original publication stand retained
assets/downloads/18_woek_produkte_konsum_apfelbeispiel_produktwirkungsrechnung_detailkonzept_v1_1.pdf,d137cf6e41fcb2654c1995ce94210a5ab7d1f2e630cf361d229a55b807f109dd,True,13,25960,0,Whole-file text extraction; seven terminology/logic signals with documented context review; leading-reference/addendum precedence,No signal in this screening; original publication stand retained
assets/downloads/19_woek_produkte_konsum_lieferketten_importlogik_wirkungsvorsteuer_detailkonzept_v1_0 2.pdf,4399dbde84518befbdc78f8b08dd25f1d7bd4fcd79517230357f9a5440b13fbe,True,8,21669,0,Whole-file text extraction; seven terminology/logic signals with documented context review; leading-reference/addendum precedence,No signal in this screening; original publication stand retained
assets/downloads/19_woek_produkte_konsum_lieferketten_importlogik_wirkungsvorsteuer_detailkonzept_v1_0.pdf,fad20c0d9b55216732a4886653ba67a8190254ffe64256f4332b656b6964be87,True,10,21668,0,Whole-file text extraction; seven terminology/logic signals with documented context review; leading-reference/addendum precedence,No signal in this screening; original publication stand retained
assets/downloads/19_woek_produkte_konsum_lieferketten_importlogik_wirkungsvorsteuer_detailkonzept_v1_1.pdf,adb8043d446997bb9cc8ec268e549ef4341117aa8466b854f9bedf4f574011dd,True,12,22628,0,Whole-file text extraction; seven terminology/logic signals with documented context review; leading-reference/addendum precedence,No signal in this screening; original publication stand retained
assets/downloads/20_woek_produkte_konsum_konzernbeispiel_csrd_produktscorecard_detailkonzept_v1_0 2.pdf,0be22d06b4a3e78fd6dc72a22948aa8aa63deb6b1d5d4c745f4379fbcf74cdb7,True,8,20756,0,Whole-file text extraction; seven terminology/logic signals with documented context review; leading-reference/addendum precedence,No signal in this screening; original publication stand retained
assets/downloads/20_woek_produkte_konsum_konzernbeispiel_csrd_produktscorecard_detailkonzept_v1_0.pdf,90ca9521b1a855696a79e086c7ac5407a5345098ddf245fff05a7040a304f927,True,9,20755,0,Whole-file text extraction; seven terminology/logic signals with documented context review; leading-reference/addendum precedence,No signal in this screening; original publication stand retained
assets/downloads/20_woek_produkte_konsum_konzernbeispiel_csrd_produktscorecard_detailkonzept_v1_1.pdf,fe24761453029978b180e3028f5fc45bc024cec8abf464d2d8fe71094486dcd2,True,11,21293,0,Whole-file text extraction; seven terminology/logic signals with documented context review; leading-reference/addendum precedence,No signal in this screening; original publication stand retained
assets/downloads/21_woek_impact_controlling_woek_ids_indikatorenarchitektur_methodenpapier_v1_0 2.pdf,4057c382d26221b3b61bb9897fe43d9ac69af1cf752805a866669375dd1308a6,True,9,21505,0,Whole-file text extraction; seven terminology/logic signals with documented context review; leading-reference/addendum precedence,No signal in this screening; original publication stand retained
assets/downloads/21_woek_impact_controlling_woek_ids_indikatorenarchitektur_methodenpapier_v1_0.pdf,9971108c62242d8e15b8075c675febacbfa2c897477cc2b163bc0546aa3c2c9e,True,9,21505,0,Whole-file text extraction; seven terminology/logic signals with documented context review; leading-reference/addendum precedence,No signal in this screening; original publication stand retained
assets/downloads/22_woek_impact_controlling_scorecards_benchmarks_nwi_methodenpapier_v1_0 2.pdf,d3565eee0144f036f2184dd3f9b395f3b05d4bd11dd8e44514229b196864e7aa,True,9,18951,0,Whole-file text extraction; seven terminology/logic signals with documented context review; leading-reference/addendum precedence,No signal in this screening; original publication stand retained
assets/downloads/22_woek_impact_controlling_scorecards_benchmarks_nwi_methodenpapier_v1_0.pdf,55d30559309b75e6411e6bf73429b44fad1ddf0d48eb1b8d31fef53129713667,True,9,18951,0,Whole-file text extraction; seven terminology/logic signals with documented context review; leading-reference/addendum precedence,No signal in this screening; original publication stand retained
assets/downloads/23_woek_impact_controlling_t_sroi_transformationsmessung_methodenpapier_v1_0 2.pdf,d8752f59e980a1df06058a66611c6b5a9b957265f37247c5f7f733026f81f9a4,True,9,19577,8,Whole-file text extraction; seven terminology/logic signals with documented context review; leading-reference/addendum precedence,Historical text preserved; current references and dated addenda apply
assets/downloads/23_woek_impact_controlling_t_sroi_transformationsmessung_methodenpapier_v1_0.pdf,8ac09fb8c45962ee9d9c4b9145a7af0ef94f14cc2bec897afcc1a834f87f70cc,True,9,19547,8,Whole-file text extraction; seven terminology/logic signals with documented context review; leading-reference/addendum precedence,Historical text preserved; current references and dated addenda apply
assets/downloads/23_woek_impact_controlling_t_sroi_transformationsmessung_methodenpapier_v1_1.pdf,ee50af8fd726fc8155c7f35d4d6f4e7db609dee068eb3ec4afd17e28047ad9c9,True,6,10626,1,Whole-file text extraction; seven terminology/logic signals with documented context review; leading-reference/addendum precedence,Historical text preserved; current references and dated addenda apply
assets/downloads/24_woek_staat_recht_demokratie_wirkung_als_rechtsprinzip_wstg_detailkonzept_v1_0 2.pdf,3436b06b5a9b95b7b196d67de75540d9428e63bb85a41c52cadcfdc090784460,True,6,12363,0,Whole-file text extraction; seven terminology/logic signals with documented context review; leading-reference/addendum precedence,No signal in this screening; original publication stand retained
assets/downloads/24_woek_staat_recht_demokratie_wirkung_als_rechtsprinzip_wstg_detailkonzept_v1_0.pdf,4b68c03b9f851c294e0546e5f682ebfd6d2ac43f30f8f8a81c5b654f6dd5b4ca,True,7,12488,0,Whole-file text extraction; seven terminology/logic signals with documented context review; leading-reference/addendum precedence,No signal in this screening; original publication stand retained
assets/downloads/25_woek_staat_recht_demokratie_wirkungshaushalt_wirkungsfolgenabschaetzung_detailkonzept_v1_0 2.pdf,bf3b83bf8c5dd34ce6ff063db03e49a59ea998a4a9d28dc1bebbcccb72d54c92,True,6,11616,0,Whole-file text extraction; seven terminology/logic signals with documented context review; leading-reference/addendum precedence,No signal in this screening; original publication stand retained
assets/downloads/25_woek_staat_recht_demokratie_wirkungshaushalt_wirkungsfolgenabschaetzung_detailkonzept_v1_0.pdf,8da7cd9c16034f5c77d7b9cb16972c7c1db912af5b135c7f1a42d1c2fa23efe4,True,7,11741,0,Whole-file text extraction; seven terminology/logic signals with documented context review; leading-reference/addendum precedence,No signal in this screening; original publication stand retained
assets/downloads/26_woek_staat_recht_demokratie_wirkungsrat_governance_rechtsschutz_detailkonzept_v1_0 2.pdf,fbe7f13ab99511ef9475a1190b1c4f609354f79d871573d3b138889b564bccfc,True,6,11086,0,Whole-file text extraction; seven terminology/logic signals with documented context review; leading-reference/addendum precedence,No signal in this screening; original publication stand retained
assets/downloads/26_woek_staat_recht_demokratie_wirkungsrat_governance_rechtsschutz_detailkonzept_v1_0.pdf,327623ffa0c275f6ee35b0d5fc389e3c65481275725e80b655ac766697f8338b,True,7,11213,0,Whole-file text extraction; seven terminology/logic signals with documented context review; leading-reference/addendum precedence,No signal in this screening; original publication stand retained
assets/downloads/27_woek_staat_recht_demokratie_staat_als_wirkungsarchitektur_resilienzstaat_detailkonzept_v1_0 2.pdf,b00514bcd9391855f065e065c5665519defb8ffaa39e97eb033855988f27051f,True,7,13939,0,Whole-file text extraction; seven terminology/logic signals with documented context review; leading-reference/addendum precedence,No signal in this screening; original publication stand retained
assets/downloads/27_woek_staat_recht_demokratie_staat_als_wirkungsarchitektur_resilienzstaat_detailkonzept_v1_0.pdf,9e4e69351769345741be73cbb2d93a1352a78f73f08389ae36036815beaa5f8d,True,7,13938,0,Whole-file text extraction; seven terminology/logic signals with documented context review; leading-reference/addendum precedence,No signal in this screening; original publication stand retained
assets/downloads/28_woek_staat_recht_demokratie_grundrechte_verhaeltnismaessigkeit_technokratieschutz_detailkonzept_v1_0 2.pdf,a9090029d1433db03a53bd6af734598115f48b49870198e35dfdc8f7b2a477a9,True,6,12725,0,Whole-file text extraction; seven terminology/logic signals with documented context review; leading-reference/addendum precedence,No signal in this screening; original publication stand retained
assets/downloads/28_woek_staat_recht_demokratie_grundrechte_verhaeltnismaessigkeit_technokratieschutz_detailkonzept_v1_0.pdf,efbe5f707564b0dd88e7c85e5d5110a7799c25fb5a8bee080208fcdb93393c38,True,7,12851,0,Whole-file text extraction; seven terminology/logic signals with documented context review; leading-reference/addendum precedence,No signal in this screening; original publication stand retained
assets/downloads/29_woek_staat_recht_demokratie_demokratie_rechtsstaat_sdgplus_wirkungsraum_detailkonzept_v1_0 2.pdf,4ca013a1f2be3b57f74536536893c397c657a63f232035a484d9bd8ee6acdb88,True,6,14248,0,Whole-file text extraction; seven terminology/logic signals with documented context review; leading-reference/addendum precedence,No signal in this screening; original publication stand retained
assets/downloads/29_woek_staat_recht_demokratie_demokratie_rechtsstaat_sdgplus_wirkungsraum_detailkonzept_v1_0.pdf,a135950f240d071e793518b1c2924f7c541e9662f4b8459becc101fb5cfea8e5,True,8,14498,0,Whole-file text extraction; seven terminology/logic signals with documented context review; leading-reference/addendum precedence,No signal in this screening; original publication stand retained
assets/downloads/30_woek_finanzsystem_kapital_kapitalwirkung_statt_kapitalrendite_detailkonzept_v1_0 2.pdf,4e90011c2932ba0262990d7642e7d1ef83c4d5e27ed9cfea50dbb07235bcccad,True,7,20040,3,Whole-file text extraction; seven terminology/logic signals with documented context review; leading-reference/addendum precedence,Historical text preserved; current references and dated addenda apply
assets/downloads/30_woek_finanzsystem_kapital_kapitalwirkung_statt_kapitalrendite_detailkonzept_v1_0.pdf,fbf17ddd4d640e80ce91131acdf7807d9a2b52d558937181871d4224ec7cf97d,True,7,18551,0,Whole-file text extraction; seven terminology/logic signals with documented context review; leading-reference/addendum precedence,No signal in this screening; original publication stand retained
assets/downloads/31_woek_finanzsystem_kapital_wirkungsfonds_dacharchitektur_detailkonzept_v1_0 2.pdf,1a683628e42f0c6c551e33f43c2d4cd5038e8b3cdb7e0458f02abb9ad1de5565,True,7,17977,3,Whole-file text extraction; seven terminology/logic signals with documented context review; leading-reference/addendum precedence,Historical text preserved; current references and dated addenda apply
assets/downloads/31_woek_finanzsystem_kapital_wirkungsfonds_dacharchitektur_detailkonzept_v1_0.pdf,781482491791795c774e25b7c9a6e3cce0012f5887e13eaed7a1f963775066d0,True,7,16989,0,Whole-file text extraction; seven terminology/logic signals with documented context review; leading-reference/addendum precedence,No signal in this screening; original publication stand retained
assets/downloads/32_woek_finanzsystem_kapital_portfolio_banken_versicherungen_kapitalzugang_detailkonzept_v1_0 2.pdf,cd95cddef0976895fa8e5adee9365ba1be64d044c4876ba313d40fd54c7a91ed,True,5,16324,0,Whole-file text extraction; seven terminology/logic signals with documented context review; leading-reference/addendum precedence,No signal in this screening; original publication stand retained
assets/downloads/32_woek_finanzsystem_kapital_portfolio_banken_versicherungen_kapitalzugang_detailkonzept_v1_0.pdf,3b5642df725383e85b9eb5872fe7df5160ed41b843855cb588edc17df1ae5c0e,True,7,16495,0,Whole-file text extraction; seven terminology/logic signals with documented context review; leading-reference/addendum precedence,No signal in this screening; original publication stand retained
assets/downloads/33_woek_finanzsystem_kapital_esg_ratings_boersen_impact_exchange_detailkonzept_v1_0 2.pdf,ce3e1d7b4d69269c4e048f18ebea804c1caa6055bb04516ec88588329e11e10c,True,6,13522,0,Whole-file text extraction; seven terminology/logic signals with documented context review; leading-reference/addendum precedence,No signal in this screening; original publication stand retained
assets/downloads/33_woek_finanzsystem_kapital_esg_ratings_boersen_impact_exchange_detailkonzept_v1_0.pdf,41cbd530dcd55c95cf0a65ea9992e7b26c3da7c45ea312b9881fac7e3f32fbdc,True,6,13522,0,Whole-file text extraction; seven terminology/logic signals with documented context review; leading-reference/addendum precedence,No signal in this screening; original publication stand retained
assets/downloads/34_woek_finanzsystem_kapital_buergerinnenfonds_wirkungsrente_kapitalteilhabe_detailkonzept_v1_0 2.pdf,ed09723e7822d768e9eee3df3e2e0b142420a32750a4c5ac3c14ae0b9888c62b,True,6,13854,0,Whole-file text extraction; seven terminology/logic signals with documented context review; leading-reference/addendum precedence,No signal in this screening; original publication stand retained
assets/downloads/34_woek_finanzsystem_kapital_buergerinnenfonds_wirkungsrente_kapitalteilhabe_detailkonzept_v1_0.pdf,7e889df9d4c880d1efc51f4a170c3de73b0ed725fc8827a8d8887544c63b6143,True,6,13854,0,Whole-file text extraction; seven terminology/logic signals with documented context review; leading-reference/addendum precedence,No signal in this screening; original publication stand retained
assets/downloads/35_woek_finanzsystem_kapital_steuer_abgabenarchitektur_kapital_detailkonzept_v1_0 2.pdf,f5826fc214ed8a820842be37b0c958a073a1c4260a1538c99cfd49592d61595b,True,6,14516,1,Whole-file text extraction; seven terminology/logic signals with documented context review; leading-reference/addendum precedence,Historical text preserved; current references and dated addenda apply
assets/downloads/35_woek_finanzsystem_kapital_steuer_abgabenarchitektur_kapital_detailkonzept_v1_0.pdf,4271b4c7d685a2c10781a3bff2342527f34544ae2a6a1b959b105f0b4ed07918,True,6,14516,1,Whole-file text extraction; seven terminology/logic signals with documented context review; leading-reference/addendum precedence,Historical text preserved; current references and dated addenda apply
assets/downloads/arbeitspapier_folgencheck_wirkungspolitische_sprache_v0_1.pdf,25cdd08c5ccb74c7d66ba9dc94d8895de5094783858f44d02602878fb547fd3d,True,21,78996,1,Whole-file text extraction; seven terminology/logic signals with documented context review; leading-reference/addendum precedence,Historical text preserved; current references and dated addenda apply
assets/downloads/exports/sdg-sdgplus/woek_sdg_sdgplus_referenzrahmen_vertiefungskonzept_lesefassung_v0_3.pdf,e9c75ba2be9680ca2b55927195afcd8aaf7b05bcae44de6b7b544e1b713ea439,True,36,68885,0,Whole-file text extraction; seven terminology/logic signals with documented context review; leading-reference/addendum precedence,No signal in this screening; original publication stand retained
assets/downloads/grundlagen/woemm-2.0-referenzfassung.pdf,1450cb5c1955f0451909333009249c75b86d9328c16aa4f82c0a4e7723c7b896,True,98,186997,0,Whole-file text extraction; seven terminology/logic signals with documented context review; leading-reference/addendum precedence,No signal in this screening; original publication stand retained
assets/downloads/grundlagen/woems-2.0-referenzfassung.pdf,10820c06a12ae6c072175abc8f01acb4d7dfc6fb9823add7469b31af58bfd57a,True,387,620312,1,Whole-file text extraction; seven terminology/logic signals with documented context review; leading-reference/addendum precedence,Historical text preserved; current references and dated addenda apply
assets/downloads/impact-controlling-einfach-erklaert.pdf,9a4301b89a7e945b3b9b7b10b59b31d3ce6a6bf35c2e65cd5ff2a5dca8a3b34a,True,33,17248,1,Whole-file text extraction; seven terminology/logic signals with documented context review; leading-reference/addendum precedence,Historical text preserved; current references and dated addenda apply
assets/downloads/kommunaler_wirkungsindex_kwi_diskussionspapier_1_0.pdf,85a82e43f9fad1e3dcdfd16ab048cd60e597a1a0364cd092fd2a5dba48912d21,True,60,128336,0,Whole-file text extraction; seven terminology/logic signals with documented context review; leading-reference/addendum precedence,No signal in this screening; original publication stand retained
assets/downloads/rang-15-migration-vielfalt/00_Bestands-und-Nachlieferliste_Rang15.pdf,e0ed71e80e87af7e55cf8f4ca196e23c115414eef28ddd0dca4040a7027b96e9,True,1,2722,0,Whole-file text extraction; seven terminology/logic signals with documented context review; leading-reference/addendum precedence,No signal in this screening; original publication stand retained
assets/downloads/rang-15-migration-vielfalt/01_Portalstartseite_Migration-und-Vielfalt.pdf,c7728f3d79d089e8321badd4c486783aca5a28e99a87defdc154c0290cdff70c,True,4,9717,0,Whole-file text extraction; seven terminology/logic signals with documented context review; leading-reference/addendum precedence,No signal in this screening; original publication stand retained
assets/downloads/rang-15-migration-vielfalt/02_Konzeptpapier_Migration-und-Vielfalt.pdf,d4fa249d9fa5a66af225cb4f0b0cf23c8f21334072b6b39bc341d57b8aafce0f,True,5,13893,0,Whole-file text extraction; seven terminology/logic signals with documented context review; leading-reference/addendum precedence,No signal in this screening; original publication stand retained
assets/downloads/rang-15-migration-vielfalt/03_Gesamtdossier_Migration-und-Vielfalt.pdf,8c494dd16e05f3f5a2a0df82055c64ee0e12ac9cff4de8b112081282fe9b16be,True,6,16597,0,Whole-file text extraction; seven terminology/logic signals with documented context review; leading-reference/addendum precedence,No signal in this screening; original publication stand retained
assets/downloads/rang-15-migration-vielfalt/04_Detailkonzept_Migration-als-Wirkungsfeld.pdf,09c32c202ed26fc9c4428a145517a39d23e7cce43145ef1ad693f7ae185ed77b,True,5,16075,0,Whole-file text extraction; seven terminology/logic signals with documented context review; leading-reference/addendum precedence,No signal in this screening; original publication stand retained
assets/downloads/rang-15-migration-vielfalt/05_Detailkonzept_Integration-als-Infrastruktur.pdf,7a9008e309562cf92989a1569e23e014b67fe1c96a3b26488a51237e80a220d9,True,5,15793,0,Whole-file text extraction; seven terminology/logic signals with documented context review; leading-reference/addendum precedence,No signal in this screening; original publication stand retained
assets/downloads/rang-15-migration-vielfalt/06_Detailkonzept_Vielfalt-als-Resilienzfaktor.pdf,7f42dbe7bd44e2f513f304f1ca79cffefbf7961a16152c8f62999ea7391c2e9b,True,5,15524,0,Whole-file text extraction; seven terminology/logic signals with documented context review; leading-reference/addendum precedence,No signal in this screening; original publication stand retained
assets/downloads/rang-15-migration-vielfalt/07_Detailkonzept_Zugehoerigkeit-und-Teilgabe.pdf,9ef5eac30c3af8ef3f94a7201b633c1ad32e2833037214efb7fe058f545a6379,True,5,15241,0,Whole-file text extraction; seven terminology/logic signals with documented context review; leading-reference/addendum precedence,No signal in this screening; original publication stand retained
assets/downloads/rang-15-migration-vielfalt/08_Detailkonzept_Arbeitsmarkt-Fachkraefte-Demografie.pdf,5d2695b1610a87e6ce6a7aa08f878aedf6118197a09746e23ea65e06ec6fca2c,True,5,15221,0,Whole-file text extraction; seven terminology/logic signals with documented context review; leading-reference/addendum precedence,No signal in this screening; original publication stand retained
assets/downloads/rang-15-migration-vielfalt/09_Detailkonzept_Bildung-Sprache-Wirkungskompetenz.pdf,afc037bb589e6972c15043e01c90e413703a0b7871f29b71b52cdfd6061524ff,True,5,15017,0,Whole-file text extraction; seven terminology/logic signals with documented context review; leading-reference/addendum precedence,No signal in this screening; original publication stand retained
assets/downloads/rang-15-migration-vielfalt/10_Detailkonzept_Wohnen-Quartiere-Sozialraeume.pdf,f42f9f4125eb19a158fab83b6d08bed1f0e970e12435e434358c678cfad69718,True,5,14917,0,Whole-file text extraction; seven terminology/logic signals with documented context review; leading-reference/addendum precedence,No signal in this screening; original publication stand retained
assets/downloads/rang-15-migration-vielfalt/11_Detailkonzept_Gesundheit-Trauma-Stabilitaet.pdf,99116e048f1ee724b9f8d5d1fe09e81bfdc644309fb215a9ae20a84aa6de44c4,True,5,15088,0,Whole-file text extraction; seven terminology/logic signals with documented context review; leading-reference/addendum precedence,No signal in this screening; original publication stand retained
assets/downloads/rang-15-migration-vielfalt/12_Detailkonzept_Diskurs-Medien-Polarisierung.pdf,7e58fe3530f142f779767ba560487464a8d31b28a94dbdce5f1781ab166a5dfc,True,5,15168,0,Whole-file text extraction; seven terminology/logic signals with documented context review; leading-reference/addendum precedence,No signal in this screening; original publication stand retained
assets/downloads/rang-15-migration-vielfalt/13_Detailkonzept_Kommunale-Integrationsarchitektur.pdf,ccf5de1089e82a81d729b984fb12014985d92fdb0dc0dfb0ecb09548f367e478,True,5,14983,0,Whole-file text extraction; seven terminology/logic signals with documented context review; leading-reference/addendum precedence,No signal in this screening; original publication stand retained
assets/downloads/rang-15-migration-vielfalt/14_Wirkungsindikatoren_Migration-und-Vielfalt.pdf,f1edc327aadf68b0f37db9165b3774a9b79ec0e8fc47699e4b14486d95b35635,True,4,10683,0,Whole-file text extraction; seven terminology/logic signals with documented context review; leading-reference/addendum precedence,No signal in this screening; original publication stand retained
assets/downloads/rang-15-migration-vielfalt/15_Toolkarten_Migration-und-Vielfalt.pdf,8b2d95b39e23c21ab5acfc1e464f6c1d181f8adcef197b42870b7f54b77cdd38,True,2,2766,0,Whole-file text extraction; seven terminology/logic signals with documented context review; leading-reference/addendum precedence,No signal in this screening; original publication stand retained
assets/downloads/rang-15-migration-vielfalt/16_Politische-Anschlussfaehigkeit_Migration-und-Vielfalt.pdf,01b45d7898ada32363cb812959341b02ff806397bfb57e8230ccd3aca2faebb7,True,3,6446,0,Whole-file text extraction; seven terminology/logic signals with documented context review; leading-reference/addendum precedence,No signal in this screening; original publication stand retained
assets/downloads/rang-15-migration-vielfalt/17_SDG-SDGplus-Block_Migration-und-Vielfalt.pdf,ec73ecbcfa85fb6ce0e6b657951e33ff4cb7b16a7ef510ed97c9b2a8309f20b5,True,2,4302,0,Whole-file text extraction; seven terminology/logic signals with documented context review; leading-reference/addendum precedence,No signal in this screening; original publication stand retained
assets/downloads/rang-15-migration-vielfalt/18_Quellen-und-Glossarlinks_Migration-und-Vielfalt.pdf,6daef2d04b51bdd1d6c35d0886362a180febc1edb795b2ff258cb1b577b09ed9,True,2,3319,0,Whole-file text extraction; seven terminology/logic signals with documented context review; leading-reference/addendum precedence,No signal in this screening; original publication stand retained
assets/downloads/rang-15-migration-vielfalt/README_Rang15_Migration-und-Vielfalt.pdf,85ac3679ebf4fa526c09db0341c3af2370defb10ad98529f1d8af4de623b9f77,True,1,1188,0,Whole-file text extraction; seven terminology/logic signals with documented context review; leading-reference/addendum precedence,No signal in this screening; original publication stand retained
assets/downloads/rang-15-migration-vielfalt/WOeK_Rang15_Gesamtpaket_Migration-und-Vielfalt.pdf,1368eacbeffb454245198c21f31236adbd338a0f215cd9f25f047e12b899b8ae,True,81,225112,0,Whole-file text extraction; seven terminology/logic signals with documented context review; leading-reference/addendum precedence,No signal in this screening; original publication stand retained
assets/downloads/rang-16-sicherheit-resilienz/00_portalstartseite.pdf,8df2eb4c6e673269f6ddc1f1f9e49bed593fa65ce956c6ef5c163351e8a9a9c3,True,3,6694,0,Whole-file text extraction; seven terminology/logic signals with documented context review; leading-reference/addendum precedence,No signal in this screening; original publication stand retained
assets/downloads/rang-16-sicherheit-resilienz/01_bestands_und_nachlieferliste.pdf,e59359923ed88fb43d20b7f1cd7b66145851943f7689fd15535c529b9c783e20,True,3,3560,0,Whole-file text extraction; seven terminology/logic signals with documented context review; leading-reference/addendum precedence,No signal in this screening; original publication stand retained
assets/downloads/rang-16-sicherheit-resilienz/01_detail_sicherheit_als_wirkungsfrage.pdf,842839a571e2f3fb6795eaa49bc198fcebd0df0de848db4e683abd18acf5c2c1,True,7,18428,0,Whole-file text extraction; seven terminology/logic signals with documented context review; leading-reference/addendum precedence,No signal in this screening; original publication stand retained
assets/downloads/rang-16-sicherheit-resilienz/02_detail_resilienzstaat_kritische_funktionen.pdf,70fe157ab8187d3d7a788f534846eb14a9f74ae4bc80f6580ed23e98d6df6165,True,7,18054,0,Whole-file text extraction; seven terminology/logic signals with documented context review; leading-reference/addendum precedence,No signal in this screening; original publication stand retained
assets/downloads/rang-16-sicherheit-resilienz/02_konzeptpapier.pdf,3c0ca4fdc439e8de074bcd3282611415e08b491464e118419401d3c85124d858,True,4,8453,0,Whole-file text extraction; seven terminology/logic signals with documented context review; leading-reference/addendum precedence,No signal in this screening; original publication stand retained
assets/downloads/rang-16-sicherheit-resilienz/03_detail_kritische_infrastruktur_demokratische_infrastruktur.pdf,a5ebda8a0d1f0f881bd9ac972514066d487777365b9e8c05afd08af6957f4485,True,7,18060,0,Whole-file text extraction; seven terminology/logic signals with documented context review; leading-reference/addendum precedence,No signal in this screening; original publication stand retained
assets/downloads/rang-16-sicherheit-resilienz/03_gesamtdossier.pdf,03c19c95b7b465524fa8e6dbafd605afaa37089866811037ccc7c1e63f5675f3,True,15,38282,0,Whole-file text extraction; seven terminology/logic signals with documented context review; leading-reference/addendum precedence,No signal in this screening; original publication stand retained
assets/downloads/rang-16-sicherheit-resilienz/04_detail_cyberresilienz_digitale_verwundbarkeit.pdf,fb6b11357b0a400b551cc154083c94176d52c7d156829fda63f1c63782bb229d,True,7,18025,0,Whole-file text extraction; seven terminology/logic signals with documented context review; leading-reference/addendum precedence,No signal in this screening; original publication stand retained
assets/downloads/rang-16-sicherheit-resilienz/05_detail_hybride_risiken_demokratieverteidigung.pdf,6914a47bd9ce73f87ce56d930e84056ba6402ca2accc58435cc2f03d125dd531,True,7,18166,0,Whole-file text extraction; seven terminology/logic signals with documented context review; leading-reference/addendum precedence,No signal in this screening; original publication stand retained
assets/downloads/rang-16-sicherheit-resilienz/06_detail_katastrophenschutz_bevoelkerungsvorsorge.pdf,69ad6f655e889268c5f09936d5d7275436722b871148611c23ecfc4cbf7a9966,True,7,17940,0,Whole-file text extraction; seven terminology/logic signals with documented context review; leading-reference/addendum precedence,No signal in this screening; original publication stand retained
assets/downloads/rang-16-sicherheit-resilienz/07_detail_energie_wasser_ernaehrung_gesundheit.pdf,b831d3c7c5fd218b9432e90ff5f25c20ba72feeb2b97ec2deab5a5e0e07cc49d,True,7,17889,0,Whole-file text extraction; seven terminology/logic signals with documented context review; leading-reference/addendum precedence,No signal in this screening; original publication stand retained
assets/downloads/rang-16-sicherheit-resilienz/08_detail_lieferketten_rohstoffe_finanzresilienz.pdf,d410e13268c10a2b834826785a4ed108a2aa491ed60ab6a281873837b03d15a8,True,7,17904,0,Whole-file text extraction; seven terminology/logic signals with documented context review; leading-reference/addendum precedence,No signal in this screening; original publication stand retained
assets/downloads/rang-16-sicherheit-resilienz/09_detail_kommunale_resilienz_sozialraeume.pdf,ce536242d1892964403de257710e45dfe2d2a520190b94e8dfcbaa6a5b1f5754,True,7,17816,0,Whole-file text extraction; seven terminology/logic signals with documented context review; leading-reference/addendum precedence,No signal in this screening; original publication stand retained
assets/downloads/rang-16-sicherheit-resilienz/10_detail_dienstjahr_fuer_wirkung.pdf,84bc32c27a7986fddac689eb3a41ceda71340633745348dbb0305707d6010247,True,7,17849,0,Whole-file text extraction; seven terminology/logic signals with documented context review; leading-reference/addendum precedence,No signal in this screening; original publication stand retained
assets/downloads/rang-16-sicherheit-resilienz/11_detail_aussenpolitik_globale_resilienz.pdf,64d5f369a0f60e0420482bf2f65dcdc109054c5973bf86892bfd36721ce612dc,True,7,17972,0,Whole-file text extraction; seven terminology/logic signals with documented context review; leading-reference/addendum precedence,No signal in this screening; original publication stand retained
assets/downloads/rang-16-sicherheit-resilienz/12_detail_wirkungsindikatoren_resilienz.pdf,263faa4aa760ddb65bf51c24e9dac972da2da2c1f1d0f20269f152a377f229ff,True,7,17903,0,Whole-file text extraction; seven terminology/logic signals with documented context review; leading-reference/addendum precedence,No signal in this screening; original publication stand retained
assets/downloads/rang-16-sicherheit-resilienz/16_sdg_sdgplus_block.pdf,81c472f2ba0b4864eb9e5aa18e9a59f8ecfa2670d45205bfa51ceafc08179114,True,2,2864,0,Whole-file text extraction; seven terminology/logic signals with documented context review; leading-reference/addendum precedence,No signal in this screening; original publication stand retained
assets/downloads/rang-16-sicherheit-resilienz/17_politische_anschlussfaehigkeit.pdf,a006935ace8649fa4153c9a6af78f52c9be11d44e14017aee2a82f6958f5ab4a,True,3,4665,0,Whole-file text extraction; seven terminology/logic signals with documented context review; leading-reference/addendum precedence,No signal in this screening; original publication stand retained
assets/downloads/rang-16-sicherheit-resilienz/18_toolkarten.pdf,8eda7b5eface41495418ef97637ae4ba6b4c313c21ff7702e59d63dd46fd8136,True,3,3420,0,Whole-file text extraction; seven terminology/logic signals with documented context review; leading-reference/addendum precedence,No signal in this screening; original publication stand retained
assets/downloads/rang-16-sicherheit-resilienz/19_quellen_und_glossarlinks.pdf,c82c6ab4d310f7bba586596810c16a6066557bfb7b1d8a7f7b72fee487889df6,True,3,2983,0,Whole-file text extraction; seven terminology/logic signals with documented context review; leading-reference/addendum precedence,No signal in this screening; original publication stand retained
assets/downloads/rang-16-sicherheit-resilienz/20_downloadstruktur.pdf,aa309dd0fa4b0fecaf70e0377c92ac23dec6ee31285708bc162740f09f0a6275,True,3,3591,0,Whole-file text extraction; seven terminology/logic signals with documented context review; leading-reference/addendum precedence,No signal in this screening; original publication stand retained
assets/downloads/rang-16-sicherheit-resilienz/WOeK_Rang16_Gesamtpaket_Alle_Inhalte_v1.0.pdf,c795b523a9d11b08bf4af77c87e8c567e4e0156205dd2f96a07509374199c0e0,True,123,290518,0,Whole-file text extraction; seven terminology/logic signals with documented context review; leading-reference/addendum precedence,No signal in this screening; original publication stand retained
assets/downloads/rang-17-digitalisierung-ki/00_portalstartseite 2.pdf,ca04a2c7291914a219d43b9122a3a09a1c53713b1ca5b0bd8de8f168a1f5c535,True,6,6410,0,Whole-file text extraction; seven terminology/logic signals with documented context review; leading-reference/addendum precedence,No signal in this screening; original publication stand retained
assets/downloads/rang-17-digitalisierung-ki/00_portalstartseite.pdf,6f5bba568524b0578cf588df7d5b645107c621c301b10f6aa8589b8261fe00eb,True,6,6410,0,Whole-file text extraction; seven terminology/logic signals with documented context review; leading-reference/addendum precedence,No signal in this screening; original publication stand retained
assets/downloads/rang-17-digitalisierung-ki/01_konzeptpapier 2.pdf,77bff14bbacfc4a087a04079ad4e6ed42a52ddf767b62c75d517a3cf990a8bfd,True,11,38210,0,Whole-file text extraction; seven terminology/logic signals with documented context review; leading-reference/addendum precedence,No signal in this screening; original publication stand retained
assets/downloads/rang-17-digitalisierung-ki/01_konzeptpapier.pdf,725f0aea497bb1dabc1b413bb17326d331beac7ecf47a52a9ca1b501f96966c3,True,11,38210,0,Whole-file text extraction; seven terminology/logic signals with documented context review; leading-reference/addendum precedence,No signal in this screening; original publication stand retained
assets/downloads/rang-17-digitalisierung-ki/02_gesamtdossier 2.pdf,e410603d6165811403689a2391a3a006c6f49ccd986f8e81f49aa2a8773faa33,True,15,52915,0,Whole-file text extraction; seven terminology/logic signals with documented context review; leading-reference/addendum precedence,No signal in this screening; original publication stand retained
assets/downloads/rang-17-digitalisierung-ki/02_gesamtdossier.pdf,7200c1e319943aaa49ff1f1e2f8cdd14f8c9c3566f96b061778051511b923c62,True,15,52915,0,Whole-file text extraction; seven terminology/logic signals with documented context review; leading-reference/addendum precedence,No signal in this screening; original publication stand retained
assets/downloads/rang-17-digitalisierung-ki/03_detail_digitale_produktpaesse 2.pdf,b442e572101b3a59fe95bdd0e77898fe953d393cafcda5e327816655728b9983,True,9,25253,0,Whole-file text extraction; seven terminology/logic signals with documented context review; leading-reference/addendum precedence,No signal in this screening; original publication stand retained
assets/downloads/rang-17-digitalisierung-ki/03_detail_digitale_produktpaesse.pdf,dddb6dfc31738b0822b5b65147d488863ab9245ef4fae51e41d4c26c8ff45df9,True,9,25253,0,Whole-file text extraction; seven terminology/logic signals with documented context review; leading-reference/addendum precedence,No signal in this screening; original publication stand retained
assets/downloads/rang-17-digitalisierung-ki/04_detail_wirkungsdatenraeume 2.pdf,f24632d38b776ec33dab02ca4bd3e974506971e32fb528e3dd82eba7ee3f9240,True,9,25210,0,Whole-file text extraction; seven terminology/logic signals with documented context review; leading-reference/addendum precedence,No signal in this screening; original publication stand retained
assets/downloads/rang-17-digitalisierung-ki/04_detail_wirkungsdatenraeume.pdf,4abf66cae184a74a699a5720365c6e296cf0d53c9aa1ddbcc2f73eb24b24c5a3,True,9,25210,0,Whole-file text extraction; seven terminology/logic signals with documented context review; leading-reference/addendum precedence,No signal in this screening; original publication stand retained
assets/downloads/rang-17-digitalisierung-ki/05_detail_ki_governance 2.pdf,6d695c885e24d3e33257acda168041f391b3dd10962ba6203432e9fd5044eb55,True,9,25029,0,Whole-file text extraction; seven terminology/logic signals with documented context review; leading-reference/addendum precedence,No signal in this screening; original publication stand retained
assets/downloads/rang-17-digitalisierung-ki/05_detail_ki_governance.pdf,4ae6e62e494f3da1944428f2c6b9310076e2d27a1e0c1be11531e2ed2bf3673c,True,9,25029,0,Whole-file text extraction; seven terminology/logic signals with documented context review; leading-reference/addendum precedence,No signal in this screening; original publication stand retained
assets/downloads/rang-17-digitalisierung-ki/06_detail_algorithmische_fairness 2.pdf,9fa7cabe4e088d1e619c072d057ec71b6152e4f63f160adbd984b650e9301d19,True,9,25178,0,Whole-file text extraction; seven terminology/logic signals with documented context review; leading-reference/addendum precedence,No signal in this screening; original publication stand retained
assets/downloads/rang-17-digitalisierung-ki/06_detail_algorithmische_fairness.pdf,ae11b33c45ffbd2bf8a7f939881c1cceb597c3cbf31d541ead36a5b89fa970aa,True,9,25178,0,Whole-file text extraction; seven terminology/logic signals with documented context review; leading-reference/addendum precedence,No signal in this screening; original publication stand retained
assets/downloads/rang-17-digitalisierung-ki/07_detail_digitale_souveraenitaet 2.pdf,27e32e81cd1f6813657c14b67753b35ac1c495b2dd63cc722364c5d30ca3d1f7,True,9,25201,0,Whole-file text extraction; seven terminology/logic signals with documented context review; leading-reference/addendum precedence,No signal in this screening; original publication stand retained
assets/downloads/rang-17-digitalisierung-ki/07_detail_digitale_souveraenitaet.pdf,06f8ba364f6e28c2c7be61357438a96ac7ecd4f0e94aacb28734d3e246173060,True,9,25201,0,Whole-file text extraction; seven terminology/logic signals with documented context review; leading-reference/addendum precedence,No signal in this screening; original publication stand retained
assets/downloads/rang-17-digitalisierung-ki/08_detail_cyberresilienz 2.pdf,d17f35ff419f94dda36000f17079007b2c9c5a1f535c95a2a80c4721e7c123ad,True,9,25282,0,Whole-file text extraction; seven terminology/logic signals with documented context review; leading-reference/addendum precedence,No signal in this screening; original publication stand retained
assets/downloads/rang-17-digitalisierung-ki/08_detail_cyberresilienz.pdf,c088fb222da07f5756125599e90765a9f32e453ff78026d293f0004b3ff59eab,True,9,25282,0,Whole-file text extraction; seven terminology/logic signals with documented context review; leading-reference/addendum precedence,No signal in this screening; original publication stand retained
assets/downloads/rang-17-digitalisierung-ki/09_detail_plattformlogik 2.pdf,f1c059f06b36a89b4d247f254353b33ba4e342bd25c9ea119e2880330edf6dd4,True,9,25080,0,Whole-file text extraction; seven terminology/logic signals with documented context review; leading-reference/addendum precedence,No signal in this screening; original publication stand retained
assets/downloads/rang-17-digitalisierung-ki/09_detail_plattformlogik.pdf,ed1e1323d2b0697a1eaf975f61d0dba228e7cef04d46cfb2397d26db80435293,True,9,25080,0,Whole-file text extraction; seven terminology/logic signals with documented context review; leading-reference/addendum precedence,No signal in this screening; original publication stand retained
assets/downloads/rang-17-digitalisierung-ki/10_detail_wirkungsscanner 2.pdf,7f33e81038e77a451e4ce79b123a475d6ceb54f35f2153baa6a541e69ff885f6,True,9,25333,0,Whole-file text extraction; seven terminology/logic signals with documented context review; leading-reference/addendum precedence,No signal in this screening; original publication stand retained
assets/downloads/rang-17-digitalisierung-ki/10_detail_wirkungsscanner.pdf,14c612e1de8b29e82767d749658fe37681f042a874b66fee3fe9fcdef9a2ac76,True,9,25333,0,Whole-file text extraction; seven terminology/logic signals with documented context review; leading-reference/addendum precedence,No signal in this screening; original publication stand retained
assets/downloads/rang-17-digitalisierung-ki/11_detail_interoperabilitaet_register 2.pdf,1209d68762b58d801b28c7ee318e11ea1475432d0c249a7cbd02bd787e61fd93,True,9,25283,0,Whole-file text extraction; seven terminology/logic signals with documented context review; leading-reference/addendum precedence,No signal in this screening; original publication stand retained
assets/downloads/rang-17-digitalisierung-ki/11_detail_interoperabilitaet_register.pdf,9b33a39b81e3d2bacc0ef5f0936366d06f93367804167aec924021c3afed155c,True,9,25283,0,Whole-file text extraction; seven terminology/logic signals with documented context review; leading-reference/addendum precedence,No signal in this screening; original publication stand retained
assets/downloads/rang-17-digitalisierung-ki/12_detail_audit_assurance_datenqualitaet 2.pdf,fe14609c41fff9836ae10184f769885db7284af7d04e3bd13a551405c4046519,True,9,25149,0,Whole-file text extraction; seven terminology/logic signals with documented context review; leading-reference/addendum precedence,No signal in this screening; original publication stand retained
assets/downloads/rang-17-digitalisierung-ki/12_detail_audit_assurance_datenqualitaet.pdf,9abb960c8ea77d0f3aaed2b271b5aa8594918e34709a79e40ca61cc262ece6df,True,9,25149,0,Whole-file text extraction; seven terminology/logic signals with documented context review; leading-reference/addendum precedence,No signal in this screening; original publication stand retained
assets/downloads/rang-17-digitalisierung-ki/13_wirkungsindikatoren 2.pdf,9fcca81a95111c121f6470f02d04d59bb002ff300504b986b540d53fd1bf8106,True,2,3736,0,Whole-file text extraction; seven terminology/logic signals with documented context review; leading-reference/addendum precedence,No signal in this screening; original publication stand retained
assets/downloads/rang-17-digitalisierung-ki/13_wirkungsindikatoren.pdf,47e363ffbb83f3bff83cc099ede07c6be96a3d78a3be25d3e5470812c31dd67b,True,2,3736,0,Whole-file text extraction; seven terminology/logic signals with documented context review; leading-reference/addendum precedence,No signal in this screening; original publication stand retained
assets/downloads/rang-17-digitalisierung-ki/14_toolkarten 2.pdf,6fbe75993fc342ff9f38bcb8604f8761c286900f568ca3cec3c1d3fa5f1dc52a,True,3,4244,0,Whole-file text extraction; seven terminology/logic signals with documented context review; leading-reference/addendum precedence,No signal in this screening; original publication stand retained
assets/downloads/rang-17-digitalisierung-ki/14_toolkarten.pdf,1a4ae9012c5fff388a8ad74b69073e8301dbc38eb8eb3a1ff9d84766fa458b5e,True,3,4244,0,Whole-file text extraction; seven terminology/logic signals with documented context review; leading-reference/addendum precedence,No signal in this screening; original publication stand retained
assets/downloads/rang-17-digitalisierung-ki/15_sdg_sdgplus_block 2.pdf,a54d4d6db2b766001248ac6089f5d07b15fe34d8553d4967e564ae28ec6163a8,True,2,3778,0,Whole-file text extraction; seven terminology/logic signals with documented context review; leading-reference/addendum precedence,No signal in this screening; original publication stand retained
assets/downloads/rang-17-digitalisierung-ki/15_sdg_sdgplus_block.pdf,e9e4352de45238dd3d8661e8b397b026e71b9f45a7dfacad82e5428a97d3b454,True,2,3778,0,Whole-file text extraction; seven terminology/logic signals with documented context review; leading-reference/addendum precedence,No signal in this screening; original publication stand retained
assets/downloads/rang-17-digitalisierung-ki/16_politische_anschlussfaehigkeit 2.pdf,9088575fcd2cba596d8baadf85a36519ebdfc6a0210066065de32fb9c9f2bc24,True,2,4296,0,Whole-file text extraction; seven terminology/logic signals with documented context review; leading-reference/addendum precedence,No signal in this screening; original publication stand retained
assets/downloads/rang-17-digitalisierung-ki/16_politische_anschlussfaehigkeit.pdf,695d33828d53c287db26534d05d0231292364884ff0e4b45a1ce296d8ff35c85,True,2,4296,0,Whole-file text extraction; seven terminology/logic signals with documented context review; leading-reference/addendum precedence,No signal in this screening; original publication stand retained
assets/downloads/rang-17-digitalisierung-ki/17_quellen_glossarlinks 2.pdf,ffb7c62b2bfb9d37fd2da2af432ecfb07670bdc7a3033b5a9cf317bc7921fab9,True,2,2319,0,Whole-file text extraction; seven terminology/logic signals with documented context review; leading-reference/addendum precedence,No signal in this screening; original publication stand retained
assets/downloads/rang-17-digitalisierung-ki/17_quellen_glossarlinks.pdf,6709c96a5251aea03dee4af67a5b80ae364d97e81c1596b648c1aea68d721e34,True,2,2319,0,Whole-file text extraction; seven terminology/logic signals with documented context review; leading-reference/addendum precedence,No signal in this screening; original publication stand retained
assets/downloads/rang-17-digitalisierung-ki/WOeK_Rang17_Gesamtpaket_Alle_Inhalte_v1.0 2.pdf,c28e30c6c4c97a478e977f5d4d744ee5df58100cef1815d375cc872a7dd91635,True,116,344395,0,Whole-file text extraction; seven terminology/logic signals with documented context review; leading-reference/addendum precedence,No signal in this screening; original publication stand retained
assets/downloads/rang-17-digitalisierung-ki/WOeK_Rang17_Gesamtpaket_Alle_Inhalte_v1.0.pdf,eeb36294ef5506bd04e9c56333de4235cf5170e44c8fe45698dcb40053dcb98e,True,128,344402,0,Whole-file text extraction; seven terminology/logic signals with documented context review; leading-reference/addendum precedence,No signal in this screening; original publication stand retained
assets/downloads/rang-18-wissen-wissenschaft-forschung/00_portalstartseite 2.pdf,43002b9eb0f92a25d37ba335a88a4dbedc8fea801dcfb73441e59a1fbbc737e9,True,3,5246,0,Whole-file text extraction; seven terminology/logic signals with documented context review; leading-reference/addendum precedence,No signal in this screening; original publication stand retained
assets/downloads/rang-18-wissen-wissenschaft-forschung/00_portalstartseite.pdf,b18df2f47e90c05177fa2a306bf1a60b7b2c4a063ec693f7fb971f9f383455dd,True,3,5891,0,Whole-file text extraction; seven terminology/logic signals with documented context review; leading-reference/addendum precedence,No signal in this screening; original publication stand retained
assets/downloads/rang-18-wissen-wissenschaft-forschung/01_konzeptpapier 2.pdf,d6f66ae1a4b576ae032b9af333117242d43497f1d2fbe66fd4f7b9001e36f0c5,True,8,15381,0,Whole-file text extraction; seven terminology/logic signals with documented context review; leading-reference/addendum precedence,No signal in this screening; original publication stand retained
assets/downloads/rang-18-wissen-wissenschaft-forschung/01_konzeptpapier.pdf,a4476fa3d070222daee66ae5b174d8e557698a6207c68f9a594ca26abf88187f,True,8,17100,0,Whole-file text extraction; seven terminology/logic signals with documented context review; leading-reference/addendum precedence,No signal in this screening; original publication stand retained
assets/downloads/rang-18-wissen-wissenschaft-forschung/02_gesamtdossier 2.pdf,f99f3c8022090f42175c51ce821f626dfaeff3c25428cd40718f20b1a0bd5585,True,9,16920,0,Whole-file text extraction; seven terminology/logic signals with documented context review; leading-reference/addendum precedence,No signal in this screening; original publication stand retained
assets/downloads/rang-18-wissen-wissenschaft-forschung/02_gesamtdossier.pdf,6dac91e6d4bebea078af984520d4d12e5ac3fd11831eb02e550e57d8b19c9941,True,9,18852,0,Whole-file text extraction; seven terminology/logic signals with documented context review; leading-reference/addendum precedence,No signal in this screening; original publication stand retained
assets/downloads/rang-18-wissen-wissenschaft-forschung/03_detail_wissenschaft_als_wirklichkeitspruefung 2.pdf,e779bff974932b3fbed546635b8910ecffe57c35666b37facde45d996ab3b62d,True,9,19504,0,Whole-file text extraction; seven terminology/logic signals with documented context review; leading-reference/addendum precedence,No signal in this screening; original publication stand retained
assets/downloads/rang-18-wissen-wissenschaft-forschung/03_detail_wissenschaft_als_wirklichkeitspruefung.pdf,22e33040fc062c15af41446a4c4c68335e6b905dde3ba2ef8e6353d8f25a6c05,True,9,21439,0,Whole-file text extraction; seven terminology/logic signals with documented context review; leading-reference/addendum precedence,No signal in this screening; original publication stand retained
assets/downloads/rang-18-wissen-wissenschaft-forschung/04_detail_wissensrat_integritaet 2.pdf,6f25f728192e3ae4c281ccf55ce9f58fdaaafb3164ad47b033ee6ad26712c60c,True,9,19402,0,Whole-file text extraction; seven terminology/logic signals with documented context review; leading-reference/addendum precedence,No signal in this screening; original publication stand retained
assets/downloads/rang-18-wissen-wissenschaft-forschung/04_detail_wissensrat_integritaet.pdf,cd66a2e1b98aadc225919e592d107d4dbe417f0e77b81c70b834244eb60b22bc,True,9,21337,0,Whole-file text extraction; seven terminology/logic signals with documented context review; leading-reference/addendum precedence,No signal in this screening; original publication stand retained
assets/downloads/rang-18-wissen-wissenschaft-forschung/05_detail_open_science_wissensinfrastruktur 2.pdf,d81b26f0953b4d9e96991a5b01b595d5981fe84e14ef0e178c9bc13f4567be31,True,9,19425,0,Whole-file text extraction; seven terminology/logic signals with documented context review; leading-reference/addendum precedence,No signal in this screening; original publication stand retained
assets/downloads/rang-18-wissen-wissenschaft-forschung/05_detail_open_science_wissensinfrastruktur.pdf,0168e3f90c305cf44ed58e32eed1501712d877afa7cdde3cb8a3732551bc2b16,True,9,21360,0,Whole-file text extraction; seven terminology/logic signals with documented context review; leading-reference/addendum precedence,No signal in this screening; original publication stand retained
assets/downloads/rang-18-wissen-wissenschaft-forschung/06_detail_forschungsbewertung_wirkungsindikatoren 2.pdf,3891f5e722f56eebf780a26034754216ca5b888c8fbb1c3aef02124378c74b6d,True,9,19538,0,Whole-file text extraction; seven terminology/logic signals with documented context review; leading-reference/addendum precedence,No signal in this screening; original publication stand retained
assets/downloads/rang-18-wissen-wissenschaft-forschung/06_detail_forschungsbewertung_wirkungsindikatoren.pdf,397e2c2e04e58f5c3bcf96caa29fcbf28472a63c3f346ecbe8c317dd2b44a28e,True,9,21471,0,Whole-file text extraction; seven terminology/logic signals with documented context review; leading-reference/addendum precedence,No signal in this screening; original publication stand retained
assets/downloads/rang-18-wissen-wissenschaft-forschung/07_detail_mission_oriented_research_wirkungsinnovation 2.pdf,ca926442f6f3e0029310bf8cdf45d02d7dfa9790351aad317e1c28cf4c955f66,True,9,19427,0,Whole-file text extraction; seven terminology/logic signals with documented context review; leading-reference/addendum precedence,No signal in this screening; original publication stand retained
assets/downloads/rang-18-wissen-wissenschaft-forschung/07_detail_mission_oriented_research_wirkungsinnovation.pdf,23198f003f74540c8058493d4ddbcf49a686ecdaab02c9f3fffe2e6a3b0f1af3,True,9,21362,0,Whole-file text extraction; seven terminology/logic signals with documented context review; leading-reference/addendum precedence,No signal in this screening; original publication stand retained
assets/downloads/rang-18-wissen-wissenschaft-forschung/08_detail_transdisziplinaritaet_citizen_science 2.pdf,07185747e3ed1a0926a286d7ed2e4ca2431c9cd6d7999f5bd6b9549ef410ce7b,True,9,19339,0,Whole-file text extraction; seven terminology/logic signals with documented context review; leading-reference/addendum precedence,No signal in this screening; original publication stand retained
assets/downloads/rang-18-wissen-wissenschaft-forschung/08_detail_transdisziplinaritaet_citizen_science.pdf,6ac6196f6552d57d60477a9bd4de59ad9ef2601e23935824e67b55b5ac12fec2,True,9,21274,0,Whole-file text extraction; seven terminology/logic signals with documented context review; leading-reference/addendum precedence,No signal in this screening; original publication stand retained
assets/downloads/rang-18-wissen-wissenschaft-forschung/09_detail_science_for_policy_statistik 2.pdf,95d96ec0c6e6918b95a3a4828e5c54f5c44e4e639247f9dff6f9db3f621942a7,True,9,19384,0,Whole-file text extraction; seven terminology/logic signals with documented context review; leading-reference/addendum precedence,No signal in this screening; original publication stand retained
assets/downloads/rang-18-wissen-wissenschaft-forschung/09_detail_science_for_policy_statistik.pdf,86a3a0fa00877517ad2073b1cacf5c8654ca52f95397e9a4c8831d612b89e6ea,True,9,21319,0,Whole-file text extraction; seven terminology/logic signals with documented context review; leading-reference/addendum precedence,No signal in this screening; original publication stand retained
assets/downloads/rang-18-wissen-wissenschaft-forschung/10_detail_forschungsdaten_replikation_qualitaet 2.pdf,f09b14c4aa5d34c1de425143693c8021187f323a2fa5e77603cde186dc7c9126,True,9,19485,0,Whole-file text extraction; seven terminology/logic signals with documented context review; leading-reference/addendum precedence,No signal in this screening; original publication stand retained
assets/downloads/rang-18-wissen-wissenschaft-forschung/10_detail_forschungsdaten_replikation_qualitaet.pdf,81c0ed003baf7d68ce8a6684da0c669d70872e45101156a07906f157a46798ff,True,9,21420,0,Whole-file text extraction; seven terminology/logic signals with documented context review; leading-reference/addendum precedence,No signal in this screening; original publication stand retained
assets/downloads/rang-18-wissen-wissenschaft-forschung/11_detail_rechtsprechung_sachverstaendige_wirkungsrecht 2.pdf,b884d44080666d1b3e7d578f94f183b1704e32e7b0db9c1011a33c9ac07948f9,True,9,19426,0,Whole-file text extraction; seven terminology/logic signals with documented context review; leading-reference/addendum precedence,No signal in this screening; original publication stand retained
assets/downloads/rang-18-wissen-wissenschaft-forschung/11_detail_rechtsprechung_sachverstaendige_wirkungsrecht.pdf,deccf6c0118cc0a861a2d9be3938191f05d9132cceddd6d5553fdf72f2d63b5c,True,9,21361,0,Whole-file text extraction; seven terminology/logic signals with documented context review; leading-reference/addendum precedence,No signal in this screening; original publication stand retained
assets/downloads/rang-18-wissen-wissenschaft-forschung/12_detail_wirkungskompetenz_akademie 2.pdf,4c27aebd8391c63d628a829331522b30f50e3b0b195d18dbe7e22cd6f11a99e8,True,9,19477,0,Whole-file text extraction; seven terminology/logic signals with documented context review; leading-reference/addendum precedence,No signal in this screening; original publication stand retained
assets/downloads/rang-18-wissen-wissenschaft-forschung/12_detail_wirkungskompetenz_akademie.pdf,474ecbf9470f749a7aa0c342b194bddcd20191325668bcdc490be89e37fc36c9,True,9,21412,0,Whole-file text extraction; seven terminology/logic signals with documented context review; leading-reference/addendum precedence,No signal in this screening; original publication stand retained
assets/downloads/rang-18-wissen-wissenschaft-forschung/13_wirkungsindikatoren 2.pdf,4b3f269329bcf28cc60552056b719aee91a64d38a07e5690aed0c26c53cc4797,True,4,6149,0,Whole-file text extraction; seven terminology/logic signals with documented context review; leading-reference/addendum precedence,No signal in this screening; original publication stand retained
assets/downloads/rang-18-wissen-wissenschaft-forschung/13_wirkungsindikatoren.pdf,4d65782b6b9c1ce05de7b308531da8f092143c55acd0bc9e67320a5a72e9d715,True,3,6795,0,Whole-file text extraction; seven terminology/logic signals with documented context review; leading-reference/addendum precedence,No signal in this screening; original publication stand retained
assets/downloads/rang-18-wissen-wissenschaft-forschung/14_toolkarten 2.pdf,d8808e96e6dda00218a9c26a663d2c6b77d022c14062ea6d9ab465654c23ec2b,True,4,6833,0,Whole-file text extraction; seven terminology/logic signals with documented context review; leading-reference/addendum precedence,No signal in this screening; original publication stand retained
assets/downloads/rang-18-wissen-wissenschaft-forschung/14_toolkarten.pdf,d027a212984b0759f03972fcf32762072f5cabd82b4f484d6b29fd2f81fe0125,True,4,7693,0,Whole-file text extraction; seven terminology/logic signals with documented context review; leading-reference/addendum precedence,No signal in this screening; original publication stand retained
assets/downloads/rang-18-wissen-wissenschaft-forschung/15_sdg_sdgplus_block 2.pdf,bbc6b0f068f9b30300a3644334cd61a01a7d0d13365644364e4a2eb507785a1e,True,4,5733,0,Whole-file text extraction; seven terminology/logic signals with documented context review; leading-reference/addendum precedence,No signal in this screening; original publication stand retained
assets/downloads/rang-18-wissen-wissenschaft-forschung/15_sdg_sdgplus_block.pdf,9b39b051ad26ce8b17deeb18f5110d219a2d21d0529671e94459704af98695ab,True,3,6379,0,Whole-file text extraction; seven terminology/logic signals with documented context review; leading-reference/addendum precedence,No signal in this screening; original publication stand retained
assets/downloads/rang-18-wissen-wissenschaft-forschung/16_politische_anschlussfaehigkeit 2.pdf,a408bc68950d48f6be2b2d0912d055db02cc40d3f55e4c5cda4246722112f612,True,4,5932,0,Whole-file text extraction; seven terminology/logic signals with documented context review; leading-reference/addendum precedence,No signal in this screening; original publication stand retained
assets/downloads/rang-18-wissen-wissenschaft-forschung/16_politische_anschlussfaehigkeit.pdf,467c5029ec7e15c659c608e59f59af31eb7f7564631c189f6d64a5788f5d1aae,True,3,6578,0,Whole-file text extraction; seven terminology/logic signals with documented context review; leading-reference/addendum precedence,No signal in this screening; original publication stand retained
assets/downloads/rang-18-wissen-wissenschaft-forschung/17_quellen_glossarlinks 2.pdf,66b7b237b425c2fec6c10abfe3cdabc6ee31d4b23c47e031bee40e497096d5e7,True,4,7149,0,Whole-file text extraction; seven terminology/logic signals with documented context review; leading-reference/addendum precedence,No signal in this screening; original publication stand retained
assets/downloads/rang-18-wissen-wissenschaft-forschung/17_quellen_glossarlinks.pdf,cef0ecd7967cf9a8f880400ac289284d6e069a6085a76b13e1c258259961158d,True,4,8008,0,Whole-file text extraction; seven terminology/logic signals with documented context review; leading-reference/addendum precedence,No signal in this screening; original publication stand retained
assets/downloads/rang-18-wissen-wissenschaft-forschung/WOeK_Rang18_Gesamtpaket_Alle_Inhalte_v1.0 2.pdf,c886c7f0531f54a012a64f4a85b7c63eaee14f267f60724c25667b218a19d9e2,True,108,253664,0,Whole-file text extraction; seven terminology/logic signals with documented context review; leading-reference/addendum precedence,No signal in this screening; original publication stand retained
assets/downloads/rang-18-wissen-wissenschaft-forschung/WOeK_Rang18_Gesamtpaket_Alle_Inhalte_v1.0.pdf,4713fea5f5194f3093a4e7102811d9b54a9017fa837e6bcb363ce7fa80cb2afa,True,118,253667,0,Whole-file text extraction; seven terminology/logic signals with documented context review; leading-reference/addendum precedence,No signal in this screening; original publication stand retained
assets/downloads/rang-19-internationale-ordnung/00_portalstartseite 2.pdf,be0de5577a3df8663c1ced91e6fb7c54536ce97d8e849b1e3d80412915691d21,True,2,5815,0,Whole-file text extraction; seven terminology/logic signals with documented context review; leading-reference/addendum precedence,No signal in this screening; original publication stand retained
assets/downloads/rang-19-internationale-ordnung/00_portalstartseite.pdf,499ed4c0b81092d4653269be4e507c6af8002a8f28680d665539817fc4a3c8b7,True,2,6041,0,Whole-file text extraction; seven terminology/logic signals with documented context review; leading-reference/addendum precedence,No signal in this screening; original publication stand retained
assets/downloads/rang-19-internationale-ordnung/01_konzeptpapier.pdf,fe151865ec6ba35ff1e2d921e2efa631ccc81a029f88cf004fd6bcacb50cf378,True,4,15151,0,Whole-file text extraction; seven terminology/logic signals with documented context review; leading-reference/addendum precedence,No signal in this screening; original publication stand retained
assets/downloads/rang-19-internationale-ordnung/02_gesamtdossier.pdf,cc3ac5c4c3ac0a749edb50f8e51bea201b40087b30dbfb8d897e6cdb048d24c0,True,5,14543,0,Whole-file text extraction; seven terminology/logic signals with documented context review; leading-reference/addendum precedence,No signal in this screening; original publication stand retained
assets/downloads/rang-19-internationale-ordnung/03_detail_europa_als_wirkungsraum.pdf,dd7e63bb83aa3286a6da9d07306f8c1df2d22d27b71005de9276ae51990d0ccc,True,10,34996,0,Whole-file text extraction; seven terminology/logic signals with documented context review; leading-reference/addendum precedence,No signal in this screening; original publication stand retained
assets/downloads/rang-19-internationale-ordnung/04_detail_wirkungsbasierter_handel_lieferketten.pdf,9627aa320ae8e27db1cc9738e6aa0037e1d8850e520fd39f44a12a1ad1898f16,True,10,35130,0,Whole-file text extraction; seven terminology/logic signals with documented context review; leading-reference/addendum precedence,No signal in this screening; original publication stand retained
assets/downloads/rang-19-internationale-ordnung/05_detail_cbam_grenzausgleich_externe_kosten.pdf,a49ed6a9cc6684d3a2e22058fdefdb933e999edb5383918a98dae50dc9e03ebd,True,10,35104,0,Whole-file text extraction; seven terminology/logic signals with documented context review; leading-reference/addendum precedence,No signal in this screening; original publication stand retained
assets/downloads/rang-19-internationale-ordnung/06_detail_globale_wirkungsgovernance 2.pdf,e4fc55e6ce0201cc4e6832f644986f9149684084717c480e7f56003206a464f3,True,10,34024,0,Whole-file text extraction; seven terminology/logic signals with documented context review; leading-reference/addendum precedence,No signal in this screening; original publication stand retained
assets/downloads/rang-19-internationale-ordnung/06_detail_globale_wirkungsgovernance.pdf,d7304d2d6e43e61c3a242d9729df586fc77d425c5bf02c9c93ce24c171e1f38e,True,10,35125,0,Whole-file text extraction; seven terminology/logic signals with documented context review; leading-reference/addendum precedence,No signal in this screening; original publication stand retained
assets/downloads/rang-19-internationale-ordnung/07_detail_klimagerechtigkeit_ressourcenfairness.pdf,2ce4467a662e85997d4d4db4b8094e6432df1c9bfe7eb399bffb52e07cbc9914,True,10,35062,0,Whole-file text extraction; seven terminology/logic signals with documented context review; leading-reference/addendum precedence,No signal in this screening; original publication stand retained
assets/downloads/rang-19-internationale-ordnung/08_detail_multipolare_ordnung_kulturelle_anschlussfaehigkeit.pdf,9b319a68352d7de37fb775b0c49b0f38b25df9be42917532b7308f685f6f686c,True,10,35298,0,Whole-file text extraction; seven terminology/logic signals with documented context review; leading-reference/addendum precedence,No signal in this screening; original publication stand retained
assets/downloads/rang-19-internationale-ordnung/09_detail_globale_resilienz_fruehwarnkooperation 2.pdf,d641ae7731795d12aa6d3976669f528e05e18e7283b3878ab5b90113ab30d307,True,10,33947,0,Whole-file text extraction; seven terminology/logic signals with documented context review; leading-reference/addendum precedence,No signal in this screening; original publication stand retained
assets/downloads/rang-19-internationale-ordnung/09_detail_globale_resilienz_fruehwarnkooperation.pdf,bc8aa9f71e95679da40f4d6c0edaa7c737e613132571b20d442edcfd80b4d3bd,True,10,35048,0,Whole-file text extraction; seven terminology/logic signals with documented context review; leading-reference/addendum precedence,No signal in this screening; original publication stand retained
assets/downloads/rang-19-internationale-ordnung/10_detail_entwicklungspartnerschaften_wirkungsfonds 2.pdf,960dda7465b38c4dea903b6bc3c91b48736221dc061672be85b76a9641eefd43,True,10,34000,0,Whole-file text extraction; seven terminology/logic signals with documented context review; leading-reference/addendum precedence,No signal in this screening; original publication stand retained
assets/downloads/rang-19-internationale-ordnung/10_detail_entwicklungspartnerschaften_wirkungsfonds.pdf,c05b6e0e4f598b8a11f8bcbdf9ef04175ef4ca42e19578c73ef9a3515b8ef04a,True,10,35101,0,Whole-file text extraction; seven terminology/logic signals with documented context review; leading-reference/addendum precedence,No signal in this screening; original publication stand retained
assets/downloads/rang-19-internationale-ordnung/11_detail_datenstandards_interoperabilitaet 2.pdf,8f92e56359c1e78f0136260152a3f9ca187ec1707c94593f3fc99b010f3f4bb9,True,10,33992,0,Whole-file text extraction; seven terminology/logic signals with documented context review; leading-reference/addendum precedence,No signal in this screening; original publication stand retained
assets/downloads/rang-19-internationale-ordnung/11_detail_datenstandards_interoperabilitaet.pdf,f18be335d9e80db79d40b1c817768f490a66c02fb3e3c90ce0f97f0790deb3f4,True,10,35093,0,Whole-file text extraction; seven terminology/logic signals with documented context review; leading-reference/addendum precedence,No signal in this screening; original publication stand retained
assets/downloads/rang-19-internationale-ordnung/12_detail_geopolitische_wirkungsrisiken_desinformation_demokratie.pdf,790a240348edd9bb228889561ecade8f702a2ce1452a9fd55ae7cf0ce7e18ce4,True,10,35254,0,Whole-file text extraction; seven terminology/logic signals with documented context review; leading-reference/addendum precedence,No signal in this screening; original publication stand retained
assets/downloads/rang-19-internationale-ordnung/13_wirkungsindikatoren 2.pdf,4c8de8bf480157c4f5a28cfce8d64b379018e21b7933cb6bfa31987885300e69,True,2,5905,0,Whole-file text extraction; seven terminology/logic signals with documented context review; leading-reference/addendum precedence,No signal in this screening; original publication stand retained
assets/downloads/rang-19-internationale-ordnung/13_wirkungsindikatoren.pdf,fefbd330e996acb9a5151915821efc650843df339c28b26188ea5d177e861d8b,True,2,6130,0,Whole-file text extraction; seven terminology/logic signals with documented context review; leading-reference/addendum precedence,No signal in this screening; original publication stand retained
assets/downloads/rang-19-internationale-ordnung/14_toolkarten 2.pdf,615a1e79451898d995c0f31f6f4404efa4bfe6f624a2cf81abb5a785d7c85dbb,True,2,4125,0,Whole-file text extraction; seven terminology/logic signals with documented context review; leading-reference/addendum precedence,No signal in this screening; original publication stand retained
assets/downloads/rang-19-internationale-ordnung/14_toolkarten.pdf,1db3e09fe099fdef21fe07deb82c26b22325671e56291a314226e3a69b514057,True,2,4363,0,Whole-file text extraction; seven terminology/logic signals with documented context review; leading-reference/addendum precedence,No signal in this screening; original publication stand retained
assets/downloads/rang-19-internationale-ordnung/15_sdg_sdgplus_block 2.pdf,487ed4d0e13d7ef03bc354bb07a32d425329143dd7b8c4381c63f7e24b0bb033,True,1,2776,0,Whole-file text extraction; seven terminology/logic signals with documented context review; leading-reference/addendum precedence,No signal in this screening; original publication stand retained
assets/downloads/rang-19-internationale-ordnung/15_sdg_sdgplus_block.pdf,fd16bb06bc859bc42e7507781603fa892f369a46c2982f8ca2bcaf552746f11e,True,1,2903,0,Whole-file text extraction; seven terminology/logic signals with documented context review; leading-reference/addendum precedence,No signal in this screening; original publication stand retained
assets/downloads/rang-19-internationale-ordnung/16_politische_anschlussfaehigkeit 2.pdf,3c8ae7c13c8c89b1a7abeaa1882676a63523d156c558fb753796d30722a2a00d,True,1,2904,0,Whole-file text extraction; seven terminology/logic signals with documented context review; leading-reference/addendum precedence,No signal in this screening; original publication stand retained
assets/downloads/rang-19-internationale-ordnung/16_politische_anschlussfaehigkeit.pdf,b90d7f24bd12009017a047b12830e38b721ca2b3f5205e460fb7d9f6f2d91ddc,True,1,3031,0,Whole-file text extraction; seven terminology/logic signals with documented context review; leading-reference/addendum precedence,No signal in this screening; original publication stand retained
assets/downloads/rang-19-internationale-ordnung/17_quellen_glossarlinks 2.pdf,222a725e464610b0bf4ab8633c959ac1638463345565f891a47a89624ec5660b,True,1,1726,0,Whole-file text extraction; seven terminology/logic signals with documented context review; leading-reference/addendum precedence,No signal in this screening; original publication stand retained
assets/downloads/rang-19-internationale-ordnung/17_quellen_glossarlinks.pdf,a7ec5e70c9cce05d55ed020cc7b830e9abdbeac01323cce73a02cc96ec6a4235,True,1,1853,0,Whole-file text extraction; seven terminology/logic signals with documented context review; leading-reference/addendum precedence,No signal in this screening; original publication stand retained
assets/downloads/rang-19-internationale-ordnung/18_buchanker_querverlinkungen 2.pdf,d1c9d91c46faab66e707c33269c866b262c1afb09b72e234720151f7a32270bb,True,1,2059,0,Whole-file text extraction; seven terminology/logic signals with documented context review; leading-reference/addendum precedence,No signal in this screening; original publication stand retained
assets/downloads/rang-19-internationale-ordnung/18_buchanker_querverlinkungen.pdf,2d52734e7db7199952c7efcfda443da1fe13fe4065f70311794d7bbbbcd79903,True,1,2186,0,Whole-file text extraction; seven terminology/logic signals with documented context review; leading-reference/addendum precedence,No signal in this screening; original publication stand retained
assets/downloads/rang-19-internationale-ordnung/WOeK_Rang19_Gesamtpaket_Alle_Inhalte_v1.0.pdf,ab8df40d22161a49a95206fb0352012d29fbc958e6f6ca82ebb6b69e3344d109,True,153,381674,0,Whole-file text extraction; seven terminology/logic signals with documented context review; leading-reference/addendum precedence,No signal in this screening; original publication stand retained
assets/downloads/rang-20-transformation-uebergaenge-implementierung/00_portalstartseite 2.pdf,9da624958a9d6554fa112be1cb3d878ec535f0e9a6662a95f5283aed9de552ea,True,5,12751,0,Whole-file text extraction; seven terminology/logic signals with documented context review; leading-reference/addendum precedence,No signal in this screening; original publication stand retained
assets/downloads/rang-20-transformation-uebergaenge-implementierung/00_portalstartseite.pdf,fb628ed9f6c3fb73769f84982e0da6b333872d70093e30e713104c2c66b33f22,True,5,12780,0,Whole-file text extraction; seven terminology/logic signals with documented context review; leading-reference/addendum precedence,No signal in this screening; original publication stand retained
assets/downloads/rang-20-transformation-uebergaenge-implementierung/01_konzeptpapier 2.pdf,e8cf95fc14948afde2d3d5ebfdc63ee701515308c3c3310a5f7e214b5f15aa6e,True,8,22969,0,Whole-file text extraction; seven terminology/logic signals with documented context review; leading-reference/addendum precedence,No signal in this screening; original publication stand retained
assets/downloads/rang-20-transformation-uebergaenge-implementierung/01_konzeptpapier.pdf,299be130614bbd6a67b88ca1b5a71b59970496c0316e2e049617eaae6ea51db9,True,8,22989,0,Whole-file text extraction; seven terminology/logic signals with documented context review; leading-reference/addendum precedence,No signal in this screening; original publication stand retained
assets/downloads/rang-20-transformation-uebergaenge-implementierung/02_gesamtdossier 2.pdf,8eae3433b9de34fa4e84a397f8f5fe7c9db533218bc02b1b5e86c260a071bd8c,True,9,24730,0,Whole-file text extraction; seven terminology/logic signals with documented context review; leading-reference/addendum precedence,No signal in this screening; original publication stand retained
assets/downloads/rang-20-transformation-uebergaenge-implementierung/02_gesamtdossier.pdf,87ab9ffc98de60f3e736a51ef7f5eb5f6f3677c4fca467e56a79ee4df818ed6c,True,9,24751,0,Whole-file text extraction; seven terminology/logic signals with documented context review; leading-reference/addendum precedence,No signal in this screening; original publication stand retained
assets/downloads/rang-20-transformation-uebergaenge-implementierung/03_detail_umsetzungspfad 2.pdf,fa0e0b3afb84f3eff71796de4329dbc21ebb5afe47db16fdbf8b3541b3245a77,True,8,20920,0,Whole-file text extraction; seven terminology/logic signals with documented context review; leading-reference/addendum precedence,No signal in this screening; original publication stand retained
assets/downloads/rang-20-transformation-uebergaenge-implementierung/03_detail_umsetzungspfad.pdf,c9906e7b4867a96ff33807f78435aa138605a1eb1350ef52eebc4572de3c846c,True,8,20944,0,Whole-file text extraction; seven terminology/logic signals with documented context review; leading-reference/addendum precedence,No signal in this screening; original publication stand retained
assets/downloads/rang-20-transformation-uebergaenge-implementierung/04_detail_pilotkommunen 2.pdf,cc38f347a3202ceea6aefd40e1137abd261469a0ffa1ad46bf90ce79328431d1,True,8,20758,0,Whole-file text extraction; seven terminology/logic signals with documented context review; leading-reference/addendum precedence,No signal in this screening; original publication stand retained
assets/downloads/rang-20-transformation-uebergaenge-implementierung/04_detail_pilotkommunen.pdf,5ac0f2d4eceeb684e04624cc2f5ec0e8331f546b5f542a3118521be37fb4dff9,True,8,20803,0,Whole-file text extraction; seven terminology/logic signals with documented context review; leading-reference/addendum precedence,No signal in this screening; original publication stand retained
assets/downloads/rang-20-transformation-uebergaenge-implementierung/05_detail_produkt_beschaffungspiloten 2.pdf,ee239362e251124c2354429cb755b9913317c92d9d6c36964621a970017702d4,True,7,20675,0,Whole-file text extraction; seven terminology/logic signals with documented context review; leading-reference/addendum precedence,No signal in this screening; original publication stand retained
assets/downloads/rang-20-transformation-uebergaenge-implementierung/05_detail_produkt_beschaffungspiloten.pdf,0fe404ca957068fa3bd1236e0474f8f25d06a66ffb9af1376b42930440988ab7,True,8,20788,0,Whole-file text extraction; seven terminology/logic signals with documented context review; leading-reference/addendum precedence,No signal in this screening; original publication stand retained
assets/downloads/rang-20-transformation-uebergaenge-implementierung/06_detail_unternehmens_transformationspfade 2.pdf,5526d1d43e440ccc31cc5370e45a028e99000e3a225552704d5e67c5960a5a73,True,8,20678,0,Whole-file text extraction; seven terminology/logic signals with documented context review; leading-reference/addendum precedence,No signal in this screening; original publication stand retained
assets/downloads/rang-20-transformation-uebergaenge-implementierung/06_detail_unternehmens_transformationspfade.pdf,8f06e8727c48b18b284caeb2e035cf08ce2a68b58d030e4e4b023902ac8069ac,True,8,20723,0,Whole-file text extraction; seven terminology/logic signals with documented context review; leading-reference/addendum precedence,No signal in this screening; original publication stand retained
assets/downloads/rang-20-transformation-uebergaenge-implementierung/07_detail_wirkungsfonds_brueckenfinanzierung 2.pdf,4c9a6b2cb68b157ae1f8862fa3160a8d9c4a0b45b25a4e1658c33ccb1ac4e320,True,7,20567,0,Whole-file text extraction; seven terminology/logic signals with documented context review; leading-reference/addendum precedence,No signal in this screening; original publication stand retained
assets/downloads/rang-20-transformation-uebergaenge-implementierung/07_detail_wirkungsfonds_brueckenfinanzierung.pdf,12909130ca6796c90daff5bbacf963d640fa27256bd75379913ded04447f0014,True,8,20707,0,Whole-file text extraction; seven terminology/logic signals with documented context review; leading-reference/addendum precedence,No signal in this screening; original publication stand retained
assets/downloads/rang-20-transformation-uebergaenge-implementierung/08_detail_wirkungsdaten_versionierung_register 2.pdf,ec358209f719bdda156ca43fd3480751eaadbd28ff00d6d05baca278140cd099,True,7,20495,0,Whole-file text extraction; seven terminology/logic signals with documented context review; leading-reference/addendum precedence,No signal in this screening; original publication stand retained
assets/downloads/rang-20-transformation-uebergaenge-implementierung/08_detail_wirkungsdaten_versionierung_register.pdf,afdb7e57c3419c71bef7d895f4ba57bd54283da10bc159b55ec18e7e0c1e9ec5,True,8,20639,0,Whole-file text extraction; seven terminology/logic signals with documented context review; leading-reference/addendum precedence,No signal in this screening; original publication stand retained
assets/downloads/rang-20-transformation-uebergaenge-implementierung/09_detail_reallabore_regulatory_sandboxes 2.pdf,ec3d5a968dfecf6a0155e9b3f2f1a1abd7d35036c8a7deb11df7df5d6fbbd79c,True,7,20507,0,Whole-file text extraction; seven terminology/logic signals with documented context review; leading-reference/addendum precedence,No signal in this screening; original publication stand retained
assets/downloads/rang-20-transformation-uebergaenge-implementierung/09_detail_reallabore_regulatory_sandboxes.pdf,f46889c1631d98166ee6bbeca25b9fe973a227a694d9faaaccde97eddace3e02,True,8,20626,0,Whole-file text extraction; seven terminology/logic signals with documented context review; leading-reference/addendum precedence,No signal in this screening; original publication stand retained
assets/downloads/rang-20-transformation-uebergaenge-implementierung/10_detail_soziale_abfederung_kaufkraftschutz 2.pdf,e91c907d319566cf9ca2a9cdd6bcfd93e6f75afdc6eab423531b80549ab35f72,True,7,20460,0,Whole-file text extraction; seven terminology/logic signals with documented context review; leading-reference/addendum precedence,No signal in this screening; original publication stand retained
assets/downloads/rang-20-transformation-uebergaenge-implementierung/10_detail_soziale_abfederung_kaufkraftschutz.pdf,c987e98a744d47cee9e1a2c9e3de40459fc5d2688c39465b7bb2f33bf294c96c,True,8,20601,0,Whole-file text extraction; seven terminology/logic signals with documented context review; leading-reference/addendum precedence,No signal in this screening; original publication stand retained
assets/downloads/rang-20-transformation-uebergaenge-implementierung/11_detail_kommunikation_change_partizipation 2.pdf,198aa5f6fce43f110f741140360630e4105a7f689661eb82342d6ba6f2fcc18d,True,7,20563,0,Whole-file text extraction; seven terminology/logic signals with documented context review; leading-reference/addendum precedence,No signal in this screening; original publication stand retained
assets/downloads/rang-20-transformation-uebergaenge-implementierung/11_detail_kommunikation_change_partizipation.pdf,d81a00f47f008cb27a6da966b4ade3a5ee7f8b55f0b3b16d8ac576425fbe3b69,True,8,20705,0,Whole-file text extraction; seven terminology/logic signals with documented context review; leading-reference/addendum precedence,No signal in this screening; original publication stand retained
assets/downloads/rang-20-transformation-uebergaenge-implementierung/12_detail_evaluation_rechtsschutz_lernschleifen 2.pdf,2d1b6ab14d683bd23e4e02daaab3b9619a36d72dac0680f3ba956b9bc2de38e1,True,7,20331,0,Whole-file text extraction; seven terminology/logic signals with documented context review; leading-reference/addendum precedence,No signal in this screening; original publication stand retained
assets/downloads/rang-20-transformation-uebergaenge-implementierung/12_detail_evaluation_rechtsschutz_lernschleifen.pdf,73d3820a145a60217625e5c250f5924a9c4d01df4dd82235d28917be25570429,True,8,20476,0,Whole-file text extraction; seven terminology/logic signals with documented context review; leading-reference/addendum precedence,No signal in this screening; original publication stand retained
assets/downloads/rang-20-transformation-uebergaenge-implementierung/13_detail_roadmap_2030_2050 2.pdf,19f5101230bfa82f3a813ea3c956f7472a87c920509ffcedc28ee0f0ba58a86e,True,7,20263,0,Whole-file text extraction; seven terminology/logic signals with documented context review; leading-reference/addendum precedence,No signal in this screening; original publication stand retained
assets/downloads/rang-20-transformation-uebergaenge-implementierung/13_detail_roadmap_2030_2050.pdf,05014fcd0c1e0f5ce526cc694aa7d423d187141d8274ae2c0f77e468dc52265e,True,8,20387,0,Whole-file text extraction; seven terminology/logic signals with documented context review; leading-reference/addendum precedence,No signal in this screening; original publication stand retained
assets/downloads/rang-20-transformation-uebergaenge-implementierung/14_wirkungsindikatoren 2.pdf,eca98015b2c709e8c282f472c7896728d5f673babe50e1cc9b0e31189bc17aec,True,3,5540,0,Whole-file text extraction; seven terminology/logic signals with documented context review; leading-reference/addendum precedence,No signal in this screening; original publication stand retained
assets/downloads/rang-20-transformation-uebergaenge-implementierung/14_wirkungsindikatoren.pdf,1489c10978148c81490542b2781077bde63bb326571cad026001ac7b0e1d897b,True,3,5567,0,Whole-file text extraction; seven terminology/logic signals with documented context review; leading-reference/addendum precedence,No signal in this screening; original publication stand retained
assets/downloads/rang-20-transformation-uebergaenge-implementierung/15_toolkarten 2.pdf,28ce1d9081fecf443a2f5a50cd1f6b6dd30bd129e18f037e3d0694e673933d58,True,3,5540,0,Whole-file text extraction; seven terminology/logic signals with documented context review; leading-reference/addendum precedence,No signal in this screening; original publication stand retained
assets/downloads/rang-20-transformation-uebergaenge-implementierung/15_toolkarten.pdf,0ac80ece92cdd7847cf4cc78abbef0e734f5ff8563ac3913d83b713979445ffe,True,3,5572,0,Whole-file text extraction; seven terminology/logic signals with documented context review; leading-reference/addendum precedence,No signal in this screening; original publication stand retained
assets/downloads/rang-20-transformation-uebergaenge-implementierung/16_sdg_sdgplus_block 2.pdf,d2c643556c3f24bc59b02fb48a5163b2e477eec80cb6ebaa8d3a46693b1c5fdf,True,2,3115,0,Whole-file text extraction; seven terminology/logic signals with documented context review; leading-reference/addendum precedence,No signal in this screening; original publication stand retained
assets/downloads/rang-20-transformation-uebergaenge-implementierung/16_sdg_sdgplus_block.pdf,38bd91dc5f7381a78cd7aef1e71658619559526b41e5992c0bcc9b015cdfa0de,True,2,3141,0,Whole-file text extraction; seven terminology/logic signals with documented context review; leading-reference/addendum precedence,No signal in this screening; original publication stand retained
assets/downloads/rang-20-transformation-uebergaenge-implementierung/17_politische_anschlussfaehigkeit 2.pdf,d44cd709afb6926337511c6d9c9700eecacef7c4c2e68dd04313fe5bdabb074a,True,3,7168,0,Whole-file text extraction; seven terminology/logic signals with documented context review; leading-reference/addendum precedence,No signal in this screening; original publication stand retained
assets/downloads/rang-20-transformation-uebergaenge-implementierung/17_politische_anschlussfaehigkeit.pdf,e56a875a90a9b81e3d3002e645e92d060b4de9cd6f67b27ad94e06628adff967,True,3,7195,0,Whole-file text extraction; seven terminology/logic signals with documented context review; leading-reference/addendum precedence,No signal in this screening; original publication stand retained
assets/downloads/rang-20-transformation-uebergaenge-implementierung/18_quellen_glossarlinks 2.pdf,ad2dcc42a6a37aa554b01a9b80b5fec1e92a939b55a8fc6d4d19e3618ac9c159,True,2,3934,0,Whole-file text extraction; seven terminology/logic signals with documented context review; leading-reference/addendum precedence,No signal in this screening; original publication stand retained
assets/downloads/rang-20-transformation-uebergaenge-implementierung/18_quellen_glossarlinks.pdf,07d7cfe41d41344613a605ef5d89c9ecae4d61ae9e5addc8bf70cfde62eb3f4d,True,2,3962,0,Whole-file text extraction; seven terminology/logic signals with documented context review; leading-reference/addendum precedence,No signal in this screening; original publication stand retained
assets/downloads/rang-20-transformation-uebergaenge-implementierung/WOeK_Rang20_Gesamtpaket_Alle_Inhalte_v1.0 2.pdf,77acc584d46b34edf476b548db6ce0ca146f8730f70078e43e1c85c94a1a9b1c,True,105,272748,0,Whole-file text extraction; seven terminology/logic signals with documented context review; leading-reference/addendum precedence,No signal in this screening; original publication stand retained
assets/downloads/rang-20-transformation-uebergaenge-implementierung/WOeK_Rang20_Gesamtpaket_Alle_Inhalte_v1.0.pdf,5d25c55696c9286974a2734ee8c0edda5515970c49c5683a45fb6ecd2b3f4107,True,115,272752,0,Whole-file text extraction; seven terminology/logic signals with documented context review; leading-reference/addendum precedence,No signal in this screening; original publication stand retained
assets/downloads/rang-21-kritik-missverstaendnisse-schutzarchitektur/00_portalstartseite 2.pdf,d65f44bbe284ebc5c4833b814f02b0ade83aa265ae7070a1da9c9aeab362c08c,True,3,5494,0,Whole-file text extraction; seven terminology/logic signals with documented context review; leading-reference/addendum precedence,No signal in this screening; original publication stand retained
assets/downloads/rang-21-kritik-missverstaendnisse-schutzarchitektur/00_portalstartseite.pdf,4545400b85ead10a676a1300403796373707ccee3a9eb10d12f1621192c3f7a6,True,3,5653,0,Whole-file text extraction; seven terminology/logic signals with documented context review; leading-reference/addendum precedence,No signal in this screening; original publication stand retained
assets/downloads/rang-21-kritik-missverstaendnisse-schutzarchitektur/01_konzeptpapier 2.pdf,7bbf24aa8c8ce2c3945b154b77d13b5cf3adcc95ca0ecef6c37a3070f18e0029,True,4,10906,0,Whole-file text extraction; seven terminology/logic signals with documented context review; leading-reference/addendum precedence,No signal in this screening; original publication stand retained
assets/downloads/rang-21-kritik-missverstaendnisse-schutzarchitektur/01_konzeptpapier.pdf,af155e8786fa83489cbc6a8ff328c73b5f24a008000807af28ba60e1556b24dd,True,5,11169,0,Whole-file text extraction; seven terminology/logic signals with documented context review; leading-reference/addendum precedence,No signal in this screening; original publication stand retained
assets/downloads/rang-21-kritik-missverstaendnisse-schutzarchitektur/02_gesamtdossier 2.pdf,fc96d292c5740817b64601e9a206af2834fecfaf9f24bf23e55664a9e6fc04d9,True,8,21123,0,Whole-file text extraction; seven terminology/logic signals with documented context review; leading-reference/addendum precedence,No signal in this screening; original publication stand retained
assets/downloads/rang-21-kritik-missverstaendnisse-schutzarchitektur/02_gesamtdossier.pdf,1c6856fd5f983fed96489692fe47e4a223de68fbe2324a06d3493252cdbcc89c,True,8,21547,0,Whole-file text extraction; seven terminology/logic signals with documented context review; leading-reference/addendum precedence,No signal in this screening; original publication stand retained
assets/downloads/rang-21-kritik-missverstaendnisse-schutzarchitektur/03_detail_widerstand_neue_massstaebe 2.pdf,1821eaecd48ff3ac82cd0c80736ead7f810a8f1a8fd33cc6b53b67c120db1ab8,True,7,19392,0,Whole-file text extraction; seven terminology/logic signals with documented context review; leading-reference/addendum precedence,No signal in this screening; original publication stand retained
assets/downloads/rang-21-kritik-missverstaendnisse-schutzarchitektur/03_detail_widerstand_neue_massstaebe.pdf,55ae0a2d076936278437766c4cac1894133055b6e47d0077e5c0b8cfcbd131b8,True,8,19814,0,Whole-file text extraction; seven terminology/logic signals with documented context review; leading-reference/addendum precedence,No signal in this screening; original publication stand retained
assets/downloads/rang-21-kritik-missverstaendnisse-schutzarchitektur/04_detail_sdgs_verschwoerungsnarrativ 2.pdf,bf5f2cbe6227af77220b974f271eded926df41efaf121e5890718c1c5dc87be9,True,7,19379,0,Whole-file text extraction; seven terminology/logic signals with documented context review; leading-reference/addendum precedence,No signal in this screening; original publication stand retained
assets/downloads/rang-21-kritik-missverstaendnisse-schutzarchitektur/04_detail_sdgs_verschwoerungsnarrativ.pdf,02a05ee368ab406769b44db206b164359f800c9beeba31d87f959d4e10dadf5f,True,8,19800,0,Whole-file text extraction; seven terminology/logic signals with documented context review; leading-reference/addendum precedence,No signal in this screening; original publication stand retained
assets/downloads/rang-21-kritik-missverstaendnisse-schutzarchitektur/05_detail_technokratie_social_credit 2.pdf,783bbeec9e6e8e903c20abb3a93ee37acf645f14a2e489190dbcfeb064c8220e,True,7,19413,0,Whole-file text extraction; seven terminology/logic signals with documented context review; leading-reference/addendum precedence,No signal in this screening; original publication stand retained
assets/downloads/rang-21-kritik-missverstaendnisse-schutzarchitektur/05_detail_technokratie_social_credit.pdf,f9a9c9cecdcb01586bf0e705e90d63eadaf9c3bf3e26cd07f94c1ff2825652ec,True,8,19835,0,Whole-file text extraction; seven terminology/logic signals with documented context review; leading-reference/addendum precedence,No signal in this screening; original publication stand retained
assets/downloads/rang-21-kritik-missverstaendnisse-schutzarchitektur/06_detail_wirkungssimulation_manipulation 2.pdf,81e497964380f1f26f302fb0a76074fb19722f1d648220aefe27db2610c024f6,True,7,19378,0,Whole-file text extraction; seven terminology/logic signals with documented context review; leading-reference/addendum precedence,No signal in this screening; original publication stand retained
assets/downloads/rang-21-kritik-missverstaendnisse-schutzarchitektur/06_detail_wirkungssimulation_manipulation.pdf,43a7d2dbee942ba865c21a2dceb7ac4611ebff5f2f2f59bd02f4e6413f48672e,True,8,19800,0,Whole-file text extraction; seven terminology/logic signals with documented context review; leading-reference/addendum precedence,No signal in this screening; original publication stand retained
assets/downloads/rang-21-kritik-missverstaendnisse-schutzarchitektur/07_detail_freiheit_markt_planwirtschaft 2.pdf,ba5e7c92f8e7a8666f40455f4b70f5dd1af88b7dc9d1cb42a0f472276baa1a34,True,7,19331,0,Whole-file text extraction; seven terminology/logic signals with documented context review; leading-reference/addendum precedence,No signal in this screening; original publication stand retained
assets/downloads/rang-21-kritik-missverstaendnisse-schutzarchitektur/07_detail_freiheit_markt_planwirtschaft.pdf,004c8b2d7aa3335c191678d00a390579f3641a7adeef94e1fca5f79755d63d1f,True,8,19753,0,Whole-file text extraction; seven terminology/logic signals with documented context review; leading-reference/addendum precedence,No signal in this screening; original publication stand retained
assets/downloads/rang-21-kritik-missverstaendnisse-schutzarchitektur/08_detail_fehlbarkeit_korrektur 2.pdf,c88e88b3227edc372943adaf16996a1aa2524cc39b836aa114acf9613abe06ac,True,7,19369,0,Whole-file text extraction; seven terminology/logic signals with documented context review; leading-reference/addendum precedence,No signal in this screening; original publication stand retained
assets/downloads/rang-21-kritik-missverstaendnisse-schutzarchitektur/08_detail_fehlbarkeit_korrektur.pdf,72b6e4f150d5163ca8c2e9d9b1e1a507983d628f18c6ebcac887c2c885758fe8,True,8,19791,0,Whole-file text extraction; seven terminology/logic signals with documented context review; leading-reference/addendum precedence,No signal in this screening; original publication stand retained
assets/downloads/rang-21-kritik-missverstaendnisse-schutzarchitektur/09_detail_datenmacht_datenschutz 2.pdf,5120af26336726b280dd538c7a5c3297528ee7a8c3a91de9be5624d9cad5e921,True,7,19346,0,Whole-file text extraction; seven terminology/logic signals with documented context review; leading-reference/addendum precedence,No signal in this screening; original publication stand retained
assets/downloads/rang-21-kritik-missverstaendnisse-schutzarchitektur/09_detail_datenmacht_datenschutz.pdf,8fd6be22409a075f342b0371bd9147729d9ff94960d135e7c07dae9478865039,True,8,19768,0,Whole-file text extraction; seven terminology/logic signals with documented context review; leading-reference/addendum precedence,No signal in this screening; original publication stand retained
assets/downloads/rang-21-kritik-missverstaendnisse-schutzarchitektur/10_detail_kommunikation_framing_akzeptanz.pdf,34a6b534f559be8e4e2e4656fc931f25a7705eafab11803b7f49e24b4d9ba780,True,8,19731,0,Whole-file text extraction; seven terminology/logic signals with documented context review; leading-reference/addendum precedence,No signal in this screening; original publication stand retained
assets/downloads/rang-21-kritik-missverstaendnisse-schutzarchitektur/11_detail_missbrauchsschutz_rechtsschutz_governance 2.pdf,e5c59812a96b0c5e906aba8c89f2719f370480fcef00dd1c7902ab58deeac1a6,True,7,19360,0,Whole-file text extraction; seven terminology/logic signals with documented context review; leading-reference/addendum precedence,No signal in this screening; original publication stand retained
assets/downloads/rang-21-kritik-missverstaendnisse-schutzarchitektur/11_detail_missbrauchsschutz_rechtsschutz_governance.pdf,c58af77504177bcd7e9c6ad95f2050ac1f2951d6dfe3f7dde4f4b8cdac1aeffc,True,8,19782,0,Whole-file text extraction; seven terminology/logic signals with documented context review; leading-reference/addendum precedence,No signal in this screening; original publication stand retained
assets/downloads/rang-21-kritik-missverstaendnisse-schutzarchitektur/12_detail_kritikwerkstatt_beteiligung.pdf,828d3f1bad7afc05a58ace4fc1d503853cc9dcc4e8673ff4e1d971705a008c48,True,8,19857,0,Whole-file text extraction; seven terminology/logic signals with documented context review; leading-reference/addendum precedence,No signal in this screening; original publication stand retained
assets/downloads/rang-21-kritik-missverstaendnisse-schutzarchitektur/14_wirkungsindikatoren 2.pdf,ad43e2d1be83d7fe93bc24ae1a13758d8ef79b84a5afd1399544087b5d6fcc2f,True,2,3230,0,Whole-file text extraction; seven terminology/logic signals with documented context review; leading-reference/addendum precedence,No signal in this screening; original publication stand retained
assets/downloads/rang-21-kritik-missverstaendnisse-schutzarchitektur/14_wirkungsindikatoren.pdf,ad22c54b5bc4dfc73735a00789d33d3200ae5a9309e87f5baf615dfa8d32b73f,True,2,3335,0,Whole-file text extraction; seven terminology/logic signals with documented context review; leading-reference/addendum precedence,No signal in this screening; original publication stand retained
assets/downloads/rang-21-kritik-missverstaendnisse-schutzarchitektur/15_toolkarten 2.pdf,d9baea077199294ec047ecc0601ce3fc4e4eb461104c29774f8e553996fced84,True,2,2523,0,Whole-file text extraction; seven terminology/logic signals with documented context review; leading-reference/addendum precedence,No signal in this screening; original publication stand retained
assets/downloads/rang-21-kritik-missverstaendnisse-schutzarchitektur/15_toolkarten.pdf,c9934e5d31688b5357f65b2a63f40897138600f538477f76e49f8f630269bb7a,True,2,2629,0,Whole-file text extraction; seven terminology/logic signals with documented context review; leading-reference/addendum precedence,No signal in this screening; original publication stand retained
assets/downloads/rang-21-kritik-missverstaendnisse-schutzarchitektur/16_sdg_sdgplus_block 2.pdf,c3382a81cc6b410d13672f90df49275a999e8a450223c1981c006cceffc97015,True,1,2126,0,Whole-file text extraction; seven terminology/logic signals with documented context review; leading-reference/addendum precedence,No signal in this screening; original publication stand retained
assets/downloads/rang-21-kritik-missverstaendnisse-schutzarchitektur/16_sdg_sdgplus_block.pdf,6bdb4b296a84527c44e5cfaa02e842e0dc98f95a8383c83f557bdf4ee1dd572f,True,1,2179,0,Whole-file text extraction; seven terminology/logic signals with documented context review; leading-reference/addendum precedence,No signal in this screening; original publication stand retained
assets/downloads/rang-21-kritik-missverstaendnisse-schutzarchitektur/17_politische_anschlussfaehigkeit 2.pdf,e6527949566d87ec2311ee3e3a718ac6e0c214e4cfce11bd737b8d630e3a72c6,True,1,1961,0,Whole-file text extraction; seven terminology/logic signals with documented context review; leading-reference/addendum precedence,No signal in this screening; original publication stand retained
assets/downloads/rang-21-kritik-missverstaendnisse-schutzarchitektur/17_politische_anschlussfaehigkeit.pdf,25c2a3508a89e9b804aba447c3951a8313f2cfbda9eb21d8f9465a39f8dcb37f,True,1,2014,0,Whole-file text extraction; seven terminology/logic signals with documented context review; leading-reference/addendum precedence,No signal in this screening; original publication stand retained
assets/downloads/rang-21-kritik-missverstaendnisse-schutzarchitektur/18_quellen_glossarlinks 2.pdf,ef26061957f4cd1ca72a72452e341a2cb196a32c97a62546135c4196e9f962d9,True,1,2517,0,Whole-file text extraction; seven terminology/logic signals with documented context review; leading-reference/addendum precedence,No signal in this screening; original publication stand retained
assets/downloads/rang-21-kritik-missverstaendnisse-schutzarchitektur/18_quellen_glossarlinks.pdf,9d1a5e1e2c72c933bb6c84437e95f564cfe864a4abff77a432a294745039464b,True,2,2621,0,Whole-file text extraction; seven terminology/logic signals with documented context review; leading-reference/addendum precedence,No signal in this screening; original publication stand retained
assets/downloads/rang-21-kritik-missverstaendnisse-schutzarchitektur/19_faq_missverstaendnisse 2.pdf,fddd19d8cddd11bea5cee2f4d4712503e820033acb128ea1e5c6554df74ead6e,True,1,1221,0,Whole-file text extraction; seven terminology/logic signals with documented context review; leading-reference/addendum precedence,No signal in this screening; original publication stand retained
assets/downloads/rang-21-kritik-missverstaendnisse-schutzarchitektur/19_faq_missverstaendnisse.pdf,f04eade5929485163caf02a724283025b31a1cd93881a4aa2a4b872c83c2096f,True,1,1274,0,Whole-file text extraction; seven terminology/logic signals with documented context review; leading-reference/addendum precedence,No signal in this screening; original publication stand retained
assets/downloads/rang-21-kritik-missverstaendnisse-schutzarchitektur/20_risiko_schutzmatrix 2.pdf,fe7c81d83bf9cd595992795ffa7c8f10dd1a8705143d928ef1161456c11c4e59,True,1,1088,0,Whole-file text extraction; seven terminology/logic signals with documented context review; leading-reference/addendum precedence,No signal in this screening; original publication stand retained
assets/downloads/rang-21-kritik-missverstaendnisse-schutzarchitektur/20_risiko_schutzmatrix.pdf,5302dcf17de375650cfd9b125a35fb4f504bfaab068559838f77f4587749e9e8,True,1,1141,0,Whole-file text extraction; seven terminology/logic signals with documented context review; leading-reference/addendum precedence,No signal in this screening; original publication stand retained
assets/downloads/rang-21-kritik-missverstaendnisse-schutzarchitektur/WOeK_Rang21_Gesamtpaket_Alle_Inhalte_v1.0 2.pdf,a1e284245517d60f222b6116a5d707168e7ca76a5efc445262eb8addf8d60167,True,88,227418,0,Whole-file text extraction; seven terminology/logic signals with documented context review; leading-reference/addendum precedence,No signal in this screening; original publication stand retained
assets/downloads/rang-21-kritik-missverstaendnisse-schutzarchitektur/WOeK_Rang21_Gesamtpaket_Alle_Inhalte_v1.0.pdf,b325ba1f81f2e27e0ac04d803ca4e54696dfd0f444df833b4328b3172bc31ae1,True,95,227426,0,Whole-file text extraction; seven terminology/logic signals with documented context review; leading-reference/addendum precedence,No signal in this screening; original publication stand retained
assets/downloads/rang-22-zukunftsbilder-wirkungswohlstand/00_portalstartseite 2.pdf,44b78ad50f282c5a69badf2e2977609907d034e17f159a2f5a5675a55158848a,True,7,13844,0,Whole-file text extraction; seven terminology/logic signals with documented context review; leading-reference/addendum precedence,No signal in this screening; original publication stand retained
assets/downloads/rang-22-zukunftsbilder-wirkungswohlstand/00_portalstartseite.pdf,bc050b7349849548f277ac0cf2423bf5deea0909d002ceb9e3a997372279c75c,True,7,13844,0,Whole-file text extraction; seven terminology/logic signals with documented context review; leading-reference/addendum precedence,No signal in this screening; original publication stand retained
assets/downloads/rang-22-zukunftsbilder-wirkungswohlstand/01_konzeptpapier 2.pdf,449a1a6fd5bb1a2afdf134549e0c89251901464e7ea495b17d44374b554fa5f5,True,6,10699,0,Whole-file text extraction; seven terminology/logic signals with documented context review; leading-reference/addendum precedence,No signal in this screening; original publication stand retained
assets/downloads/rang-22-zukunftsbilder-wirkungswohlstand/01_konzeptpapier.pdf,1b9ed7f5d140f05000569ae6affbd97d91661d21d723ca28d114ab45e32fda49,True,6,10699,0,Whole-file text extraction; seven terminology/logic signals with documented context review; leading-reference/addendum precedence,No signal in this screening; original publication stand retained
assets/downloads/rang-22-zukunftsbilder-wirkungswohlstand/02_gesamtdossier 2.pdf,79cad48b6bef035ac984e43a5235e0ec77a15536ca501d4aeaa529981aff82b2,True,7,12287,0,Whole-file text extraction; seven terminology/logic signals with documented context review; leading-reference/addendum precedence,No signal in this screening; original publication stand retained
assets/downloads/rang-22-zukunftsbilder-wirkungswohlstand/02_gesamtdossier.pdf,114d6b77d07180e98595b7f2e369ab87b8730c533a18a99402338b8c741df37e,True,7,12287,0,Whole-file text extraction; seven terminology/logic signals with documented context review; leading-reference/addendum precedence,No signal in this screening; original publication stand retained
assets/downloads/rang-22-zukunftsbilder-wirkungswohlstand/03_detail_alltag_2035 2.pdf,8bb3cf5ce10c88a83a627960fd2c8d8874d935307b1d59a0b5ceb91f26cedddd,True,7,13973,0,Whole-file text extraction; seven terminology/logic signals with documented context review; leading-reference/addendum precedence,No signal in this screening; original publication stand retained
assets/downloads/rang-22-zukunftsbilder-wirkungswohlstand/03_detail_alltag_2035.pdf,cf407b73b01e2e033be74c570955332a72309c8d6e7ab99c4346de1919726228,True,7,13973,0,Whole-file text extraction; seven terminology/logic signals with documented context review; leading-reference/addendum precedence,No signal in this screening; original publication stand retained
assets/downloads/rang-22-zukunftsbilder-wirkungswohlstand/04_detail_unternehmen_2035 2.pdf,930f2cc95583854d2ca405bb9b32c034a4d4fcb973b12a56c74fccd2d5f314f6,True,7,14017,0,Whole-file text extraction; seven terminology/logic signals with documented context review; leading-reference/addendum precedence,No signal in this screening; original publication stand retained
assets/downloads/rang-22-zukunftsbilder-wirkungswohlstand/04_detail_unternehmen_2035.pdf,6801feeb7adee2719a73fc4f427070a3730ca443dfe7b1ab5f450a6541da2a13,True,7,14017,0,Whole-file text extraction; seven terminology/logic signals with documented context review; leading-reference/addendum precedence,No signal in this screening; original publication stand retained
assets/downloads/rang-22-zukunftsbilder-wirkungswohlstand/05_detail_staat_2035 2.pdf,3f47ea93842594a9f8cddf491bc1b14ec665e82d63c3d396ec34b86a35a28676,True,7,13955,0,Whole-file text extraction; seven terminology/logic signals with documented context review; leading-reference/addendum precedence,No signal in this screening; original publication stand retained
assets/downloads/rang-22-zukunftsbilder-wirkungswohlstand/05_detail_staat_2035.pdf,34c82e093655fad461191213ccd17ba9bd6577c36c6c28ccadb57545480abb9f,True,7,13955,0,Whole-file text extraction; seven terminology/logic signals with documented context review; leading-reference/addendum precedence,No signal in this screening; original publication stand retained
assets/downloads/rang-22-zukunftsbilder-wirkungswohlstand/06_detail_globale_ordnung_2050 2.pdf,3dc481d1dc756a776c5f6c007dc2bd74ddb78b5f2cb4d782450b57d9dcf07122,True,7,13976,0,Whole-file text extraction; seven terminology/logic signals with documented context review; leading-reference/addendum precedence,No signal in this screening; original publication stand retained
assets/downloads/rang-22-zukunftsbilder-wirkungswohlstand/06_detail_globale_ordnung_2050.pdf,cc36f5f7dc1f55f4ac7676aa7da8fbd9facac3b0c825a1291b10ceb0c6c0be4b,True,7,13976,0,Whole-file text extraction; seven terminology/logic signals with documented context review; leading-reference/addendum precedence,No signal in this screening; original publication stand retained
assets/downloads/rang-22-zukunftsbilder-wirkungswohlstand/07_detail_wirkungswohlstand 2.pdf,7f22921df9ff9ee8429eea22db2bd48d7fcf3daa74ea27fb3e49694748be1c47,True,7,13927,0,Whole-file text extraction; seven terminology/logic signals with documented context review; leading-reference/addendum precedence,No signal in this screening; original publication stand retained
assets/downloads/rang-22-zukunftsbilder-wirkungswohlstand/07_detail_wirkungswohlstand.pdf,d87f04cbeb5b77f75d6b97da990d3faf36dc85685172cc4303dd47249817097e,True,7,13927,0,Whole-file text extraction; seven terminology/logic signals with documented context review; leading-reference/addendum precedence,No signal in this screening; original publication stand retained
assets/downloads/rang-22-zukunftsbilder-wirkungswohlstand/08_detail_buergerinnen_co_autorinnen 2.pdf,446e1ae1898c7e8faea31e192d195d35590c5d1cb50341618deaf24c7d095377,True,7,13993,0,Whole-file text extraction; seven terminology/logic signals with documented context review; leading-reference/addendum precedence,No signal in this screening; original publication stand retained
assets/downloads/rang-22-zukunftsbilder-wirkungswohlstand/08_detail_buergerinnen_co_autorinnen.pdf,6172b914f0d4b0cfe3efa92c47a6176c36c40446079b4f0b8d835e7e66709c64,True,7,13993,0,Whole-file text extraction; seven terminology/logic signals with documented context review; leading-reference/addendum precedence,No signal in this screening; original publication stand retained
assets/downloads/rang-22-zukunftsbilder-wirkungswohlstand/09_detail_wirkungspraxis 2.pdf,5c7fc184bafc90fc189844c2efd9e3edf72bc5761287595d60ad619f2cb31db0,True,7,13971,0,Whole-file text extraction; seven terminology/logic signals with documented context review; leading-reference/addendum precedence,No signal in this screening; original publication stand retained
assets/downloads/rang-22-zukunftsbilder-wirkungswohlstand/09_detail_wirkungspraxis.pdf,61c5e6044e5ca483a032d1900909659b1a4a6eec44e30782a9f32b7e90eb2d48,True,7,13971,0,Whole-file text extraction; seven terminology/logic signals with documented context review; leading-reference/addendum precedence,No signal in this screening; original publication stand retained
assets/downloads/rang-22-zukunftsbilder-wirkungswohlstand/10_detail_zukunftskommunikation 2.pdf,b7c0e3d4251ec5d78f016ba43b4897380ec7455eb5e01a447cdcb5958679de0a,True,7,13967,0,Whole-file text extraction; seven terminology/logic signals with documented context review; leading-reference/addendum precedence,No signal in this screening; original publication stand retained
assets/downloads/rang-22-zukunftsbilder-wirkungswohlstand/10_detail_zukunftskommunikation.pdf,dbf49b8139324297f381d40c41f77c7956779acd6e3accd79d66ab84a58b7af2,True,7,13967,0,Whole-file text extraction; seven terminology/logic signals with documented context review; leading-reference/addendum precedence,No signal in this screening; original publication stand retained
assets/downloads/rang-22-zukunftsbilder-wirkungswohlstand/11_detail_wirkungs_bip_verlustleistung 2.pdf,e5f1a58b2e1289713089a75fe896a780b04cc9efc032ae751b3996ee1f13294e,True,7,13989,0,Whole-file text extraction; seven terminology/logic signals with documented context review; leading-reference/addendum precedence,No signal in this screening; original publication stand retained
assets/downloads/rang-22-zukunftsbilder-wirkungswohlstand/11_detail_wirkungs_bip_verlustleistung.pdf,5f3e20ce1f6b42fa04002801480dabed7dd8f9a7f6e9195461201c2c10912c18,True,7,13989,0,Whole-file text extraction; seven terminology/logic signals with documented context review; leading-reference/addendum precedence,No signal in this screening; original publication stand retained
assets/downloads/rang-22-zukunftsbilder-wirkungswohlstand/12_detail_schlussbild 2.pdf,b6c673df02da889adc270197d7826254c62c43df547043ffc78a0bdfcb7e2dc5,True,7,13960,0,Whole-file text extraction; seven terminology/logic signals with documented context review; leading-reference/addendum precedence,No signal in this screening; original publication stand retained
assets/downloads/rang-22-zukunftsbilder-wirkungswohlstand/12_detail_schlussbild.pdf,932e8f148a8b3925bdb5e5fdd010f01732782105791d8dae0281bd8cba5e52e9,True,7,13960,0,Whole-file text extraction; seven terminology/logic signals with documented context review; leading-reference/addendum precedence,No signal in this screening; original publication stand retained
assets/downloads/rang-22-zukunftsbilder-wirkungswohlstand/14_wirkungsindikatoren 2.pdf,f9e9f911fb66ea9f7d5ab1f9f8483ed475cf7b5f0a8de7686df5e52d1fd80b3f,True,6,10389,0,Whole-file text extraction; seven terminology/logic signals with documented context review; leading-reference/addendum precedence,No signal in this screening; original publication stand retained
assets/downloads/rang-22-zukunftsbilder-wirkungswohlstand/14_wirkungsindikatoren.pdf,e36336a11785e53ae5dea5caa2b7f3798cf716fd17b5db79434f3a7031c1cb0e,True,6,10389,0,Whole-file text extraction; seven terminology/logic signals with documented context review; leading-reference/addendum precedence,No signal in this screening; original publication stand retained
assets/downloads/rang-22-zukunftsbilder-wirkungswohlstand/15_toolkarten 2.pdf,c64ed2204e68355ea653c1e377393b0ddc5f14f90dcfb8c0b4d80005b18e9f6e,True,6,11687,0,Whole-file text extraction; seven terminology/logic signals with documented context review; leading-reference/addendum precedence,No signal in this screening; original publication stand retained
assets/downloads/rang-22-zukunftsbilder-wirkungswohlstand/15_toolkarten.pdf,dc2d449203642aa333ad38621b72356e4425ce1989e6aaaf16a07ea5d4ef822d,True,6,11687,0,Whole-file text extraction; seven terminology/logic signals with documented context review; leading-reference/addendum precedence,No signal in this screening; original publication stand retained
assets/downloads/rang-22-zukunftsbilder-wirkungswohlstand/16_sdg_sdgplus_block 2.pdf,d41b75da0915917cacc53f96407ba58aabcada71c8ea662c973a656bf6d73df9,True,6,9524,0,Whole-file text extraction; seven terminology/logic signals with documented context review; leading-reference/addendum precedence,No signal in this screening; original publication stand retained
assets/downloads/rang-22-zukunftsbilder-wirkungswohlstand/16_sdg_sdgplus_block.pdf,5b694b3d119fa377001d935831ec8d80fa4647a986ec9d0c38c4f2d9204fde05,True,6,9524,0,Whole-file text extraction; seven terminology/logic signals with documented context review; leading-reference/addendum precedence,No signal in this screening; original publication stand retained
assets/downloads/rang-22-zukunftsbilder-wirkungswohlstand/17_politische_anschlussfaehigkeit 2.pdf,50df6c84c7dc0f2153450f647203bc1b4504f380664abd63c1dc23b6097ddac7,True,4,5138,0,Whole-file text extraction; seven terminology/logic signals with documented context review; leading-reference/addendum precedence,No signal in this screening; original publication stand retained
assets/downloads/rang-22-zukunftsbilder-wirkungswohlstand/17_politische_anschlussfaehigkeit.pdf,68874dfe755b2e249636f222b286f22fc2cffdaba113c02c6628556b7cf93ae3,True,4,5138,0,Whole-file text extraction; seven terminology/logic signals with documented context review; leading-reference/addendum precedence,No signal in this screening; original publication stand retained
assets/downloads/rang-22-zukunftsbilder-wirkungswohlstand/18_quellen_glossarlinks 2.pdf,6a967aabbc68bdca1122f794a8fac61b476c7104952e799002a79e5730c75291,True,6,10319,0,Whole-file text extraction; seven terminology/logic signals with documented context review; leading-reference/addendum precedence,No signal in this screening; original publication stand retained
assets/downloads/rang-22-zukunftsbilder-wirkungswohlstand/18_quellen_glossarlinks.pdf,7df8340bf53be8c7a9cfee8a0e7842c01acc072ca6750b488ec082d17eadc47a,True,6,10319,0,Whole-file text extraction; seven terminology/logic signals with documented context review; leading-reference/addendum precedence,No signal in this screening; original publication stand retained
assets/downloads/rang-22-zukunftsbilder-wirkungswohlstand/WOeK_Rang22_Gesamtpaket_Alle_Inhalte_v1.0 2.pdf,d05ea2161a9ebe2545487ddbf0e42c2223a226b9bfac766cbb8fab1f1aa7e10b,True,98,198975,0,Whole-file text extraction; seven terminology/logic signals with documented context review; leading-reference/addendum precedence,No signal in this screening; original publication stand retained
assets/downloads/rang-22-zukunftsbilder-wirkungswohlstand/WOeK_Rang22_Gesamtpaket_Alle_Inhalte_v1.0.pdf,53b31344c471b42acf3ed363b61941528006e11da0c2a8e952f3f1ebb154e165,True,106,198967,0,Whole-file text extraction; seven terminology/logic signals with documented context review; leading-reference/addendum precedence,No signal in this screening; original publication stand retained
assets/downloads/rang-23-wirkungsakademie-fachbibliothek/00_portalstartseite 2.pdf,eeafeb45dac23e6cf940ec12d40f37a546a08f258296771730510fa199747961,True,8,21193,0,Whole-file text extraction; seven terminology/logic signals with documented context review; leading-reference/addendum precedence,No signal in this screening; original publication stand retained
assets/downloads/rang-23-wirkungsakademie-fachbibliothek/00_portalstartseite.pdf,66aca426dc56e85f793871cdfe14dd088b501bdca611530dcac666e9f5fe5f46,True,7,21472,0,Whole-file text extraction; seven terminology/logic signals with documented context review; leading-reference/addendum precedence,No signal in this screening; original publication stand retained
assets/downloads/rang-23-wirkungsakademie-fachbibliothek/01_konzeptpapier 2.pdf,8adac0b4930147ec96ebcb585cf81a0145a5b1f501716c6c5709f58743d5a35b,True,8,21813,0,Whole-file text extraction; seven terminology/logic signals with documented context review; leading-reference/addendum precedence,No signal in this screening; original publication stand retained
assets/downloads/rang-23-wirkungsakademie-fachbibliothek/01_konzeptpapier.pdf,549ffca97a178251f9474d7fe7c6b55c105ee91592e87c2eda66a8a6ed63f547,True,7,22095,0,Whole-file text extraction; seven terminology/logic signals with documented context review; leading-reference/addendum precedence,No signal in this screening; original publication stand retained
assets/downloads/rang-23-wirkungsakademie-fachbibliothek/02_gesamtdossier 2.pdf,f8585e5f847ddc10e8263986aaadf29e88f3bbbe7cd69d2c0fedc2ac56531177,True,9,22532,0,Whole-file text extraction; seven terminology/logic signals with documented context review; leading-reference/addendum precedence,No signal in this screening; original publication stand retained
assets/downloads/rang-23-wirkungsakademie-fachbibliothek/02_gesamtdossier.pdf,c2de4d7161246de624b77790628a8e94a942f7b60e4990120ae118082bd2f998,True,8,22909,0,Whole-file text extraction; seven terminology/logic signals with documented context review; leading-reference/addendum precedence,No signal in this screening; original publication stand retained
assets/downloads/rang-23-wirkungsakademie-fachbibliothek/03_detail_fachbibliothek_wissensarchiv 2.pdf,9eb260750e686e8b5eda2bf12d582c3c0e45bd9eb5e78e6762c52c4099e58419,True,8,19965,0,Whole-file text extraction; seven terminology/logic signals with documented context review; leading-reference/addendum precedence,No signal in this screening; original publication stand retained
assets/downloads/rang-23-wirkungsakademie-fachbibliothek/03_detail_fachbibliothek_wissensarchiv.pdf,f53ccf0916d8a5f801fdf917857e0f65167da61577dc8a01ac033c06f5b85626,True,7,20076,0,Whole-file text extraction; seven terminology/logic signals with documented context review; leading-reference/addendum precedence,No signal in this screening; original publication stand retained
assets/downloads/rang-23-wirkungsakademie-fachbibliothek/04_detail_wirkungsakademie_curricula 2.pdf,955b40b5e8d40ef3bed5c5c93fe95c7546abf5491953c42f5b4dbf22b9950c91,True,8,19796,0,Whole-file text extraction; seven terminology/logic signals with documented context review; leading-reference/addendum precedence,No signal in this screening; original publication stand retained
assets/downloads/rang-23-wirkungsakademie-fachbibliothek/04_detail_wirkungsakademie_curricula.pdf,6d22e2ad387f31c46cad896e0de36194c71f95be0b1d1b4167855cf813bdeb34,True,7,19892,0,Whole-file text extraction; seven terminology/logic signals with documented context review; leading-reference/addendum precedence,No signal in this screening; original publication stand retained
assets/downloads/rang-23-wirkungsakademie-fachbibliothek/05_detail_wirkungskompetenz 2.pdf,ab68fb35548ad7c47d7c38b4430da7acf036ce0559391e3d1f529db66192cda0,True,8,19874,0,Whole-file text extraction; seven terminology/logic signals with documented context review; leading-reference/addendum precedence,No signal in this screening; original publication stand retained
assets/downloads/rang-23-wirkungsakademie-fachbibliothek/05_detail_wirkungskompetenz.pdf,726e3962d2e1df58949c7d0d8c7c4c4fc2169c4e9f0d443cf12043e93d2d3360,True,7,20062,0,Whole-file text extraction; seven terminology/logic signals with documented context review; leading-reference/addendum precedence,No signal in this screening; original publication stand retained
assets/downloads/rang-23-wirkungsakademie-fachbibliothek/06_detail_online_volltexte_downloads 2.pdf,8fc564d960f47681b41e731d7c8dd9c105baf517862f7761c983eef38e8e6415,True,8,19814,0,Whole-file text extraction; seven terminology/logic signals with documented context review; leading-reference/addendum precedence,No signal in this screening; original publication stand retained
assets/downloads/rang-23-wirkungsakademie-fachbibliothek/06_detail_online_volltexte_downloads.pdf,684492a936173156d696077c950ceec7d42457ab202a6c282c4cfa710ddb4ca6,True,7,19980,0,Whole-file text extraction; seven terminology/logic signals with documented context review; leading-reference/addendum precedence,No signal in this screening; original publication stand retained
assets/downloads/rang-23-wirkungsakademie-fachbibliothek/07_detail_glossar_versionierung 2.pdf,f17a93bb24d2b6a957b604fecd71b7d51d8f93433d89314478086f2f76cb4034,True,8,19794,0,Whole-file text extraction; seven terminology/logic signals with documented context review; leading-reference/addendum precedence,No signal in this screening; original publication stand retained
assets/downloads/rang-23-wirkungsakademie-fachbibliothek/07_detail_glossar_versionierung.pdf,ae1483efb3bd660caa9e8ba7500b6817cc701b2fb1cb9f4c24e8653aef6e11f7,True,7,19926,0,Whole-file text extraction; seven terminology/logic signals with documented context review; leading-reference/addendum precedence,No signal in this screening; original publication stand retained
assets/downloads/rang-23-wirkungsakademie-fachbibliothek/08_detail_lernpfade_zertifikate 2.pdf,850b67fa2687bee62916f8931d55cad55fefec138db4d4d9c5dee2cca1efdcab,True,8,19725,0,Whole-file text extraction; seven terminology/logic signals with documented context review; leading-reference/addendum precedence,No signal in this screening; original publication stand retained
assets/downloads/rang-23-wirkungsakademie-fachbibliothek/08_detail_lernpfade_zertifikate.pdf,952439a85907a0e14fecb43cc606403e3304d82c87266cb96d165c9b0760b207,True,7,19857,0,Whole-file text extraction; seven terminology/logic signals with documented context review; leading-reference/addendum precedence,No signal in this screening; original publication stand retained
assets/downloads/rang-23-wirkungsakademie-fachbibliothek/09_detail_toolkarten_governance 2.pdf,a6176d4e81c096a85ff47c364ce7eed77ca94a5cafed5f16a016e95420f806ed,True,8,19758,0,Whole-file text extraction; seven terminology/logic signals with documented context review; leading-reference/addendum precedence,No signal in this screening; original publication stand retained
assets/downloads/rang-23-wirkungsakademie-fachbibliothek/09_detail_toolkarten_governance.pdf,4baa9f530ca7f16af0e1e65f6ad10000ff69eda8c340f73ee6f6ca74a49774a8,True,7,19855,0,Whole-file text extraction; seven terminology/logic signals with documented context review; leading-reference/addendum precedence,No signal in this screening; original publication stand retained
assets/downloads/rang-23-wirkungsakademie-fachbibliothek/10_detail_quellen_evidenz 2.pdf,f4e460072e235b751c9ae506d7ba761a8f176bbdc55d558ee7bbdedb721487fb,True,8,19770,0,Whole-file text extraction; seven terminology/logic signals with documented context review; leading-reference/addendum precedence,No signal in this screening; original publication stand retained
assets/downloads/rang-23-wirkungsakademie-fachbibliothek/10_detail_quellen_evidenz.pdf,bb29e3d9bcbb8318cd3e87cdb5e05089e0196ec82e6ae9f62bc98984e4ecdc9b,True,7,19916,0,Whole-file text extraction; seven terminology/logic signals with documented context review; leading-reference/addendum precedence,No signal in this screening; original publication stand retained
assets/downloads/rang-23-wirkungsakademie-fachbibliothek/11_detail_community_kritikwerkstatt 2.pdf,8dffb5f0bb29d0c30931f4e400ad6759a657a99c9dc34d89391d9fa35e840ee7,True,8,19801,0,Whole-file text extraction; seven terminology/logic signals with documented context review; leading-reference/addendum precedence,No signal in this screening; original publication stand retained
assets/downloads/rang-23-wirkungsakademie-fachbibliothek/11_detail_community_kritikwerkstatt.pdf,61dc3e99b06e2576f843b5eb587d6d944d9fd5bcf283455db52123960c4c79ff,True,7,19982,0,Whole-file text extraction; seven terminology/logic signals with documented context review; leading-reference/addendum precedence,No signal in this screening; original publication stand retained
assets/downloads/rang-23-wirkungsakademie-fachbibliothek/12_detail_publikationsworkflow 2.pdf,7ee182deb997e85071c175e88f1bf721163fd42ac51e03dc08c716d5659f1648,True,8,19896,0,Whole-file text extraction; seven terminology/logic signals with documented context review; leading-reference/addendum precedence,No signal in this screening; original publication stand retained
assets/downloads/rang-23-wirkungsakademie-fachbibliothek/12_detail_publikationsworkflow.pdf,29d8eaa50ff8b5110ec0d038dc3c9821e55cba135f64f6e6d23af4d9640a68c2,True,7,20140,0,Whole-file text extraction; seven terminology/logic signals with documented context review; leading-reference/addendum precedence,No signal in this screening; original publication stand retained
assets/downloads/rang-23-wirkungsakademie-fachbibliothek/14_wirkungsindikatoren 2.pdf,c0835090b43454bd5dd96278c7c53769bebabf4e220a4e0718f1c520770e5b34,True,8,20095,0,Whole-file text extraction; seven terminology/logic signals with documented context review; leading-reference/addendum precedence,No signal in this screening; original publication stand retained
assets/downloads/rang-23-wirkungsakademie-fachbibliothek/14_wirkungsindikatoren.pdf,28f03483464f4a5408e8feaebbfb7c0ef64997a116dce2268d7b72f68d0fb276,True,7,20076,0,Whole-file text extraction; seven terminology/logic signals with documented context review; leading-reference/addendum precedence,No signal in this screening; original publication stand retained
assets/downloads/rang-23-wirkungsakademie-fachbibliothek/15_toolkarten 2.pdf,98dcdf12fb3421248f80ef3dd76f34942b2114910fc86f5258ffb88963e88bf9,True,7,19571,0,Whole-file text extraction; seven terminology/logic signals with documented context review; leading-reference/addendum precedence,No signal in this screening; original publication stand retained
assets/downloads/rang-23-wirkungsakademie-fachbibliothek/15_toolkarten.pdf,da1151204fa58f527316d4bc4cd241708632f2ff94a30510ad964e0b86d0ef5b,True,6,19488,0,Whole-file text extraction; seven terminology/logic signals with documented context review; leading-reference/addendum precedence,No signal in this screening; original publication stand retained
assets/downloads/rang-23-wirkungsakademie-fachbibliothek/16_sdg_sdgplus_block 2.pdf,ee206ed8037e28d150597d52a3a436de6de8898d3238904e190aca4996a4d75a,True,8,19972,0,Whole-file text extraction; seven terminology/logic signals with documented context review; leading-reference/addendum precedence,No signal in this screening; original publication stand retained
assets/downloads/rang-23-wirkungsakademie-fachbibliothek/16_sdg_sdgplus_block.pdf,68abcc81ce734e3a7efd911e0fef83924575189d85ff29baeebcaba2ec64e874,True,7,19925,0,Whole-file text extraction; seven terminology/logic signals with documented context review; leading-reference/addendum precedence,No signal in this screening; original publication stand retained
assets/downloads/rang-23-wirkungsakademie-fachbibliothek/17_politische_anschlussfaehigkeit 2.pdf,a6c0fff0ad50065c1740e9d3b2da04dcdc81628de26a704398b2ffa2dcd49f9e,True,8,20963,0,Whole-file text extraction; seven terminology/logic signals with documented context review; leading-reference/addendum precedence,No signal in this screening; original publication stand retained
assets/downloads/rang-23-wirkungsakademie-fachbibliothek/17_politische_anschlussfaehigkeit.pdf,3cefb6e2c58a37fd42bda129b4bf9d6f378ecb501cb3821a446b212d22a490ab,True,7,21010,0,Whole-file text extraction; seven terminology/logic signals with documented context review; leading-reference/addendum precedence,No signal in this screening; original publication stand retained
assets/downloads/rang-23-wirkungsakademie-fachbibliothek/18_quellen_glossarlinks 2.pdf,5ac0e704239b078dd0d956a66a68dfb90c073c386ca5e91c696dcc2f3f84cf20,True,2,2052,0,Whole-file text extraction; seven terminology/logic signals with documented context review; leading-reference/addendum precedence,No signal in this screening; original publication stand retained
assets/downloads/rang-23-wirkungsakademie-fachbibliothek/18_quellen_glossarlinks.pdf,13d237cd85c75575a2d33bcf143d03f4f5b07329bdf41559fd8d8bd11f85a8b3,True,1,2032,0,Whole-file text extraction; seven terminology/logic signals with documented context review; leading-reference/addendum precedence,No signal in this screening; original publication stand retained
assets/downloads/rang-23-wirkungsakademie-fachbibliothek/WOeK_Rang23_Gesamtpaket_Alle_Inhalte_v1.0 2.pdf,1b2dc475afff6ad20a7e68fe6ec9f8d5bad45d21c7fdd855046542eb70fb510c,True,124,315166,0,Whole-file text extraction; seven terminology/logic signals with documented context review; leading-reference/addendum precedence,No signal in this screening; original publication stand retained
assets/downloads/rang-23-wirkungsakademie-fachbibliothek/WOeK_Rang23_Gesamtpaket_Alle_Inhalte_v1.0.pdf,233e46f9ed18d63cdce69ec06800e741dbea8f4f8d4f10dff7cdb7cb2ed77841,True,134,315138,0,Whole-file text extraction; seven terminology/logic signals with documented context review; leading-reference/addendum precedence,No signal in this screening; original publication stand retained
assets/downloads/sdgplus_referenzrahmen_wirkungsoekonomie_v0_1 2.pdf,087ddd84a0dd87e6d7163e5eec2a84f9c87b8b97c37017203ac2b52685883410,True,18,36821,0,Whole-file text extraction; seven terminology/logic signals with documented context review; leading-reference/addendum precedence,No signal in this screening; original publication stand retained
assets/downloads/sdgplus_referenzrahmen_wirkungsoekonomie_v0_1.pdf,6010f7f8a267250da166f4620f232bed93e86904d6867140abecb9b68bfdbc06,True,18,36821,0,Whole-file text extraction; seven terminology/logic signals with documented context review; leading-reference/addendum precedence,No signal in this screening; original publication stand retained
assets/downloads/tool_spezifikation_finanzsystem_kapital_tool_suite.pdf,7f734e7858fb3cfdc47034e8b4f06fbbf1af432af92049969e58be556722ad6c,True,2,2427,0,Whole-file text extraction; seven terminology/logic signals with documented context review; leading-reference/addendum precedence,No signal in this screening; original publication stand retained
assets/downloads/tool_spezifikation_kapitalwirkungs_und_wirkungsfonds_tool_suite.pdf,334cd8697c01b29fc1edb6b7e17c44769f95af493f5132792f109a74df1bcfeb,True,3,5573,0,Whole-file text extraction; seven terminology/logic signals with documented context review; leading-reference/addendum precedence,No signal in this screening; original publication stand retained
assets/downloads/tool_spezifikation_medienwirkungs_tool_suite.pdf,2844a572881d16d96c81b3c1a348adb6c52e585f385eaedf9f86a79184f9596b,True,3,3780,0,Whole-file text extraction; seven terminology/logic signals with documented context review; leading-reference/addendum precedence,No signal in this screening; original publication stand retained
assets/downloads/tool_spezifikation_medienwirkungscheck.pdf,e34fc7f606ae3f0d8b89c60d14f8d661f6900599983bf386a10bf889f1da32d5,True,3,3361,0,Whole-file text extraction; seven terminology/logic signals with documented context review; leading-reference/addendum precedence,No signal in this screening; original publication stand retained
assets/downloads/tool_spezifikation_wirkungsrenten_rechner.pdf,6a40c56590b2d521372f102763ce4fb860746563f9ec8890898c74f659880429,True,3,3094,0,Whole-file text extraction; seven terminology/logic signals with documented context review; leading-reference/addendum precedence,No signal in this screening; original publication stand retained
assets/downloads/tool_spezifikation_wirkungsrentenrechner.pdf,132d7469eda05d5b450b024d175e6f7830a664de124d27b3f607c0a3135a1226,True,3,2888,0,Whole-file text extraction; seven terminology/logic signals with documented context review; leading-reference/addendum precedence,No signal in this screening; original publication stand retained
assets/downloads/tool_spezifikation_wirkungsschule_tool_suite.pdf,56b7be0fdc72b381c4d819d5d8d628e5bd210b2bc59f0e862f8ee704e8881038,True,3,3377,0,Whole-file text extraction; seven terminology/logic signals with documented context review; leading-reference/addendum precedence,No signal in this screening; original publication stand retained
assets/downloads/tool_spezifikation_wissenschaft_innovation_digitalisierung_tool_suite.pdf,5822f3f256132e3366992e11cb0fa95cd23a91972f07908081196a8a7a79d86a,True,5,5052,0,Whole-file text extraction; seven terminology/logic signals with documented context review; leading-reference/addendum precedence,No signal in this screening; original publication stand retained
assets/downloads/website-1-0-release/WOeK_Rang24_Gesamtpaket_Alle_Inhalte_v1.0 3.pdf,f6db6eae06ab92f6ae531b3ce4fb963fb1d9239eb20ada02a5ff936dcbf6b31f,True,1,1912,0,Whole-file text extraction; seven terminology/logic signals with documented context review; leading-reference/addendum precedence,No signal in this screening; original publication stand retained
assets/downloads/website-1-0-release/WOeK_Rang24_Gesamtpaket_Alle_Inhalte_v1.0.pdf,f6db6eae06ab92f6ae531b3ce4fb963fb1d9239eb20ada02a5ff936dcbf6b31f,True,1,1912,0,Whole-file text extraction; seven terminology/logic signals with documented context review; leading-reference/addendum precedence,No signal in this screening; original publication stand retained
assets/downloads/website-1-0-release/WOeK_Rang24_Master-Releasebericht_Website-1.0_v1.0 3.pdf,8352ef3bb93b4bfcbfd886b72da4c2a8b1beccbc145ae0e9096d8642e7fb5304,True,1,2104,0,Whole-file text extraction; seven terminology/logic signals with documented context review; leading-reference/addendum precedence,No signal in this screening; original publication stand retained
assets/downloads/website-1-0-release/WOeK_Rang24_Master-Releasebericht_Website-1.0_v1.0.pdf,8352ef3bb93b4bfcbfd886b72da4c2a8b1beccbc145ae0e9096d8642e7fb5304,True,1,2104,0,Whole-file text extraction; seven terminology/logic signals with documented context review; leading-reference/addendum precedence,No signal in this screening; original publication stand retained
assets/downloads/website-1-0-release/WOeK_Rang24_Masterbibliothek_Architektur_v1.0 3.pdf,9e74b15c96684c7709ce2edae0acb702e6a8056cc7324761b80b5016d0f7e134,True,1,1817,0,Whole-file text extraction; seven terminology/logic signals with documented context review; leading-reference/addendum precedence,No signal in this screening; original publication stand retained
assets/downloads/website-1-0-release/WOeK_Rang24_Masterbibliothek_Architektur_v1.0.pdf,9e74b15c96684c7709ce2edae0acb702e6a8056cc7324761b80b5016d0f7e134,True,1,1817,0,Whole-file text extraction; seven terminology/logic signals with documented context review; leading-reference/addendum precedence,No signal in this screening; original publication stand retained
assets/downloads/website-1-0-release/WOeK_Rang24_Offene-Punkte-und-QA-Risiken_v1.0 2.pdf,9e3644b975bd65703baa8b9d34a314ac99c394be734eff82796c97d56ba367bb,True,1,1575,0,Whole-file text extraction; seven terminology/logic signals with documented context review; leading-reference/addendum precedence,No signal in this screening; original publication stand retained
assets/downloads/website-1-0-release/WOeK_Rang24_Offene-Punkte-und-QA-Risiken_v1.0.pdf,9e3644b975bd65703baa8b9d34a314ac99c394be734eff82796c97d56ba367bb,True,1,1575,0,Whole-file text extraction; seven terminology/logic signals with documented context review; leading-reference/addendum precedence,No signal in this screening; original publication stand retained
assets/downloads/wirkungscontrolling_detailkonzept_dossier_v1_0.pdf,8801243278bf89f8b7c2134a599ec292280e01526eda76caaebff304f0ea7cf8,True,127,250172,1,Whole-file text extraction; seven terminology/logic signals with documented context review; leading-reference/addendum precedence,Historical text preserved; current references and dated addenda apply
assets/downloads/woek_arbeit_einkommen_automatisierung_gesamtdossier_v0_1 2.pdf,26d59eb0ec5136cf51d784f25149f895df5201c889c5070258b6750be12ae481,True,4,8644,0,Whole-file text extraction; seven terminology/logic signals with documented context review; leading-reference/addendum precedence,No signal in this screening; original publication stand retained
assets/downloads/woek_arbeit_einkommen_automatisierung_gesamtdossier_v0_1.pdf,f8a19351b90dc14a3e6408dcf16dddd0ec27e5373cca810c92c5274a4193f445,True,4,8985,0,Whole-file text extraction; seven terminology/logic signals with documented context review; leading-reference/addendum precedence,No signal in this screening; original publication stand retained
assets/downloads/woek_arbeit_einkommen_automatisierung_konzeptpapier_v0_1 2.pdf,f301d2f2f4085a3e40fb6a8204518f887f777ce7ff30f5f86b61afea5cd27598,True,5,12948,0,Whole-file text extraction; seven terminology/logic signals with documented context review; leading-reference/addendum precedence,No signal in this screening; original publication stand retained
assets/downloads/woek_arbeit_einkommen_automatisierung_konzeptpapier_v0_1.pdf,864d2059a19479e1f6afcbae8e141490076bbea4c841aea9943a32a11d2c6a41,True,5,12948,0,Whole-file text extraction; seven terminology/logic signals with documented context review; leading-reference/addendum precedence,No signal in this screening; original publication stand retained
assets/downloads/woek_arbeit_einkommen_detailkonzepte_umfangreich_v0_1 2.pdf,ec6cdb5df8aaf5503ce8c1ed89cd4044d72031258bc4ebc4b04068c05aa99a09,True,12,34271,0,Whole-file text extraction; seven terminology/logic signals with documented context review; leading-reference/addendum precedence,No signal in this screening; original publication stand retained
assets/downloads/woek_arbeit_einkommen_detailkonzepte_umfangreich_v0_1.pdf,bae7b2a1b2f3fb92acc1ba6c2491afddb9f519cbcc468227dfdbae5e67fe15d0,True,12,34271,0,Whole-file text extraction; seven terminology/logic signals with documented context review; leading-reference/addendum precedence,No signal in this screening; original publication stand retained
assets/downloads/woek_arbeit_einkommen_einzeldossier_set_v0_1 2.pdf,d4197f351ea27140cfaf5a268e4eac16e9691ecddd80f1f14312a131d156a352,True,10,26484,0,Whole-file text extraction; seven terminology/logic signals with documented context review; leading-reference/addendum precedence,No signal in this screening; original publication stand retained
assets/downloads/woek_arbeit_einkommen_einzeldossier_set_v0_1.pdf,47991e224eea7e63b72812070b423289ea33ed76637dd468ebee53beef3756de,True,10,26484,0,Whole-file text extraction; seven terminology/logic signals with documented context review; leading-reference/addendum precedence,No signal in this screening; original publication stand retained
assets/downloads/woek_bildung_wirkungsschule_detailkonzepte_umfangreich_v0_1 2.pdf,94b1c34bf36bc3ef72491cc70252c72698520440379d846d133c737c0b4d0992,True,23,63581,0,Whole-file text extraction; seven terminology/logic signals with documented context review; leading-reference/addendum precedence,No signal in this screening; original publication stand retained
assets/downloads/woek_bildung_wirkungsschule_detailkonzepte_umfangreich_v0_1.pdf,2dbce7d8881d5b456489db9fde72029106df3ff42758405f9533de70781b1b10,True,23,63581,0,Whole-file text extraction; seven terminology/logic signals with documented context review; leading-reference/addendum precedence,No signal in this screening; original publication stand retained
assets/downloads/woek_bildung_wirkungsschule_einzeldossier_set_v0_1 2.pdf,6bf5f77db3f580b9c6467fb999dcac188fb7d209670ab04d5a26fd44c0f1c988,True,9,22771,0,Whole-file text extraction; seven terminology/logic signals with documented context review; leading-reference/addendum precedence,No signal in this screening; original publication stand retained
assets/downloads/woek_bildung_wirkungsschule_einzeldossier_set_v0_1.pdf,e72a055ee161a107c625292e77147d1db47a20ec34073b0dce25279506f5649c,True,9,22771,0,Whole-file text extraction; seven terminology/logic signals with documented context review; leading-reference/addendum precedence,No signal in this screening; original publication stand retained
assets/downloads/woek_bildung_wirkungsschule_gesamtdossier_v0_1 2.pdf,c833e88616dcdf0be895e55638081809f4347d89b660087562c7123832c5a579,True,4,10287,0,Whole-file text extraction; seven terminology/logic signals with documented context review; leading-reference/addendum precedence,No signal in this screening; original publication stand retained
assets/downloads/woek_bildung_wirkungsschule_gesamtdossier_v0_1.pdf,e56720f6612b9c35731d6c97a574ac3b1562cba61443eca68fb0fc461ce7159a,True,4,10287,0,Whole-file text extraction; seven terminology/logic signals with documented context review; leading-reference/addendum precedence,No signal in this screening; original publication stand retained
assets/downloads/woek_bildung_wirkungsschule_konzeptpapier_v0_1 2.pdf,0f32b29684d818d80a2dbbb30fa28b3ceeac8438bcc7a7f4a2462dea081f941c,True,6,15271,0,Whole-file text extraction; seven terminology/logic signals with documented context review; leading-reference/addendum precedence,No signal in this screening; original publication stand retained
assets/downloads/woek_bildung_wirkungsschule_konzeptpapier_v0_1.pdf,f23234120c9d5c181051718d8620753fd6b563ab7030a5b70f9b0842512a914e,True,5,15362,0,Whole-file text extraction; seven terminology/logic signals with documented context review; leading-reference/addendum precedence,No signal in this screening; original publication stand retained
assets/downloads/woek_bildung_wirkungsschule_wirkungspaedagogik_wirkungskompetenz_ausarbeitung_v1_0.pdf,556308918a07b631e4f546fa003d02617005be3b5d567734be54c715a1c7a510,True,19,53726,0,Whole-file text extraction; seven terminology/logic signals with documented context review; leading-reference/addendum precedence,No signal in this screening; original publication stand retained
assets/downloads/woek_detailkonzept_arbeit-einkommen-wirkung_v0_1 2.pdf,ca209c4f099c41b5e311dc6d298a3c4311e6455caa789f83562bf956218c15cf,True,5,13062,0,Whole-file text extraction; seven terminology/logic signals with documented context review; leading-reference/addendum precedence,No signal in this screening; original publication stand retained
assets/downloads/woek_detailkonzept_arbeit-einkommen-wirkung_v0_1.pdf,73592c1867a82dafd8e096d995ad93d30bb17e19eef6b4c0d9a9ab38bf1a3fd0,True,6,13635,0,Whole-file text extraction; seven terminology/logic signals with documented context review; leading-reference/addendum precedence,No signal in this screening; original publication stand retained
assets/downloads/woek_detailkonzept_automatisierung-maschinenleistung_v0_1 2.pdf,4fe0bb921f2afe7aff213e4a7c6530d451a34631e7440720bf816ae626444182,True,6,13729,0,Whole-file text extraction; seven terminology/logic signals with documented context review; leading-reference/addendum precedence,No signal in this screening; original publication stand retained
assets/downloads/woek_detailkonzept_automatisierung-maschinenleistung_v0_1.pdf,5a6165a985a6b18e0a1d777c7fef6017b46db44516b2898f826deff7d4c049f8,True,6,13729,0,Whole-file text extraction; seven terminology/logic signals with documented context review; leading-reference/addendum precedence,No signal in this screening; original publication stand retained
assets/downloads/woek_detailkonzept_boden_leerstand_spekulation_v0_1 2.pdf,ccc232633d614da601233937f2e15eb3248bb7e06ff7b2772bec67013fcc34b8,True,3,5383,0,Whole-file text extraction; seven terminology/logic signals with documented context review; leading-reference/addendum precedence,No signal in this screening; original publication stand retained
assets/downloads/woek_detailkonzept_boden_leerstand_spekulation_v0_1.pdf,29d463ef7fc8e7cec716599150139941a7273b13beb7df07121607f5fb77bfc1,True,3,5578,0,Whole-file text extraction; seven terminology/logic signals with documented context review; leading-reference/addendum precedence,No signal in this screening; original publication stand retained
assets/downloads/woek_detailkonzept_care-bildung-ehrenamt-wirkleistung_v0_1 2.pdf,6b4af2cab1ec7efc1c638504d033bf1ed092a0cb3fa39559b26e6f8f235ec315,True,6,13697,0,Whole-file text extraction; seven terminology/logic signals with documented context review; leading-reference/addendum precedence,No signal in this screening; original publication stand retained
assets/downloads/woek_detailkonzept_care-bildung-ehrenamt-wirkleistung_v0_1.pdf,ed4be0731d555567247c3bb3376605f19986c5be58556aa3be24b548daffe9cd,True,6,13697,0,Whole-file text extraction; seven terminology/logic signals with documented context review; leading-reference/addendum precedence,No signal in this screening; original publication stand retained
assets/downloads/woek_detailkonzept_eigentum_vermietung_wirkungspflicht_v0_1 2.pdf,86e7022e0bf00ecc394b590965000f581f8b97a8a54af0991ed72806817054cf,True,3,5578,0,Whole-file text extraction; seven terminology/logic signals with documented context review; leading-reference/addendum precedence,No signal in this screening; original publication stand retained
assets/downloads/woek_detailkonzept_eigentum_vermietung_wirkungspflicht_v0_1.pdf,26bf29b406a26e814c86cf9df32c4ae37dca499268af4098475a2347b0fcc522,True,3,5578,0,Whole-file text extraction; seven terminology/logic signals with documented context review; leading-reference/addendum precedence,No signal in this screening; original publication stand retained
assets/downloads/woek_detailkonzept_finanzierung_foerderlogik_wirkungsfonds_v0_1 2.pdf,b3088a2138de0153760a2ed3b6fac240cebeb4cfb72b22ad5c8dc22288f79b90,True,3,5424,0,Whole-file text extraction; seven terminology/logic signals with documented context review; leading-reference/addendum precedence,No signal in this screening; original publication stand retained
assets/downloads/woek_detailkonzept_finanzierung_foerderlogik_wirkungsfonds_v0_1.pdf,433a98e3e5dc122938d696ac2ed2b6ac7fb4c5b6f2597bfe31f562d9e82eb958,True,3,5607,0,Whole-file text extraction; seven terminology/logic signals with documented context review; leading-reference/addendum precedence,No signal in this screening; original publication stand retained
assets/downloads/woek_detailkonzept_gesundes_barrierefreies_resilientes_wohnen_v0_1 2.pdf,5ecccef42efee30d807012912d8d62f2756322528fb7f7a7e94d6b64ad5f8350,True,3,5451,0,Whole-file text extraction; seven terminology/logic signals with documented context review; leading-reference/addendum precedence,No signal in this screening; original publication stand retained
assets/downloads/woek_detailkonzept_gesundes_barrierefreies_resilientes_wohnen_v0_1.pdf,085664b7e95b5546588e3778647cf529359713271a7f7e107f216dba8227a6bd,True,3,5631,0,Whole-file text extraction; seven terminology/logic signals with documented context review; leading-reference/addendum precedence,No signal in this screening; original publication stand retained
assets/downloads/woek_detailkonzept_governance_boni_anreizsysteme_v0_1 2.pdf,17ec9396c6157a499c16c9ec540362882ea4e8d50e6401444019b3ee9401d923,True,3,3934,0,Whole-file text extraction; seven terminology/logic signals with documented context review; leading-reference/addendum precedence,No signal in this screening; original publication stand retained
assets/downloads/woek_detailkonzept_governance_boni_anreizsysteme_v0_1.pdf,876c7b92efa3d45827ad6e1ebf6c4172f6c01b2d17a0bd7c96ccabb33ddfe20e,True,3,3934,0,Whole-file text extraction; seven terminology/logic signals with documented context review; leading-reference/addendum precedence,No signal in this screening; original publication stand retained
assets/downloads/woek_detailkonzept_impact_controlling_im_unternehmen_v0_1 2.pdf,437c7b41179f53d4919439aff6b2589a2c0558a91a8d6ceef5afe57ce12e5c07,True,3,4023,0,Whole-file text extraction; seven terminology/logic signals with documented context review; leading-reference/addendum precedence,No signal in this screening; original publication stand retained
assets/downloads/woek_detailkonzept_impact_controlling_im_unternehmen_v0_1.pdf,3da6b84b08acc8c717e010aab0c852416311a8c7a073077ec2e560c992bb816a,True,3,4023,0,Whole-file text extraction; seven terminology/logic signals with documented context review; leading-reference/addendum precedence,No signal in this screening; original publication stand retained
assets/downloads/woek_detailkonzept_kmu_tauglichkeit_pilotierung_v0_1 2.pdf,06af95a2cb9b139a99e1a99c43792d5700370139f965030426737e635c3d34ae,True,3,3915,0,Whole-file text extraction; seven terminology/logic signals with documented context review; leading-reference/addendum precedence,No signal in this screening; original publication stand retained
assets/downloads/woek_detailkonzept_kmu_tauglichkeit_pilotierung_v0_1.pdf,beb6e06d9786658fee56214bfc9c0c483f793b7ebfa5c55c56943b4ade7139f3,True,3,3915,0,Whole-file text extraction; seven terminology/logic signals with documented context review; leading-reference/addendum precedence,No signal in this screening; original publication stand retained
assets/downloads/woek_detailkonzept_kommunale_wohnwirkungspolitik_v0_1 2.pdf,c662b208e382392f677e79c1f2f68dca19193cfbbe1d5061eb5687c4af6e7d15,True,3,5565,0,Whole-file text extraction; seven terminology/logic signals with documented context review; leading-reference/addendum precedence,No signal in this screening; original publication stand retained
assets/downloads/woek_detailkonzept_kommunale_wohnwirkungspolitik_v0_1.pdf,1899c2076962c5aa2e9c26b6264d89bc1c5a5720e5c257c0a46bf1cc08de2def,True,3,5565,0,Whole-file text extraction; seven terminology/logic signals with documented context review; leading-reference/addendum precedence,No signal in this screening; original publication stand retained
assets/downloads/woek_detailkonzept_marketing_fuenftes_p_planet_v0_1 2.pdf,af942df73528867254dfc8e2be382d02eadaf4ea81f9693dc6f86e9b178ec7c4,True,2,3759,0,Whole-file text extraction; seven terminology/logic signals with documented context review; leading-reference/addendum precedence,No signal in this screening; original publication stand retained
assets/downloads/woek_detailkonzept_marketing_fuenftes_p_planet_v0_1.pdf,cccccb0bdd3ad785c0a11e87d1db50d7d410ded39099bb815cbe9ff891ddd3db,True,3,4026,0,Whole-file text extraction; seven terminology/logic signals with documented context review; leading-reference/addendum precedence,No signal in this screening; original publication stand retained
assets/downloads/woek_detailkonzept_mieterstrom_energie_gemeinschaften_v0_1 2.pdf,fa654f00102d870b7cdfe4aae78756cd3f16887067a1da14ce73997ed49a9ce8,True,3,5592,0,Whole-file text extraction; seven terminology/logic signals with documented context review; leading-reference/addendum precedence,No signal in this screening; original publication stand retained
assets/downloads/woek_detailkonzept_mieterstrom_energie_gemeinschaften_v0_1.pdf,db75946c46225181537997af95c95fd0f54550fd876ffa63cb94d2537e45866e,True,3,5592,0,Whole-file text extraction; seven terminology/logic signals with documented context review; leading-reference/addendum precedence,No signal in this screening; original publication stand retained
assets/downloads/woek_detailkonzept_mietwirkung_bezahlbarkeit_v0_1 2.pdf,37349be57fcd72185a3bb510aa0153db31c78a39387ea3d3be1adfb661286ae7,True,3,5561,0,Whole-file text extraction; seven terminology/logic signals with documented context review; leading-reference/addendum precedence,No signal in this screening; original publication stand retained
assets/downloads/woek_detailkonzept_mietwirkung_bezahlbarkeit_v0_1.pdf,a08898454823b9ad69ed6d047225b8a1f90e7c7162b13bbaa45841bb9533a632,True,3,5561,0,Whole-file text extraction; seven terminology/logic signals with documented context review; leading-reference/addendum precedence,No signal in this screening; original publication stand retained
assets/downloads/woek_detailkonzept_organisation_kultur_verantwortung_v0_1 2.pdf,8b1761a3a8167f5ec907ca0882ea5761db6d0c54300fbb4a6e8aa1ee36fe19d7,True,2,3681,0,Whole-file text extraction; seven terminology/logic signals with documented context review; leading-reference/addendum precedence,No signal in this screening; original publication stand retained
assets/downloads/woek_detailkonzept_organisation_kultur_verantwortung_v0_1.pdf,2cf4394cb32734bc6d701703e8caf1147c12c457d1526817a0e210142fa9cac0,True,3,3942,0,Whole-file text extraction; seven terminology/logic signals with documented context review; leading-reference/addendum precedence,No signal in this screening; original publication stand retained
assets/downloads/woek_detailkonzept_plattform-daten-ki-arbeit_v0_1 2.pdf,4b3eea34401578bffc191633fdbe0fc53c9383a65b6dbccf9d1e541e1e08e7ab,True,5,13073,0,Whole-file text extraction; seven terminology/logic signals with documented context review; leading-reference/addendum precedence,No signal in this screening; original publication stand retained
assets/downloads/woek_detailkonzept_plattform-daten-ki-arbeit_v0_1.pdf,34ee828752933143302fbcf0d45af942d2f90672f4beeb094d8b92937373899f,True,6,13646,0,Whole-file text extraction; seven terminology/logic signals with documented context review; leading-reference/addendum precedence,No signal in this screening; original publication stand retained
assets/downloads/woek_detailkonzept_produktportfolio_produktentwicklung_v0_1 2.pdf,d270da1cafce52fa3c707747a0bbb54c8f1cc68cbe2e6cd06456b0f746d2af6c,True,2,3832,0,Whole-file text extraction; seven terminology/logic signals with documented context review; leading-reference/addendum precedence,No signal in this screening; original publication stand retained
assets/downloads/woek_detailkonzept_produktportfolio_produktentwicklung_v0_1.pdf,1e213748e45db150f17b68f6332bf4af66a54cadf70b50518f80016393df4f74,True,3,4091,0,Whole-file text extraction; seven terminology/logic signals with documented context review; leading-reference/addendum precedence,No signal in this screening; original publication stand retained
assets/downloads/woek_detailkonzept_quartier_stadt_sozialraumprofil_v0_1 2.pdf,8951c2c7789278bd19769310c7024aaf52ac8d2b428893cca5e7a9c51bf5fd35,True,3,5429,0,Whole-file text extraction; seven terminology/logic signals with documented context review; leading-reference/addendum precedence,No signal in this screening; original publication stand retained
assets/downloads/woek_detailkonzept_quartier_stadt_sozialraumprofil_v0_1.pdf,35d969b22e99feaf68205f2e7c3a7f44e62a3ec52be6a6198318921c5762abde,True,3,5620,0,Whole-file text extraction; seven terminology/logic signals with documented context review; leading-reference/addendum precedence,No signal in this screening; original publication stand retained
assets/downloads/woek_detailkonzept_resiliente_wertschoepfungskette_v0_1 2.pdf,a2685be168c659dfcabb4afcdbc305b04e570d8f4226f5877796312aeb8bf8ec,True,3,4085,0,Whole-file text extraction; seven terminology/logic signals with documented context review; leading-reference/addendum precedence,No signal in this screening; original publication stand retained
assets/downloads/woek_detailkonzept_resiliente_wertschoepfungskette_v0_1.pdf,c27954c4f1968aa8288bba68abeaeb199536aa542e16aac6809794bb167bd446,True,3,4085,0,Whole-file text extraction; seven terminology/logic signals with documented context review; leading-reference/addendum precedence,No signal in this screening; original publication stand retained
assets/downloads/woek_detailkonzept_risikomanagement_wirkungsrisiko_erm_v0_1 2.pdf,0ff80221ed006f9943d1e58793265600ad3b8dfb29d630cab7fbf4165066fae9,True,3,4039,0,Whole-file text extraction; seven terminology/logic signals with documented context review; leading-reference/addendum precedence,No signal in this screening; original publication stand retained
assets/downloads/woek_detailkonzept_risikomanagement_wirkungsrisiko_erm_v0_1.pdf,e35b11d61fb9aa82715b64843a095252326160fdc63816b70225e32ac27437fe,True,3,4039,0,Whole-file text extraction; seven terminology/logic signals with documented context review; leading-reference/addendum precedence,No signal in this screening; original publication stand retained
assets/downloads/woek_detailkonzept_sanierung_energie_warmmietenneutralitaet_v0_1 2.pdf,359e94a9c5b0120a96bba8658f89458943c1562cc4326ccb47a7a711a0664850,True,3,5632,0,Whole-file text extraction; seven terminology/logic signals with documented context review; leading-reference/addendum precedence,No signal in this screening; original publication stand retained
assets/downloads/woek_detailkonzept_sanierung_energie_warmmietenneutralitaet_v0_1.pdf,90d5c00b03be90e0c2f8005959e8944f12ed2f52dbfdcc63b9fa3cf9eaf46e19,True,3,5632,0,Whole-file text extraction; seven terminology/logic signals with documented context review; leading-reference/addendum precedence,No signal in this screening; original publication stand retained
assets/downloads/woek_detailkonzept_sozialabgaben-entkopplung_v0_1 2.pdf,938249e00fa2a562e33d4453774c5794c5cf860e9bb5b04f2b89dd5939afdc76,True,6,13781,0,Whole-file text extraction; seven terminology/logic signals with documented context review; leading-reference/addendum precedence,No signal in this screening; original publication stand retained
assets/downloads/woek_detailkonzept_sozialabgaben-entkopplung_v0_1.pdf,432dfb1c46f22b85cee87f97838ff95ccdb98bd24dcf7886db8fbf48f95367af,True,6,13781,0,Whole-file text extraction; seven terminology/logic signals with documented context review; leading-reference/addendum precedence,No signal in this screening; original publication stand retained
assets/downloads/woek_detailkonzept_transformation_geschaeftsmodellpruefung_v0_1 2.pdf,522a3c971e4bcf4b2df267c15d03b8fd2d5e4aacf5d013188d4361dc0a0e7d41,True,2,3749,0,Whole-file text extraction; seven terminology/logic signals with documented context review; leading-reference/addendum precedence,No signal in this screening; original publication stand retained
assets/downloads/woek_detailkonzept_transformation_geschaeftsmodellpruefung_v0_1.pdf,13d309b59dd36adadd247aabe941c6398169e060b74c70a4b2710f8a63b4d8b0,True,3,4005,0,Whole-file text extraction; seven terminology/logic signals with documented context review; leading-reference/addendum precedence,No signal in this screening; original publication stand retained
assets/downloads/woek_detailkonzept_uebergang-qualifizierung-resilienz_v0_1 2.pdf,82e1d569429ef3bc7da7e4e0f91fb7b718739a6bb7c8eb1c44783c29199def2e,True,5,13039,0,Whole-file text extraction; seven terminology/logic signals with documented context review; leading-reference/addendum precedence,No signal in this screening; original publication stand retained
assets/downloads/woek_detailkonzept_uebergang-qualifizierung-resilienz_v0_1.pdf,3a7bfb770ab464c1243e104d1222e2ddc0adfb0aeab56ab5db8fd341a2414f34,True,6,13602,0,Whole-file text extraction; seven terminology/logic signals with documented context review; leading-reference/addendum precedence,No signal in this screening; original publication stand retained
assets/downloads/woek_detailkonzept_unternehmen_als_wirkungssysteme_v0_1 2.pdf,972ba2b1802e4022870158ac0ee1c2d3b7dd2dee31d298fccc899b5f41d185b0,True,3,4031,0,Whole-file text extraction; seven terminology/logic signals with documented context review; leading-reference/addendum precedence,No signal in this screening; original publication stand retained
assets/downloads/woek_detailkonzept_unternehmen_als_wirkungssysteme_v0_1.pdf,665a87233e0b2dbb4c3ec708ac028eb1484499a59915fcec9bd42cc21c53ba48,True,3,4031,0,Whole-file text extraction; seven terminology/logic signals with documented context review; leading-reference/addendum precedence,No signal in this screening; original publication stand retained
assets/downloads/woek_detailkonzept_verdraengung_gentrifizierung_teilhabe_v0_1 2.pdf,9e44ee55e370cf0d08b7d9c86be574e7b76247144c55cf3da6ff96331223e114,True,3,5635,0,Whole-file text extraction; seven terminology/logic signals with documented context review; leading-reference/addendum precedence,No signal in this screening; original publication stand retained
assets/downloads/woek_detailkonzept_verdraengung_gentrifizierung_teilhabe_v0_1.pdf,e222d8df6628aaefb9dcf29eea252a6a674cd485e35dc551f5dc3704aa1114ea,True,3,5635,0,Whole-file text extraction; seven terminology/logic signals with documented context review; leading-reference/addendum precedence,No signal in this screening; original publication stand retained
assets/downloads/woek_detailkonzept_wirkungseinkommen_v0_1 2.pdf,d1397fb463e6ae2725fe7e2123873630561e4c9d428122141c19b925abc5d47f,True,6,13588,0,Whole-file text extraction; seven terminology/logic signals with documented context review; leading-reference/addendum precedence,No signal in this screening; original publication stand retained
assets/downloads/woek_detailkonzept_wirkungseinkommen_v0_1.pdf,0db970de031455b84f950bce34f4ed26871a20a85fd313f05670a49c1963e3ee,True,6,13588,0,Whole-file text extraction; seven terminology/logic signals with documented context review; leading-reference/addendum precedence,No signal in this screening; original publication stand retained
assets/downloads/woek_detailkonzept_wirkungseinkommensteuer-westg_v0_1 2.pdf,3ba9cce931aebfd0bc9fd5d9af7a3cbf2f9d4f6deadfde87c6c32c13da51228b,True,6,13708,0,Whole-file text extraction; seven terminology/logic signals with documented context review; leading-reference/addendum precedence,No signal in this screening; original publication stand retained
assets/downloads/woek_detailkonzept_wirkungseinkommensteuer-westg_v0_1.pdf,64a47851f6cb10c19472764bb42904c8bfe7b078905b18d8b1e3369ee4e7a2fd,True,6,13708,0,Whole-file text extraction; seven terminology/logic signals with documented context review; leading-reference/addendum precedence,No signal in this screening; original publication stand retained
assets/downloads/woek_detailkonzept_wirkungsorientierte_mitarbeiterfuehrung_v0_1 2.pdf,ffca98ce0283bb684466498fd07ae84671b97a921d7fecbea3a6a6e246761ef5,True,3,4059,0,Whole-file text extraction; seven terminology/logic signals with documented context review; leading-reference/addendum precedence,No signal in this screening; original publication stand retained
assets/downloads/woek_detailkonzept_wirkungsorientierte_mitarbeiterfuehrung_v0_1.pdf,2ec2315dc0071e78c1baeb6694bf2a137279d04fa0722ce0b6d8120f8fd2301c,True,3,4059,0,Whole-file text extraction; seven terminology/logic signals with documented context review; leading-reference/addendum precedence,No signal in this screening; original publication stand retained
assets/downloads/woek_detailkonzept_wirkungsorientierte_unternehmensfuehrung_v0_1 2.pdf,27814aab5585947da863c217046a922e8e6c7f71a5d8ecb74bf5100ed2c15496,True,2,3800,0,Whole-file text extraction; seven terminology/logic signals with documented context review; leading-reference/addendum precedence,No signal in this screening; original publication stand retained
assets/downloads/woek_detailkonzept_wirkungsorientierte_unternehmensfuehrung_v0_1.pdf,d9052f59f5da7a12217247de271a756c8023766158c91542ded4e24c158a0129,True,3,4054,0,Whole-file text extraction; seven terminology/logic signals with documented context review; leading-reference/addendum precedence,No signal in this screening; original publication stand retained
assets/downloads/woek_detailkonzept_wohnen_als_wirkungsraum_v0_1 2.pdf,2f1f87d2c7282478afc3bd1ef45dfaa1aa4e993323fbeac0ed6423c809adb930,True,3,5569,0,Whole-file text extraction; seven terminology/logic signals with documented context review; leading-reference/addendum precedence,No signal in this screening; original publication stand retained
assets/downloads/woek_detailkonzept_wohnen_als_wirkungsraum_v0_1.pdf,45bb44f7a6a09448a731a7a58c93b94dde93e389077c1838b3eb44e3a22268f3,True,3,5569,0,Whole-file text extraction; seven terminology/logic signals with documented context review; leading-reference/addendum precedence,No signal in this screening; original publication stand retained
assets/downloads/woek_detailkonzept_wohnwirkungsindex_wix_v0_1 2.pdf,ad68ed962922f77234542bb9614f85ea4407269c720d5eefb51889caad3ed63c,True,3,5544,0,Whole-file text extraction; seven terminology/logic signals with documented context review; leading-reference/addendum precedence,No signal in this screening; original publication stand retained
assets/downloads/woek_detailkonzept_wohnwirkungsindex_wix_v0_1.pdf,672888e45db4ba6db062d4ed7608f0a38eababc59cafa88354b507a2a10b0c88,True,3,5544,0,Whole-file text extraction; seven terminology/logic signals with documented context review; leading-reference/addendum precedence,No signal in this screening; original publication stand retained
assets/downloads/woek_dossier_fuenf_wellen_oeffentlicher_wirkung_v0_1.pdf,b71b25d5a310296b60942799b550fd2cc30daf5ada5c1a5ce9f43257b44161ed,True,64,144501,0,Whole-file text extraction; seven terminology/logic signals with documented context review; leading-reference/addendum precedence,No signal in this screening; original publication stand retained
assets/downloads/woek_dossier_fuenf_wellen_wirkungsentfaltung_v0_1.pdf,c4b0a4c0e99ad45845c0096083fd67035e498025e48d1268ec52792b0a0cf260,True,109,119707,0,Whole-file text extraction; seven terminology/logic signals with documented context review; leading-reference/addendum precedence,No signal in this screening; original publication stand retained
assets/downloads/woek_dossier_klimawandel_finanzmarkt_v1_0.pdf,05119b5996d856e99a524a3302f9f41b0f56d0cf8806815fc46d711e80885843,True,64,117934,0,Whole-file text extraction; seven terminology/logic signals with documented context review; leading-reference/addendum precedence,No signal in this screening; original publication stand retained
assets/downloads/woek_dossier_oeffentlicher_wirkungsraum_wellen_tiefe_v0_1.pdf,619a230449a458f2582243b2d25f4658ee4e9202ec751d357923465883cbc95e,True,86,170308,0,Whole-file text extraction; seven terminology/logic signals with documented context review; leading-reference/addendum precedence,No signal in this screening; original publication stand retained
assets/downloads/woek_dossier_sdgs_sdgplus_risiko_resilienzregister_systemresilienz_v0_1.pdf,61a1a73f4dbb85020b7b504f7df2d53f0761eb7176b60a3d8576653dcbf4664b,True,37,93640,0,Whole-file text extraction; seven terminology/logic signals with documented context review; leading-reference/addendum precedence,No signal in this screening; original publication stand retained
assets/downloads/woek_einzeldossier_arbeit-einkommen-wirkung_v0_1 2.pdf,577eb9ff070f3db5566850a973ce3e100b6f4520fb97284b328e2fe63e1d83ff,True,5,8763,0,Whole-file text extraction; seven terminology/logic signals with documented context review; leading-reference/addendum precedence,No signal in this screening; original publication stand retained
assets/downloads/woek_einzeldossier_arbeit-einkommen-wirkung_v0_1.pdf,ed62589e4c82bf9c9e83135d92bf484cc3d220804e1932798a0d7c07a66b8d4c,True,5,8763,0,Whole-file text extraction; seven terminology/logic signals with documented context review; leading-reference/addendum precedence,No signal in this screening; original publication stand retained
assets/downloads/woek_einzeldossier_automatisierung-maschinenleistung_v0_1 2.pdf,fb6456e44b5f29da592eb98b76a3d0001796dfdb817778034cbbffc1895c7cfd,True,5,8810,0,Whole-file text extraction; seven terminology/logic signals with documented context review; leading-reference/addendum precedence,No signal in this screening; original publication stand retained
assets/downloads/woek_einzeldossier_automatisierung-maschinenleistung_v0_1.pdf,774cd4fac2929ab91cdd2a21350f26b27e74e8e3fcf98c2d965957abbd78102f,True,5,8810,0,Whole-file text extraction; seven terminology/logic signals with documented context review; leading-reference/addendum precedence,No signal in this screening; original publication stand retained
assets/downloads/woek_einzeldossier_boden_leerstand_spekulation_v0_1 2.pdf,a9c51e770d82b647820efeb1e1da8fe822775abb80306a4b7dea80ddc4029ab2,True,3,4773,0,Whole-file text extraction; seven terminology/logic signals with documented context review; leading-reference/addendum precedence,No signal in this screening; original publication stand retained
assets/downloads/woek_einzeldossier_boden_leerstand_spekulation_v0_1.pdf,4834cc8b645ca90c4848da4377304d4935eccf649e852e5e4b36c7988684681f,True,3,4773,0,Whole-file text extraction; seven terminology/logic signals with documented context review; leading-reference/addendum precedence,No signal in this screening; original publication stand retained
assets/downloads/woek_einzeldossier_buergerbeteiligung_wirkungsdemokratie_v0_1 2.pdf,880d10d2130ae4384614802b9784d91baf937f0c502d5ca7bf2866335a17cf09,True,3,3388,0,Whole-file text extraction; seven terminology/logic signals with documented context review; leading-reference/addendum precedence,No signal in this screening; original publication stand retained
assets/downloads/woek_einzeldossier_buergerbeteiligung_wirkungsdemokratie_v0_1.pdf,4ebff7d7941ca5bc0d667233c9a3da38add87810c51a5f6d6520b33e3e94de04,True,3,3388,0,Whole-file text extraction; seven terminology/logic signals with documented context review; leading-reference/addendum precedence,No signal in this screening; original publication stand retained
assets/downloads/woek_einzeldossier_care-bildung-ehrenamt-wirkleistung_v0_1 2.pdf,ac3e7f2922416665501e06bb81f6aefa31ac26ce46b09db4e65aaa358f96616a,True,4,8453,0,Whole-file text extraction; seven terminology/logic signals with documented context review; leading-reference/addendum precedence,No signal in this screening; original publication stand retained
assets/downloads/woek_einzeldossier_care-bildung-ehrenamt-wirkleistung_v0_1.pdf,89435d0a51830d985b903a69958a6f75280725ac27392996bc417abc103f0b41,True,5,8870,0,Whole-file text extraction; seven terminology/logic signals with documented context review; leading-reference/addendum precedence,No signal in this screening; original publication stand retained
assets/downloads/woek_einzeldossier_eigentum_vermietung_wirkungspflicht_v0_1 2.pdf,abe43c603d00fc4d57824865fd40f511d0d560c97f6171b4c8c9229d3c17e4df,True,3,4757,0,Whole-file text extraction; seven terminology/logic signals with documented context review; leading-reference/addendum precedence,No signal in this screening; original publication stand retained
assets/downloads/woek_einzeldossier_eigentum_vermietung_wirkungspflicht_v0_1.pdf,087089fda24291b48e93bf8fa61767aa950066264faa565547de9e61a6f6d293,True,3,4757,0,Whole-file text extraction; seven terminology/logic signals with documented context review; leading-reference/addendum precedence,No signal in this screening; original publication stand retained
assets/downloads/woek_einzeldossier_finanzierung_foerderlogik_wirkungsfonds_v0_1 2.pdf,e3b35590991ceebc3c90f398ce96e80a7dbeffc14d36f0ecaa029f9ee97b8740,True,3,4804,0,Whole-file text extraction; seven terminology/logic signals with documented context review; leading-reference/addendum precedence,No signal in this screening; original publication stand retained
assets/downloads/woek_einzeldossier_finanzierung_foerderlogik_wirkungsfonds_v0_1.pdf,aa179cb3721f97829879df1c0e0efbf67bcbcd605ebd8342fac57421b8f188f5,True,3,4804,0,Whole-file text extraction; seven terminology/logic signals with documented context review; leading-reference/addendum precedence,No signal in this screening; original publication stand retained
assets/downloads/woek_einzeldossier_gesundes_barrierefreies_resilientes_wohnen_v0_1 2.pdf,b4241b143b7402db3d461c8764cad2f4aec4cfc8db5353887c114617abefd600,True,3,4822,0,Whole-file text extraction; seven terminology/logic signals with documented context review; leading-reference/addendum precedence,No signal in this screening; original publication stand retained
assets/downloads/woek_einzeldossier_gesundes_barrierefreies_resilientes_wohnen_v0_1.pdf,efbc709195ef1a4d652fd27058ad2d238a6122c301e01afd6c77bdcc1fa676ea,True,3,4822,0,Whole-file text extraction; seven terminology/logic signals with documented context review; leading-reference/addendum precedence,No signal in this screening; original publication stand retained
assets/downloads/woek_einzeldossier_governance_boni_anreizsysteme_v0_1 2.pdf,3d77f410f42131aa0e44cb7ce76306bfc9aad1119e7ea829d7eb71e381270b7b,True,3,3805,0,Whole-file text extraction; seven terminology/logic signals with documented context review; leading-reference/addendum precedence,No signal in this screening; original publication stand retained
assets/downloads/woek_einzeldossier_governance_boni_anreizsysteme_v0_1.pdf,b2334935ed12c7437f6f63551b5cb4ab96119b3a4f0a1da72e1b2d8f82a95491,True,3,3805,0,Whole-file text extraction; seven terminology/logic signals with documented context review; leading-reference/addendum precedence,No signal in this screening; original publication stand retained
assets/downloads/woek_einzeldossier_impact_controlling_im_unternehmen_v0_1 2.pdf,31ecf32936d7585fa467f1aa707f7f0ccd488a221f2b96c44f1a7a16e8db6129,True,2,3648,0,Whole-file text extraction; seven terminology/logic signals with documented context review; leading-reference/addendum precedence,No signal in this screening; original publication stand retained
assets/downloads/woek_einzeldossier_impact_controlling_im_unternehmen_v0_1.pdf,791490d3a612f0967da4ad9b53c5c04d6973296f431d7c2df031afc99ccac2b3,True,3,3845,0,Whole-file text extraction; seven terminology/logic signals with documented context review; leading-reference/addendum precedence,No signal in this screening; original publication stand retained
assets/downloads/woek_einzeldossier_kmu_tauglichkeit_pilotierung_v0_1 2.pdf,2fa0434c160caf1a866e45d729ac82c9a68d9a1115d073288ba509e8fc77cc7f,True,3,3801,0,Whole-file text extraction; seven terminology/logic signals with documented context review; leading-reference/addendum precedence,No signal in this screening; original publication stand retained
assets/downloads/woek_einzeldossier_kmu_tauglichkeit_pilotierung_v0_1.pdf,f773fdaaebb427d9f0459c7d613cb1add966aae5fe9bd1c6668933653744ba97,True,3,3801,0,Whole-file text extraction; seven terminology/logic signals with documented context review; leading-reference/addendum precedence,No signal in this screening; original publication stand retained
assets/downloads/woek_einzeldossier_kommunale_wohnwirkungspolitik_v0_1 2.pdf,42e687fad5b0d1fe0fb2f76c27794c06ce7e6f3532472760d1f8e85e5e837c83,True,3,4762,0,Whole-file text extraction; seven terminology/logic signals with documented context review; leading-reference/addendum precedence,No signal in this screening; original publication stand retained
assets/downloads/woek_einzeldossier_kommunale_wohnwirkungspolitik_v0_1.pdf,1a1c9a4eb57249d3898ce6f938deed571aefa25d6f6a6e01f3cb59a5066bc5b5,True,3,4762,0,Whole-file text extraction; seven terminology/logic signals with documented context review; leading-reference/addendum precedence,No signal in this screening; original publication stand retained
assets/downloads/woek_einzeldossier_lobbyismus_machtkonzentration_v0_1 2.pdf,a18156f908a92650ba09a8b2cb239b2376b0d919a7cd6e47675a56a28e3edf89,True,2,3320,0,Whole-file text extraction; seven terminology/logic signals with documented context review; leading-reference/addendum precedence,No signal in this screening; original publication stand retained
assets/downloads/woek_einzeldossier_lobbyismus_machtkonzentration_v0_1.pdf,bd2e08f7b9126e0aa6f2ce2d70c7ef7429362b78dac360ce3809b2ac23ec7cb9,True,3,3524,0,Whole-file text extraction; seven terminology/logic signals with documented context review; leading-reference/addendum precedence,No signal in this screening; original publication stand retained
assets/downloads/woek_einzeldossier_marketing_fuenftes_p_planet_v0_1 2.pdf,2dcb3b500e03fc67a88d883ff67d227969669d30eb042dc793815e786022d769,True,3,3804,0,Whole-file text extraction; seven terminology/logic signals with documented context review; leading-reference/addendum precedence,No signal in this screening; original publication stand retained
assets/downloads/woek_einzeldossier_marketing_fuenftes_p_planet_v0_1.pdf,eb3aaa2ca1f062e0f0203dd54db1356add5b91746b051049cb3680dcfce3fee6,True,3,3804,0,Whole-file text extraction; seven terminology/logic signals with documented context review; leading-reference/addendum precedence,No signal in this screening; original publication stand retained
assets/downloads/woek_einzeldossier_mieterstrom_energie_gemeinschaften_v0_1 2.pdf,a037b1a49262d656350fcb77eecec65c640c1fe0c2ac76c89c881e179db75e7c,True,3,4565,0,Whole-file text extraction; seven terminology/logic signals with documented context review; leading-reference/addendum precedence,No signal in this screening; original publication stand retained
assets/downloads/woek_einzeldossier_mieterstrom_energie_gemeinschaften_v0_1.pdf,d0a9f85f3693cac6e0724f18b79a6cf855de6ecff95ecf8c963ff90af5553399,True,3,4761,0,Whole-file text extraction; seven terminology/logic signals with documented context review; leading-reference/addendum precedence,No signal in this screening; original publication stand retained
assets/downloads/woek_einzeldossier_mietwirkung_bezahlbarkeit_v0_1 2.pdf,68602258ecb2e1c51820457ef09cacf4ec2b766797ed1d17cfd7d92a7a26f413,True,3,4732,0,Whole-file text extraction; seven terminology/logic signals with documented context review; leading-reference/addendum precedence,No signal in this screening; original publication stand retained
assets/downloads/woek_einzeldossier_mietwirkung_bezahlbarkeit_v0_1.pdf,7e54c6643ea6013d9a51bc4831db4210d1a76bf72939335e1c6cc2f91106d2bc,True,3,4732,0,Whole-file text extraction; seven terminology/logic signals with documented context review; leading-reference/addendum precedence,No signal in this screening; original publication stand retained
assets/downloads/woek_einzeldossier_organisation_kultur_verantwortung_v0_1 2.pdf,6b1a51e5f9515ab3f5b08753e40b53566c9af100cdacf59ff9add375fa27163a,True,3,3817,0,Whole-file text extraction; seven terminology/logic signals with documented context review; leading-reference/addendum precedence,No signal in this screening; original publication stand retained
assets/downloads/woek_einzeldossier_organisation_kultur_verantwortung_v0_1.pdf,cf116dfc17b19bcd33e09cecaadb654f4458b424402f838f41899f71fdecfa1f,True,3,3817,0,Whole-file text extraction; seven terminology/logic signals with documented context review; leading-reference/addendum precedence,No signal in this screening; original publication stand retained
assets/downloads/woek_einzeldossier_plattform-daten-ki-arbeit_v0_1 2.pdf,be6dadfe293a0dcdf641809cd4784e29f1304ddd4950588e16fc4d2b95d6d7fe,True,4,8348,0,Whole-file text extraction; seven terminology/logic signals with documented context review; leading-reference/addendum precedence,No signal in this screening; original publication stand retained
assets/downloads/woek_einzeldossier_plattform-daten-ki-arbeit_v0_1.pdf,f9f08ca6112495bf5ea8b1229efc669194d3c2847718f963ddc42c1d19665b09,True,5,8776,0,Whole-file text extraction; seven terminology/logic signals with documented context review; leading-reference/addendum precedence,No signal in this screening; original publication stand retained
assets/downloads/woek_einzeldossier_politische_wirkungspruefung_v0_1 2.pdf,5f09245735409aa2570d3d0dea8fb1f7beb4e9a16adfe8e65ac76ea69e2da69f,True,3,3572,0,Whole-file text extraction; seven terminology/logic signals with documented context review; leading-reference/addendum precedence,No signal in this screening; original publication stand retained
assets/downloads/woek_einzeldossier_politische_wirkungspruefung_v0_1.pdf,f9623a0adf57a059edbff3db6af92ca044375ac637b6a155e4fd0af540a38c2b,True,3,3572,0,Whole-file text extraction; seven terminology/logic signals with documented context review; leading-reference/addendum precedence,No signal in this screening; original publication stand retained
assets/downloads/woek_einzeldossier_produktportfolio_produktentwicklung_v0_1 2.pdf,cdc8993c5969d03ef27117cce7421e92599162bdf3d8efe7a5a08e5caac7938f,True,3,3847,0,Whole-file text extraction; seven terminology/logic signals with documented context review; leading-reference/addendum precedence,No signal in this screening; original publication stand retained
assets/downloads/woek_einzeldossier_produktportfolio_produktentwicklung_v0_1.pdf,65acee32718faeae23be52c7c23cd2adec0df87475bee703bd08656b87f21e2e,True,3,3847,0,Whole-file text extraction; seven terminology/logic signals with documented context review; leading-reference/addendum precedence,No signal in this screening; original publication stand retained
assets/downloads/woek_einzeldossier_quartier_stadt_sozialraumprofil_v0_1 2.pdf,f8c760f2561a8688c17333c0df72a4db4bb46a896e205bc9054b28c477ca89b2,True,3,4800,0,Whole-file text extraction; seven terminology/logic signals with documented context review; leading-reference/addendum precedence,No signal in this screening; original publication stand retained
assets/downloads/woek_einzeldossier_quartier_stadt_sozialraumprofil_v0_1.pdf,38cbced15bf2c185e7065a5eba928e259518e6bf7cc85d3dc944ea4f1a914437,True,3,4800,0,Whole-file text extraction; seven terminology/logic signals with documented context review; leading-reference/addendum precedence,No signal in this screening; original publication stand retained
assets/downloads/woek_einzeldossier_resiliente_wertschoepfungskette_v0_1 2.pdf,ff7425ff438885f151eb5c450559682294f6598d24c1d3e58c6ce7fe7702bf7d,True,3,3853,0,Whole-file text extraction; seven terminology/logic signals with documented context review; leading-reference/addendum precedence,No signal in this screening; original publication stand retained
assets/downloads/woek_einzeldossier_resiliente_wertschoepfungskette_v0_1.pdf,2db38771dc497fab02787f0070f2b0f71d5887548215c4423decc28c32ae8ad3,True,3,3853,0,Whole-file text extraction; seven terminology/logic signals with documented context review; leading-reference/addendum precedence,No signal in this screening; original publication stand retained
assets/downloads/woek_einzeldossier_risikomanagement_wirkungsrisiko_erm_v0_1 2.pdf,d873000f462e7ee3260aab9e9d7416a5dc1180fd084d85ab7cdff8cdc9ea1ca6,True,2,3626,0,Whole-file text extraction; seven terminology/logic signals with documented context review; leading-reference/addendum precedence,No signal in this screening; original publication stand retained
assets/downloads/woek_einzeldossier_risikomanagement_wirkungsrisiko_erm_v0_1.pdf,924515037d42e9090ab3cf856cad08ce9d6b2e3b0d7211755100407c09ba7277,True,3,3821,0,Whole-file text extraction; seven terminology/logic signals with documented context review; leading-reference/addendum precedence,No signal in this screening; original publication stand retained
assets/downloads/woek_einzeldossier_sanierung_energie_warmmietenneutralitaet_v0_1 2.pdf,bcdc044f7629ba5d1eb3bce50dd3853d8f7da1b06cad8e0862b5f84b9262cc7f,True,3,4790,0,Whole-file text extraction; seven terminology/logic signals with documented context review; leading-reference/addendum precedence,No signal in this screening; original publication stand retained
assets/downloads/woek_einzeldossier_sanierung_energie_warmmietenneutralitaet_v0_1.pdf,071a33fd068d9e6ef1512d121034088ebc2473c6a4dcfc1f92fa0043cf3f217c,True,3,4790,0,Whole-file text extraction; seven terminology/logic signals with documented context review; leading-reference/addendum precedence,No signal in this screening; original publication stand retained
assets/downloads/woek_einzeldossier_sozialabgaben-entkopplung_v0_1 2.pdf,a9fd1cd4aed2d22e7a643d97ef21453e3ca25ea2efcd99e09703582ff775068a,True,5,8838,0,Whole-file text extraction; seven terminology/logic signals with documented context review; leading-reference/addendum precedence,No signal in this screening; original publication stand retained
assets/downloads/woek_einzeldossier_sozialabgaben-entkopplung_v0_1.pdf,5ba3a1fe6cb7d053f86ae72aac8a2d49dd082a356ba99d969c6491333fdd41e3,True,5,8838,0,Whole-file text extraction; seven terminology/logic signals with documented context review; leading-reference/addendum precedence,No signal in this screening; original publication stand retained
assets/downloads/woek_einzeldossier_transformation_geschaeftsmodellpruefung_v0_1 2.pdf,b0d3421ae0524de0f4f67aa6b7505051df7f4c259c5f3589dc5e2b8cd7b25372,True,3,3829,0,Whole-file text extraction; seven terminology/logic signals with documented context review; leading-reference/addendum precedence,No signal in this screening; original publication stand retained
assets/downloads/woek_einzeldossier_transformation_geschaeftsmodellpruefung_v0_1.pdf,e49497cc3f4cb44a70bfc21b0ecaf7d324942a70af6c28273584a1e07c998218,True,3,3829,0,Whole-file text extraction; seven terminology/logic signals with documented context review; leading-reference/addendum precedence,No signal in this screening; original publication stand retained
assets/downloads/woek_einzeldossier_uebergang-qualifizierung-resilienz_v0_1 2.pdf,f1b6aca4fa472e83762fbde2b7a23971f08f5e4a822324d42301daa6fc60ba66,True,5,8798,0,Whole-file text extraction; seven terminology/logic signals with documented context review; leading-reference/addendum precedence,No signal in this screening; original publication stand retained
assets/downloads/woek_einzeldossier_uebergang-qualifizierung-resilienz_v0_1.pdf,2e752c4ea3e32883a221ddcfbb6f55fdcecf8293e74ea345201dae42b9125452,True,5,8798,0,Whole-file text extraction; seven terminology/logic signals with documented context review; leading-reference/addendum precedence,No signal in this screening; original publication stand retained
assets/downloads/woek_einzeldossier_unternehmen_als_wirkungssysteme_v0_1 2.pdf,7e1ded3b65c461e851365d8f15cd947c7c31ccc4d459383a8e92047562072668,True,2,3602,0,Whole-file text extraction; seven terminology/logic signals with documented context review; leading-reference/addendum precedence,No signal in this screening; original publication stand retained
assets/downloads/woek_einzeldossier_unternehmen_als_wirkungssysteme_v0_1.pdf,906b025c8172dca25469c3c810cac4e6813c3e87652634d56d508af6d646b22e,True,3,3801,0,Whole-file text extraction; seven terminology/logic signals with documented context review; leading-reference/addendum precedence,No signal in this screening; original publication stand retained
assets/downloads/woek_einzeldossier_verdraengung_gentrifizierung_teilhabe_v0_1 2.pdf,b73616018e833114e4c8180cf5e3b5f7971833bebf367026f5ca0f0f5abe3776,True,3,4622,0,Whole-file text extraction; seven terminology/logic signals with documented context review; leading-reference/addendum precedence,No signal in this screening; original publication stand retained
assets/downloads/woek_einzeldossier_verdraengung_gentrifizierung_teilhabe_v0_1.pdf,5cea8a631537a04f13920c8ec11408b3b1018c65a9a5f931f7b08a17eec390e8,True,3,4815,0,Whole-file text extraction; seven terminology/logic signals with documented context review; leading-reference/addendum precedence,No signal in this screening; original publication stand retained
assets/downloads/woek_einzeldossier_verwaltung_rechtsschutz_korrektur_v0_1 2.pdf,7391d0fd18466d915f846716d371c4ec109f9f9fad71e82f15ffff14b12da7d5,True,3,3453,0,Whole-file text extraction; seven terminology/logic signals with documented context review; leading-reference/addendum precedence,No signal in this screening; original publication stand retained
assets/downloads/woek_einzeldossier_verwaltung_rechtsschutz_korrektur_v0_1.pdf,4fcdd66e7d7e3d9b255021ee63955d8e77a4e765124b3b377478de8cc354085b,True,3,3453,0,Whole-file text extraction; seven terminology/logic signals with documented context review; leading-reference/addendum precedence,No signal in this screening; original publication stand retained
assets/downloads/woek_einzeldossier_wirkung_als_rechtsprinzip_v0_1 2.pdf,1170a3548639a9723e06ac20bad23997a48aa370c43ba9b20c370085d2bda15b,True,2,3845,0,Whole-file text extraction; seven terminology/logic signals with documented context review; leading-reference/addendum precedence,No signal in this screening; original publication stand retained
assets/downloads/woek_einzeldossier_wirkung_als_rechtsprinzip_v0_1.pdf,6700a2b939023b7a919a66bea94be9688d8c3a48ead23cf7bc68daebe8e24511,True,3,4053,0,Whole-file text extraction; seven terminology/logic signals with documented context review; leading-reference/addendum precedence,No signal in this screening; original publication stand retained
assets/downloads/woek_einzeldossier_wirkungseinkommen_v0_1 2.pdf,2c6e47096e398a200eb7b0d545e2683102ad66df64dbe63c3fecde633025bb6d,True,5,8714,0,Whole-file text extraction; seven terminology/logic signals with documented context review; leading-reference/addendum precedence,No signal in this screening; original publication stand retained
assets/downloads/woek_einzeldossier_wirkungseinkommen_v0_1.pdf,7cd23bbecbdd80a352c8feb84a4a82fba8f93ea88737de083c696f7d42ca8763,True,5,8714,0,Whole-file text extraction; seven terminology/logic signals with documented context review; leading-reference/addendum precedence,No signal in this screening; original publication stand retained
assets/downloads/woek_einzeldossier_wirkungseinkommensteuer-westg_v0_1 2.pdf,14a83bd147d718b2c255011e7f65136a29e4cae4e73d719c1546b8bed8544cbc,True,5,8763,0,Whole-file text extraction; seven terminology/logic signals with documented context review; leading-reference/addendum precedence,No signal in this screening; original publication stand retained
assets/downloads/woek_einzeldossier_wirkungseinkommensteuer-westg_v0_1.pdf,9c1aa64a8deecdc3ced1fc75f8e5a533234d3d3896f97360cfc6678053705e2d,True,5,8763,0,Whole-file text extraction; seven terminology/logic signals with documented context review; leading-reference/addendum precedence,No signal in this screening; original publication stand retained
assets/downloads/woek_einzeldossier_wirkungseinkommensteuer_westg_v0_1 2.pdf,beb023c7ec275e000640e038b8af9c6f74ef11825b03926874ea7156e2993eec,True,2,3329,0,Whole-file text extraction; seven terminology/logic signals with documented context review; leading-reference/addendum precedence,No signal in this screening; original publication stand retained
assets/downloads/woek_einzeldossier_wirkungseinkommensteuer_westg_v0_1.pdf,9e840c6143fabb1c12b8e98497c29f2b856fbbddf2fadf9db7c7f899b07039df,True,3,3533,0,Whole-file text extraction; seven terminology/logic signals with documented context review; leading-reference/addendum precedence,No signal in this screening; original publication stand retained
assets/downloads/woek_einzeldossier_wirkungshaushalt_v0_1 2.pdf,9860a1e235d3e1a4e88c63628adfa053f6915c9ac901ad9454451ae47dba7bfd,True,3,3611,0,Whole-file text extraction; seven terminology/logic signals with documented context review; leading-reference/addendum precedence,No signal in this screening; original publication stand retained
assets/downloads/woek_einzeldossier_wirkungshaushalt_v0_1.pdf,9a1cdf5780c6d4b9a07bf9cfe9700994d01a7f65ed332de0f7449789b973258f,True,3,3611,0,Whole-file text extraction; seven terminology/logic signals with documented context review; leading-reference/addendum precedence,No signal in this screening; original publication stand retained
assets/downloads/woek_einzeldossier_wirkungsorientierte_mitarbeiterfuehrung_v0_1 2.pdf,bf8215beb3b8f9c83c19883ff22ab2d70e3deafb168d133ed517b3454c0edbff,True,3,3823,0,Whole-file text extraction; seven terminology/logic signals with documented context review; leading-reference/addendum precedence,No signal in this screening; original publication stand retained
assets/downloads/woek_einzeldossier_wirkungsorientierte_mitarbeiterfuehrung_v0_1.pdf,c590eb48635da1cba678b07e9169eb2ccf939c481d89895864427a80c5a2102e,True,3,3823,0,Whole-file text extraction; seven terminology/logic signals with documented context review; leading-reference/addendum precedence,No signal in this screening; original publication stand retained
assets/downloads/woek_einzeldossier_wirkungsorientierte_unternehmensfuehrung_v0_1 2.pdf,ff4e70a6e49a773abc2b20e7e038f43e7b8d19da1f202cacea9c9898beee920f,True,3,3826,0,Whole-file text extraction; seven terminology/logic signals with documented context review; leading-reference/addendum precedence,No signal in this screening; original publication stand retained
assets/downloads/woek_einzeldossier_wirkungsorientierte_unternehmensfuehrung_v0_1.pdf,5d4808e3e5534842f155f96235a21cdd49d524e95451761ad26f426d8468475f,True,3,3826,0,Whole-file text extraction; seven terminology/logic signals with documented context review; leading-reference/addendum precedence,No signal in this screening; original publication stand retained
assets/downloads/woek_einzeldossier_wirkungsrat_v0_1 2.pdf,a9dbbfea39dd2099cc5378970ad4cbf034ab1797a9aaa136e6155d4487f8a9de,True,3,3561,0,Whole-file text extraction; seven terminology/logic signals with documented context review; leading-reference/addendum precedence,No signal in this screening; original publication stand retained
assets/downloads/woek_einzeldossier_wirkungsrat_v0_1.pdf,024c2d991bd1b51e4a32c2319af367d04a2383a632ebed342cb8f980bbd9ea8d,True,3,3561,0,Whole-file text extraction; seven terminology/logic signals with documented context review; leading-reference/addendum precedence,No signal in this screening; original publication stand retained
assets/downloads/woek_einzeldossier_wirkungssteuergesetz_wstg_v0_1 2.pdf,417e99c0db0c87e4c4c4eef3a5ecdbf41302d0b54fd3ad37dd96feef7ed6cffe,True,2,3426,0,Whole-file text extraction; seven terminology/logic signals with documented context review; leading-reference/addendum precedence,No signal in this screening; original publication stand retained
assets/downloads/woek_einzeldossier_wirkungssteuergesetz_wstg_v0_1.pdf,874bd96896bc76c3e856634fa3439327d1dd5793e39f1197d2a21c7ef193646d,True,3,3635,0,Whole-file text extraction; seven terminology/logic signals with documented context review; leading-reference/addendum precedence,No signal in this screening; original publication stand retained
assets/downloads/woek_einzeldossier_wirkungsumsatzsteuer_rechtsrahmen_v0_1 2.pdf,29ba5694004d1a4cfd540c54fd72d414c7155a660a661b9d485e3d088906cd83,True,3,3536,0,Whole-file text extraction; seven terminology/logic signals with documented context review; leading-reference/addendum precedence,No signal in this screening; original publication stand retained
assets/downloads/woek_einzeldossier_wirkungsumsatzsteuer_rechtsrahmen_v0_1.pdf,5f912c3daa3d8f3d399ae8f4c797277811b90c272b298272474655943020adfc,True,3,3536,0,Whole-file text extraction; seven terminology/logic signals with documented context review; leading-reference/addendum precedence,No signal in this screening; original publication stand retained
assets/downloads/woek_einzeldossier_wohnen_als_wirkungsraum_v0_1 2.pdf,fb9af9a08261af9ed0090d284141ff53cdb27871018cf7088fd5726c57b5381f,True,3,4755,0,Whole-file text extraction; seven terminology/logic signals with documented context review; leading-reference/addendum precedence,No signal in this screening; original publication stand retained
assets/downloads/woek_einzeldossier_wohnen_als_wirkungsraum_v0_1.pdf,734f42ce8a366f5f3e410c1f85b87b3ae8e621776de02e16e56d159eac1c8659,True,3,4755,0,Whole-file text extraction; seven terminology/logic signals with documented context review; leading-reference/addendum precedence,No signal in this screening; original publication stand retained
assets/downloads/woek_einzeldossier_wohnwirkungsindex_wix_v0_1 2.pdf,9894ed7d08565747224109cf26e4539194e5e5cfc6decd38607c6a14e27831d3,True,3,4564,0,Whole-file text extraction; seven terminology/logic signals with documented context review; leading-reference/addendum precedence,No signal in this screening; original publication stand retained
assets/downloads/woek_einzeldossier_wohnwirkungsindex_wix_v0_1.pdf,e113c01519ec429b2c302ea3bdc6f810461c3f228255533aa72c45e21ea81a73,True,3,4564,0,Whole-file text extraction; seven terminology/logic signals with documented context review; leading-reference/addendum precedence,No signal in this screening; original publication stand retained
assets/downloads/woek_finanzsystem_kapital_detailkonzepte_umfangreich_v0_1 2.pdf,631d8b3dd7b0b26b309959ae4e7e72615a1d4e335bfb022e7542169d81c8da5c,True,21,49579,0,Whole-file text extraction; seven terminology/logic signals with documented context review; leading-reference/addendum precedence,No signal in this screening; original publication stand retained
assets/downloads/woek_finanzsystem_kapital_detailkonzepte_umfangreich_v0_1.pdf,307e10c01ffb19466f54f5134398568a15b65d5994bc121016b0a03a43befc1e,True,21,49579,0,Whole-file text extraction; seven terminology/logic signals with documented context review; leading-reference/addendum precedence,No signal in this screening; original publication stand retained
assets/downloads/woek_finanzsystem_kapital_einzeldossier_set_v0_1 2.pdf,70d95ab131bb807be6142c7eb417150c575d407f5ad32fd29eb3de4ae03af03a,True,16,27945,0,Whole-file text extraction; seven terminology/logic signals with documented context review; leading-reference/addendum precedence,No signal in this screening; original publication stand retained
assets/downloads/woek_finanzsystem_kapital_einzeldossier_set_v0_1.pdf,0907ac36d44481423add9b7fa332a28cc22eabede962bef93836667cd769bc7e,True,16,27945,0,Whole-file text extraction; seven terminology/logic signals with documented context review; leading-reference/addendum precedence,No signal in this screening; original publication stand retained
assets/downloads/woek_finanzsystem_kapital_gesamtdossier_v0_1 2.pdf,d3b735577a7a4c1cabfe3e586a148dd87c12d7f5e7e5013ab4ac6311da1a2eef,True,4,10055,0,Whole-file text extraction; seven terminology/logic signals with documented context review; leading-reference/addendum precedence,No signal in this screening; original publication stand retained
assets/downloads/woek_finanzsystem_kapital_gesamtdossier_v0_1.pdf,566ae48db8bc28d26d3423d3f5c08e8fe00e61b438c05a3537dcdc6243175376,True,6,10533,0,Whole-file text extraction; seven terminology/logic signals with documented context review; leading-reference/addendum precedence,No signal in this screening; original publication stand retained
assets/downloads/woek_finanzsystem_kapital_konzeptpapier_v0_1 2.pdf,6597b82160b9bf11d725b8d4ad3028e46a1343efb1fa860d476933bf6a6634e2,True,7,14011,0,Whole-file text extraction; seven terminology/logic signals with documented context review; leading-reference/addendum precedence,No signal in this screening; original publication stand retained
assets/downloads/woek_finanzsystem_kapital_konzeptpapier_v0_1.pdf,3ce77eb4a2528609ad63596f39dd86e997f04b38ff90dfe381f8e970b1e5d8c2,True,7,14011,0,Whole-file text extraction; seven terminology/logic signals with documented context review; leading-reference/addendum precedence,No signal in this screening; original publication stand retained
assets/downloads/woek_gesamtstudie_wirkungsdilemmata_kooperation_sdgplus_v2_0.pdf,c71225d0b5e5fcd1fec5d4ebccdd423bea0601fa5311d2cf0bc518a5cd4499f8,True,128,296587,3,Whole-file text extraction; seven terminology/logic signals with documented context review; leading-reference/addendum precedence,Historical text preserved; current references and dated addenda apply
assets/downloads/woek_gesundheit_pflege_detailkonzepte_umfangreich_v0_2 2.pdf,4df6f1ff24b8d07a7ab7ddb3ef2782d51d249260d5f49ae6777906c46a314cc7,True,18,48135,0,Whole-file text extraction; seven terminology/logic signals with documented context review; leading-reference/addendum precedence,No signal in this screening; original publication stand retained
assets/downloads/woek_gesundheit_pflege_detailkonzepte_umfangreich_v0_2.pdf,8bcfdbb03065d6cdd08014dd384dc30a03972cddc991ed5490b380a8bed3ae90,True,18,48135,0,Whole-file text extraction; seven terminology/logic signals with documented context review; leading-reference/addendum precedence,No signal in this screening; original publication stand retained
assets/downloads/woek_gesundheit_pflege_einzeldossier_set_v0_2 2.pdf,5de4f76e11d32bd7fd62ce8440274d1b555ff7819178abdf47721ec21d255e41,True,21,58013,0,Whole-file text extraction; seven terminology/logic signals with documented context review; leading-reference/addendum precedence,No signal in this screening; original publication stand retained
assets/downloads/woek_gesundheit_pflege_einzeldossier_set_v0_2.pdf,58545041b2530583d5ee9e327000c47abaf55fbbd632e82ecdda4310f99b7428,True,21,58013,0,Whole-file text extraction; seven terminology/logic signals with documented context review; leading-reference/addendum precedence,No signal in this screening; original publication stand retained
assets/downloads/woek_gesundheit_pflege_einzeldossier_set_v0_3.pdf,a5279ff3db8ffea0ae1279d2e135b07040bb430beca78f75ce3d458527519f00,True,38,74537,0,Whole-file text extraction; seven terminology/logic signals with documented context review; leading-reference/addendum precedence,No signal in this screening; original publication stand retained
assets/downloads/woek_gesundheit_pflege_gesamtdossier_v0_1 2.pdf,d584c6dc2ad6f8c0d6b2837a2b938afed3c3d821d21bd9cf84efcb6acd7a6ce0,True,4,8595,0,Whole-file text extraction; seven terminology/logic signals with documented context review; leading-reference/addendum precedence,No signal in this screening; original publication stand retained
assets/downloads/woek_gesundheit_pflege_gesamtdossier_v0_1.pdf,af76f99497d8938c8a5768e7820b1c5966df386f9f4620174d26aa3d2309728e,True,5,9162,0,Whole-file text extraction; seven terminology/logic signals with documented context review; leading-reference/addendum precedence,No signal in this screening; original publication stand retained
assets/downloads/woek_gesundheit_pflege_konzeptpapier_v0_1 2.pdf,276b8e46476ebad52913f91eefbc0cbc79edaac99b0e556b78f74140e5a9909b,True,7,16194,0,Whole-file text extraction; seven terminology/logic signals with documented context review; leading-reference/addendum precedence,No signal in this screening; original publication stand retained
assets/downloads/woek_gesundheit_pflege_konzeptpapier_v0_1.pdf,1aa622c04226bef9cd7c954eedabc48479521580b759c9aac44858c67b0bddec,True,7,16194,0,Whole-file text extraction; seven terminology/logic signals with documented context review; leading-reference/addendum precedence,No signal in this screening; original publication stand retained
assets/downloads/woek_grundlagenstudie_kooperative_wirkungsordnung_v0_1.pdf,bdad065cb8c8db81471e7e991270feee39c4b4c088b21e4d84ded36f1fc6539d,True,104,174551,3,Whole-file text extraction; seven terminology/logic signals with documented context review; leading-reference/addendum precedence,Historical text preserved; current references and dated addenda apply
assets/downloads/woek_impact_controlling_detailkonzepte_umfangreich_v0_2 2.pdf,b70103a125228344fc26cf38602623fb10c07a0df355b963685aef5e5d9cfca8,True,24,70457,0,Whole-file text extraction; seven terminology/logic signals with documented context review; leading-reference/addendum precedence,No signal in this screening; original publication stand retained
assets/downloads/woek_impact_controlling_detailkonzepte_umfangreich_v0_2.pdf,337a773dda612d90c3d5fe217894c9fc5d89bd3849e0248dc7febd6e8a6e21be,True,24,70457,0,Whole-file text extraction; seven terminology/logic signals with documented context review; leading-reference/addendum precedence,No signal in this screening; original publication stand retained
assets/downloads/woek_medien_oeffentlichkeit_detailkonzepte_umfangreich_v0_1 2.pdf,bc3cf182d6b9211d7d1b32b4f1ada84915ef253c9c17cf0d7825833f9cdbace4,True,24,60935,0,Whole-file text extraction; seven terminology/logic signals with documented context review; leading-reference/addendum precedence,No signal in this screening; original publication stand retained
assets/downloads/woek_medien_oeffentlichkeit_detailkonzepte_umfangreich_v0_1.pdf,ebff073fae0cf710a805f95e8ef993d37dae602288a3a8ad8699f7fc6701ea5f,True,24,60935,0,Whole-file text extraction; seven terminology/logic signals with documented context review; leading-reference/addendum precedence,No signal in this screening; original publication stand retained
assets/downloads/woek_medien_oeffentlichkeit_einzeldossier_set_v0_1 2.pdf,77e105efbddc5ae19f2ecff8823fb81352b84b0cdf473e447f9e891f892287af,True,24,52628,0,Whole-file text extraction; seven terminology/logic signals with documented context review; leading-reference/addendum precedence,No signal in this screening; original publication stand retained
assets/downloads/woek_medien_oeffentlichkeit_einzeldossier_set_v0_1.pdf,faa0b6cff2cb3c5f84f77414c4717fa860b7bb954bb3dd26732c89f51b125ab5,True,24,52628,0,Whole-file text extraction; seven terminology/logic signals with documented context review; leading-reference/addendum precedence,No signal in this screening; original publication stand retained
assets/downloads/woek_medien_oeffentlichkeit_gesamtdossier_v0_1 2.pdf,f3426eb97079ca2aae872907400de12b7a4152352a03d975fa55c03de53de7d9,True,4,12155,0,Whole-file text extraction; seven terminology/logic signals with documented context review; leading-reference/addendum precedence,No signal in this screening; original publication stand retained
assets/downloads/woek_medien_oeffentlichkeit_gesamtdossier_v0_1.pdf,2cc62e977b554517be2f77339ba341a80d4cf8043050b518629c41d67b31461a,True,4,12155,0,Whole-file text extraction; seven terminology/logic signals with documented context review; leading-reference/addendum precedence,No signal in this screening; original publication stand retained
assets/downloads/woek_medien_oeffentlichkeit_konzeptpapier_v0_1 2.pdf,259251a0b8755b333e3feda9e54223389b3a70913437d25a39b10178866d96a8,True,11,44744,1,Whole-file text extraction; seven terminology/logic signals with documented context review; leading-reference/addendum precedence,Historical text preserved; current references and dated addenda apply
assets/downloads/woek_medien_oeffentlichkeit_konzeptpapier_v0_1.pdf,4135a2dc021e01b791c645482532344e17564a65f895ec817f64c9abacc19852,True,11,44744,1,Whole-file text extraction; seven terminology/logic signals with documented context review; leading-reference/addendum precedence,Historical text preserved; current references and dated addenda apply
assets/downloads/woek_medien_oeffentlichkeit_wirkungsraeume_gestalten_hosting_v1_0.pdf,8cb7deb10a4af1759cb58dd7b2aa12ad973e09c6bcf94ac7c8fe278755d50884,True,38,77610,1,Whole-file text extraction; seven terminology/logic signals with documented context review; leading-reference/addendum precedence,Historical text preserved; current references and dated addenda apply
assets/downloads/woek_produkte_konsum_detailkonzepte_umfangreich_v0_2 2.pdf,4b3286773114e6a5742cadf77f38de8982c799cc142a3b8598c7059e597ee38b,True,24,70714,0,Whole-file text extraction; seven terminology/logic signals with documented context review; leading-reference/addendum precedence,No signal in this screening; original publication stand retained
assets/downloads/woek_produkte_konsum_detailkonzepte_umfangreich_v0_2.pdf,a34610c6e4c9a0e2da376a769abfcbb7d77d3e18f544819ef37df6d0b3a08e09,True,24,70714,0,Whole-file text extraction; seven terminology/logic signals with documented context review; leading-reference/addendum precedence,No signal in this screening; original publication stand retained
assets/downloads/woek_publikationsstandard_detailkonzepte_dossiers_v0_3 2.pdf,bb56486f69b8dc34215b8302589e046e16a7fc917b887edcfd579025c215c6eb,True,5,8810,0,Whole-file text extraction; seven terminology/logic signals with documented context review; leading-reference/addendum precedence,No signal in this screening; original publication stand retained
assets/downloads/woek_publikationsstandard_detailkonzepte_dossiers_v0_3.pdf,c443ad2d558d927055886e75976912cae1247bb2a4930e272e15cde7c5adb787,True,5,8810,0,Whole-file text extraction; seven terminology/logic signals with documented context review; leading-reference/addendum precedence,No signal in this screening; original publication stand retained
assets/downloads/woek_rente_soziale_sicherung_detailkonzepte_umfangreich_v0_1 2.pdf,2ba13252c010e9880bff9992fde9630b8f864c3864fc1bde8583f20cdaa888f9,True,18,53962,0,Whole-file text extraction; seven terminology/logic signals with documented context review; leading-reference/addendum precedence,No signal in this screening; original publication stand retained
assets/downloads/woek_rente_soziale_sicherung_detailkonzepte_umfangreich_v0_1.pdf,b27e66aff460424e06f841400bbdb03d27888751b02372618889be02a174c0e3,True,22,56380,0,Whole-file text extraction; seven terminology/logic signals with documented context review; leading-reference/addendum precedence,No signal in this screening; original publication stand retained
assets/downloads/woek_rente_soziale_sicherung_einzeldossier_set_v0_1 2.pdf,ef3a000fda95aab2bf19d5777cc23e3406c9c30fd67eff6d59715d7f023e8957,True,22,25191,0,Whole-file text extraction; seven terminology/logic signals with documented context review; leading-reference/addendum precedence,No signal in this screening; original publication stand retained
assets/downloads/woek_rente_soziale_sicherung_einzeldossier_set_v0_1.pdf,811f5b0a49f6bfaa0d8002111ccb710d972e74204820e139497b7301bd0c7017,True,22,25191,0,Whole-file text extraction; seven terminology/logic signals with documented context review; leading-reference/addendum precedence,No signal in this screening; original publication stand retained
assets/downloads/woek_rente_soziale_sicherung_gesamtdossier_v0_1 2.pdf,f3b0d734e33e41c2a0a85ffcaa289ab0ea863f32c0a2998839dab1a02f73d778,True,8,17355,0,Whole-file text extraction; seven terminology/logic signals with documented context review; leading-reference/addendum precedence,No signal in this screening; original publication stand retained
assets/downloads/woek_rente_soziale_sicherung_gesamtdossier_v0_1.pdf,bf9e3b19ab7064939c2f6b0b85919a273b68fa06e237518190d3b7c72e00f42b,True,8,17355,0,Whole-file text extraction; seven terminology/logic signals with documented context review; leading-reference/addendum precedence,No signal in this screening; original publication stand retained
assets/downloads/woek_rente_soziale_sicherung_konzeptpapier_v0_1 2.pdf,77030ce6aaf53cc77e0596c8a7ef68689f387ba3e24aa21342e9971a93465ef5,True,8,18914,0,Whole-file text extraction; seven terminology/logic signals with documented context review; leading-reference/addendum precedence,No signal in this screening; original publication stand retained
assets/downloads/woek_rente_soziale_sicherung_konzeptpapier_v0_1.pdf,45145a3721f39835258c9bb6c52c5404ae75f98ba1010d3b65659a07b7894c28,True,8,19841,0,Whole-file text extraction; seven terminology/logic signals with documented context review; leading-reference/addendum precedence,No signal in this screening; original publication stand retained
assets/downloads/woek_sdg_sdgplus_referenzrahmen_vertiefungskonzept_lesefassung_v0_3 2.pdf,24b023b68a1f8a4ba416ee8ca9a348dd96436541b43a081063fbdbf703dd24ed,True,36,68885,0,Whole-file text extraction; seven terminology/logic signals with documented context review; leading-reference/addendum precedence,No signal in this screening; original publication stand retained
assets/downloads/woek_sdg_sdgplus_referenzrahmen_vertiefungskonzept_lesefassung_v0_3.pdf,8f83e1f1704b061ff5b0b1c038b59c34a0a10d1b79f61a6f36261f2438cf31bf,True,36,68885,0,Whole-file text extraction; seven terminology/logic signals with documented context review; leading-reference/addendum precedence,No signal in this screening; original publication stand retained
assets/downloads/woek_sdgs-sdgplus_detailkonzept_sdg-als-erweiterung-der-wirkungsoekonomie_v0_4 2.pdf,1f2c99b3c0422b19a98bedf3c9e46f5fd5b4f5de9d595b481857daee9dc1d979,True,11,38294,0,Whole-file text extraction; seven terminology/logic signals with documented context review; leading-reference/addendum precedence,No signal in this screening; original publication stand retained
assets/downloads/woek_sdgs-sdgplus_detailkonzept_sdg-als-erweiterung-der-wirkungsoekonomie_v0_4.pdf,7e6746f7b578375c86b856bf42577bdfbafdd471c29ac288b8c67405a12a1a44,True,15,38184,0,Whole-file text extraction; seven terminology/logic signals with documented context review; leading-reference/addendum precedence,No signal in this screening; original publication stand retained
assets/downloads/woek_sdgs-sdgplus_detailkonzept_sdg-unterziele-global-europa-und-deutschland_v0_4 2.pdf,66012f30076a24a86de6d37556dd30b1480794767feae2a22662d380cdd4511c,True,7,17310,0,Whole-file text extraction; seven terminology/logic signals with documented context review; leading-reference/addendum precedence,No signal in this screening; original publication stand retained
assets/downloads/woek_sdgs-sdgplus_detailkonzept_sdg-unterziele-global-europa-und-deutschland_v0_4.pdf,d856bf099b6d1925a350f8ccba3acd12f2b95365ec4dfd2bceb7759aa3a9dfda,True,9,17197,0,Whole-file text extraction; seven terminology/logic signals with documented context review; leading-reference/addendum precedence,No signal in this screening; original publication stand retained
assets/downloads/woek_sdgs-sdgplus_detailkonzept_sdgs-und-agenda-2030-als-globaler-referenzrahmen_v0_4 2.pdf,c91ea013e4a8e1330273ad48b79b2116b45edf9f70bec3785c9ba035d3fb9e2d,True,11,34689,0,Whole-file text extraction; seven terminology/logic signals with documented context review; leading-reference/addendum precedence,No signal in this screening; original publication stand retained
assets/downloads/woek_sdgs-sdgplus_detailkonzept_sdgs-und-agenda-2030-als-globaler-referenzrahmen_v0_4.pdf,9769969318d0e6ee1ecd22c2cfc9b4ed636a7e48e862f84c3199d894dbad679e,True,14,34574,0,Whole-file text extraction; seven terminology/logic signals with documented context review; leading-reference/addendum precedence,No signal in this screening; original publication stand retained
assets/downloads/woek_sdgs-sdgplus_dossier_sdg-als-erweiterung-der-wirkungsoekonomie_v0_4 2.pdf,41d46c20924fcb1d3ab0b74a4267850e7977d22f9337ec9257596910add949ed,True,10,22731,0,Whole-file text extraction; seven terminology/logic signals with documented context review; leading-reference/addendum precedence,No signal in this screening; original publication stand retained
assets/downloads/woek_sdgs-sdgplus_dossier_sdg-als-erweiterung-der-wirkungsoekonomie_v0_4.pdf,9e4333a36d0ec193906160be26a83d104cac44cd24bee8547b09ef6b9050f9d3,True,10,22731,0,Whole-file text extraction; seven terminology/logic signals with documented context review; leading-reference/addendum precedence,No signal in this screening; original publication stand retained
assets/downloads/woek_sdgs-sdgplus_dossier_sdg-unterziele-global-europa-und-deutschland_v0_4 2.pdf,f5e16922de82a0a6ec9c6e2edf2ac5fa7011e174ad685ed090825635b698268f,True,7,13231,0,Whole-file text extraction; seven terminology/logic signals with documented context review; leading-reference/addendum precedence,No signal in this screening; original publication stand retained
assets/downloads/woek_sdgs-sdgplus_dossier_sdg-unterziele-global-europa-und-deutschland_v0_4.pdf,a4bbec96be1dbdb96054915a6bcf547d0fa583d36ae0966ed546081f5ac7afb5,True,7,13231,0,Whole-file text extraction; seven terminology/logic signals with documented context review; leading-reference/addendum precedence,No signal in this screening; original publication stand retained
assets/downloads/woek_sdgs-sdgplus_dossier_sdgs-und-agenda-2030-als-globaler-referenzrahmen_v0_4 2.pdf,ff2f0b190d3f2b98cd1681b517b064fee5219de7f7b2545253740d55c285c6c6,True,10,22415,0,Whole-file text extraction; seven terminology/logic signals with documented context review; leading-reference/addendum precedence,No signal in this screening; original publication stand retained
assets/downloads/woek_sdgs-sdgplus_dossier_sdgs-und-agenda-2030-als-globaler-referenzrahmen_v0_4.pdf,e89cd9b17b76f9d6e7782a971f5fa71c3b3a4a5fc265526ba2371dff5fc9bee1,True,10,22415,0,Whole-file text extraction; seven terminology/logic signals with documented context review; leading-reference/addendum precedence,No signal in this screening; original publication stand retained
assets/downloads/woek_sdgs_agenda2030_geschichte_detailkonzept_v0_1 2.pdf,9d75e37801a545d75adfd4701e4e924b15a9520ebdea041920ee5e7278dfebf8,True,8,18022,0,Whole-file text extraction; seven terminology/logic signals with documented context review; leading-reference/addendum precedence,No signal in this screening; original publication stand retained
assets/downloads/woek_sdgs_agenda2030_geschichte_detailkonzept_v0_1.pdf,59a6df04053fc83b93be36e4378cf8cab13f30909a97930ef198708d4e52ed8d,True,8,18022,0,Whole-file text extraction; seven terminology/logic signals with documented context review; leading-reference/addendum precedence,No signal in this screening; original publication stand retained
assets/downloads/woek_sdgs_agenda2030_geschichte_dossier_v0_1 2.pdf,522698bf2baed04b93466d42531091e2f6ff3908b0a43a71ae1640f0718f6e29,True,6,9429,0,Whole-file text extraction; seven terminology/logic signals with documented context review; leading-reference/addendum precedence,No signal in this screening; original publication stand retained
assets/downloads/woek_sdgs_agenda2030_geschichte_dossier_v0_1.pdf,ac526a64ecf26f12d0d423b2d0792365cdc49a7f9cb2710f55e6e0ef1e3ba79a,True,6,9429,0,Whole-file text extraction; seven terminology/logic signals with documented context review; leading-reference/addendum precedence,No signal in this screening; original publication stand retained
assets/downloads/woek_staat_recht_demokratie_detailkonzepte_umfangreich_v0_2 2.pdf,b5d0f1cf7af347e2c4ee4e9e16f0f5b1638052986cec108a5d06d7ff2bf0f471,True,22,64307,0,Whole-file text extraction; seven terminology/logic signals with documented context review; leading-reference/addendum precedence,No signal in this screening; original publication stand retained
assets/downloads/woek_staat_recht_demokratie_detailkonzepte_umfangreich_v0_2.pdf,e9380d50799408b9a52962aec3de7d3e66a9dc9fa8ce440f8f3b8f95ba7b3f9b,True,22,64307,0,Whole-file text extraction; seven terminology/logic signals with documented context review; leading-reference/addendum precedence,No signal in this screening; original publication stand retained
assets/downloads/woek_staat_recht_demokratie_gesamtdossier_v0_1 2.pdf,e0ef5001f601f701d2b08c360a478e8d90f83faa656314ac408b21896b7cd601,True,3,6414,0,Whole-file text extraction; seven terminology/logic signals with documented context review; leading-reference/addendum precedence,No signal in this screening; original publication stand retained
assets/downloads/woek_staat_recht_demokratie_gesamtdossier_v0_1.pdf,e2e9e3ef90492332c967e8d8530f9a6a9aba73902aa612a72d1a4bf081d04010,True,4,6593,0,Whole-file text extraction; seven terminology/logic signals with documented context review; leading-reference/addendum precedence,No signal in this screening; original publication stand retained
assets/downloads/woek_staat_recht_demokratie_konzeptpapier_v0_1 2.pdf,a39a50fa92dc888aa8184cd9e19725e0417b0423f5f926ac6bdc167683323d9b,True,3,6666,0,Whole-file text extraction; seven terminology/logic signals with documented context review; leading-reference/addendum precedence,No signal in this screening; original publication stand retained
assets/downloads/woek_staat_recht_demokratie_konzeptpapier_v0_1.pdf,de7a27cf18c6130259a27173bf5c4eb044473d636ce389411f49cdf4a44c9f77,True,4,6952,0,Whole-file text extraction; seven terminology/logic signals with documented context review; leading-reference/addendum precedence,No signal in this screening; original publication stand retained
assets/downloads/woek_standard_detailkonzepte_einzeldossiers_v0_2 2.pdf,fd5a9d6501c4b39425f8c7e33c2f01bd82cacfccb0a7590851223495ab92f73f,True,2,3098,0,Whole-file text extraction; seven terminology/logic signals with documented context review; leading-reference/addendum precedence,No signal in this screening; original publication stand retained
assets/downloads/woek_standard_detailkonzepte_einzeldossiers_v0_2.pdf,2d625c6aa35d9fc882c8985b013902fceb684975ce7f7372678663a36d98c08d,True,2,3098,0,Whole-file text extraction; seven terminology/logic signals with documented context review; leading-reference/addendum precedence,No signal in this screening; original publication stand retained
assets/downloads/woek_standard_politische_anschlussfaehigkeit_v0_1 2.pdf,c59f25509ff8a07cbbe6be3c8ca65fc05e840b38952bd38c485be3fcf0c2d093,True,3,6815,0,Whole-file text extraction; seven terminology/logic signals with documented context review; leading-reference/addendum precedence,No signal in this screening; original publication stand retained
assets/downloads/woek_standard_politische_anschlussfaehigkeit_v0_1.pdf,69d7ca0a4ffa99cde06644c71984ef2477a0d3d563243a8d1d9d089b52d7b9ca,True,4,7085,0,Whole-file text extraction; seven terminology/logic signals with documented context review; leading-reference/addendum precedence,No signal in this screening; original publication stand retained
assets/downloads/woek_steuer_fonds_finanzierungsarchitektur_detailkonzept_v0_1 2.pdf,cc67f8e991ca8db664fcda2bba5173f1a595ddc01fb1df5d6687ccadb738ac8f,True,6,16010,0,Whole-file text extraction; seven terminology/logic signals with documented context review; leading-reference/addendum precedence,No signal in this screening; original publication stand retained
assets/downloads/woek_steuer_fonds_finanzierungsarchitektur_detailkonzept_v0_1.pdf,7fbcedc62167487c17ccab5412c7f5c5caad822f95ba0bb07770bf9f05e4728b,True,6,16010,0,Whole-file text extraction; seven terminology/logic signals with documented context review; leading-reference/addendum precedence,No signal in this screening; original publication stand retained
assets/downloads/woek_steuer_fonds_finanzierungsarchitektur_dossier_v0_1 2.pdf,c63cc8923613622f2fc90ed4d090b61bbd0077e3d012570387f50cd30b67db14,True,4,9714,0,Whole-file text extraction; seven terminology/logic signals with documented context review; leading-reference/addendum precedence,No signal in this screening; original publication stand retained
assets/downloads/woek_steuer_fonds_finanzierungsarchitektur_dossier_v0_1.pdf,42d2fb3a63a5bf1c12d312ea42cc5c1a46c53842fb8820a0205a2875ca826d7d,True,4,9714,0,Whole-file text extraction; seven terminology/logic signals with documented context review; leading-reference/addendum precedence,No signal in this screening; original publication stand retained
assets/downloads/woek_wirtschaft_unternehmen_detailkonzepte_umfangreich_v0_2 2.pdf,5beb501e4c176dd14916d9dca597fdb370a003fcc80c1ff3f86e11feaac44fc8,True,25,75248,0,Whole-file text extraction; seven terminology/logic signals with documented context review; leading-reference/addendum precedence,No signal in this screening; original publication stand retained
assets/downloads/woek_wirtschaft_unternehmen_detailkonzepte_umfangreich_v0_2.pdf,1d48a84f7719f8fecf6c8b0fcdb145b38e82fdb775d544c5fc8988618c27a95b,True,26,77174,0,Whole-file text extraction; seven terminology/logic signals with documented context review; leading-reference/addendum precedence,No signal in this screening; original publication stand retained
assets/downloads/woek_wirtschaft_unternehmen_finanzmarktanforderungen_detailkonzept_v0_2 2.pdf,550267f736e0674cfaf44492c95930bc7694cd29a12ef64e09b01e63dd40345c,True,8,21873,0,Whole-file text extraction; seven terminology/logic signals with documented context review; leading-reference/addendum precedence,No signal in this screening; original publication stand retained
assets/downloads/woek_wirtschaft_unternehmen_finanzmarktanforderungen_detailkonzept_v0_2.pdf,1f619a9a99de5c24bd0a7da9e895aedc8df8201c70800ad1519fc8ff9960453b,True,7,21647,0,Whole-file text extraction; seven terminology/logic signals with documented context review; leading-reference/addendum precedence,No signal in this screening; original publication stand retained
assets/downloads/woek_wirtschaft_unternehmen_finanzmarktanforderungen_dossier_v0_2 2.pdf,62413702e5cfb3ae85068af16e7ebb3b28198782fa2f6c0b8a12dc07d6235d9f,True,5,10777,0,Whole-file text extraction; seven terminology/logic signals with documented context review; leading-reference/addendum precedence,No signal in this screening; original publication stand retained
assets/downloads/woek_wirtschaft_unternehmen_finanzmarktanforderungen_dossier_v0_2.pdf,d3e0eb51b5a257707df04f5a0171419509e2f63561e704a353c56f05994c5ccb,True,5,10777,0,Whole-file text extraction; seven terminology/logic signals with documented context review; leading-reference/addendum precedence,No signal in this screening; original publication stand retained
assets/downloads/woek_wirtschaft_unternehmen_gesamtdossier_v0_1 2.pdf,6f8a5e6f9b25fa764df5c9e971f249010e83be8c792c6723828d41fbd4992307,True,3,4553,0,Whole-file text extraction; seven terminology/logic signals with documented context review; leading-reference/addendum precedence,No signal in this screening; original publication stand retained
assets/downloads/woek_wirtschaft_unternehmen_gesamtdossier_v0_1.pdf,1382fca853a36c79031f3f64f4e1ad1c7059e7d443638d757bc1102f52cdea9b,True,3,4553,0,Whole-file text extraction; seven terminology/logic signals with documented context review; leading-reference/addendum precedence,No signal in this screening; original publication stand retained
assets/downloads/woek_wirtschaft_unternehmen_konzeptpapier_v0_1 2.pdf,6d5f72d3450841c8547f3961a138146c64a992ca477423fec43b03b4e064e2eb,True,4,8055,0,Whole-file text extraction; seven terminology/logic signals with documented context review; leading-reference/addendum precedence,No signal in this screening; original publication stand retained
assets/downloads/woek_wirtschaft_unternehmen_konzeptpapier_v0_1.pdf,961446c4fd0334d66085d78bcfa0e16942ded6f03410d8bd55fcc8d1e065123b,True,4,8055,0,Whole-file text extraction; seven terminology/logic signals with documented context review; leading-reference/addendum precedence,No signal in this screening; original publication stand retained
assets/downloads/woek_wissenschaft_innovation_digitalisierung_detailkonzepte_umfangreich_v0_1 2.pdf,10b93c41581707c0010b40099481ecf6d5c0793a5984c65847f5c961b447c8bb,True,11,20303,0,Whole-file text extraction; seven terminology/logic signals with documented context review; leading-reference/addendum precedence,No signal in this screening; original publication stand retained
assets/downloads/woek_wissenschaft_innovation_digitalisierung_detailkonzepte_umfangreich_v0_1.pdf,ad6a16ae98904dc6bfec2d598e0eec866744a4a0dc9fb1169887237e45ad04ef,True,10,20432,0,Whole-file text extraction; seven terminology/logic signals with documented context review; leading-reference/addendum precedence,No signal in this screening; original publication stand retained
assets/downloads/woek_wissenschaft_innovation_digitalisierung_detailkonzepte_umfangreich_v0_2 2.pdf,89b3a1d0a97fdaad0a238783c36fcad3a0981a562b3639c623e99b28d25efee7,True,25,70939,0,Whole-file text extraction; seven terminology/logic signals with documented context review; leading-reference/addendum precedence,No signal in this screening; original publication stand retained
assets/downloads/woek_wissenschaft_innovation_digitalisierung_detailkonzepte_umfangreich_v0_2.pdf,2465f7e44aa4fb4976ab502afc8921b2593c82e988f631ffa47f45d2dbef8807,True,25,70939,0,Whole-file text extraction; seven terminology/logic signals with documented context review; leading-reference/addendum precedence,No signal in this screening; original publication stand retained
assets/downloads/woek_wissenschaft_innovation_digitalisierung_einzeldossier_set_v0_1 2.pdf,875ae5452a3774d7fb19536f709b3ca5cda1f17a2360a560ad2df975f88e3f87,True,11,24401,0,Whole-file text extraction; seven terminology/logic signals with documented context review; leading-reference/addendum precedence,No signal in this screening; original publication stand retained
assets/downloads/woek_wissenschaft_innovation_digitalisierung_einzeldossier_set_v0_1.pdf,33c823ba74e8183b4d2384abc03938d79b7499830ede8913aa6ccd41e348a2b2,True,11,24401,0,Whole-file text extraction; seven terminology/logic signals with documented context review; leading-reference/addendum precedence,No signal in this screening; original publication stand retained
assets/downloads/woek_wissenschaft_innovation_digitalisierung_einzeldossier_set_v0_2 2.pdf,7048644ee58b261f66b60f2051d8db0397994b7a85e5f2b8f5fc7a0e15f650aa,True,18,37164,0,Whole-file text extraction; seven terminology/logic signals with documented context review; leading-reference/addendum precedence,No signal in this screening; original publication stand retained
assets/downloads/woek_wissenschaft_innovation_digitalisierung_einzeldossier_set_v0_2.pdf,403a4b281f149623204973294e795b76633229d7aa2a40fe7b2130c28e0cf21a,True,18,37164,0,Whole-file text extraction; seven terminology/logic signals with documented context review; leading-reference/addendum precedence,No signal in this screening; original publication stand retained
assets/downloads/woek_wissenschaft_innovation_digitalisierung_gesamtdossier_v0_1 2.pdf,28d12c1563c312f08f8b653a22f37db9bb05177e0c1d75d338bd5e32f85be3db,True,4,9950,0,Whole-file text extraction; seven terminology/logic signals with documented context review; leading-reference/addendum precedence,No signal in this screening; original publication stand retained
assets/downloads/woek_wissenschaft_innovation_digitalisierung_gesamtdossier_v0_1.pdf,2fa1b7141e0ae417d6aebd764124372eb025e6a731830f42446261fd0e1eab81,True,4,9950,0,Whole-file text extraction; seven terminology/logic signals with documented context review; leading-reference/addendum precedence,No signal in this screening; original publication stand retained
assets/downloads/woek_wissenschaft_innovation_digitalisierung_konzeptpapier_v0_1 2.pdf,bc50b915d353e225e034468a72a75a267d7cc59369e8597e105d61b1a9dc72c3,True,5,11550,0,Whole-file text extraction; seven terminology/logic signals with documented context review; leading-reference/addendum precedence,No signal in this screening; original publication stand retained
assets/downloads/woek_wissenschaft_innovation_digitalisierung_konzeptpapier_v0_1.pdf,11f7dce67ef6e7861caedfc20528450d16e73e898f36cc100ad5f2c97b71e6a3,True,5,11550,0,Whole-file text extraction; seven terminology/logic signals with documented context review; leading-reference/addendum precedence,No signal in this screening; original publication stand retained
assets/downloads/woek_wohnen_investoren_vermieter_detailkonzept_v0_3 2.pdf,ff99f96ed9f5551a3cb4215b71c1687c9833335f71a97501e07a131b490d3417,True,11,28562,0,Whole-file text extraction; seven terminology/logic signals with documented context review; leading-reference/addendum precedence,No signal in this screening; original publication stand retained
assets/downloads/woek_wohnen_investoren_vermieter_detailkonzept_v0_3.pdf,19a8225961c339419daf559f70918ef4700a3179bd2f7494a813b3cc3286ef4f,True,11,28562,0,Whole-file text extraction; seven terminology/logic signals with documented context review; leading-reference/addendum precedence,No signal in this screening; original publication stand retained
assets/downloads/woek_wohnen_investoren_vermieter_dossier_v0_3 2.pdf,859c0143d8f1ec94094d27e367fc168e4d9c850244ff72f8d14431c0869eee1a,True,9,16388,0,Whole-file text extraction; seven terminology/logic signals with documented context review; leading-reference/addendum precedence,No signal in this screening; original publication stand retained
assets/downloads/woek_wohnen_investoren_vermieter_dossier_v0_3.pdf,d8b1cfb80e63ac335045b3783a2c31ebda575b77dd4147801a399683d2bb357c,True,9,16388,0,Whole-file text extraction; seven terminology/logic signals with documented context review; leading-reference/addendum precedence,No signal in this screening; original publication stand retained
assets/downloads/woek_wohnen_stadt_detailkonzepte_umfangreich_v0_2 2.pdf,c82f8347ef81dd72179fe4884341dd770eb5b54bff89a1915ee6b46722346b5d,True,25,74770,0,Whole-file text extraction; seven terminology/logic signals with documented context review; leading-reference/addendum precedence,No signal in this screening; original publication stand retained
assets/downloads/woek_wohnen_stadt_detailkonzepte_umfangreich_v0_2.pdf,a48fd767efd4647e6cbdcc633e17b8b0e2f4a908a3467d2dd50c4e1c11de4923,True,26,76705,0,Whole-file text extraction; seven terminology/logic signals with documented context review; leading-reference/addendum precedence,No signal in this screening; original publication stand retained
assets/downloads/woek_wohnen_stadt_gesamtdossier_v0_1 2.pdf,d056d0c5a3f4411697e7966e04790ae0fb53929b4239b1c1fdf52e2efabf99ff,True,4,6907,0,Whole-file text extraction; seven terminology/logic signals with documented context review; leading-reference/addendum precedence,No signal in this screening; original publication stand retained
assets/downloads/woek_wohnen_stadt_gesamtdossier_v0_1.pdf,e9522cbc8436a84a561f2baed8ab374c448dff602964475baf5d1cca1af50e24,True,4,6907,0,Whole-file text extraction; seven terminology/logic signals with documented context review; leading-reference/addendum precedence,No signal in this screening; original publication stand retained
assets/downloads/woek_wohnen_stadt_konzeptpapier_v0_1 2.pdf,234b0de40ee457eeec9d1dea220383580d51508185cd950d83bb4a15dbb26e24,True,4,7426,0,Whole-file text extraction; seven terminology/logic signals with documented context review; leading-reference/addendum precedence,No signal in this screening; original publication stand retained
assets/downloads/woek_wohnen_stadt_konzeptpapier_v0_1.pdf,891fc55d44cd1894d8e5fad5d02b9622a55b257e72e7c52ee200b871768b1c70,True,4,7426,0,Whole-file text extraction; seven terminology/logic signals with documented context review; leading-reference/addendum precedence,No signal in this screening; original publication stand retained
assets/downloads/woemm-woems-praesentation-2.0.pdf,5e335ccd663945535b2bcbf66c4b92c7a524f373b5fd5b74bc9f396d4f7ada78,True,15,7999,0,Whole-file text extraction; seven terminology/logic signals with documented context review; leading-reference/addendum precedence,No signal in this screening; original publication stand retained
assets/pdf/die-neue-ordnung-des-wohlstands.pdf,4e04ea740de878099f8375a033c09aa39645f4715c710251cb3d6f41e9b2ba10,True,1250,3089600,18,Whole-file text extraction; seven terminology/logic signals with documented context review; leading-reference/addendum precedence,Historical text preserved; current references and dated addenda apply
assets/pdf/handbuch-wirkungskompetenz.pdf,9a1df4d160347c8eabfd1b4dcdc3165ef22d1e4295969e9fa31b5ad85be7fd4a,True,56,89691,0,Whole-file text extraction; seven terminology/logic signals with documented context review; leading-reference/addendum precedence,No signal in this screening; original publication stand retained
assets/pdf/imported/nachhaltiger-einzelhandel.pdf,a18a6b85a1c57b104a627892e6444b81f418265f3134867280a29e8db5492f62,True,11,31451,0,Whole-file text extraction; seven terminology/logic signals with documented context review; leading-reference/addendum precedence,No signal in this screening; original publication stand retained
assets/pdf/imported/nachhaltiges-marketing-mix.pdf,3ccb69a5c2da37775d2bd2c8dda0ac50f74959b0b36352de97fdbb64f75029ff,True,19,46255,0,Whole-file text extraction; seven terminology/logic signals with documented context review; leading-reference/addendum precedence,No signal in this screening; original publication stand retained
assets/pdf/imported/nachhaltigkeitsstrategie-mittelstaendische-beratungsunternehmen.pdf,6ac1a13a4db6cd182e84b5f0ad846c5500f4b540abe7a3451429178b1db189a6,True,16,53955,0,Whole-file text extraction; seven terminology/logic signals with documented context review; leading-reference/addendum precedence,No signal in this screening; original publication stand retained
assets/pdf/imported/nachhaltigkeitstransformation-im-handwerk.pdf,5eb4949b8cad3a522e98cd172d298ff61941465a6249767c694eb692672d7831,True,24,49939,0,Whole-file text extraction; seven terminology/logic signals with documented context review; leading-reference/addendum precedence,No signal in this screening; original publication stand retained
assets/pdf/leitbild-mensch-planet-demokratie.pdf,183e2d6064c33ed5adc6d93ac73a3b86b861f1ca4051cf04efa03823a1b31e7b,True,17,24681,0,Whole-file text extraction; seven terminology/logic signals with documented context review; leading-reference/addendum precedence,No signal in this screening; original publication stand retained
assets/pdf/medien-und-wirkung.pdf,738c78f446e6a11624d54871062a8880090af3a5a620698a8e9df47a08a956ce,True,79,103286,0,Whole-file text extraction; seven terminology/logic signals with documented context review; leading-reference/addendum precedence,No signal in this screening; original publication stand retained
assets/pdf/prozessarchitektur-wirkungsoekonomie.pdf,117d1febae61cd4e129a92343d98a2e0a3a546c6722e425f547bee5c186ca75c,True,19,27905,0,Whole-file text extraction; seven terminology/logic signals with documented context review; leading-reference/addendum precedence,No signal in this screening; original publication stand retained
assets/pdf/use-case-kommunale-wirkungsgewerbesteuer.pdf,c3c74f385bf30b5738078278fe712aaf601c450486682b0b76eabb28e1829c11,True,26,28813,0,Whole-file text extraction; seven terminology/logic signals with documented context review; leading-reference/addendum precedence,No signal in this screening; original publication stand retained
assets/pdf/wenn-maschinen-arbeiten.pdf,0b78126e888c7ec4e47b801b9ade182f18edc579445772861e96fdc77a7afbdd,True,130,300708,0,Whole-file text extraction; seven terminology/logic signals with documented context review; leading-reference/addendum precedence,No signal in this screening; original publication stand retained
assets/pdf/whitepaper-wirkung-statt-kapital.pdf,fc349bfe673400647c3058f6ab885cefd523f2f42d1bd87e6f34192f9d39b7e5,True,50,87998,1,Whole-file text extraction; seven terminology/logic signals with documented context review; leading-reference/addendum precedence,Historical text preserved; current references and dated addenda apply
assets/pdf/whitepaper-wirkungseinkommen.pdf,8addf188707a4ab190da8199542217e47404ab2ae50d3cd998af4d734b361dfd,True,12,32219,0,Whole-file text extraction; seven terminology/logic signals with documented context review; leading-reference/addendum precedence,No signal in this screening; original publication stand retained
assets/pdf/wirkungseinkommensteuergesetz-westg.pdf,0e3e21b1db8a8a4746339b37de48a1e7214e741fa6950244129645505f75e355,True,172,206380,1,Whole-file text extraction; seven terminology/logic signals with documented context review; leading-reference/addendum precedence,Historical text preserved; current references and dated addenda apply
assets/pdf/wirkungssteuergesetz-wstg-oktober-2025.pdf,9e1b57cab3c78363a4a1db0516c3e70f72e4aed2f3b02e440c6830e99b924b62,True,146,188856,0,Whole-file text extraction; seven terminology/logic signals with documented context review; leading-reference/addendum precedence,No signal in this screening; original publication stand retained
assets/pdf/woek-master-items-v1-2.pdf,d8fde1d501c4667cf68a4a9ae659be1dea6b04dc05ded7525994558e03659516,True,21,462806,0,Whole-file text extraction; seven terminology/logic signals with documented context review; leading-reference/addendum precedence,No signal in this screening; original publication stand retained
assets/pdf/woek_bildung_wirkungsschule_wirkungspaedagogik_wirkungskompetenz_ausarbeitung_v1_0.pdf,1b3e22c7f4e4a0d779504b4bec5a8cdca15724be984479ffce2af7414ac765b0,True,22,53288,0,Whole-file text extraction; seven terminology/logic signals with documented context review; leading-reference/addendum precedence,No signal in this screening; original publication stand retained
assets/pdf/working-paper-produktbesteuerung-durch-wirkung.pdf,63da1830906ea8312fe8c4e8fcf7a86e4c6ec6c5fe8e9d235807d5c41fd050fe,True,80,96313,0,Whole-file text extraction; seven terminology/logic signals with documented context review; leading-reference/addendum precedence,No signal in this screening; original publication stand retained
assets/pdf/working-paper-wohnungsmarkt.pdf,e4ce0caf207396e5cf250926b681f20850fb3c9eb163b355954eaa2179a6fff6,True,105,141007,0,Whole-file text extraction; seven terminology/logic signals with documented context review; leading-reference/addendum precedence,No signal in this screening; original publication stand retained
content/governance/woek-language-rules.pdf,6902859efd2295383ecdae7aa6c4f02262da76e33dc2762f68aa410176848bfa,True,4,5164,0,Whole-file text extraction; seven terminology/logic signals with documented context review; leading-reference/addendum precedence,No signal in this screening; original publication stand retained
docs/gesetze/WStG_2.0_Wirkungssteuerrahmengesetz_Entwurf.pdf,35c841ff3bdc3f5c5e5fc89134c1dab8915ae9ddbfef673522a2023297ff5630,True,20,33758,1,Whole-file text extraction; seven terminology/logic signals with documented context review; leading-reference/addendum precedence,Historical text preserved; current references and dated addenda apply
docs/gesetze/WUStG_Technische_Leitlinien_v2.1_Entwurf.pdf,ea072979cc8b6c3bed16a2fe5df152c91329a532d0d82527506fef41556fb92f,True,23,30851,1,Whole-file text extraction; seven terminology/logic signals with documented context review; leading-reference/addendum precedence,Historical text preserved; current references and dated addenda apply
docs/go3-sdg-referenzrahmen-v1/source/pdf/01_woek_sdgs_agenda2030_referenzrahmen_detailkonzept_v1_0.pdf,eab060174e2b318f1746725eb148c70af6718eeea4231161052abf5089d2843a,True,8,21786,0,Whole-file text extraction; seven terminology/logic signals with documented context review; leading-reference/addendum precedence,No signal in this screening; original publication stand retained
docs/go3-sdg-referenzrahmen-v1/source/pdf/02_woek_sdgplus_erweiterung_detailkonzept_v1_0.pdf,b9db95a98562a14528e75a851f616ee83fc371d12c6f894b355e5c9883522bd6,True,7,18364,0,Whole-file text extraction; seven terminology/logic signals with documented context review; leading-reference/addendum precedence,No signal in this screening; original publication stand retained
docs/go3-sdg-referenzrahmen-v1/source/pdf/03_woek_sdg_unterziele_global_europa_deutschland_detailkonzept_v1_0.pdf,802d0bf2c3477aaabcc8e60fb11577326cb9639e1240a80b573247d1eaf58941,True,22,84838,0,Whole-file text extraction; seven terminology/logic signals with documented context review; leading-reference/addendum precedence,No signal in this screening; original publication stand retained
docs/grundlagen/Historische_Dokumente_Hinweis_v1.1.pdf,d42f3ea495f76947a9434f4b3c8f606831e057378ebc4210d7e67473e3c93a63,True,2,1969,0,Whole-file text extraction; seven terminology/logic signals with documented context review; leading-reference/addendum precedence,No signal in this screening; original publication stand retained
docs/sanierung-detaildossiers/source/woek_standard_umfangreiche_detailkonzepte_dossiers_v1_0.pdf,619b6ffa3f7f1e338da228fba9e1e56042ebe3c872f9cb29713c99aa38a6e7ae,True,4,7653,0,Whole-file text extraction; seven terminology/logic signals with documented context review; leading-reference/addendum precedence,No signal in this screening; original publication stand retained
public/downloads/exports/glossar.pdf,937b967e8248ebd7aa0afe12cdbcb0f59e60f1ea0fd6e441f74696fa09281013,True,17,22279,1,Whole-file text extraction; seven terminology/logic signals with documented context review; leading-reference/addendum precedence,Historical text preserved; current references and dated addenda apply
public/downloads/originals/Arbeitspapier_Doppelte_Wesentlichkeit_Impact_Controlling_Wirkungsoekonomie.pdf,1b68edd6cc6d2cdeb501974c6428a7bc39b7fdfdd3de14a53853ebca77d2409c,True,33,111913,0,Whole-file text extraction; seven terminology/logic signals with documented context review; leading-reference/addendum precedence,No signal in this screening; original publication stand retained
public/downloads/originals/Beispiel-Konzern.pdf,6391cdf90e5da595250aed64358112f736fe233a63ee5142c22053e580f232f6,True,4,3766,0,Whole-file text extraction; seven terminology/logic signals with documented context review; leading-reference/addendum precedence,No signal in this screening; original publication stand retained
public/downloads/originals/Beispiel_Apfel_Wirkungssteuer_Bonusregel.pdf,d3a583fc62e971c4ae0bbe262604ecc5fb0221347a07606636381db23eba7c06,True,17,23438,0,Whole-file text extraction; seven terminology/logic signals with documented context review; leading-reference/addendum precedence,No signal in this screening; original publication stand retained
public/downloads/originals/Grundlagenpapier-Wirkungsökonomie WÖk.pdf,54b7239328a1ffb4327b01c4d5f5728ded88f5a30c58f78bd0878863e728a61d,True,21,48335,0,Whole-file text extraction; seven terminology/logic signals with documented context review; leading-reference/addendum precedence,No signal in this screening; original publication stand retained
public/downloads/originals/IllusionMaschine-Buerokratieabbau.pdf,e532e76ece9da08b32c9fb061748994f73419da50348b520183d763e004829df,True,5,10369,0,Whole-file text extraction; seven terminology/logic signals with documented context review; leading-reference/addendum precedence,No signal in this screening; original publication stand retained
public/downloads/originals/Leitbild für Mensch Planet und Demokratie.pdf,183e2d6064c33ed5adc6d93ac73a3b86b861f1ca4051cf04efa03823a1b31e7b,True,17,24681,0,Whole-file text extraction; seven terminology/logic signals with documented context review; leading-reference/addendum precedence,No signal in this screening; original publication stand retained
public/downloads/originals/Minifest_Wirkungsoekonomie.pdf,194b207e2a4951b44ccf3a5ee7874652ba03dc5fe027632a7a8bf33ff6780afc,True,4,5881,0,Whole-file text extraction; seven terminology/logic signals with documented context review; leading-reference/addendum precedence,No signal in this screening; original publication stand retained
public/downloads/originals/NATS_WOeK_allgemein.pdf,35d00a6774260b0c7a4cdbf4960c4a2b33b45f575aeab918b61dc6bd2122e70c,True,60,35868,1,Whole-file text extraction; seven terminology/logic signals with documented context review; leading-reference/addendum precedence,Historical text preserved; current references and dated addenda apply
public/downloads/originals/Nachhaltigkeit-Systemarchitektur-v1.1.pdf,07b3735203a248e552e0ca00d1ba9fb5a6edc9c14b16e2d0c8363aba9493d406,True,18,55210,0,Whole-file text extraction; seven terminology/logic signals with documented context review; leading-reference/addendum precedence,No signal in this screening; original publication stand retained
public/downloads/originals/Nachhaltigkeit-Systemarchitektur-v1.2.pdf,35d4de4fab473052023263d3284568d09a6f930cad7aec0baa0a69972de5927f,True,20,59635,0,Whole-file text extraction; seven terminology/logic signals with documented context review; leading-reference/addendum precedence,No signal in this screening; original publication stand retained
public/downloads/originals/Nachhaltigkeit-Systemarchitektur.pdf,edd22e3076b7f4e40d09c3e9c7d9069a119df65772769f31b9dbe85e982d8e51,True,25,51375,0,Whole-file text extraction; seven terminology/logic signals with documented context review; leading-reference/addendum precedence,No signal in this screening; original publication stand retained
public/downloads/originals/Nachhaltigkeit_als_Systemresilienz_Definition_und_Klimamodell_v1.0.pdf,0267f4cb86e42022e45d564c25ec120cf8b88b51bbd0526f6a38e9ed05ef65ba,True,7,17012,0,Whole-file text extraction; seven terminology/logic signals with documented context review; leading-reference/addendum precedence,No signal in this screening; original publication stand retained
public/downloads/originals/Nachhaltigkeit_als_Systemresilienz_Definition_und_Klimamodell_v1.1.pdf,b71fc4c3d983eb112e507c333cf31aa6be5b8480ed9591461f5cc7df5f0f153b,True,13,28525,0,Whole-file text extraction; seven terminology/logic signals with documented context review; leading-reference/addendum precedence,No signal in this screening; original publication stand retained
public/downloads/originals/Sexarbeit-als-soziale-Infrastruktur.pdf,5459807a7eda557accf2050cf8510f5aa2da852fbce174d8706f346544c4e900,True,4,10557,0,Whole-file text extraction; seven terminology/logic signals with documented context review; leading-reference/addendum precedence,No signal in this screening; original publication stand retained
public/downloads/originals/Systemmodell-der-Wirkungsökonomie.pdf,9e857385082f1eb4f3e7aa02fa4c2a821bc01e141f8b56007b0bbe6fc4772c36,True,223,307840,0,Whole-file text extraction; seven terminology/logic signals with documented context review; leading-reference/addendum precedence,No signal in this screening; original publication stand retained
public/downloads/originals/Technische_Leitlinien_WUStG_Vollversion_Extended_v2.pdf,5efc5ac3251b73084cf177fa5c77839988e049dcf0041cd9e23a75cb981c185b,True,11,15181,0,Whole-file text extraction; seven terminology/logic signals with documented context review; leading-reference/addendum precedence,No signal in this screening; original publication stand retained
public/downloads/originals/WOeK_Begriffsleitfaden_fuehrend_v1.0.pdf,303f18b1e5df2670ef52a02182ea3b1d3134ec544f7e7533794b5dd3dbe486dc,True,15,32284,1,Whole-file text extraction; seven terminology/logic signals with documented context review; leading-reference/addendum precedence,Historical text preserved; current references and dated addenda apply
public/downloads/originals/WOeK_Begriffsleitfaden_fuehrend_v1.1.pdf,a97aa99308f898923d8b08dd6e7297da902d93fda211a2a0aa28739c54d9b16a,True,20,36989,1,Whole-file text extraction; seven terminology/logic signals with documented context review; leading-reference/addendum precedence,Historical text preserved; current references and dated addenda apply
public/downloads/originals/WOeK_Begriffsleitfaden_fuehrend_v1.2.pdf,78448059c4b550280603ab87e7d089f01e59d0a103f477803703ce901e6639f6,True,23,41850,1,Whole-file text extraction; seven terminology/logic signals with documented context review; leading-reference/addendum precedence,Historical text preserved; current references and dated addenda apply
public/downloads/originals/WOeK_Begriffsleitfaden_fuehrend_v1.3.pdf,f6cd5f245e3853eb43ae5792abc90aaace185d2fd86b53d827d4f01f548bc0e0,True,25,47779,1,Whole-file text extraction; seven terminology/logic signals with documented context review; leading-reference/addendum precedence,Historical text preserved; current references and dated addenda apply
public/downloads/originals/WOeK_Begriffsleitfaden_fuehrend_v1.4.pdf,a96b226b5b1f042f2369e2b91445117bca855ee2c4bb86d4343c66b7b3ab340d,True,28,53795,1,Whole-file text extraction; seven terminology/logic signals with documented context review; leading-reference/addendum precedence,Historical text preserved; current references and dated addenda apply
public/downloads/originals/WOeK_Begriffsleitfaden_fuehrend_v1.5.pdf,470b36081e33920b9ccfe0b24adc20143f0539757ced2ed58c7752ad3677aa6d,True,34,86169,0,Whole-file text extraction; seven terminology/logic signals with documented context review; leading-reference/addendum precedence,No signal in this screening; original publication stand retained
public/downloads/originals/WOeK_Begriffsleitfaden_fuehrend_v1.6.pdf,1971cf8a77e5f295fd4673b133d52122f80dad23dfbab4bd485402c66ee106bf,True,47,93217,0,Whole-file text extraction; seven terminology/logic signals with documented context review; leading-reference/addendum precedence,No signal in this screening; original publication stand retained
public/downloads/originals/WOeK_Begriffsleitfaden_fuehrend_v1.7.pdf,8d0b4df002ef4012250afb0c8d269396371088f817569ca5b596c120b12ad427,True,52,104535,0,Whole-file text extraction; seven terminology/logic signals with documented context review; leading-reference/addendum precedence,No signal in this screening; original publication stand retained
public/downloads/originals/WOeK_Master_Items_final_v1.2.pdf,5219cbf88464c4918d0693c57b2ea132b68c098289089439c7aecf7986cb6ae9,True,221,488793,0,Whole-file text extraction; seven terminology/logic signals with documented context review; leading-reference/addendum precedence,No signal in this screening; original publication stand retained
public/downloads/originals/WP_Einkommen.pdf,8addf188707a4ab190da8199542217e47404ab2ae50d3cd998af4d734b361dfd,True,12,32219,0,Whole-file text extraction; seven terminology/logic signals with documented context review; leading-reference/addendum precedence,No signal in this screening; original publication stand retained
public/downloads/originals/WP_Produkte.pdf,c097f82f9f5305e659fbdb1ef6a39f0449e7c3aa542d8468958d0b5424bc7591,True,22,96361,0,Whole-file text extraction; seven terminology/logic signals with documented context review; leading-reference/addendum precedence,No signal in this screening; original publication stand retained
public/downloads/originals/WP_Rente.pdf,4afe8043f48a29854d43a1ca0865213cd75eee411207ee87fa1cfedf61e6a9ad,True,90,114568,0,Whole-file text extraction; seven terminology/logic signals with documented context review; leading-reference/addendum precedence,No signal in this screening; original publication stand retained
public/downloads/originals/WP_Wohnungsmarkt.pdf,e4ce0caf207396e5cf250926b681f20850fb3c9eb163b355954eaa2179a6fff6,True,105,141007,0,Whole-file text extraction; seven terminology/logic signals with documented context review; leading-reference/addendum precedence,No signal in this screening; original publication stand retained
public/downloads/originals/WStG_Oktober2025.pdf,9e1b57cab3c78363a4a1db0516c3e70f72e4aed2f3b02e440c6830e99b924b62,True,146,188856,0,Whole-file text extraction; seven terminology/logic signals with documented context review; leading-reference/addendum precedence,No signal in this screening; original publication stand retained
public/downloads/originals/Wenn-Maschinen-arbeiten.pdf,c620ab1748a62ad790e471039e8e3a7f8229082483396e1c320eccd6a25f8b5a,True,70,300782,0,Whole-file text extraction; seven terminology/logic signals with documented context review; leading-reference/addendum precedence,No signal in this screening; original publication stand retained
public/downloads/originals/Whitepaper-T-SROI.pdf,461c55a900104711c6045d11db779bf8f0572da7a67086a8426dbcd284f5ed7d,True,18,30105,2,Whole-file text extraction; seven terminology/logic signals with documented context review; leading-reference/addendum precedence,Historical text preserved; current references and dated addenda apply
public/downloads/originals/Wirkungsbasiertes_Value_Pricing_v1.2.pdf,872c0bd0bd5ac17d02b5e05f8b063d0873c5cdea7fd3e968e1ed794be3ed5ae8,True,69,158830,1,Whole-file text extraction; seven terminology/logic signals with documented context review; leading-reference/addendum precedence,Historical text preserved; current references and dated addenda apply
public/downloads/originals/Wirkungsraeume_gestalten_Dossier_wirkungsorientiertes_Hosting.pdf,3d82db9c4e2a200e74cf909f3fea701ee02d7d0716f9dd9d9d008835561b92db,True,38,77610,1,Whole-file text extraction; seven terminology/logic signals with documented context review; leading-reference/addendum precedence,Historical text preserved; current references and dated addenda apply
public/downloads/originals/Wirkungsrat_Konzept.pdf,7d8304bb9232c95f3a1ca6c27a2c943c14b03bb0eb3bf1e1fb9f8901f8130799,True,5,6180,0,Whole-file text extraction; seven terminology/logic signals with documented context review; leading-reference/addendum precedence,No signal in this screening; original publication stand retained
public/downloads/originals/Wirkungssteuer_WStG_3.0_Gesamtneufassung_2026.pdf,3537be44f548eb7c55c3f67a6cabd0a724a0be5eb5d7496328321e03f441cb0a,True,47,137441,0,Whole-file text extraction; seven terminology/logic signals with documented context review; leading-reference/addendum precedence,No signal in this screening; original publication stand retained
public/downloads/originals/Wirkungsökonomie in der Lieferkette.pdf,124ecba92adec5273d13005d0bf70166e815fb006517e80c93fe12c1e103624d,True,28,43373,0,Whole-file text extraction; seven terminology/logic signals with documented context review; leading-reference/addendum precedence,No signal in this screening; original publication stand retained
public/downloads/originals/WÖk-Manifest.pdf,3152f30057e1dda8777a61d3f9e1ba878961a51e1d9cf48f338b74697a787ca9,True,18,30288,0,Whole-file text extraction; seven terminology/logic signals with documented context review; leading-reference/addendum precedence,No signal in this screening; original publication stand retained
public/downloads/originals/von-der-wissensgesellschaft-zur-wirkungsgesellschaft-dossier.pdf,a6e068aa5efda626bbe07d4e539b8b4b37a218a5a1b0a39e4dbb2edd519df9ab,True,21,54566,0,Whole-file text extraction; seven terminology/logic signals with documented context review; leading-reference/addendum precedence,No signal in this screening; original publication stand retained
public/downloads/originals/wirkungsfinanzpolitik-aufsatz-woek-v2-mmt-public-purpose.pdf,24927721c909bd72eaad5a0885f74d3ecf81f516ad5dfce04da517a3ed6d3761,True,24,67571,0,Whole-file text extraction; seven terminology/logic signals with documented context review; leading-reference/addendum precedence,No signal in this screening; original publication stand retained
public/downloads/originals/wirkungsfinanzpolitik-aufsatz-woek.pdf,4dc8650fa4a8855d051c8a04eb3eef5bf76015cbfb7fb820450676c413f8fa55,True,22,62129,0,Whole-file text extraction; seven terminology/logic signals with documented context review; leading-reference/addendum precedence,No signal in this screening; original publication stand retained
public/downloads/originals/wirkungsoekonomisches_schulkonzept_arbeitsfassung_v0_1.pdf,5d113001bca7b412649194df7c6268ba0fab65d06b2d1b8f00987125b3c04565,True,19,41202,0,Whole-file text extraction; seven terminology/logic signals with documented context review; leading-reference/addendum precedence,No signal in this screening; original publication stand retained
public/downloads/originals/woek-paper-impact-strategie-controlling-marketing-management-einkauf-chemieindustrie.pdf,54b3141f091f7a1da54774a93d5ded66af92628d85c9d2d8d6c51202412d17a6,True,20,52148,0,Whole-file text extraction; seven terminology/logic signals with documented context review; leading-reference/addendum precedence,No signal in this screening; original publication stand retained
