observation_id,company_id,company_name,year,dimension,woek_field,indicator_id,indicator,raw_value,unit,data_quality_class,source_id,source_url,source_anchor,extraction_method,confidence,note
uwpobs-f48484865e8aedca,uwp100-1-1,1&1 AG,2024,Demokratie,Steuertransparenz,cbcr_tax_transparency,Country-by-Country Reporting / Steuertransparenz,,Status,E,uwp-required-field-gap,,,required_field_gap_rendered,0.0,"UWP-Kernfeld noch nicht maschinell aus einer versionierten Primärquelle belegt; nicht schätzen, nicht mit 0 füllen."
uwpobs-118ad0c7a8f79a83,uwp100-1-1,1&1 AG,2024,Demokratie,Datenschutz,data_privacy_incidents,Datenschutzverstöße / Bußgelder,,Anzahl/Status,E,uwp-required-field-gap,,,required_field_gap_rendered,0.0,"UWP-Kernfeld noch nicht maschinell aus einer versionierten Primärquelle belegt; nicht schätzen, nicht mit 0 füllen."
uwpobs-c284ce398c1409ef,uwp100-1-1,1&1 AG,2024,Demokratie,Lobbying/Einflussnahme,lobbying_transparency,Lobbying-Transparenz,,Status,E,uwp-required-field-gap,,,required_field_gap_rendered,0.0,"UWP-Kernfeld noch nicht maschinell aus einer versionierten Primärquelle belegt; nicht schätzen, nicht mit 0 füllen."
uwpobs-fd256a71ff0700fd,uwp100-1-1,1&1 AG,2024,Demokratie,Compliance/Whistleblowing,whistleblowing_cases,Whistleblowing-Fälle und Abhilfe,,Anzahl/Status,E,uwp-required-field-gap,,,required_field_gap_rendered,0.0,"UWP-Kernfeld noch nicht maschinell aus einer versionierten Primärquelle belegt; nicht schätzen, nicht mit 0 füllen."
uwpobs-188fe2d9db70b226,uwp100-1-1,1&1 AG,2024,Mensch,Arbeitssicherheit,ltifr,Lost Time Injury Frequency Rate,,je Mio. Arbeitsstunden,E,uwp-required-field-gap,,,required_field_gap_rendered,0.0,"UWP-Kernfeld noch nicht maschinell aus einer versionierten Primärquelle belegt; nicht schätzen, nicht mit 0 füllen."
uwpobs-bcef951078bd40c4,uwp100-1-1,1&1 AG,2024,Mensch,Diversität/Teilhabe,women_management_share,Frauenanteil Management,,%,E,uwp-required-field-gap,,,required_field_gap_rendered,0.0,"UWP-Kernfeld noch nicht maschinell aus einer versionierten Primärquelle belegt; nicht schätzen, nicht mit 0 füllen."
uwpobs-1489ed72c6e8a3d3,uwp100-1-1,1&1 AG,2024,Planet,Energie,renewable_electricity_share,Erneuerbarer Strom,,%,E,uwp-required-field-gap,,,required_field_gap_rendered,0.0,"UWP-Kernfeld noch nicht maschinell aus einer versionierten Primärquelle belegt; nicht schätzen, nicht mit 0 füllen."
uwpobs-21db64d42ad1223a,uwp100-1-1,1&1 AG,2025,Planet,Klima/Transformationspfad,sbti_profile_available,SBTi Zielprofil sicher matchbar,,Status,E,sbti-target-dashboard,https://files.sciencebasedtargets.org/production/files/companies-excel.xlsx,,official_xlsx_import_no_safe_match,0.0,Kein sicherer SBTi-Match für 1&1 AG im offiziellen Target Dashboard. Das ist keine negative Klimabewertung.
uwpobs-8b9f51f13c4a4225,uwp100-1-1,1&1 AG,2024,Planet,Klima,scope_1_2_ghg_absolute,Scope 1+2 absolut,,t CO2e,E,uwp-required-field-gap,,,required_field_gap_rendered,0.0,"UWP-Kernfeld noch nicht maschinell aus einer versionierten Primärquelle belegt; nicht schätzen, nicht mit 0 füllen."
uwpobs-4cb9d676f12fa133,uwp100-1-1,1&1 AG,2024,Planet,Lieferkette/Klima,scope_3_ghg_absolute,Scope 3 absolut,,t CO2e,E,uwp-required-field-gap,,,required_field_gap_rendered,0.0,"UWP-Kernfeld noch nicht maschinell aus einer versionierten Primärquelle belegt; nicht schätzen, nicht mit 0 füllen."
uwpobs-8aa8721d2bd5c5c2,uwp100-1-1,1&1 AG,2024,Transformation,EU-Taxonomie,taxonomy_aligned_revenue_share,Taxonomie-konformer Umsatzanteil,,%,E,uwp-required-field-gap,,,required_field_gap_rendered,0.0,"UWP-Kernfeld noch nicht maschinell aus einer versionierten Primärquelle belegt; nicht schätzen, nicht mit 0 füllen."
uwpobs-6c7dbf9e06083a45,uwp100-adesso-se,Adesso SE,2024,Demokratie,Steuertransparenz,cbcr_tax_transparency,Country-by-Country Reporting / Steuertransparenz,,Status,E,uwp-required-field-gap,,,required_field_gap_rendered,0.0,"UWP-Kernfeld noch nicht maschinell aus einer versionierten Primärquelle belegt; nicht schätzen, nicht mit 0 füllen."
uwpobs-7089a5e7ffab4395,uwp100-adesso-se,Adesso SE,2024,Demokratie,Datenschutz,data_privacy_incidents,Datenschutzverstöße / Bußgelder,,Anzahl/Status,E,uwp-required-field-gap,,,required_field_gap_rendered,0.0,"UWP-Kernfeld noch nicht maschinell aus einer versionierten Primärquelle belegt; nicht schätzen, nicht mit 0 füllen."
uwpobs-2f9daf4a1c9f6181,uwp100-adesso-se,Adesso SE,2024,Demokratie,Lobbying/Einflussnahme,lobbying_transparency,Lobbying-Transparenz,,Status,E,uwp-required-field-gap,,,required_field_gap_rendered,0.0,"UWP-Kernfeld noch nicht maschinell aus einer versionierten Primärquelle belegt; nicht schätzen, nicht mit 0 füllen."
uwpobs-7b6b3ce85b9e6d6b,uwp100-adesso-se,Adesso SE,2024,Demokratie,Compliance/Whistleblowing,whistleblowing_cases,Whistleblowing-Fälle und Abhilfe,,Anzahl/Status,E,uwp-required-field-gap,,,required_field_gap_rendered,0.0,"UWP-Kernfeld noch nicht maschinell aus einer versionierten Primärquelle belegt; nicht schätzen, nicht mit 0 füllen."
uwpobs-cda61dfe4f572a92,uwp100-adesso-se,Adesso SE,2024,Mensch,Arbeitssicherheit,ltifr,Lost Time Injury Frequency Rate,,je Mio. Arbeitsstunden,E,uwp-required-field-gap,,,required_field_gap_rendered,0.0,"UWP-Kernfeld noch nicht maschinell aus einer versionierten Primärquelle belegt; nicht schätzen, nicht mit 0 füllen."
uwpobs-c79f3f71cb0fc29a,uwp100-adesso-se,Adesso SE,2024,Mensch,Diversität/Teilhabe,women_management_share,Frauenanteil Management,,%,E,uwp-required-field-gap,,,required_field_gap_rendered,0.0,"UWP-Kernfeld noch nicht maschinell aus einer versionierten Primärquelle belegt; nicht schätzen, nicht mit 0 füllen."
uwpobs-a608f5a1da1eb6e7,uwp100-adesso-se,Adesso SE,2024,Planet,Energie,renewable_electricity_share,Erneuerbarer Strom,,%,E,uwp-required-field-gap,,,required_field_gap_rendered,0.0,"UWP-Kernfeld noch nicht maschinell aus einer versionierten Primärquelle belegt; nicht schätzen, nicht mit 0 füllen."
uwpobs-9a3d5efb3da183aa,uwp100-adesso-se,Adesso SE,2025,Planet,Klima/Transformationspfad,sbti_profile_available,SBTi Zielprofil sicher matchbar,,Status,E,sbti-target-dashboard,https://files.sciencebasedtargets.org/production/files/companies-excel.xlsx,,official_xlsx_import_no_safe_match,0.0,Kein sicherer SBTi-Match für Adesso SE im offiziellen Target Dashboard. Das ist keine negative Klimabewertung.
uwpobs-b32c93375247f847,uwp100-adesso-se,Adesso SE,2024,Planet,Klima,scope_1_2_ghg_absolute,Scope 1+2 absolut,,t CO2e,E,uwp-required-field-gap,,,required_field_gap_rendered,0.0,"UWP-Kernfeld noch nicht maschinell aus einer versionierten Primärquelle belegt; nicht schätzen, nicht mit 0 füllen."
uwpobs-d86093e90320ddaf,uwp100-adesso-se,Adesso SE,2024,Planet,Lieferkette/Klima,scope_3_ghg_absolute,Scope 3 absolut,,t CO2e,E,uwp-required-field-gap,,,required_field_gap_rendered,0.0,"UWP-Kernfeld noch nicht maschinell aus einer versionierten Primärquelle belegt; nicht schätzen, nicht mit 0 füllen."
uwpobs-d5e8cab0c9973503,uwp100-adesso-se,Adesso SE,2024,Transformation,EU-Taxonomie,taxonomy_aligned_revenue_share,Taxonomie-konformer Umsatzanteil,,%,E,uwp-required-field-gap,,,required_field_gap_rendered,0.0,"UWP-Kernfeld noch nicht maschinell aus einer versionierten Primärquelle belegt; nicht schätzen, nicht mit 0 füllen."
uwpobs-bcd9e6b78ee02c2b,uwp100-adidas,Adidas,2024,Datenqualität,Quellenstand,sbti_date_updated,SBTi Datenstand,2024-12-05,Datum,A,sbti-target-dashboard,https://files.sciencebasedtargets.org/production/files/companies-excel.xlsx,Adidas AG,official_xlsx_import:safe_name_match,0.86,SBTi-Zieldaten; kein Nachweis tatsächlicher Emissionsreduktion.
uwpobs-124f2838f914a210,uwp100-adidas,Adidas,2019,Demokratie,Korruption/Compliance,wikirate_gri_corruption_incidents,GRI 205-3 confirmed incidents of corruption,44,incidents,C,wikirate-open-esg,https://wikirate.org/~6498889,https://wikirate.org/~6032219,wikirate_bulk_csv_export,0.62,WikiRate Community-/Sekundärdaten; Antwortseite und Primärquelle prüfen.
uwpobs-0b943fbd3c75c32d,uwp100-adidas,Adidas,2018,Demokratie,Korruption/Compliance,wikirate_gri_corruption_incidents,GRI 205-3 confirmed incidents of corruption,40,incidents,C,wikirate-open-esg,https://wikirate.org/~7162680,https://wikirate.org/~5508989,wikirate_bulk_csv_export,0.62,WikiRate Community-/Sekundärdaten; Antwortseite und Primärquelle prüfen.
uwpobs-014019005d9741d4,uwp100-adidas,Adidas,2019,Demokratie,Rechtskonformität/Umwelt,wikirate_gri_environmental_fines,GRI 307-1 environmental fines,0,USD,C,wikirate-open-esg,https://wikirate.org/~6032215,https://wikirate.org/~6032161,wikirate_bulk_csv_export,0.62,WikiRate Community-/Sekundärdaten; Antwortseite und Primärquelle prüfen.
uwpobs-917637c155b5fe64,uwp100-adidas,Adidas,2018,Demokratie,Rechtskonformität/Umwelt,wikirate_gri_environmental_fines,GRI 307-1 environmental fines,0,USD,C,wikirate-open-esg,https://wikirate.org/~6032211,https://wikirate.org/~5621504,wikirate_bulk_csv_export,0.62,WikiRate Community-/Sekundärdaten; Antwortseite und Primärquelle prüfen.
uwpobs-ffe055c0d65546ec,uwp100-adidas,Adidas,2017,Demokratie,Rechtskonformität/Umwelt,wikirate_gri_environmental_fines,GRI 307-1 environmental fines,0,USD,C,wikirate-open-esg,https://wikirate.org/~6032207,https://wikirate.org/~6032152,wikirate_bulk_csv_export,0.62,WikiRate Community-/Sekundärdaten; Antwortseite und Primärquelle prüfen.
uwpobs-4e5e4d08c6537d26,uwp100-adidas,Adidas,2017,Mensch,Diversität/Belegschaft,wikirate_gri_female_employees_share,GRI G4-LA12 female employees share,50,%,C,wikirate-open-esg,https://wikirate.org/~3515969,https://wikirate.org/~3515931,wikirate_bulk_csv_export,0.62,WikiRate Community-/Sekundärdaten; Antwortseite und Primärquelle prüfen.
uwpobs-c3b53c180248a4bc,uwp100-adidas,Adidas,2016,Mensch,Diversität/Belegschaft,wikirate_gri_female_employees_share,GRI G4-LA12 female employees share,50,%,C,wikirate-open-esg,https://wikirate.org/~3447089,https://wikirate.org/~3445289,wikirate_bulk_csv_export,0.62,WikiRate Community-/Sekundärdaten; Antwortseite und Primärquelle prüfen.
uwpobs-aab1a45354736d29,uwp100-adidas,Adidas,2015,Mensch,Diversität/Belegschaft,wikirate_gri_female_employees_share,GRI G4-LA12 female employees share,50,%,C,wikirate-open-esg,https://wikirate.org/~2008802,https://wikirate.org/~1826107,wikirate_bulk_csv_export,0.62,WikiRate Community-/Sekundärdaten; Antwortseite und Primärquelle prüfen.
uwpobs-9c5129d826bb32ba,uwp100-adidas,Adidas,2014,Mensch,Diversität/Belegschaft,wikirate_gri_female_employees_share,GRI G4-LA12 female employees share,50,%,C,wikirate-open-esg,https://wikirate.org/~2323547,https://wikirate.org/~1826107,wikirate_bulk_csv_export,0.62,WikiRate Community-/Sekundärdaten; Antwortseite und Primärquelle prüfen.
uwpobs-86482720a10a9d96,uwp100-adidas,Adidas,2013,Mensch,Diversität/Belegschaft,wikirate_gri_female_employees_share,GRI G4-LA12 female employees share,49,%,C,wikirate-open-esg,https://wikirate.org/~2323552,https://wikirate.org/~1826107,wikirate_bulk_csv_export,0.62,WikiRate Community-/Sekundärdaten; Antwortseite und Primärquelle prüfen.
uwpobs-153f7a154f66ce74,uwp100-adidas,Adidas,2012,Mensch,Diversität/Belegschaft,wikirate_gri_female_employees_share,GRI G4-LA12 female employees share,50,%,C,wikirate-open-esg,https://wikirate.org/~3447865,https://wikirate.org/~3447862,wikirate_bulk_csv_export,0.62,WikiRate Community-/Sekundärdaten; Antwortseite und Primärquelle prüfen.
uwpobs-56f67d589b8d0d7f,uwp100-adidas,Adidas,2011,Mensch,Diversität/Belegschaft,wikirate_gri_female_employees_share,GRI G4-LA12 female employees share,50,%,C,wikirate-open-esg,https://wikirate.org/~3447929,https://wikirate.org/~3447886,wikirate_bulk_csv_export,0.62,WikiRate Community-/Sekundärdaten; Antwortseite und Primärquelle prüfen.
uwpobs-6fa3c3b8248a76b9,uwp100-adidas,Adidas,2010,Mensch,Diversität/Belegschaft,wikirate_gri_female_employees_share,GRI G4-LA12 female employees share,48,%,C,wikirate-open-esg,https://wikirate.org/~3447935,https://wikirate.org/~3447899,wikirate_bulk_csv_export,0.62,WikiRate Community-/Sekundärdaten; Antwortseite und Primärquelle prüfen.
uwpobs-c39f02bc622e6a73,uwp100-adidas,Adidas,2009,Mensch,Diversität/Belegschaft,wikirate_gri_female_employees_share,GRI G4-LA12 female employees share,50,%,C,wikirate-open-esg,https://wikirate.org/~3447945,https://wikirate.org/~3447941,wikirate_bulk_csv_export,0.62,WikiRate Community-/Sekundärdaten; Antwortseite und Primärquelle prüfen.
uwpobs-64c47de21dcff521,uwp100-adidas,Adidas,2008,Mensch,Diversität/Belegschaft,wikirate_gri_female_employees_share,GRI G4-LA12 female employees share,49,%,C,wikirate-open-esg,https://wikirate.org/~3447956,https://wikirate.org/~3447952,wikirate_bulk_csv_export,0.62,WikiRate Community-/Sekundärdaten; Antwortseite und Primärquelle prüfen.
uwpobs-cb0cf8a83aec7a39,uwp100-adidas,Adidas,2007,Mensch,Diversität/Belegschaft,wikirate_gri_female_employees_share,GRI G4-LA12 female employees share,48,%,C,wikirate-open-esg,https://wikirate.org/~3447967,https://wikirate.org/~3447963,wikirate_bulk_csv_export,0.62,WikiRate Community-/Sekundärdaten; Antwortseite und Primärquelle prüfen.
uwpobs-644b7b8d9ad35736,uwp100-adidas,Adidas,2005,Mensch,Diversität/Belegschaft,wikirate_gri_female_employees_share,GRI G4-LA12 female employees share,47,%,C,wikirate-open-esg,https://wikirate.org/~3504229,https://wikirate.org/~3479077,wikirate_bulk_csv_export,0.62,WikiRate Community-/Sekundärdaten; Antwortseite und Primärquelle prüfen.
uwpobs-c5926d5532e63d0e,uwp100-adidas,Adidas,2004,Mensch,Diversität/Belegschaft,wikirate_gri_female_employees_share,GRI G4-LA12 female employees share,45,%,C,wikirate-open-esg,https://wikirate.org/~3504269,https://wikirate.org/~3504145,wikirate_bulk_csv_export,0.62,WikiRate Community-/Sekundärdaten; Antwortseite und Primärquelle prüfen.
uwpobs-49075bae4f732a04,uwp100-adidas,Adidas,2003,Mensch,Diversität/Belegschaft,wikirate_gri_female_employees_share,GRI G4-LA12 female employees share,45,%,C,wikirate-open-esg,https://wikirate.org/~3504298,https://wikirate.org/~3504149,wikirate_bulk_csv_export,0.62,WikiRate Community-/Sekundärdaten; Antwortseite und Primärquelle prüfen.
uwpobs-f420d9ec158bf4d0,uwp100-adidas,Adidas,2002,Mensch,Diversität/Belegschaft,wikirate_gri_female_employees_share,GRI G4-LA12 female employees share,44,%,C,wikirate-open-esg,https://wikirate.org/~3504320,https://wikirate.org/~3504153,wikirate_bulk_csv_export,0.62,WikiRate Community-/Sekundärdaten; Antwortseite und Primärquelle prüfen.
uwpobs-5dc865f71ff674aa,uwp100-adidas,Adidas,2023,Mensch,Qualifizierung,wikirate_gri_training_hours,GRI 404-1 average hours of training,17.9,hours,C,wikirate-open-esg,https://wikirate.org/~18083278,https://wikirate.org/~18074968,wikirate_bulk_csv_export,0.62,WikiRate Community-/Sekundärdaten; Antwortseite und Primärquelle prüfen.
uwpobs-87b00109f35d0864,uwp100-adidas,Adidas,2023,Mensch,Arbeitssicherheit,wikirate_gri_worker_fatalities,GRI 403-9 worker fatalities,1,count,C,wikirate-open-esg,https://wikirate.org/~18083524,https://wikirate.org/~18074968,wikirate_bulk_csv_export,0.62,WikiRate Community-/Sekundärdaten; Antwortseite und Primärquelle prüfen.
uwpobs-c06854541ee5fd06,uwp100-adidas,Adidas,2020,Mensch,Arbeitssicherheit,wikirate_gri_worker_fatalities,GRI 403-9 worker fatalities,0,count,C,wikirate-open-esg,https://wikirate.org/~14552873,https://wikirate.org/~14551665,wikirate_bulk_csv_export,0.62,WikiRate Community-/Sekundärdaten; Antwortseite und Primärquelle prüfen.
uwpobs-2faa89cc20e02e1d,uwp100-adidas,Adidas,2024,Planet,Klima/Transformationspfad,sbti_full_target_language,SBTi Zieltext,"Overall Net-Zero Target: adidas AG commits to reach net-zero greenhouse gas emissions across the value chain by 2050. Near-Term Targets: adidas AG commits to reduce absolute scope 1 and 2 GHG emissions 70% by 2030 from a 2022 base year*. adidas AG also commits to reduce absolute scope 3 GHG emissions from purchased goods and services, fuel- and energy-related activities, upstream and downstream transportation and distribution, business travel, end-of-life treatment of sold products and downstream leased assets 42% within the same timeframe*. 
*The target boundary includes land-related emisisons and removals from bioenergy feedstocks.  Long-Term Targets: adidas AG commits to reduce absolute scope 1 and 2 GHG emissions 90% by 2050 from 2022 base year. adidas AG also commits to reduce absolute scope 3 GHG emissions 90% within the same timeframe.*
*The target boundary includes land-related emisisons and removals from bioenergy feedstocks.                ",Text,B,sbti-target-dashboard,https://files.sciencebasedtargets.org/production/files/companies-excel.xlsx,Adidas AG,official_xlsx_import:safe_name_match,0.86,SBTi-Zieldaten; kein Nachweis tatsächlicher Emissionsreduktion.
uwpobs-4f1f4f1f12eb83b3,uwp100-adidas,Adidas,2024,Planet,Klima/Transformationspfad,sbti_near_term_status,SBTi Near-Term Zielstatus,Targets set,Status,A,sbti-target-dashboard,https://files.sciencebasedtargets.org/production/files/companies-excel.xlsx,Adidas AG,official_xlsx_import:safe_name_match,0.86,SBTi-Zieldaten; kein Nachweis tatsächlicher Emissionsreduktion.
uwpobs-6109bf60e3e3eb2f,uwp100-adidas,Adidas,2024,Planet,Klima/Transformationspfad,sbti_near_term_target_classification,SBTi Near-Term Zielklassifikation,1.5°C,Klassifikation,A,sbti-target-dashboard,https://files.sciencebasedtargets.org/production/files/companies-excel.xlsx,Adidas AG,official_xlsx_import:safe_name_match,0.86,SBTi-Zieldaten; kein Nachweis tatsächlicher Emissionsreduktion.
uwpobs-42654095d4be801f,uwp100-adidas,Adidas,2024,Planet,Klima/Transformationspfad,sbti_near_term_target_year,SBTi Near-Term Zieljahr,2030,Jahr,A,sbti-target-dashboard,https://files.sciencebasedtargets.org/production/files/companies-excel.xlsx,Adidas AG,official_xlsx_import:safe_name_match,0.86,SBTi-Zieldaten; kein Nachweis tatsächlicher Emissionsreduktion.
uwpobs-c23abf59e4d1cabc,uwp100-adidas,Adidas,2024,Planet,Klima/Transformationspfad,sbti_target_classification_long,SBTi Zielklassifikation Langtext,The targets covering greenhouse gas emissions from company operations (scopes 1 and 2) are consistent with reductions required to keep warming to 1.5°C,Text,B,sbti-target-dashboard,https://files.sciencebasedtargets.org/production/files/companies-excel.xlsx,Adidas AG,official_xlsx_import:safe_name_match,0.86,SBTi-Zieldaten; kein Nachweis tatsächlicher Emissionsreduktion.
uwpobs-cc1f9736c2fa3c84,uwp100-adidas,Adidas,2023,Planet,Energie,wikirate_gri_energy_consumption,GRI 302-1 Total energy consumption,1780160.4,Gigajoules,C,wikirate-open-esg,https://wikirate.org/~18083494,https://wikirate.org/~18074958,wikirate_bulk_csv_export,0.62,WikiRate Community-/Sekundärdaten; Antwortseite und Primärquelle prüfen.
uwpobs-df851cce75ecccf3,uwp100-adidas,Adidas,2019,Planet,Energie,wikirate_gri_energy_consumption,GRI 302-1 Total energy consumption,100271,Gigajoules,C,wikirate-open-esg,https://wikirate.org/~6032182,https://wikirate.org/~6032161,wikirate_bulk_csv_export,0.62,WikiRate Community-/Sekundärdaten; Antwortseite und Primärquelle prüfen.
uwpobs-efe89283e3e404ce,uwp100-adidas,Adidas,2018,Planet,Energie,wikirate_gri_energy_consumption,GRI 302-1 Total energy consumption,256377,Gigajoules,C,wikirate-open-esg,https://wikirate.org/~6032186,https://wikirate.org/~5621504,wikirate_bulk_csv_export,0.62,WikiRate Community-/Sekundärdaten; Antwortseite und Primärquelle prüfen.
uwpobs-f76d6e94cc867b20,uwp100-adidas,Adidas,2024,Planet,Klima/Emissionen,wikirate_gri_scope1_ghg,GRI 305-1 Scope 1 GHG emissions,20844,tonnes CO2 equivalent,C,wikirate-open-esg,https://wikirate.org/~22334336,https://wikirate.org/~21476311,wikirate_bulk_csv_export,0.62,WikiRate Community-/Sekundärdaten; Antwortseite und Primärquelle prüfen.
uwpobs-7216a07c824b1d24,uwp100-adidas,Adidas,2023,Planet,Klima/Emissionen,wikirate_gri_scope1_ghg,GRI 305-1 Scope 1 GHG emissions,21779,tonnes CO2 equivalent,C,wikirate-open-esg,https://wikirate.org/~18083353,https://wikirate.org/~18074968,wikirate_bulk_csv_export,0.62,WikiRate Community-/Sekundärdaten; Antwortseite und Primärquelle prüfen.
uwpobs-4a9d340c8c3e0ca8,uwp100-adidas,Adidas,2019,Planet,Klima/Emissionen,wikirate_gri_scope1_ghg,GRI 305-1 Scope 1 GHG emissions,6620,tonnes CO2 equivalent,C,wikirate-open-esg,https://wikirate.org/~6032167,https://wikirate.org/~6032161,wikirate_bulk_csv_export,0.62,WikiRate Community-/Sekundärdaten; Antwortseite und Primärquelle prüfen.
uwpobs-262ae786d4968086,uwp100-adidas,Adidas,2023,Planet,Klima/Emissionen,wikirate_gri_scope2_ghg,GRI 305-2 Scope 2 GHG emissions,142457,tonnes CO2 equivalent,C,wikirate-open-esg,https://wikirate.org/~19246685,https://wikirate.org/~18074958,wikirate_bulk_csv_export,0.62,WikiRate Community-/Sekundärdaten; Antwortseite und Primärquelle prüfen.
uwpobs-b19b575c527c2db9,uwp100-adidas,Adidas,2019,Planet,Klima/Emissionen,wikirate_gri_scope2_ghg,GRI 305-2 Scope 2 GHG emissions,21690,tonnes CO2 equivalent,C,wikirate-open-esg,https://wikirate.org/~6032178,https://wikirate.org/~6032161,wikirate_bulk_csv_export,0.62,WikiRate Community-/Sekundärdaten; Antwortseite und Primärquelle prüfen.
uwpobs-8c350962b7c823a4,uwp100-adidas,Adidas,2023,Planet,Lieferkette/Klima,wikirate_gri_scope3_ghg,GRI 305-3 Scope 3 GHG emissions,5894811,tonnes CO2 equivalent,C,wikirate-open-esg,https://wikirate.org/~18083357,https://wikirate.org/~18074958,wikirate_bulk_csv_export,0.62,WikiRate Community-/Sekundärdaten; Antwortseite und Primärquelle prüfen.
uwpobs-72e0e084c1bb0a10,uwp100-adidas,Adidas,2023,Planet,Abfall/Ressourcen,wikirate_gri_total_waste,GRI 306-2 Total waste generated,26382,tonnes,C,wikirate-open-esg,https://wikirate.org/~18083348,https://wikirate.org/~18074968,wikirate_bulk_csv_export,0.62,WikiRate Community-/Sekundärdaten; Antwortseite und Primärquelle prüfen.
uwpobs-4d5a892e8d8d1aab,uwp100-adidas,Adidas,2020,Planet,Abfall/Ressourcen,wikirate_gri_total_waste,GRI 306-2 Total waste generated,32951,tonnes,C,wikirate-open-esg,https://wikirate.org/~14552922,https://wikirate.org/~14552892,wikirate_bulk_csv_export,0.62,WikiRate Community-/Sekundärdaten; Antwortseite und Primärquelle prüfen.
uwpobs-9c7d215941c2293e,uwp100-adidas,Adidas,2019,Planet,Abfall/Ressourcen,wikirate_gri_total_waste,GRI 306-2 Total waste generated,2247,tonnes,C,wikirate-open-esg,https://wikirate.org/~7337115,https://wikirate.org/~7337089,wikirate_bulk_csv_export,0.62,WikiRate Community-/Sekundärdaten; Antwortseite und Primärquelle prüfen.
uwpobs-acfe7b6a1e3a82d9,uwp100-adidas,Adidas,2018,Planet,Abfall/Ressourcen,wikirate_gri_total_waste,GRI 306-2 Total waste generated,72.38,tonnes,C,wikirate-open-esg,https://wikirate.org/~5621869,https://wikirate.org/~5621504,wikirate_bulk_csv_export,0.62,WikiRate Community-/Sekundärdaten; Antwortseite und Primärquelle prüfen.
uwpobs-2ec521c33fb75201,uwp100-adidas,Adidas,2024,Transformation,Net-Zero/Transformation,sbti_long_term_status,SBTi Long-Term Zielstatus,Targets set,Status,A,sbti-target-dashboard,https://files.sciencebasedtargets.org/production/files/companies-excel.xlsx,Adidas AG,official_xlsx_import:safe_name_match,0.86,SBTi-Zieldaten; kein Nachweis tatsächlicher Emissionsreduktion.
uwpobs-09744f603b36c3db,uwp100-adidas,Adidas,2024,Transformation,Net-Zero/Transformation,sbti_long_term_target_classification,SBTi Long-Term Zielklassifikation,1.5°C,Klassifikation,A,sbti-target-dashboard,https://files.sciencebasedtargets.org/production/files/companies-excel.xlsx,Adidas AG,official_xlsx_import:safe_name_match,0.86,SBTi-Zieldaten; kein Nachweis tatsächlicher Emissionsreduktion.
uwpobs-38566403634fed13,uwp100-adidas,Adidas,2024,Transformation,Net-Zero/Transformation,sbti_long_term_target_year,SBTi Long-Term Zieljahr,2050,Jahr,A,sbti-target-dashboard,https://files.sciencebasedtargets.org/production/files/companies-excel.xlsx,Adidas AG,official_xlsx_import:safe_name_match,0.86,SBTi-Zieldaten; kein Nachweis tatsächlicher Emissionsreduktion.
uwpobs-ffbcdd1cb081cb18,uwp100-adidas,Adidas,2024,Transformation,Net-Zero/Transformation,sbti_net_zero_status,SBTi Net-Zero Status,Targets set,Status,A,sbti-target-dashboard,https://files.sciencebasedtargets.org/production/files/companies-excel.xlsx,Adidas AG,official_xlsx_import:safe_name_match,0.86,SBTi-Zieldaten; kein Nachweis tatsächlicher Emissionsreduktion.
uwpobs-c3c0acddf59e6dfc,uwp100-adidas,Adidas,2024,Transformation,Net-Zero/Transformation,sbti_net_zero_year,SBTi Net-Zero Zieljahr,2050,Jahr,A,sbti-target-dashboard,https://files.sciencebasedtargets.org/production/files/companies-excel.xlsx,Adidas AG,official_xlsx_import:safe_name_match,0.86,SBTi-Zieldaten; kein Nachweis tatsächlicher Emissionsreduktion.
uwpobs-dec3098aec06f857,uwp100-adidas,Adidas,2024,Demokratie,Steuertransparenz,cbcr_tax_transparency,Country-by-Country Reporting / Steuertransparenz,,Status,E,uwp-required-field-gap,,,required_field_gap_rendered,0.0,"UWP-Kernfeld noch nicht maschinell aus einer versionierten Primärquelle belegt; nicht schätzen, nicht mit 0 füllen."
uwpobs-30bf7209ed7382a7,uwp100-adidas,Adidas,2024,Demokratie,Datenschutz,data_privacy_incidents,Datenschutzverstöße / Bußgelder,,Anzahl/Status,E,uwp-required-field-gap,,,required_field_gap_rendered,0.0,"UWP-Kernfeld noch nicht maschinell aus einer versionierten Primärquelle belegt; nicht schätzen, nicht mit 0 füllen."
uwpobs-9914fbdffead520d,uwp100-adidas,Adidas,2024,Demokratie,Lobbying/Einflussnahme,lobbying_transparency,Lobbying-Transparenz,,Status,E,uwp-required-field-gap,,,required_field_gap_rendered,0.0,"UWP-Kernfeld noch nicht maschinell aus einer versionierten Primärquelle belegt; nicht schätzen, nicht mit 0 füllen."
uwpobs-9e311287c8698173,uwp100-adidas,Adidas,2024,Demokratie,Compliance/Whistleblowing,whistleblowing_cases,Whistleblowing-Fälle und Abhilfe,,Anzahl/Status,E,uwp-required-field-gap,,,required_field_gap_rendered,0.0,"UWP-Kernfeld noch nicht maschinell aus einer versionierten Primärquelle belegt; nicht schätzen, nicht mit 0 füllen."
uwpobs-18c102b6156be722,uwp100-adidas,Adidas,2024,Mensch,Arbeitssicherheit,ltifr,Lost Time Injury Frequency Rate,,je Mio. Arbeitsstunden,E,uwp-required-field-gap,,,required_field_gap_rendered,0.0,"UWP-Kernfeld noch nicht maschinell aus einer versionierten Primärquelle belegt; nicht schätzen, nicht mit 0 füllen."
uwpobs-95132ec11d6bcdad,uwp100-adidas,Adidas,2024,Mensch,Diversität/Teilhabe,women_management_share,Frauenanteil Management,,%,E,uwp-required-field-gap,,,required_field_gap_rendered,0.0,"UWP-Kernfeld noch nicht maschinell aus einer versionierten Primärquelle belegt; nicht schätzen, nicht mit 0 füllen."
uwpobs-23e6371f481feaed,uwp100-adidas,Adidas,2024,Planet,Energie,renewable_electricity_share,Erneuerbarer Strom,,%,E,uwp-required-field-gap,,,required_field_gap_rendered,0.0,"UWP-Kernfeld noch nicht maschinell aus einer versionierten Primärquelle belegt; nicht schätzen, nicht mit 0 füllen."
uwpobs-3802db173002f989,uwp100-adidas,Adidas,2024,Planet,Klima,scope_1_2_ghg_absolute,Scope 1+2 absolut,,t CO2e,E,uwp-required-field-gap,,,required_field_gap_rendered,0.0,"UWP-Kernfeld noch nicht maschinell aus einer versionierten Primärquelle belegt; nicht schätzen, nicht mit 0 füllen."
uwpobs-ca822be4b482b051,uwp100-adidas,Adidas,2024,Transformation,EU-Taxonomie,taxonomy_aligned_revenue_share,Taxonomie-konformer Umsatzanteil,,%,E,uwp-required-field-gap,,,required_field_gap_rendered,0.0,"UWP-Kernfeld noch nicht maschinell aus einer versionierten Primärquelle belegt; nicht schätzen, nicht mit 0 füllen."
uwpobs-f9eceb86ffb7ddd3,uwp100-adtran-networks-se,Adtran Networks SE,2024,Demokratie,Steuertransparenz,cbcr_tax_transparency,Country-by-Country Reporting / Steuertransparenz,,Status,E,uwp-required-field-gap,,,required_field_gap_rendered,0.0,"UWP-Kernfeld noch nicht maschinell aus einer versionierten Primärquelle belegt; nicht schätzen, nicht mit 0 füllen."
uwpobs-df94609df39e4aee,uwp100-adtran-networks-se,Adtran Networks SE,2024,Demokratie,Datenschutz,data_privacy_incidents,Datenschutzverstöße / Bußgelder,,Anzahl/Status,E,uwp-required-field-gap,,,required_field_gap_rendered,0.0,"UWP-Kernfeld noch nicht maschinell aus einer versionierten Primärquelle belegt; nicht schätzen, nicht mit 0 füllen."
uwpobs-34a08933f6791f48,uwp100-adtran-networks-se,Adtran Networks SE,2024,Demokratie,Lobbying/Einflussnahme,lobbying_transparency,Lobbying-Transparenz,,Status,E,uwp-required-field-gap,,,required_field_gap_rendered,0.0,"UWP-Kernfeld noch nicht maschinell aus einer versionierten Primärquelle belegt; nicht schätzen, nicht mit 0 füllen."
uwpobs-85b8c1f901184506,uwp100-adtran-networks-se,Adtran Networks SE,2024,Demokratie,Compliance/Whistleblowing,whistleblowing_cases,Whistleblowing-Fälle und Abhilfe,,Anzahl/Status,E,uwp-required-field-gap,,,required_field_gap_rendered,0.0,"UWP-Kernfeld noch nicht maschinell aus einer versionierten Primärquelle belegt; nicht schätzen, nicht mit 0 füllen."
uwpobs-433453ce933b47e4,uwp100-adtran-networks-se,Adtran Networks SE,2024,Mensch,Arbeitssicherheit,ltifr,Lost Time Injury Frequency Rate,,je Mio. Arbeitsstunden,E,uwp-required-field-gap,,,required_field_gap_rendered,0.0,"UWP-Kernfeld noch nicht maschinell aus einer versionierten Primärquelle belegt; nicht schätzen, nicht mit 0 füllen."
uwpobs-3a1b76cb2322f117,uwp100-adtran-networks-se,Adtran Networks SE,2024,Mensch,Diversität/Teilhabe,women_management_share,Frauenanteil Management,,%,E,uwp-required-field-gap,,,required_field_gap_rendered,0.0,"UWP-Kernfeld noch nicht maschinell aus einer versionierten Primärquelle belegt; nicht schätzen, nicht mit 0 füllen."
uwpobs-d82b068777f24e0b,uwp100-adtran-networks-se,Adtran Networks SE,2024,Planet,Energie,renewable_electricity_share,Erneuerbarer Strom,,%,E,uwp-required-field-gap,,,required_field_gap_rendered,0.0,"UWP-Kernfeld noch nicht maschinell aus einer versionierten Primärquelle belegt; nicht schätzen, nicht mit 0 füllen."
uwpobs-2a1fce11311dbf28,uwp100-adtran-networks-se,Adtran Networks SE,2025,Planet,Klima/Transformationspfad,sbti_profile_available,SBTi Zielprofil sicher matchbar,,Status,E,sbti-target-dashboard,https://files.sciencebasedtargets.org/production/files/companies-excel.xlsx,,official_xlsx_import_no_safe_match,0.0,Kein sicherer SBTi-Match für Adtran Networks SE im offiziellen Target Dashboard. Das ist keine negative Klimabewertung.
uwpobs-d38120ad3260a9a9,uwp100-adtran-networks-se,Adtran Networks SE,2024,Planet,Klima,scope_1_2_ghg_absolute,Scope 1+2 absolut,,t CO2e,E,uwp-required-field-gap,,,required_field_gap_rendered,0.0,"UWP-Kernfeld noch nicht maschinell aus einer versionierten Primärquelle belegt; nicht schätzen, nicht mit 0 füllen."
uwpobs-7d2a0a9fb37f501e,uwp100-adtran-networks-se,Adtran Networks SE,2024,Planet,Lieferkette/Klima,scope_3_ghg_absolute,Scope 3 absolut,,t CO2e,E,uwp-required-field-gap,,,required_field_gap_rendered,0.0,"UWP-Kernfeld noch nicht maschinell aus einer versionierten Primärquelle belegt; nicht schätzen, nicht mit 0 füllen."
uwpobs-e3f3bbd1c336f2d3,uwp100-adtran-networks-se,Adtran Networks SE,2024,Transformation,EU-Taxonomie,taxonomy_aligned_revenue_share,Taxonomie-konformer Umsatzanteil,,%,E,uwp-required-field-gap,,,required_field_gap_rendered,0.0,"UWP-Kernfeld noch nicht maschinell aus einer versionierten Primärquelle belegt; nicht schätzen, nicht mit 0 füllen."
uwpobs-e6edfb36743b9e76,uwp100-airbus,Airbus,2023,Datenqualität,Quellenstand,sbti_date_updated,SBTi Datenstand,2023-02-16,Datum,A,sbti-target-dashboard,https://files.sciencebasedtargets.org/production/files/companies-excel.xlsx,Airbus,official_xlsx_import:safe_name_match,0.86,SBTi-Zieldaten; kein Nachweis tatsächlicher Emissionsreduktion.
uwpobs-32cdb95115c2e812,uwp100-airbus,Airbus,2022,Demokratie,Korruption/Compliance,wikirate_gri_corruption_incidents,GRI 205-3 confirmed incidents of corruption,847,incidents,C,wikirate-open-esg,https://wikirate.org/~15608864,https://wikirate.org/~15559844,wikirate_bulk_csv_export,0.62,WikiRate Community-/Sekundärdaten; Antwortseite und Primärquelle prüfen.
uwpobs-d763d89d385f07d7,uwp100-airbus,Airbus,2020,Demokratie,Korruption/Compliance,wikirate_gri_corruption_incidents,GRI 205-3 confirmed incidents of corruption,1,incidents,C,wikirate-open-esg,https://wikirate.org/~12195676,https://wikirate.org/~12071669,wikirate_bulk_csv_export,0.62,WikiRate Community-/Sekundärdaten; Antwortseite und Primärquelle prüfen.
uwpobs-9212621a9c854b3f,uwp100-airbus,Airbus,2016,Mensch,Diversität/Belegschaft,wikirate_gri_female_employees_share,GRI G4-LA12 female employees share,17,%,C,wikirate-open-esg,https://wikirate.org/~3213064,https://wikirate.org/~3213056,wikirate_bulk_csv_export,0.62,WikiRate Community-/Sekundärdaten; Antwortseite und Primärquelle prüfen.
uwpobs-532e62b007d63291,uwp100-airbus,Airbus,2014,Mensch,Arbeitssicherheit,wikirate_gri_injury_rate,GRI 403-9 injury rate,0.56,injuries per million hours worked,C,wikirate-open-esg,https://wikirate.org/~2787839,https://wikirate.org/~2433018,wikirate_bulk_csv_export,0.62,WikiRate Community-/Sekundärdaten; Antwortseite und Primärquelle prüfen.
uwpobs-2356417f9626eb35,uwp100-airbus,Airbus,2023,Mensch,Qualifizierung,wikirate_gri_training_hours,GRI 404-1 average hours of training,17,hours,C,wikirate-open-esg,https://wikirate.org/~20257233,https://wikirate.org/~20246320,wikirate_bulk_csv_export,0.62,WikiRate Community-/Sekundärdaten; Antwortseite und Primärquelle prüfen.
uwpobs-2604e6f88c04a08f,uwp100-airbus,Airbus,2022,Mensch,Qualifizierung,wikirate_gri_training_hours,GRI 404-1 average hours of training,15,hours,C,wikirate-open-esg,https://wikirate.org/~15565033,https://wikirate.org/~15559844,wikirate_bulk_csv_export,0.62,WikiRate Community-/Sekundärdaten; Antwortseite und Primärquelle prüfen.
uwpobs-28f2866f88303e85,uwp100-airbus,Airbus,2020,Mensch,Qualifizierung,wikirate_gri_training_hours,GRI 404-1 average hours of training,22,hours,C,wikirate-open-esg,https://wikirate.org/~12104140,https://wikirate.org/~12071669,wikirate_bulk_csv_export,0.62,WikiRate Community-/Sekundärdaten; Antwortseite und Primärquelle prüfen.
uwpobs-4e817841153abd45,uwp100-airbus,Airbus,2019,Mensch,Qualifizierung,wikirate_gri_training_hours,GRI 404-1 average hours of training,7.08,hours,C,wikirate-open-esg,https://wikirate.org/~6788955,https://wikirate.org/~6788515,wikirate_bulk_csv_export,0.62,WikiRate Community-/Sekundärdaten; Antwortseite und Primärquelle prüfen.
uwpobs-33ed5428ade299e0,uwp100-airbus,Airbus,2018,Mensch,Qualifizierung,wikirate_gri_training_hours,GRI 404-1 average hours of training,9.7,hours,C,wikirate-open-esg,https://wikirate.org/~5699290,https://wikirate.org/~5342266,wikirate_bulk_csv_export,0.62,WikiRate Community-/Sekundärdaten; Antwortseite und Primärquelle prüfen.
uwpobs-0b4b44cb1a87601e,uwp100-airbus,Airbus,2017,Mensch,Qualifizierung,wikirate_gri_training_hours,GRI 404-1 average hours of training,13.1,hours,C,wikirate-open-esg,https://wikirate.org/~5262025,https://wikirate.org/~5251448,wikirate_bulk_csv_export,0.62,WikiRate Community-/Sekundärdaten; Antwortseite und Primärquelle prüfen.
uwpobs-71ecfcaf2871a1ba,uwp100-airbus,Airbus,2023,Mensch,Arbeitssicherheit,wikirate_gri_worker_fatalities,GRI 403-9 worker fatalities,3,count,C,wikirate-open-esg,https://wikirate.org/~20257245,https://wikirate.org/~20246320,wikirate_bulk_csv_export,0.62,WikiRate Community-/Sekundärdaten; Antwortseite und Primärquelle prüfen.
uwpobs-a4c3d8b7ea9fba32,uwp100-airbus,Airbus,2023,Planet,Klima/Transformationspfad,sbti_full_target_language,SBTi Zieltext,Airbus commits to reduce absolute scope 1 and 2 GHG emissions 63% by 2030 from a 2015 base year* **. Airbus also commits to reduce scope 3 GHG emissions from the use of sold products 46% per RPK by 2035 from a 2015 base year* **. *Non-CO2e effects which may also contribute to aviation induced warming are not included in this target. Airbus SE commits to report publicly on its collaboration with stakeholders to improve understanding of opportunities to mitigate the non-CO2e impacts of aviation annually over its target timeframe. **The target boundary includes biogenic emissions and removals from bioenergy feedstocks.,Text,B,sbti-target-dashboard,https://files.sciencebasedtargets.org/production/files/companies-excel.xlsx,Airbus,official_xlsx_import:safe_name_match,0.86,SBTi-Zieldaten; kein Nachweis tatsächlicher Emissionsreduktion.
uwpobs-f8fc82703c0ffccc,uwp100-airbus,Airbus,2023,Planet,Klima/Transformationspfad,sbti_near_term_status,SBTi Near-Term Zielstatus,Targets set,Status,A,sbti-target-dashboard,https://files.sciencebasedtargets.org/production/files/companies-excel.xlsx,Airbus,official_xlsx_import:safe_name_match,0.86,SBTi-Zieldaten; kein Nachweis tatsächlicher Emissionsreduktion.
uwpobs-fb8c884299951601,uwp100-airbus,Airbus,2023,Planet,Klima/Transformationspfad,sbti_near_term_target_classification,SBTi Near-Term Zielklassifikation,1.5°C,Klassifikation,A,sbti-target-dashboard,https://files.sciencebasedtargets.org/production/files/companies-excel.xlsx,Airbus,official_xlsx_import:safe_name_match,0.86,SBTi-Zieldaten; kein Nachweis tatsächlicher Emissionsreduktion.
uwpobs-97522022605b7625,uwp100-airbus,Airbus,2023,Planet,Klima/Transformationspfad,sbti_near_term_target_year,SBTi Near-Term Zieljahr,2035,Jahr,A,sbti-target-dashboard,https://files.sciencebasedtargets.org/production/files/companies-excel.xlsx,Airbus,official_xlsx_import:safe_name_match,0.86,SBTi-Zieldaten; kein Nachweis tatsächlicher Emissionsreduktion.
uwpobs-b9f9ca24e3771472,uwp100-airbus,Airbus,2023,Planet,Klima/Transformationspfad,sbti_target_classification_long,SBTi Zielklassifikation Langtext,The targets covering greenhouse gas emissions from company operations (scopes 1 and 2) are consistent with reductions required to keep warming to 1.5°C,Text,B,sbti-target-dashboard,https://files.sciencebasedtargets.org/production/files/companies-excel.xlsx,Airbus,official_xlsx_import:safe_name_match,0.86,SBTi-Zieldaten; kein Nachweis tatsächlicher Emissionsreduktion.
uwpobs-6caa86a441917742,uwp100-airbus,Airbus,2023,Planet,Energie,wikirate_gri_energy_consumption,GRI 302-1 Total energy consumption,3646,Gigajoules,C,wikirate-open-esg,https://wikirate.org/~20257310,https://wikirate.org/~20246320,wikirate_bulk_csv_export,0.62,WikiRate Community-/Sekundärdaten; Antwortseite und Primärquelle prüfen.
uwpobs-bbd777efd31da9a2,uwp100-airbus,Airbus,2022,Planet,Energie,wikirate_gri_energy_consumption,GRI 302-1 Total energy consumption,13.38,Gigajoules,C,wikirate-open-esg,https://wikirate.org/~15622860,https://wikirate.org/~15327129,wikirate_bulk_csv_export,0.62,WikiRate Community-/Sekundärdaten; Antwortseite und Primärquelle prüfen.
uwpobs-6f331ae2215f3331,uwp100-airbus,Airbus,2021,Planet,Energie,wikirate_gri_energy_consumption,GRI 302-1 Total energy consumption,13.6,Gigajoules,C,wikirate-open-esg,https://wikirate.org/~13965213,https://wikirate.org/~12650610,wikirate_bulk_csv_export,0.62,WikiRate Community-/Sekundärdaten; Antwortseite und Primärquelle prüfen.
uwpobs-b5f49c414b2dfbad,uwp100-airbus,Airbus,2020,Planet,Energie,wikirate_gri_energy_consumption,GRI 302-1 Total energy consumption,1.25,Gigajoules,C,wikirate-open-esg,https://wikirate.org/~12103497,https://wikirate.org/~12071669,wikirate_bulk_csv_export,0.62,WikiRate Community-/Sekundärdaten; Antwortseite und Primärquelle prüfen.
uwpobs-38856fc38c8cbdf7,uwp100-airbus,Airbus,2019,Planet,Energie,wikirate_gri_energy_consumption,GRI 302-1 Total energy consumption,14597456.4,Gigajoules,C,wikirate-open-esg,https://wikirate.org/~6788755,https://wikirate.org/~6762972,wikirate_bulk_csv_export,0.62,WikiRate Community-/Sekundärdaten; Antwortseite und Primärquelle prüfen.
uwpobs-1d514282feb15b1c,uwp100-airbus,Airbus,2018,Planet,Energie,wikirate_gri_energy_consumption,GRI 302-1 Total energy consumption,14264942.4,Gigajoules,C,wikirate-open-esg,https://wikirate.org/~5342293,https://wikirate.org/~5342266,wikirate_bulk_csv_export,0.62,WikiRate Community-/Sekundärdaten; Antwortseite und Primärquelle prüfen.
uwpobs-c60a792e83edbff6,uwp100-airbus,Airbus,2022,Planet,Klima/Emissionen,wikirate_gri_scope1_ghg,GRI 305-1 Scope 1 GHG emissions,762000,tonnes CO2 equivalent,C,wikirate-open-esg,https://wikirate.org/~15559559,https://wikirate.org/~15559455,wikirate_bulk_csv_export,0.62,WikiRate Community-/Sekundärdaten; Antwortseite und Primärquelle prüfen.
uwpobs-735106453a4ee931,uwp100-airbus,Airbus,2022,Planet,Klima/Emissionen,wikirate_gri_scope1_ghg,GRI 305-1 Scope 1 GHG emissions,555000,tonnes CO2 equivalent,C,wikirate-open-esg,https://wikirate.org/~15327137,https://wikirate.org/~15327129,wikirate_bulk_csv_export,0.62,WikiRate Community-/Sekundärdaten; Antwortseite und Primärquelle prüfen.
uwpobs-442bf18da9e6ba2a,uwp100-airbus,Airbus,2021,Planet,Klima/Emissionen,wikirate_gri_scope1_ghg,GRI 305-1 Scope 1 GHG emissions,562000,tonnes CO2 equivalent,C,wikirate-open-esg,https://wikirate.org/~12650618,https://wikirate.org/~12650610,wikirate_bulk_csv_export,0.62,WikiRate Community-/Sekundärdaten; Antwortseite und Primärquelle prüfen.
uwpobs-2f964b4d78603ae7,uwp100-airbus,Airbus,2020,Planet,Klima/Emissionen,wikirate_gri_scope1_ghg,GRI 305-1 Scope 1 GHG emissions,470000,tonnes CO2 equivalent,C,wikirate-open-esg,https://wikirate.org/~12095107,https://wikirate.org/~12071669,wikirate_bulk_csv_export,0.62,WikiRate Community-/Sekundärdaten; Antwortseite und Primärquelle prüfen.
uwpobs-6eba97d028b27ebf,uwp100-airbus,Airbus,2019,Planet,Klima/Emissionen,wikirate_gri_scope1_ghg,GRI 305-1 Scope 1 GHG emissions,569838,tonnes CO2 equivalent,C,wikirate-open-esg,https://wikirate.org/~6763041,https://wikirate.org/~6762972,wikirate_bulk_csv_export,0.62,WikiRate Community-/Sekundärdaten; Antwortseite und Primärquelle prüfen.
uwpobs-2f40d03e6e3789cb,uwp100-airbus,Airbus,2022,Planet,Klima/Emissionen,wikirate_gri_scope2_ghg,GRI 305-2 Scope 2 GHG emissions,302000,tonnes CO2 equivalent,C,wikirate-open-esg,https://wikirate.org/~15327141,https://wikirate.org/~15327129,wikirate_bulk_csv_export,0.62,WikiRate Community-/Sekundärdaten; Antwortseite und Primärquelle prüfen.
uwpobs-8bc42fe23723f6dd,uwp100-airbus,Airbus,2021,Planet,Klima/Emissionen,wikirate_gri_scope2_ghg,GRI 305-2 Scope 2 GHG emissions,265000,tonnes CO2 equivalent,C,wikirate-open-esg,https://wikirate.org/~12650627,https://wikirate.org/~12650610,wikirate_bulk_csv_export,0.62,WikiRate Community-/Sekundärdaten; Antwortseite und Primärquelle prüfen.
uwpobs-a813cabcc2674bbe,uwp100-airbus,Airbus,2020,Planet,Klima/Emissionen,wikirate_gri_scope2_ghg,GRI 305-2 Scope 2 GHG emissions,313000,tonnes CO2 equivalent,C,wikirate-open-esg,https://wikirate.org/~12095398,https://wikirate.org/~12071669,wikirate_bulk_csv_export,0.62,WikiRate Community-/Sekundärdaten; Antwortseite und Primärquelle prüfen.
uwpobs-2600e247cea1964c,uwp100-airbus,Airbus,2019,Planet,Klima/Emissionen,wikirate_gri_scope2_ghg,GRI 305-2 Scope 2 GHG emissions,357691,tonnes CO2 equivalent,C,wikirate-open-esg,https://wikirate.org/~6775161,https://wikirate.org/~6762972,wikirate_bulk_csv_export,0.62,WikiRate Community-/Sekundärdaten; Antwortseite und Primärquelle prüfen.
uwpobs-907d7ed5ffb74004,uwp100-airbus,Airbus,2023,Planet,Lieferkette/Klima,wikirate_gri_scope3_ghg,GRI 305-3 Scope 3 GHG emissions,62.9,tonnes CO2 equivalent,C,wikirate-open-esg,https://wikirate.org/~20257264,https://wikirate.org/~20246320,wikirate_bulk_csv_export,0.62,WikiRate Community-/Sekundärdaten; Antwortseite und Primärquelle prüfen.
uwpobs-399bab4d80ee20af,uwp100-airbus,Airbus,2022,Planet,Lieferkette/Klima,wikirate_gri_scope3_ghg,GRI 305-3 Scope 3 GHG emissions,64.4,tonnes CO2 equivalent,C,wikirate-open-esg,https://wikirate.org/~15583454,https://wikirate.org/~15559844,wikirate_bulk_csv_export,0.62,WikiRate Community-/Sekundärdaten; Antwortseite und Primärquelle prüfen.
uwpobs-260a896fb9f0c006,uwp100-airbus,Airbus,2022,Planet,Lieferkette/Klima,wikirate_gri_scope3_ghg,GRI 305-3 Scope 3 GHG emissions,505643000,tonnes CO2 equivalent,C,wikirate-open-esg,https://wikirate.org/~15327145,https://wikirate.org/~15327129,wikirate_bulk_csv_export,0.62,WikiRate Community-/Sekundärdaten; Antwortseite und Primärquelle prüfen.
uwpobs-f744947153766fd0,uwp100-airbus,Airbus,2021,Planet,Lieferkette/Klima,wikirate_gri_scope3_ghg,GRI 305-3 Scope 3 GHG emissions,1127682000,tonnes CO2 equivalent,C,wikirate-open-esg,https://wikirate.org/~12650666,https://wikirate.org/~12650610,wikirate_bulk_csv_export,0.62,WikiRate Community-/Sekundärdaten; Antwortseite und Primärquelle prüfen.
uwpobs-70d8b7ac7c2fec21,uwp100-airbus,Airbus,2020,Planet,Lieferkette/Klima,wikirate_gri_scope3_ghg,GRI 305-3 Scope 3 GHG emissions,443402000,tonnes CO2 equivalent,C,wikirate-open-esg,https://wikirate.org/~12104038,https://wikirate.org/~12071669,wikirate_bulk_csv_export,0.62,WikiRate Community-/Sekundärdaten; Antwortseite und Primärquelle prüfen.
uwpobs-0f8eacd440eeaaf1,uwp100-airbus,Airbus,2019,Planet,Lieferkette/Klima,wikirate_gri_scope3_ghg,GRI 305-3 Scope 3 GHG emissions,307929000,tonnes CO2 equivalent,C,wikirate-open-esg,https://wikirate.org/~6775239,https://wikirate.org/~6762972,wikirate_bulk_csv_export,0.62,WikiRate Community-/Sekundärdaten; Antwortseite und Primärquelle prüfen.
uwpobs-d5c430e56b1870f7,uwp100-airbus,Airbus,2018,Planet,Lieferkette/Klima,wikirate_gri_scope3_ghg,GRI 305-3 Scope 3 GHG emissions,297166,tonnes CO2 equivalent,C,wikirate-open-esg,https://wikirate.org/~5342284,https://wikirate.org/~5342266,wikirate_bulk_csv_export,0.62,WikiRate Community-/Sekundärdaten; Antwortseite und Primärquelle prüfen.
uwpobs-b74c70675a623f89,uwp100-airbus,Airbus,2023,Planet,Abfall/Ressourcen,wikirate_gri_total_waste,GRI 306-2 Total waste generated,77208,tonnes,C,wikirate-open-esg,https://wikirate.org/~20257316,https://wikirate.org/~20246320,wikirate_bulk_csv_export,0.62,WikiRate Community-/Sekundärdaten; Antwortseite und Primärquelle prüfen.
uwpobs-2ec542f47d8fdf83,uwp100-airbus,Airbus,2022,Planet,Abfall/Ressourcen,wikirate_gri_total_waste,GRI 306-2 Total waste generated,73751,tonnes,C,wikirate-open-esg,https://wikirate.org/~15622922,https://wikirate.org/~15327129,wikirate_bulk_csv_export,0.62,WikiRate Community-/Sekundärdaten; Antwortseite und Primärquelle prüfen.
uwpobs-72ed9bacf2a14d9a,uwp100-airbus,Airbus,2022,Planet,Abfall/Ressourcen,wikirate_gri_total_waste,GRI 306-2 Total waste generated,73751,tonnes,C,wikirate-open-esg,https://wikirate.org/~15607734,https://wikirate.org/~15559844,wikirate_bulk_csv_export,0.62,WikiRate Community-/Sekundärdaten; Antwortseite und Primärquelle prüfen.
uwpobs-d387c300336a55d5,uwp100-airbus,Airbus,2021,Planet,Abfall/Ressourcen,wikirate_gri_total_waste,GRI 306-2 Total waste generated,63195,tonnes,C,wikirate-open-esg,https://wikirate.org/~13965461,https://wikirate.org/~12650610,wikirate_bulk_csv_export,0.62,WikiRate Community-/Sekundärdaten; Antwortseite und Primärquelle prüfen.
uwpobs-695bbe2a4cef36a9,uwp100-airbus,Airbus,2020,Planet,Abfall/Ressourcen,wikirate_gri_total_waste,GRI 306-2 Total waste generated,74879,tonnes,C,wikirate-open-esg,https://wikirate.org/~12104097,https://wikirate.org/~12071669,wikirate_bulk_csv_export,0.62,WikiRate Community-/Sekundärdaten; Antwortseite und Primärquelle prüfen.
uwpobs-8c60ff7a0646c810,uwp100-airbus,Airbus,2019,Planet,Abfall/Ressourcen,wikirate_gri_total_waste,GRI 306-2 Total waste generated,99280,tonnes,C,wikirate-open-esg,https://wikirate.org/~6788605,https://wikirate.org/~6762972,wikirate_bulk_csv_export,0.62,WikiRate Community-/Sekundärdaten; Antwortseite und Primärquelle prüfen.
uwpobs-2b58664d5efa53cf,uwp100-airbus,Airbus,2018,Planet,Abfall/Ressourcen,wikirate_gri_total_waste,GRI 306-2 Total waste generated,98592,tonnes,C,wikirate-open-esg,https://wikirate.org/~5687929,https://wikirate.org/~5687825,wikirate_bulk_csv_export,0.62,WikiRate Community-/Sekundärdaten; Antwortseite und Primärquelle prüfen.
uwpobs-49654c971357a3c9,uwp100-airbus,Airbus,2024,Demokratie,Steuertransparenz,cbcr_tax_transparency,Country-by-Country Reporting / Steuertransparenz,,Status,E,uwp-required-field-gap,,,required_field_gap_rendered,0.0,"UWP-Kernfeld noch nicht maschinell aus einer versionierten Primärquelle belegt; nicht schätzen, nicht mit 0 füllen."
uwpobs-0e47015b01ab6e96,uwp100-airbus,Airbus,2024,Demokratie,Datenschutz,data_privacy_incidents,Datenschutzverstöße / Bußgelder,,Anzahl/Status,E,uwp-required-field-gap,,,required_field_gap_rendered,0.0,"UWP-Kernfeld noch nicht maschinell aus einer versionierten Primärquelle belegt; nicht schätzen, nicht mit 0 füllen."
uwpobs-4642026366b29b02,uwp100-airbus,Airbus,2024,Demokratie,Lobbying/Einflussnahme,lobbying_transparency,Lobbying-Transparenz,,Status,E,uwp-required-field-gap,,,required_field_gap_rendered,0.0,"UWP-Kernfeld noch nicht maschinell aus einer versionierten Primärquelle belegt; nicht schätzen, nicht mit 0 füllen."
uwpobs-af148ebf2de58795,uwp100-airbus,Airbus,2024,Demokratie,Compliance/Whistleblowing,whistleblowing_cases,Whistleblowing-Fälle und Abhilfe,,Anzahl/Status,E,uwp-required-field-gap,,,required_field_gap_rendered,0.0,"UWP-Kernfeld noch nicht maschinell aus einer versionierten Primärquelle belegt; nicht schätzen, nicht mit 0 füllen."
uwpobs-f06c47ac6cfd1b51,uwp100-airbus,Airbus,2024,Mensch,Arbeitssicherheit,ltifr,Lost Time Injury Frequency Rate,,je Mio. Arbeitsstunden,E,uwp-required-field-gap,,,required_field_gap_rendered,0.0,"UWP-Kernfeld noch nicht maschinell aus einer versionierten Primärquelle belegt; nicht schätzen, nicht mit 0 füllen."
uwpobs-05654c4814c38dbd,uwp100-airbus,Airbus,2024,Mensch,Diversität/Teilhabe,women_management_share,Frauenanteil Management,,%,E,uwp-required-field-gap,,,required_field_gap_rendered,0.0,"UWP-Kernfeld noch nicht maschinell aus einer versionierten Primärquelle belegt; nicht schätzen, nicht mit 0 füllen."
uwpobs-ba087c5822102d0d,uwp100-airbus,Airbus,2024,Planet,Energie,renewable_electricity_share,Erneuerbarer Strom,,%,E,uwp-required-field-gap,,,required_field_gap_rendered,0.0,"UWP-Kernfeld noch nicht maschinell aus einer versionierten Primärquelle belegt; nicht schätzen, nicht mit 0 füllen."
uwpobs-2e96f7a5d564960c,uwp100-airbus,Airbus,2024,Planet,Klima,scope_1_2_ghg_absolute,Scope 1+2 absolut,,t CO2e,E,uwp-required-field-gap,,,required_field_gap_rendered,0.0,"UWP-Kernfeld noch nicht maschinell aus einer versionierten Primärquelle belegt; nicht schätzen, nicht mit 0 füllen."
uwpobs-49f77caec4dae971,uwp100-airbus,Airbus,2024,Transformation,EU-Taxonomie,taxonomy_aligned_revenue_share,Taxonomie-konformer Umsatzanteil,,%,E,uwp-required-field-gap,,,required_field_gap_rendered,0.0,"UWP-Kernfeld noch nicht maschinell aus einer versionierten Primärquelle belegt; nicht schätzen, nicht mit 0 füllen."
uwpobs-be0e1d1962ef1ea2,uwp100-aixtron,Aixtron,2025,Datenqualität,Quellenstand,sbti_date_updated,SBTi Datenstand,2025-11-06,Datum,A,sbti-target-dashboard,https://files.sciencebasedtargets.org/production/files/companies-excel.xlsx,AIXTRON SE,official_xlsx_import:safe_name_match,0.86,SBTi-Zieldaten; kein Nachweis tatsächlicher Emissionsreduktion.
uwpobs-0b537e8f9a6791d1,uwp100-aixtron,Aixtron,2025,Planet,Klima/Transformationspfad,sbti_near_term_status,SBTi Near-Term Zielstatus,Committed,Status,A,sbti-target-dashboard,https://files.sciencebasedtargets.org/production/files/companies-excel.xlsx,AIXTRON SE,official_xlsx_import:safe_name_match,0.86,SBTi-Zieldaten; kein Nachweis tatsächlicher Emissionsreduktion.
uwpobs-c079a4e387fd9901,uwp100-aixtron,Aixtron,2025,Transformation,Net-Zero/Transformation,sbti_net_zero_status,SBTi Net-Zero Status,Committed,Status,A,sbti-target-dashboard,https://files.sciencebasedtargets.org/production/files/companies-excel.xlsx,AIXTRON SE,official_xlsx_import:safe_name_match,0.86,SBTi-Zieldaten; kein Nachweis tatsächlicher Emissionsreduktion.
uwpobs-480e1c102467ef88,uwp100-aixtron,Aixtron,2024,Demokratie,Steuertransparenz,cbcr_tax_transparency,Country-by-Country Reporting / Steuertransparenz,,Status,E,uwp-required-field-gap,,,required_field_gap_rendered,0.0,"UWP-Kernfeld noch nicht maschinell aus einer versionierten Primärquelle belegt; nicht schätzen, nicht mit 0 füllen."
uwpobs-d0502b2e71c77fa1,uwp100-aixtron,Aixtron,2024,Demokratie,Datenschutz,data_privacy_incidents,Datenschutzverstöße / Bußgelder,,Anzahl/Status,E,uwp-required-field-gap,,,required_field_gap_rendered,0.0,"UWP-Kernfeld noch nicht maschinell aus einer versionierten Primärquelle belegt; nicht schätzen, nicht mit 0 füllen."
uwpobs-a3736fc9a30f3e57,uwp100-aixtron,Aixtron,2024,Demokratie,Lobbying/Einflussnahme,lobbying_transparency,Lobbying-Transparenz,,Status,E,uwp-required-field-gap,,,required_field_gap_rendered,0.0,"UWP-Kernfeld noch nicht maschinell aus einer versionierten Primärquelle belegt; nicht schätzen, nicht mit 0 füllen."
uwpobs-21784e28d1eb8a15,uwp100-aixtron,Aixtron,2024,Demokratie,Compliance/Whistleblowing,whistleblowing_cases,Whistleblowing-Fälle und Abhilfe,,Anzahl/Status,E,uwp-required-field-gap,,,required_field_gap_rendered,0.0,"UWP-Kernfeld noch nicht maschinell aus einer versionierten Primärquelle belegt; nicht schätzen, nicht mit 0 füllen."
uwpobs-390b260f3992766b,uwp100-aixtron,Aixtron,2024,Mensch,Arbeitssicherheit,ltifr,Lost Time Injury Frequency Rate,,je Mio. Arbeitsstunden,E,uwp-required-field-gap,,,required_field_gap_rendered,0.0,"UWP-Kernfeld noch nicht maschinell aus einer versionierten Primärquelle belegt; nicht schätzen, nicht mit 0 füllen."
uwpobs-af92e0692c66daeb,uwp100-aixtron,Aixtron,2024,Mensch,Diversität/Teilhabe,women_management_share,Frauenanteil Management,,%,E,uwp-required-field-gap,,,required_field_gap_rendered,0.0,"UWP-Kernfeld noch nicht maschinell aus einer versionierten Primärquelle belegt; nicht schätzen, nicht mit 0 füllen."
uwpobs-fd7e7f422bce530f,uwp100-aixtron,Aixtron,2024,Planet,Energie,renewable_electricity_share,Erneuerbarer Strom,,%,E,uwp-required-field-gap,,,required_field_gap_rendered,0.0,"UWP-Kernfeld noch nicht maschinell aus einer versionierten Primärquelle belegt; nicht schätzen, nicht mit 0 füllen."
uwpobs-30d4ec71712982b9,uwp100-aixtron,Aixtron,2024,Planet,Klima,scope_1_2_ghg_absolute,Scope 1+2 absolut,,t CO2e,E,uwp-required-field-gap,,,required_field_gap_rendered,0.0,"UWP-Kernfeld noch nicht maschinell aus einer versionierten Primärquelle belegt; nicht schätzen, nicht mit 0 füllen."
uwpobs-9423cd8ef82af49b,uwp100-aixtron,Aixtron,2024,Planet,Lieferkette/Klima,scope_3_ghg_absolute,Scope 3 absolut,,t CO2e,E,uwp-required-field-gap,,,required_field_gap_rendered,0.0,"UWP-Kernfeld noch nicht maschinell aus einer versionierten Primärquelle belegt; nicht schätzen, nicht mit 0 füllen."
uwpobs-4ff4edc7450b78d9,uwp100-aixtron,Aixtron,2024,Transformation,EU-Taxonomie,taxonomy_aligned_revenue_share,Taxonomie-konformer Umsatzanteil,,%,E,uwp-required-field-gap,,,required_field_gap_rendered,0.0,"UWP-Kernfeld noch nicht maschinell aus einer versionierten Primärquelle belegt; nicht schätzen, nicht mit 0 füllen."
uwpobs-30dd95e6c076334f,uwp100-allianz,Allianz,2019,Mensch,Qualifizierung,wikirate_gri_training_hours,GRI 404-1 average hours of training,79.2,hours,C,wikirate-open-esg,https://wikirate.org/~6807439,https://wikirate.org/~6383704,wikirate_bulk_csv_export,0.62,WikiRate Community-/Sekundärdaten; Antwortseite und Primärquelle prüfen.
uwpobs-2503fa370eae7f8b,uwp100-allianz,Allianz,2019,Planet,Energie,wikirate_gri_energy_consumption,GRI 302-1 Total energy consumption,2536314,Gigajoules,C,wikirate-open-esg,https://wikirate.org/~6807145,https://wikirate.org/~6383704,wikirate_bulk_csv_export,0.62,WikiRate Community-/Sekundärdaten; Antwortseite und Primärquelle prüfen.
uwpobs-e50fe1a74ac0fb34,uwp100-allianz,Allianz,2019,Planet,Klima/Emissionen,wikirate_gri_scope1_ghg,GRI 305-1 Scope 1 GHG emissions,42011,tonnes CO2 equivalent,C,wikirate-open-esg,https://wikirate.org/~6805806,https://wikirate.org/~6383704,wikirate_bulk_csv_export,0.62,WikiRate Community-/Sekundärdaten; Antwortseite und Primärquelle prüfen.
uwpobs-cee6f18b4655c37d,uwp100-allianz,Allianz,2019,Planet,Klima/Emissionen,wikirate_gri_scope2_ghg,GRI 305-2 Scope 2 GHG emissions,366878,tonnes CO2 equivalent,C,wikirate-open-esg,https://wikirate.org/~6835764,https://wikirate.org/~6383704,wikirate_bulk_csv_export,0.62,WikiRate Community-/Sekundärdaten; Antwortseite und Primärquelle prüfen.
uwpobs-31cb5dda9414b6b3,uwp100-allianz,Allianz,2019,Planet,Lieferkette/Klima,wikirate_gri_scope3_ghg,GRI 305-3 Scope 3 GHG emissions,149459,tonnes CO2 equivalent,C,wikirate-open-esg,https://wikirate.org/~6806193,https://wikirate.org/~6383704,wikirate_bulk_csv_export,0.62,WikiRate Community-/Sekundärdaten; Antwortseite und Primärquelle prüfen.
uwpobs-974fa1512091d9b8,uwp100-allianz,Allianz,2019,Planet,Abfall/Ressourcen,wikirate_gri_total_waste,GRI 306-2 Total waste generated,19396,tonnes,C,wikirate-open-esg,https://wikirate.org/~6806355,https://wikirate.org/~6383704,wikirate_bulk_csv_export,0.62,WikiRate Community-/Sekundärdaten; Antwortseite und Primärquelle prüfen.
uwpobs-847a11ba8f3ec813,uwp100-allianz,Allianz,2024,Demokratie,Steuertransparenz,cbcr_tax_transparency,Country-by-Country Reporting / Steuertransparenz,,Status,E,uwp-required-field-gap,,,required_field_gap_rendered,0.0,"UWP-Kernfeld noch nicht maschinell aus einer versionierten Primärquelle belegt; nicht schätzen, nicht mit 0 füllen."
uwpobs-28994e1f880fe46d,uwp100-allianz,Allianz,2024,Demokratie,Datenschutz,data_privacy_incidents,Datenschutzverstöße / Bußgelder,,Anzahl/Status,E,uwp-required-field-gap,,,required_field_gap_rendered,0.0,"UWP-Kernfeld noch nicht maschinell aus einer versionierten Primärquelle belegt; nicht schätzen, nicht mit 0 füllen."
uwpobs-eb11270d904663b1,uwp100-allianz,Allianz,2024,Demokratie,Lobbying/Einflussnahme,lobbying_transparency,Lobbying-Transparenz,,Status,E,uwp-required-field-gap,,,required_field_gap_rendered,0.0,"UWP-Kernfeld noch nicht maschinell aus einer versionierten Primärquelle belegt; nicht schätzen, nicht mit 0 füllen."
uwpobs-9db81b8b82a6e1c1,uwp100-allianz,Allianz,2024,Demokratie,Compliance/Whistleblowing,whistleblowing_cases,Whistleblowing-Fälle und Abhilfe,,Anzahl/Status,E,uwp-required-field-gap,,,required_field_gap_rendered,0.0,"UWP-Kernfeld noch nicht maschinell aus einer versionierten Primärquelle belegt; nicht schätzen, nicht mit 0 füllen."
uwpobs-64d5628f4fdb1b4c,uwp100-allianz,Allianz,2024,Mensch,Arbeitssicherheit,ltifr,Lost Time Injury Frequency Rate,,je Mio. Arbeitsstunden,E,uwp-required-field-gap,,,required_field_gap_rendered,0.0,"UWP-Kernfeld noch nicht maschinell aus einer versionierten Primärquelle belegt; nicht schätzen, nicht mit 0 füllen."
uwpobs-d172ed2bb4fcda81,uwp100-allianz,Allianz,2024,Mensch,Diversität/Teilhabe,women_management_share,Frauenanteil Management,,%,E,uwp-required-field-gap,,,required_field_gap_rendered,0.0,"UWP-Kernfeld noch nicht maschinell aus einer versionierten Primärquelle belegt; nicht schätzen, nicht mit 0 füllen."
uwpobs-10952908777f1bd5,uwp100-allianz,Allianz,2024,Planet,Energie,renewable_electricity_share,Erneuerbarer Strom,,%,E,uwp-required-field-gap,,,required_field_gap_rendered,0.0,"UWP-Kernfeld noch nicht maschinell aus einer versionierten Primärquelle belegt; nicht schätzen, nicht mit 0 füllen."
uwpobs-0623d1110b268c04,uwp100-allianz,Allianz,2025,Planet,Klima/Transformationspfad,sbti_profile_available,SBTi Zielprofil sicher matchbar,,Status,E,sbti-target-dashboard,https://files.sciencebasedtargets.org/production/files/companies-excel.xlsx,,official_xlsx_import_no_safe_match,0.0,Kein sicherer SBTi-Match für Allianz im offiziellen Target Dashboard. Das ist keine negative Klimabewertung.
uwpobs-9496c3c2855a7dae,uwp100-allianz,Allianz,2024,Planet,Klima,scope_1_2_ghg_absolute,Scope 1+2 absolut,,t CO2e,E,uwp-required-field-gap,,,required_field_gap_rendered,0.0,"UWP-Kernfeld noch nicht maschinell aus einer versionierten Primärquelle belegt; nicht schätzen, nicht mit 0 füllen."
uwpobs-cdc88db4c356e02d,uwp100-allianz,Allianz,2024,Transformation,EU-Taxonomie,taxonomy_aligned_revenue_share,Taxonomie-konformer Umsatzanteil,,%,E,uwp-required-field-gap,,,required_field_gap_rendered,0.0,"UWP-Kernfeld noch nicht maschinell aus einer versionierten Primärquelle belegt; nicht schätzen, nicht mit 0 füllen."
uwpobs-8244b87c5f87eedb,uwp100-alzchem,Alzchem Group,2024,Demokratie,Steuertransparenz,cbcr_tax_transparency,Country-by-Country Reporting / Steuertransparenz,,Status,E,uwp-required-field-gap,,,required_field_gap_rendered,0.0,"UWP-Kernfeld noch nicht maschinell aus einer versionierten Primärquelle belegt; nicht schätzen, nicht mit 0 füllen."
uwpobs-66226a3d49c0d279,uwp100-alzchem,Alzchem Group,2024,Demokratie,Datenschutz,data_privacy_incidents,Datenschutzverstöße / Bußgelder,,Anzahl/Status,E,uwp-required-field-gap,,,required_field_gap_rendered,0.0,"UWP-Kernfeld noch nicht maschinell aus einer versionierten Primärquelle belegt; nicht schätzen, nicht mit 0 füllen."
uwpobs-37562dc592b5a6f9,uwp100-alzchem,Alzchem Group,2024,Demokratie,Lobbying/Einflussnahme,lobbying_transparency,Lobbying-Transparenz,,Status,E,uwp-required-field-gap,,,required_field_gap_rendered,0.0,"UWP-Kernfeld noch nicht maschinell aus einer versionierten Primärquelle belegt; nicht schätzen, nicht mit 0 füllen."
uwpobs-f2e290c1d51b78bc,uwp100-alzchem,Alzchem Group,2024,Demokratie,Compliance/Whistleblowing,whistleblowing_cases,Whistleblowing-Fälle und Abhilfe,,Anzahl/Status,E,uwp-required-field-gap,,,required_field_gap_rendered,0.0,"UWP-Kernfeld noch nicht maschinell aus einer versionierten Primärquelle belegt; nicht schätzen, nicht mit 0 füllen."
uwpobs-f4f1bd617f52671e,uwp100-alzchem,Alzchem Group,2024,Mensch,Arbeitssicherheit,ltifr,Lost Time Injury Frequency Rate,,je Mio. Arbeitsstunden,E,uwp-required-field-gap,,,required_field_gap_rendered,0.0,"UWP-Kernfeld noch nicht maschinell aus einer versionierten Primärquelle belegt; nicht schätzen, nicht mit 0 füllen."
uwpobs-fc7e03c9752a42b5,uwp100-alzchem,Alzchem Group,2024,Mensch,Diversität/Teilhabe,women_management_share,Frauenanteil Management,,%,E,uwp-required-field-gap,,,required_field_gap_rendered,0.0,"UWP-Kernfeld noch nicht maschinell aus einer versionierten Primärquelle belegt; nicht schätzen, nicht mit 0 füllen."
uwpobs-23b989f968f4a37a,uwp100-alzchem,Alzchem Group,2024,Planet,Energie,renewable_electricity_share,Erneuerbarer Strom,,%,E,uwp-required-field-gap,,,required_field_gap_rendered,0.0,"UWP-Kernfeld noch nicht maschinell aus einer versionierten Primärquelle belegt; nicht schätzen, nicht mit 0 füllen."
uwpobs-fe4274da016982fa,uwp100-alzchem,Alzchem Group,2025,Planet,Klima/Transformationspfad,sbti_profile_available,SBTi Zielprofil sicher matchbar,,Status,E,sbti-target-dashboard,https://files.sciencebasedtargets.org/production/files/companies-excel.xlsx,,official_xlsx_import_no_safe_match,0.0,Kein sicherer SBTi-Match für Alzchem Group im offiziellen Target Dashboard. Das ist keine negative Klimabewertung.
uwpobs-bd30f5749e57c229,uwp100-alzchem,Alzchem Group,2024,Planet,Klima,scope_1_2_ghg_absolute,Scope 1+2 absolut,,t CO2e,E,uwp-required-field-gap,,,required_field_gap_rendered,0.0,"UWP-Kernfeld noch nicht maschinell aus einer versionierten Primärquelle belegt; nicht schätzen, nicht mit 0 füllen."
uwpobs-77b23f9d3bc1df4c,uwp100-alzchem,Alzchem Group,2024,Planet,Lieferkette/Klima,scope_3_ghg_absolute,Scope 3 absolut,,t CO2e,E,uwp-required-field-gap,,,required_field_gap_rendered,0.0,"UWP-Kernfeld noch nicht maschinell aus einer versionierten Primärquelle belegt; nicht schätzen, nicht mit 0 füllen."
uwpobs-2e08ac2f23459b17,uwp100-alzchem,Alzchem Group,2024,Transformation,EU-Taxonomie,taxonomy_aligned_revenue_share,Taxonomie-konformer Umsatzanteil,,%,E,uwp-required-field-gap,,,required_field_gap_rendered,0.0,"UWP-Kernfeld noch nicht maschinell aus einer versionierten Primärquelle belegt; nicht schätzen, nicht mit 0 füllen."
uwpobs-dd108b23da5d26c5,uwp100-amadeus-fire,Amadeus FiRe AG,2024,Demokratie,Steuertransparenz,cbcr_tax_transparency,Country-by-Country Reporting / Steuertransparenz,,Status,E,uwp-required-field-gap,,,required_field_gap_rendered,0.0,"UWP-Kernfeld noch nicht maschinell aus einer versionierten Primärquelle belegt; nicht schätzen, nicht mit 0 füllen."
uwpobs-7d8f5698ee5b6f5e,uwp100-amadeus-fire,Amadeus FiRe AG,2024,Demokratie,Datenschutz,data_privacy_incidents,Datenschutzverstöße / Bußgelder,,Anzahl/Status,E,uwp-required-field-gap,,,required_field_gap_rendered,0.0,"UWP-Kernfeld noch nicht maschinell aus einer versionierten Primärquelle belegt; nicht schätzen, nicht mit 0 füllen."
uwpobs-5c6d37575b7a8b06,uwp100-amadeus-fire,Amadeus FiRe AG,2024,Demokratie,Lobbying/Einflussnahme,lobbying_transparency,Lobbying-Transparenz,,Status,E,uwp-required-field-gap,,,required_field_gap_rendered,0.0,"UWP-Kernfeld noch nicht maschinell aus einer versionierten Primärquelle belegt; nicht schätzen, nicht mit 0 füllen."
uwpobs-3a70a96bc7b55972,uwp100-amadeus-fire,Amadeus FiRe AG,2024,Demokratie,Compliance/Whistleblowing,whistleblowing_cases,Whistleblowing-Fälle und Abhilfe,,Anzahl/Status,E,uwp-required-field-gap,,,required_field_gap_rendered,0.0,"UWP-Kernfeld noch nicht maschinell aus einer versionierten Primärquelle belegt; nicht schätzen, nicht mit 0 füllen."
uwpobs-0a3e3eb28355a32b,uwp100-amadeus-fire,Amadeus FiRe AG,2024,Mensch,Arbeitssicherheit,ltifr,Lost Time Injury Frequency Rate,,je Mio. Arbeitsstunden,E,uwp-required-field-gap,,,required_field_gap_rendered,0.0,"UWP-Kernfeld noch nicht maschinell aus einer versionierten Primärquelle belegt; nicht schätzen, nicht mit 0 füllen."
uwpobs-c3238df257c7011d,uwp100-amadeus-fire,Amadeus FiRe AG,2024,Mensch,Diversität/Teilhabe,women_management_share,Frauenanteil Management,,%,E,uwp-required-field-gap,,,required_field_gap_rendered,0.0,"UWP-Kernfeld noch nicht maschinell aus einer versionierten Primärquelle belegt; nicht schätzen, nicht mit 0 füllen."
uwpobs-285a34542ae8461f,uwp100-amadeus-fire,Amadeus FiRe AG,2024,Planet,Energie,renewable_electricity_share,Erneuerbarer Strom,,%,E,uwp-required-field-gap,,,required_field_gap_rendered,0.0,"UWP-Kernfeld noch nicht maschinell aus einer versionierten Primärquelle belegt; nicht schätzen, nicht mit 0 füllen."
uwpobs-604377b6592ddc91,uwp100-amadeus-fire,Amadeus FiRe AG,2025,Planet,Klima/Transformationspfad,sbti_profile_available,SBTi Zielprofil sicher matchbar,,Status,E,sbti-target-dashboard,https://files.sciencebasedtargets.org/production/files/companies-excel.xlsx,,official_xlsx_import_no_safe_match,0.0,Kein sicherer SBTi-Match für Amadeus FiRe AG im offiziellen Target Dashboard. Das ist keine negative Klimabewertung.
uwpobs-cc496a2833b4ec5a,uwp100-amadeus-fire,Amadeus FiRe AG,2024,Planet,Klima,scope_1_2_ghg_absolute,Scope 1+2 absolut,,t CO2e,E,uwp-required-field-gap,,,required_field_gap_rendered,0.0,"UWP-Kernfeld noch nicht maschinell aus einer versionierten Primärquelle belegt; nicht schätzen, nicht mit 0 füllen."
uwpobs-4fce1df11c9a0d37,uwp100-amadeus-fire,Amadeus FiRe AG,2024,Planet,Lieferkette/Klima,scope_3_ghg_absolute,Scope 3 absolut,,t CO2e,E,uwp-required-field-gap,,,required_field_gap_rendered,0.0,"UWP-Kernfeld noch nicht maschinell aus einer versionierten Primärquelle belegt; nicht schätzen, nicht mit 0 füllen."
uwpobs-92fc3a3d510e0ffc,uwp100-amadeus-fire,Amadeus FiRe AG,2024,Transformation,EU-Taxonomie,taxonomy_aligned_revenue_share,Taxonomie-konformer Umsatzanteil,,%,E,uwp-required-field-gap,,,required_field_gap_rendered,0.0,"UWP-Kernfeld noch nicht maschinell aus einer versionierten Primärquelle belegt; nicht schätzen, nicht mit 0 füllen."
uwpobs-1525efcea359001a,uwp100-aroundtown,Aroundtown,2024,Demokratie,Steuertransparenz,cbcr_tax_transparency,Country-by-Country Reporting / Steuertransparenz,,Status,E,uwp-required-field-gap,,,required_field_gap_rendered,0.0,"UWP-Kernfeld noch nicht maschinell aus einer versionierten Primärquelle belegt; nicht schätzen, nicht mit 0 füllen."
uwpobs-0b43926cad8d3626,uwp100-aroundtown,Aroundtown,2024,Demokratie,Datenschutz,data_privacy_incidents,Datenschutzverstöße / Bußgelder,,Anzahl/Status,E,uwp-required-field-gap,,,required_field_gap_rendered,0.0,"UWP-Kernfeld noch nicht maschinell aus einer versionierten Primärquelle belegt; nicht schätzen, nicht mit 0 füllen."
uwpobs-d5b3c965c3b63906,uwp100-aroundtown,Aroundtown,2024,Demokratie,Lobbying/Einflussnahme,lobbying_transparency,Lobbying-Transparenz,,Status,E,uwp-required-field-gap,,,required_field_gap_rendered,0.0,"UWP-Kernfeld noch nicht maschinell aus einer versionierten Primärquelle belegt; nicht schätzen, nicht mit 0 füllen."
uwpobs-c1c43d91dc839327,uwp100-aroundtown,Aroundtown,2024,Demokratie,Compliance/Whistleblowing,whistleblowing_cases,Whistleblowing-Fälle und Abhilfe,,Anzahl/Status,E,uwp-required-field-gap,,,required_field_gap_rendered,0.0,"UWP-Kernfeld noch nicht maschinell aus einer versionierten Primärquelle belegt; nicht schätzen, nicht mit 0 füllen."
uwpobs-cc204e81c0a5fbc4,uwp100-aroundtown,Aroundtown,2024,Mensch,Arbeitssicherheit,ltifr,Lost Time Injury Frequency Rate,,je Mio. Arbeitsstunden,E,uwp-required-field-gap,,,required_field_gap_rendered,0.0,"UWP-Kernfeld noch nicht maschinell aus einer versionierten Primärquelle belegt; nicht schätzen, nicht mit 0 füllen."
uwpobs-107c0bd5aa1509b2,uwp100-aroundtown,Aroundtown,2024,Mensch,Diversität/Teilhabe,women_management_share,Frauenanteil Management,,%,E,uwp-required-field-gap,,,required_field_gap_rendered,0.0,"UWP-Kernfeld noch nicht maschinell aus einer versionierten Primärquelle belegt; nicht schätzen, nicht mit 0 füllen."
uwpobs-6aeffe1d318e83d3,uwp100-aroundtown,Aroundtown,2024,Planet,Energie,renewable_electricity_share,Erneuerbarer Strom,,%,E,uwp-required-field-gap,,,required_field_gap_rendered,0.0,"UWP-Kernfeld noch nicht maschinell aus einer versionierten Primärquelle belegt; nicht schätzen, nicht mit 0 füllen."
uwpobs-b7f8e30378593d69,uwp100-aroundtown,Aroundtown,2025,Planet,Klima/Transformationspfad,sbti_profile_available,SBTi Zielprofil sicher matchbar,,Status,E,sbti-target-dashboard,https://files.sciencebasedtargets.org/production/files/companies-excel.xlsx,,official_xlsx_import_no_safe_match,0.0,Kein sicherer SBTi-Match für Aroundtown im offiziellen Target Dashboard. Das ist keine negative Klimabewertung.
uwpobs-ab69dc3c65ac32b1,uwp100-aroundtown,Aroundtown,2024,Planet,Klima,scope_1_2_ghg_absolute,Scope 1+2 absolut,,t CO2e,E,uwp-required-field-gap,,,required_field_gap_rendered,0.0,"UWP-Kernfeld noch nicht maschinell aus einer versionierten Primärquelle belegt; nicht schätzen, nicht mit 0 füllen."
uwpobs-c41f1185a610d213,uwp100-aroundtown,Aroundtown,2024,Planet,Lieferkette/Klima,scope_3_ghg_absolute,Scope 3 absolut,,t CO2e,E,uwp-required-field-gap,,,required_field_gap_rendered,0.0,"UWP-Kernfeld noch nicht maschinell aus einer versionierten Primärquelle belegt; nicht schätzen, nicht mit 0 füllen."
uwpobs-95c7bb1f66243e0a,uwp100-aroundtown,Aroundtown,2024,Transformation,EU-Taxonomie,taxonomy_aligned_revenue_share,Taxonomie-konformer Umsatzanteil,,%,E,uwp-required-field-gap,,,required_field_gap_rendered,0.0,"UWP-Kernfeld noch nicht maschinell aus einer versionierten Primärquelle belegt; nicht schätzen, nicht mit 0 füllen."
uwpobs-a42936bde8bf1c64,uwp100-atoss-software,Atoss Software AG,2024,Demokratie,Steuertransparenz,cbcr_tax_transparency,Country-by-Country Reporting / Steuertransparenz,,Status,E,uwp-required-field-gap,,,required_field_gap_rendered,0.0,"UWP-Kernfeld noch nicht maschinell aus einer versionierten Primärquelle belegt; nicht schätzen, nicht mit 0 füllen."
uwpobs-e82502d207b1f602,uwp100-atoss-software,Atoss Software AG,2024,Demokratie,Datenschutz,data_privacy_incidents,Datenschutzverstöße / Bußgelder,,Anzahl/Status,E,uwp-required-field-gap,,,required_field_gap_rendered,0.0,"UWP-Kernfeld noch nicht maschinell aus einer versionierten Primärquelle belegt; nicht schätzen, nicht mit 0 füllen."
uwpobs-cb73ed6eb6d2b18b,uwp100-atoss-software,Atoss Software AG,2024,Demokratie,Lobbying/Einflussnahme,lobbying_transparency,Lobbying-Transparenz,,Status,E,uwp-required-field-gap,,,required_field_gap_rendered,0.0,"UWP-Kernfeld noch nicht maschinell aus einer versionierten Primärquelle belegt; nicht schätzen, nicht mit 0 füllen."
uwpobs-9b937bbeed037f1c,uwp100-atoss-software,Atoss Software AG,2024,Demokratie,Compliance/Whistleblowing,whistleblowing_cases,Whistleblowing-Fälle und Abhilfe,,Anzahl/Status,E,uwp-required-field-gap,,,required_field_gap_rendered,0.0,"UWP-Kernfeld noch nicht maschinell aus einer versionierten Primärquelle belegt; nicht schätzen, nicht mit 0 füllen."
uwpobs-553a3c0664d1208c,uwp100-atoss-software,Atoss Software AG,2024,Mensch,Arbeitssicherheit,ltifr,Lost Time Injury Frequency Rate,,je Mio. Arbeitsstunden,E,uwp-required-field-gap,,,required_field_gap_rendered,0.0,"UWP-Kernfeld noch nicht maschinell aus einer versionierten Primärquelle belegt; nicht schätzen, nicht mit 0 füllen."
uwpobs-3abc291c6fd6b56b,uwp100-atoss-software,Atoss Software AG,2024,Mensch,Diversität/Teilhabe,women_management_share,Frauenanteil Management,,%,E,uwp-required-field-gap,,,required_field_gap_rendered,0.0,"UWP-Kernfeld noch nicht maschinell aus einer versionierten Primärquelle belegt; nicht schätzen, nicht mit 0 füllen."
uwpobs-8393e14302f0b043,uwp100-atoss-software,Atoss Software AG,2024,Planet,Energie,renewable_electricity_share,Erneuerbarer Strom,,%,E,uwp-required-field-gap,,,required_field_gap_rendered,0.0,"UWP-Kernfeld noch nicht maschinell aus einer versionierten Primärquelle belegt; nicht schätzen, nicht mit 0 füllen."
uwpobs-ff899521a502f9ab,uwp100-atoss-software,Atoss Software AG,2025,Planet,Klima/Transformationspfad,sbti_profile_available,SBTi Zielprofil sicher matchbar,,Status,E,sbti-target-dashboard,https://files.sciencebasedtargets.org/production/files/companies-excel.xlsx,,official_xlsx_import_no_safe_match,0.0,Kein sicherer SBTi-Match für Atoss Software AG im offiziellen Target Dashboard. Das ist keine negative Klimabewertung.
uwpobs-b3b532a7d5383983,uwp100-atoss-software,Atoss Software AG,2024,Planet,Klima,scope_1_2_ghg_absolute,Scope 1+2 absolut,,t CO2e,E,uwp-required-field-gap,,,required_field_gap_rendered,0.0,"UWP-Kernfeld noch nicht maschinell aus einer versionierten Primärquelle belegt; nicht schätzen, nicht mit 0 füllen."
uwpobs-51326bdab393334b,uwp100-atoss-software,Atoss Software AG,2024,Planet,Lieferkette/Klima,scope_3_ghg_absolute,Scope 3 absolut,,t CO2e,E,uwp-required-field-gap,,,required_field_gap_rendered,0.0,"UWP-Kernfeld noch nicht maschinell aus einer versionierten Primärquelle belegt; nicht schätzen, nicht mit 0 füllen."
uwpobs-8d3a6192e248b3a2,uwp100-atoss-software,Atoss Software AG,2024,Transformation,EU-Taxonomie,taxonomy_aligned_revenue_share,Taxonomie-konformer Umsatzanteil,,%,E,uwp-required-field-gap,,,required_field_gap_rendered,0.0,"UWP-Kernfeld noch nicht maschinell aus einer versionierten Primärquelle belegt; nicht schätzen, nicht mit 0 füllen."
uwpobs-b17c7192a07ec879,uwp100-aurubis,Aurubis,2021,Datenqualität,Quellenstand,sbti_date_updated,SBTi Datenstand,2021-06-17,Datum,A,sbti-target-dashboard,https://files.sciencebasedtargets.org/production/files/companies-excel.xlsx,Aurubis AG,official_xlsx_import:safe_name_match,0.86,SBTi-Zieldaten; kein Nachweis tatsächlicher Emissionsreduktion.
uwpobs-6cf005a2a937f91a,uwp100-aurubis,Aurubis,2021,Demokratie,Rechtskonformität/Umwelt,wikirate_gri_environmental_fines,GRI 307-1 environmental fines,240000,USD,C,wikirate-open-esg,https://wikirate.org/~18036113,https://wikirate.org/~18034529,wikirate_bulk_csv_export,0.62,WikiRate Community-/Sekundärdaten; Antwortseite und Primärquelle prüfen.
uwpobs-845134aebe86bb07,uwp100-aurubis,Aurubis,2023,Mensch,Qualifizierung,wikirate_gri_training_hours,GRI 404-1 average hours of training,21.1,hours,C,wikirate-open-esg,https://wikirate.org/~18818345,https://wikirate.org/~18818238,wikirate_bulk_csv_export,0.62,WikiRate Community-/Sekundärdaten; Antwortseite und Primärquelle prüfen.
uwpobs-3c596300a3da854b,uwp100-aurubis,Aurubis,2022,Mensch,Qualifizierung,wikirate_gri_training_hours,GRI 404-1 average hours of training,15.3,hours,C,wikirate-open-esg,https://wikirate.org/~18034510,https://wikirate.org/~18033821,wikirate_bulk_csv_export,0.62,WikiRate Community-/Sekundärdaten; Antwortseite und Primärquelle prüfen.
uwpobs-f7f2934329477e42,uwp100-aurubis,Aurubis,2023,Mensch,Arbeitssicherheit,wikirate_gri_worker_fatalities,GRI 403-9 worker fatalities,3,count,C,wikirate-open-esg,https://wikirate.org/~18036857,https://wikirate.org/~18036823,wikirate_bulk_csv_export,0.62,WikiRate Community-/Sekundärdaten; Antwortseite und Primärquelle prüfen.
uwpobs-b225aae2820a3844,uwp100-aurubis,Aurubis,2021,Planet,Klima/Transformationspfad,sbti_ba15_date,SBTi Business Ambition 1.5C Datum,2019-12-19,Datum,B,sbti-target-dashboard,https://files.sciencebasedtargets.org/production/files/companies-excel.xlsx,Aurubis AG,official_xlsx_import:safe_name_match,0.86,SBTi-Zieldaten; kein Nachweis tatsächlicher Emissionsreduktion.
uwpobs-69ad1e4bda9b6370,uwp100-aurubis,Aurubis,2021,Planet,Klima/Transformationspfad,sbti_ba15_status,SBTi Business Ambition 1.5C Status,BA1.5 member,Status,B,sbti-target-dashboard,https://files.sciencebasedtargets.org/production/files/companies-excel.xlsx,Aurubis AG,official_xlsx_import:safe_name_match,0.86,SBTi-Zieldaten; kein Nachweis tatsächlicher Emissionsreduktion.
uwpobs-96ab8f4720d18730,uwp100-aurubis,Aurubis,2021,Planet,Klima/Transformationspfad,sbti_full_target_language,SBTi Zieltext,Aurubis AG commits to reduce absolute scope 1 and 2 GHG emissions 50% by 2030 from a 2018 base year. Aurubis AG also commits to reduce scope 3 GHG emissions 24% per ton copper cathode by 2030 from a 2018 base year.,Text,B,sbti-target-dashboard,https://files.sciencebasedtargets.org/production/files/companies-excel.xlsx,Aurubis AG,official_xlsx_import:safe_name_match,0.86,SBTi-Zieldaten; kein Nachweis tatsächlicher Emissionsreduktion.
uwpobs-8ed942e230f78e29,uwp100-aurubis,Aurubis,2021,Planet,Klima/Transformationspfad,sbti_near_term_status,SBTi Near-Term Zielstatus,Targets set,Status,A,sbti-target-dashboard,https://files.sciencebasedtargets.org/production/files/companies-excel.xlsx,Aurubis AG,official_xlsx_import:safe_name_match,0.86,SBTi-Zieldaten; kein Nachweis tatsächlicher Emissionsreduktion.
uwpobs-39e15dbadccdeb21,uwp100-aurubis,Aurubis,2021,Planet,Klima/Transformationspfad,sbti_near_term_target_classification,SBTi Near-Term Zielklassifikation,1.5°C,Klassifikation,A,sbti-target-dashboard,https://files.sciencebasedtargets.org/production/files/companies-excel.xlsx,Aurubis AG,official_xlsx_import:safe_name_match,0.86,SBTi-Zieldaten; kein Nachweis tatsächlicher Emissionsreduktion.
uwpobs-544bce77b98744b3,uwp100-aurubis,Aurubis,2021,Planet,Klima/Transformationspfad,sbti_near_term_target_year,SBTi Near-Term Zieljahr,2030,Jahr,A,sbti-target-dashboard,https://files.sciencebasedtargets.org/production/files/companies-excel.xlsx,Aurubis AG,official_xlsx_import:safe_name_match,0.86,SBTi-Zieldaten; kein Nachweis tatsächlicher Emissionsreduktion.
uwpobs-39a04b0cf8189fd0,uwp100-aurubis,Aurubis,2021,Planet,Klima/Transformationspfad,sbti_target_classification_long,SBTi Zielklassifikation Langtext,The targets covering greenhouse gas emissions from company operations (scopes 1 and 2) are consistent with reductions required to keep warming to 1.5°C,Text,B,sbti-target-dashboard,https://files.sciencebasedtargets.org/production/files/companies-excel.xlsx,Aurubis AG,official_xlsx_import:safe_name_match,0.86,SBTi-Zieldaten; kein Nachweis tatsächlicher Emissionsreduktion.
uwpobs-9a5b03a3e93bac7b,uwp100-aurubis,Aurubis,2023,Planet,Energie,wikirate_gri_energy_consumption,GRI 302-1 Total energy consumption,12960000,Gigajoules,C,wikirate-open-esg,https://wikirate.org/~18818589,https://wikirate.org/~18818238,wikirate_bulk_csv_export,0.62,WikiRate Community-/Sekundärdaten; Antwortseite und Primärquelle prüfen.
uwpobs-b55f0f39007acb20,uwp100-aurubis,Aurubis,2022,Planet,Energie,wikirate_gri_energy_consumption,GRI 302-1 Total energy consumption,12996000,Gigajoules,C,wikirate-open-esg,https://wikirate.org/~18033864,https://wikirate.org/~18033845,wikirate_bulk_csv_export,0.62,WikiRate Community-/Sekundärdaten; Antwortseite und Primärquelle prüfen.
uwpobs-955e914b91d05a8e,uwp100-aurubis,Aurubis,2023,Planet,Klima/Emissionen,wikirate_gri_scope1_ghg,GRI 305-1 Scope 1 GHG emissions,553000,tonnes CO2 equivalent,C,wikirate-open-esg,https://wikirate.org/~18818507,https://wikirate.org/~18818238,wikirate_bulk_csv_export,0.62,WikiRate Community-/Sekundärdaten; Antwortseite und Primärquelle prüfen.
uwpobs-ac1ae2dcae5e6df5,uwp100-aurubis,Aurubis,2022,Planet,Klima/Emissionen,wikirate_gri_scope1_ghg,GRI 305-1 Scope 1 GHG emissions,555000,tonnes CO2 equivalent,C,wikirate-open-esg,https://wikirate.org/~18033836,https://wikirate.org/~18033821,wikirate_bulk_csv_export,0.62,WikiRate Community-/Sekundärdaten; Antwortseite und Primärquelle prüfen.
uwpobs-732629a388672524,uwp100-aurubis,Aurubis,2022,Planet,Klima/Emissionen,wikirate_gri_scope2_ghg,GRI 305-2 Scope 2 GHG emissions,769000,tonnes CO2 equivalent,C,wikirate-open-esg,https://wikirate.org/~18033841,https://wikirate.org/~18033821,wikirate_bulk_csv_export,0.62,WikiRate Community-/Sekundärdaten; Antwortseite und Primärquelle prüfen.
uwpobs-3fba13afbd254302,uwp100-aurubis,Aurubis,2023,Planet,Lieferkette/Klima,wikirate_gri_scope3_ghg,GRI 305-3 Scope 3 GHG emissions,4097000,tonnes CO2 equivalent,C,wikirate-open-esg,https://wikirate.org/~18818513,https://wikirate.org/~18818238,wikirate_bulk_csv_export,0.62,WikiRate Community-/Sekundärdaten; Antwortseite und Primärquelle prüfen.
uwpobs-fbb5611ccdc34b2d,uwp100-aurubis,Aurubis,2022,Planet,Lieferkette/Klima,wikirate_gri_scope3_ghg,GRI 305-3 Scope 3 GHG emissions,4113000,tonnes CO2 equivalent,C,wikirate-open-esg,https://wikirate.org/~18033854,https://wikirate.org/~18033821,wikirate_bulk_csv_export,0.62,WikiRate Community-/Sekundärdaten; Antwortseite und Primärquelle prüfen.
uwpobs-ba694c3baf5c5568,uwp100-aurubis,Aurubis,2022,Planet,Abfall/Ressourcen,wikirate_gri_total_waste,GRI 306-2 Total waste generated,212831,tonnes,C,wikirate-open-esg,https://wikirate.org/~18818421,https://wikirate.org/~18818395,wikirate_bulk_csv_export,0.62,WikiRate Community-/Sekundärdaten; Antwortseite und Primärquelle prüfen.
uwpobs-b6aea675034afc73,uwp100-aurubis,Aurubis,2021,Planet,Abfall/Ressourcen,wikirate_gri_total_waste,GRI 306-2 Total waste generated,130053,tonnes,C,wikirate-open-esg,https://wikirate.org/~18035492,https://wikirate.org/~18034529,wikirate_bulk_csv_export,0.62,WikiRate Community-/Sekundärdaten; Antwortseite und Primärquelle prüfen.
uwpobs-7d4ef82edc839859,uwp100-aurubis,Aurubis,2024,Demokratie,Steuertransparenz,cbcr_tax_transparency,Country-by-Country Reporting / Steuertransparenz,,Status,E,uwp-required-field-gap,,,required_field_gap_rendered,0.0,"UWP-Kernfeld noch nicht maschinell aus einer versionierten Primärquelle belegt; nicht schätzen, nicht mit 0 füllen."
uwpobs-8ed29de4e0478461,uwp100-aurubis,Aurubis,2024,Demokratie,Datenschutz,data_privacy_incidents,Datenschutzverstöße / Bußgelder,,Anzahl/Status,E,uwp-required-field-gap,,,required_field_gap_rendered,0.0,"UWP-Kernfeld noch nicht maschinell aus einer versionierten Primärquelle belegt; nicht schätzen, nicht mit 0 füllen."
uwpobs-d25c0572b961e072,uwp100-aurubis,Aurubis,2024,Demokratie,Lobbying/Einflussnahme,lobbying_transparency,Lobbying-Transparenz,,Status,E,uwp-required-field-gap,,,required_field_gap_rendered,0.0,"UWP-Kernfeld noch nicht maschinell aus einer versionierten Primärquelle belegt; nicht schätzen, nicht mit 0 füllen."
uwpobs-34d8cb0284663f9d,uwp100-aurubis,Aurubis,2024,Demokratie,Compliance/Whistleblowing,whistleblowing_cases,Whistleblowing-Fälle und Abhilfe,,Anzahl/Status,E,uwp-required-field-gap,,,required_field_gap_rendered,0.0,"UWP-Kernfeld noch nicht maschinell aus einer versionierten Primärquelle belegt; nicht schätzen, nicht mit 0 füllen."
uwpobs-da2f9171592ae125,uwp100-aurubis,Aurubis,2024,Mensch,Arbeitssicherheit,ltifr,Lost Time Injury Frequency Rate,,je Mio. Arbeitsstunden,E,uwp-required-field-gap,,,required_field_gap_rendered,0.0,"UWP-Kernfeld noch nicht maschinell aus einer versionierten Primärquelle belegt; nicht schätzen, nicht mit 0 füllen."
uwpobs-9cd23d2964cc627e,uwp100-aurubis,Aurubis,2024,Mensch,Diversität/Teilhabe,women_management_share,Frauenanteil Management,,%,E,uwp-required-field-gap,,,required_field_gap_rendered,0.0,"UWP-Kernfeld noch nicht maschinell aus einer versionierten Primärquelle belegt; nicht schätzen, nicht mit 0 füllen."
uwpobs-77c66803aeddcff2,uwp100-aurubis,Aurubis,2024,Planet,Energie,renewable_electricity_share,Erneuerbarer Strom,,%,E,uwp-required-field-gap,,,required_field_gap_rendered,0.0,"UWP-Kernfeld noch nicht maschinell aus einer versionierten Primärquelle belegt; nicht schätzen, nicht mit 0 füllen."
uwpobs-d6351420597a393b,uwp100-aurubis,Aurubis,2024,Planet,Klima,scope_1_2_ghg_absolute,Scope 1+2 absolut,,t CO2e,E,uwp-required-field-gap,,,required_field_gap_rendered,0.0,"UWP-Kernfeld noch nicht maschinell aus einer versionierten Primärquelle belegt; nicht schätzen, nicht mit 0 füllen."
uwpobs-6334779c9305bde7,uwp100-aurubis,Aurubis,2024,Transformation,EU-Taxonomie,taxonomy_aligned_revenue_share,Taxonomie-konformer Umsatzanteil,,%,E,uwp-required-field-gap,,,required_field_gap_rendered,0.0,"UWP-Kernfeld noch nicht maschinell aus einer versionierten Primärquelle belegt; nicht schätzen, nicht mit 0 füllen."
uwpobs-e5032180bfaea0cc,uwp100-basf,BASF,2024,Demokratie,Governance/Kontroversen,pilot_kontroverse_waffen_fossile_beteiligung,Kontroverse Waffen / fossile Beteiligung,"keine kontroversen Waffen; fossile Beteiligung (Wintershall Dea, im Verkauf)",Kontext,C,pilot-public-sources,https://report.basf.com/2024/en/_assets/downloads/sustainability-statement-basf-ar24.pdf,,provided_manual_pilot_import,0.72,
uwpobs-b0eeca42393336b7,uwp100-basf,BASF,2022,Demokratie,Korruption/Compliance,wikirate_gri_corruption_incidents,GRI 205-3 confirmed incidents of corruption,453,incidents,C,wikirate-open-esg,https://wikirate.org/~15574728,https://wikirate.org/~15352031,wikirate_bulk_csv_export,0.62,WikiRate Community-/Sekundärdaten; Antwortseite und Primärquelle prüfen.
uwpobs-10f8522e77802683,uwp100-basf,BASF,2022,Demokratie,Rechtskonformität/Umwelt,wikirate_gri_environmental_fines,GRI 307-1 environmental fines,5725.3,USD,C,wikirate-open-esg,https://wikirate.org/~15571208,https://wikirate.org/~15352031,wikirate_bulk_csv_export,0.62,WikiRate Community-/Sekundärdaten; Antwortseite und Primärquelle prüfen.
uwpobs-38f495ee09df5835,uwp100-basf,BASF,2018,Demokratie,Rechtskonformität/Umwelt,wikirate_gri_environmental_fines,GRI 307-1 environmental fines,710314110,USD,C,wikirate-open-esg,https://wikirate.org/~5390668,https://wikirate.org/~5311238,wikirate_bulk_csv_export,0.62,WikiRate Community-/Sekundärdaten; Antwortseite und Primärquelle prüfen.
uwpobs-b170e937ea0319d2,uwp100-basf,BASF,2024,Mensch,Diversitaet/Teilhabe,pilot_frauen_in_fuehrung_mit_disziplinarverantwortung,Frauen in Fuehrung (mit Disziplinarverantwortung),29.3,% (2024),B,pilot-public-sources,https://www.basf.com/global/en/investors/basf-at-a-glance/strategy/targets,,provided_manual_pilot_import,0.72,Ziel 2030: 30%
uwpobs-15db888468146463,uwp100-basf,BASF,2024,Mensch,Arbeitssicherheit,pilot_ziel_schwere_arbeitsbedingte_verletzungen,Ziel schwere arbeitsbedingte Verletzungen,<=0.05 (Ziel 2030),je 200.000 Arbeitsstunden,B,pilot-public-sources,https://www.basf.com/kr/en/who-we-are/about-us/our-targets,,provided_manual_pilot_import,0.72,Ist-Wert nachzuziehen
uwpobs-bf028f95a6a346c4,uwp100-basf,BASF,2016,Mensch,Diversität/Belegschaft,wikirate_gri_female_employees_share,GRI G4-LA12 female employees share,24.6,%,C,wikirate-open-esg,https://wikirate.org/~2634324,https://wikirate.org/~2634294,wikirate_bulk_csv_export,0.62,WikiRate Community-/Sekundärdaten; Antwortseite und Primärquelle prüfen.
uwpobs-da106d3ea9f80feb,uwp100-basf,BASF,2014,Mensch,Diversität/Belegschaft,wikirate_gri_female_employees_share,GRI G4-LA12 female employees share,24.4,%,C,wikirate-open-esg,https://wikirate.org/~1064471,https://wikirate.org/~927986,wikirate_bulk_csv_export,0.62,WikiRate Community-/Sekundärdaten; Antwortseite und Primärquelle prüfen.
uwpobs-1af78e4d11639232,uwp100-basf,BASF,2017,Mensch,Arbeitssicherheit,wikirate_gri_injury_rate,GRI 403-9 injury rate,1.4,injuries per million hours worked,C,wikirate-open-esg,https://wikirate.org/~3505333,https://wikirate.org/~3505326,wikirate_bulk_csv_export,0.62,WikiRate Community-/Sekundärdaten; Antwortseite und Primärquelle prüfen.
uwpobs-ea4971a9399485bd,uwp100-basf,BASF,2016,Mensch,Arbeitssicherheit,wikirate_gri_injury_rate,GRI 403-9 injury rate,1.5,injuries per million hours worked,C,wikirate-open-esg,https://wikirate.org/~3505353,https://wikirate.org/~3505326,wikirate_bulk_csv_export,0.62,WikiRate Community-/Sekundärdaten; Antwortseite und Primärquelle prüfen.
uwpobs-4f6c3e0eb4c0fc5d,uwp100-basf,BASF,2014,Mensch,Arbeitssicherheit,wikirate_gri_injury_rate,GRI 403-9 injury rate,1.5,injuries per million hours worked,C,wikirate-open-esg,https://wikirate.org/~928245,https://wikirate.org/~927986,wikirate_bulk_csv_export,0.62,WikiRate Community-/Sekundärdaten; Antwortseite und Primärquelle prüfen.
uwpobs-13381cd6a30f1347,uwp100-basf,BASF,2013,Mensch,Arbeitssicherheit,wikirate_gri_injury_rate,GRI 403-9 injury rate,1.4,injuries per million hours worked,C,wikirate-open-esg,https://wikirate.org/~1064355,https://wikirate.org/~927986,wikirate_bulk_csv_export,0.62,WikiRate Community-/Sekundärdaten; Antwortseite und Primärquelle prüfen.
uwpobs-f7d2c7e068f3223d,uwp100-basf,BASF,2012,Mensch,Arbeitssicherheit,wikirate_gri_injury_rate,GRI 403-9 injury rate,1.7,injuries per million hours worked,C,wikirate-open-esg,https://wikirate.org/~1064439,https://wikirate.org/~927986,wikirate_bulk_csv_export,0.62,WikiRate Community-/Sekundärdaten; Antwortseite und Primärquelle prüfen.
uwpobs-a7b9f104c1cec976,uwp100-basf,BASF,2011,Mensch,Arbeitssicherheit,wikirate_gri_injury_rate,GRI 403-9 injury rate,1.9,injuries per million hours worked,C,wikirate-open-esg,https://wikirate.org/~1064444,https://wikirate.org/~927986,wikirate_bulk_csv_export,0.62,WikiRate Community-/Sekundärdaten; Antwortseite und Primärquelle prüfen.
uwpobs-0adab747f36a6bf4,uwp100-basf,BASF,2010,Mensch,Arbeitssicherheit,wikirate_gri_injury_rate,GRI 403-9 injury rate,2,injuries per million hours worked,C,wikirate-open-esg,https://wikirate.org/~1064449,https://wikirate.org/~927986,wikirate_bulk_csv_export,0.62,WikiRate Community-/Sekundärdaten; Antwortseite und Primärquelle prüfen.
uwpobs-7f4f0d08754aeebe,uwp100-basf,BASF,2009,Mensch,Arbeitssicherheit,wikirate_gri_injury_rate,GRI 403-9 injury rate,1.8,injuries per million hours worked,C,wikirate-open-esg,https://wikirate.org/~1064454,https://wikirate.org/~927986,wikirate_bulk_csv_export,0.62,WikiRate Community-/Sekundärdaten; Antwortseite und Primärquelle prüfen.
uwpobs-18430bb1e4ac837f,uwp100-basf,BASF,2002,Mensch,Arbeitssicherheit,wikirate_gri_injury_rate,GRI 403-9 injury rate,3.3,injuries per million hours worked,C,wikirate-open-esg,https://wikirate.org/~1064459,https://wikirate.org/~927986,wikirate_bulk_csv_export,0.62,WikiRate Community-/Sekundärdaten; Antwortseite und Primärquelle prüfen.
uwpobs-3ca44deee2f011d0,uwp100-basf,BASF,2022,Mensch,Qualifizierung,wikirate_gri_training_hours,GRI 404-1 average hours of training,1.67,hours,C,wikirate-open-esg,https://wikirate.org/~15574509,https://wikirate.org/~15352031,wikirate_bulk_csv_export,0.62,WikiRate Community-/Sekundärdaten; Antwortseite und Primärquelle prüfen.
uwpobs-fea87e012fe3cc7d,uwp100-basf,BASF,2023,Mensch,Arbeitssicherheit,wikirate_gri_worker_fatalities,GRI 403-9 worker fatalities,0,count,C,wikirate-open-esg,https://wikirate.org/~18819440,https://wikirate.org/~18819351,wikirate_bulk_csv_export,0.62,WikiRate Community-/Sekundärdaten; Antwortseite und Primärquelle prüfen.
uwpobs-09918926c71d200a,uwp100-basf,BASF,2022,Mensch,Arbeitssicherheit,wikirate_gri_worker_fatalities,GRI 403-9 worker fatalities,1,count,C,wikirate-open-esg,https://wikirate.org/~15574469,https://wikirate.org/~15352031,wikirate_bulk_csv_export,0.62,WikiRate Community-/Sekundärdaten; Antwortseite und Primärquelle prüfen.
uwpobs-6834fe570912127c,uwp100-basf,BASF,2017,Mensch,Arbeitssicherheit,wikirate_gri_worker_fatalities,GRI 403-9 worker fatalities,2,count,C,wikirate-open-esg,https://wikirate.org/~3505647,https://wikirate.org/~3505638,wikirate_bulk_csv_export,0.62,WikiRate Community-/Sekundärdaten; Antwortseite und Primärquelle prüfen.
uwpobs-bcae7f882b028ae1,uwp100-basf,BASF,2025,Planet,Energie,pilot_anteil_erneuerbarer_strom,Anteil erneuerbarer Strom,36,% (2025),B,pilot-public-sources,https://www.basf.com/global/en/investors/calendar-and-publications/factbook/basf-group/strategy/sustainability,,provided_manual_pilot_import,0.72,
uwpobs-2c0304e660531f95,uwp100-basf,BASF,2024,Planet,Klima/Transformationspfad,pilot_netto_null_ziel,Netto-Null-Ziel,"2050 (Scope 1,2,3.1)",Zieljahr,A,pilot-public-sources,https://www.basf.com/global/en/investors/sustainable-investments/global-sustainability-goals,,provided_manual_pilot_import,0.72,"eigenes Transition-Plan-Ziel; NICHT SBTi-validiert -> Kontrast zu SAP/Siemens (2030, SBTi)"
uwpobs-7aa80e2d79b10159,uwp100-basf,BASF,2024,Planet,Klima,pilot_scope_1_2_absolut,Scope 1+2 absolut,17.0,Mt CO2e (2024),A,pilot-public-sources,https://report.basf.com/2024/en/combined-managements-report/fundamentals-of-the-group/strategy/our-targets.html,,provided_manual_pilot_import,0.72,"Basis 2018: 21,9 Mt; Ziel 2030: 16,4 Mt (-25% vs 2018); 2025 bereits 16,1 Mt; Scope 1+2 unterliegen der gesetzlichen Pruefung"
uwpobs-616d69d6810a641b,uwp100-basf,BASF,2024,Planet,Klima/Lieferkette,pilot_spezifische_scope_3_1_emissionen,Spezifische Scope-3.1-Emissionen,1.58,kg CO2e / kg Rohstoff (2024),B,pilot-public-sources,https://report.basf.com/2024/en/combined-managements-report/fundamentals-of-the-group/strategy/our-targets.html,,provided_manual_pilot_import,0.72,"Ziel 2030: 1,39 kg"
uwpobs-1946e19a6949a016,uwp100-basf,BASF,2024,Planet,Transformation/Portfolio,pilot_sustainable_future_solutions_triples_am_umsatz,Sustainable-Future Solutions (TripleS) am Umsatz,46.3,% (2024),B,pilot-public-sources,https://report.basf.com/2024/en/combined-managements-report/fundamentals-of-the-group/strategy/our-targets.html,,provided_manual_pilot_import,0.72,Ziel 2030: >50%
uwpobs-38dac4394b714233,uwp100-basf,BASF,2023,Planet,Energie,wikirate_gri_energy_consumption,GRI 302-1 Total energy consumption,180360000,Gigajoules,C,wikirate-open-esg,https://wikirate.org/~18819547,https://wikirate.org/~18819351,wikirate_bulk_csv_export,0.62,WikiRate Community-/Sekundärdaten; Antwortseite und Primärquelle prüfen.
uwpobs-056f0ef773090c76,uwp100-basf,BASF,2022,Planet,Energie,wikirate_gri_energy_consumption,GRI 302-1 Total energy consumption,121320000,Gigajoules,C,wikirate-open-esg,https://wikirate.org/~15571260,https://wikirate.org/~15352031,wikirate_bulk_csv_export,0.62,WikiRate Community-/Sekundärdaten; Antwortseite und Primärquelle prüfen.
uwpobs-248cba6a1f31098f,uwp100-basf,BASF,2023,Planet,Klima/Emissionen,wikirate_gri_scope1_ghg,GRI 305-1 Scope 1 GHG emissions,14345000,tonnes CO2 equivalent,C,wikirate-open-esg,https://wikirate.org/~18819531,https://wikirate.org/~18819351,wikirate_bulk_csv_export,0.62,WikiRate Community-/Sekundärdaten; Antwortseite und Primärquelle prüfen.
uwpobs-bc4bbd9c366afb7c,uwp100-basf,BASF,2022,Planet,Klima/Emissionen,wikirate_gri_scope1_ghg,GRI 305-1 Scope 1 GHG emissions,57797000,tonnes CO2 equivalent,C,wikirate-open-esg,https://wikirate.org/~15352039,https://wikirate.org/~15352031,wikirate_bulk_csv_export,0.62,WikiRate Community-/Sekundärdaten; Antwortseite und Primärquelle prüfen.
uwpobs-c08d90c51af28fab,uwp100-basf,BASF,2021,Planet,Klima/Emissionen,wikirate_gri_scope1_ghg,GRI 305-1 Scope 1 GHG emissions,18668000,tonnes CO2 equivalent,C,wikirate-open-esg,https://wikirate.org/~12651666,https://wikirate.org/~12651642,wikirate_bulk_csv_export,0.62,WikiRate Community-/Sekundärdaten; Antwortseite und Primärquelle prüfen.
uwpobs-7da28c3ac91ecab5,uwp100-basf,BASF,2020,Planet,Klima/Emissionen,wikirate_gri_scope1_ghg,GRI 305-1 Scope 1 GHG emissions,18368000,tonnes CO2 equivalent,C,wikirate-open-esg,https://wikirate.org/~12651670,https://wikirate.org/~12651642,wikirate_bulk_csv_export,0.62,WikiRate Community-/Sekundärdaten; Antwortseite und Primärquelle prüfen.
uwpobs-ed55ff706ff6956f,uwp100-basf,BASF,2019,Planet,Klima/Emissionen,wikirate_gri_scope1_ghg,GRI 305-1 Scope 1 GHG emissions,17337000,tonnes CO2 equivalent,C,wikirate-open-esg,https://wikirate.org/~12651688,https://wikirate.org/~12651682,wikirate_bulk_csv_export,0.62,WikiRate Community-/Sekundärdaten; Antwortseite und Primärquelle prüfen.
uwpobs-8bc6dc2263efaa1e,uwp100-basf,BASF,2022,Planet,Klima/Emissionen,wikirate_gri_scope2_ghg,GRI 305-2 Scope 2 GHG emissions,2629000,tonnes CO2 equivalent,C,wikirate-open-esg,https://wikirate.org/~15352043,https://wikirate.org/~15352031,wikirate_bulk_csv_export,0.62,WikiRate Community-/Sekundärdaten; Antwortseite und Primärquelle prüfen.
uwpobs-105b670b1ec0f3a9,uwp100-basf,BASF,2021,Planet,Klima/Emissionen,wikirate_gri_scope2_ghg,GRI 305-2 Scope 2 GHG emissions,3670000,tonnes CO2 equivalent,C,wikirate-open-esg,https://wikirate.org/~12651658,https://wikirate.org/~12651642,wikirate_bulk_csv_export,0.62,WikiRate Community-/Sekundärdaten; Antwortseite und Primärquelle prüfen.
uwpobs-5980d995a042eda4,uwp100-basf,BASF,2020,Planet,Klima/Emissionen,wikirate_gri_scope2_ghg,GRI 305-2 Scope 2 GHG emissions,3362000,tonnes CO2 equivalent,C,wikirate-open-esg,https://wikirate.org/~12651662,https://wikirate.org/~12651642,wikirate_bulk_csv_export,0.62,WikiRate Community-/Sekundärdaten; Antwortseite und Primärquelle prüfen.
uwpobs-0347d9d2496b90e7,uwp100-basf,BASF,2019,Planet,Klima/Emissionen,wikirate_gri_scope2_ghg,GRI 305-2 Scope 2 GHG emissions,3552000,tonnes CO2 equivalent,C,wikirate-open-esg,https://wikirate.org/~12651692,https://wikirate.org/~12651682,wikirate_bulk_csv_export,0.62,WikiRate Community-/Sekundärdaten; Antwortseite und Primärquelle prüfen.
uwpobs-fff9fb2e5b7f2375,uwp100-basf,BASF,2023,Planet,Lieferkette/Klima,wikirate_gri_scope3_ghg,GRI 305-3 Scope 3 GHG emissions,85000000,tonnes CO2 equivalent,C,wikirate-open-esg,https://wikirate.org/~18819535,https://wikirate.org/~18819351,wikirate_bulk_csv_export,0.62,WikiRate Community-/Sekundärdaten; Antwortseite und Primärquelle prüfen.
uwpobs-2e81365593f5d797,uwp100-basf,BASF,2022,Planet,Lieferkette/Klima,wikirate_gri_scope3_ghg,GRI 305-3 Scope 3 GHG emissions,92000000,tonnes CO2 equivalent,C,wikirate-open-esg,https://wikirate.org/~15352047,https://wikirate.org/~15352031,wikirate_bulk_csv_export,0.62,WikiRate Community-/Sekundärdaten; Antwortseite und Primärquelle prüfen.
uwpobs-3837030f25b9cd31,uwp100-basf,BASF,2021,Planet,Lieferkette/Klima,wikirate_gri_scope3_ghg,GRI 305-3 Scope 3 GHG emissions,101000000,tonnes CO2 equivalent,C,wikirate-open-esg,https://wikirate.org/~12651674,https://wikirate.org/~12651642,wikirate_bulk_csv_export,0.62,WikiRate Community-/Sekundärdaten; Antwortseite und Primärquelle prüfen.
uwpobs-2ef534f16d92fada,uwp100-basf,BASF,2020,Planet,Lieferkette/Klima,wikirate_gri_scope3_ghg,GRI 305-3 Scope 3 GHG emissions,92000000,tonnes CO2 equivalent,C,wikirate-open-esg,https://wikirate.org/~12651678,https://wikirate.org/~12651642,wikirate_bulk_csv_export,0.62,WikiRate Community-/Sekundärdaten; Antwortseite und Primärquelle prüfen.
uwpobs-1312474155e41dc0,uwp100-basf,BASF,2019,Planet,Lieferkette/Klima,wikirate_gri_scope3_ghg,GRI 305-3 Scope 3 GHG emissions,100000000,tonnes CO2 equivalent,C,wikirate-open-esg,https://wikirate.org/~12651696,https://wikirate.org/~12651682,wikirate_bulk_csv_export,0.62,WikiRate Community-/Sekundärdaten; Antwortseite und Primärquelle prüfen.
uwpobs-4b67705878fe6e27,uwp100-basf,BASF,2023,Planet,Abfall/Ressourcen,wikirate_gri_total_waste,GRI 306-2 Total waste generated,2130000,tonnes,C,wikirate-open-esg,https://wikirate.org/~18819492,https://wikirate.org/~18819351,wikirate_bulk_csv_export,0.62,WikiRate Community-/Sekundärdaten; Antwortseite und Primärquelle prüfen.
uwpobs-6654a2e18f654d9a,uwp100-basf,BASF,2022,Planet,Abfall/Ressourcen,wikirate_gri_total_waste,GRI 306-2 Total waste generated,2200000,tonnes,C,wikirate-open-esg,https://wikirate.org/~15571814,https://wikirate.org/~15352031,wikirate_bulk_csv_export,0.62,WikiRate Community-/Sekundärdaten; Antwortseite und Primärquelle prüfen.
uwpobs-974507eb4bcafd54,uwp100-basf,BASF,2024,Demokratie,Steuertransparenz,cbcr_tax_transparency,Country-by-Country Reporting / Steuertransparenz,,Status,E,uwp-required-field-gap,,,required_field_gap_rendered,0.0,"UWP-Kernfeld noch nicht maschinell aus einer versionierten Primärquelle belegt; nicht schätzen, nicht mit 0 füllen."
uwpobs-90c829a719c06d35,uwp100-basf,BASF,2024,Demokratie,Datenschutz,data_privacy_incidents,Datenschutzverstöße / Bußgelder,,Anzahl/Status,E,uwp-required-field-gap,,,required_field_gap_rendered,0.0,"UWP-Kernfeld noch nicht maschinell aus einer versionierten Primärquelle belegt; nicht schätzen, nicht mit 0 füllen."
uwpobs-48e385aee7d0bf78,uwp100-basf,BASF,2024,Demokratie,Lobbying/Einflussnahme,lobbying_transparency,Lobbying-Transparenz,,Status,E,uwp-required-field-gap,,,required_field_gap_rendered,0.0,"UWP-Kernfeld noch nicht maschinell aus einer versionierten Primärquelle belegt; nicht schätzen, nicht mit 0 füllen."
uwpobs-ee1ff10649662c47,uwp100-basf,BASF,2024,Demokratie,Compliance/Whistleblowing,whistleblowing_cases,Whistleblowing-Fälle und Abhilfe,,Anzahl/Status,E,uwp-required-field-gap,,,required_field_gap_rendered,0.0,"UWP-Kernfeld noch nicht maschinell aus einer versionierten Primärquelle belegt; nicht schätzen, nicht mit 0 füllen."
uwpobs-3b56089843b1682c,uwp100-basf,BASF,2024,Mensch,Arbeitssicherheit,ltifr,Lost Time Injury Frequency Rate,,je Mio. Arbeitsstunden,E,uwp-required-field-gap,,,required_field_gap_rendered,0.0,"UWP-Kernfeld noch nicht maschinell aus einer versionierten Primärquelle belegt; nicht schätzen, nicht mit 0 füllen."
uwpobs-cb8233d831d058cb,uwp100-basf,BASF,2024,Mensch,Diversität/Teilhabe,women_management_share,Frauenanteil Management,,%,E,uwp-required-field-gap,,,required_field_gap_rendered,0.0,"UWP-Kernfeld noch nicht maschinell aus einer versionierten Primärquelle belegt; nicht schätzen, nicht mit 0 füllen."
uwpobs-5f738995e679e77e,uwp100-basf,BASF,2024,Planet,EU-Taxonomie,pilot_taxonomie_konformer_umsatz,Taxonomie-konformer Umsatz,,% (niedrig),E,pilot-public-sources,https://report.basf.com/2024/en/combined-managements-report/consolidated-sustainability-statement/environment/eu-taxonomy.html,,provided_manual_pilot_import,0.4,"konformer Anteil deutlich unter eligible; konforme OpEx 1,7%; exakte konforme Umsatzquote aus Taxonomie-Tabelle nachzuziehen"
uwpobs-fefd238976100324,uwp100-basf,BASF,2025,Planet,Klima/Transformationspfad,sbti_profile_available,SBTi Zielprofil sicher matchbar,,Status,E,sbti-target-dashboard,https://files.sciencebasedtargets.org/production/files/companies-excel.xlsx,,official_xlsx_import_no_safe_match,0.0,Kein sicherer SBTi-Match für BASF im offiziellen Target Dashboard. Das ist keine negative Klimabewertung.
uwpobs-f6cbe025e04803a2,uwp100-basf,BASF,2024,Transformation,EU-Taxonomie,taxonomy_aligned_revenue_share,Taxonomie-konformer Umsatzanteil,,%,E,uwp-required-field-gap,,,required_field_gap_rendered,0.0,"UWP-Kernfeld noch nicht maschinell aus einer versionierten Primärquelle belegt; nicht schätzen, nicht mit 0 füllen."
uwpobs-e88bce4a96567c25,uwp100-bayer,Bayer,2025,Datenqualität,Quellenstand,sbti_date_updated,SBTi Datenstand,2025-01-23,Datum,A,sbti-target-dashboard,https://files.sciencebasedtargets.org/production/files/companies-excel.xlsx,Bayer AG,official_xlsx_import:safe_name_match,0.86,SBTi-Zieldaten; kein Nachweis tatsächlicher Emissionsreduktion.
uwpobs-5f6d90d4e0ff72d9,uwp100-bayer,Bayer,2015,Mensch,Arbeitssicherheit,wikirate_gri_injury_rate,GRI 403-9 injury rate,0.42,injuries per million hours worked,C,wikirate-open-esg,https://wikirate.org/~928699,https://wikirate.org/~928471,wikirate_bulk_csv_export,0.62,WikiRate Community-/Sekundärdaten; Antwortseite und Primärquelle prüfen.
uwpobs-636e63e37973b405,uwp100-bayer,Bayer,2014,Mensch,Arbeitssicherheit,wikirate_gri_injury_rate,GRI 403-9 injury rate,0.43,injuries per million hours worked,C,wikirate-open-esg,https://wikirate.org/~1161446,https://wikirate.org/~928471,wikirate_bulk_csv_export,0.62,WikiRate Community-/Sekundärdaten; Antwortseite und Primärquelle prüfen.
uwpobs-7e29506a51194da5,uwp100-bayer,Bayer,2013,Mensch,Arbeitssicherheit,wikirate_gri_injury_rate,GRI 403-9 injury rate,0.47,injuries per million hours worked,C,wikirate-open-esg,https://wikirate.org/~1161451,https://wikirate.org/~928471,wikirate_bulk_csv_export,0.62,WikiRate Community-/Sekundärdaten; Antwortseite und Primärquelle prüfen.
uwpobs-46704e243edd8b57,uwp100-bayer,Bayer,2012,Mensch,Arbeitssicherheit,wikirate_gri_injury_rate,GRI 403-9 injury rate,0.49,injuries per million hours worked,C,wikirate-open-esg,https://wikirate.org/~1161462,https://wikirate.org/~928471,wikirate_bulk_csv_export,0.62,WikiRate Community-/Sekundärdaten; Antwortseite und Primärquelle prüfen.
uwpobs-7b918645cd74548c,uwp100-bayer,Bayer,2011,Mensch,Arbeitssicherheit,wikirate_gri_injury_rate,GRI 403-9 injury rate,0.56,injuries per million hours worked,C,wikirate-open-esg,https://wikirate.org/~1161467,https://wikirate.org/~928471,wikirate_bulk_csv_export,0.62,WikiRate Community-/Sekundärdaten; Antwortseite und Primärquelle prüfen.
uwpobs-a43b7fb1d13c72ab,uwp100-bayer,Bayer,2023,Mensch,Qualifizierung,wikirate_gri_training_hours,GRI 404-1 average hours of training,26,hours,C,wikirate-open-esg,https://wikirate.org/~18819654,https://wikirate.org/~18819602,wikirate_bulk_csv_export,0.62,WikiRate Community-/Sekundärdaten; Antwortseite und Primärquelle prüfen.
uwpobs-bc6b18b5ec732c6a,uwp100-bayer,Bayer,2022,Mensch,Qualifizierung,wikirate_gri_training_hours,GRI 404-1 average hours of training,25.9,hours,C,wikirate-open-esg,https://wikirate.org/~15574539,https://wikirate.org/~15354691,wikirate_bulk_csv_export,0.62,WikiRate Community-/Sekundärdaten; Antwortseite und Primärquelle prüfen.
uwpobs-92aea1daf3c7176d,uwp100-bayer,Bayer,2023,Mensch,Arbeitssicherheit,wikirate_gri_worker_fatalities,GRI 403-9 worker fatalities,7,count,C,wikirate-open-esg,https://wikirate.org/~18819682,https://wikirate.org/~18819602,wikirate_bulk_csv_export,0.62,WikiRate Community-/Sekundärdaten; Antwortseite und Primärquelle prüfen.
uwpobs-004adca247bb18c9,uwp100-bayer,Bayer,2022,Mensch,Arbeitssicherheit,wikirate_gri_worker_fatalities,GRI 403-9 worker fatalities,1,count,C,wikirate-open-esg,https://wikirate.org/~15574501,https://wikirate.org/~15354691,wikirate_bulk_csv_export,0.62,WikiRate Community-/Sekundärdaten; Antwortseite und Primärquelle prüfen.
uwpobs-2c4b01de1f0103a4,uwp100-bayer,Bayer,2025,Planet,Klima/Transformationspfad,sbti_ba15_date,SBTi Business Ambition 1.5C Datum,2020-09-01,Datum,B,sbti-target-dashboard,https://files.sciencebasedtargets.org/production/files/companies-excel.xlsx,Bayer AG,official_xlsx_import:safe_name_match,0.86,SBTi-Zieldaten; kein Nachweis tatsächlicher Emissionsreduktion.
uwpobs-dd829dbad6360637,uwp100-bayer,Bayer,2025,Planet,Klima/Transformationspfad,sbti_ba15_status,SBTi Business Ambition 1.5C Status,BA1.5 member,Status,B,sbti-target-dashboard,https://files.sciencebasedtargets.org/production/files/companies-excel.xlsx,Bayer AG,official_xlsx_import:safe_name_match,0.86,SBTi-Zieldaten; kein Nachweis tatsächlicher Emissionsreduktion.
uwpobs-b6c46772389c216b,uwp100-bayer,Bayer,2025,Planet,Klima/Transformationspfad,sbti_full_target_language,SBTi Zieltext,"Overall Net-Zero Target: Bayer AG commits to reach net-zero greenhouse gas emissions across the value chain by 2050. Near-Term Targets: Bayer AG commits to reduce absolute scope 1 and 2 GHG emissions 42% by 2029 from a 2019 base year.* Bayer AG also commits to reduce absolute scope 3 GHG emissions 25% within the same timeframe. *The target boundary includes land-related emissions and removals from bioenergy feedstocks. Long-Term Targets: Bayer AG commits to reduce absolute scope 1, 2 and 3 GHG emissions 90% by 2050 from a 2019 base year*. *The target boundary includes land-related emissions and removals from bioenergy feedstocks.",Text,B,sbti-target-dashboard,https://files.sciencebasedtargets.org/production/files/companies-excel.xlsx,Bayer AG,official_xlsx_import:safe_name_match,0.86,SBTi-Zieldaten; kein Nachweis tatsächlicher Emissionsreduktion.
uwpobs-9804d71b020a3a9f,uwp100-bayer,Bayer,2025,Planet,Klima/Transformationspfad,sbti_near_term_status,SBTi Near-Term Zielstatus,Targets set,Status,A,sbti-target-dashboard,https://files.sciencebasedtargets.org/production/files/companies-excel.xlsx,Bayer AG,official_xlsx_import:safe_name_match,0.86,SBTi-Zieldaten; kein Nachweis tatsächlicher Emissionsreduktion.
uwpobs-cb547d326b01bddc,uwp100-bayer,Bayer,2025,Planet,Klima/Transformationspfad,sbti_near_term_target_classification,SBTi Near-Term Zielklassifikation,1.5°C,Klassifikation,A,sbti-target-dashboard,https://files.sciencebasedtargets.org/production/files/companies-excel.xlsx,Bayer AG,official_xlsx_import:safe_name_match,0.86,SBTi-Zieldaten; kein Nachweis tatsächlicher Emissionsreduktion.
uwpobs-e1be0018976827c4,uwp100-bayer,Bayer,2025,Planet,Klima/Transformationspfad,sbti_near_term_target_year,SBTi Near-Term Zieljahr,2029,Jahr,A,sbti-target-dashboard,https://files.sciencebasedtargets.org/production/files/companies-excel.xlsx,Bayer AG,official_xlsx_import:safe_name_match,0.86,SBTi-Zieldaten; kein Nachweis tatsächlicher Emissionsreduktion.
uwpobs-46ca0401acc3008e,uwp100-bayer,Bayer,2025,Planet,Klima/Transformationspfad,sbti_target_classification_long,SBTi Zielklassifikation Langtext,The targets covering greenhouse gas emissions from company operations (scopes 1 and 2) are consistent with reductions required to keep warming to 1.5°C,Text,B,sbti-target-dashboard,https://files.sciencebasedtargets.org/production/files/companies-excel.xlsx,Bayer AG,official_xlsx_import:safe_name_match,0.86,SBTi-Zieldaten; kein Nachweis tatsächlicher Emissionsreduktion.
uwpobs-cf06115f826286cb,uwp100-bayer,Bayer,2023,Planet,Energie,wikirate_gri_energy_consumption,GRI 302-1 Total energy consumption,35010000,Gigajoules,C,wikirate-open-esg,https://wikirate.org/~18819797,https://wikirate.org/~18819602,wikirate_bulk_csv_export,0.62,WikiRate Community-/Sekundärdaten; Antwortseite und Primärquelle prüfen.
uwpobs-ca02bb4bca62b072,uwp100-bayer,Bayer,2022,Planet,Energie,wikirate_gri_energy_consumption,GRI 302-1 Total energy consumption,35472000,Gigajoules,C,wikirate-open-esg,https://wikirate.org/~15569722,https://wikirate.org/~15354691,wikirate_bulk_csv_export,0.62,WikiRate Community-/Sekundärdaten; Antwortseite und Primärquelle prüfen.
uwpobs-644bd735cb0bf6c2,uwp100-bayer,Bayer,2018,Planet,Energie,wikirate_gri_energy_consumption,GRI 302-1 Total energy consumption,39628000,Gigajoules,C,wikirate-open-esg,https://wikirate.org/~5341074,https://wikirate.org/~5311259,wikirate_bulk_csv_export,0.62,WikiRate Community-/Sekundärdaten; Antwortseite und Primärquelle prüfen.
uwpobs-58748cba6341f699,uwp100-bayer,Bayer,2023,Planet,Klima/Emissionen,wikirate_gri_scope1_ghg,GRI 305-1 Scope 1 GHG emissions,1890000,tonnes CO2 equivalent,C,wikirate-open-esg,https://wikirate.org/~18819781,https://wikirate.org/~18819602,wikirate_bulk_csv_export,0.62,WikiRate Community-/Sekundärdaten; Antwortseite und Primärquelle prüfen.
uwpobs-47fffff9f7651dbe,uwp100-bayer,Bayer,2022,Planet,Klima/Emissionen,wikirate_gri_scope1_ghg,GRI 305-1 Scope 1 GHG emissions,1910000,tonnes CO2 equivalent,C,wikirate-open-esg,https://wikirate.org/~15354697,https://wikirate.org/~15354691,wikirate_bulk_csv_export,0.62,WikiRate Community-/Sekundärdaten; Antwortseite und Primärquelle prüfen.
uwpobs-5f63f8c81ed2050e,uwp100-bayer,Bayer,2021,Planet,Klima/Emissionen,wikirate_gri_scope1_ghg,GRI 305-1 Scope 1 GHG emissions,1930000,tonnes CO2 equivalent,C,wikirate-open-esg,https://wikirate.org/~12654125,https://wikirate.org/~12651893,wikirate_bulk_csv_export,0.62,WikiRate Community-/Sekundärdaten; Antwortseite und Primärquelle prüfen.
uwpobs-f4d3117dfe026837,uwp100-bayer,Bayer,2020,Planet,Klima/Emissionen,wikirate_gri_scope1_ghg,GRI 305-1 Scope 1 GHG emissions,2010000,tonnes CO2 equivalent,C,wikirate-open-esg,https://wikirate.org/~12654129,https://wikirate.org/~12651893,wikirate_bulk_csv_export,0.62,WikiRate Community-/Sekundärdaten; Antwortseite und Primärquelle prüfen.
uwpobs-b7e78cb0b69733d6,uwp100-bayer,Bayer,2019,Planet,Klima/Emissionen,wikirate_gri_scope1_ghg,GRI 305-1 Scope 1 GHG emissions,2030000,tonnes CO2 equivalent,C,wikirate-open-esg,https://wikirate.org/~6794650,https://wikirate.org/~6794583,wikirate_bulk_csv_export,0.62,WikiRate Community-/Sekundärdaten; Antwortseite und Primärquelle prüfen.
uwpobs-518e8461bc3bc93b,uwp100-bayer,Bayer,2022,Planet,Klima/Emissionen,wikirate_gri_scope2_ghg,GRI 305-2 Scope 2 GHG emissions,1560000,tonnes CO2 equivalent,C,wikirate-open-esg,https://wikirate.org/~15354701,https://wikirate.org/~15354691,wikirate_bulk_csv_export,0.62,WikiRate Community-/Sekundärdaten; Antwortseite und Primärquelle prüfen.
uwpobs-338881c18fd437a0,uwp100-bayer,Bayer,2021,Planet,Klima/Emissionen,wikirate_gri_scope2_ghg,GRI 305-2 Scope 2 GHG emissions,1240000,tonnes CO2 equivalent,C,wikirate-open-esg,https://wikirate.org/~12654133,https://wikirate.org/~12651893,wikirate_bulk_csv_export,0.62,WikiRate Community-/Sekundärdaten; Antwortseite und Primärquelle prüfen.
uwpobs-746e09395967ac56,uwp100-bayer,Bayer,2020,Planet,Klima/Emissionen,wikirate_gri_scope2_ghg,GRI 305-2 Scope 2 GHG emissions,1570000,tonnes CO2 equivalent,C,wikirate-open-esg,https://wikirate.org/~12654137,https://wikirate.org/~12651893,wikirate_bulk_csv_export,0.62,WikiRate Community-/Sekundärdaten; Antwortseite und Primärquelle prüfen.
uwpobs-54e0f91ae4387ce8,uwp100-bayer,Bayer,2019,Planet,Klima/Emissionen,wikirate_gri_scope2_ghg,GRI 305-2 Scope 2 GHG emissions,1680000,tonnes CO2 equivalent,C,wikirate-open-esg,https://wikirate.org/~12654149,https://wikirate.org/~6794583,wikirate_bulk_csv_export,0.62,WikiRate Community-/Sekundärdaten; Antwortseite und Primärquelle prüfen.
uwpobs-486713ce48128d0f,uwp100-bayer,Bayer,2023,Planet,Lieferkette/Klima,wikirate_gri_scope3_ghg,GRI 305-3 Scope 3 GHG emissions,9180000,tonnes CO2 equivalent,C,wikirate-open-esg,https://wikirate.org/~18819785,https://wikirate.org/~18819602,wikirate_bulk_csv_export,0.62,WikiRate Community-/Sekundärdaten; Antwortseite und Primärquelle prüfen.
uwpobs-302bec2cb6ec6041,uwp100-bayer,Bayer,2022,Planet,Lieferkette/Klima,wikirate_gri_scope3_ghg,GRI 305-3 Scope 3 GHG emissions,9640000,tonnes CO2 equivalent,C,wikirate-open-esg,https://wikirate.org/~15354705,https://wikirate.org/~15354691,wikirate_bulk_csv_export,0.62,WikiRate Community-/Sekundärdaten; Antwortseite und Primärquelle prüfen.
uwpobs-823b6da08f3eb927,uwp100-bayer,Bayer,2021,Planet,Lieferkette/Klima,wikirate_gri_scope3_ghg,GRI 305-3 Scope 3 GHG emissions,8940000,tonnes CO2 equivalent,C,wikirate-open-esg,https://wikirate.org/~12654141,https://wikirate.org/~12651893,wikirate_bulk_csv_export,0.62,WikiRate Community-/Sekundärdaten; Antwortseite und Primärquelle prüfen.
uwpobs-c25ebaf5c6366d5c,uwp100-bayer,Bayer,2020,Planet,Lieferkette/Klima,wikirate_gri_scope3_ghg,GRI 305-3 Scope 3 GHG emissions,9200000,tonnes CO2 equivalent,C,wikirate-open-esg,https://wikirate.org/~12654145,https://wikirate.org/~12651893,wikirate_bulk_csv_export,0.62,WikiRate Community-/Sekundärdaten; Antwortseite und Primärquelle prüfen.
uwpobs-f106570544af269b,uwp100-bayer,Bayer,2019,Planet,Lieferkette/Klima,wikirate_gri_scope3_ghg,GRI 305-3 Scope 3 GHG emissions,3567900,tonnes CO2 equivalent,C,wikirate-open-esg,https://wikirate.org/~12654159,https://wikirate.org/~12654153,wikirate_bulk_csv_export,0.62,WikiRate Community-/Sekundärdaten; Antwortseite und Primärquelle prüfen.
uwpobs-9ca2101094436788,uwp100-bayer,Bayer,2023,Planet,Abfall/Ressourcen,wikirate_gri_total_waste,GRI 306-2 Total waste generated,1164000,tonnes,C,wikirate-open-esg,https://wikirate.org/~18819723,https://wikirate.org/~18819602,wikirate_bulk_csv_export,0.62,WikiRate Community-/Sekundärdaten; Antwortseite und Primärquelle prüfen.
uwpobs-e5f7ee94cea84ab6,uwp100-bayer,Bayer,2022,Planet,Abfall/Ressourcen,wikirate_gri_total_waste,GRI 306-2 Total waste generated,1038000,tonnes,C,wikirate-open-esg,https://wikirate.org/~15574392,https://wikirate.org/~15354691,wikirate_bulk_csv_export,0.62,WikiRate Community-/Sekundärdaten; Antwortseite und Primärquelle prüfen.
uwpobs-6317e70fc23422a7,uwp100-bayer,Bayer,2025,Transformation,Net-Zero/Transformation,sbti_long_term_status,SBTi Long-Term Zielstatus,Targets set,Status,A,sbti-target-dashboard,https://files.sciencebasedtargets.org/production/files/companies-excel.xlsx,Bayer AG,official_xlsx_import:safe_name_match,0.86,SBTi-Zieldaten; kein Nachweis tatsächlicher Emissionsreduktion.
uwpobs-b1b9fe8fa80e5ad2,uwp100-bayer,Bayer,2025,Transformation,Net-Zero/Transformation,sbti_long_term_target_classification,SBTi Long-Term Zielklassifikation,1.5°C,Klassifikation,A,sbti-target-dashboard,https://files.sciencebasedtargets.org/production/files/companies-excel.xlsx,Bayer AG,official_xlsx_import:safe_name_match,0.86,SBTi-Zieldaten; kein Nachweis tatsächlicher Emissionsreduktion.
uwpobs-02aaafab00efc630,uwp100-bayer,Bayer,2025,Transformation,Net-Zero/Transformation,sbti_long_term_target_year,SBTi Long-Term Zieljahr,2050,Jahr,A,sbti-target-dashboard,https://files.sciencebasedtargets.org/production/files/companies-excel.xlsx,Bayer AG,official_xlsx_import:safe_name_match,0.86,SBTi-Zieldaten; kein Nachweis tatsächlicher Emissionsreduktion.
uwpobs-9b69dcf75becb9a4,uwp100-bayer,Bayer,2025,Transformation,Net-Zero/Transformation,sbti_net_zero_status,SBTi Net-Zero Status,Targets set,Status,A,sbti-target-dashboard,https://files.sciencebasedtargets.org/production/files/companies-excel.xlsx,Bayer AG,official_xlsx_import:safe_name_match,0.86,SBTi-Zieldaten; kein Nachweis tatsächlicher Emissionsreduktion.
uwpobs-abc150b97f1f00e6,uwp100-bayer,Bayer,2025,Transformation,Net-Zero/Transformation,sbti_net_zero_year,SBTi Net-Zero Zieljahr,2050,Jahr,A,sbti-target-dashboard,https://files.sciencebasedtargets.org/production/files/companies-excel.xlsx,Bayer AG,official_xlsx_import:safe_name_match,0.86,SBTi-Zieldaten; kein Nachweis tatsächlicher Emissionsreduktion.
uwpobs-3f14ff2012131458,uwp100-bayer,Bayer,2024,Demokratie,Steuertransparenz,cbcr_tax_transparency,Country-by-Country Reporting / Steuertransparenz,,Status,E,uwp-required-field-gap,,,required_field_gap_rendered,0.0,"UWP-Kernfeld noch nicht maschinell aus einer versionierten Primärquelle belegt; nicht schätzen, nicht mit 0 füllen."
uwpobs-119947254f463d7a,uwp100-bayer,Bayer,2024,Demokratie,Datenschutz,data_privacy_incidents,Datenschutzverstöße / Bußgelder,,Anzahl/Status,E,uwp-required-field-gap,,,required_field_gap_rendered,0.0,"UWP-Kernfeld noch nicht maschinell aus einer versionierten Primärquelle belegt; nicht schätzen, nicht mit 0 füllen."
uwpobs-c410b687908b94bd,uwp100-bayer,Bayer,2024,Demokratie,Lobbying/Einflussnahme,lobbying_transparency,Lobbying-Transparenz,,Status,E,uwp-required-field-gap,,,required_field_gap_rendered,0.0,"UWP-Kernfeld noch nicht maschinell aus einer versionierten Primärquelle belegt; nicht schätzen, nicht mit 0 füllen."
uwpobs-8e21e64bc1d3f2a5,uwp100-bayer,Bayer,2024,Demokratie,Compliance/Whistleblowing,whistleblowing_cases,Whistleblowing-Fälle und Abhilfe,,Anzahl/Status,E,uwp-required-field-gap,,,required_field_gap_rendered,0.0,"UWP-Kernfeld noch nicht maschinell aus einer versionierten Primärquelle belegt; nicht schätzen, nicht mit 0 füllen."
uwpobs-cb64988cf34db973,uwp100-bayer,Bayer,2024,Mensch,Arbeitssicherheit,ltifr,Lost Time Injury Frequency Rate,,je Mio. Arbeitsstunden,E,uwp-required-field-gap,,,required_field_gap_rendered,0.0,"UWP-Kernfeld noch nicht maschinell aus einer versionierten Primärquelle belegt; nicht schätzen, nicht mit 0 füllen."
uwpobs-f6e9bf04659193e6,uwp100-bayer,Bayer,2024,Mensch,Diversität/Teilhabe,women_management_share,Frauenanteil Management,,%,E,uwp-required-field-gap,,,required_field_gap_rendered,0.0,"UWP-Kernfeld noch nicht maschinell aus einer versionierten Primärquelle belegt; nicht schätzen, nicht mit 0 füllen."
uwpobs-1ac0fce73e38f40a,uwp100-bayer,Bayer,2024,Planet,Energie,renewable_electricity_share,Erneuerbarer Strom,,%,E,uwp-required-field-gap,,,required_field_gap_rendered,0.0,"UWP-Kernfeld noch nicht maschinell aus einer versionierten Primärquelle belegt; nicht schätzen, nicht mit 0 füllen."
uwpobs-a1c51b26009b382c,uwp100-bayer,Bayer,2024,Planet,Klima,scope_1_2_ghg_absolute,Scope 1+2 absolut,,t CO2e,E,uwp-required-field-gap,,,required_field_gap_rendered,0.0,"UWP-Kernfeld noch nicht maschinell aus einer versionierten Primärquelle belegt; nicht schätzen, nicht mit 0 füllen."
uwpobs-90871a9b4ce814fb,uwp100-bayer,Bayer,2024,Transformation,EU-Taxonomie,taxonomy_aligned_revenue_share,Taxonomie-konformer Umsatzanteil,,%,E,uwp-required-field-gap,,,required_field_gap_rendered,0.0,"UWP-Kernfeld noch nicht maschinell aus einer versionierten Primärquelle belegt; nicht schätzen, nicht mit 0 füllen."
uwpobs-774af58002c2f159,uwp100-bechtle,Bechtle,2025,Datenqualität,Quellenstand,sbti_date_updated,SBTi Datenstand,2025-10-23,Datum,A,sbti-target-dashboard,https://files.sciencebasedtargets.org/production/files/companies-excel.xlsx,Bechtle AG,official_xlsx_import:safe_name_match,0.86,SBTi-Zieldaten; kein Nachweis tatsächlicher Emissionsreduktion.
uwpobs-b6b81e6e673412da,uwp100-bechtle,Bechtle,2025,Planet,Klima/Transformationspfad,sbti_full_target_language,SBTi Zieltext,Overall Net-Zero Target: Bechtle AG commits to achieve net-zero greenhouse gas emissions across the value chain by 2050. Near-Term Targets: Bechtle AG commits to reduce absolute scope 1 and 2 GHG emissions 54.4% by 2030 from a 2019 base year. Bechtle AG also commits to reduce scope 3 GHG emissions from purchased goods and services and use of sold products 55% per thousand EUR value added within the same timeframe. Long-Term Targets: Bechtle AG commits to reduce absolute scope 1 and 2 GHG emissions 90.0% by 2050 from a 2019 base year. Bechtle AG also commits to reduce scope 3 GHG emissions 97.0% per EUR value added within the same timeframe.,Text,B,sbti-target-dashboard,https://files.sciencebasedtargets.org/production/files/companies-excel.xlsx,Bechtle AG,official_xlsx_import:safe_name_match,0.86,SBTi-Zieldaten; kein Nachweis tatsächlicher Emissionsreduktion.
uwpobs-9b2b2a8effc50b93,uwp100-bechtle,Bechtle,2025,Planet,Klima/Transformationspfad,sbti_near_term_status,SBTi Near-Term Zielstatus,Targets set,Status,A,sbti-target-dashboard,https://files.sciencebasedtargets.org/production/files/companies-excel.xlsx,Bechtle AG,official_xlsx_import:safe_name_match,0.86,SBTi-Zieldaten; kein Nachweis tatsächlicher Emissionsreduktion.
uwpobs-59d4157be87616e6,uwp100-bechtle,Bechtle,2025,Planet,Klima/Transformationspfad,sbti_near_term_target_classification,SBTi Near-Term Zielklassifikation,1.5°C,Klassifikation,A,sbti-target-dashboard,https://files.sciencebasedtargets.org/production/files/companies-excel.xlsx,Bechtle AG,official_xlsx_import:safe_name_match,0.86,SBTi-Zieldaten; kein Nachweis tatsächlicher Emissionsreduktion.
uwpobs-c9a8b5f7c3f45fd9,uwp100-bechtle,Bechtle,2025,Planet,Klima/Transformationspfad,sbti_near_term_target_year,SBTi Near-Term Zieljahr,2030,Jahr,A,sbti-target-dashboard,https://files.sciencebasedtargets.org/production/files/companies-excel.xlsx,Bechtle AG,official_xlsx_import:safe_name_match,0.86,SBTi-Zieldaten; kein Nachweis tatsächlicher Emissionsreduktion.
uwpobs-0e7f40e6c54f0694,uwp100-bechtle,Bechtle,2025,Planet,Klima/Transformationspfad,sbti_target_classification_long,SBTi Zielklassifikation Langtext,The targets covering greenhouse gas emissions from company operations (scopes 1 and 2) are consistent with reductions required to keep warming to 1.5°C,Text,B,sbti-target-dashboard,https://files.sciencebasedtargets.org/production/files/companies-excel.xlsx,Bechtle AG,official_xlsx_import:safe_name_match,0.86,SBTi-Zieldaten; kein Nachweis tatsächlicher Emissionsreduktion.
uwpobs-5f6bb9ab369d20f6,uwp100-bechtle,Bechtle,2025,Transformation,Net-Zero/Transformation,sbti_long_term_status,SBTi Long-Term Zielstatus,Targets set,Status,A,sbti-target-dashboard,https://files.sciencebasedtargets.org/production/files/companies-excel.xlsx,Bechtle AG,official_xlsx_import:safe_name_match,0.86,SBTi-Zieldaten; kein Nachweis tatsächlicher Emissionsreduktion.
uwpobs-487b7e36d18da76c,uwp100-bechtle,Bechtle,2025,Transformation,Net-Zero/Transformation,sbti_long_term_target_classification,SBTi Long-Term Zielklassifikation,1.5°C,Klassifikation,A,sbti-target-dashboard,https://files.sciencebasedtargets.org/production/files/companies-excel.xlsx,Bechtle AG,official_xlsx_import:safe_name_match,0.86,SBTi-Zieldaten; kein Nachweis tatsächlicher Emissionsreduktion.
uwpobs-ee5a3656e1c423b8,uwp100-bechtle,Bechtle,2025,Transformation,Net-Zero/Transformation,sbti_long_term_target_year,SBTi Long-Term Zieljahr,2050,Jahr,A,sbti-target-dashboard,https://files.sciencebasedtargets.org/production/files/companies-excel.xlsx,Bechtle AG,official_xlsx_import:safe_name_match,0.86,SBTi-Zieldaten; kein Nachweis tatsächlicher Emissionsreduktion.
uwpobs-02fe04e254e9eaf4,uwp100-bechtle,Bechtle,2025,Transformation,Net-Zero/Transformation,sbti_net_zero_status,SBTi Net-Zero Status,Targets set,Status,A,sbti-target-dashboard,https://files.sciencebasedtargets.org/production/files/companies-excel.xlsx,Bechtle AG,official_xlsx_import:safe_name_match,0.86,SBTi-Zieldaten; kein Nachweis tatsächlicher Emissionsreduktion.
uwpobs-0b71ded80483f130,uwp100-bechtle,Bechtle,2025,Transformation,Net-Zero/Transformation,sbti_net_zero_year,SBTi Net-Zero Zieljahr,2050,Jahr,A,sbti-target-dashboard,https://files.sciencebasedtargets.org/production/files/companies-excel.xlsx,Bechtle AG,official_xlsx_import:safe_name_match,0.86,SBTi-Zieldaten; kein Nachweis tatsächlicher Emissionsreduktion.
uwpobs-07d3734c25e3b315,uwp100-bechtle,Bechtle,2024,Demokratie,Steuertransparenz,cbcr_tax_transparency,Country-by-Country Reporting / Steuertransparenz,,Status,E,uwp-required-field-gap,,,required_field_gap_rendered,0.0,"UWP-Kernfeld noch nicht maschinell aus einer versionierten Primärquelle belegt; nicht schätzen, nicht mit 0 füllen."
uwpobs-cd4929ad051ffa37,uwp100-bechtle,Bechtle,2024,Demokratie,Datenschutz,data_privacy_incidents,Datenschutzverstöße / Bußgelder,,Anzahl/Status,E,uwp-required-field-gap,,,required_field_gap_rendered,0.0,"UWP-Kernfeld noch nicht maschinell aus einer versionierten Primärquelle belegt; nicht schätzen, nicht mit 0 füllen."
uwpobs-7b3d80a08229a514,uwp100-bechtle,Bechtle,2024,Demokratie,Lobbying/Einflussnahme,lobbying_transparency,Lobbying-Transparenz,,Status,E,uwp-required-field-gap,,,required_field_gap_rendered,0.0,"UWP-Kernfeld noch nicht maschinell aus einer versionierten Primärquelle belegt; nicht schätzen, nicht mit 0 füllen."
uwpobs-1946874034fc47e5,uwp100-bechtle,Bechtle,2024,Demokratie,Compliance/Whistleblowing,whistleblowing_cases,Whistleblowing-Fälle und Abhilfe,,Anzahl/Status,E,uwp-required-field-gap,,,required_field_gap_rendered,0.0,"UWP-Kernfeld noch nicht maschinell aus einer versionierten Primärquelle belegt; nicht schätzen, nicht mit 0 füllen."
uwpobs-ed2c41d18e4a59f9,uwp100-bechtle,Bechtle,2024,Mensch,Arbeitssicherheit,ltifr,Lost Time Injury Frequency Rate,,je Mio. Arbeitsstunden,E,uwp-required-field-gap,,,required_field_gap_rendered,0.0,"UWP-Kernfeld noch nicht maschinell aus einer versionierten Primärquelle belegt; nicht schätzen, nicht mit 0 füllen."
uwpobs-c8e2eb07463134c8,uwp100-bechtle,Bechtle,2024,Mensch,Diversität/Teilhabe,women_management_share,Frauenanteil Management,,%,E,uwp-required-field-gap,,,required_field_gap_rendered,0.0,"UWP-Kernfeld noch nicht maschinell aus einer versionierten Primärquelle belegt; nicht schätzen, nicht mit 0 füllen."
uwpobs-b73957c690d36a9b,uwp100-bechtle,Bechtle,2024,Planet,Energie,renewable_electricity_share,Erneuerbarer Strom,,%,E,uwp-required-field-gap,,,required_field_gap_rendered,0.0,"UWP-Kernfeld noch nicht maschinell aus einer versionierten Primärquelle belegt; nicht schätzen, nicht mit 0 füllen."
uwpobs-45e7fcd2e1046575,uwp100-bechtle,Bechtle,2024,Planet,Klima,scope_1_2_ghg_absolute,Scope 1+2 absolut,,t CO2e,E,uwp-required-field-gap,,,required_field_gap_rendered,0.0,"UWP-Kernfeld noch nicht maschinell aus einer versionierten Primärquelle belegt; nicht schätzen, nicht mit 0 füllen."
uwpobs-349be027702cee7c,uwp100-bechtle,Bechtle,2024,Planet,Lieferkette/Klima,scope_3_ghg_absolute,Scope 3 absolut,,t CO2e,E,uwp-required-field-gap,,,required_field_gap_rendered,0.0,"UWP-Kernfeld noch nicht maschinell aus einer versionierten Primärquelle belegt; nicht schätzen, nicht mit 0 füllen."
uwpobs-5a65944e3593ecd3,uwp100-bechtle,Bechtle,2024,Transformation,EU-Taxonomie,taxonomy_aligned_revenue_share,Taxonomie-konformer Umsatzanteil,,%,E,uwp-required-field-gap,,,required_field_gap_rendered,0.0,"UWP-Kernfeld noch nicht maschinell aus einer versionierten Primärquelle belegt; nicht schätzen, nicht mit 0 füllen."
uwpobs-015eb5d4e1cb417f,uwp100-befesa,Befesa,2024,Demokratie,Steuertransparenz,cbcr_tax_transparency,Country-by-Country Reporting / Steuertransparenz,,Status,E,uwp-required-field-gap,,,required_field_gap_rendered,0.0,"UWP-Kernfeld noch nicht maschinell aus einer versionierten Primärquelle belegt; nicht schätzen, nicht mit 0 füllen."
uwpobs-4d77106cf67297d1,uwp100-befesa,Befesa,2024,Demokratie,Datenschutz,data_privacy_incidents,Datenschutzverstöße / Bußgelder,,Anzahl/Status,E,uwp-required-field-gap,,,required_field_gap_rendered,0.0,"UWP-Kernfeld noch nicht maschinell aus einer versionierten Primärquelle belegt; nicht schätzen, nicht mit 0 füllen."
uwpobs-162eb6d6abc049b7,uwp100-befesa,Befesa,2024,Demokratie,Lobbying/Einflussnahme,lobbying_transparency,Lobbying-Transparenz,,Status,E,uwp-required-field-gap,,,required_field_gap_rendered,0.0,"UWP-Kernfeld noch nicht maschinell aus einer versionierten Primärquelle belegt; nicht schätzen, nicht mit 0 füllen."
uwpobs-e7e35650c0ba200e,uwp100-befesa,Befesa,2024,Demokratie,Compliance/Whistleblowing,whistleblowing_cases,Whistleblowing-Fälle und Abhilfe,,Anzahl/Status,E,uwp-required-field-gap,,,required_field_gap_rendered,0.0,"UWP-Kernfeld noch nicht maschinell aus einer versionierten Primärquelle belegt; nicht schätzen, nicht mit 0 füllen."
uwpobs-337c4cb9a9565cd6,uwp100-befesa,Befesa,2024,Mensch,Arbeitssicherheit,ltifr,Lost Time Injury Frequency Rate,,je Mio. Arbeitsstunden,E,uwp-required-field-gap,,,required_field_gap_rendered,0.0,"UWP-Kernfeld noch nicht maschinell aus einer versionierten Primärquelle belegt; nicht schätzen, nicht mit 0 füllen."
uwpobs-0ae2d6606b241118,uwp100-befesa,Befesa,2024,Mensch,Diversität/Teilhabe,women_management_share,Frauenanteil Management,,%,E,uwp-required-field-gap,,,required_field_gap_rendered,0.0,"UWP-Kernfeld noch nicht maschinell aus einer versionierten Primärquelle belegt; nicht schätzen, nicht mit 0 füllen."
uwpobs-f40ff9fdba6ae60f,uwp100-befesa,Befesa,2024,Planet,Energie,renewable_electricity_share,Erneuerbarer Strom,,%,E,uwp-required-field-gap,,,required_field_gap_rendered,0.0,"UWP-Kernfeld noch nicht maschinell aus einer versionierten Primärquelle belegt; nicht schätzen, nicht mit 0 füllen."
uwpobs-81b8b079a16a1d59,uwp100-befesa,Befesa,2025,Planet,Klima/Transformationspfad,sbti_profile_available,SBTi Zielprofil sicher matchbar,,Status,E,sbti-target-dashboard,https://files.sciencebasedtargets.org/production/files/companies-excel.xlsx,,official_xlsx_import_no_safe_match,0.0,Kein sicherer SBTi-Match für Befesa im offiziellen Target Dashboard. Das ist keine negative Klimabewertung.
uwpobs-14e7a5c6834efc22,uwp100-befesa,Befesa,2024,Planet,Klima,scope_1_2_ghg_absolute,Scope 1+2 absolut,,t CO2e,E,uwp-required-field-gap,,,required_field_gap_rendered,0.0,"UWP-Kernfeld noch nicht maschinell aus einer versionierten Primärquelle belegt; nicht schätzen, nicht mit 0 füllen."
uwpobs-652a924dbd037b60,uwp100-befesa,Befesa,2024,Planet,Lieferkette/Klima,scope_3_ghg_absolute,Scope 3 absolut,,t CO2e,E,uwp-required-field-gap,,,required_field_gap_rendered,0.0,"UWP-Kernfeld noch nicht maschinell aus einer versionierten Primärquelle belegt; nicht schätzen, nicht mit 0 füllen."
uwpobs-cf2f453803d00825,uwp100-befesa,Befesa,2024,Transformation,EU-Taxonomie,taxonomy_aligned_revenue_share,Taxonomie-konformer Umsatzanteil,,%,E,uwp-required-field-gap,,,required_field_gap_rendered,0.0,"UWP-Kernfeld noch nicht maschinell aus einer versionierten Primärquelle belegt; nicht schätzen, nicht mit 0 füllen."
uwpobs-f5483723093e13f7,uwp100-beiersdorf,Beiersdorf,2026,Datenqualität,Quellenstand,sbti_date_updated,SBTi Datenstand,2026-03-05,Datum,A,sbti-target-dashboard,https://files.sciencebasedtargets.org/production/files/companies-excel.xlsx,Beiersdorf AG,official_xlsx_import:safe_name_match,0.86,SBTi-Zieldaten; kein Nachweis tatsächlicher Emissionsreduktion.
uwpobs-71faddfb21a8f56b,uwp100-beiersdorf,Beiersdorf,2026,Planet,Klima/Transformationspfad,sbti_ba15_date,SBTi Business Ambition 1.5C Datum,2019-11-01,Datum,B,sbti-target-dashboard,https://files.sciencebasedtargets.org/production/files/companies-excel.xlsx,Beiersdorf AG,official_xlsx_import:safe_name_match,0.86,SBTi-Zieldaten; kein Nachweis tatsächlicher Emissionsreduktion.
uwpobs-6c95b2f571bb7b88,uwp100-beiersdorf,Beiersdorf,2026,Planet,Klima/Transformationspfad,sbti_ba15_status,SBTi Business Ambition 1.5C Status,BA1.5 member,Status,B,sbti-target-dashboard,https://files.sciencebasedtargets.org/production/files/companies-excel.xlsx,Beiersdorf AG,official_xlsx_import:safe_name_match,0.86,SBTi-Zieldaten; kein Nachweis tatsächlicher Emissionsreduktion.
uwpobs-bd04c4f773496de8,uwp100-beiersdorf,Beiersdorf,2026,Planet,Klima/Transformationspfad,sbti_full_target_language,SBTi Zieltext,"Overall Net-Zero Target: 
Beiersdorf AG commits to achieve net-zero greenhouse gas emissions across the value chain by 2045.

Near-Term Targets: 
Beiersdorf AG commits to reduce absolute scope 1 and 2 GHG emissions 61.0% by 2030 from a 2018 base year.* Beiersdorf AG also commits to reduce absolute scope 3 GHG emissions from purchased goods and services, upstream transportation and distribution, business travel and end-of-life treatment of sold products 30.0% within the same timeframe.*

Long-Term Targets: 
Beiersdorf AG commits to reduce absolute scope 1 and 2 GHG emissions 90.0% by 2045 from a 2018 base year.* Beiersdorf AG also commits to reduce absolute scope 3 GHG emissions 90.0% within the same timeframe.*

*The target boundary includes land-related emissions and removals from biogenic feedstocks.",Text,B,sbti-target-dashboard,https://files.sciencebasedtargets.org/production/files/companies-excel.xlsx,Beiersdorf AG,official_xlsx_import:safe_name_match,0.86,SBTi-Zieldaten; kein Nachweis tatsächlicher Emissionsreduktion.
uwpobs-b9bb47465ebf811e,uwp100-beiersdorf,Beiersdorf,2026,Planet,Klima/Transformationspfad,sbti_near_term_status,SBTi Near-Term Zielstatus,Targets set,Status,A,sbti-target-dashboard,https://files.sciencebasedtargets.org/production/files/companies-excel.xlsx,Beiersdorf AG,official_xlsx_import:safe_name_match,0.86,SBTi-Zieldaten; kein Nachweis tatsächlicher Emissionsreduktion.
uwpobs-f9a0bfe84a264c20,uwp100-beiersdorf,Beiersdorf,2026,Planet,Klima/Transformationspfad,sbti_near_term_target_classification,SBTi Near-Term Zielklassifikation,1.5°C,Klassifikation,A,sbti-target-dashboard,https://files.sciencebasedtargets.org/production/files/companies-excel.xlsx,Beiersdorf AG,official_xlsx_import:safe_name_match,0.86,SBTi-Zieldaten; kein Nachweis tatsächlicher Emissionsreduktion.
uwpobs-6fd64033fb9e8aa3,uwp100-beiersdorf,Beiersdorf,2026,Planet,Klima/Transformationspfad,sbti_near_term_target_year,SBTi Near-Term Zieljahr,2030,Jahr,A,sbti-target-dashboard,https://files.sciencebasedtargets.org/production/files/companies-excel.xlsx,Beiersdorf AG,official_xlsx_import:safe_name_match,0.86,SBTi-Zieldaten; kein Nachweis tatsächlicher Emissionsreduktion.
uwpobs-411a1d92cd1aacc8,uwp100-beiersdorf,Beiersdorf,2026,Planet,Klima/Transformationspfad,sbti_target_classification_long,SBTi Zielklassifikation Langtext,The targets covering greenhouse gas emissions from company operations (scopes 1 and 2) are consistent with reductions required to keep warming to 1.5°C,Text,B,sbti-target-dashboard,https://files.sciencebasedtargets.org/production/files/companies-excel.xlsx,Beiersdorf AG,official_xlsx_import:safe_name_match,0.86,SBTi-Zieldaten; kein Nachweis tatsächlicher Emissionsreduktion.
uwpobs-f7ce85b830301906,uwp100-beiersdorf,Beiersdorf,2022,Planet,Energie,wikirate_gri_energy_consumption,GRI 302-1 Total energy consumption,2415600,Gigajoules,C,wikirate-open-esg,https://wikirate.org/~18032578,https://wikirate.org/~18021265,wikirate_bulk_csv_export,0.62,WikiRate Community-/Sekundärdaten; Antwortseite und Primärquelle prüfen.
uwpobs-451382d499ccd468,uwp100-beiersdorf,Beiersdorf,2022,Planet,Klima/Emissionen,wikirate_gri_scope1_ghg,GRI 305-1 Scope 1 GHG emissions,90349,tonnes CO2 equivalent,C,wikirate-open-esg,https://wikirate.org/~18031050,https://wikirate.org/~18021265,wikirate_bulk_csv_export,0.62,WikiRate Community-/Sekundärdaten; Antwortseite und Primärquelle prüfen.
uwpobs-b68cadba96e69749,uwp100-beiersdorf,Beiersdorf,2022,Planet,Klima/Emissionen,wikirate_gri_scope2_ghg,GRI 305-2 Scope 2 GHG emissions,1322,tonnes CO2 equivalent,C,wikirate-open-esg,https://wikirate.org/~18031059,https://wikirate.org/~18021265,wikirate_bulk_csv_export,0.62,WikiRate Community-/Sekundärdaten; Antwortseite und Primärquelle prüfen.
uwpobs-be98657f3f27b1d6,uwp100-beiersdorf,Beiersdorf,2022,Planet,Lieferkette/Klima,wikirate_gri_scope3_ghg,GRI 305-3 Scope 3 GHG emissions,1034279,tonnes CO2 equivalent,C,wikirate-open-esg,https://wikirate.org/~18032569,https://wikirate.org/~18021265,wikirate_bulk_csv_export,0.62,WikiRate Community-/Sekundärdaten; Antwortseite und Primärquelle prüfen.
uwpobs-03cedf3135d26d3b,uwp100-beiersdorf,Beiersdorf,2026,Transformation,Net-Zero/Transformation,sbti_long_term_status,SBTi Long-Term Zielstatus,Targets set,Status,A,sbti-target-dashboard,https://files.sciencebasedtargets.org/production/files/companies-excel.xlsx,Beiersdorf AG,official_xlsx_import:safe_name_match,0.86,SBTi-Zieldaten; kein Nachweis tatsächlicher Emissionsreduktion.
uwpobs-da3f9c6556fc1aec,uwp100-beiersdorf,Beiersdorf,2026,Transformation,Net-Zero/Transformation,sbti_long_term_target_classification,SBTi Long-Term Zielklassifikation,1.5°C,Klassifikation,A,sbti-target-dashboard,https://files.sciencebasedtargets.org/production/files/companies-excel.xlsx,Beiersdorf AG,official_xlsx_import:safe_name_match,0.86,SBTi-Zieldaten; kein Nachweis tatsächlicher Emissionsreduktion.
uwpobs-e9c7460ac475227f,uwp100-beiersdorf,Beiersdorf,2026,Transformation,Net-Zero/Transformation,sbti_long_term_target_year,SBTi Long-Term Zieljahr,2045,Jahr,A,sbti-target-dashboard,https://files.sciencebasedtargets.org/production/files/companies-excel.xlsx,Beiersdorf AG,official_xlsx_import:safe_name_match,0.86,SBTi-Zieldaten; kein Nachweis tatsächlicher Emissionsreduktion.
uwpobs-c9798e415c1195e7,uwp100-beiersdorf,Beiersdorf,2026,Transformation,Net-Zero/Transformation,sbti_net_zero_status,SBTi Net-Zero Status,Targets set,Status,A,sbti-target-dashboard,https://files.sciencebasedtargets.org/production/files/companies-excel.xlsx,Beiersdorf AG,official_xlsx_import:safe_name_match,0.86,SBTi-Zieldaten; kein Nachweis tatsächlicher Emissionsreduktion.
uwpobs-3d940ceeb851a900,uwp100-beiersdorf,Beiersdorf,2026,Transformation,Net-Zero/Transformation,sbti_net_zero_year,SBTi Net-Zero Zieljahr,2045,Jahr,A,sbti-target-dashboard,https://files.sciencebasedtargets.org/production/files/companies-excel.xlsx,Beiersdorf AG,official_xlsx_import:safe_name_match,0.86,SBTi-Zieldaten; kein Nachweis tatsächlicher Emissionsreduktion.
uwpobs-7ce4e5f54cf0fb24,uwp100-beiersdorf,Beiersdorf,2024,Demokratie,Steuertransparenz,cbcr_tax_transparency,Country-by-Country Reporting / Steuertransparenz,,Status,E,uwp-required-field-gap,,,required_field_gap_rendered,0.0,"UWP-Kernfeld noch nicht maschinell aus einer versionierten Primärquelle belegt; nicht schätzen, nicht mit 0 füllen."
uwpobs-d157f018c76194d3,uwp100-beiersdorf,Beiersdorf,2024,Demokratie,Datenschutz,data_privacy_incidents,Datenschutzverstöße / Bußgelder,,Anzahl/Status,E,uwp-required-field-gap,,,required_field_gap_rendered,0.0,"UWP-Kernfeld noch nicht maschinell aus einer versionierten Primärquelle belegt; nicht schätzen, nicht mit 0 füllen."
uwpobs-ba1fb150ba623b3e,uwp100-beiersdorf,Beiersdorf,2024,Demokratie,Lobbying/Einflussnahme,lobbying_transparency,Lobbying-Transparenz,,Status,E,uwp-required-field-gap,,,required_field_gap_rendered,0.0,"UWP-Kernfeld noch nicht maschinell aus einer versionierten Primärquelle belegt; nicht schätzen, nicht mit 0 füllen."
uwpobs-5407b407c1fb7776,uwp100-beiersdorf,Beiersdorf,2024,Demokratie,Compliance/Whistleblowing,whistleblowing_cases,Whistleblowing-Fälle und Abhilfe,,Anzahl/Status,E,uwp-required-field-gap,,,required_field_gap_rendered,0.0,"UWP-Kernfeld noch nicht maschinell aus einer versionierten Primärquelle belegt; nicht schätzen, nicht mit 0 füllen."
uwpobs-1099cd901349384b,uwp100-beiersdorf,Beiersdorf,2024,Mensch,Arbeitssicherheit,ltifr,Lost Time Injury Frequency Rate,,je Mio. Arbeitsstunden,E,uwp-required-field-gap,,,required_field_gap_rendered,0.0,"UWP-Kernfeld noch nicht maschinell aus einer versionierten Primärquelle belegt; nicht schätzen, nicht mit 0 füllen."
uwpobs-81953a3d83dfd253,uwp100-beiersdorf,Beiersdorf,2024,Mensch,Diversität/Teilhabe,women_management_share,Frauenanteil Management,,%,E,uwp-required-field-gap,,,required_field_gap_rendered,0.0,"UWP-Kernfeld noch nicht maschinell aus einer versionierten Primärquelle belegt; nicht schätzen, nicht mit 0 füllen."
uwpobs-1ab4d3213622a3ca,uwp100-beiersdorf,Beiersdorf,2024,Planet,Energie,renewable_electricity_share,Erneuerbarer Strom,,%,E,uwp-required-field-gap,,,required_field_gap_rendered,0.0,"UWP-Kernfeld noch nicht maschinell aus einer versionierten Primärquelle belegt; nicht schätzen, nicht mit 0 füllen."
uwpobs-195b27289d60ec68,uwp100-beiersdorf,Beiersdorf,2024,Planet,Klima,scope_1_2_ghg_absolute,Scope 1+2 absolut,,t CO2e,E,uwp-required-field-gap,,,required_field_gap_rendered,0.0,"UWP-Kernfeld noch nicht maschinell aus einer versionierten Primärquelle belegt; nicht schätzen, nicht mit 0 füllen."
uwpobs-8da4cef873410c1c,uwp100-beiersdorf,Beiersdorf,2024,Transformation,EU-Taxonomie,taxonomy_aligned_revenue_share,Taxonomie-konformer Umsatzanteil,,%,E,uwp-required-field-gap,,,required_field_gap_rendered,0.0,"UWP-Kernfeld noch nicht maschinell aus einer versionierten Primärquelle belegt; nicht schätzen, nicht mit 0 füllen."
uwpobs-c64c92a01a257f2a,uwp100-bilfinger,Bilfinger,2025,Datenqualität,Quellenstand,sbti_date_updated,SBTi Datenstand,2025-08-14,Datum,A,sbti-target-dashboard,https://files.sciencebasedtargets.org/production/files/companies-excel.xlsx,Bilfinger SE,official_xlsx_import:safe_name_match,0.86,SBTi-Zieldaten; kein Nachweis tatsächlicher Emissionsreduktion.
uwpobs-05c978c480ef0436,uwp100-bilfinger,Bilfinger,2025,Planet,Klima/Transformationspfad,sbti_full_target_language,SBTi Zieltext,"Overall Net-Zero Target:
Bilfinger SE commits to reach net-zero greenhouse gas emissions across the value chain by 2050.
Near-Term Targets:
Bilfinger SE commits to reduce absolute scope 1 and 2 GHG emissions 58.8% by 2034 from a 2024 base year.* 
Bilfinger SE also commits to reduce absolute scope 3 GHG emissions 35% within the same timeframe.*
*The target boundary includes land-related emissions and removals from bioenergy feedstocks.
Long-Term Targets:
Bilfinger SE commits to reduce absolute scope 1 and 2 GHG emissions 90% by 2050 from a 2024 base year.*
Bilfinger SE also commits to reduce absolute scope 3 GHG emissions 90% within the same timeframe.*
*The target boundary includes land-related emissions and removals from bioenergy feedstocks.",Text,B,sbti-target-dashboard,https://files.sciencebasedtargets.org/production/files/companies-excel.xlsx,Bilfinger SE,official_xlsx_import:safe_name_match,0.86,SBTi-Zieldaten; kein Nachweis tatsächlicher Emissionsreduktion.
uwpobs-fe112115b15e166e,uwp100-bilfinger,Bilfinger,2025,Planet,Klima/Transformationspfad,sbti_near_term_status,SBTi Near-Term Zielstatus,Targets set,Status,A,sbti-target-dashboard,https://files.sciencebasedtargets.org/production/files/companies-excel.xlsx,Bilfinger SE,official_xlsx_import:safe_name_match,0.86,SBTi-Zieldaten; kein Nachweis tatsächlicher Emissionsreduktion.
uwpobs-73eb69b39f98fd4e,uwp100-bilfinger,Bilfinger,2025,Planet,Klima/Transformationspfad,sbti_near_term_target_classification,SBTi Near-Term Zielklassifikation,1.5°C,Klassifikation,A,sbti-target-dashboard,https://files.sciencebasedtargets.org/production/files/companies-excel.xlsx,Bilfinger SE,official_xlsx_import:safe_name_match,0.86,SBTi-Zieldaten; kein Nachweis tatsächlicher Emissionsreduktion.
uwpobs-6965b139af16bf64,uwp100-bilfinger,Bilfinger,2025,Planet,Klima/Transformationspfad,sbti_near_term_target_year,SBTi Near-Term Zieljahr,2034,Jahr,A,sbti-target-dashboard,https://files.sciencebasedtargets.org/production/files/companies-excel.xlsx,Bilfinger SE,official_xlsx_import:safe_name_match,0.86,SBTi-Zieldaten; kein Nachweis tatsächlicher Emissionsreduktion.
uwpobs-84ceb28914f74ed7,uwp100-bilfinger,Bilfinger,2025,Planet,Klima/Transformationspfad,sbti_target_classification_long,SBTi Zielklassifikation Langtext,The targets covering greenhouse gas emissions from company operations (scopes 1 and 2) are consistent with reductions required to keep warming to 1.5°C,Text,B,sbti-target-dashboard,https://files.sciencebasedtargets.org/production/files/companies-excel.xlsx,Bilfinger SE,official_xlsx_import:safe_name_match,0.86,SBTi-Zieldaten; kein Nachweis tatsächlicher Emissionsreduktion.
uwpobs-7e247f46bff602f5,uwp100-bilfinger,Bilfinger,2025,Transformation,Net-Zero/Transformation,sbti_long_term_status,SBTi Long-Term Zielstatus,Targets set,Status,A,sbti-target-dashboard,https://files.sciencebasedtargets.org/production/files/companies-excel.xlsx,Bilfinger SE,official_xlsx_import:safe_name_match,0.86,SBTi-Zieldaten; kein Nachweis tatsächlicher Emissionsreduktion.
uwpobs-013f5cc2c1929134,uwp100-bilfinger,Bilfinger,2025,Transformation,Net-Zero/Transformation,sbti_long_term_target_classification,SBTi Long-Term Zielklassifikation,1.5°C,Klassifikation,A,sbti-target-dashboard,https://files.sciencebasedtargets.org/production/files/companies-excel.xlsx,Bilfinger SE,official_xlsx_import:safe_name_match,0.86,SBTi-Zieldaten; kein Nachweis tatsächlicher Emissionsreduktion.
uwpobs-cff3ba34cf774f30,uwp100-bilfinger,Bilfinger,2025,Transformation,Net-Zero/Transformation,sbti_long_term_target_year,SBTi Long-Term Zieljahr,2050,Jahr,A,sbti-target-dashboard,https://files.sciencebasedtargets.org/production/files/companies-excel.xlsx,Bilfinger SE,official_xlsx_import:safe_name_match,0.86,SBTi-Zieldaten; kein Nachweis tatsächlicher Emissionsreduktion.
uwpobs-440d8963d4ba9901,uwp100-bilfinger,Bilfinger,2025,Transformation,Net-Zero/Transformation,sbti_net_zero_status,SBTi Net-Zero Status,Targets set,Status,A,sbti-target-dashboard,https://files.sciencebasedtargets.org/production/files/companies-excel.xlsx,Bilfinger SE,official_xlsx_import:safe_name_match,0.86,SBTi-Zieldaten; kein Nachweis tatsächlicher Emissionsreduktion.
uwpobs-b2c985f04571ad56,uwp100-bilfinger,Bilfinger,2025,Transformation,Net-Zero/Transformation,sbti_net_zero_year,SBTi Net-Zero Zieljahr,2050,Jahr,A,sbti-target-dashboard,https://files.sciencebasedtargets.org/production/files/companies-excel.xlsx,Bilfinger SE,official_xlsx_import:safe_name_match,0.86,SBTi-Zieldaten; kein Nachweis tatsächlicher Emissionsreduktion.
uwpobs-746bf22c7b6b6249,uwp100-bilfinger,Bilfinger,2024,Demokratie,Steuertransparenz,cbcr_tax_transparency,Country-by-Country Reporting / Steuertransparenz,,Status,E,uwp-required-field-gap,,,required_field_gap_rendered,0.0,"UWP-Kernfeld noch nicht maschinell aus einer versionierten Primärquelle belegt; nicht schätzen, nicht mit 0 füllen."
uwpobs-a7840f453c7cd47a,uwp100-bilfinger,Bilfinger,2024,Demokratie,Datenschutz,data_privacy_incidents,Datenschutzverstöße / Bußgelder,,Anzahl/Status,E,uwp-required-field-gap,,,required_field_gap_rendered,0.0,"UWP-Kernfeld noch nicht maschinell aus einer versionierten Primärquelle belegt; nicht schätzen, nicht mit 0 füllen."
uwpobs-2e5576c1ef6cc76c,uwp100-bilfinger,Bilfinger,2024,Demokratie,Lobbying/Einflussnahme,lobbying_transparency,Lobbying-Transparenz,,Status,E,uwp-required-field-gap,,,required_field_gap_rendered,0.0,"UWP-Kernfeld noch nicht maschinell aus einer versionierten Primärquelle belegt; nicht schätzen, nicht mit 0 füllen."
uwpobs-8669c3ea45a5b6cd,uwp100-bilfinger,Bilfinger,2024,Demokratie,Compliance/Whistleblowing,whistleblowing_cases,Whistleblowing-Fälle und Abhilfe,,Anzahl/Status,E,uwp-required-field-gap,,,required_field_gap_rendered,0.0,"UWP-Kernfeld noch nicht maschinell aus einer versionierten Primärquelle belegt; nicht schätzen, nicht mit 0 füllen."
uwpobs-0f69e2b79ee617dd,uwp100-bilfinger,Bilfinger,2024,Mensch,Arbeitssicherheit,ltifr,Lost Time Injury Frequency Rate,,je Mio. Arbeitsstunden,E,uwp-required-field-gap,,,required_field_gap_rendered,0.0,"UWP-Kernfeld noch nicht maschinell aus einer versionierten Primärquelle belegt; nicht schätzen, nicht mit 0 füllen."
uwpobs-cecee1a2383a4eb1,uwp100-bilfinger,Bilfinger,2024,Mensch,Diversität/Teilhabe,women_management_share,Frauenanteil Management,,%,E,uwp-required-field-gap,,,required_field_gap_rendered,0.0,"UWP-Kernfeld noch nicht maschinell aus einer versionierten Primärquelle belegt; nicht schätzen, nicht mit 0 füllen."
uwpobs-8aa97e9cde50451b,uwp100-bilfinger,Bilfinger,2024,Planet,Energie,renewable_electricity_share,Erneuerbarer Strom,,%,E,uwp-required-field-gap,,,required_field_gap_rendered,0.0,"UWP-Kernfeld noch nicht maschinell aus einer versionierten Primärquelle belegt; nicht schätzen, nicht mit 0 füllen."
uwpobs-ac9b5d5e560c9a39,uwp100-bilfinger,Bilfinger,2024,Planet,Klima,scope_1_2_ghg_absolute,Scope 1+2 absolut,,t CO2e,E,uwp-required-field-gap,,,required_field_gap_rendered,0.0,"UWP-Kernfeld noch nicht maschinell aus einer versionierten Primärquelle belegt; nicht schätzen, nicht mit 0 füllen."
uwpobs-2a41a724caaacfd6,uwp100-bilfinger,Bilfinger,2024,Planet,Lieferkette/Klima,scope_3_ghg_absolute,Scope 3 absolut,,t CO2e,E,uwp-required-field-gap,,,required_field_gap_rendered,0.0,"UWP-Kernfeld noch nicht maschinell aus einer versionierten Primärquelle belegt; nicht schätzen, nicht mit 0 füllen."
uwpobs-41d54f1af8d0e7a4,uwp100-bilfinger,Bilfinger,2024,Transformation,EU-Taxonomie,taxonomy_aligned_revenue_share,Taxonomie-konformer Umsatzanteil,,%,E,uwp-required-field-gap,,,required_field_gap_rendered,0.0,"UWP-Kernfeld noch nicht maschinell aus einer versionierten Primärquelle belegt; nicht schätzen, nicht mit 0 füllen."
uwpobs-6fcb3c9c30de0a1f,uwp100-bmw,BMW,2022,Datenqualität,Quellenstand,sbti_date_updated,SBTi Datenstand,2022-02-24,Datum,A,sbti-target-dashboard,https://files.sciencebasedtargets.org/production/files/companies-excel.xlsx,BMW Group,official_xlsx_import:safe_name_match,0.86,SBTi-Zieldaten; kein Nachweis tatsächlicher Emissionsreduktion.
uwpobs-a50145da96a0f724,uwp100-bmw,BMW,2022,Demokratie,Rechtskonformität/Umwelt,wikirate_gri_environmental_fines,GRI 307-1 environmental fines,0,USD,C,wikirate-open-esg,https://wikirate.org/~15567550,https://wikirate.org/~15567436,wikirate_bulk_csv_export,0.62,WikiRate Community-/Sekundärdaten; Antwortseite und Primärquelle prüfen.
uwpobs-92242a7711c9e2ad,uwp100-bmw,BMW,2016,Mensch,Diversität/Belegschaft,wikirate_gri_female_employees_share,GRI G4-LA12 female employees share,18.7,%,C,wikirate-open-esg,https://wikirate.org/~2701993,https://wikirate.org/~2701990,wikirate_bulk_csv_export,0.62,WikiRate Community-/Sekundärdaten; Antwortseite und Primärquelle prüfen.
uwpobs-2c054e3638486a8c,uwp100-bmw,BMW,2015,Mensch,Diversität/Belegschaft,wikirate_gri_female_employees_share,GRI G4-LA12 female employees share,18.1,%,C,wikirate-open-esg,https://wikirate.org/~842245,https://wikirate.org/~838879,wikirate_bulk_csv_export,0.62,WikiRate Community-/Sekundärdaten; Antwortseite und Primärquelle prüfen.
uwpobs-82c9450eb22debca,uwp100-bmw,BMW,2014,Mensch,Diversität/Belegschaft,wikirate_gri_female_employees_share,GRI G4-LA12 female employees share,17.8,%,C,wikirate-open-esg,https://wikirate.org/~842250,https://wikirate.org/~838879,wikirate_bulk_csv_export,0.62,WikiRate Community-/Sekundärdaten; Antwortseite und Primärquelle prüfen.
uwpobs-3dae13799badbe07,uwp100-bmw,BMW,2013,Mensch,Diversität/Belegschaft,wikirate_gri_female_employees_share,GRI G4-LA12 female employees share,17.4,%,C,wikirate-open-esg,https://wikirate.org/~842262,https://wikirate.org/~842254,wikirate_bulk_csv_export,0.62,WikiRate Community-/Sekundärdaten; Antwortseite und Primärquelle prüfen.
uwpobs-f2ec85f79e34074e,uwp100-bmw,BMW,2015,Mensch,Arbeitssicherheit,wikirate_gri_injury_rate,GRI 403-9 injury rate,4.4,injuries per million hours worked,C,wikirate-open-esg,https://wikirate.org/~842471,https://wikirate.org/~842443,wikirate_bulk_csv_export,0.62,WikiRate Community-/Sekundärdaten; Antwortseite und Primärquelle prüfen.
uwpobs-2d58aa179565f0dd,uwp100-bmw,BMW,2014,Mensch,Arbeitssicherheit,wikirate_gri_injury_rate,GRI 403-9 injury rate,5.1,injuries per million hours worked,C,wikirate-open-esg,https://wikirate.org/~842496,https://wikirate.org/~838879,wikirate_bulk_csv_export,0.62,WikiRate Community-/Sekundärdaten; Antwortseite und Primärquelle prüfen.
uwpobs-743f8681a8b7ff28,uwp100-bmw,BMW,2013,Mensch,Arbeitssicherheit,wikirate_gri_injury_rate,GRI 403-9 injury rate,4.8,injuries per million hours worked,C,wikirate-open-esg,https://wikirate.org/~842500,https://wikirate.org/~838879,wikirate_bulk_csv_export,0.62,WikiRate Community-/Sekundärdaten; Antwortseite und Primärquelle prüfen.
uwpobs-6166b361acb04017,uwp100-bmw,BMW,2012,Mensch,Arbeitssicherheit,wikirate_gri_injury_rate,GRI 403-9 injury rate,5.8,injuries per million hours worked,C,wikirate-open-esg,https://wikirate.org/~842510,https://wikirate.org/~842254,wikirate_bulk_csv_export,0.62,WikiRate Community-/Sekundärdaten; Antwortseite und Primärquelle prüfen.
uwpobs-42942a0acb385606,uwp100-bmw,BMW,2011,Mensch,Arbeitssicherheit,wikirate_gri_injury_rate,GRI 403-9 injury rate,7.1,injuries per million hours worked,C,wikirate-open-esg,https://wikirate.org/~842519,https://wikirate.org/~838879,wikirate_bulk_csv_export,0.62,WikiRate Community-/Sekundärdaten; Antwortseite und Primärquelle prüfen.
uwpobs-ac699ddfaec5f8f2,uwp100-bmw,BMW,2023,Mensch,Qualifizierung,wikirate_gri_training_hours,GRI 404-1 average hours of training,23.7,hours,C,wikirate-open-esg,https://wikirate.org/~18778049,https://wikirate.org/~18777999,wikirate_bulk_csv_export,0.62,WikiRate Community-/Sekundärdaten; Antwortseite und Primärquelle prüfen.
uwpobs-7a9d5e86fa9a5e0a,uwp100-bmw,BMW,2022,Mensch,Qualifizierung,wikirate_gri_training_hours,GRI 404-1 average hours of training,21.6,hours,C,wikirate-open-esg,https://wikirate.org/~15576325,https://wikirate.org/~15567436,wikirate_bulk_csv_export,0.62,WikiRate Community-/Sekundärdaten; Antwortseite und Primärquelle prüfen.
uwpobs-75aa2d7102bc7659,uwp100-bmw,BMW,2019,Mensch,Qualifizierung,wikirate_gri_training_hours,GRI 404-1 average hours of training,79.2,hours,C,wikirate-open-esg,https://wikirate.org/~6286430,https://wikirate.org/~6282718,wikirate_bulk_csv_export,0.62,WikiRate Community-/Sekundärdaten; Antwortseite und Primärquelle prüfen.
uwpobs-62e6d28fb8196fda,uwp100-bmw,BMW,2018,Mensch,Qualifizierung,wikirate_gri_training_hours,GRI 404-1 average hours of training,81.6,hours,C,wikirate-open-esg,https://wikirate.org/~6286435,https://wikirate.org/~6282760,wikirate_bulk_csv_export,0.62,WikiRate Community-/Sekundärdaten; Antwortseite und Primärquelle prüfen.
uwpobs-f0dce7ebb9854353,uwp100-bmw,BMW,2017,Mensch,Qualifizierung,wikirate_gri_training_hours,GRI 404-1 average hours of training,81.6,hours,C,wikirate-open-esg,https://wikirate.org/~6286440,https://wikirate.org/~3570853,wikirate_bulk_csv_export,0.62,WikiRate Community-/Sekundärdaten; Antwortseite und Primärquelle prüfen.
uwpobs-00037002108cd151,uwp100-bmw,BMW,2023,Mensch,Arbeitssicherheit,wikirate_gri_worker_fatalities,GRI 403-9 worker fatalities,0,count,C,wikirate-open-esg,https://wikirate.org/~18816900,https://wikirate.org/~18777999,wikirate_bulk_csv_export,0.62,WikiRate Community-/Sekundärdaten; Antwortseite und Primärquelle prüfen.
uwpobs-1ffa18b48827d604,uwp100-bmw,BMW,2022,Mensch,Arbeitssicherheit,wikirate_gri_worker_fatalities,GRI 403-9 worker fatalities,0,count,C,wikirate-open-esg,https://wikirate.org/~15576310,https://wikirate.org/~15567436,wikirate_bulk_csv_export,0.62,WikiRate Community-/Sekundärdaten; Antwortseite und Primärquelle prüfen.
uwpobs-0b49ee1dcde0f4d0,uwp100-bmw,BMW,2020,Mensch,Arbeitssicherheit,wikirate_gri_worker_fatalities,GRI 403-9 worker fatalities,1,count,C,wikirate-open-esg,https://wikirate.org/~12136772,https://wikirate.org/~11668586,wikirate_bulk_csv_export,0.62,WikiRate Community-/Sekundärdaten; Antwortseite und Primärquelle prüfen.
uwpobs-c1e755d4a30908db,uwp100-bmw,BMW,2017,Mensch,Arbeitssicherheit,wikirate_gri_worker_fatalities,GRI 403-9 worker fatalities,0,count,C,wikirate-open-esg,https://wikirate.org/~3545418,https://wikirate.org/~3545377,wikirate_bulk_csv_export,0.62,WikiRate Community-/Sekundärdaten; Antwortseite und Primärquelle prüfen.
uwpobs-db06927c9baa1869,uwp100-bmw,BMW,2022,Planet,Klima/Transformationspfad,sbti_ba15_date,SBTi Business Ambition 1.5C Datum,2021-08-01,Datum,B,sbti-target-dashboard,https://files.sciencebasedtargets.org/production/files/companies-excel.xlsx,BMW Group,official_xlsx_import:safe_name_match,0.86,SBTi-Zieldaten; kein Nachweis tatsächlicher Emissionsreduktion.
uwpobs-d342fb6df518f3d5,uwp100-bmw,BMW,2022,Planet,Klima/Transformationspfad,sbti_ba15_status,SBTi Business Ambition 1.5C Status,BA1.5 member,Status,B,sbti-target-dashboard,https://files.sciencebasedtargets.org/production/files/companies-excel.xlsx,BMW Group,official_xlsx_import:safe_name_match,0.86,SBTi-Zieldaten; kein Nachweis tatsächlicher Emissionsreduktion.
uwpobs-ff28ead7e6b02f53,uwp100-bmw,BMW,2022,Planet,Klima/Transformationspfad,sbti_full_target_language,SBTi Zieltext,BMW Group commits to reduce scope 1 and 2 GHG emissions 80% per vehicle produced by 2030 from a 2019 base year. * BMW Group commits to reduce scope 3 GHG emissions from use of sold products 50% per vehicle kilometer by 2030 from a 2019 base year. BMW Group commits to reduce scope 3 GHG emissions from purchased goods & services and upstream transportation & distribution services 22% per vehicle sold by 2030 from a 2019 base year. *The target boundary includes biogenic emissions and removals from bioenergy feedstocks. Auto manufacturers have two near-term target temperature alignments for 1) scope 1 and 2 emissions and 2) scope 3 category 11 emissions from use of sold products.,Text,B,sbti-target-dashboard,https://files.sciencebasedtargets.org/production/files/companies-excel.xlsx,BMW Group,official_xlsx_import:safe_name_match,0.86,SBTi-Zieldaten; kein Nachweis tatsächlicher Emissionsreduktion.
uwpobs-c0eeac49d3ebebe1,uwp100-bmw,BMW,2022,Planet,Klima/Transformationspfad,sbti_near_term_status,SBTi Near-Term Zielstatus,Targets set,Status,A,sbti-target-dashboard,https://files.sciencebasedtargets.org/production/files/companies-excel.xlsx,BMW Group,official_xlsx_import:safe_name_match,0.86,SBTi-Zieldaten; kein Nachweis tatsächlicher Emissionsreduktion.
uwpobs-c5f890a513874cff,uwp100-bmw,BMW,2022,Planet,Klima/Transformationspfad,sbti_near_term_target_classification,SBTi Near-Term Zielklassifikation,1.5°C/Well-below 2°C,Klassifikation,A,sbti-target-dashboard,https://files.sciencebasedtargets.org/production/files/companies-excel.xlsx,BMW Group,official_xlsx_import:safe_name_match,0.86,SBTi-Zieldaten; kein Nachweis tatsächlicher Emissionsreduktion.
uwpobs-882a917a5b818839,uwp100-bmw,BMW,2022,Planet,Klima/Transformationspfad,sbti_near_term_target_year,SBTi Near-Term Zieljahr,2030,Jahr,A,sbti-target-dashboard,https://files.sciencebasedtargets.org/production/files/companies-excel.xlsx,BMW Group,official_xlsx_import:safe_name_match,0.86,SBTi-Zieldaten; kein Nachweis tatsächlicher Emissionsreduktion.
uwpobs-4021995a865f211e,uwp100-bmw,BMW,2022,Planet,Klima/Transformationspfad,sbti_target_classification_long,SBTi Zielklassifikation Langtext,The targets covering greenhouse gas emissions from company operations (scopes 1 and 2) are consistent with reductions required to keep warming to 1.5°C. The targets covering greenhouse gas emissions from scope 3 category 11 emissions from use of sold products are consistent with reductions required to keep warming to Well-below 2°C,Text,B,sbti-target-dashboard,https://files.sciencebasedtargets.org/production/files/companies-excel.xlsx,BMW Group,official_xlsx_import:safe_name_match,0.86,SBTi-Zieldaten; kein Nachweis tatsächlicher Emissionsreduktion.
uwpobs-367aa5a4e4e8fda6,uwp100-bmw,BMW,2023,Planet,Energie,wikirate_gri_energy_consumption,GRI 302-1 Total energy consumption,22970347.2,Gigajoules,C,wikirate-open-esg,https://wikirate.org/~18802607,https://wikirate.org/~18777999,wikirate_bulk_csv_export,0.62,WikiRate Community-/Sekundärdaten; Antwortseite und Primärquelle prüfen.
uwpobs-7f25b000cc4c1334,uwp100-bmw,BMW,2022,Planet,Energie,wikirate_gri_energy_consumption,GRI 302-1 Total energy consumption,22665564,Gigajoules,C,wikirate-open-esg,https://wikirate.org/~15573593,https://wikirate.org/~15567436,wikirate_bulk_csv_export,0.62,WikiRate Community-/Sekundärdaten; Antwortseite und Primärquelle prüfen.
uwpobs-7f90ba548805042e,uwp100-bmw,BMW,2020,Planet,Energie,wikirate_gri_energy_consumption,GRI 302-1 Total energy consumption,20572596,Gigajoules,C,wikirate-open-esg,https://wikirate.org/~12072483,https://wikirate.org/~11668586,wikirate_bulk_csv_export,0.62,WikiRate Community-/Sekundärdaten; Antwortseite und Primärquelle prüfen.
uwpobs-8cb648f905591dda,uwp100-bmw,BMW,2019,Planet,Energie,wikirate_gri_energy_consumption,GRI 302-1 Total energy consumption,21508650,Gigajoules,C,wikirate-open-esg,https://wikirate.org/~6285768,https://wikirate.org/~6282718,wikirate_bulk_csv_export,0.62,WikiRate Community-/Sekundärdaten; Antwortseite und Primärquelle prüfen.
uwpobs-e874c6cf27d3ece4,uwp100-bmw,BMW,2018,Planet,Energie,wikirate_gri_energy_consumption,GRI 302-1 Total energy consumption,20840274,Gigajoules,C,wikirate-open-esg,https://wikirate.org/~6285428,https://wikirate.org/~6282760,wikirate_bulk_csv_export,0.62,WikiRate Community-/Sekundärdaten; Antwortseite und Primärquelle prüfen.
uwpobs-8b41a5211b726a6d,uwp100-bmw,BMW,2023,Planet,Klima/Emissionen,wikirate_gri_scope1_ghg,GRI 305-1 Scope 1 GHG emissions,713933,tonnes CO2 equivalent,C,wikirate-open-esg,https://wikirate.org/~18793503,https://wikirate.org/~18777999,wikirate_bulk_csv_export,0.62,WikiRate Community-/Sekundärdaten; Antwortseite und Primärquelle prüfen.
uwpobs-29b974b78a747b6b,uwp100-bmw,BMW,2022,Planet,Klima/Emissionen,wikirate_gri_scope1_ghg,GRI 305-1 Scope 1 GHG emissions,694057,tonnes CO2 equivalent,C,wikirate-open-esg,https://wikirate.org/~15567532,https://wikirate.org/~15567436,wikirate_bulk_csv_export,0.62,WikiRate Community-/Sekundärdaten; Antwortseite und Primärquelle prüfen.
uwpobs-ccbe4f2b58f9d8ba,uwp100-bmw,BMW,2020,Planet,Klima/Emissionen,wikirate_gri_scope1_ghg,GRI 305-1 Scope 1 GHG emissions,642885,tonnes CO2 equivalent,C,wikirate-open-esg,https://wikirate.org/~11670043,https://wikirate.org/~11668586,wikirate_bulk_csv_export,0.62,WikiRate Community-/Sekundärdaten; Antwortseite und Primärquelle prüfen.
uwpobs-1896b4dabb615099,uwp100-bmw,BMW,2019,Planet,Klima/Emissionen,wikirate_gri_scope1_ghg,GRI 305-1 Scope 1 GHG emissions,642259,tonnes CO2 equivalent,C,wikirate-open-esg,https://wikirate.org/~6282736,https://wikirate.org/~6282718,wikirate_bulk_csv_export,0.62,WikiRate Community-/Sekundärdaten; Antwortseite und Primärquelle prüfen.
uwpobs-f8f9f71521e2bbcd,uwp100-bmw,BMW,2022,Planet,Klima/Emissionen,wikirate_gri_scope2_ghg,GRI 305-2 Scope 2 GHG emissions,91300,tonnes CO2 equivalent,C,wikirate-open-esg,https://wikirate.org/~15567547,https://wikirate.org/~15567436,wikirate_bulk_csv_export,0.62,WikiRate Community-/Sekundärdaten; Antwortseite und Primärquelle prüfen.
uwpobs-3bdf04109c60a78d,uwp100-bmw,BMW,2020,Planet,Klima/Emissionen,wikirate_gri_scope2_ghg,GRI 305-2 Scope 2 GHG emissions,84257,tonnes CO2 equivalent,C,wikirate-open-esg,https://wikirate.org/~11670128,https://wikirate.org/~11668586,wikirate_bulk_csv_export,0.62,WikiRate Community-/Sekundärdaten; Antwortseite und Primärquelle prüfen.
uwpobs-8f3a6ba1db0a64c2,uwp100-bmw,BMW,2019,Planet,Klima/Emissionen,wikirate_gri_scope2_ghg,GRI 305-2 Scope 2 GHG emissions,302574,tonnes CO2 equivalent,C,wikirate-open-esg,https://wikirate.org/~6282740,https://wikirate.org/~6282718,wikirate_bulk_csv_export,0.62,WikiRate Community-/Sekundärdaten; Antwortseite und Primärquelle prüfen.
uwpobs-44e08e46d95062ab,uwp100-bmw,BMW,2023,Planet,Lieferkette/Klima,wikirate_gri_scope3_ghg,GRI 305-3 Scope 3 GHG emissions,133875567,tonnes CO2 equivalent,C,wikirate-open-esg,https://wikirate.org/~18794153,https://wikirate.org/~18777999,wikirate_bulk_csv_export,0.62,WikiRate Community-/Sekundärdaten; Antwortseite und Primärquelle prüfen.
uwpobs-5d3b79590bd8f273,uwp100-bmw,BMW,2022,Planet,Lieferkette/Klima,wikirate_gri_scope3_ghg,GRI 305-3 Scope 3 GHG emissions,116586786,tonnes CO2 equivalent,C,wikirate-open-esg,https://wikirate.org/~15573573,https://wikirate.org/~15567436,wikirate_bulk_csv_export,0.62,WikiRate Community-/Sekundärdaten; Antwortseite und Primärquelle prüfen.
uwpobs-f2ee5ded2a824d6c,uwp100-bmw,BMW,2020,Planet,Lieferkette/Klima,wikirate_gri_scope3_ghg,GRI 305-3 Scope 3 GHG emissions,65100863,tonnes CO2 equivalent,C,wikirate-open-esg,https://wikirate.org/~12104335,https://wikirate.org/~11668586,wikirate_bulk_csv_export,0.62,WikiRate Community-/Sekundärdaten; Antwortseite und Primärquelle prüfen.
uwpobs-eb60eaa1b900fc34,uwp100-bmw,BMW,2019,Planet,Lieferkette/Klima,wikirate_gri_scope3_ghg,GRI 305-3 Scope 3 GHG emissions,75042286,tonnes CO2 equivalent,C,wikirate-open-esg,https://wikirate.org/~6287832,https://wikirate.org/~6282718,wikirate_bulk_csv_export,0.62,WikiRate Community-/Sekundärdaten; Antwortseite und Primärquelle prüfen.
uwpobs-e28ee0e09dfc0b51,uwp100-bmw,BMW,2023,Planet,Abfall/Ressourcen,wikirate_gri_total_waste,GRI 306-2 Total waste generated,927880,tonnes,C,wikirate-open-esg,https://wikirate.org/~18779406,https://wikirate.org/~18777999,wikirate_bulk_csv_export,0.62,WikiRate Community-/Sekundärdaten; Antwortseite und Primärquelle prüfen.
uwpobs-ad5fe5fb9f5d00a2,uwp100-bmw,BMW,2022,Planet,Abfall/Ressourcen,wikirate_gri_total_waste,GRI 306-2 Total waste generated,818387,tonnes,C,wikirate-open-esg,https://wikirate.org/~15573654,https://wikirate.org/~15567436,wikirate_bulk_csv_export,0.62,WikiRate Community-/Sekundärdaten; Antwortseite und Primärquelle prüfen.
uwpobs-e80e5b2774de096e,uwp100-bmw,BMW,2020,Planet,Abfall/Ressourcen,wikirate_gri_total_waste,GRI 306-2 Total waste generated,775459,tonnes,C,wikirate-open-esg,https://wikirate.org/~12072540,https://wikirate.org/~11668586,wikirate_bulk_csv_export,0.62,WikiRate Community-/Sekundärdaten; Antwortseite und Primärquelle prüfen.
uwpobs-7820b4373f4ec74c,uwp100-bmw,BMW,2019,Planet,Abfall/Ressourcen,wikirate_gri_total_waste,GRI 306-2 Total waste generated,780911,tonnes,C,wikirate-open-esg,https://wikirate.org/~6287191,https://wikirate.org/~6282718,wikirate_bulk_csv_export,0.62,WikiRate Community-/Sekundärdaten; Antwortseite und Primärquelle prüfen.
uwpobs-7ea0494062d32b2f,uwp100-bmw,BMW,2018,Planet,Abfall/Ressourcen,wikirate_gri_total_waste,GRI 306-2 Total waste generated,789817,tonnes,C,wikirate-open-esg,https://wikirate.org/~6287186,https://wikirate.org/~6282718,wikirate_bulk_csv_export,0.62,WikiRate Community-/Sekundärdaten; Antwortseite und Primärquelle prüfen.
uwpobs-2f3d483d897cd0a7,uwp100-bmw,BMW,2022,Transformation,Net-Zero/Transformation,sbti_net_zero_status,SBTi Net-Zero Status,Commitment removed,Status,A,sbti-target-dashboard,https://files.sciencebasedtargets.org/production/files/companies-excel.xlsx,BMW Group,official_xlsx_import:safe_name_match,0.86,SBTi-Zieldaten; kein Nachweis tatsächlicher Emissionsreduktion.
uwpobs-8ab60711e176b482,uwp100-bmw,BMW,2024,Demokratie,Steuertransparenz,cbcr_tax_transparency,Country-by-Country Reporting / Steuertransparenz,,Status,E,uwp-required-field-gap,,,required_field_gap_rendered,0.0,"UWP-Kernfeld noch nicht maschinell aus einer versionierten Primärquelle belegt; nicht schätzen, nicht mit 0 füllen."
uwpobs-456c1d61ef8a15ec,uwp100-bmw,BMW,2024,Demokratie,Datenschutz,data_privacy_incidents,Datenschutzverstöße / Bußgelder,,Anzahl/Status,E,uwp-required-field-gap,,,required_field_gap_rendered,0.0,"UWP-Kernfeld noch nicht maschinell aus einer versionierten Primärquelle belegt; nicht schätzen, nicht mit 0 füllen."
uwpobs-fd5d17a8f3aa21b7,uwp100-bmw,BMW,2024,Demokratie,Lobbying/Einflussnahme,lobbying_transparency,Lobbying-Transparenz,,Status,E,uwp-required-field-gap,,,required_field_gap_rendered,0.0,"UWP-Kernfeld noch nicht maschinell aus einer versionierten Primärquelle belegt; nicht schätzen, nicht mit 0 füllen."
uwpobs-2de7f422b279c14b,uwp100-bmw,BMW,2024,Demokratie,Compliance/Whistleblowing,whistleblowing_cases,Whistleblowing-Fälle und Abhilfe,,Anzahl/Status,E,uwp-required-field-gap,,,required_field_gap_rendered,0.0,"UWP-Kernfeld noch nicht maschinell aus einer versionierten Primärquelle belegt; nicht schätzen, nicht mit 0 füllen."
uwpobs-65489d8ed685f401,uwp100-bmw,BMW,2024,Mensch,Arbeitssicherheit,ltifr,Lost Time Injury Frequency Rate,,je Mio. Arbeitsstunden,E,uwp-required-field-gap,,,required_field_gap_rendered,0.0,"UWP-Kernfeld noch nicht maschinell aus einer versionierten Primärquelle belegt; nicht schätzen, nicht mit 0 füllen."
uwpobs-19831694922937fc,uwp100-bmw,BMW,2024,Mensch,Diversität/Teilhabe,women_management_share,Frauenanteil Management,,%,E,uwp-required-field-gap,,,required_field_gap_rendered,0.0,"UWP-Kernfeld noch nicht maschinell aus einer versionierten Primärquelle belegt; nicht schätzen, nicht mit 0 füllen."
uwpobs-de26cf5bec225957,uwp100-bmw,BMW,2024,Planet,Energie,renewable_electricity_share,Erneuerbarer Strom,,%,E,uwp-required-field-gap,,,required_field_gap_rendered,0.0,"UWP-Kernfeld noch nicht maschinell aus einer versionierten Primärquelle belegt; nicht schätzen, nicht mit 0 füllen."
uwpobs-ce4a45bf2512b941,uwp100-bmw,BMW,2024,Planet,Klima,scope_1_2_ghg_absolute,Scope 1+2 absolut,,t CO2e,E,uwp-required-field-gap,,,required_field_gap_rendered,0.0,"UWP-Kernfeld noch nicht maschinell aus einer versionierten Primärquelle belegt; nicht schätzen, nicht mit 0 füllen."
uwpobs-5c7c0fce19aefa83,uwp100-bmw,BMW,2024,Transformation,EU-Taxonomie,taxonomy_aligned_revenue_share,Taxonomie-konformer Umsatzanteil,,%,E,uwp-required-field-gap,,,required_field_gap_rendered,0.0,"UWP-Kernfeld noch nicht maschinell aus einer versionierten Primärquelle belegt; nicht schätzen, nicht mit 0 füllen."
uwpobs-e58d595e638e6560,uwp100-borussia-dortmund,Borussia Dortmund,2026,Datenqualität,Quellenstand,sbti_date_updated,SBTi Datenstand,2026-05-21,Datum,A,sbti-target-dashboard,https://files.sciencebasedtargets.org/production/files/companies-excel.xlsx,Borussia Dortmund GmbH & Co.KGaA,official_xlsx_import:safe_name_match,0.86,SBTi-Zieldaten; kein Nachweis tatsächlicher Emissionsreduktion.
uwpobs-7d207afff4823ab3,uwp100-borussia-dortmund,Borussia Dortmund,2026,Planet,Klima/Transformationspfad,sbti_full_target_language,SBTi Zieltext,"Overall Net-Zero Target:
Borussia Dortmund GmbH & Co.KGaA commits to achieve net-zero greenhouse gas emissions across the value chain by FY2045.

Near-Term Targets:
Borussia Dortmund GmbH & Co.KGaA commits to reduce absolute scope 1 and 2 GHG emissions 50.0% by FY2030 from a FY2024 base year. Borussia Dortmund GmbH & Co.KGaA also commits to reduce absolute scope 3 GHG emissions 15.0% within the same timeframe.

Long-Term Targets:
Borussia Dortmund GmbH & Co.KGaA commits to reduce absolute scope 1 and 2 GHG emissions 100.0% by FY2040 from a FY2024 base year. Borussia Dortmund GmbH & Co.KGaA also commits to reduce absolute scope 3 GHG emissions 90.0% by FY2045 from a FY2024 base year.",Text,B,sbti-target-dashboard,https://files.sciencebasedtargets.org/production/files/companies-excel.xlsx,Borussia Dortmund GmbH & Co.KGaA,official_xlsx_import:safe_name_match,0.86,SBTi-Zieldaten; kein Nachweis tatsächlicher Emissionsreduktion.
uwpobs-29b6193e8a4b3903,uwp100-borussia-dortmund,Borussia Dortmund,2026,Planet,Klima/Transformationspfad,sbti_near_term_status,SBTi Near-Term Zielstatus,Targets set,Status,A,sbti-target-dashboard,https://files.sciencebasedtargets.org/production/files/companies-excel.xlsx,Borussia Dortmund GmbH & Co.KGaA,official_xlsx_import:safe_name_match,0.86,SBTi-Zieldaten; kein Nachweis tatsächlicher Emissionsreduktion.
uwpobs-73001065fcaf86e3,uwp100-borussia-dortmund,Borussia Dortmund,2026,Planet,Klima/Transformationspfad,sbti_near_term_target_classification,SBTi Near-Term Zielklassifikation,1.5°C,Klassifikation,A,sbti-target-dashboard,https://files.sciencebasedtargets.org/production/files/companies-excel.xlsx,Borussia Dortmund GmbH & Co.KGaA,official_xlsx_import:safe_name_match,0.86,SBTi-Zieldaten; kein Nachweis tatsächlicher Emissionsreduktion.
uwpobs-c43742132e582a5b,uwp100-borussia-dortmund,Borussia Dortmund,2026,Planet,Klima/Transformationspfad,sbti_near_term_target_year,SBTi Near-Term Zieljahr,FY2030,Jahr,A,sbti-target-dashboard,https://files.sciencebasedtargets.org/production/files/companies-excel.xlsx,Borussia Dortmund GmbH & Co.KGaA,official_xlsx_import:safe_name_match,0.86,SBTi-Zieldaten; kein Nachweis tatsächlicher Emissionsreduktion.
uwpobs-1f99f1ca0fe4957e,uwp100-borussia-dortmund,Borussia Dortmund,2026,Planet,Klima/Transformationspfad,sbti_target_classification_long,SBTi Zielklassifikation Langtext,The targets covering greenhouse gas emissions from company operations (scopes 1 and 2) are consistent with reductions required to keep warming to 1.5°C,Text,B,sbti-target-dashboard,https://files.sciencebasedtargets.org/production/files/companies-excel.xlsx,Borussia Dortmund GmbH & Co.KGaA,official_xlsx_import:safe_name_match,0.86,SBTi-Zieldaten; kein Nachweis tatsächlicher Emissionsreduktion.
uwpobs-2c2020b8b7bd1208,uwp100-borussia-dortmund,Borussia Dortmund,2026,Transformation,Net-Zero/Transformation,sbti_long_term_status,SBTi Long-Term Zielstatus,Targets set,Status,A,sbti-target-dashboard,https://files.sciencebasedtargets.org/production/files/companies-excel.xlsx,Borussia Dortmund GmbH & Co.KGaA,official_xlsx_import:safe_name_match,0.86,SBTi-Zieldaten; kein Nachweis tatsächlicher Emissionsreduktion.
uwpobs-9555d9948ce1e874,uwp100-borussia-dortmund,Borussia Dortmund,2026,Transformation,Net-Zero/Transformation,sbti_long_term_target_classification,SBTi Long-Term Zielklassifikation,1.5°C,Klassifikation,A,sbti-target-dashboard,https://files.sciencebasedtargets.org/production/files/companies-excel.xlsx,Borussia Dortmund GmbH & Co.KGaA,official_xlsx_import:safe_name_match,0.86,SBTi-Zieldaten; kein Nachweis tatsächlicher Emissionsreduktion.
uwpobs-a281857bf057a9e3,uwp100-borussia-dortmund,Borussia Dortmund,2026,Transformation,Net-Zero/Transformation,sbti_long_term_target_year,SBTi Long-Term Zieljahr,FY2045,Jahr,A,sbti-target-dashboard,https://files.sciencebasedtargets.org/production/files/companies-excel.xlsx,Borussia Dortmund GmbH & Co.KGaA,official_xlsx_import:safe_name_match,0.86,SBTi-Zieldaten; kein Nachweis tatsächlicher Emissionsreduktion.
uwpobs-3e0c361793198b2c,uwp100-borussia-dortmund,Borussia Dortmund,2026,Transformation,Net-Zero/Transformation,sbti_net_zero_status,SBTi Net-Zero Status,Targets set,Status,A,sbti-target-dashboard,https://files.sciencebasedtargets.org/production/files/companies-excel.xlsx,Borussia Dortmund GmbH & Co.KGaA,official_xlsx_import:safe_name_match,0.86,SBTi-Zieldaten; kein Nachweis tatsächlicher Emissionsreduktion.
uwpobs-5f9b370b38ecf450,uwp100-borussia-dortmund,Borussia Dortmund,2026,Transformation,Net-Zero/Transformation,sbti_net_zero_year,SBTi Net-Zero Zieljahr,FY2045,Jahr,A,sbti-target-dashboard,https://files.sciencebasedtargets.org/production/files/companies-excel.xlsx,Borussia Dortmund GmbH & Co.KGaA,official_xlsx_import:safe_name_match,0.86,SBTi-Zieldaten; kein Nachweis tatsächlicher Emissionsreduktion.
uwpobs-94fbf1c42f30d11c,uwp100-borussia-dortmund,Borussia Dortmund,2024,Demokratie,Steuertransparenz,cbcr_tax_transparency,Country-by-Country Reporting / Steuertransparenz,,Status,E,uwp-required-field-gap,,,required_field_gap_rendered,0.0,"UWP-Kernfeld noch nicht maschinell aus einer versionierten Primärquelle belegt; nicht schätzen, nicht mit 0 füllen."
uwpobs-cb554ff991264676,uwp100-borussia-dortmund,Borussia Dortmund,2024,Demokratie,Datenschutz,data_privacy_incidents,Datenschutzverstöße / Bußgelder,,Anzahl/Status,E,uwp-required-field-gap,,,required_field_gap_rendered,0.0,"UWP-Kernfeld noch nicht maschinell aus einer versionierten Primärquelle belegt; nicht schätzen, nicht mit 0 füllen."
uwpobs-fb7941aa1270c65b,uwp100-borussia-dortmund,Borussia Dortmund,2024,Demokratie,Lobbying/Einflussnahme,lobbying_transparency,Lobbying-Transparenz,,Status,E,uwp-required-field-gap,,,required_field_gap_rendered,0.0,"UWP-Kernfeld noch nicht maschinell aus einer versionierten Primärquelle belegt; nicht schätzen, nicht mit 0 füllen."
uwpobs-729489545b4fb6e4,uwp100-borussia-dortmund,Borussia Dortmund,2024,Demokratie,Compliance/Whistleblowing,whistleblowing_cases,Whistleblowing-Fälle und Abhilfe,,Anzahl/Status,E,uwp-required-field-gap,,,required_field_gap_rendered,0.0,"UWP-Kernfeld noch nicht maschinell aus einer versionierten Primärquelle belegt; nicht schätzen, nicht mit 0 füllen."
uwpobs-97db3a8b48daa2d4,uwp100-borussia-dortmund,Borussia Dortmund,2024,Mensch,Arbeitssicherheit,ltifr,Lost Time Injury Frequency Rate,,je Mio. Arbeitsstunden,E,uwp-required-field-gap,,,required_field_gap_rendered,0.0,"UWP-Kernfeld noch nicht maschinell aus einer versionierten Primärquelle belegt; nicht schätzen, nicht mit 0 füllen."
uwpobs-af371c9fdf68f26e,uwp100-borussia-dortmund,Borussia Dortmund,2024,Mensch,Diversität/Teilhabe,women_management_share,Frauenanteil Management,,%,E,uwp-required-field-gap,,,required_field_gap_rendered,0.0,"UWP-Kernfeld noch nicht maschinell aus einer versionierten Primärquelle belegt; nicht schätzen, nicht mit 0 füllen."
uwpobs-5e358b717b7e49f2,uwp100-borussia-dortmund,Borussia Dortmund,2024,Planet,Energie,renewable_electricity_share,Erneuerbarer Strom,,%,E,uwp-required-field-gap,,,required_field_gap_rendered,0.0,"UWP-Kernfeld noch nicht maschinell aus einer versionierten Primärquelle belegt; nicht schätzen, nicht mit 0 füllen."
uwpobs-9d7f8abef590e76f,uwp100-borussia-dortmund,Borussia Dortmund,2024,Planet,Klima,scope_1_2_ghg_absolute,Scope 1+2 absolut,,t CO2e,E,uwp-required-field-gap,,,required_field_gap_rendered,0.0,"UWP-Kernfeld noch nicht maschinell aus einer versionierten Primärquelle belegt; nicht schätzen, nicht mit 0 füllen."
uwpobs-2aa2ef363e40152a,uwp100-borussia-dortmund,Borussia Dortmund,2024,Planet,Lieferkette/Klima,scope_3_ghg_absolute,Scope 3 absolut,,t CO2e,E,uwp-required-field-gap,,,required_field_gap_rendered,0.0,"UWP-Kernfeld noch nicht maschinell aus einer versionierten Primärquelle belegt; nicht schätzen, nicht mit 0 füllen."
uwpobs-80ddff180f0660cd,uwp100-borussia-dortmund,Borussia Dortmund,2024,Transformation,EU-Taxonomie,taxonomy_aligned_revenue_share,Taxonomie-konformer Umsatzanteil,,%,E,uwp-required-field-gap,,,required_field_gap_rendered,0.0,"UWP-Kernfeld noch nicht maschinell aus einer versionierten Primärquelle belegt; nicht schätzen, nicht mit 0 füllen."
uwpobs-42e8ad1596af32f9,uwp100-brenntag,Brenntag,2025,Datenqualität,Quellenstand,sbti_date_updated,SBTi Datenstand,2025-03-06,Datum,A,sbti-target-dashboard,https://files.sciencebasedtargets.org/production/files/companies-excel.xlsx,Brenntag SE,official_xlsx_import:safe_name_match,0.86,SBTi-Zieldaten; kein Nachweis tatsächlicher Emissionsreduktion.
uwpobs-9c70a750c0e36af2,uwp100-brenntag,Brenntag,2025,Planet,Klima/Transformationspfad,sbti_ba15_date,SBTi Business Ambition 1.5C Datum,2022-09-22,Datum,B,sbti-target-dashboard,https://files.sciencebasedtargets.org/production/files/companies-excel.xlsx,Brenntag SE,official_xlsx_import:safe_name_match,0.86,SBTi-Zieldaten; kein Nachweis tatsächlicher Emissionsreduktion.
uwpobs-e451ff8a629695b9,uwp100-brenntag,Brenntag,2025,Planet,Klima/Transformationspfad,sbti_ba15_status,SBTi Business Ambition 1.5C Status,BA1.5 member,Status,B,sbti-target-dashboard,https://files.sciencebasedtargets.org/production/files/companies-excel.xlsx,Brenntag SE,official_xlsx_import:safe_name_match,0.86,SBTi-Zieldaten; kein Nachweis tatsächlicher Emissionsreduktion.
uwpobs-e0a0013b095679b8,uwp100-brenntag,Brenntag,2025,Planet,Klima/Transformationspfad,sbti_full_target_language,SBTi Zieltext,"Overall Net-Zero Target: Brenntag SE commits to reach net-zero greenhouse gas emissions across the value chain by 2050. Near-Term Targets: Brenntag SE commits to reduce absolute scope 1 and 2 GHG emissions 58.8% by 2034 from a 2023 base year.* Brenntag SE also commits to reduce absolute scope 3 GHG emissions 35% within the same timeframe.*                
*The target boundary includes land-related emissions and removals from bioenergy feedstocks.  Long-Term Targets: Brenntag SE commits to reduce absolute scope 1 and 2 GHG emissions 90% by 2045 from a 2023 base year.* Brenntag SE also commits to reduce absolute scope 3 GHG emissions 90% by 2050 from a 2023 base year.* 
*The target boundary includes land-related emissions and removals from bioenergy feedstocks. ",Text,B,sbti-target-dashboard,https://files.sciencebasedtargets.org/production/files/companies-excel.xlsx,Brenntag SE,official_xlsx_import:safe_name_match,0.86,SBTi-Zieldaten; kein Nachweis tatsächlicher Emissionsreduktion.
uwpobs-c08fa26407a367c4,uwp100-brenntag,Brenntag,2025,Planet,Klima/Transformationspfad,sbti_near_term_status,SBTi Near-Term Zielstatus,Targets set,Status,A,sbti-target-dashboard,https://files.sciencebasedtargets.org/production/files/companies-excel.xlsx,Brenntag SE,official_xlsx_import:safe_name_match,0.86,SBTi-Zieldaten; kein Nachweis tatsächlicher Emissionsreduktion.
uwpobs-a7979bca88dedc19,uwp100-brenntag,Brenntag,2025,Planet,Klima/Transformationspfad,sbti_near_term_target_classification,SBTi Near-Term Zielklassifikation,1.5°C,Klassifikation,A,sbti-target-dashboard,https://files.sciencebasedtargets.org/production/files/companies-excel.xlsx,Brenntag SE,official_xlsx_import:safe_name_match,0.86,SBTi-Zieldaten; kein Nachweis tatsächlicher Emissionsreduktion.
uwpobs-fb124381bb28a9c6,uwp100-brenntag,Brenntag,2025,Planet,Klima/Transformationspfad,sbti_near_term_target_year,SBTi Near-Term Zieljahr,2034,Jahr,A,sbti-target-dashboard,https://files.sciencebasedtargets.org/production/files/companies-excel.xlsx,Brenntag SE,official_xlsx_import:safe_name_match,0.86,SBTi-Zieldaten; kein Nachweis tatsächlicher Emissionsreduktion.
uwpobs-5433ce8c625c1c7e,uwp100-brenntag,Brenntag,2025,Planet,Klima/Transformationspfad,sbti_target_classification_long,SBTi Zielklassifikation Langtext,The targets covering greenhouse gas emissions from company operations (scopes 1 and 2) are consistent with reductions required to keep warming to 1.5°C,Text,B,sbti-target-dashboard,https://files.sciencebasedtargets.org/production/files/companies-excel.xlsx,Brenntag SE,official_xlsx_import:safe_name_match,0.86,SBTi-Zieldaten; kein Nachweis tatsächlicher Emissionsreduktion.
uwpobs-879548e26be5d05a,uwp100-brenntag,Brenntag,2025,Transformation,Net-Zero/Transformation,sbti_long_term_status,SBTi Long-Term Zielstatus,Targets set,Status,A,sbti-target-dashboard,https://files.sciencebasedtargets.org/production/files/companies-excel.xlsx,Brenntag SE,official_xlsx_import:safe_name_match,0.86,SBTi-Zieldaten; kein Nachweis tatsächlicher Emissionsreduktion.
uwpobs-51ac5a851c9a7be4,uwp100-brenntag,Brenntag,2025,Transformation,Net-Zero/Transformation,sbti_long_term_target_classification,SBTi Long-Term Zielklassifikation,1.5°C,Klassifikation,A,sbti-target-dashboard,https://files.sciencebasedtargets.org/production/files/companies-excel.xlsx,Brenntag SE,official_xlsx_import:safe_name_match,0.86,SBTi-Zieldaten; kein Nachweis tatsächlicher Emissionsreduktion.
uwpobs-d22ce7701332e7d7,uwp100-brenntag,Brenntag,2025,Transformation,Net-Zero/Transformation,sbti_long_term_target_year,SBTi Long-Term Zieljahr,2050,Jahr,A,sbti-target-dashboard,https://files.sciencebasedtargets.org/production/files/companies-excel.xlsx,Brenntag SE,official_xlsx_import:safe_name_match,0.86,SBTi-Zieldaten; kein Nachweis tatsächlicher Emissionsreduktion.
uwpobs-3cf67631a4a9651e,uwp100-brenntag,Brenntag,2025,Transformation,Net-Zero/Transformation,sbti_net_zero_status,SBTi Net-Zero Status,Targets set,Status,A,sbti-target-dashboard,https://files.sciencebasedtargets.org/production/files/companies-excel.xlsx,Brenntag SE,official_xlsx_import:safe_name_match,0.86,SBTi-Zieldaten; kein Nachweis tatsächlicher Emissionsreduktion.
uwpobs-53e760812356fa6c,uwp100-brenntag,Brenntag,2025,Transformation,Net-Zero/Transformation,sbti_net_zero_year,SBTi Net-Zero Zieljahr,2050,Jahr,A,sbti-target-dashboard,https://files.sciencebasedtargets.org/production/files/companies-excel.xlsx,Brenntag SE,official_xlsx_import:safe_name_match,0.86,SBTi-Zieldaten; kein Nachweis tatsächlicher Emissionsreduktion.
uwpobs-8c846ef36cc79515,uwp100-brenntag,Brenntag,2024,Demokratie,Steuertransparenz,cbcr_tax_transparency,Country-by-Country Reporting / Steuertransparenz,,Status,E,uwp-required-field-gap,,,required_field_gap_rendered,0.0,"UWP-Kernfeld noch nicht maschinell aus einer versionierten Primärquelle belegt; nicht schätzen, nicht mit 0 füllen."
uwpobs-79c5c7fb940c4a1a,uwp100-brenntag,Brenntag,2024,Demokratie,Datenschutz,data_privacy_incidents,Datenschutzverstöße / Bußgelder,,Anzahl/Status,E,uwp-required-field-gap,,,required_field_gap_rendered,0.0,"UWP-Kernfeld noch nicht maschinell aus einer versionierten Primärquelle belegt; nicht schätzen, nicht mit 0 füllen."
uwpobs-c21a6a06a592d877,uwp100-brenntag,Brenntag,2024,Demokratie,Lobbying/Einflussnahme,lobbying_transparency,Lobbying-Transparenz,,Status,E,uwp-required-field-gap,,,required_field_gap_rendered,0.0,"UWP-Kernfeld noch nicht maschinell aus einer versionierten Primärquelle belegt; nicht schätzen, nicht mit 0 füllen."
uwpobs-87fa839ca433ccfb,uwp100-brenntag,Brenntag,2024,Demokratie,Compliance/Whistleblowing,whistleblowing_cases,Whistleblowing-Fälle und Abhilfe,,Anzahl/Status,E,uwp-required-field-gap,,,required_field_gap_rendered,0.0,"UWP-Kernfeld noch nicht maschinell aus einer versionierten Primärquelle belegt; nicht schätzen, nicht mit 0 füllen."
uwpobs-f0cef61c4777e5d3,uwp100-brenntag,Brenntag,2024,Mensch,Arbeitssicherheit,ltifr,Lost Time Injury Frequency Rate,,je Mio. Arbeitsstunden,E,uwp-required-field-gap,,,required_field_gap_rendered,0.0,"UWP-Kernfeld noch nicht maschinell aus einer versionierten Primärquelle belegt; nicht schätzen, nicht mit 0 füllen."
uwpobs-d241e69437fef97c,uwp100-brenntag,Brenntag,2024,Mensch,Diversität/Teilhabe,women_management_share,Frauenanteil Management,,%,E,uwp-required-field-gap,,,required_field_gap_rendered,0.0,"UWP-Kernfeld noch nicht maschinell aus einer versionierten Primärquelle belegt; nicht schätzen, nicht mit 0 füllen."
uwpobs-30361d584633079c,uwp100-brenntag,Brenntag,2024,Planet,Energie,renewable_electricity_share,Erneuerbarer Strom,,%,E,uwp-required-field-gap,,,required_field_gap_rendered,0.0,"UWP-Kernfeld noch nicht maschinell aus einer versionierten Primärquelle belegt; nicht schätzen, nicht mit 0 füllen."
uwpobs-8af3cb73af017429,uwp100-brenntag,Brenntag,2024,Planet,Klima,scope_1_2_ghg_absolute,Scope 1+2 absolut,,t CO2e,E,uwp-required-field-gap,,,required_field_gap_rendered,0.0,"UWP-Kernfeld noch nicht maschinell aus einer versionierten Primärquelle belegt; nicht schätzen, nicht mit 0 füllen."
uwpobs-43e1fa513e793eeb,uwp100-brenntag,Brenntag,2024,Planet,Lieferkette/Klima,scope_3_ghg_absolute,Scope 3 absolut,,t CO2e,E,uwp-required-field-gap,,,required_field_gap_rendered,0.0,"UWP-Kernfeld noch nicht maschinell aus einer versionierten Primärquelle belegt; nicht schätzen, nicht mit 0 füllen."
uwpobs-fdf4b195a83769ff,uwp100-brenntag,Brenntag,2024,Transformation,EU-Taxonomie,taxonomy_aligned_revenue_share,Taxonomie-konformer Umsatzanteil,,%,E,uwp-required-field-gap,,,required_field_gap_rendered,0.0,"UWP-Kernfeld noch nicht maschinell aus einer versionierten Primärquelle belegt; nicht schätzen, nicht mit 0 füllen."
uwpobs-d4bcd91829ae22fd,uwp100-cancom-se,Cancom SE,2024,Demokratie,Steuertransparenz,cbcr_tax_transparency,Country-by-Country Reporting / Steuertransparenz,,Status,E,uwp-required-field-gap,,,required_field_gap_rendered,0.0,"UWP-Kernfeld noch nicht maschinell aus einer versionierten Primärquelle belegt; nicht schätzen, nicht mit 0 füllen."
uwpobs-5a5259e7d720b20b,uwp100-cancom-se,Cancom SE,2024,Demokratie,Datenschutz,data_privacy_incidents,Datenschutzverstöße / Bußgelder,,Anzahl/Status,E,uwp-required-field-gap,,,required_field_gap_rendered,0.0,"UWP-Kernfeld noch nicht maschinell aus einer versionierten Primärquelle belegt; nicht schätzen, nicht mit 0 füllen."
uwpobs-69c9510dabcf11cd,uwp100-cancom-se,Cancom SE,2024,Demokratie,Lobbying/Einflussnahme,lobbying_transparency,Lobbying-Transparenz,,Status,E,uwp-required-field-gap,,,required_field_gap_rendered,0.0,"UWP-Kernfeld noch nicht maschinell aus einer versionierten Primärquelle belegt; nicht schätzen, nicht mit 0 füllen."
uwpobs-7f15cff20ab7001b,uwp100-cancom-se,Cancom SE,2024,Demokratie,Compliance/Whistleblowing,whistleblowing_cases,Whistleblowing-Fälle und Abhilfe,,Anzahl/Status,E,uwp-required-field-gap,,,required_field_gap_rendered,0.0,"UWP-Kernfeld noch nicht maschinell aus einer versionierten Primärquelle belegt; nicht schätzen, nicht mit 0 füllen."
uwpobs-2e668a8228d57cff,uwp100-cancom-se,Cancom SE,2024,Mensch,Arbeitssicherheit,ltifr,Lost Time Injury Frequency Rate,,je Mio. Arbeitsstunden,E,uwp-required-field-gap,,,required_field_gap_rendered,0.0,"UWP-Kernfeld noch nicht maschinell aus einer versionierten Primärquelle belegt; nicht schätzen, nicht mit 0 füllen."
uwpobs-8ca65353da99b470,uwp100-cancom-se,Cancom SE,2024,Mensch,Diversität/Teilhabe,women_management_share,Frauenanteil Management,,%,E,uwp-required-field-gap,,,required_field_gap_rendered,0.0,"UWP-Kernfeld noch nicht maschinell aus einer versionierten Primärquelle belegt; nicht schätzen, nicht mit 0 füllen."
uwpobs-37e2c8c6bda7399b,uwp100-cancom-se,Cancom SE,2024,Planet,Energie,renewable_electricity_share,Erneuerbarer Strom,,%,E,uwp-required-field-gap,,,required_field_gap_rendered,0.0,"UWP-Kernfeld noch nicht maschinell aus einer versionierten Primärquelle belegt; nicht schätzen, nicht mit 0 füllen."
uwpobs-dcd3c8edc1d5c89f,uwp100-cancom-se,Cancom SE,2025,Planet,Klima/Transformationspfad,sbti_profile_available,SBTi Zielprofil sicher matchbar,,Status,E,sbti-target-dashboard,https://files.sciencebasedtargets.org/production/files/companies-excel.xlsx,,official_xlsx_import_no_safe_match,0.0,Kein sicherer SBTi-Match für Cancom SE im offiziellen Target Dashboard. Das ist keine negative Klimabewertung.
uwpobs-1ac16ada46796b94,uwp100-cancom-se,Cancom SE,2024,Planet,Klima,scope_1_2_ghg_absolute,Scope 1+2 absolut,,t CO2e,E,uwp-required-field-gap,,,required_field_gap_rendered,0.0,"UWP-Kernfeld noch nicht maschinell aus einer versionierten Primärquelle belegt; nicht schätzen, nicht mit 0 füllen."
uwpobs-91ad0b047fbba59b,uwp100-cancom-se,Cancom SE,2024,Planet,Lieferkette/Klima,scope_3_ghg_absolute,Scope 3 absolut,,t CO2e,E,uwp-required-field-gap,,,required_field_gap_rendered,0.0,"UWP-Kernfeld noch nicht maschinell aus einer versionierten Primärquelle belegt; nicht schätzen, nicht mit 0 füllen."
uwpobs-7b2857f8a1e67500,uwp100-cancom-se,Cancom SE,2024,Transformation,EU-Taxonomie,taxonomy_aligned_revenue_share,Taxonomie-konformer Umsatzanteil,,%,E,uwp-required-field-gap,,,required_field_gap_rendered,0.0,"UWP-Kernfeld noch nicht maschinell aus einer versionierten Primärquelle belegt; nicht schätzen, nicht mit 0 füllen."
uwpobs-b152c6056e9f0bc7,uwp100-carl-zeiss-meditec,Carl Zeiss Meditec,2024,Demokratie,Steuertransparenz,cbcr_tax_transparency,Country-by-Country Reporting / Steuertransparenz,,Status,E,uwp-required-field-gap,,,required_field_gap_rendered,0.0,"UWP-Kernfeld noch nicht maschinell aus einer versionierten Primärquelle belegt; nicht schätzen, nicht mit 0 füllen."
uwpobs-46fa71a47e451cac,uwp100-carl-zeiss-meditec,Carl Zeiss Meditec,2024,Demokratie,Datenschutz,data_privacy_incidents,Datenschutzverstöße / Bußgelder,,Anzahl/Status,E,uwp-required-field-gap,,,required_field_gap_rendered,0.0,"UWP-Kernfeld noch nicht maschinell aus einer versionierten Primärquelle belegt; nicht schätzen, nicht mit 0 füllen."
uwpobs-8763464354510412,uwp100-carl-zeiss-meditec,Carl Zeiss Meditec,2024,Demokratie,Lobbying/Einflussnahme,lobbying_transparency,Lobbying-Transparenz,,Status,E,uwp-required-field-gap,,,required_field_gap_rendered,0.0,"UWP-Kernfeld noch nicht maschinell aus einer versionierten Primärquelle belegt; nicht schätzen, nicht mit 0 füllen."
uwpobs-7ea07a6c958e14a5,uwp100-carl-zeiss-meditec,Carl Zeiss Meditec,2024,Demokratie,Compliance/Whistleblowing,whistleblowing_cases,Whistleblowing-Fälle und Abhilfe,,Anzahl/Status,E,uwp-required-field-gap,,,required_field_gap_rendered,0.0,"UWP-Kernfeld noch nicht maschinell aus einer versionierten Primärquelle belegt; nicht schätzen, nicht mit 0 füllen."
uwpobs-c0e9844ca7522916,uwp100-carl-zeiss-meditec,Carl Zeiss Meditec,2024,Mensch,Arbeitssicherheit,ltifr,Lost Time Injury Frequency Rate,,je Mio. Arbeitsstunden,E,uwp-required-field-gap,,,required_field_gap_rendered,0.0,"UWP-Kernfeld noch nicht maschinell aus einer versionierten Primärquelle belegt; nicht schätzen, nicht mit 0 füllen."
uwpobs-2ca42d21837f297f,uwp100-carl-zeiss-meditec,Carl Zeiss Meditec,2024,Mensch,Diversität/Teilhabe,women_management_share,Frauenanteil Management,,%,E,uwp-required-field-gap,,,required_field_gap_rendered,0.0,"UWP-Kernfeld noch nicht maschinell aus einer versionierten Primärquelle belegt; nicht schätzen, nicht mit 0 füllen."
uwpobs-e36600d55abfbdd5,uwp100-carl-zeiss-meditec,Carl Zeiss Meditec,2024,Planet,Energie,renewable_electricity_share,Erneuerbarer Strom,,%,E,uwp-required-field-gap,,,required_field_gap_rendered,0.0,"UWP-Kernfeld noch nicht maschinell aus einer versionierten Primärquelle belegt; nicht schätzen, nicht mit 0 füllen."
uwpobs-f5c684945c532b35,uwp100-carl-zeiss-meditec,Carl Zeiss Meditec,2025,Planet,Klima/Transformationspfad,sbti_profile_available,SBTi Zielprofil sicher matchbar,,Status,E,sbti-target-dashboard,https://files.sciencebasedtargets.org/production/files/companies-excel.xlsx,,official_xlsx_import_no_safe_match,0.0,Kein sicherer SBTi-Match für Carl Zeiss Meditec im offiziellen Target Dashboard. Das ist keine negative Klimabewertung.
uwpobs-b0c624315080765d,uwp100-carl-zeiss-meditec,Carl Zeiss Meditec,2024,Planet,Klima,scope_1_2_ghg_absolute,Scope 1+2 absolut,,t CO2e,E,uwp-required-field-gap,,,required_field_gap_rendered,0.0,"UWP-Kernfeld noch nicht maschinell aus einer versionierten Primärquelle belegt; nicht schätzen, nicht mit 0 füllen."
uwpobs-827e983bff44b2a4,uwp100-carl-zeiss-meditec,Carl Zeiss Meditec,2024,Planet,Lieferkette/Klima,scope_3_ghg_absolute,Scope 3 absolut,,t CO2e,E,uwp-required-field-gap,,,required_field_gap_rendered,0.0,"UWP-Kernfeld noch nicht maschinell aus einer versionierten Primärquelle belegt; nicht schätzen, nicht mit 0 füllen."
uwpobs-268a5202cffdd0ec,uwp100-carl-zeiss-meditec,Carl Zeiss Meditec,2024,Transformation,EU-Taxonomie,taxonomy_aligned_revenue_share,Taxonomie-konformer Umsatzanteil,,%,E,uwp-required-field-gap,,,required_field_gap_rendered,0.0,"UWP-Kernfeld noch nicht maschinell aus einer versionierten Primärquelle belegt; nicht schätzen, nicht mit 0 füllen."
uwpobs-b892e83d2cbfa450,uwp100-cewe-stiftung-co-kgaa,Cewe Stiftung & Co. KGaA,2017,Datenqualität,Quellenstand,sbti_date_updated,SBTi Datenstand,2017-07-20,Datum,A,sbti-target-dashboard,https://files.sciencebasedtargets.org/production/files/companies-excel.xlsx,CEWE Stiftung & Co. KGaA,official_xlsx_import:safe_name_match,0.86,SBTi-Zieldaten; kein Nachweis tatsächlicher Emissionsreduktion.
uwpobs-eb2350bda00fa578,uwp100-cewe-stiftung-co-kgaa,Cewe Stiftung & Co. KGaA,2017,Planet,Klima/Transformationspfad,sbti_full_target_language,SBTi Zieltext,"European photo service and online printing partner CEWE commits to reduce absolute scope 1 and scope 2 emissions 50% by 2025 from a 2015 base-year. In addition, the company commits to reduce absolute scope 3 emissions 25% within the same timeframe.",Text,B,sbti-target-dashboard,https://files.sciencebasedtargets.org/production/files/companies-excel.xlsx,CEWE Stiftung & Co. KGaA,official_xlsx_import:safe_name_match,0.86,SBTi-Zieldaten; kein Nachweis tatsächlicher Emissionsreduktion.
uwpobs-e2d27cc03eb4c690,uwp100-cewe-stiftung-co-kgaa,Cewe Stiftung & Co. KGaA,2017,Planet,Klima/Transformationspfad,sbti_near_term_status,SBTi Near-Term Zielstatus,Targets set,Status,A,sbti-target-dashboard,https://files.sciencebasedtargets.org/production/files/companies-excel.xlsx,CEWE Stiftung & Co. KGaA,official_xlsx_import:safe_name_match,0.86,SBTi-Zieldaten; kein Nachweis tatsächlicher Emissionsreduktion.
uwpobs-b0af3fb7c2843477,uwp100-cewe-stiftung-co-kgaa,Cewe Stiftung & Co. KGaA,2017,Planet,Klima/Transformationspfad,sbti_near_term_target_classification,SBTi Near-Term Zielklassifikation,1.5°C,Klassifikation,A,sbti-target-dashboard,https://files.sciencebasedtargets.org/production/files/companies-excel.xlsx,CEWE Stiftung & Co. KGaA,official_xlsx_import:safe_name_match,0.86,SBTi-Zieldaten; kein Nachweis tatsächlicher Emissionsreduktion.
uwpobs-f47a190bc3c8a286,uwp100-cewe-stiftung-co-kgaa,Cewe Stiftung & Co. KGaA,2017,Planet,Klima/Transformationspfad,sbti_near_term_target_year,SBTi Near-Term Zieljahr,2025,Jahr,A,sbti-target-dashboard,https://files.sciencebasedtargets.org/production/files/companies-excel.xlsx,CEWE Stiftung & Co. KGaA,official_xlsx_import:safe_name_match,0.86,SBTi-Zieldaten; kein Nachweis tatsächlicher Emissionsreduktion.
uwpobs-8829eab43f2ab5da,uwp100-cewe-stiftung-co-kgaa,Cewe Stiftung & Co. KGaA,2017,Planet,Klima/Transformationspfad,sbti_target_classification_long,SBTi Zielklassifikation Langtext,The targets covering greenhouse gas emissions from company operations (scopes 1 and 2) are consistent with reductions required to keep warming to 1.5°C,Text,B,sbti-target-dashboard,https://files.sciencebasedtargets.org/production/files/companies-excel.xlsx,CEWE Stiftung & Co. KGaA,official_xlsx_import:safe_name_match,0.86,SBTi-Zieldaten; kein Nachweis tatsächlicher Emissionsreduktion.
uwpobs-7346cd05e5241c96,uwp100-cewe-stiftung-co-kgaa,Cewe Stiftung & Co. KGaA,2024,Demokratie,Steuertransparenz,cbcr_tax_transparency,Country-by-Country Reporting / Steuertransparenz,,Status,E,uwp-required-field-gap,,,required_field_gap_rendered,0.0,"UWP-Kernfeld noch nicht maschinell aus einer versionierten Primärquelle belegt; nicht schätzen, nicht mit 0 füllen."
uwpobs-14cbc5f89581f431,uwp100-cewe-stiftung-co-kgaa,Cewe Stiftung & Co. KGaA,2024,Demokratie,Datenschutz,data_privacy_incidents,Datenschutzverstöße / Bußgelder,,Anzahl/Status,E,uwp-required-field-gap,,,required_field_gap_rendered,0.0,"UWP-Kernfeld noch nicht maschinell aus einer versionierten Primärquelle belegt; nicht schätzen, nicht mit 0 füllen."
uwpobs-c4b1a39299648dbb,uwp100-cewe-stiftung-co-kgaa,Cewe Stiftung & Co. KGaA,2024,Demokratie,Lobbying/Einflussnahme,lobbying_transparency,Lobbying-Transparenz,,Status,E,uwp-required-field-gap,,,required_field_gap_rendered,0.0,"UWP-Kernfeld noch nicht maschinell aus einer versionierten Primärquelle belegt; nicht schätzen, nicht mit 0 füllen."
uwpobs-c5683d1c63c26459,uwp100-cewe-stiftung-co-kgaa,Cewe Stiftung & Co. KGaA,2024,Demokratie,Compliance/Whistleblowing,whistleblowing_cases,Whistleblowing-Fälle und Abhilfe,,Anzahl/Status,E,uwp-required-field-gap,,,required_field_gap_rendered,0.0,"UWP-Kernfeld noch nicht maschinell aus einer versionierten Primärquelle belegt; nicht schätzen, nicht mit 0 füllen."
uwpobs-c45a1b2b01739738,uwp100-cewe-stiftung-co-kgaa,Cewe Stiftung & Co. KGaA,2024,Mensch,Arbeitssicherheit,ltifr,Lost Time Injury Frequency Rate,,je Mio. Arbeitsstunden,E,uwp-required-field-gap,,,required_field_gap_rendered,0.0,"UWP-Kernfeld noch nicht maschinell aus einer versionierten Primärquelle belegt; nicht schätzen, nicht mit 0 füllen."
uwpobs-427caadfdbdcb2b5,uwp100-cewe-stiftung-co-kgaa,Cewe Stiftung & Co. KGaA,2024,Mensch,Diversität/Teilhabe,women_management_share,Frauenanteil Management,,%,E,uwp-required-field-gap,,,required_field_gap_rendered,0.0,"UWP-Kernfeld noch nicht maschinell aus einer versionierten Primärquelle belegt; nicht schätzen, nicht mit 0 füllen."
uwpobs-bbfa7da89d783b8d,uwp100-cewe-stiftung-co-kgaa,Cewe Stiftung & Co. KGaA,2024,Planet,Energie,renewable_electricity_share,Erneuerbarer Strom,,%,E,uwp-required-field-gap,,,required_field_gap_rendered,0.0,"UWP-Kernfeld noch nicht maschinell aus einer versionierten Primärquelle belegt; nicht schätzen, nicht mit 0 füllen."
uwpobs-cd43dd08dbf1a10f,uwp100-cewe-stiftung-co-kgaa,Cewe Stiftung & Co. KGaA,2024,Planet,Klima,scope_1_2_ghg_absolute,Scope 1+2 absolut,,t CO2e,E,uwp-required-field-gap,,,required_field_gap_rendered,0.0,"UWP-Kernfeld noch nicht maschinell aus einer versionierten Primärquelle belegt; nicht schätzen, nicht mit 0 füllen."
uwpobs-8ae5b88fd2f3a20e,uwp100-cewe-stiftung-co-kgaa,Cewe Stiftung & Co. KGaA,2024,Planet,Lieferkette/Klima,scope_3_ghg_absolute,Scope 3 absolut,,t CO2e,E,uwp-required-field-gap,,,required_field_gap_rendered,0.0,"UWP-Kernfeld noch nicht maschinell aus einer versionierten Primärquelle belegt; nicht schätzen, nicht mit 0 füllen."
uwpobs-9fdd3a9af10e6374,uwp100-cewe-stiftung-co-kgaa,Cewe Stiftung & Co. KGaA,2024,Transformation,EU-Taxonomie,taxonomy_aligned_revenue_share,Taxonomie-konformer Umsatzanteil,,%,E,uwp-required-field-gap,,,required_field_gap_rendered,0.0,"UWP-Kernfeld noch nicht maschinell aus einer versionierten Primärquelle belegt; nicht schätzen, nicht mit 0 füllen."
uwpobs-79bea9359f05cbe7,uwp100-commerzbank,Commerzbank,2025,Datenqualität,Quellenstand,sbti_date_updated,SBTi Datenstand,2025-09-04,Datum,A,sbti-target-dashboard,https://files.sciencebasedtargets.org/production/files/companies-excel.xlsx,Commerzbank AG,official_xlsx_import:safe_name_match,0.86,SBTi-Zieldaten; kein Nachweis tatsächlicher Emissionsreduktion.
uwpobs-5e686d2daf4b5891,uwp100-commerzbank,Commerzbank,2025,Planet,Klima/Transformationspfad,sbti_full_target_language,SBTi Zieltext,"Headline target: Commerzbank AG's portfolio targets cover 34% of its total investment and
lending by total risk-weighted assets as of 2021.* As of that year, required activities made up 34% of Commerzbank AG’s total investment and lending by total risk-weighted assets while optional activities made up 14% and out of scope activities made up 52%.
*These targets and coverage % do include third-party asset management activities. Third-party asset management activities made up 7% of total investment, lending and asset management activities by total balance sheet assets and assets under management. 
https://files.sciencebasedtargets.org/production/files/Target-language-and-summary_Commerzbank-AG.pdf ",Text,B,sbti-target-dashboard,https://files.sciencebasedtargets.org/production/files/companies-excel.xlsx,Commerzbank AG,official_xlsx_import:safe_name_match,0.86,SBTi-Zieldaten; kein Nachweis tatsächlicher Emissionsreduktion.
uwpobs-6eddb6ac215fd511,uwp100-commerzbank,Commerzbank,2025,Planet,Klima/Transformationspfad,sbti_near_term_status,SBTi Near-Term Zielstatus,Targets set,Status,A,sbti-target-dashboard,https://files.sciencebasedtargets.org/production/files/companies-excel.xlsx,Commerzbank AG,official_xlsx_import:safe_name_match,0.86,SBTi-Zieldaten; kein Nachweis tatsächlicher Emissionsreduktion.
uwpobs-8cc000e2a9caf214,uwp100-commerzbank,Commerzbank,2025,Planet,Klima/Transformationspfad,sbti_near_term_target_classification,SBTi Near-Term Zielklassifikation,1.5°C,Klassifikation,A,sbti-target-dashboard,https://files.sciencebasedtargets.org/production/files/companies-excel.xlsx,Commerzbank AG,official_xlsx_import:safe_name_match,0.86,SBTi-Zieldaten; kein Nachweis tatsächlicher Emissionsreduktion.
uwpobs-0c8949fae240126a,uwp100-commerzbank,Commerzbank,2025,Planet,Klima/Transformationspfad,sbti_near_term_target_year,SBTi Near-Term Zieljahr,2026,Jahr,A,sbti-target-dashboard,https://files.sciencebasedtargets.org/production/files/companies-excel.xlsx,Commerzbank AG,official_xlsx_import:safe_name_match,0.86,SBTi-Zieldaten; kein Nachweis tatsächlicher Emissionsreduktion.
uwpobs-3c2dab635dcb124e,uwp100-commerzbank,Commerzbank,2025,Planet,Klima/Transformationspfad,sbti_target_classification_long,SBTi Zielklassifikation Langtext,The targets covering greenhouse gas emissions from company operations (scopes 1 and 2) are consistent with reductions required to keep warming to 1.5°C,Text,B,sbti-target-dashboard,https://files.sciencebasedtargets.org/production/files/companies-excel.xlsx,Commerzbank AG,official_xlsx_import:safe_name_match,0.86,SBTi-Zieldaten; kein Nachweis tatsächlicher Emissionsreduktion.
uwpobs-33e972faefec30e6,uwp100-commerzbank,Commerzbank,2024,Demokratie,Steuertransparenz,cbcr_tax_transparency,Country-by-Country Reporting / Steuertransparenz,,Status,E,uwp-required-field-gap,,,required_field_gap_rendered,0.0,"UWP-Kernfeld noch nicht maschinell aus einer versionierten Primärquelle belegt; nicht schätzen, nicht mit 0 füllen."
uwpobs-6c97736ebdfc304a,uwp100-commerzbank,Commerzbank,2024,Demokratie,Datenschutz,data_privacy_incidents,Datenschutzverstöße / Bußgelder,,Anzahl/Status,E,uwp-required-field-gap,,,required_field_gap_rendered,0.0,"UWP-Kernfeld noch nicht maschinell aus einer versionierten Primärquelle belegt; nicht schätzen, nicht mit 0 füllen."
uwpobs-7d35a456a4eddab8,uwp100-commerzbank,Commerzbank,2024,Demokratie,Lobbying/Einflussnahme,lobbying_transparency,Lobbying-Transparenz,,Status,E,uwp-required-field-gap,,,required_field_gap_rendered,0.0,"UWP-Kernfeld noch nicht maschinell aus einer versionierten Primärquelle belegt; nicht schätzen, nicht mit 0 füllen."
uwpobs-cc159a12905569cf,uwp100-commerzbank,Commerzbank,2024,Demokratie,Compliance/Whistleblowing,whistleblowing_cases,Whistleblowing-Fälle und Abhilfe,,Anzahl/Status,E,uwp-required-field-gap,,,required_field_gap_rendered,0.0,"UWP-Kernfeld noch nicht maschinell aus einer versionierten Primärquelle belegt; nicht schätzen, nicht mit 0 füllen."
uwpobs-e993e4734116c57c,uwp100-commerzbank,Commerzbank,2024,Mensch,Arbeitssicherheit,ltifr,Lost Time Injury Frequency Rate,,je Mio. Arbeitsstunden,E,uwp-required-field-gap,,,required_field_gap_rendered,0.0,"UWP-Kernfeld noch nicht maschinell aus einer versionierten Primärquelle belegt; nicht schätzen, nicht mit 0 füllen."
uwpobs-c11a53eb5ab24433,uwp100-commerzbank,Commerzbank,2024,Mensch,Diversität/Teilhabe,women_management_share,Frauenanteil Management,,%,E,uwp-required-field-gap,,,required_field_gap_rendered,0.0,"UWP-Kernfeld noch nicht maschinell aus einer versionierten Primärquelle belegt; nicht schätzen, nicht mit 0 füllen."
uwpobs-b4ceaaf203e7094c,uwp100-commerzbank,Commerzbank,2024,Planet,Energie,renewable_electricity_share,Erneuerbarer Strom,,%,E,uwp-required-field-gap,,,required_field_gap_rendered,0.0,"UWP-Kernfeld noch nicht maschinell aus einer versionierten Primärquelle belegt; nicht schätzen, nicht mit 0 füllen."
uwpobs-0ad90a9871ac54da,uwp100-commerzbank,Commerzbank,2024,Planet,Klima,scope_1_2_ghg_absolute,Scope 1+2 absolut,,t CO2e,E,uwp-required-field-gap,,,required_field_gap_rendered,0.0,"UWP-Kernfeld noch nicht maschinell aus einer versionierten Primärquelle belegt; nicht schätzen, nicht mit 0 füllen."
uwpobs-4a8e7d018320205d,uwp100-commerzbank,Commerzbank,2024,Planet,Lieferkette/Klima,scope_3_ghg_absolute,Scope 3 absolut,,t CO2e,E,uwp-required-field-gap,,,required_field_gap_rendered,0.0,"UWP-Kernfeld noch nicht maschinell aus einer versionierten Primärquelle belegt; nicht schätzen, nicht mit 0 füllen."
uwpobs-6867ee40428fb211,uwp100-commerzbank,Commerzbank,2024,Transformation,EU-Taxonomie,taxonomy_aligned_revenue_share,Taxonomie-konformer Umsatzanteil,,%,E,uwp-required-field-gap,,,required_field_gap_rendered,0.0,"UWP-Kernfeld noch nicht maschinell aus einer versionierten Primärquelle belegt; nicht schätzen, nicht mit 0 füllen."
uwpobs-bc13d4eab406414d,uwp100-continental,Continental,2020,Datenqualität,Quellenstand,sbti_date_updated,SBTi Datenstand,2020-12-03,Datum,A,sbti-target-dashboard,https://files.sciencebasedtargets.org/production/files/companies-excel.xlsx,Continental,official_xlsx_import:safe_name_match,0.86,SBTi-Zieldaten; kein Nachweis tatsächlicher Emissionsreduktion.
uwpobs-3f09f986a6c3ce75,uwp100-continental,Continental,2020,Planet,Klima/Transformationspfad,sbti_full_target_language,SBTi Zieltext,"Continental AG commits to reduce absolute scope 1 and 2 GHG emissions 75% by 2030 from a 2019 base year. Continental AG also commits to reduce absolute scope 3 GHG emissions 30% over the same timeframe. In addition, Continental AG commits to reduce indirect use-phase emissions associated with products used in motor vehicles 30% over the same timeframe.",Text,B,sbti-target-dashboard,https://files.sciencebasedtargets.org/production/files/companies-excel.xlsx,Continental,official_xlsx_import:safe_name_match,0.86,SBTi-Zieldaten; kein Nachweis tatsächlicher Emissionsreduktion.
uwpobs-c449d086280e5c1e,uwp100-continental,Continental,2020,Planet,Klima/Transformationspfad,sbti_near_term_status,SBTi Near-Term Zielstatus,Targets set,Status,A,sbti-target-dashboard,https://files.sciencebasedtargets.org/production/files/companies-excel.xlsx,Continental,official_xlsx_import:safe_name_match,0.86,SBTi-Zieldaten; kein Nachweis tatsächlicher Emissionsreduktion.
uwpobs-dba8e4770d91e3cd,uwp100-continental,Continental,2020,Planet,Klima/Transformationspfad,sbti_near_term_target_classification,SBTi Near-Term Zielklassifikation,1.5°C,Klassifikation,A,sbti-target-dashboard,https://files.sciencebasedtargets.org/production/files/companies-excel.xlsx,Continental,official_xlsx_import:safe_name_match,0.86,SBTi-Zieldaten; kein Nachweis tatsächlicher Emissionsreduktion.
uwpobs-4c20cf0d1693cd13,uwp100-continental,Continental,2020,Planet,Klima/Transformationspfad,sbti_near_term_target_year,SBTi Near-Term Zieljahr,2030,Jahr,A,sbti-target-dashboard,https://files.sciencebasedtargets.org/production/files/companies-excel.xlsx,Continental,official_xlsx_import:safe_name_match,0.86,SBTi-Zieldaten; kein Nachweis tatsächlicher Emissionsreduktion.
uwpobs-167f00bc0686e2dc,uwp100-continental,Continental,2020,Planet,Klima/Transformationspfad,sbti_target_classification_long,SBTi Zielklassifikation Langtext,The targets covering greenhouse gas emissions from company operations (scopes 1 and 2) are consistent with reductions required to keep warming to 1.5°C,Text,B,sbti-target-dashboard,https://files.sciencebasedtargets.org/production/files/companies-excel.xlsx,Continental,official_xlsx_import:safe_name_match,0.86,SBTi-Zieldaten; kein Nachweis tatsächlicher Emissionsreduktion.
uwpobs-c3a958a97cac9024,uwp100-continental,Continental,2023,Planet,Energie,wikirate_gri_energy_consumption,GRI 302-1 Total energy consumption,29880000,Gigajoules,C,wikirate-open-esg,https://wikirate.org/~18820366,https://wikirate.org/~18820150,wikirate_bulk_csv_export,0.62,WikiRate Community-/Sekundärdaten; Antwortseite und Primärquelle prüfen.
uwpobs-8610663c619be17b,uwp100-continental,Continental,2022,Planet,Energie,wikirate_gri_energy_consumption,GRI 302-1 Total energy consumption,218.5,Gigajoules,C,wikirate-open-esg,https://wikirate.org/~15560681,https://wikirate.org/~15558398,wikirate_bulk_csv_export,0.62,WikiRate Community-/Sekundärdaten; Antwortseite und Primärquelle prüfen.
uwpobs-1e2063d8482d7e4a,uwp100-continental,Continental,2019,Planet,Energie,wikirate_gri_energy_consumption,GRI 302-1 Total energy consumption,34560000,Gigajoules,C,wikirate-open-esg,https://wikirate.org/~6825756,https://wikirate.org/~6823293,wikirate_bulk_csv_export,0.62,WikiRate Community-/Sekundärdaten; Antwortseite und Primärquelle prüfen.
uwpobs-73722be171bf5495,uwp100-continental,Continental,2023,Planet,Klima/Emissionen,wikirate_gri_scope1_ghg,GRI 305-1 Scope 1 GHG emissions,690000,tonnes CO2 equivalent,C,wikirate-open-esg,https://wikirate.org/~18820350,https://wikirate.org/~18820150,wikirate_bulk_csv_export,0.62,WikiRate Community-/Sekundärdaten; Antwortseite und Primärquelle prüfen.
uwpobs-40eb2433b04a3065,uwp100-continental,Continental,2022,Planet,Klima/Emissionen,wikirate_gri_scope1_ghg,GRI 305-1 Scope 1 GHG emissions,0.76,tonnes CO2 equivalent,C,wikirate-open-esg,https://wikirate.org/~15558803,https://wikirate.org/~15558398,wikirate_bulk_csv_export,0.62,WikiRate Community-/Sekundärdaten; Antwortseite und Primärquelle prüfen.
uwpobs-c63fa8d9ed8d2ee4,uwp100-continental,Continental,2019,Planet,Klima/Emissionen,wikirate_gri_scope1_ghg,GRI 305-1 Scope 1 GHG emissions,840000,tonnes CO2 equivalent,C,wikirate-open-esg,https://wikirate.org/~6823328,https://wikirate.org/~6823293,wikirate_bulk_csv_export,0.62,WikiRate Community-/Sekundärdaten; Antwortseite und Primärquelle prüfen.
uwpobs-f92682fa129afc02,uwp100-continental,Continental,2022,Planet,Klima/Emissionen,wikirate_gri_scope2_ghg,GRI 305-2 Scope 2 GHG emissions,0.23,tonnes CO2 equivalent,C,wikirate-open-esg,https://wikirate.org/~15560078,https://wikirate.org/~15558398,wikirate_bulk_csv_export,0.62,WikiRate Community-/Sekundärdaten; Antwortseite und Primärquelle prüfen.
uwpobs-7af8a7fc8fbc407e,uwp100-continental,Continental,2019,Planet,Klima/Emissionen,wikirate_gri_scope2_ghg,GRI 305-2 Scope 2 GHG emissions,2380000,tonnes CO2 equivalent,C,wikirate-open-esg,https://wikirate.org/~6823485,https://wikirate.org/~6823293,wikirate_bulk_csv_export,0.62,WikiRate Community-/Sekundärdaten; Antwortseite und Primärquelle prüfen.
uwpobs-9287c4350065c909,uwp100-continental,Continental,2023,Planet,Lieferkette/Klima,wikirate_gri_scope3_ghg,GRI 305-3 Scope 3 GHG emissions,102730000,tonnes CO2 equivalent,C,wikirate-open-esg,https://wikirate.org/~18820354,https://wikirate.org/~18820150,wikirate_bulk_csv_export,0.62,WikiRate Community-/Sekundärdaten; Antwortseite und Primärquelle prüfen.
uwpobs-68bd4be795131dde,uwp100-continental,Continental,2022,Planet,Lieferkette/Klima,wikirate_gri_scope3_ghg,GRI 305-3 Scope 3 GHG emissions,0.99,tonnes CO2 equivalent,C,wikirate-open-esg,https://wikirate.org/~15560677,https://wikirate.org/~15558398,wikirate_bulk_csv_export,0.62,WikiRate Community-/Sekundärdaten; Antwortseite und Primärquelle prüfen.
uwpobs-effb97b4266af04f,uwp100-continental,Continental,2019,Planet,Lieferkette/Klima,wikirate_gri_scope3_ghg,GRI 305-3 Scope 3 GHG emissions,5820000,tonnes CO2 equivalent,C,wikirate-open-esg,https://wikirate.org/~6823518,https://wikirate.org/~6823293,wikirate_bulk_csv_export,0.62,WikiRate Community-/Sekundärdaten; Antwortseite und Primärquelle prüfen.
uwpobs-f3719d235fe06f30,uwp100-continental,Continental,2023,Planet,Abfall/Ressourcen,wikirate_gri_total_waste,GRI 306-2 Total waste generated,446776,tonnes,C,wikirate-open-esg,https://wikirate.org/~18820313,https://wikirate.org/~18820150,wikirate_bulk_csv_export,0.62,WikiRate Community-/Sekundärdaten; Antwortseite und Primärquelle prüfen.
uwpobs-6230e2ef7ba45324,uwp100-continental,Continental,2022,Planet,Abfall/Ressourcen,wikirate_gri_total_waste,GRI 306-2 Total waste generated,10.2,tonnes,C,wikirate-open-esg,https://wikirate.org/~15560697,https://wikirate.org/~15558398,wikirate_bulk_csv_export,0.62,WikiRate Community-/Sekundärdaten; Antwortseite und Primärquelle prüfen.
uwpobs-324d791415284fc8,uwp100-continental,Continental,2019,Planet,Abfall/Ressourcen,wikirate_gri_total_waste,GRI 306-2 Total waste generated,409280,tonnes,C,wikirate-open-esg,https://wikirate.org/~6825645,https://wikirate.org/~6823293,wikirate_bulk_csv_export,0.62,WikiRate Community-/Sekundärdaten; Antwortseite und Primärquelle prüfen.
uwpobs-4b3f890e591a3fd0,uwp100-continental,Continental,2024,Demokratie,Steuertransparenz,cbcr_tax_transparency,Country-by-Country Reporting / Steuertransparenz,,Status,E,uwp-required-field-gap,,,required_field_gap_rendered,0.0,"UWP-Kernfeld noch nicht maschinell aus einer versionierten Primärquelle belegt; nicht schätzen, nicht mit 0 füllen."
uwpobs-1d5706ea46b2b789,uwp100-continental,Continental,2024,Demokratie,Datenschutz,data_privacy_incidents,Datenschutzverstöße / Bußgelder,,Anzahl/Status,E,uwp-required-field-gap,,,required_field_gap_rendered,0.0,"UWP-Kernfeld noch nicht maschinell aus einer versionierten Primärquelle belegt; nicht schätzen, nicht mit 0 füllen."
uwpobs-b50bd8bd64b37d8f,uwp100-continental,Continental,2024,Demokratie,Lobbying/Einflussnahme,lobbying_transparency,Lobbying-Transparenz,,Status,E,uwp-required-field-gap,,,required_field_gap_rendered,0.0,"UWP-Kernfeld noch nicht maschinell aus einer versionierten Primärquelle belegt; nicht schätzen, nicht mit 0 füllen."
uwpobs-d4d84e93e7aadfb9,uwp100-continental,Continental,2024,Demokratie,Compliance/Whistleblowing,whistleblowing_cases,Whistleblowing-Fälle und Abhilfe,,Anzahl/Status,E,uwp-required-field-gap,,,required_field_gap_rendered,0.0,"UWP-Kernfeld noch nicht maschinell aus einer versionierten Primärquelle belegt; nicht schätzen, nicht mit 0 füllen."
uwpobs-b9868e8f2c8887d4,uwp100-continental,Continental,2024,Mensch,Arbeitssicherheit,ltifr,Lost Time Injury Frequency Rate,,je Mio. Arbeitsstunden,E,uwp-required-field-gap,,,required_field_gap_rendered,0.0,"UWP-Kernfeld noch nicht maschinell aus einer versionierten Primärquelle belegt; nicht schätzen, nicht mit 0 füllen."
uwpobs-cf227bae5bcd8156,uwp100-continental,Continental,2024,Mensch,Diversität/Teilhabe,women_management_share,Frauenanteil Management,,%,E,uwp-required-field-gap,,,required_field_gap_rendered,0.0,"UWP-Kernfeld noch nicht maschinell aus einer versionierten Primärquelle belegt; nicht schätzen, nicht mit 0 füllen."
uwpobs-0e072b755e6532b5,uwp100-continental,Continental,2024,Planet,Energie,renewable_electricity_share,Erneuerbarer Strom,,%,E,uwp-required-field-gap,,,required_field_gap_rendered,0.0,"UWP-Kernfeld noch nicht maschinell aus einer versionierten Primärquelle belegt; nicht schätzen, nicht mit 0 füllen."
uwpobs-3dd365c0f673f5af,uwp100-continental,Continental,2024,Planet,Klima,scope_1_2_ghg_absolute,Scope 1+2 absolut,,t CO2e,E,uwp-required-field-gap,,,required_field_gap_rendered,0.0,"UWP-Kernfeld noch nicht maschinell aus einer versionierten Primärquelle belegt; nicht schätzen, nicht mit 0 füllen."
uwpobs-987865c1078dd8fc,uwp100-continental,Continental,2024,Transformation,EU-Taxonomie,taxonomy_aligned_revenue_share,Taxonomie-konformer Umsatzanteil,,%,E,uwp-required-field-gap,,,required_field_gap_rendered,0.0,"UWP-Kernfeld noch nicht maschinell aus einer versionierten Primärquelle belegt; nicht schätzen, nicht mit 0 füllen."
uwpobs-a73f6e5c0cffaecf,uwp100-cts-eventim,CTS Eventim,2024,Demokratie,Steuertransparenz,cbcr_tax_transparency,Country-by-Country Reporting / Steuertransparenz,,Status,E,uwp-required-field-gap,,,required_field_gap_rendered,0.0,"UWP-Kernfeld noch nicht maschinell aus einer versionierten Primärquelle belegt; nicht schätzen, nicht mit 0 füllen."
uwpobs-616b1e80e2a35a01,uwp100-cts-eventim,CTS Eventim,2024,Demokratie,Datenschutz,data_privacy_incidents,Datenschutzverstöße / Bußgelder,,Anzahl/Status,E,uwp-required-field-gap,,,required_field_gap_rendered,0.0,"UWP-Kernfeld noch nicht maschinell aus einer versionierten Primärquelle belegt; nicht schätzen, nicht mit 0 füllen."
uwpobs-efee1f577b6f5521,uwp100-cts-eventim,CTS Eventim,2024,Demokratie,Lobbying/Einflussnahme,lobbying_transparency,Lobbying-Transparenz,,Status,E,uwp-required-field-gap,,,required_field_gap_rendered,0.0,"UWP-Kernfeld noch nicht maschinell aus einer versionierten Primärquelle belegt; nicht schätzen, nicht mit 0 füllen."
uwpobs-1fb4910d1d1a556a,uwp100-cts-eventim,CTS Eventim,2024,Demokratie,Compliance/Whistleblowing,whistleblowing_cases,Whistleblowing-Fälle und Abhilfe,,Anzahl/Status,E,uwp-required-field-gap,,,required_field_gap_rendered,0.0,"UWP-Kernfeld noch nicht maschinell aus einer versionierten Primärquelle belegt; nicht schätzen, nicht mit 0 füllen."
uwpobs-997dabfc8c6e983d,uwp100-cts-eventim,CTS Eventim,2024,Mensch,Arbeitssicherheit,ltifr,Lost Time Injury Frequency Rate,,je Mio. Arbeitsstunden,E,uwp-required-field-gap,,,required_field_gap_rendered,0.0,"UWP-Kernfeld noch nicht maschinell aus einer versionierten Primärquelle belegt; nicht schätzen, nicht mit 0 füllen."
uwpobs-a9cdd5fd96b1baca,uwp100-cts-eventim,CTS Eventim,2024,Mensch,Diversität/Teilhabe,women_management_share,Frauenanteil Management,,%,E,uwp-required-field-gap,,,required_field_gap_rendered,0.0,"UWP-Kernfeld noch nicht maschinell aus einer versionierten Primärquelle belegt; nicht schätzen, nicht mit 0 füllen."
uwpobs-6485c6f39df3543c,uwp100-cts-eventim,CTS Eventim,2024,Planet,Energie,renewable_electricity_share,Erneuerbarer Strom,,%,E,uwp-required-field-gap,,,required_field_gap_rendered,0.0,"UWP-Kernfeld noch nicht maschinell aus einer versionierten Primärquelle belegt; nicht schätzen, nicht mit 0 füllen."
uwpobs-6e6a742cf3ce561a,uwp100-cts-eventim,CTS Eventim,2025,Planet,Klima/Transformationspfad,sbti_profile_available,SBTi Zielprofil sicher matchbar,,Status,E,sbti-target-dashboard,https://files.sciencebasedtargets.org/production/files/companies-excel.xlsx,,official_xlsx_import_no_safe_match,0.0,Kein sicherer SBTi-Match für CTS Eventim im offiziellen Target Dashboard. Das ist keine negative Klimabewertung.
uwpobs-226ae6a756b20703,uwp100-cts-eventim,CTS Eventim,2024,Planet,Klima,scope_1_2_ghg_absolute,Scope 1+2 absolut,,t CO2e,E,uwp-required-field-gap,,,required_field_gap_rendered,0.0,"UWP-Kernfeld noch nicht maschinell aus einer versionierten Primärquelle belegt; nicht schätzen, nicht mit 0 füllen."
uwpobs-5bf51affec82e5d0,uwp100-cts-eventim,CTS Eventim,2024,Planet,Lieferkette/Klima,scope_3_ghg_absolute,Scope 3 absolut,,t CO2e,E,uwp-required-field-gap,,,required_field_gap_rendered,0.0,"UWP-Kernfeld noch nicht maschinell aus einer versionierten Primärquelle belegt; nicht schätzen, nicht mit 0 füllen."
uwpobs-3bed4b6e904ddd6e,uwp100-cts-eventim,CTS Eventim,2024,Transformation,EU-Taxonomie,taxonomy_aligned_revenue_share,Taxonomie-konformer Umsatzanteil,,%,E,uwp-required-field-gap,,,required_field_gap_rendered,0.0,"UWP-Kernfeld noch nicht maschinell aus einer versionierten Primärquelle belegt; nicht schätzen, nicht mit 0 füllen."
uwpobs-d94c91e1c373e5e3,uwp100-daimler-truck,Daimler Truck,2024,Demokratie,Steuertransparenz,cbcr_tax_transparency,Country-by-Country Reporting / Steuertransparenz,,Status,E,uwp-required-field-gap,,,required_field_gap_rendered,0.0,"UWP-Kernfeld noch nicht maschinell aus einer versionierten Primärquelle belegt; nicht schätzen, nicht mit 0 füllen."
uwpobs-b01e3f9d29ec0c84,uwp100-daimler-truck,Daimler Truck,2024,Demokratie,Datenschutz,data_privacy_incidents,Datenschutzverstöße / Bußgelder,,Anzahl/Status,E,uwp-required-field-gap,,,required_field_gap_rendered,0.0,"UWP-Kernfeld noch nicht maschinell aus einer versionierten Primärquelle belegt; nicht schätzen, nicht mit 0 füllen."
uwpobs-d500cd1ae32c230d,uwp100-daimler-truck,Daimler Truck,2024,Demokratie,Lobbying/Einflussnahme,lobbying_transparency,Lobbying-Transparenz,,Status,E,uwp-required-field-gap,,,required_field_gap_rendered,0.0,"UWP-Kernfeld noch nicht maschinell aus einer versionierten Primärquelle belegt; nicht schätzen, nicht mit 0 füllen."
uwpobs-1da9140b2e1a622d,uwp100-daimler-truck,Daimler Truck,2024,Demokratie,Compliance/Whistleblowing,whistleblowing_cases,Whistleblowing-Fälle und Abhilfe,,Anzahl/Status,E,uwp-required-field-gap,,,required_field_gap_rendered,0.0,"UWP-Kernfeld noch nicht maschinell aus einer versionierten Primärquelle belegt; nicht schätzen, nicht mit 0 füllen."
uwpobs-3eb3e000f83cf34b,uwp100-daimler-truck,Daimler Truck,2024,Mensch,Arbeitssicherheit,ltifr,Lost Time Injury Frequency Rate,,je Mio. Arbeitsstunden,E,uwp-required-field-gap,,,required_field_gap_rendered,0.0,"UWP-Kernfeld noch nicht maschinell aus einer versionierten Primärquelle belegt; nicht schätzen, nicht mit 0 füllen."
uwpobs-999e5dc33f069a6b,uwp100-daimler-truck,Daimler Truck,2024,Mensch,Diversität/Teilhabe,women_management_share,Frauenanteil Management,,%,E,uwp-required-field-gap,,,required_field_gap_rendered,0.0,"UWP-Kernfeld noch nicht maschinell aus einer versionierten Primärquelle belegt; nicht schätzen, nicht mit 0 füllen."
uwpobs-2d3e4ad30fc04c47,uwp100-daimler-truck,Daimler Truck,2024,Planet,Energie,renewable_electricity_share,Erneuerbarer Strom,,%,E,uwp-required-field-gap,,,required_field_gap_rendered,0.0,"UWP-Kernfeld noch nicht maschinell aus einer versionierten Primärquelle belegt; nicht schätzen, nicht mit 0 füllen."
uwpobs-cf2645feb56b3e61,uwp100-daimler-truck,Daimler Truck,2025,Planet,Klima/Transformationspfad,sbti_profile_available,SBTi Zielprofil sicher matchbar,,Status,E,sbti-target-dashboard,https://files.sciencebasedtargets.org/production/files/companies-excel.xlsx,,official_xlsx_import_no_safe_match,0.0,Kein sicherer SBTi-Match für Daimler Truck im offiziellen Target Dashboard. Das ist keine negative Klimabewertung.
uwpobs-32e8f93a957d6416,uwp100-daimler-truck,Daimler Truck,2024,Planet,Klima,scope_1_2_ghg_absolute,Scope 1+2 absolut,,t CO2e,E,uwp-required-field-gap,,,required_field_gap_rendered,0.0,"UWP-Kernfeld noch nicht maschinell aus einer versionierten Primärquelle belegt; nicht schätzen, nicht mit 0 füllen."
uwpobs-b792014bdca9ddad,uwp100-daimler-truck,Daimler Truck,2024,Planet,Lieferkette/Klima,scope_3_ghg_absolute,Scope 3 absolut,,t CO2e,E,uwp-required-field-gap,,,required_field_gap_rendered,0.0,"UWP-Kernfeld noch nicht maschinell aus einer versionierten Primärquelle belegt; nicht schätzen, nicht mit 0 füllen."
uwpobs-6452bcf1a08939ae,uwp100-daimler-truck,Daimler Truck,2024,Transformation,EU-Taxonomie,taxonomy_aligned_revenue_share,Taxonomie-konformer Umsatzanteil,,%,E,uwp-required-field-gap,,,required_field_gap_rendered,0.0,"UWP-Kernfeld noch nicht maschinell aus einer versionierten Primärquelle belegt; nicht schätzen, nicht mit 0 füllen."
uwpobs-d5b3fa86d996cfb9,uwp100-delivery-hero,Delivery Hero,2023,Datenqualität,Quellenstand,sbti_date_updated,SBTi Datenstand,2023-11-30,Datum,A,sbti-target-dashboard,https://files.sciencebasedtargets.org/production/files/companies-excel.xlsx,Delivery Hero SE,official_xlsx_import:safe_name_match,0.86,SBTi-Zieldaten; kein Nachweis tatsächlicher Emissionsreduktion.
uwpobs-f561658e69fbc46c,uwp100-delivery-hero,Delivery Hero,2023,Planet,Klima/Transformationspfad,sbti_full_target_language,SBTi Zieltext,"Delivery Hero commits to reduce absolute scope 1 and 2 GHG emissions 50.4%
by 2032 from a 2022 base year. Delivery Hero commits to reduce scope 3 GHG
emissions 58.1% per million euros of gross profit by 2032 from a 2022 base year.",Text,B,sbti-target-dashboard,https://files.sciencebasedtargets.org/production/files/companies-excel.xlsx,Delivery Hero SE,official_xlsx_import:safe_name_match,0.86,SBTi-Zieldaten; kein Nachweis tatsächlicher Emissionsreduktion.
uwpobs-58fb4acb645c075b,uwp100-delivery-hero,Delivery Hero,2023,Planet,Klima/Transformationspfad,sbti_near_term_status,SBTi Near-Term Zielstatus,Targets set,Status,A,sbti-target-dashboard,https://files.sciencebasedtargets.org/production/files/companies-excel.xlsx,Delivery Hero SE,official_xlsx_import:safe_name_match,0.86,SBTi-Zieldaten; kein Nachweis tatsächlicher Emissionsreduktion.
uwpobs-9f1e865cb9b083f5,uwp100-delivery-hero,Delivery Hero,2023,Planet,Klima/Transformationspfad,sbti_near_term_target_classification,SBTi Near-Term Zielklassifikation,1.5°C,Klassifikation,A,sbti-target-dashboard,https://files.sciencebasedtargets.org/production/files/companies-excel.xlsx,Delivery Hero SE,official_xlsx_import:safe_name_match,0.86,SBTi-Zieldaten; kein Nachweis tatsächlicher Emissionsreduktion.
uwpobs-c28d091b6280325c,uwp100-delivery-hero,Delivery Hero,2023,Planet,Klima/Transformationspfad,sbti_near_term_target_year,SBTi Near-Term Zieljahr,2032,Jahr,A,sbti-target-dashboard,https://files.sciencebasedtargets.org/production/files/companies-excel.xlsx,Delivery Hero SE,official_xlsx_import:safe_name_match,0.86,SBTi-Zieldaten; kein Nachweis tatsächlicher Emissionsreduktion.
uwpobs-7c1996c9ec876121,uwp100-delivery-hero,Delivery Hero,2023,Planet,Klima/Transformationspfad,sbti_target_classification_long,SBTi Zielklassifikation Langtext,The targets covering greenhouse gas emissions from company operations (scopes 1 and 2) are consistent with reductions required to keep warming to 1.5°C,Text,B,sbti-target-dashboard,https://files.sciencebasedtargets.org/production/files/companies-excel.xlsx,Delivery Hero SE,official_xlsx_import:safe_name_match,0.86,SBTi-Zieldaten; kein Nachweis tatsächlicher Emissionsreduktion.
uwpobs-fc9c579250e896b5,uwp100-delivery-hero,Delivery Hero,2024,Demokratie,Steuertransparenz,cbcr_tax_transparency,Country-by-Country Reporting / Steuertransparenz,,Status,E,uwp-required-field-gap,,,required_field_gap_rendered,0.0,"UWP-Kernfeld noch nicht maschinell aus einer versionierten Primärquelle belegt; nicht schätzen, nicht mit 0 füllen."
uwpobs-5384be81302fb247,uwp100-delivery-hero,Delivery Hero,2024,Demokratie,Datenschutz,data_privacy_incidents,Datenschutzverstöße / Bußgelder,,Anzahl/Status,E,uwp-required-field-gap,,,required_field_gap_rendered,0.0,"UWP-Kernfeld noch nicht maschinell aus einer versionierten Primärquelle belegt; nicht schätzen, nicht mit 0 füllen."
uwpobs-9e476590b8715a32,uwp100-delivery-hero,Delivery Hero,2024,Demokratie,Lobbying/Einflussnahme,lobbying_transparency,Lobbying-Transparenz,,Status,E,uwp-required-field-gap,,,required_field_gap_rendered,0.0,"UWP-Kernfeld noch nicht maschinell aus einer versionierten Primärquelle belegt; nicht schätzen, nicht mit 0 füllen."
uwpobs-b50a792571a34b75,uwp100-delivery-hero,Delivery Hero,2024,Demokratie,Compliance/Whistleblowing,whistleblowing_cases,Whistleblowing-Fälle und Abhilfe,,Anzahl/Status,E,uwp-required-field-gap,,,required_field_gap_rendered,0.0,"UWP-Kernfeld noch nicht maschinell aus einer versionierten Primärquelle belegt; nicht schätzen, nicht mit 0 füllen."
uwpobs-a7b7361602355a65,uwp100-delivery-hero,Delivery Hero,2024,Mensch,Arbeitssicherheit,ltifr,Lost Time Injury Frequency Rate,,je Mio. Arbeitsstunden,E,uwp-required-field-gap,,,required_field_gap_rendered,0.0,"UWP-Kernfeld noch nicht maschinell aus einer versionierten Primärquelle belegt; nicht schätzen, nicht mit 0 füllen."
uwpobs-e057fee91d29d57e,uwp100-delivery-hero,Delivery Hero,2024,Mensch,Diversität/Teilhabe,women_management_share,Frauenanteil Management,,%,E,uwp-required-field-gap,,,required_field_gap_rendered,0.0,"UWP-Kernfeld noch nicht maschinell aus einer versionierten Primärquelle belegt; nicht schätzen, nicht mit 0 füllen."
uwpobs-4259ef0a6a39550a,uwp100-delivery-hero,Delivery Hero,2024,Planet,Energie,renewable_electricity_share,Erneuerbarer Strom,,%,E,uwp-required-field-gap,,,required_field_gap_rendered,0.0,"UWP-Kernfeld noch nicht maschinell aus einer versionierten Primärquelle belegt; nicht schätzen, nicht mit 0 füllen."
uwpobs-5b22256b651f2061,uwp100-delivery-hero,Delivery Hero,2024,Planet,Klima,scope_1_2_ghg_absolute,Scope 1+2 absolut,,t CO2e,E,uwp-required-field-gap,,,required_field_gap_rendered,0.0,"UWP-Kernfeld noch nicht maschinell aus einer versionierten Primärquelle belegt; nicht schätzen, nicht mit 0 füllen."
uwpobs-d71516d78c702472,uwp100-delivery-hero,Delivery Hero,2024,Planet,Lieferkette/Klima,scope_3_ghg_absolute,Scope 3 absolut,,t CO2e,E,uwp-required-field-gap,,,required_field_gap_rendered,0.0,"UWP-Kernfeld noch nicht maschinell aus einer versionierten Primärquelle belegt; nicht schätzen, nicht mit 0 füllen."
uwpobs-4dcf03be94bf0df7,uwp100-delivery-hero,Delivery Hero,2024,Transformation,EU-Taxonomie,taxonomy_aligned_revenue_share,Taxonomie-konformer Umsatzanteil,,%,E,uwp-required-field-gap,,,required_field_gap_rendered,0.0,"UWP-Kernfeld noch nicht maschinell aus einer versionierten Primärquelle belegt; nicht schätzen, nicht mit 0 füllen."
uwpobs-463fcb483596e4d2,uwp100-dermapharm-holding-se,Dermapharm Holding SE,2024,Demokratie,Steuertransparenz,cbcr_tax_transparency,Country-by-Country Reporting / Steuertransparenz,,Status,E,uwp-required-field-gap,,,required_field_gap_rendered,0.0,"UWP-Kernfeld noch nicht maschinell aus einer versionierten Primärquelle belegt; nicht schätzen, nicht mit 0 füllen."
uwpobs-7b5c4a70a51a72b0,uwp100-dermapharm-holding-se,Dermapharm Holding SE,2024,Demokratie,Datenschutz,data_privacy_incidents,Datenschutzverstöße / Bußgelder,,Anzahl/Status,E,uwp-required-field-gap,,,required_field_gap_rendered,0.0,"UWP-Kernfeld noch nicht maschinell aus einer versionierten Primärquelle belegt; nicht schätzen, nicht mit 0 füllen."
uwpobs-875280a7bbdcbcdd,uwp100-dermapharm-holding-se,Dermapharm Holding SE,2024,Demokratie,Lobbying/Einflussnahme,lobbying_transparency,Lobbying-Transparenz,,Status,E,uwp-required-field-gap,,,required_field_gap_rendered,0.0,"UWP-Kernfeld noch nicht maschinell aus einer versionierten Primärquelle belegt; nicht schätzen, nicht mit 0 füllen."
uwpobs-18151ce3e359f239,uwp100-dermapharm-holding-se,Dermapharm Holding SE,2024,Demokratie,Compliance/Whistleblowing,whistleblowing_cases,Whistleblowing-Fälle und Abhilfe,,Anzahl/Status,E,uwp-required-field-gap,,,required_field_gap_rendered,0.0,"UWP-Kernfeld noch nicht maschinell aus einer versionierten Primärquelle belegt; nicht schätzen, nicht mit 0 füllen."
uwpobs-216c20cba84cb53e,uwp100-dermapharm-holding-se,Dermapharm Holding SE,2024,Mensch,Arbeitssicherheit,ltifr,Lost Time Injury Frequency Rate,,je Mio. Arbeitsstunden,E,uwp-required-field-gap,,,required_field_gap_rendered,0.0,"UWP-Kernfeld noch nicht maschinell aus einer versionierten Primärquelle belegt; nicht schätzen, nicht mit 0 füllen."
uwpobs-17dd38fbf35913f5,uwp100-dermapharm-holding-se,Dermapharm Holding SE,2024,Mensch,Diversität/Teilhabe,women_management_share,Frauenanteil Management,,%,E,uwp-required-field-gap,,,required_field_gap_rendered,0.0,"UWP-Kernfeld noch nicht maschinell aus einer versionierten Primärquelle belegt; nicht schätzen, nicht mit 0 füllen."
uwpobs-5b0742a0549d00b3,uwp100-dermapharm-holding-se,Dermapharm Holding SE,2024,Planet,Energie,renewable_electricity_share,Erneuerbarer Strom,,%,E,uwp-required-field-gap,,,required_field_gap_rendered,0.0,"UWP-Kernfeld noch nicht maschinell aus einer versionierten Primärquelle belegt; nicht schätzen, nicht mit 0 füllen."
uwpobs-82e0d6d297db02da,uwp100-dermapharm-holding-se,Dermapharm Holding SE,2025,Planet,Klima/Transformationspfad,sbti_profile_available,SBTi Zielprofil sicher matchbar,,Status,E,sbti-target-dashboard,https://files.sciencebasedtargets.org/production/files/companies-excel.xlsx,,official_xlsx_import_no_safe_match,0.0,Kein sicherer SBTi-Match für Dermapharm Holding SE im offiziellen Target Dashboard. Das ist keine negative Klimabewertung.
uwpobs-967dc67e2732217a,uwp100-dermapharm-holding-se,Dermapharm Holding SE,2024,Planet,Klima,scope_1_2_ghg_absolute,Scope 1+2 absolut,,t CO2e,E,uwp-required-field-gap,,,required_field_gap_rendered,0.0,"UWP-Kernfeld noch nicht maschinell aus einer versionierten Primärquelle belegt; nicht schätzen, nicht mit 0 füllen."
uwpobs-d84ce81c79db5b4b,uwp100-dermapharm-holding-se,Dermapharm Holding SE,2024,Planet,Lieferkette/Klima,scope_3_ghg_absolute,Scope 3 absolut,,t CO2e,E,uwp-required-field-gap,,,required_field_gap_rendered,0.0,"UWP-Kernfeld noch nicht maschinell aus einer versionierten Primärquelle belegt; nicht schätzen, nicht mit 0 füllen."
uwpobs-471634f7cc07f103,uwp100-dermapharm-holding-se,Dermapharm Holding SE,2024,Transformation,EU-Taxonomie,taxonomy_aligned_revenue_share,Taxonomie-konformer Umsatzanteil,,%,E,uwp-required-field-gap,,,required_field_gap_rendered,0.0,"UWP-Kernfeld noch nicht maschinell aus einer versionierten Primärquelle belegt; nicht schätzen, nicht mit 0 füllen."
uwpobs-6fa83a53df9da31a,uwp100-deutsche-bank,Deutsche Bank,2022,Planet,Energie,wikirate_gri_energy_consumption,GRI 302-1 Total energy consumption,2078060,Gigajoules,C,wikirate-open-esg,https://wikirate.org/~15619071,https://wikirate.org/~15608068,wikirate_bulk_csv_export,0.62,WikiRate Community-/Sekundärdaten; Antwortseite und Primärquelle prüfen.
uwpobs-00b126b976a3ea69,uwp100-deutsche-bank,Deutsche Bank,2019,Planet,Energie,wikirate_gri_energy_consumption,GRI 302-1 Total energy consumption,3148899,Gigajoules,C,wikirate-open-esg,https://wikirate.org/~6910244,https://wikirate.org/~6831392,wikirate_bulk_csv_export,0.62,WikiRate Community-/Sekundärdaten; Antwortseite und Primärquelle prüfen.
uwpobs-ebc1d61319c96314,uwp100-deutsche-bank,Deutsche Bank,2022,Planet,Klima/Emissionen,wikirate_gri_scope1_ghg,GRI 305-1 Scope 1 GHG emissions,1565101,tonnes CO2 equivalent,C,wikirate-open-esg,https://wikirate.org/~15619056,https://wikirate.org/~15608068,wikirate_bulk_csv_export,0.62,WikiRate Community-/Sekundärdaten; Antwortseite und Primärquelle prüfen.
uwpobs-71d335204d285e2a,uwp100-deutsche-bank,Deutsche Bank,2019,Planet,Klima/Emissionen,wikirate_gri_scope1_ghg,GRI 305-1 Scope 1 GHG emissions,49712,tonnes CO2 equivalent,C,wikirate-open-esg,https://wikirate.org/~6831403,https://wikirate.org/~6831392,wikirate_bulk_csv_export,0.62,WikiRate Community-/Sekundärdaten; Antwortseite und Primärquelle prüfen.
uwpobs-75715b7270f7704f,uwp100-deutsche-bank,Deutsche Bank,2022,Planet,Klima/Emissionen,wikirate_gri_scope2_ghg,GRI 305-2 Scope 2 GHG emissions,27896,tonnes CO2 equivalent,C,wikirate-open-esg,https://wikirate.org/~15619060,https://wikirate.org/~15608068,wikirate_bulk_csv_export,0.62,WikiRate Community-/Sekundärdaten; Antwortseite und Primärquelle prüfen.
uwpobs-edfaa842bc5139be,uwp100-deutsche-bank,Deutsche Bank,2019,Planet,Klima/Emissionen,wikirate_gri_scope2_ghg,GRI 305-2 Scope 2 GHG emissions,104009,tonnes CO2 equivalent,C,wikirate-open-esg,https://wikirate.org/~6831417,https://wikirate.org/~6831392,wikirate_bulk_csv_export,0.62,WikiRate Community-/Sekundärdaten; Antwortseite und Primärquelle prüfen.
uwpobs-1886ce3ea2af182d,uwp100-deutsche-bank,Deutsche Bank,2022,Planet,Lieferkette/Klima,wikirate_gri_scope3_ghg,GRI 305-3 Scope 3 GHG emissions,1514424,tonnes CO2 equivalent,C,wikirate-open-esg,https://wikirate.org/~15619067,https://wikirate.org/~15608068,wikirate_bulk_csv_export,0.62,WikiRate Community-/Sekundärdaten; Antwortseite und Primärquelle prüfen.
uwpobs-96ced0c125b71157,uwp100-deutsche-bank,Deutsche Bank,2019,Planet,Lieferkette/Klima,wikirate_gri_scope3_ghg,GRI 305-3 Scope 3 GHG emissions,47480,tonnes CO2 equivalent,C,wikirate-open-esg,https://wikirate.org/~6831411,https://wikirate.org/~6831392,wikirate_bulk_csv_export,0.62,WikiRate Community-/Sekundärdaten; Antwortseite und Primärquelle prüfen.
uwpobs-7e92ec4f1526d2da,uwp100-deutsche-bank,Deutsche Bank,2022,Planet,Abfall/Ressourcen,wikirate_gri_total_waste,GRI 306-2 Total waste generated,13413,tonnes,C,wikirate-open-esg,https://wikirate.org/~15619082,https://wikirate.org/~15608068,wikirate_bulk_csv_export,0.62,WikiRate Community-/Sekundärdaten; Antwortseite und Primärquelle prüfen.
uwpobs-57a84b261d29108a,uwp100-deutsche-bank,Deutsche Bank,2019,Planet,Abfall/Ressourcen,wikirate_gri_total_waste,GRI 306-2 Total waste generated,16614,tonnes,C,wikirate-open-esg,https://wikirate.org/~6909742,https://wikirate.org/~6831392,wikirate_bulk_csv_export,0.62,WikiRate Community-/Sekundärdaten; Antwortseite und Primärquelle prüfen.
uwpobs-5eb2785c0d2a34c5,uwp100-deutsche-bank,Deutsche Bank,2024,Demokratie,Steuertransparenz,cbcr_tax_transparency,Country-by-Country Reporting / Steuertransparenz,,Status,E,uwp-required-field-gap,,,required_field_gap_rendered,0.0,"UWP-Kernfeld noch nicht maschinell aus einer versionierten Primärquelle belegt; nicht schätzen, nicht mit 0 füllen."
uwpobs-839a7dd04a42be48,uwp100-deutsche-bank,Deutsche Bank,2024,Demokratie,Datenschutz,data_privacy_incidents,Datenschutzverstöße / Bußgelder,,Anzahl/Status,E,uwp-required-field-gap,,,required_field_gap_rendered,0.0,"UWP-Kernfeld noch nicht maschinell aus einer versionierten Primärquelle belegt; nicht schätzen, nicht mit 0 füllen."
uwpobs-cf51141978a2db63,uwp100-deutsche-bank,Deutsche Bank,2024,Demokratie,Lobbying/Einflussnahme,lobbying_transparency,Lobbying-Transparenz,,Status,E,uwp-required-field-gap,,,required_field_gap_rendered,0.0,"UWP-Kernfeld noch nicht maschinell aus einer versionierten Primärquelle belegt; nicht schätzen, nicht mit 0 füllen."
uwpobs-5803fb1ad948a909,uwp100-deutsche-bank,Deutsche Bank,2024,Demokratie,Compliance/Whistleblowing,whistleblowing_cases,Whistleblowing-Fälle und Abhilfe,,Anzahl/Status,E,uwp-required-field-gap,,,required_field_gap_rendered,0.0,"UWP-Kernfeld noch nicht maschinell aus einer versionierten Primärquelle belegt; nicht schätzen, nicht mit 0 füllen."
uwpobs-6d8a69f10371a346,uwp100-deutsche-bank,Deutsche Bank,2024,Mensch,Arbeitssicherheit,ltifr,Lost Time Injury Frequency Rate,,je Mio. Arbeitsstunden,E,uwp-required-field-gap,,,required_field_gap_rendered,0.0,"UWP-Kernfeld noch nicht maschinell aus einer versionierten Primärquelle belegt; nicht schätzen, nicht mit 0 füllen."
uwpobs-8a7efc6b78c0c201,uwp100-deutsche-bank,Deutsche Bank,2024,Mensch,Diversität/Teilhabe,women_management_share,Frauenanteil Management,,%,E,uwp-required-field-gap,,,required_field_gap_rendered,0.0,"UWP-Kernfeld noch nicht maschinell aus einer versionierten Primärquelle belegt; nicht schätzen, nicht mit 0 füllen."
uwpobs-17ed8cf6591225d7,uwp100-deutsche-bank,Deutsche Bank,2024,Planet,Energie,renewable_electricity_share,Erneuerbarer Strom,,%,E,uwp-required-field-gap,,,required_field_gap_rendered,0.0,"UWP-Kernfeld noch nicht maschinell aus einer versionierten Primärquelle belegt; nicht schätzen, nicht mit 0 füllen."
uwpobs-42a924d8b3faa1cf,uwp100-deutsche-bank,Deutsche Bank,2025,Planet,Klima/Transformationspfad,sbti_profile_available,SBTi Zielprofil sicher matchbar,,Status,E,sbti-target-dashboard,https://files.sciencebasedtargets.org/production/files/companies-excel.xlsx,,official_xlsx_import_no_safe_match,0.0,Kein sicherer SBTi-Match für Deutsche Bank im offiziellen Target Dashboard. Das ist keine negative Klimabewertung.
uwpobs-d4ad0a1578fdaab6,uwp100-deutsche-bank,Deutsche Bank,2024,Planet,Klima,scope_1_2_ghg_absolute,Scope 1+2 absolut,,t CO2e,E,uwp-required-field-gap,,,required_field_gap_rendered,0.0,"UWP-Kernfeld noch nicht maschinell aus einer versionierten Primärquelle belegt; nicht schätzen, nicht mit 0 füllen."
uwpobs-99290eca5d20997e,uwp100-deutsche-bank,Deutsche Bank,2024,Transformation,EU-Taxonomie,taxonomy_aligned_revenue_share,Taxonomie-konformer Umsatzanteil,,%,E,uwp-required-field-gap,,,required_field_gap_rendered,0.0,"UWP-Kernfeld noch nicht maschinell aus einer versionierten Primärquelle belegt; nicht schätzen, nicht mit 0 füllen."
uwpobs-9dce859495fcd227,uwp100-deutsche-beteiligungs,Deutsche Beteiligungs AG,2024,Demokratie,Steuertransparenz,cbcr_tax_transparency,Country-by-Country Reporting / Steuertransparenz,,Status,E,uwp-required-field-gap,,,required_field_gap_rendered,0.0,"UWP-Kernfeld noch nicht maschinell aus einer versionierten Primärquelle belegt; nicht schätzen, nicht mit 0 füllen."
uwpobs-6c17faa8fb86bc77,uwp100-deutsche-beteiligungs,Deutsche Beteiligungs AG,2024,Demokratie,Datenschutz,data_privacy_incidents,Datenschutzverstöße / Bußgelder,,Anzahl/Status,E,uwp-required-field-gap,,,required_field_gap_rendered,0.0,"UWP-Kernfeld noch nicht maschinell aus einer versionierten Primärquelle belegt; nicht schätzen, nicht mit 0 füllen."
uwpobs-95a8cfc52b70931a,uwp100-deutsche-beteiligungs,Deutsche Beteiligungs AG,2024,Demokratie,Lobbying/Einflussnahme,lobbying_transparency,Lobbying-Transparenz,,Status,E,uwp-required-field-gap,,,required_field_gap_rendered,0.0,"UWP-Kernfeld noch nicht maschinell aus einer versionierten Primärquelle belegt; nicht schätzen, nicht mit 0 füllen."
uwpobs-b8db70ca8b883d24,uwp100-deutsche-beteiligungs,Deutsche Beteiligungs AG,2024,Demokratie,Compliance/Whistleblowing,whistleblowing_cases,Whistleblowing-Fälle und Abhilfe,,Anzahl/Status,E,uwp-required-field-gap,,,required_field_gap_rendered,0.0,"UWP-Kernfeld noch nicht maschinell aus einer versionierten Primärquelle belegt; nicht schätzen, nicht mit 0 füllen."
uwpobs-72ce2b3236ca2d66,uwp100-deutsche-beteiligungs,Deutsche Beteiligungs AG,2024,Mensch,Arbeitssicherheit,ltifr,Lost Time Injury Frequency Rate,,je Mio. Arbeitsstunden,E,uwp-required-field-gap,,,required_field_gap_rendered,0.0,"UWP-Kernfeld noch nicht maschinell aus einer versionierten Primärquelle belegt; nicht schätzen, nicht mit 0 füllen."
uwpobs-910e59d99bd95063,uwp100-deutsche-beteiligungs,Deutsche Beteiligungs AG,2024,Mensch,Diversität/Teilhabe,women_management_share,Frauenanteil Management,,%,E,uwp-required-field-gap,,,required_field_gap_rendered,0.0,"UWP-Kernfeld noch nicht maschinell aus einer versionierten Primärquelle belegt; nicht schätzen, nicht mit 0 füllen."
uwpobs-9a4945a9263bfcae,uwp100-deutsche-beteiligungs,Deutsche Beteiligungs AG,2024,Planet,Energie,renewable_electricity_share,Erneuerbarer Strom,,%,E,uwp-required-field-gap,,,required_field_gap_rendered,0.0,"UWP-Kernfeld noch nicht maschinell aus einer versionierten Primärquelle belegt; nicht schätzen, nicht mit 0 füllen."
uwpobs-cd16194b604b24db,uwp100-deutsche-beteiligungs,Deutsche Beteiligungs AG,2025,Planet,Klima/Transformationspfad,sbti_profile_available,SBTi Zielprofil sicher matchbar,,Status,E,sbti-target-dashboard,https://files.sciencebasedtargets.org/production/files/companies-excel.xlsx,,official_xlsx_import_no_safe_match,0.0,Kein sicherer SBTi-Match für Deutsche Beteiligungs AG im offiziellen Target Dashboard. Das ist keine negative Klimabewertung.
uwpobs-3f159bb5f84a0dbc,uwp100-deutsche-beteiligungs,Deutsche Beteiligungs AG,2024,Planet,Klima,scope_1_2_ghg_absolute,Scope 1+2 absolut,,t CO2e,E,uwp-required-field-gap,,,required_field_gap_rendered,0.0,"UWP-Kernfeld noch nicht maschinell aus einer versionierten Primärquelle belegt; nicht schätzen, nicht mit 0 füllen."
uwpobs-596fb9aaea91946c,uwp100-deutsche-beteiligungs,Deutsche Beteiligungs AG,2024,Planet,Lieferkette/Klima,scope_3_ghg_absolute,Scope 3 absolut,,t CO2e,E,uwp-required-field-gap,,,required_field_gap_rendered,0.0,"UWP-Kernfeld noch nicht maschinell aus einer versionierten Primärquelle belegt; nicht schätzen, nicht mit 0 füllen."
uwpobs-ff28d0be7c7198db,uwp100-deutsche-beteiligungs,Deutsche Beteiligungs AG,2024,Transformation,EU-Taxonomie,taxonomy_aligned_revenue_share,Taxonomie-konformer Umsatzanteil,,%,E,uwp-required-field-gap,,,required_field_gap_rendered,0.0,"UWP-Kernfeld noch nicht maschinell aus einer versionierten Primärquelle belegt; nicht schätzen, nicht mit 0 füllen."
uwpobs-8e7bcb8773386914,uwp100-deutsche-borse,Deutsche Börse,2024,Datenqualität,Quellenstand,sbti_date_updated,SBTi Datenstand,2024-06-20,Datum,A,sbti-target-dashboard,https://files.sciencebasedtargets.org/production/files/companies-excel.xlsx,Deutsche Börse AG,official_xlsx_import:safe_name_match,0.86,SBTi-Zieldaten; kein Nachweis tatsächlicher Emissionsreduktion.
uwpobs-c04e900c3554dbc3,uwp100-deutsche-borse,Deutsche Börse,2024,Planet,Klima/Transformationspfad,sbti_full_target_language,SBTi Zieltext,"Overall Net-Zero Target
Deutsche Börse AG commits to reach net-zero greenhouse gas emissions across the value chain by 2045 from a 2022 base year.
Near-Term Targets
Deutsche Börse AG commits to reduce absolute scope 1 and 2 emissions 42% by 2030
from a 2022 base year*. Deutsche Börse AG also commits to reduce absolute scope 3 emissions from fuel and energy related activities, business travel and employee commuting 42% within the same Timeframe. Deutsche Börse AG further commits that 86.7% of its suppliers by emissions covering
purchased goods and services and capital goods, will have science-based targets by 2028.
*The target boundary includes land-related emissions and removals from bioenergy
feedstocks.
Long-Term Targets
Deutsche Börse AG commits to reduce absolute scope 1 and 2 GHG emissions 90% by 2045
from a 2022 base year*. Deutsche Börse AG also commits to reduce absolute scope 3 GHG emissions 90% within the same timeframe.
*The target boundary includes biogenic land-related emissions and removals from bioenergy
feedstocks",Text,B,sbti-target-dashboard,https://files.sciencebasedtargets.org/production/files/companies-excel.xlsx,Deutsche Börse AG,official_xlsx_import:safe_name_match,0.86,SBTi-Zieldaten; kein Nachweis tatsächlicher Emissionsreduktion.
uwpobs-8a14f788e0752f99,uwp100-deutsche-borse,Deutsche Börse,2024,Planet,Klima/Transformationspfad,sbti_near_term_status,SBTi Near-Term Zielstatus,Targets set,Status,A,sbti-target-dashboard,https://files.sciencebasedtargets.org/production/files/companies-excel.xlsx,Deutsche Börse AG,official_xlsx_import:safe_name_match,0.86,SBTi-Zieldaten; kein Nachweis tatsächlicher Emissionsreduktion.
uwpobs-c1c3cfa5d27dc074,uwp100-deutsche-borse,Deutsche Börse,2024,Planet,Klima/Transformationspfad,sbti_near_term_target_classification,SBTi Near-Term Zielklassifikation,1.5°C,Klassifikation,A,sbti-target-dashboard,https://files.sciencebasedtargets.org/production/files/companies-excel.xlsx,Deutsche Börse AG,official_xlsx_import:safe_name_match,0.86,SBTi-Zieldaten; kein Nachweis tatsächlicher Emissionsreduktion.
uwpobs-81942f6330329cf8,uwp100-deutsche-borse,Deutsche Börse,2024,Planet,Klima/Transformationspfad,sbti_near_term_target_year,SBTi Near-Term Zieljahr,2030,Jahr,A,sbti-target-dashboard,https://files.sciencebasedtargets.org/production/files/companies-excel.xlsx,Deutsche Börse AG,official_xlsx_import:safe_name_match,0.86,SBTi-Zieldaten; kein Nachweis tatsächlicher Emissionsreduktion.
uwpobs-a5ad2ff65fcc28fd,uwp100-deutsche-borse,Deutsche Börse,2024,Planet,Klima/Transformationspfad,sbti_target_classification_long,SBTi Zielklassifikation Langtext,The targets covering greenhouse gas emissions from company operations (scopes 1 and 2) are consistent with reductions required to keep warming to 1.5°C,Text,B,sbti-target-dashboard,https://files.sciencebasedtargets.org/production/files/companies-excel.xlsx,Deutsche Börse AG,official_xlsx_import:safe_name_match,0.86,SBTi-Zieldaten; kein Nachweis tatsächlicher Emissionsreduktion.
uwpobs-af4844a65a123b90,uwp100-deutsche-borse,Deutsche Börse,2024,Transformation,Net-Zero/Transformation,sbti_long_term_status,SBTi Long-Term Zielstatus,Targets set,Status,A,sbti-target-dashboard,https://files.sciencebasedtargets.org/production/files/companies-excel.xlsx,Deutsche Börse AG,official_xlsx_import:safe_name_match,0.86,SBTi-Zieldaten; kein Nachweis tatsächlicher Emissionsreduktion.
uwpobs-ac3105b4fbc44f50,uwp100-deutsche-borse,Deutsche Börse,2024,Transformation,Net-Zero/Transformation,sbti_long_term_target_classification,SBTi Long-Term Zielklassifikation,1.5°C,Klassifikation,A,sbti-target-dashboard,https://files.sciencebasedtargets.org/production/files/companies-excel.xlsx,Deutsche Börse AG,official_xlsx_import:safe_name_match,0.86,SBTi-Zieldaten; kein Nachweis tatsächlicher Emissionsreduktion.
uwpobs-b416bba7cd00821a,uwp100-deutsche-borse,Deutsche Börse,2024,Transformation,Net-Zero/Transformation,sbti_long_term_target_year,SBTi Long-Term Zieljahr,2045,Jahr,A,sbti-target-dashboard,https://files.sciencebasedtargets.org/production/files/companies-excel.xlsx,Deutsche Börse AG,official_xlsx_import:safe_name_match,0.86,SBTi-Zieldaten; kein Nachweis tatsächlicher Emissionsreduktion.
uwpobs-fbba9bd5b0b03053,uwp100-deutsche-borse,Deutsche Börse,2024,Transformation,Net-Zero/Transformation,sbti_net_zero_status,SBTi Net-Zero Status,Targets set,Status,A,sbti-target-dashboard,https://files.sciencebasedtargets.org/production/files/companies-excel.xlsx,Deutsche Börse AG,official_xlsx_import:safe_name_match,0.86,SBTi-Zieldaten; kein Nachweis tatsächlicher Emissionsreduktion.
uwpobs-eb97a08d64a65fca,uwp100-deutsche-borse,Deutsche Börse,2024,Transformation,Net-Zero/Transformation,sbti_net_zero_year,SBTi Net-Zero Zieljahr,2045,Jahr,A,sbti-target-dashboard,https://files.sciencebasedtargets.org/production/files/companies-excel.xlsx,Deutsche Börse AG,official_xlsx_import:safe_name_match,0.86,SBTi-Zieldaten; kein Nachweis tatsächlicher Emissionsreduktion.
uwpobs-1a14172aade7fc40,uwp100-deutsche-borse,Deutsche Börse,2024,Demokratie,Steuertransparenz,cbcr_tax_transparency,Country-by-Country Reporting / Steuertransparenz,,Status,E,uwp-required-field-gap,,,required_field_gap_rendered,0.0,"UWP-Kernfeld noch nicht maschinell aus einer versionierten Primärquelle belegt; nicht schätzen, nicht mit 0 füllen."
uwpobs-a7d0310e2c6959a0,uwp100-deutsche-borse,Deutsche Börse,2024,Demokratie,Datenschutz,data_privacy_incidents,Datenschutzverstöße / Bußgelder,,Anzahl/Status,E,uwp-required-field-gap,,,required_field_gap_rendered,0.0,"UWP-Kernfeld noch nicht maschinell aus einer versionierten Primärquelle belegt; nicht schätzen, nicht mit 0 füllen."
uwpobs-371061a07f4e4975,uwp100-deutsche-borse,Deutsche Börse,2024,Demokratie,Lobbying/Einflussnahme,lobbying_transparency,Lobbying-Transparenz,,Status,E,uwp-required-field-gap,,,required_field_gap_rendered,0.0,"UWP-Kernfeld noch nicht maschinell aus einer versionierten Primärquelle belegt; nicht schätzen, nicht mit 0 füllen."
uwpobs-1ae3fa6f9948bcc0,uwp100-deutsche-borse,Deutsche Börse,2024,Demokratie,Compliance/Whistleblowing,whistleblowing_cases,Whistleblowing-Fälle und Abhilfe,,Anzahl/Status,E,uwp-required-field-gap,,,required_field_gap_rendered,0.0,"UWP-Kernfeld noch nicht maschinell aus einer versionierten Primärquelle belegt; nicht schätzen, nicht mit 0 füllen."
uwpobs-e7662f09cd2900f1,uwp100-deutsche-borse,Deutsche Börse,2024,Mensch,Arbeitssicherheit,ltifr,Lost Time Injury Frequency Rate,,je Mio. Arbeitsstunden,E,uwp-required-field-gap,,,required_field_gap_rendered,0.0,"UWP-Kernfeld noch nicht maschinell aus einer versionierten Primärquelle belegt; nicht schätzen, nicht mit 0 füllen."
uwpobs-3bfeb825b8965574,uwp100-deutsche-borse,Deutsche Börse,2024,Mensch,Diversität/Teilhabe,women_management_share,Frauenanteil Management,,%,E,uwp-required-field-gap,,,required_field_gap_rendered,0.0,"UWP-Kernfeld noch nicht maschinell aus einer versionierten Primärquelle belegt; nicht schätzen, nicht mit 0 füllen."
uwpobs-d4a7725da02c49f7,uwp100-deutsche-borse,Deutsche Börse,2024,Planet,Energie,renewable_electricity_share,Erneuerbarer Strom,,%,E,uwp-required-field-gap,,,required_field_gap_rendered,0.0,"UWP-Kernfeld noch nicht maschinell aus einer versionierten Primärquelle belegt; nicht schätzen, nicht mit 0 füllen."
uwpobs-9250e7cc1fe16ee2,uwp100-deutsche-borse,Deutsche Börse,2024,Planet,Klima,scope_1_2_ghg_absolute,Scope 1+2 absolut,,t CO2e,E,uwp-required-field-gap,,,required_field_gap_rendered,0.0,"UWP-Kernfeld noch nicht maschinell aus einer versionierten Primärquelle belegt; nicht schätzen, nicht mit 0 füllen."
uwpobs-143123527fa2250d,uwp100-deutsche-borse,Deutsche Börse,2024,Planet,Lieferkette/Klima,scope_3_ghg_absolute,Scope 3 absolut,,t CO2e,E,uwp-required-field-gap,,,required_field_gap_rendered,0.0,"UWP-Kernfeld noch nicht maschinell aus einer versionierten Primärquelle belegt; nicht schätzen, nicht mit 0 füllen."
uwpobs-3aa4018a0fd9f4c4,uwp100-deutsche-borse,Deutsche Börse,2024,Transformation,EU-Taxonomie,taxonomy_aligned_revenue_share,Taxonomie-konformer Umsatzanteil,,%,E,uwp-required-field-gap,,,required_field_gap_rendered,0.0,"UWP-Kernfeld noch nicht maschinell aus einer versionierten Primärquelle belegt; nicht schätzen, nicht mit 0 füllen."
uwpobs-2b3d5c009a5a8f97,uwp100-deutsche-euroshop,Deutsche Euroshop,2024,Demokratie,Steuertransparenz,cbcr_tax_transparency,Country-by-Country Reporting / Steuertransparenz,,Status,E,uwp-required-field-gap,,,required_field_gap_rendered,0.0,"UWP-Kernfeld noch nicht maschinell aus einer versionierten Primärquelle belegt; nicht schätzen, nicht mit 0 füllen."
uwpobs-955913a16bbd2e20,uwp100-deutsche-euroshop,Deutsche Euroshop,2024,Demokratie,Datenschutz,data_privacy_incidents,Datenschutzverstöße / Bußgelder,,Anzahl/Status,E,uwp-required-field-gap,,,required_field_gap_rendered,0.0,"UWP-Kernfeld noch nicht maschinell aus einer versionierten Primärquelle belegt; nicht schätzen, nicht mit 0 füllen."
uwpobs-4e193a7f8a190a92,uwp100-deutsche-euroshop,Deutsche Euroshop,2024,Demokratie,Lobbying/Einflussnahme,lobbying_transparency,Lobbying-Transparenz,,Status,E,uwp-required-field-gap,,,required_field_gap_rendered,0.0,"UWP-Kernfeld noch nicht maschinell aus einer versionierten Primärquelle belegt; nicht schätzen, nicht mit 0 füllen."
uwpobs-126f04521e0b82a3,uwp100-deutsche-euroshop,Deutsche Euroshop,2024,Demokratie,Compliance/Whistleblowing,whistleblowing_cases,Whistleblowing-Fälle und Abhilfe,,Anzahl/Status,E,uwp-required-field-gap,,,required_field_gap_rendered,0.0,"UWP-Kernfeld noch nicht maschinell aus einer versionierten Primärquelle belegt; nicht schätzen, nicht mit 0 füllen."
uwpobs-63fa70f66bab9bab,uwp100-deutsche-euroshop,Deutsche Euroshop,2024,Mensch,Arbeitssicherheit,ltifr,Lost Time Injury Frequency Rate,,je Mio. Arbeitsstunden,E,uwp-required-field-gap,,,required_field_gap_rendered,0.0,"UWP-Kernfeld noch nicht maschinell aus einer versionierten Primärquelle belegt; nicht schätzen, nicht mit 0 füllen."
uwpobs-1c8080c8ce2bae65,uwp100-deutsche-euroshop,Deutsche Euroshop,2024,Mensch,Diversität/Teilhabe,women_management_share,Frauenanteil Management,,%,E,uwp-required-field-gap,,,required_field_gap_rendered,0.0,"UWP-Kernfeld noch nicht maschinell aus einer versionierten Primärquelle belegt; nicht schätzen, nicht mit 0 füllen."
uwpobs-3bc7b46ef88e4140,uwp100-deutsche-euroshop,Deutsche Euroshop,2024,Planet,Energie,renewable_electricity_share,Erneuerbarer Strom,,%,E,uwp-required-field-gap,,,required_field_gap_rendered,0.0,"UWP-Kernfeld noch nicht maschinell aus einer versionierten Primärquelle belegt; nicht schätzen, nicht mit 0 füllen."
uwpobs-05dd05b7fa0ce357,uwp100-deutsche-euroshop,Deutsche Euroshop,2025,Planet,Klima/Transformationspfad,sbti_profile_available,SBTi Zielprofil sicher matchbar,,Status,E,sbti-target-dashboard,https://files.sciencebasedtargets.org/production/files/companies-excel.xlsx,,official_xlsx_import_no_safe_match,0.0,Kein sicherer SBTi-Match für Deutsche Euroshop im offiziellen Target Dashboard. Das ist keine negative Klimabewertung.
uwpobs-c2c8a625015e5736,uwp100-deutsche-euroshop,Deutsche Euroshop,2024,Planet,Klima,scope_1_2_ghg_absolute,Scope 1+2 absolut,,t CO2e,E,uwp-required-field-gap,,,required_field_gap_rendered,0.0,"UWP-Kernfeld noch nicht maschinell aus einer versionierten Primärquelle belegt; nicht schätzen, nicht mit 0 füllen."
uwpobs-09afd7812e619e1c,uwp100-deutsche-euroshop,Deutsche Euroshop,2024,Planet,Lieferkette/Klima,scope_3_ghg_absolute,Scope 3 absolut,,t CO2e,E,uwp-required-field-gap,,,required_field_gap_rendered,0.0,"UWP-Kernfeld noch nicht maschinell aus einer versionierten Primärquelle belegt; nicht schätzen, nicht mit 0 füllen."
uwpobs-c6a774376fc87a24,uwp100-deutsche-euroshop,Deutsche Euroshop,2024,Transformation,EU-Taxonomie,taxonomy_aligned_revenue_share,Taxonomie-konformer Umsatzanteil,,%,E,uwp-required-field-gap,,,required_field_gap_rendered,0.0,"UWP-Kernfeld noch nicht maschinell aus einer versionierten Primärquelle belegt; nicht schätzen, nicht mit 0 füllen."
uwpobs-c8cc9a6114934674,uwp100-deutsche-post,Deutsche Post,2024,Datenqualität,Quellenstand,sbti_date_updated,SBTi Datenstand,2024-09-05,Datum,A,sbti-target-dashboard,https://files.sciencebasedtargets.org/production/files/companies-excel.xlsx,DHL Group,official_xlsx_import:safe_name_match,0.86,SBTi-Zieldaten; kein Nachweis tatsächlicher Emissionsreduktion.
uwpobs-a5fdfc160069a324,uwp100-deutsche-post,Deutsche Post,2015,Mensch,Diversität/Belegschaft,wikirate_gri_female_employees_share,GRI G4-LA12 female employees share,35.5,%,C,wikirate-open-esg,https://wikirate.org/~2761032,https://wikirate.org/~1076193,wikirate_bulk_csv_export,0.62,WikiRate Community-/Sekundärdaten; Antwortseite und Primärquelle prüfen.
uwpobs-dd38c82353ba1d38,uwp100-deutsche-post,Deutsche Post,2013,Mensch,Diversität/Belegschaft,wikirate_gri_female_employees_share,GRI G4-LA12 female employees share,35.8,%,C,wikirate-open-esg,https://wikirate.org/~2768975,https://wikirate.org/~1076193,wikirate_bulk_csv_export,0.62,WikiRate Community-/Sekundärdaten; Antwortseite und Primärquelle prüfen.
uwpobs-f0510bb07487989f,uwp100-deutsche-post,Deutsche Post,2023,Mensch,Qualifizierung,wikirate_gri_training_hours,GRI 404-1 average hours of training,7.9,hours,C,wikirate-open-esg,https://wikirate.org/~18820487,https://wikirate.org/~18820547,wikirate_bulk_csv_export,0.62,WikiRate Community-/Sekundärdaten; Antwortseite und Primärquelle prüfen.
uwpobs-ad26fdcd5b3b1367,uwp100-deutsche-post,Deutsche Post,2017,Mensch,Qualifizierung,wikirate_gri_training_hours,GRI 404-1 average hours of training,33.6,hours,C,wikirate-open-esg,https://wikirate.org/~5166516,https://wikirate.org/~5153778,wikirate_bulk_csv_export,0.62,WikiRate Community-/Sekundärdaten; Antwortseite und Primärquelle prüfen.
uwpobs-03302cfea1033366,uwp100-deutsche-post,Deutsche Post,2023,Mensch,Arbeitssicherheit,wikirate_gri_worker_fatalities,GRI 403-9 worker fatalities,12,count,C,wikirate-open-esg,https://wikirate.org/~18820517,https://wikirate.org/~18820426,wikirate_bulk_csv_export,0.62,WikiRate Community-/Sekundärdaten; Antwortseite und Primärquelle prüfen.
uwpobs-451c0c1f9fe54a32,uwp100-deutsche-post,Deutsche Post,2022,Mensch,Arbeitssicherheit,wikirate_gri_worker_fatalities,GRI 403-9 worker fatalities,7,count,C,wikirate-open-esg,https://wikirate.org/~15568399,https://wikirate.org/~15565802,wikirate_bulk_csv_export,0.62,WikiRate Community-/Sekundärdaten; Antwortseite und Primärquelle prüfen.
uwpobs-e21b31beb1bd22b7,uwp100-deutsche-post,Deutsche Post,2017,Mensch,Arbeitssicherheit,wikirate_gri_worker_fatalities,GRI 403-9 worker fatalities,3,count,C,wikirate-open-esg,https://wikirate.org/~3562508,https://wikirate.org/~3536368,wikirate_bulk_csv_export,0.62,WikiRate Community-/Sekundärdaten; Antwortseite und Primärquelle prüfen.
uwpobs-e94ebf38fc52fc96,uwp100-deutsche-post,Deutsche Post,2024,Planet,Klima/Transformationspfad,sbti_ba15_date,SBTi Business Ambition 1.5C Datum,2021-08-01,Datum,B,sbti-target-dashboard,https://files.sciencebasedtargets.org/production/files/companies-excel.xlsx,DHL Group,official_xlsx_import:safe_name_match,0.86,SBTi-Zieldaten; kein Nachweis tatsächlicher Emissionsreduktion.
uwpobs-b395f2437249c802,uwp100-deutsche-post,Deutsche Post,2024,Planet,Klima/Transformationspfad,sbti_ba15_status,SBTi Business Ambition 1.5C Status,BA1.5 member,Status,B,sbti-target-dashboard,https://files.sciencebasedtargets.org/production/files/companies-excel.xlsx,DHL Group,official_xlsx_import:safe_name_match,0.86,SBTi-Zieldaten; kein Nachweis tatsächlicher Emissionsreduktion.
uwpobs-5a8b899f1579256d,uwp100-deutsche-post,Deutsche Post,2024,Planet,Klima/Transformationspfad,sbti_full_target_language,SBTi Zieltext,"Overall Net-Zero Target: DHL Group commits to reach net-zero greenhouse gas emissions across the value chain by 2050. Near-Term Targets: DHL Group commits to reduce absolute scope 1 and 2 GHG emissions 42% by 2030 from a 2021 base year*. DHL Group also commits to reduce absolute scope 3 GHG emissions from fuel and energy related activities, upstream transportation and distribution and business travel 25% within the same timeframe*. *The target boundary includes land-related emissions and removals from bioenergy feedstocks. Long-Term Targets: DHL Group commits to reduce absolute scope 1 and 2 GHG emissions 90% by 2050 from a 2021 base year*. DHL Group also commits to reduce absolute scope 3 GHG emissions 90% within the same timeframe*. *The target boundary includes land-related emissions and removals from bioenergy feedstocks.
",Text,B,sbti-target-dashboard,https://files.sciencebasedtargets.org/production/files/companies-excel.xlsx,DHL Group,official_xlsx_import:safe_name_match,0.86,SBTi-Zieldaten; kein Nachweis tatsächlicher Emissionsreduktion.
uwpobs-4f16d09a972b4718,uwp100-deutsche-post,Deutsche Post,2024,Planet,Klima/Transformationspfad,sbti_near_term_status,SBTi Near-Term Zielstatus,Targets set,Status,A,sbti-target-dashboard,https://files.sciencebasedtargets.org/production/files/companies-excel.xlsx,DHL Group,official_xlsx_import:safe_name_match,0.86,SBTi-Zieldaten; kein Nachweis tatsächlicher Emissionsreduktion.
uwpobs-e7c89ff065c982ec,uwp100-deutsche-post,Deutsche Post,2024,Planet,Klima/Transformationspfad,sbti_near_term_target_classification,SBTi Near-Term Zielklassifikation,1.5°C,Klassifikation,A,sbti-target-dashboard,https://files.sciencebasedtargets.org/production/files/companies-excel.xlsx,DHL Group,official_xlsx_import:safe_name_match,0.86,SBTi-Zieldaten; kein Nachweis tatsächlicher Emissionsreduktion.
uwpobs-37dfa57f34dae9b0,uwp100-deutsche-post,Deutsche Post,2024,Planet,Klima/Transformationspfad,sbti_near_term_target_year,SBTi Near-Term Zieljahr,2030,Jahr,A,sbti-target-dashboard,https://files.sciencebasedtargets.org/production/files/companies-excel.xlsx,DHL Group,official_xlsx_import:safe_name_match,0.86,SBTi-Zieldaten; kein Nachweis tatsächlicher Emissionsreduktion.
uwpobs-c9a067cabdfe24dd,uwp100-deutsche-post,Deutsche Post,2024,Planet,Klima/Transformationspfad,sbti_target_classification_long,SBTi Zielklassifikation Langtext,The targets covering greenhouse gas emissions from company operations (scopes 1 and 2) are consistent with reductions required to keep warming to 1.5°C,Text,B,sbti-target-dashboard,https://files.sciencebasedtargets.org/production/files/companies-excel.xlsx,DHL Group,official_xlsx_import:safe_name_match,0.86,SBTi-Zieldaten; kein Nachweis tatsächlicher Emissionsreduktion.
uwpobs-afdb7555eb235f62,uwp100-deutsche-post,Deutsche Post,2023,Planet,Energie,wikirate_gri_energy_consumption,GRI 302-1 Total energy consumption,126201600,Gigajoules,C,wikirate-open-esg,https://wikirate.org/~18820638,https://wikirate.org/~18820416,wikirate_bulk_csv_export,0.62,WikiRate Community-/Sekundärdaten; Antwortseite und Primärquelle prüfen.
uwpobs-c8db1681ddddbac0,uwp100-deutsche-post,Deutsche Post,2022,Planet,Energie,wikirate_gri_energy_consumption,GRI 302-1 Total energy consumption,124192.8,Gigajoules,C,wikirate-open-esg,https://wikirate.org/~15569094,https://wikirate.org/~15568197,wikirate_bulk_csv_export,0.62,WikiRate Community-/Sekundärdaten; Antwortseite und Primärquelle prüfen.
uwpobs-845690c0d139fb63,uwp100-deutsche-post,Deutsche Post,2023,Planet,Klima/Emissionen,wikirate_gri_scope1_ghg,GRI 305-1 Scope 1 GHG emissions,8250000,tonnes CO2 equivalent,C,wikirate-open-esg,https://wikirate.org/~18820606,https://wikirate.org/~18820416,wikirate_bulk_csv_export,0.62,WikiRate Community-/Sekundärdaten; Antwortseite und Primärquelle prüfen.
uwpobs-0137334980200c02,uwp100-deutsche-post,Deutsche Post,2022,Planet,Klima/Emissionen,wikirate_gri_scope1_ghg,GRI 305-1 Scope 1 GHG emissions,36.46,tonnes CO2 equivalent,C,wikirate-open-esg,https://wikirate.org/~15565813,https://wikirate.org/~15565802,wikirate_bulk_csv_export,0.62,WikiRate Community-/Sekundärdaten; Antwortseite und Primärquelle prüfen.
uwpobs-9bac4c4cea47c367,uwp100-deutsche-post,Deutsche Post,2023,Planet,Lieferkette/Klima,wikirate_gri_scope3_ghg,GRI 305-3 Scope 3 GHG emissions,24970000,tonnes CO2 equivalent,C,wikirate-open-esg,https://wikirate.org/~18820618,https://wikirate.org/~18820416,wikirate_bulk_csv_export,0.62,WikiRate Community-/Sekundärdaten; Antwortseite und Primärquelle prüfen.
uwpobs-ff2cb9194c560055,uwp100-deutsche-post,Deutsche Post,2024,Transformation,Net-Zero/Transformation,sbti_long_term_status,SBTi Long-Term Zielstatus,Targets set,Status,A,sbti-target-dashboard,https://files.sciencebasedtargets.org/production/files/companies-excel.xlsx,DHL Group,official_xlsx_import:safe_name_match,0.86,SBTi-Zieldaten; kein Nachweis tatsächlicher Emissionsreduktion.
uwpobs-ecc9f2a211a5d9b0,uwp100-deutsche-post,Deutsche Post,2024,Transformation,Net-Zero/Transformation,sbti_long_term_target_classification,SBTi Long-Term Zielklassifikation,1.5°C,Klassifikation,A,sbti-target-dashboard,https://files.sciencebasedtargets.org/production/files/companies-excel.xlsx,DHL Group,official_xlsx_import:safe_name_match,0.86,SBTi-Zieldaten; kein Nachweis tatsächlicher Emissionsreduktion.
uwpobs-d7fb1ce0ffb49da2,uwp100-deutsche-post,Deutsche Post,2024,Transformation,Net-Zero/Transformation,sbti_long_term_target_year,SBTi Long-Term Zieljahr,2050,Jahr,A,sbti-target-dashboard,https://files.sciencebasedtargets.org/production/files/companies-excel.xlsx,DHL Group,official_xlsx_import:safe_name_match,0.86,SBTi-Zieldaten; kein Nachweis tatsächlicher Emissionsreduktion.
uwpobs-18755ee36529fd4f,uwp100-deutsche-post,Deutsche Post,2024,Transformation,Net-Zero/Transformation,sbti_net_zero_status,SBTi Net-Zero Status,Targets set,Status,A,sbti-target-dashboard,https://files.sciencebasedtargets.org/production/files/companies-excel.xlsx,DHL Group,official_xlsx_import:safe_name_match,0.86,SBTi-Zieldaten; kein Nachweis tatsächlicher Emissionsreduktion.
uwpobs-00f6c202e0cc2bdd,uwp100-deutsche-post,Deutsche Post,2024,Transformation,Net-Zero/Transformation,sbti_net_zero_year,SBTi Net-Zero Zieljahr,2050,Jahr,A,sbti-target-dashboard,https://files.sciencebasedtargets.org/production/files/companies-excel.xlsx,DHL Group,official_xlsx_import:safe_name_match,0.86,SBTi-Zieldaten; kein Nachweis tatsächlicher Emissionsreduktion.
uwpobs-fe389d3d41ee0e3d,uwp100-deutsche-post,Deutsche Post,2024,Demokratie,Steuertransparenz,cbcr_tax_transparency,Country-by-Country Reporting / Steuertransparenz,,Status,E,uwp-required-field-gap,,,required_field_gap_rendered,0.0,"UWP-Kernfeld noch nicht maschinell aus einer versionierten Primärquelle belegt; nicht schätzen, nicht mit 0 füllen."
uwpobs-9b9367664082317a,uwp100-deutsche-post,Deutsche Post,2024,Demokratie,Datenschutz,data_privacy_incidents,Datenschutzverstöße / Bußgelder,,Anzahl/Status,E,uwp-required-field-gap,,,required_field_gap_rendered,0.0,"UWP-Kernfeld noch nicht maschinell aus einer versionierten Primärquelle belegt; nicht schätzen, nicht mit 0 füllen."
uwpobs-a0f51822315d35b3,uwp100-deutsche-post,Deutsche Post,2024,Demokratie,Lobbying/Einflussnahme,lobbying_transparency,Lobbying-Transparenz,,Status,E,uwp-required-field-gap,,,required_field_gap_rendered,0.0,"UWP-Kernfeld noch nicht maschinell aus einer versionierten Primärquelle belegt; nicht schätzen, nicht mit 0 füllen."
uwpobs-321e644ed9ba81a2,uwp100-deutsche-post,Deutsche Post,2024,Demokratie,Compliance/Whistleblowing,whistleblowing_cases,Whistleblowing-Fälle und Abhilfe,,Anzahl/Status,E,uwp-required-field-gap,,,required_field_gap_rendered,0.0,"UWP-Kernfeld noch nicht maschinell aus einer versionierten Primärquelle belegt; nicht schätzen, nicht mit 0 füllen."
uwpobs-f90c853b7bdb747a,uwp100-deutsche-post,Deutsche Post,2024,Mensch,Arbeitssicherheit,ltifr,Lost Time Injury Frequency Rate,,je Mio. Arbeitsstunden,E,uwp-required-field-gap,,,required_field_gap_rendered,0.0,"UWP-Kernfeld noch nicht maschinell aus einer versionierten Primärquelle belegt; nicht schätzen, nicht mit 0 füllen."
uwpobs-a1726520ac249dda,uwp100-deutsche-post,Deutsche Post,2024,Mensch,Diversität/Teilhabe,women_management_share,Frauenanteil Management,,%,E,uwp-required-field-gap,,,required_field_gap_rendered,0.0,"UWP-Kernfeld noch nicht maschinell aus einer versionierten Primärquelle belegt; nicht schätzen, nicht mit 0 füllen."
uwpobs-8137ee2602fa73a0,uwp100-deutsche-post,Deutsche Post,2024,Planet,Energie,renewable_electricity_share,Erneuerbarer Strom,,%,E,uwp-required-field-gap,,,required_field_gap_rendered,0.0,"UWP-Kernfeld noch nicht maschinell aus einer versionierten Primärquelle belegt; nicht schätzen, nicht mit 0 füllen."
uwpobs-826df5acaf596874,uwp100-deutsche-post,Deutsche Post,2024,Planet,Klima,scope_1_2_ghg_absolute,Scope 1+2 absolut,,t CO2e,E,uwp-required-field-gap,,,required_field_gap_rendered,0.0,"UWP-Kernfeld noch nicht maschinell aus einer versionierten Primärquelle belegt; nicht schätzen, nicht mit 0 füllen."
uwpobs-3682920a822fcb95,uwp100-deutsche-post,Deutsche Post,2024,Transformation,EU-Taxonomie,taxonomy_aligned_revenue_share,Taxonomie-konformer Umsatzanteil,,%,E,uwp-required-field-gap,,,required_field_gap_rendered,0.0,"UWP-Kernfeld noch nicht maschinell aus einer versionierten Primärquelle belegt; nicht schätzen, nicht mit 0 füllen."
uwpobs-e774a02c5b526a29,uwp100-deutsche-telekom,Deutsche Telekom,2024,Datenqualität,Quellenstand,sbti_date_updated,SBTi Datenstand,2024-02-08,Datum,A,sbti-target-dashboard,https://files.sciencebasedtargets.org/production/files/companies-excel.xlsx,Deutsche Telekom AG,official_xlsx_import:safe_name_match,0.86,SBTi-Zieldaten; kein Nachweis tatsächlicher Emissionsreduktion.
uwpobs-762fc2798a1e64cc,uwp100-deutsche-telekom,Deutsche Telekom,2022,Demokratie,Korruption/Compliance,wikirate_gri_corruption_incidents,GRI 205-3 confirmed incidents of corruption,0,incidents,C,wikirate-open-esg,https://wikirate.org/~15579806,https://wikirate.org/~15558122,wikirate_bulk_csv_export,0.62,WikiRate Community-/Sekundärdaten; Antwortseite und Primärquelle prüfen.
uwpobs-da6f6a14446ae2c4,uwp100-deutsche-telekom,Deutsche Telekom,2016,Demokratie,Korruption/Compliance,wikirate_gri_corruption_incidents,GRI 205-3 confirmed incidents of corruption,20,incidents,C,wikirate-open-esg,https://wikirate.org/~3524856,https://wikirate.org/~3524821,wikirate_bulk_csv_export,0.62,WikiRate Community-/Sekundärdaten; Antwortseite und Primärquelle prüfen.
uwpobs-aceb16b20748e1f3,uwp100-deutsche-telekom,Deutsche Telekom,2015,Demokratie,Korruption/Compliance,wikirate_gri_corruption_incidents,GRI 205-3 confirmed incidents of corruption,17,incidents,C,wikirate-open-esg,https://wikirate.org/~3524860,https://wikirate.org/~3524836,wikirate_bulk_csv_export,0.62,WikiRate Community-/Sekundärdaten; Antwortseite und Primärquelle prüfen.
uwpobs-b8697e5f999d67be,uwp100-deutsche-telekom,Deutsche Telekom,2015,Mensch,Arbeitssicherheit,wikirate_gri_injury_rate,GRI 403-9 injury rate,8,injuries per million hours worked,C,wikirate-open-esg,https://wikirate.org/~3524939,https://wikirate.org/~3355535,wikirate_bulk_csv_export,0.62,WikiRate Community-/Sekundärdaten; Antwortseite und Primärquelle prüfen.
uwpobs-f8d95eb7086081db,uwp100-deutsche-telekom,Deutsche Telekom,2014,Mensch,Arbeitssicherheit,wikirate_gri_injury_rate,GRI 403-9 injury rate,8,injuries per million hours worked,C,wikirate-open-esg,https://wikirate.org/~959737,https://wikirate.org/~959438,wikirate_bulk_csv_export,0.62,WikiRate Community-/Sekundärdaten; Antwortseite und Primärquelle prüfen.
uwpobs-234e33b8cd615395,uwp100-deutsche-telekom,Deutsche Telekom,2013,Mensch,Arbeitssicherheit,wikirate_gri_injury_rate,GRI 403-9 injury rate,8,injuries per million hours worked,C,wikirate-open-esg,https://wikirate.org/~959741,https://wikirate.org/~959438,wikirate_bulk_csv_export,0.62,WikiRate Community-/Sekundärdaten; Antwortseite und Primärquelle prüfen.
uwpobs-a4a947a092f3f0db,uwp100-deutsche-telekom,Deutsche Telekom,2012,Mensch,Arbeitssicherheit,wikirate_gri_injury_rate,GRI 403-9 injury rate,8,injuries per million hours worked,C,wikirate-open-esg,https://wikirate.org/~959745,https://wikirate.org/~959438,wikirate_bulk_csv_export,0.62,WikiRate Community-/Sekundärdaten; Antwortseite und Primärquelle prüfen.
uwpobs-6c1361f33c4257d1,uwp100-deutsche-telekom,Deutsche Telekom,2011,Mensch,Arbeitssicherheit,wikirate_gri_injury_rate,GRI 403-9 injury rate,8,injuries per million hours worked,C,wikirate-open-esg,https://wikirate.org/~959749,https://wikirate.org/~959438,wikirate_bulk_csv_export,0.62,WikiRate Community-/Sekundärdaten; Antwortseite und Primärquelle prüfen.
uwpobs-dc9f94322c3a6e52,uwp100-deutsche-telekom,Deutsche Telekom,2010,Mensch,Arbeitssicherheit,wikirate_gri_injury_rate,GRI 403-9 injury rate,9,injuries per million hours worked,C,wikirate-open-esg,https://wikirate.org/~959753,https://wikirate.org/~959438,wikirate_bulk_csv_export,0.62,WikiRate Community-/Sekundärdaten; Antwortseite und Primärquelle prüfen.
uwpobs-052137385a46c8f1,uwp100-deutsche-telekom,Deutsche Telekom,2023,Mensch,Qualifizierung,wikirate_gri_training_hours,GRI 404-1 average hours of training,110.4,hours,C,wikirate-open-esg,https://wikirate.org/~18819126,https://wikirate.org/~18819014,wikirate_bulk_csv_export,0.62,WikiRate Community-/Sekundärdaten; Antwortseite und Primärquelle prüfen.
uwpobs-747fa84d5e6556fa,uwp100-deutsche-telekom,Deutsche Telekom,2022,Mensch,Qualifizierung,wikirate_gri_training_hours,GRI 404-1 average hours of training,108,hours,C,wikirate-open-esg,https://wikirate.org/~15558658,https://wikirate.org/~15558262,wikirate_bulk_csv_export,0.62,WikiRate Community-/Sekundärdaten; Antwortseite und Primärquelle prüfen.
uwpobs-d9c728f903663582,uwp100-deutsche-telekom,Deutsche Telekom,2020,Mensch,Qualifizierung,wikirate_gri_training_hours,GRI 404-1 average hours of training,11,hours,C,wikirate-open-esg,https://wikirate.org/~12599495,https://wikirate.org/~12598889,wikirate_bulk_csv_export,0.62,WikiRate Community-/Sekundärdaten; Antwortseite und Primärquelle prüfen.
uwpobs-737ca8a2aa248cd0,uwp100-deutsche-telekom,Deutsche Telekom,2019,Mensch,Qualifizierung,wikirate_gri_training_hours,GRI 404-1 average hours of training,19,hours,C,wikirate-open-esg,https://wikirate.org/~12604713,https://wikirate.org/~12604594,wikirate_bulk_csv_export,0.62,WikiRate Community-/Sekundärdaten; Antwortseite und Primärquelle prüfen.
uwpobs-d2f8293561d747a1,uwp100-deutsche-telekom,Deutsche Telekom,2022,Mensch,Arbeitssicherheit,wikirate_gri_worker_fatalities,GRI 403-9 worker fatalities,0,count,C,wikirate-open-esg,https://wikirate.org/~15579324,https://wikirate.org/~15558262,wikirate_bulk_csv_export,0.62,WikiRate Community-/Sekundärdaten; Antwortseite und Primärquelle prüfen.
uwpobs-aaec961ee58893ee,uwp100-deutsche-telekom,Deutsche Telekom,2024,Planet,Klima/Transformationspfad,sbti_ba15_date,SBTi Business Ambition 1.5C Datum,2019-09-01,Datum,B,sbti-target-dashboard,https://files.sciencebasedtargets.org/production/files/companies-excel.xlsx,Deutsche Telekom AG,official_xlsx_import:safe_name_match,0.86,SBTi-Zieldaten; kein Nachweis tatsächlicher Emissionsreduktion.
uwpobs-287a9f6fb7cd178b,uwp100-deutsche-telekom,Deutsche Telekom,2024,Planet,Klima/Transformationspfad,sbti_ba15_status,SBTi Business Ambition 1.5C Status,BA1.5 member,Status,B,sbti-target-dashboard,https://files.sciencebasedtargets.org/production/files/companies-excel.xlsx,Deutsche Telekom AG,official_xlsx_import:safe_name_match,0.86,SBTi-Zieldaten; kein Nachweis tatsächlicher Emissionsreduktion.
uwpobs-9881cb342d5f78a5,uwp100-deutsche-telekom,Deutsche Telekom,2024,Planet,Klima/Transformationspfad,sbti_full_target_language,SBTi Zieltext,"Overall net-zero target:
Deutsche Telekom AG commits to reach net-zero greenhouse gas emissions across the value chain by 2040.
Near-term targets:
Deutsche Telekom AG commits to reduce absolute scope 1 and 2 GHG emissions 94% by
2030 from a 2020 base year. Deutsche Telekom AG also commits to reduce absolute scope 3 GHG emissions 47% within the same timeframe.
Long-term targets:
Deutsche Telekom AG commits to reduce absolute scope 1 and 2 GHG emissions 90% by
2040 from a 2020 base year. Deutsche Telekom AG also commits to reduce absolute scope 3 GHG emissions 90% within the same timeframe.",Text,B,sbti-target-dashboard,https://files.sciencebasedtargets.org/production/files/companies-excel.xlsx,Deutsche Telekom AG,official_xlsx_import:safe_name_match,0.86,SBTi-Zieldaten; kein Nachweis tatsächlicher Emissionsreduktion.
uwpobs-f2d36d23c7f9a115,uwp100-deutsche-telekom,Deutsche Telekom,2024,Planet,Klima/Transformationspfad,sbti_near_term_status,SBTi Near-Term Zielstatus,Targets set,Status,A,sbti-target-dashboard,https://files.sciencebasedtargets.org/production/files/companies-excel.xlsx,Deutsche Telekom AG,official_xlsx_import:safe_name_match,0.86,SBTi-Zieldaten; kein Nachweis tatsächlicher Emissionsreduktion.
uwpobs-89cf0b0f9d9b98f7,uwp100-deutsche-telekom,Deutsche Telekom,2024,Planet,Klima/Transformationspfad,sbti_near_term_target_classification,SBTi Near-Term Zielklassifikation,1.5°C,Klassifikation,A,sbti-target-dashboard,https://files.sciencebasedtargets.org/production/files/companies-excel.xlsx,Deutsche Telekom AG,official_xlsx_import:safe_name_match,0.86,SBTi-Zieldaten; kein Nachweis tatsächlicher Emissionsreduktion.
uwpobs-6c496e855275ed24,uwp100-deutsche-telekom,Deutsche Telekom,2024,Planet,Klima/Transformationspfad,sbti_near_term_target_year,SBTi Near-Term Zieljahr,2030,Jahr,A,sbti-target-dashboard,https://files.sciencebasedtargets.org/production/files/companies-excel.xlsx,Deutsche Telekom AG,official_xlsx_import:safe_name_match,0.86,SBTi-Zieldaten; kein Nachweis tatsächlicher Emissionsreduktion.
uwpobs-65bf6765285e0b56,uwp100-deutsche-telekom,Deutsche Telekom,2024,Planet,Klima/Transformationspfad,sbti_target_classification_long,SBTi Zielklassifikation Langtext,The targets covering greenhouse gas emissions from company operations (scopes 1 and 2) are consistent with reductions required to keep warming to 1.5°C,Text,B,sbti-target-dashboard,https://files.sciencebasedtargets.org/production/files/companies-excel.xlsx,Deutsche Telekom AG,official_xlsx_import:safe_name_match,0.86,SBTi-Zieldaten; kein Nachweis tatsächlicher Emissionsreduktion.
uwpobs-1e2031eb95f05587,uwp100-deutsche-telekom,Deutsche Telekom,2023,Planet,Energie,wikirate_gri_energy_consumption,GRI 302-1 Total energy consumption,43920000,Gigajoules,C,wikirate-open-esg,https://wikirate.org/~18819302,https://wikirate.org/~18818938,wikirate_bulk_csv_export,0.62,WikiRate Community-/Sekundärdaten; Antwortseite und Primärquelle prüfen.
uwpobs-cd652bd24cb6f63b,uwp100-deutsche-telekom,Deutsche Telekom,2022,Planet,Energie,wikirate_gri_energy_consumption,GRI 302-1 Total energy consumption,47714400,Gigajoules,C,wikirate-open-esg,https://wikirate.org/~15565977,https://wikirate.org/~15565944,wikirate_bulk_csv_export,0.62,WikiRate Community-/Sekundärdaten; Antwortseite und Primärquelle prüfen.
uwpobs-183a9553d8f2d054,uwp100-deutsche-telekom,Deutsche Telekom,2023,Planet,Klima/Emissionen,wikirate_gri_scope1_ghg,GRI 305-1 Scope 1 GHG emissions,199023,tonnes CO2 equivalent,C,wikirate-open-esg,https://wikirate.org/~18819261,https://wikirate.org/~18818938,wikirate_bulk_csv_export,0.62,WikiRate Community-/Sekundärdaten; Antwortseite und Primärquelle prüfen.
uwpobs-d867c7b223489dcb,uwp100-deutsche-telekom,Deutsche Telekom,2022,Planet,Klima/Emissionen,wikirate_gri_scope1_ghg,GRI 305-1 Scope 1 GHG emissions,212044,tonnes CO2 equivalent,C,wikirate-open-esg,https://wikirate.org/~15557992,https://wikirate.org/~15557957,wikirate_bulk_csv_export,0.62,WikiRate Community-/Sekundärdaten; Antwortseite und Primärquelle prüfen.
uwpobs-b30f95b5a358a240,uwp100-deutsche-telekom,Deutsche Telekom,2020,Planet,Klima/Emissionen,wikirate_gri_scope1_ghg,GRI 305-1 Scope 1 GHG emissions,235000,tonnes CO2 equivalent,C,wikirate-open-esg,https://wikirate.org/~12600020,https://wikirate.org/~12598889,wikirate_bulk_csv_export,0.62,WikiRate Community-/Sekundärdaten; Antwortseite und Primärquelle prüfen.
uwpobs-4b72b48ca8eef92a,uwp100-deutsche-telekom,Deutsche Telekom,2019,Planet,Klima/Emissionen,wikirate_gri_scope1_ghg,GRI 305-1 Scope 1 GHG emissions,256476,tonnes CO2 equivalent,C,wikirate-open-esg,https://wikirate.org/~12604782,https://wikirate.org/~12604594,wikirate_bulk_csv_export,0.62,WikiRate Community-/Sekundärdaten; Antwortseite und Primärquelle prüfen.
uwpobs-ca5e8bf06e5a7f35,uwp100-deutsche-telekom,Deutsche Telekom,2022,Planet,Klima/Emissionen,wikirate_gri_scope2_ghg,GRI 305-2 Scope 2 GHG emissions,21019,tonnes CO2 equivalent,C,wikirate-open-esg,https://wikirate.org/~15558018,https://wikirate.org/~15557957,wikirate_bulk_csv_export,0.62,WikiRate Community-/Sekundärdaten; Antwortseite und Primärquelle prüfen.
uwpobs-0053fe1bbaecd071,uwp100-deutsche-telekom,Deutsche Telekom,2020,Planet,Klima/Emissionen,wikirate_gri_scope2_ghg,GRI 305-2 Scope 2 GHG emissions,2277000,tonnes CO2 equivalent,C,wikirate-open-esg,https://wikirate.org/~12600066,https://wikirate.org/~12598889,wikirate_bulk_csv_export,0.62,WikiRate Community-/Sekundärdaten; Antwortseite und Primärquelle prüfen.
uwpobs-07c127231b8c938e,uwp100-deutsche-telekom,Deutsche Telekom,2019,Planet,Klima/Emissionen,wikirate_gri_scope2_ghg,GRI 305-2 Scope 2 GHG emissions,1545541,tonnes CO2 equivalent,C,wikirate-open-esg,https://wikirate.org/~12604801,https://wikirate.org/~12604594,wikirate_bulk_csv_export,0.62,WikiRate Community-/Sekundärdaten; Antwortseite und Primärquelle prüfen.
uwpobs-4f63ea3534856811,uwp100-deutsche-telekom,Deutsche Telekom,2023,Planet,Lieferkette/Klima,wikirate_gri_scope3_ghg,GRI 305-3 Scope 3 GHG emissions,10476000,tonnes CO2 equivalent,C,wikirate-open-esg,https://wikirate.org/~18819293,https://wikirate.org/~18818938,wikirate_bulk_csv_export,0.62,WikiRate Community-/Sekundärdaten; Antwortseite und Primärquelle prüfen.
uwpobs-b1c87572cbf886df,uwp100-deutsche-telekom,Deutsche Telekom,2022,Planet,Lieferkette/Klima,wikirate_gri_scope3_ghg,GRI 305-3 Scope 3 GHG emissions,4568000,tonnes CO2 equivalent,C,wikirate-open-esg,https://wikirate.org/~15558556,https://wikirate.org/~15558546,wikirate_bulk_csv_export,0.62,WikiRate Community-/Sekundärdaten; Antwortseite und Primärquelle prüfen.
uwpobs-2579fb0dc511a560,uwp100-deutsche-telekom,Deutsche Telekom,2023,Planet,Abfall/Ressourcen,wikirate_gri_total_waste,GRI 306-2 Total waste generated,86921,tonnes,C,wikirate-open-esg,https://wikirate.org/~18819195,https://wikirate.org/~18818938,wikirate_bulk_csv_export,0.62,WikiRate Community-/Sekundärdaten; Antwortseite und Primärquelle prüfen.
uwpobs-b8bf53cd69a9510a,uwp100-deutsche-telekom,Deutsche Telekom,2022,Planet,Abfall/Ressourcen,wikirate_gri_total_waste,GRI 306-2 Total waste generated,82653,tonnes,C,wikirate-open-esg,https://wikirate.org/~15567110,https://wikirate.org/~15567057,wikirate_bulk_csv_export,0.62,WikiRate Community-/Sekundärdaten; Antwortseite und Primärquelle prüfen.
uwpobs-851e32d1743d6320,uwp100-deutsche-telekom,Deutsche Telekom,2020,Planet,Abfall/Ressourcen,wikirate_gri_total_waste,GRI 306-2 Total waste generated,71135,tonnes,C,wikirate-open-esg,https://wikirate.org/~12600259,https://wikirate.org/~12598889,wikirate_bulk_csv_export,0.62,WikiRate Community-/Sekundärdaten; Antwortseite und Primärquelle prüfen.
uwpobs-1b2e34de79f5220d,uwp100-deutsche-telekom,Deutsche Telekom,2019,Planet,Abfall/Ressourcen,wikirate_gri_total_waste,GRI 306-2 Total waste generated,69076,tonnes,C,wikirate-open-esg,https://wikirate.org/~12604859,https://wikirate.org/~12604594,wikirate_bulk_csv_export,0.62,WikiRate Community-/Sekundärdaten; Antwortseite und Primärquelle prüfen.
uwpobs-cd308960f2f1b465,uwp100-deutsche-telekom,Deutsche Telekom,2018,Planet,Abfall/Ressourcen,wikirate_gri_total_waste,GRI 306-2 Total waste generated,60302,tonnes,C,wikirate-open-esg,https://wikirate.org/~12611912,https://wikirate.org/~12604926,wikirate_bulk_csv_export,0.62,WikiRate Community-/Sekundärdaten; Antwortseite und Primärquelle prüfen.
uwpobs-466512d1642adbfc,uwp100-deutsche-telekom,Deutsche Telekom,2024,Transformation,Net-Zero/Transformation,sbti_long_term_status,SBTi Long-Term Zielstatus,Targets set,Status,A,sbti-target-dashboard,https://files.sciencebasedtargets.org/production/files/companies-excel.xlsx,Deutsche Telekom AG,official_xlsx_import:safe_name_match,0.86,SBTi-Zieldaten; kein Nachweis tatsächlicher Emissionsreduktion.
uwpobs-bf2f0624825e5fe4,uwp100-deutsche-telekom,Deutsche Telekom,2024,Transformation,Net-Zero/Transformation,sbti_long_term_target_classification,SBTi Long-Term Zielklassifikation,1.5°C,Klassifikation,A,sbti-target-dashboard,https://files.sciencebasedtargets.org/production/files/companies-excel.xlsx,Deutsche Telekom AG,official_xlsx_import:safe_name_match,0.86,SBTi-Zieldaten; kein Nachweis tatsächlicher Emissionsreduktion.
uwpobs-a5f5ad5a92a51720,uwp100-deutsche-telekom,Deutsche Telekom,2024,Transformation,Net-Zero/Transformation,sbti_long_term_target_year,SBTi Long-Term Zieljahr,2040,Jahr,A,sbti-target-dashboard,https://files.sciencebasedtargets.org/production/files/companies-excel.xlsx,Deutsche Telekom AG,official_xlsx_import:safe_name_match,0.86,SBTi-Zieldaten; kein Nachweis tatsächlicher Emissionsreduktion.
uwpobs-9148a0f5b4b33d71,uwp100-deutsche-telekom,Deutsche Telekom,2024,Transformation,Net-Zero/Transformation,sbti_net_zero_status,SBTi Net-Zero Status,Targets set,Status,A,sbti-target-dashboard,https://files.sciencebasedtargets.org/production/files/companies-excel.xlsx,Deutsche Telekom AG,official_xlsx_import:safe_name_match,0.86,SBTi-Zieldaten; kein Nachweis tatsächlicher Emissionsreduktion.
uwpobs-48f7d9f6b40facb9,uwp100-deutsche-telekom,Deutsche Telekom,2024,Transformation,Net-Zero/Transformation,sbti_net_zero_year,SBTi Net-Zero Zieljahr,2040,Jahr,A,sbti-target-dashboard,https://files.sciencebasedtargets.org/production/files/companies-excel.xlsx,Deutsche Telekom AG,official_xlsx_import:safe_name_match,0.86,SBTi-Zieldaten; kein Nachweis tatsächlicher Emissionsreduktion.
uwpobs-ff6b93d037d8a830,uwp100-deutsche-telekom,Deutsche Telekom,2024,Demokratie,Steuertransparenz,cbcr_tax_transparency,Country-by-Country Reporting / Steuertransparenz,,Status,E,uwp-required-field-gap,,,required_field_gap_rendered,0.0,"UWP-Kernfeld noch nicht maschinell aus einer versionierten Primärquelle belegt; nicht schätzen, nicht mit 0 füllen."
uwpobs-a3fd36cc0a43e08b,uwp100-deutsche-telekom,Deutsche Telekom,2024,Demokratie,Datenschutz,data_privacy_incidents,Datenschutzverstöße / Bußgelder,,Anzahl/Status,E,uwp-required-field-gap,,,required_field_gap_rendered,0.0,"UWP-Kernfeld noch nicht maschinell aus einer versionierten Primärquelle belegt; nicht schätzen, nicht mit 0 füllen."
uwpobs-010cef46191064c2,uwp100-deutsche-telekom,Deutsche Telekom,2024,Demokratie,Lobbying/Einflussnahme,lobbying_transparency,Lobbying-Transparenz,,Status,E,uwp-required-field-gap,,,required_field_gap_rendered,0.0,"UWP-Kernfeld noch nicht maschinell aus einer versionierten Primärquelle belegt; nicht schätzen, nicht mit 0 füllen."
uwpobs-85ac98cffb868a29,uwp100-deutsche-telekom,Deutsche Telekom,2024,Demokratie,Compliance/Whistleblowing,whistleblowing_cases,Whistleblowing-Fälle und Abhilfe,,Anzahl/Status,E,uwp-required-field-gap,,,required_field_gap_rendered,0.0,"UWP-Kernfeld noch nicht maschinell aus einer versionierten Primärquelle belegt; nicht schätzen, nicht mit 0 füllen."
uwpobs-7ff0bed9b796d2ca,uwp100-deutsche-telekom,Deutsche Telekom,2024,Mensch,Arbeitssicherheit,ltifr,Lost Time Injury Frequency Rate,,je Mio. Arbeitsstunden,E,uwp-required-field-gap,,,required_field_gap_rendered,0.0,"UWP-Kernfeld noch nicht maschinell aus einer versionierten Primärquelle belegt; nicht schätzen, nicht mit 0 füllen."
uwpobs-cac8450301fe3f64,uwp100-deutsche-telekom,Deutsche Telekom,2024,Mensch,Diversität/Teilhabe,women_management_share,Frauenanteil Management,,%,E,uwp-required-field-gap,,,required_field_gap_rendered,0.0,"UWP-Kernfeld noch nicht maschinell aus einer versionierten Primärquelle belegt; nicht schätzen, nicht mit 0 füllen."
uwpobs-35543234a0499d81,uwp100-deutsche-telekom,Deutsche Telekom,2024,Planet,Energie,renewable_electricity_share,Erneuerbarer Strom,,%,E,uwp-required-field-gap,,,required_field_gap_rendered,0.0,"UWP-Kernfeld noch nicht maschinell aus einer versionierten Primärquelle belegt; nicht schätzen, nicht mit 0 füllen."
uwpobs-4a97e81f2e0572d3,uwp100-deutsche-telekom,Deutsche Telekom,2024,Planet,Klima,scope_1_2_ghg_absolute,Scope 1+2 absolut,,t CO2e,E,uwp-required-field-gap,,,required_field_gap_rendered,0.0,"UWP-Kernfeld noch nicht maschinell aus einer versionierten Primärquelle belegt; nicht schätzen, nicht mit 0 füllen."
uwpobs-3cab7c5b49098011,uwp100-deutsche-telekom,Deutsche Telekom,2024,Transformation,EU-Taxonomie,taxonomy_aligned_revenue_share,Taxonomie-konformer Umsatzanteil,,%,E,uwp-required-field-gap,,,required_field_gap_rendered,0.0,"UWP-Kernfeld noch nicht maschinell aus einer versionierten Primärquelle belegt; nicht schätzen, nicht mit 0 füllen."
uwpobs-f9f2280f6991d4a2,uwp100-deutz,Deutz AG,2024,Demokratie,Steuertransparenz,cbcr_tax_transparency,Country-by-Country Reporting / Steuertransparenz,,Status,E,uwp-required-field-gap,,,required_field_gap_rendered,0.0,"UWP-Kernfeld noch nicht maschinell aus einer versionierten Primärquelle belegt; nicht schätzen, nicht mit 0 füllen."
uwpobs-7d94751ee71e909e,uwp100-deutz,Deutz AG,2024,Demokratie,Datenschutz,data_privacy_incidents,Datenschutzverstöße / Bußgelder,,Anzahl/Status,E,uwp-required-field-gap,,,required_field_gap_rendered,0.0,"UWP-Kernfeld noch nicht maschinell aus einer versionierten Primärquelle belegt; nicht schätzen, nicht mit 0 füllen."
uwpobs-c05b701b0d8d976f,uwp100-deutz,Deutz AG,2024,Demokratie,Lobbying/Einflussnahme,lobbying_transparency,Lobbying-Transparenz,,Status,E,uwp-required-field-gap,,,required_field_gap_rendered,0.0,"UWP-Kernfeld noch nicht maschinell aus einer versionierten Primärquelle belegt; nicht schätzen, nicht mit 0 füllen."
uwpobs-3689209e65e182c9,uwp100-deutz,Deutz AG,2024,Demokratie,Compliance/Whistleblowing,whistleblowing_cases,Whistleblowing-Fälle und Abhilfe,,Anzahl/Status,E,uwp-required-field-gap,,,required_field_gap_rendered,0.0,"UWP-Kernfeld noch nicht maschinell aus einer versionierten Primärquelle belegt; nicht schätzen, nicht mit 0 füllen."
uwpobs-26bed915203ed61e,uwp100-deutz,Deutz AG,2024,Mensch,Arbeitssicherheit,ltifr,Lost Time Injury Frequency Rate,,je Mio. Arbeitsstunden,E,uwp-required-field-gap,,,required_field_gap_rendered,0.0,"UWP-Kernfeld noch nicht maschinell aus einer versionierten Primärquelle belegt; nicht schätzen, nicht mit 0 füllen."
uwpobs-28b3344dcaa2357f,uwp100-deutz,Deutz AG,2024,Mensch,Diversität/Teilhabe,women_management_share,Frauenanteil Management,,%,E,uwp-required-field-gap,,,required_field_gap_rendered,0.0,"UWP-Kernfeld noch nicht maschinell aus einer versionierten Primärquelle belegt; nicht schätzen, nicht mit 0 füllen."
uwpobs-b72a96d7ac55f53f,uwp100-deutz,Deutz AG,2024,Planet,Energie,renewable_electricity_share,Erneuerbarer Strom,,%,E,uwp-required-field-gap,,,required_field_gap_rendered,0.0,"UWP-Kernfeld noch nicht maschinell aus einer versionierten Primärquelle belegt; nicht schätzen, nicht mit 0 füllen."
uwpobs-e44a6ecb251de018,uwp100-deutz,Deutz AG,2025,Planet,Klima/Transformationspfad,sbti_profile_available,SBTi Zielprofil sicher matchbar,,Status,E,sbti-target-dashboard,https://files.sciencebasedtargets.org/production/files/companies-excel.xlsx,,official_xlsx_import_no_safe_match,0.0,Kein sicherer SBTi-Match für Deutz AG im offiziellen Target Dashboard. Das ist keine negative Klimabewertung.
uwpobs-b48c33ffbbc13857,uwp100-deutz,Deutz AG,2024,Planet,Klima,scope_1_2_ghg_absolute,Scope 1+2 absolut,,t CO2e,E,uwp-required-field-gap,,,required_field_gap_rendered,0.0,"UWP-Kernfeld noch nicht maschinell aus einer versionierten Primärquelle belegt; nicht schätzen, nicht mit 0 füllen."
uwpobs-e751f9e6d83bdf2b,uwp100-deutz,Deutz AG,2024,Planet,Lieferkette/Klima,scope_3_ghg_absolute,Scope 3 absolut,,t CO2e,E,uwp-required-field-gap,,,required_field_gap_rendered,0.0,"UWP-Kernfeld noch nicht maschinell aus einer versionierten Primärquelle belegt; nicht schätzen, nicht mit 0 füllen."
uwpobs-3e1ef9fe0755ab05,uwp100-deutz,Deutz AG,2024,Transformation,EU-Taxonomie,taxonomy_aligned_revenue_share,Taxonomie-konformer Umsatzanteil,,%,E,uwp-required-field-gap,,,required_field_gap_rendered,0.0,"UWP-Kernfeld noch nicht maschinell aus einer versionierten Primärquelle belegt; nicht schätzen, nicht mit 0 füllen."
uwpobs-49fbda3b8fc97dda,uwp100-e-on,E.ON,2022,Datenqualität,Quellenstand,sbti_date_updated,SBTi Datenstand,2022-05-26,Datum,A,sbti-target-dashboard,https://files.sciencebasedtargets.org/production/files/companies-excel.xlsx,E.ON SE,official_xlsx_import:safe_name_match,0.86,SBTi-Zieldaten; kein Nachweis tatsächlicher Emissionsreduktion.
uwpobs-32d9fc8a42f8decf,uwp100-e-on,E.ON,2022,Demokratie,Korruption/Compliance,wikirate_gri_corruption_incidents,GRI 205-3 confirmed incidents of corruption,22,incidents,C,wikirate-open-esg,https://wikirate.org/~15558978,https://wikirate.org/~15355250,wikirate_bulk_csv_export,0.62,WikiRate Community-/Sekundärdaten; Antwortseite und Primärquelle prüfen.
uwpobs-9c820bcd0ab2e28c,uwp100-e-on,E.ON,2022,Demokratie,Rechtskonformität/Umwelt,wikirate_gri_environmental_fines,GRI 307-1 environmental fines,383745.67,USD,C,wikirate-open-esg,https://wikirate.org/~15552993,https://wikirate.org/~15355250,wikirate_bulk_csv_export,0.62,WikiRate Community-/Sekundärdaten; Antwortseite und Primärquelle prüfen.
uwpobs-7b0e7e492e68c69e,uwp100-e-on,E.ON,2018,Demokratie,Rechtskonformität/Umwelt,wikirate_gri_environmental_fines,GRI 307-1 environmental fines,0,USD,C,wikirate-open-esg,https://wikirate.org/~5355338,https://wikirate.org/~5344967,wikirate_bulk_csv_export,0.62,WikiRate Community-/Sekundärdaten; Antwortseite und Primärquelle prüfen.
uwpobs-9e96206acff20b6b,uwp100-e-on,E.ON,2017,Demokratie,Rechtskonformität/Umwelt,wikirate_gri_environmental_fines,GRI 307-1 environmental fines,0,USD,C,wikirate-open-esg,https://wikirate.org/~5355332,https://wikirate.org/~5345048,wikirate_bulk_csv_export,0.62,WikiRate Community-/Sekundärdaten; Antwortseite und Primärquelle prüfen.
uwpobs-e54b9039d86f841b,uwp100-e-on,E.ON,2022,Mensch,Qualifizierung,wikirate_gri_training_hours,GRI 404-1 average hours of training,18.2,hours,C,wikirate-open-esg,https://wikirate.org/~15557535,https://wikirate.org/~15355250,wikirate_bulk_csv_export,0.62,WikiRate Community-/Sekundärdaten; Antwortseite und Primärquelle prüfen.
uwpobs-47448feed5fd7d02,uwp100-e-on,E.ON,2022,Mensch,Arbeitssicherheit,wikirate_gri_worker_fatalities,GRI 403-9 worker fatalities,3,count,C,wikirate-open-esg,https://wikirate.org/~15559065,https://wikirate.org/~15355250,wikirate_bulk_csv_export,0.62,WikiRate Community-/Sekundärdaten; Antwortseite und Primärquelle prüfen.
uwpobs-b995071b55d73a85,uwp100-e-on,E.ON,2022,Planet,Klima/Transformationspfad,sbti_ba15_date,SBTi Business Ambition 1.5C Datum,2021-03-25,Datum,B,sbti-target-dashboard,https://files.sciencebasedtargets.org/production/files/companies-excel.xlsx,E.ON SE,official_xlsx_import:safe_name_match,0.86,SBTi-Zieldaten; kein Nachweis tatsächlicher Emissionsreduktion.
uwpobs-dda3a8b94a6c9a3d,uwp100-e-on,E.ON,2022,Planet,Klima/Transformationspfad,sbti_ba15_status,SBTi Business Ambition 1.5C Status,BA1.5 member,Status,B,sbti-target-dashboard,https://files.sciencebasedtargets.org/production/files/companies-excel.xlsx,E.ON SE,official_xlsx_import:safe_name_match,0.86,SBTi-Zieldaten; kein Nachweis tatsächlicher Emissionsreduktion.
uwpobs-60a3d825d13739df,uwp100-e-on,E.ON,2022,Planet,Klima/Transformationspfad,sbti_full_target_language,SBTi Zieltext,E. ON SE commits to reduce absolute scope 1 and 2 GHG emissions 50% by 2030 from a 2019 base year*. E. ON SE also commits to reduce scope 3 GHG emissions covering fuel and energy related activities from purchased power sold to end-customers 75% per kWh by 2030 from a 2019 base year. E. ON SE commits to reduce absolute scope 3 GHG emissions covering use of sold products from fossil fuels distributed but not sold 42% by 2030 from a 2019 base year. E. ON SE commits to reduce all other absolute scope 3 GHG emissions 50% by 2030 from a 2019 base year. *The target boundary includes biogenic emissions and removals from bioenergy feedstocks,Text,B,sbti-target-dashboard,https://files.sciencebasedtargets.org/production/files/companies-excel.xlsx,E.ON SE,official_xlsx_import:safe_name_match,0.86,SBTi-Zieldaten; kein Nachweis tatsächlicher Emissionsreduktion.
uwpobs-18fa264443f2a495,uwp100-e-on,E.ON,2022,Planet,Klima/Transformationspfad,sbti_near_term_status,SBTi Near-Term Zielstatus,Targets set,Status,A,sbti-target-dashboard,https://files.sciencebasedtargets.org/production/files/companies-excel.xlsx,E.ON SE,official_xlsx_import:safe_name_match,0.86,SBTi-Zieldaten; kein Nachweis tatsächlicher Emissionsreduktion.
uwpobs-3d25ced142d05316,uwp100-e-on,E.ON,2022,Planet,Klima/Transformationspfad,sbti_near_term_target_classification,SBTi Near-Term Zielklassifikation,1.5°C,Klassifikation,A,sbti-target-dashboard,https://files.sciencebasedtargets.org/production/files/companies-excel.xlsx,E.ON SE,official_xlsx_import:safe_name_match,0.86,SBTi-Zieldaten; kein Nachweis tatsächlicher Emissionsreduktion.
uwpobs-5b5ddfa2e1721b5c,uwp100-e-on,E.ON,2022,Planet,Klima/Transformationspfad,sbti_near_term_target_year,SBTi Near-Term Zieljahr,2030,Jahr,A,sbti-target-dashboard,https://files.sciencebasedtargets.org/production/files/companies-excel.xlsx,E.ON SE,official_xlsx_import:safe_name_match,0.86,SBTi-Zieldaten; kein Nachweis tatsächlicher Emissionsreduktion.
uwpobs-3ccb259b56375ba0,uwp100-e-on,E.ON,2022,Planet,Klima/Transformationspfad,sbti_target_classification_long,SBTi Zielklassifikation Langtext,The targets covering greenhouse gas emissions from company operations (scopes 1 and 2) are consistent with reductions required to keep warming to 1.5°C,Text,B,sbti-target-dashboard,https://files.sciencebasedtargets.org/production/files/companies-excel.xlsx,E.ON SE,official_xlsx_import:safe_name_match,0.86,SBTi-Zieldaten; kein Nachweis tatsächlicher Emissionsreduktion.
uwpobs-c6073c3e912be325,uwp100-e-on,E.ON,2022,Planet,Energie,wikirate_gri_energy_consumption,GRI 302-1 Total energy consumption,109000000,Gigajoules,C,wikirate-open-esg,https://wikirate.org/~15553300,https://wikirate.org/~15355250,wikirate_bulk_csv_export,0.62,WikiRate Community-/Sekundärdaten; Antwortseite und Primärquelle prüfen.
uwpobs-309d8b6dd6c5d269,uwp100-e-on,E.ON,2018,Planet,Energie,wikirate_gri_energy_consumption,GRI 302-1 Total energy consumption,239000000,Gigajoules,C,wikirate-open-esg,https://wikirate.org/~5345452,https://wikirate.org/~5344967,wikirate_bulk_csv_export,0.62,WikiRate Community-/Sekundärdaten; Antwortseite und Primärquelle prüfen.
uwpobs-7313b907b1644e68,uwp100-e-on,E.ON,2022,Planet,Klima/Emissionen,wikirate_gri_scope1_ghg,GRI 305-1 Scope 1 GHG emissions,2880000,tonnes CO2 equivalent,C,wikirate-open-esg,https://wikirate.org/~15355256,https://wikirate.org/~15355250,wikirate_bulk_csv_export,0.62,WikiRate Community-/Sekundärdaten; Antwortseite und Primärquelle prüfen.
uwpobs-43f2907f66d77ec2,uwp100-e-on,E.ON,2021,Planet,Klima/Emissionen,wikirate_gri_scope1_ghg,GRI 305-1 Scope 1 GHG emissions,3710000,tonnes CO2 equivalent,C,wikirate-open-esg,https://wikirate.org/~12653291,https://wikirate.org/~12653283,wikirate_bulk_csv_export,0.62,WikiRate Community-/Sekundärdaten; Antwortseite und Primärquelle prüfen.
uwpobs-f068fcb778eb4f4a,uwp100-e-on,E.ON,2020,Planet,Klima/Emissionen,wikirate_gri_scope1_ghg,GRI 305-1 Scope 1 GHG emissions,3920000,tonnes CO2 equivalent,C,wikirate-open-esg,https://wikirate.org/~12653295,https://wikirate.org/~12653283,wikirate_bulk_csv_export,0.62,WikiRate Community-/Sekundärdaten; Antwortseite und Primärquelle prüfen.
uwpobs-f715d2c58b324d42,uwp100-e-on,E.ON,2019,Planet,Klima/Emissionen,wikirate_gri_scope1_ghg,GRI 305-1 Scope 1 GHG emissions,3980000,tonnes CO2 equivalent,C,wikirate-open-esg,https://wikirate.org/~12653299,https://wikirate.org/~12653283,wikirate_bulk_csv_export,0.62,WikiRate Community-/Sekundärdaten; Antwortseite und Primärquelle prüfen.
uwpobs-8dc1b70beacdb80a,uwp100-e-on,E.ON,2022,Planet,Klima/Emissionen,wikirate_gri_scope2_ghg,GRI 305-2 Scope 2 GHG emissions,3380000,tonnes CO2 equivalent,C,wikirate-open-esg,https://wikirate.org/~15355260,https://wikirate.org/~15355250,wikirate_bulk_csv_export,0.62,WikiRate Community-/Sekundärdaten; Antwortseite und Primärquelle prüfen.
uwpobs-6fa56612607249a6,uwp100-e-on,E.ON,2021,Planet,Klima/Emissionen,wikirate_gri_scope2_ghg,GRI 305-2 Scope 2 GHG emissions,3900000,tonnes CO2 equivalent,C,wikirate-open-esg,https://wikirate.org/~12653303,https://wikirate.org/~12653283,wikirate_bulk_csv_export,0.62,WikiRate Community-/Sekundärdaten; Antwortseite und Primärquelle prüfen.
uwpobs-f6a6c8fece799f46,uwp100-e-on,E.ON,2020,Planet,Klima/Emissionen,wikirate_gri_scope2_ghg,GRI 305-2 Scope 2 GHG emissions,4490000,tonnes CO2 equivalent,C,wikirate-open-esg,https://wikirate.org/~12653307,https://wikirate.org/~12653283,wikirate_bulk_csv_export,0.62,WikiRate Community-/Sekundärdaten; Antwortseite und Primärquelle prüfen.
uwpobs-fdb1f8976efc7033,uwp100-e-on,E.ON,2019,Planet,Klima/Emissionen,wikirate_gri_scope2_ghg,GRI 305-2 Scope 2 GHG emissions,4820000,tonnes CO2 equivalent,C,wikirate-open-esg,https://wikirate.org/~12653311,https://wikirate.org/~12653283,wikirate_bulk_csv_export,0.62,WikiRate Community-/Sekundärdaten; Antwortseite und Primärquelle prüfen.
uwpobs-2a0e9595572037f2,uwp100-e-on,E.ON,2022,Planet,Lieferkette/Klima,wikirate_gri_scope3_ghg,GRI 305-3 Scope 3 GHG emissions,80.55,tonnes CO2 equivalent,C,wikirate-open-esg,https://wikirate.org/~15355264,https://wikirate.org/~15355250,wikirate_bulk_csv_export,0.62,WikiRate Community-/Sekundärdaten; Antwortseite und Primärquelle prüfen.
uwpobs-5c7bff86516b2f3d,uwp100-e-on,E.ON,2021,Planet,Lieferkette/Klima,wikirate_gri_scope3_ghg,GRI 305-3 Scope 3 GHG emissions,100380000,tonnes CO2 equivalent,C,wikirate-open-esg,https://wikirate.org/~12653315,https://wikirate.org/~12653283,wikirate_bulk_csv_export,0.62,WikiRate Community-/Sekundärdaten; Antwortseite und Primärquelle prüfen.
uwpobs-c9f2089349d5ec5e,uwp100-e-on,E.ON,2020,Planet,Lieferkette/Klima,wikirate_gri_scope3_ghg,GRI 305-3 Scope 3 GHG emissions,107960000,tonnes CO2 equivalent,C,wikirate-open-esg,https://wikirate.org/~12653319,https://wikirate.org/~12653283,wikirate_bulk_csv_export,0.62,WikiRate Community-/Sekundärdaten; Antwortseite und Primärquelle prüfen.
uwpobs-0c5c29f67fd52759,uwp100-e-on,E.ON,2019,Planet,Lieferkette/Klima,wikirate_gri_scope3_ghg,GRI 305-3 Scope 3 GHG emissions,120270000,tonnes CO2 equivalent,C,wikirate-open-esg,https://wikirate.org/~12653323,https://wikirate.org/~12653283,wikirate_bulk_csv_export,0.62,WikiRate Community-/Sekundärdaten; Antwortseite und Primärquelle prüfen.
uwpobs-ffcee9243cb44d6d,uwp100-e-on,E.ON,2022,Planet,Abfall/Ressourcen,wikirate_gri_total_waste,GRI 306-2 Total waste generated,543500,tonnes,C,wikirate-open-esg,https://wikirate.org/~15557461,https://wikirate.org/~15355250,wikirate_bulk_csv_export,0.62,WikiRate Community-/Sekundärdaten; Antwortseite und Primärquelle prüfen.
uwpobs-02d3cce048e06f78,uwp100-e-on,E.ON,2024,Demokratie,Steuertransparenz,cbcr_tax_transparency,Country-by-Country Reporting / Steuertransparenz,,Status,E,uwp-required-field-gap,,,required_field_gap_rendered,0.0,"UWP-Kernfeld noch nicht maschinell aus einer versionierten Primärquelle belegt; nicht schätzen, nicht mit 0 füllen."
uwpobs-18ea19a56f43340a,uwp100-e-on,E.ON,2024,Demokratie,Datenschutz,data_privacy_incidents,Datenschutzverstöße / Bußgelder,,Anzahl/Status,E,uwp-required-field-gap,,,required_field_gap_rendered,0.0,"UWP-Kernfeld noch nicht maschinell aus einer versionierten Primärquelle belegt; nicht schätzen, nicht mit 0 füllen."
uwpobs-1a6530dfabdfa0b0,uwp100-e-on,E.ON,2024,Demokratie,Lobbying/Einflussnahme,lobbying_transparency,Lobbying-Transparenz,,Status,E,uwp-required-field-gap,,,required_field_gap_rendered,0.0,"UWP-Kernfeld noch nicht maschinell aus einer versionierten Primärquelle belegt; nicht schätzen, nicht mit 0 füllen."
uwpobs-10e7222e0a7b6cf5,uwp100-e-on,E.ON,2024,Demokratie,Compliance/Whistleblowing,whistleblowing_cases,Whistleblowing-Fälle und Abhilfe,,Anzahl/Status,E,uwp-required-field-gap,,,required_field_gap_rendered,0.0,"UWP-Kernfeld noch nicht maschinell aus einer versionierten Primärquelle belegt; nicht schätzen, nicht mit 0 füllen."
uwpobs-b586955e20efb0a0,uwp100-e-on,E.ON,2024,Mensch,Arbeitssicherheit,ltifr,Lost Time Injury Frequency Rate,,je Mio. Arbeitsstunden,E,uwp-required-field-gap,,,required_field_gap_rendered,0.0,"UWP-Kernfeld noch nicht maschinell aus einer versionierten Primärquelle belegt; nicht schätzen, nicht mit 0 füllen."
uwpobs-34ffc604d2eee4ba,uwp100-e-on,E.ON,2024,Mensch,Diversität/Teilhabe,women_management_share,Frauenanteil Management,,%,E,uwp-required-field-gap,,,required_field_gap_rendered,0.0,"UWP-Kernfeld noch nicht maschinell aus einer versionierten Primärquelle belegt; nicht schätzen, nicht mit 0 füllen."
uwpobs-fb288516ac3cd558,uwp100-e-on,E.ON,2024,Planet,Energie,renewable_electricity_share,Erneuerbarer Strom,,%,E,uwp-required-field-gap,,,required_field_gap_rendered,0.0,"UWP-Kernfeld noch nicht maschinell aus einer versionierten Primärquelle belegt; nicht schätzen, nicht mit 0 füllen."
uwpobs-152d6d20994bd941,uwp100-e-on,E.ON,2024,Planet,Klima,scope_1_2_ghg_absolute,Scope 1+2 absolut,,t CO2e,E,uwp-required-field-gap,,,required_field_gap_rendered,0.0,"UWP-Kernfeld noch nicht maschinell aus einer versionierten Primärquelle belegt; nicht schätzen, nicht mit 0 füllen."
uwpobs-843fa9634cd6d20f,uwp100-e-on,E.ON,2024,Transformation,EU-Taxonomie,taxonomy_aligned_revenue_share,Taxonomie-konformer Umsatzanteil,,%,E,uwp-required-field-gap,,,required_field_gap_rendered,0.0,"UWP-Kernfeld noch nicht maschinell aus einer versionierten Primärquelle belegt; nicht schätzen, nicht mit 0 füllen."
uwpobs-a5624fab87a8cc1a,uwp100-encavis,Encavis,2023,Datenqualität,Quellenstand,sbti_date_updated,SBTi Datenstand,2023-10-05,Datum,A,sbti-target-dashboard,https://files.sciencebasedtargets.org/production/files/companies-excel.xlsx,Encavis AG,official_xlsx_import:safe_name_match,0.86,SBTi-Zieldaten; kein Nachweis tatsächlicher Emissionsreduktion.
uwpobs-9167458cb214071c,uwp100-encavis,Encavis,2023,Planet,Klima/Transformationspfad,sbti_full_target_language,SBTi Zieltext,"This target was approved using a streamlined target validation route exclusive to small and medium-sized enterprises (SMEs). https://sciencebasedtargets.org/faqs-for-smes/ Encavis AG commits to reduce scope 1 and scope 2 GHG emissions 42% by 2030 from a 2020 base year, and to measure and reduce its scope 3 emissions. Encavis AG commits to reach net-zero by 2040. As part of this, Encavis AG commits to reduce scope 1+2+3 emissions 95% by 2040 from a 2020 base year.",Text,B,sbti-target-dashboard,https://files.sciencebasedtargets.org/production/files/companies-excel.xlsx,Encavis AG,official_xlsx_import:safe_name_match,0.86,SBTi-Zieldaten; kein Nachweis tatsächlicher Emissionsreduktion.
uwpobs-3bd887e7baef138c,uwp100-encavis,Encavis,2023,Planet,Klima/Transformationspfad,sbti_near_term_status,SBTi Near-Term Zielstatus,Targets set,Status,A,sbti-target-dashboard,https://files.sciencebasedtargets.org/production/files/companies-excel.xlsx,Encavis AG,official_xlsx_import:safe_name_match,0.86,SBTi-Zieldaten; kein Nachweis tatsächlicher Emissionsreduktion.
uwpobs-346773bfc02b283d,uwp100-encavis,Encavis,2023,Planet,Klima/Transformationspfad,sbti_near_term_target_classification,SBTi Near-Term Zielklassifikation,1.5°C,Klassifikation,A,sbti-target-dashboard,https://files.sciencebasedtargets.org/production/files/companies-excel.xlsx,Encavis AG,official_xlsx_import:safe_name_match,0.86,SBTi-Zieldaten; kein Nachweis tatsächlicher Emissionsreduktion.
uwpobs-395d88cc983ce988,uwp100-encavis,Encavis,2023,Planet,Klima/Transformationspfad,sbti_near_term_target_year,SBTi Near-Term Zieljahr,2030,Jahr,A,sbti-target-dashboard,https://files.sciencebasedtargets.org/production/files/companies-excel.xlsx,Encavis AG,official_xlsx_import:safe_name_match,0.86,SBTi-Zieldaten; kein Nachweis tatsächlicher Emissionsreduktion.
uwpobs-6b7ae17c2bfa7909,uwp100-encavis,Encavis,2023,Planet,Klima/Transformationspfad,sbti_target_classification_long,SBTi Zielklassifikation Langtext,The targets covering greenhouse gas emissions from company operations (scopes 1 and 2) are consistent with reductions required to keep warming to 1.5°C,Text,B,sbti-target-dashboard,https://files.sciencebasedtargets.org/production/files/companies-excel.xlsx,Encavis AG,official_xlsx_import:safe_name_match,0.86,SBTi-Zieldaten; kein Nachweis tatsächlicher Emissionsreduktion.
uwpobs-12da5118ada6ad87,uwp100-encavis,Encavis,2023,Transformation,Net-Zero/Transformation,sbti_long_term_status,SBTi Long-Term Zielstatus,Targets set,Status,A,sbti-target-dashboard,https://files.sciencebasedtargets.org/production/files/companies-excel.xlsx,Encavis AG,official_xlsx_import:safe_name_match,0.86,SBTi-Zieldaten; kein Nachweis tatsächlicher Emissionsreduktion.
uwpobs-ecac7d8a073ea194,uwp100-encavis,Encavis,2023,Transformation,Net-Zero/Transformation,sbti_long_term_target_classification,SBTi Long-Term Zielklassifikation,1.5°C,Klassifikation,A,sbti-target-dashboard,https://files.sciencebasedtargets.org/production/files/companies-excel.xlsx,Encavis AG,official_xlsx_import:safe_name_match,0.86,SBTi-Zieldaten; kein Nachweis tatsächlicher Emissionsreduktion.
uwpobs-22e0129bc390de14,uwp100-encavis,Encavis,2023,Transformation,Net-Zero/Transformation,sbti_long_term_target_year,SBTi Long-Term Zieljahr,2040,Jahr,A,sbti-target-dashboard,https://files.sciencebasedtargets.org/production/files/companies-excel.xlsx,Encavis AG,official_xlsx_import:safe_name_match,0.86,SBTi-Zieldaten; kein Nachweis tatsächlicher Emissionsreduktion.
uwpobs-d0f99b328dd82b10,uwp100-encavis,Encavis,2023,Transformation,Net-Zero/Transformation,sbti_net_zero_status,SBTi Net-Zero Status,Targets set,Status,A,sbti-target-dashboard,https://files.sciencebasedtargets.org/production/files/companies-excel.xlsx,Encavis AG,official_xlsx_import:safe_name_match,0.86,SBTi-Zieldaten; kein Nachweis tatsächlicher Emissionsreduktion.
uwpobs-962e50b774b209b6,uwp100-encavis,Encavis,2023,Transformation,Net-Zero/Transformation,sbti_net_zero_year,SBTi Net-Zero Zieljahr,2040,Jahr,A,sbti-target-dashboard,https://files.sciencebasedtargets.org/production/files/companies-excel.xlsx,Encavis AG,official_xlsx_import:safe_name_match,0.86,SBTi-Zieldaten; kein Nachweis tatsächlicher Emissionsreduktion.
uwpobs-d92e8dbdbd846aff,uwp100-encavis,Encavis,2024,Demokratie,Steuertransparenz,cbcr_tax_transparency,Country-by-Country Reporting / Steuertransparenz,,Status,E,uwp-required-field-gap,,,required_field_gap_rendered,0.0,"UWP-Kernfeld noch nicht maschinell aus einer versionierten Primärquelle belegt; nicht schätzen, nicht mit 0 füllen."
uwpobs-acb2f48931a18865,uwp100-encavis,Encavis,2024,Demokratie,Datenschutz,data_privacy_incidents,Datenschutzverstöße / Bußgelder,,Anzahl/Status,E,uwp-required-field-gap,,,required_field_gap_rendered,0.0,"UWP-Kernfeld noch nicht maschinell aus einer versionierten Primärquelle belegt; nicht schätzen, nicht mit 0 füllen."
uwpobs-e7a03af41d7ccfc0,uwp100-encavis,Encavis,2024,Demokratie,Lobbying/Einflussnahme,lobbying_transparency,Lobbying-Transparenz,,Status,E,uwp-required-field-gap,,,required_field_gap_rendered,0.0,"UWP-Kernfeld noch nicht maschinell aus einer versionierten Primärquelle belegt; nicht schätzen, nicht mit 0 füllen."
uwpobs-06f4a238395ec6a3,uwp100-encavis,Encavis,2024,Demokratie,Compliance/Whistleblowing,whistleblowing_cases,Whistleblowing-Fälle und Abhilfe,,Anzahl/Status,E,uwp-required-field-gap,,,required_field_gap_rendered,0.0,"UWP-Kernfeld noch nicht maschinell aus einer versionierten Primärquelle belegt; nicht schätzen, nicht mit 0 füllen."
uwpobs-fcb6f36eb95c5b65,uwp100-encavis,Encavis,2024,Mensch,Arbeitssicherheit,ltifr,Lost Time Injury Frequency Rate,,je Mio. Arbeitsstunden,E,uwp-required-field-gap,,,required_field_gap_rendered,0.0,"UWP-Kernfeld noch nicht maschinell aus einer versionierten Primärquelle belegt; nicht schätzen, nicht mit 0 füllen."
uwpobs-e82fc79bd68cab40,uwp100-encavis,Encavis,2024,Mensch,Diversität/Teilhabe,women_management_share,Frauenanteil Management,,%,E,uwp-required-field-gap,,,required_field_gap_rendered,0.0,"UWP-Kernfeld noch nicht maschinell aus einer versionierten Primärquelle belegt; nicht schätzen, nicht mit 0 füllen."
uwpobs-fc4cad580615e93c,uwp100-encavis,Encavis,2024,Planet,Energie,renewable_electricity_share,Erneuerbarer Strom,,%,E,uwp-required-field-gap,,,required_field_gap_rendered,0.0,"UWP-Kernfeld noch nicht maschinell aus einer versionierten Primärquelle belegt; nicht schätzen, nicht mit 0 füllen."
uwpobs-639245a24a956b9f,uwp100-encavis,Encavis,2024,Planet,Klima,scope_1_2_ghg_absolute,Scope 1+2 absolut,,t CO2e,E,uwp-required-field-gap,,,required_field_gap_rendered,0.0,"UWP-Kernfeld noch nicht maschinell aus einer versionierten Primärquelle belegt; nicht schätzen, nicht mit 0 füllen."
uwpobs-f2b4c90b6fdf1dea,uwp100-encavis,Encavis,2024,Planet,Lieferkette/Klima,scope_3_ghg_absolute,Scope 3 absolut,,t CO2e,E,uwp-required-field-gap,,,required_field_gap_rendered,0.0,"UWP-Kernfeld noch nicht maschinell aus einer versionierten Primärquelle belegt; nicht schätzen, nicht mit 0 füllen."
uwpobs-4ac2a19f7b4f3801,uwp100-encavis,Encavis,2024,Transformation,EU-Taxonomie,taxonomy_aligned_revenue_share,Taxonomie-konformer Umsatzanteil,,%,E,uwp-required-field-gap,,,required_field_gap_rendered,0.0,"UWP-Kernfeld noch nicht maschinell aus einer versionierten Primärquelle belegt; nicht schätzen, nicht mit 0 füllen."
uwpobs-38fc0925be34bb6d,uwp100-evonik,Evonik,2023,Datenqualität,Quellenstand,sbti_date_updated,SBTi Datenstand,2023-07-27,Datum,A,sbti-target-dashboard,https://files.sciencebasedtargets.org/production/files/companies-excel.xlsx,Evonik Industries AG,official_xlsx_import:safe_name_match,0.86,SBTi-Zieldaten; kein Nachweis tatsächlicher Emissionsreduktion.
uwpobs-6c928c8a62c378a2,uwp100-evonik,Evonik,2023,Demokratie,Korruption/Compliance,wikirate_gri_corruption_incidents,GRI 205-3 confirmed incidents of corruption,0,incidents,C,wikirate-open-esg,https://wikirate.org/~20246540,https://wikirate.org/~18037782,wikirate_bulk_csv_export,0.62,WikiRate Community-/Sekundärdaten; Antwortseite und Primärquelle prüfen.
uwpobs-38db53a618f71991,uwp100-evonik,Evonik,2022,Demokratie,Korruption/Compliance,wikirate_gri_corruption_incidents,GRI 205-3 confirmed incidents of corruption,8,incidents,C,wikirate-open-esg,https://wikirate.org/~15561776,https://wikirate.org/~15561448,wikirate_bulk_csv_export,0.62,WikiRate Community-/Sekundärdaten; Antwortseite und Primärquelle prüfen.
uwpobs-fbc7ca762a35261c,uwp100-evonik,Evonik,2023,Demokratie,Rechtskonformität/Umwelt,wikirate_gri_environmental_fines,GRI 307-1 environmental fines,0,USD,C,wikirate-open-esg,https://wikirate.org/~20266328,https://wikirate.org/~18037782,wikirate_bulk_csv_export,0.62,WikiRate Community-/Sekundärdaten; Antwortseite und Primärquelle prüfen.
uwpobs-6bed0e379ccaab73,uwp100-evonik,Evonik,2022,Demokratie,Rechtskonformität/Umwelt,wikirate_gri_environmental_fines,GRI 307-1 environmental fines,0,USD,C,wikirate-open-esg,https://wikirate.org/~15561735,https://wikirate.org/~15561448,wikirate_bulk_csv_export,0.62,WikiRate Community-/Sekundärdaten; Antwortseite und Primärquelle prüfen.
uwpobs-dcecea94abaf9fe9,uwp100-evonik,Evonik,2023,Mensch,Qualifizierung,wikirate_gri_training_hours,GRI 404-1 average hours of training,3.75,hours,C,wikirate-open-esg,https://wikirate.org/~18777821,https://wikirate.org/~18037782,wikirate_bulk_csv_export,0.62,WikiRate Community-/Sekundärdaten; Antwortseite und Primärquelle prüfen.
uwpobs-faacbe26dc5785a5,uwp100-evonik,Evonik,2022,Mensch,Qualifizierung,wikirate_gri_training_hours,GRI 404-1 average hours of training,3.5,hours,C,wikirate-open-esg,https://wikirate.org/~15561692,https://wikirate.org/~15561448,wikirate_bulk_csv_export,0.62,WikiRate Community-/Sekundärdaten; Antwortseite und Primärquelle prüfen.
uwpobs-8ec19345577dca3b,uwp100-evonik,Evonik,2023,Mensch,Arbeitssicherheit,wikirate_gri_worker_fatalities,GRI 403-9 worker fatalities,0,count,C,wikirate-open-esg,https://wikirate.org/~18777978,https://wikirate.org/~18037782,wikirate_bulk_csv_export,0.62,WikiRate Community-/Sekundärdaten; Antwortseite und Primärquelle prüfen.
uwpobs-0af1c53f69634b09,uwp100-evonik,Evonik,2022,Mensch,Arbeitssicherheit,wikirate_gri_worker_fatalities,GRI 403-9 worker fatalities,0,count,C,wikirate-open-esg,https://wikirate.org/~15561677,https://wikirate.org/~15561448,wikirate_bulk_csv_export,0.62,WikiRate Community-/Sekundärdaten; Antwortseite und Primärquelle prüfen.
uwpobs-161d960d6d218926,uwp100-evonik,Evonik,2023,Planet,Klima/Transformationspfad,sbti_full_target_language,SBTi Zieltext,"Specialty chemicals company Evonik Industries AG commits to reduce absolute scope 1 and 2 GHG
emissions 25% by 2030 from a 2021 base year. Evonik Industries AG commits to reduce scope 1
GHG emissions from electricity generation 44% per MWh by 2030 from a 2021 base year. Evonik
Industries AG commits to reduce all other absolute scope 1 and 2 GHG emissions 23.5% by 2030
from a 2021 base year. Evonik Industries AG commits to reduce scope 1 and 3 GHG emissions from
the generation of all sold electricity 44% per MWh by 2030 from a 2021 base year.* Evonik
Industries AG commits to reduce all other absolute upstream scope 3 GHG emissions as well as
emissions from downstream transportation and distribution 11.07 % by 2030 from a 2021 base year.
Evonik Industries AG commits to reduce absolute scope 3 GHG emissions from the use of sold
products covering fossil fuels sold and distributed 22.5% by 2030 from a 2021 base year. *The
target boundary includes land-related emissions and removals from bioenergy feedstocks.",Text,B,sbti-target-dashboard,https://files.sciencebasedtargets.org/production/files/companies-excel.xlsx,Evonik Industries AG,official_xlsx_import:safe_name_match,0.86,SBTi-Zieldaten; kein Nachweis tatsächlicher Emissionsreduktion.
uwpobs-c669d2f5cd2d3308,uwp100-evonik,Evonik,2023,Planet,Klima/Transformationspfad,sbti_near_term_status,SBTi Near-Term Zielstatus,Targets set,Status,A,sbti-target-dashboard,https://files.sciencebasedtargets.org/production/files/companies-excel.xlsx,Evonik Industries AG,official_xlsx_import:safe_name_match,0.86,SBTi-Zieldaten; kein Nachweis tatsächlicher Emissionsreduktion.
uwpobs-43b1b938511faad7,uwp100-evonik,Evonik,2023,Planet,Klima/Transformationspfad,sbti_near_term_target_classification,SBTi Near-Term Zielklassifikation,Well-below 2°C,Klassifikation,A,sbti-target-dashboard,https://files.sciencebasedtargets.org/production/files/companies-excel.xlsx,Evonik Industries AG,official_xlsx_import:safe_name_match,0.86,SBTi-Zieldaten; kein Nachweis tatsächlicher Emissionsreduktion.
uwpobs-c621e7626298f059,uwp100-evonik,Evonik,2023,Planet,Klima/Transformationspfad,sbti_near_term_target_year,SBTi Near-Term Zieljahr,2030,Jahr,A,sbti-target-dashboard,https://files.sciencebasedtargets.org/production/files/companies-excel.xlsx,Evonik Industries AG,official_xlsx_import:safe_name_match,0.86,SBTi-Zieldaten; kein Nachweis tatsächlicher Emissionsreduktion.
uwpobs-5b0d9a48619f2d22,uwp100-evonik,Evonik,2023,Planet,Klima/Transformationspfad,sbti_target_classification_long,SBTi Zielklassifikation Langtext,The targets covering greenhouse gas emissions from company operations (scopes 1 and 2) are consistent with reductions required to keep warming to Well-below 2°C,Text,B,sbti-target-dashboard,https://files.sciencebasedtargets.org/production/files/companies-excel.xlsx,Evonik Industries AG,official_xlsx_import:safe_name_match,0.86,SBTi-Zieldaten; kein Nachweis tatsächlicher Emissionsreduktion.
uwpobs-dbb334cd20104cf2,uwp100-evonik,Evonik,2023,Planet,Energie,wikirate_gri_energy_consumption,GRI 302-1 Total energy consumption,71820000,Gigajoules,C,wikirate-open-esg,https://wikirate.org/~18777952,https://wikirate.org/~18037782,wikirate_bulk_csv_export,0.62,WikiRate Community-/Sekundärdaten; Antwortseite und Primärquelle prüfen.
uwpobs-c1324963a6b1af93,uwp100-evonik,Evonik,2022,Planet,Energie,wikirate_gri_energy_consumption,GRI 302-1 Total energy consumption,64260000,Gigajoules,C,wikirate-open-esg,https://wikirate.org/~15561520,https://wikirate.org/~15561448,wikirate_bulk_csv_export,0.62,WikiRate Community-/Sekundärdaten; Antwortseite und Primärquelle prüfen.
uwpobs-cd8cc2809d8eb0df,uwp100-evonik,Evonik,2023,Planet,Klima/Emissionen,wikirate_gri_scope1_ghg,GRI 305-1 Scope 1 GHG emissions,3842000,tonnes CO2 equivalent,C,wikirate-open-esg,https://wikirate.org/~18037797,https://wikirate.org/~18037782,wikirate_bulk_csv_export,0.62,WikiRate Community-/Sekundärdaten; Antwortseite und Primärquelle prüfen.
uwpobs-9c4b7b74ed4b6151,uwp100-evonik,Evonik,2022,Planet,Klima/Emissionen,wikirate_gri_scope1_ghg,GRI 305-1 Scope 1 GHG emissions,4.051,tonnes CO2 equivalent,C,wikirate-open-esg,https://wikirate.org/~15561459,https://wikirate.org/~15561448,wikirate_bulk_csv_export,0.62,WikiRate Community-/Sekundärdaten; Antwortseite und Primärquelle prüfen.
uwpobs-e45f328db0134893,uwp100-evonik,Evonik,2023,Planet,Klima/Emissionen,wikirate_gri_scope2_ghg,GRI 305-2 Scope 2 GHG emissions,1537000,tonnes CO2 equivalent,C,wikirate-open-esg,https://wikirate.org/~18037806,https://wikirate.org/~18037782,wikirate_bulk_csv_export,0.62,WikiRate Community-/Sekundärdaten; Antwortseite und Primärquelle prüfen.
uwpobs-4fb7818ccaa93fcb,uwp100-evonik,Evonik,2022,Planet,Klima/Emissionen,wikirate_gri_scope2_ghg,GRI 305-2 Scope 2 GHG emissions,1.9,tonnes CO2 equivalent,C,wikirate-open-esg,https://wikirate.org/~15561465,https://wikirate.org/~15561448,wikirate_bulk_csv_export,0.62,WikiRate Community-/Sekundärdaten; Antwortseite und Primärquelle prüfen.
uwpobs-646770cda8300ff5,uwp100-evonik,Evonik,2023,Planet,Lieferkette/Klima,wikirate_gri_scope3_ghg,GRI 305-3 Scope 3 GHG emissions,19200000,tonnes CO2 equivalent,C,wikirate-open-esg,https://wikirate.org/~18037815,https://wikirate.org/~18037782,wikirate_bulk_csv_export,0.62,WikiRate Community-/Sekundärdaten; Antwortseite und Primärquelle prüfen.
uwpobs-04a70dc37991c3d8,uwp100-evonik,Evonik,2022,Planet,Lieferkette/Klima,wikirate_gri_scope3_ghg,GRI 305-3 Scope 3 GHG emissions,12.3,tonnes CO2 equivalent,C,wikirate-open-esg,https://wikirate.org/~15561511,https://wikirate.org/~15561448,wikirate_bulk_csv_export,0.62,WikiRate Community-/Sekundärdaten; Antwortseite und Primärquelle prüfen.
uwpobs-c9ed9e9a4be91ca3,uwp100-evonik,Evonik,2023,Planet,Abfall/Ressourcen,wikirate_gri_total_waste,GRI 306-2 Total waste generated,348000,tonnes,C,wikirate-open-esg,https://wikirate.org/~18777864,https://wikirate.org/~18037782,wikirate_bulk_csv_export,0.62,WikiRate Community-/Sekundärdaten; Antwortseite und Primärquelle prüfen.
uwpobs-eeaaf94963e3cacf,uwp100-evonik,Evonik,2022,Planet,Abfall/Ressourcen,wikirate_gri_total_waste,GRI 306-2 Total waste generated,416000,tonnes,C,wikirate-open-esg,https://wikirate.org/~15561579,https://wikirate.org/~15561448,wikirate_bulk_csv_export,0.62,WikiRate Community-/Sekundärdaten; Antwortseite und Primärquelle prüfen.
uwpobs-915b90eca8964bac,uwp100-evonik,Evonik,2024,Demokratie,Steuertransparenz,cbcr_tax_transparency,Country-by-Country Reporting / Steuertransparenz,,Status,E,uwp-required-field-gap,,,required_field_gap_rendered,0.0,"UWP-Kernfeld noch nicht maschinell aus einer versionierten Primärquelle belegt; nicht schätzen, nicht mit 0 füllen."
uwpobs-486b351fe36d0398,uwp100-evonik,Evonik,2024,Demokratie,Datenschutz,data_privacy_incidents,Datenschutzverstöße / Bußgelder,,Anzahl/Status,E,uwp-required-field-gap,,,required_field_gap_rendered,0.0,"UWP-Kernfeld noch nicht maschinell aus einer versionierten Primärquelle belegt; nicht schätzen, nicht mit 0 füllen."
uwpobs-2a98d6e3317b7f34,uwp100-evonik,Evonik,2024,Demokratie,Lobbying/Einflussnahme,lobbying_transparency,Lobbying-Transparenz,,Status,E,uwp-required-field-gap,,,required_field_gap_rendered,0.0,"UWP-Kernfeld noch nicht maschinell aus einer versionierten Primärquelle belegt; nicht schätzen, nicht mit 0 füllen."
uwpobs-34956e286338dff9,uwp100-evonik,Evonik,2024,Demokratie,Compliance/Whistleblowing,whistleblowing_cases,Whistleblowing-Fälle und Abhilfe,,Anzahl/Status,E,uwp-required-field-gap,,,required_field_gap_rendered,0.0,"UWP-Kernfeld noch nicht maschinell aus einer versionierten Primärquelle belegt; nicht schätzen, nicht mit 0 füllen."
uwpobs-21c825fee5124008,uwp100-evonik,Evonik,2024,Mensch,Arbeitssicherheit,ltifr,Lost Time Injury Frequency Rate,,je Mio. Arbeitsstunden,E,uwp-required-field-gap,,,required_field_gap_rendered,0.0,"UWP-Kernfeld noch nicht maschinell aus einer versionierten Primärquelle belegt; nicht schätzen, nicht mit 0 füllen."
uwpobs-b8122c861d33e6cd,uwp100-evonik,Evonik,2024,Mensch,Diversität/Teilhabe,women_management_share,Frauenanteil Management,,%,E,uwp-required-field-gap,,,required_field_gap_rendered,0.0,"UWP-Kernfeld noch nicht maschinell aus einer versionierten Primärquelle belegt; nicht schätzen, nicht mit 0 füllen."
uwpobs-dc7df3b9b8d4c25e,uwp100-evonik,Evonik,2024,Planet,Energie,renewable_electricity_share,Erneuerbarer Strom,,%,E,uwp-required-field-gap,,,required_field_gap_rendered,0.0,"UWP-Kernfeld noch nicht maschinell aus einer versionierten Primärquelle belegt; nicht schätzen, nicht mit 0 füllen."
uwpobs-58e4b7ff9d1e408b,uwp100-evonik,Evonik,2024,Planet,Klima,scope_1_2_ghg_absolute,Scope 1+2 absolut,,t CO2e,E,uwp-required-field-gap,,,required_field_gap_rendered,0.0,"UWP-Kernfeld noch nicht maschinell aus einer versionierten Primärquelle belegt; nicht schätzen, nicht mit 0 füllen."
uwpobs-fd79e58137f5043e,uwp100-evonik,Evonik,2024,Transformation,EU-Taxonomie,taxonomy_aligned_revenue_share,Taxonomie-konformer Umsatzanteil,,%,E,uwp-required-field-gap,,,required_field_gap_rendered,0.0,"UWP-Kernfeld noch nicht maschinell aus einer versionierten Primärquelle belegt; nicht schätzen, nicht mit 0 füllen."
uwpobs-8f8e63b266f45c48,uwp100-evotec,Evotec,2024,Datenqualität,Quellenstand,sbti_date_updated,SBTi Datenstand,2024-10-31,Datum,A,sbti-target-dashboard,https://files.sciencebasedtargets.org/production/files/companies-excel.xlsx,Evotec SE,official_xlsx_import:safe_name_match,0.86,SBTi-Zieldaten; kein Nachweis tatsächlicher Emissionsreduktion.
uwpobs-44fadb14189ae072,uwp100-evotec,Evotec,2024,Planet,Klima/Transformationspfad,sbti_ba15_date,SBTi Business Ambition 1.5C Datum,2021-01-07,Datum,B,sbti-target-dashboard,https://files.sciencebasedtargets.org/production/files/companies-excel.xlsx,Evotec SE,official_xlsx_import:safe_name_match,0.86,SBTi-Zieldaten; kein Nachweis tatsächlicher Emissionsreduktion.
uwpobs-f72af74c6a6e17df,uwp100-evotec,Evotec,2024,Planet,Klima/Transformationspfad,sbti_ba15_status,SBTi Business Ambition 1.5C Status,BA1.5 member,Status,B,sbti-target-dashboard,https://files.sciencebasedtargets.org/production/files/companies-excel.xlsx,Evotec SE,official_xlsx_import:safe_name_match,0.86,SBTi-Zieldaten; kein Nachweis tatsächlicher Emissionsreduktion.
uwpobs-66ce55777575e5ab,uwp100-evotec,Evotec,2024,Planet,Klima/Transformationspfad,sbti_full_target_language,SBTi Zieltext,"Overall Net-Zero Target: Evotec SE commits to reach net-zero greenhouse gas emissions across the value chain by 2045. Near-Term Targets: Evotec SE commits to reduce absolute scope 1 and 2 GHG emissions 50.4% by 2032 from a 2021 base year. Evotec SE also commits to increase active annual sourcing of renewable electricity from 25% in 2021 to 100% by 2026, and to continue active annual sourcing of 100% renewable electricity through 2030. Evotec SE commits to reduce scope 3 GHG from purchased goods and services and capital goods 72% per million EUR value added by 2032 from a 2021 base year. Evotec also commits that 80% of its suppliers by emissions covering purchased goods and services and capital goods will have science-based targets by 2027. Long-Term Targets: Evotec SE commits to reduce absolute scope 1 and 2 GHG emissions 95% by 2045 from a 2021 base year. Evotec SE also commits to reduce scope 3 GHG emissions by 97% per million EUR value added within the same timeframe.",Text,B,sbti-target-dashboard,https://files.sciencebasedtargets.org/production/files/companies-excel.xlsx,Evotec SE,official_xlsx_import:safe_name_match,0.86,SBTi-Zieldaten; kein Nachweis tatsächlicher Emissionsreduktion.
uwpobs-267f90b7b1b4fa02,uwp100-evotec,Evotec,2024,Planet,Klima/Transformationspfad,sbti_near_term_status,SBTi Near-Term Zielstatus,Targets set,Status,A,sbti-target-dashboard,https://files.sciencebasedtargets.org/production/files/companies-excel.xlsx,Evotec SE,official_xlsx_import:safe_name_match,0.86,SBTi-Zieldaten; kein Nachweis tatsächlicher Emissionsreduktion.
uwpobs-9e69de225112357c,uwp100-evotec,Evotec,2024,Planet,Klima/Transformationspfad,sbti_near_term_target_classification,SBTi Near-Term Zielklassifikation,1.5°C,Klassifikation,A,sbti-target-dashboard,https://files.sciencebasedtargets.org/production/files/companies-excel.xlsx,Evotec SE,official_xlsx_import:safe_name_match,0.86,SBTi-Zieldaten; kein Nachweis tatsächlicher Emissionsreduktion.
uwpobs-c8080050d80b8969,uwp100-evotec,Evotec,2024,Planet,Klima/Transformationspfad,sbti_near_term_target_year,SBTi Near-Term Zieljahr,2032,Jahr,A,sbti-target-dashboard,https://files.sciencebasedtargets.org/production/files/companies-excel.xlsx,Evotec SE,official_xlsx_import:safe_name_match,0.86,SBTi-Zieldaten; kein Nachweis tatsächlicher Emissionsreduktion.
uwpobs-b3b875a3ba6165b6,uwp100-evotec,Evotec,2024,Planet,Klima/Transformationspfad,sbti_target_classification_long,SBTi Zielklassifikation Langtext,The targets covering greenhouse gas emissions from company operations (scopes 1 and 2) are consistent with reductions required to keep warming to 1.5°C,Text,B,sbti-target-dashboard,https://files.sciencebasedtargets.org/production/files/companies-excel.xlsx,Evotec SE,official_xlsx_import:safe_name_match,0.86,SBTi-Zieldaten; kein Nachweis tatsächlicher Emissionsreduktion.
uwpobs-69fc7acba2583f4a,uwp100-evotec,Evotec,2024,Transformation,Net-Zero/Transformation,sbti_long_term_status,SBTi Long-Term Zielstatus,Targets set,Status,A,sbti-target-dashboard,https://files.sciencebasedtargets.org/production/files/companies-excel.xlsx,Evotec SE,official_xlsx_import:safe_name_match,0.86,SBTi-Zieldaten; kein Nachweis tatsächlicher Emissionsreduktion.
uwpobs-f7944475e86b28b2,uwp100-evotec,Evotec,2024,Transformation,Net-Zero/Transformation,sbti_long_term_target_classification,SBTi Long-Term Zielklassifikation,1.5°C,Klassifikation,A,sbti-target-dashboard,https://files.sciencebasedtargets.org/production/files/companies-excel.xlsx,Evotec SE,official_xlsx_import:safe_name_match,0.86,SBTi-Zieldaten; kein Nachweis tatsächlicher Emissionsreduktion.
uwpobs-da28bd397665e5c9,uwp100-evotec,Evotec,2024,Transformation,Net-Zero/Transformation,sbti_long_term_target_year,SBTi Long-Term Zieljahr,2045,Jahr,A,sbti-target-dashboard,https://files.sciencebasedtargets.org/production/files/companies-excel.xlsx,Evotec SE,official_xlsx_import:safe_name_match,0.86,SBTi-Zieldaten; kein Nachweis tatsächlicher Emissionsreduktion.
uwpobs-80e994d7c29d477f,uwp100-evotec,Evotec,2024,Transformation,Net-Zero/Transformation,sbti_net_zero_status,SBTi Net-Zero Status,Targets set,Status,A,sbti-target-dashboard,https://files.sciencebasedtargets.org/production/files/companies-excel.xlsx,Evotec SE,official_xlsx_import:safe_name_match,0.86,SBTi-Zieldaten; kein Nachweis tatsächlicher Emissionsreduktion.
uwpobs-61b442d74201ad03,uwp100-evotec,Evotec,2024,Transformation,Net-Zero/Transformation,sbti_net_zero_year,SBTi Net-Zero Zieljahr,2045,Jahr,A,sbti-target-dashboard,https://files.sciencebasedtargets.org/production/files/companies-excel.xlsx,Evotec SE,official_xlsx_import:safe_name_match,0.86,SBTi-Zieldaten; kein Nachweis tatsächlicher Emissionsreduktion.
uwpobs-215a05117f61ad6d,uwp100-evotec,Evotec,2024,Demokratie,Steuertransparenz,cbcr_tax_transparency,Country-by-Country Reporting / Steuertransparenz,,Status,E,uwp-required-field-gap,,,required_field_gap_rendered,0.0,"UWP-Kernfeld noch nicht maschinell aus einer versionierten Primärquelle belegt; nicht schätzen, nicht mit 0 füllen."
uwpobs-8cd99b3cb88f1527,uwp100-evotec,Evotec,2024,Demokratie,Datenschutz,data_privacy_incidents,Datenschutzverstöße / Bußgelder,,Anzahl/Status,E,uwp-required-field-gap,,,required_field_gap_rendered,0.0,"UWP-Kernfeld noch nicht maschinell aus einer versionierten Primärquelle belegt; nicht schätzen, nicht mit 0 füllen."
uwpobs-9cd151a8141e5217,uwp100-evotec,Evotec,2024,Demokratie,Lobbying/Einflussnahme,lobbying_transparency,Lobbying-Transparenz,,Status,E,uwp-required-field-gap,,,required_field_gap_rendered,0.0,"UWP-Kernfeld noch nicht maschinell aus einer versionierten Primärquelle belegt; nicht schätzen, nicht mit 0 füllen."
uwpobs-5ec50e5277c674bc,uwp100-evotec,Evotec,2024,Demokratie,Compliance/Whistleblowing,whistleblowing_cases,Whistleblowing-Fälle und Abhilfe,,Anzahl/Status,E,uwp-required-field-gap,,,required_field_gap_rendered,0.0,"UWP-Kernfeld noch nicht maschinell aus einer versionierten Primärquelle belegt; nicht schätzen, nicht mit 0 füllen."
uwpobs-7d73584c4dd1fb7d,uwp100-evotec,Evotec,2024,Mensch,Arbeitssicherheit,ltifr,Lost Time Injury Frequency Rate,,je Mio. Arbeitsstunden,E,uwp-required-field-gap,,,required_field_gap_rendered,0.0,"UWP-Kernfeld noch nicht maschinell aus einer versionierten Primärquelle belegt; nicht schätzen, nicht mit 0 füllen."
uwpobs-920883749806d36f,uwp100-evotec,Evotec,2024,Mensch,Diversität/Teilhabe,women_management_share,Frauenanteil Management,,%,E,uwp-required-field-gap,,,required_field_gap_rendered,0.0,"UWP-Kernfeld noch nicht maschinell aus einer versionierten Primärquelle belegt; nicht schätzen, nicht mit 0 füllen."
uwpobs-34ea45ba97cc9762,uwp100-evotec,Evotec,2024,Planet,Energie,renewable_electricity_share,Erneuerbarer Strom,,%,E,uwp-required-field-gap,,,required_field_gap_rendered,0.0,"UWP-Kernfeld noch nicht maschinell aus einer versionierten Primärquelle belegt; nicht schätzen, nicht mit 0 füllen."
uwpobs-f67e076e5a5f71ff,uwp100-evotec,Evotec,2024,Planet,Klima,scope_1_2_ghg_absolute,Scope 1+2 absolut,,t CO2e,E,uwp-required-field-gap,,,required_field_gap_rendered,0.0,"UWP-Kernfeld noch nicht maschinell aus einer versionierten Primärquelle belegt; nicht schätzen, nicht mit 0 füllen."
uwpobs-25fafa28808a7425,uwp100-evotec,Evotec,2024,Planet,Lieferkette/Klima,scope_3_ghg_absolute,Scope 3 absolut,,t CO2e,E,uwp-required-field-gap,,,required_field_gap_rendered,0.0,"UWP-Kernfeld noch nicht maschinell aus einer versionierten Primärquelle belegt; nicht schätzen, nicht mit 0 füllen."
uwpobs-4d8bb0cd35a3e73e,uwp100-evotec,Evotec,2024,Transformation,EU-Taxonomie,taxonomy_aligned_revenue_share,Taxonomie-konformer Umsatzanteil,,%,E,uwp-required-field-gap,,,required_field_gap_rendered,0.0,"UWP-Kernfeld noch nicht maschinell aus einer versionierten Primärquelle belegt; nicht schätzen, nicht mit 0 füllen."
uwpobs-cc0de638b33fa1e3,uwp100-fraport,Fraport,2024,Demokratie,Steuertransparenz,cbcr_tax_transparency,Country-by-Country Reporting / Steuertransparenz,,Status,E,uwp-required-field-gap,,,required_field_gap_rendered,0.0,"UWP-Kernfeld noch nicht maschinell aus einer versionierten Primärquelle belegt; nicht schätzen, nicht mit 0 füllen."
uwpobs-e8b383644da504b9,uwp100-fraport,Fraport,2024,Demokratie,Datenschutz,data_privacy_incidents,Datenschutzverstöße / Bußgelder,,Anzahl/Status,E,uwp-required-field-gap,,,required_field_gap_rendered,0.0,"UWP-Kernfeld noch nicht maschinell aus einer versionierten Primärquelle belegt; nicht schätzen, nicht mit 0 füllen."
uwpobs-dac73772fb8c04ac,uwp100-fraport,Fraport,2024,Demokratie,Lobbying/Einflussnahme,lobbying_transparency,Lobbying-Transparenz,,Status,E,uwp-required-field-gap,,,required_field_gap_rendered,0.0,"UWP-Kernfeld noch nicht maschinell aus einer versionierten Primärquelle belegt; nicht schätzen, nicht mit 0 füllen."
uwpobs-2d1e214060e68e47,uwp100-fraport,Fraport,2024,Demokratie,Compliance/Whistleblowing,whistleblowing_cases,Whistleblowing-Fälle und Abhilfe,,Anzahl/Status,E,uwp-required-field-gap,,,required_field_gap_rendered,0.0,"UWP-Kernfeld noch nicht maschinell aus einer versionierten Primärquelle belegt; nicht schätzen, nicht mit 0 füllen."
uwpobs-f714f96d5b80006b,uwp100-fraport,Fraport,2024,Mensch,Arbeitssicherheit,ltifr,Lost Time Injury Frequency Rate,,je Mio. Arbeitsstunden,E,uwp-required-field-gap,,,required_field_gap_rendered,0.0,"UWP-Kernfeld noch nicht maschinell aus einer versionierten Primärquelle belegt; nicht schätzen, nicht mit 0 füllen."
uwpobs-4e539781e7d64601,uwp100-fraport,Fraport,2024,Mensch,Diversität/Teilhabe,women_management_share,Frauenanteil Management,,%,E,uwp-required-field-gap,,,required_field_gap_rendered,0.0,"UWP-Kernfeld noch nicht maschinell aus einer versionierten Primärquelle belegt; nicht schätzen, nicht mit 0 füllen."
uwpobs-95bb84134e711321,uwp100-fraport,Fraport,2024,Planet,Energie,renewable_electricity_share,Erneuerbarer Strom,,%,E,uwp-required-field-gap,,,required_field_gap_rendered,0.0,"UWP-Kernfeld noch nicht maschinell aus einer versionierten Primärquelle belegt; nicht schätzen, nicht mit 0 füllen."
uwpobs-906cc7d41786b9d4,uwp100-fraport,Fraport,2025,Planet,Klima/Transformationspfad,sbti_profile_available,SBTi Zielprofil sicher matchbar,,Status,E,sbti-target-dashboard,https://files.sciencebasedtargets.org/production/files/companies-excel.xlsx,,official_xlsx_import_no_safe_match,0.0,Kein sicherer SBTi-Match für Fraport im offiziellen Target Dashboard. Das ist keine negative Klimabewertung.
uwpobs-c81e750136ab0c58,uwp100-fraport,Fraport,2024,Planet,Klima,scope_1_2_ghg_absolute,Scope 1+2 absolut,,t CO2e,E,uwp-required-field-gap,,,required_field_gap_rendered,0.0,"UWP-Kernfeld noch nicht maschinell aus einer versionierten Primärquelle belegt; nicht schätzen, nicht mit 0 füllen."
uwpobs-057d39f991a65c9d,uwp100-fraport,Fraport,2024,Planet,Lieferkette/Klima,scope_3_ghg_absolute,Scope 3 absolut,,t CO2e,E,uwp-required-field-gap,,,required_field_gap_rendered,0.0,"UWP-Kernfeld noch nicht maschinell aus einer versionierten Primärquelle belegt; nicht schätzen, nicht mit 0 füllen."
uwpobs-618f5ddbe6845e67,uwp100-fraport,Fraport,2024,Transformation,EU-Taxonomie,taxonomy_aligned_revenue_share,Taxonomie-konformer Umsatzanteil,,%,E,uwp-required-field-gap,,,required_field_gap_rendered,0.0,"UWP-Kernfeld noch nicht maschinell aus einer versionierten Primärquelle belegt; nicht schätzen, nicht mit 0 füllen."
uwpobs-bccda9b1d6e70129,uwp100-freenet,Freenet,2024,Demokratie,Steuertransparenz,cbcr_tax_transparency,Country-by-Country Reporting / Steuertransparenz,,Status,E,uwp-required-field-gap,,,required_field_gap_rendered,0.0,"UWP-Kernfeld noch nicht maschinell aus einer versionierten Primärquelle belegt; nicht schätzen, nicht mit 0 füllen."
uwpobs-1537bb77a03b4c04,uwp100-freenet,Freenet,2024,Demokratie,Datenschutz,data_privacy_incidents,Datenschutzverstöße / Bußgelder,,Anzahl/Status,E,uwp-required-field-gap,,,required_field_gap_rendered,0.0,"UWP-Kernfeld noch nicht maschinell aus einer versionierten Primärquelle belegt; nicht schätzen, nicht mit 0 füllen."
uwpobs-41b49d80122b93ae,uwp100-freenet,Freenet,2024,Demokratie,Lobbying/Einflussnahme,lobbying_transparency,Lobbying-Transparenz,,Status,E,uwp-required-field-gap,,,required_field_gap_rendered,0.0,"UWP-Kernfeld noch nicht maschinell aus einer versionierten Primärquelle belegt; nicht schätzen, nicht mit 0 füllen."
uwpobs-1c995a4cccf02f1d,uwp100-freenet,Freenet,2024,Demokratie,Compliance/Whistleblowing,whistleblowing_cases,Whistleblowing-Fälle und Abhilfe,,Anzahl/Status,E,uwp-required-field-gap,,,required_field_gap_rendered,0.0,"UWP-Kernfeld noch nicht maschinell aus einer versionierten Primärquelle belegt; nicht schätzen, nicht mit 0 füllen."
uwpobs-de28af8754de9eae,uwp100-freenet,Freenet,2024,Mensch,Arbeitssicherheit,ltifr,Lost Time Injury Frequency Rate,,je Mio. Arbeitsstunden,E,uwp-required-field-gap,,,required_field_gap_rendered,0.0,"UWP-Kernfeld noch nicht maschinell aus einer versionierten Primärquelle belegt; nicht schätzen, nicht mit 0 füllen."
uwpobs-8fe5ca8bc4ecd2e5,uwp100-freenet,Freenet,2024,Mensch,Diversität/Teilhabe,women_management_share,Frauenanteil Management,,%,E,uwp-required-field-gap,,,required_field_gap_rendered,0.0,"UWP-Kernfeld noch nicht maschinell aus einer versionierten Primärquelle belegt; nicht schätzen, nicht mit 0 füllen."
uwpobs-1accf3df8cfde5c7,uwp100-freenet,Freenet,2024,Planet,Energie,renewable_electricity_share,Erneuerbarer Strom,,%,E,uwp-required-field-gap,,,required_field_gap_rendered,0.0,"UWP-Kernfeld noch nicht maschinell aus einer versionierten Primärquelle belegt; nicht schätzen, nicht mit 0 füllen."
uwpobs-5d8e154177ee6811,uwp100-freenet,Freenet,2025,Planet,Klima/Transformationspfad,sbti_profile_available,SBTi Zielprofil sicher matchbar,,Status,E,sbti-target-dashboard,https://files.sciencebasedtargets.org/production/files/companies-excel.xlsx,,official_xlsx_import_no_safe_match,0.0,Kein sicherer SBTi-Match für Freenet im offiziellen Target Dashboard. Das ist keine negative Klimabewertung.
uwpobs-909aacb761f5e2b3,uwp100-freenet,Freenet,2024,Planet,Klima,scope_1_2_ghg_absolute,Scope 1+2 absolut,,t CO2e,E,uwp-required-field-gap,,,required_field_gap_rendered,0.0,"UWP-Kernfeld noch nicht maschinell aus einer versionierten Primärquelle belegt; nicht schätzen, nicht mit 0 füllen."
uwpobs-67e0beab1ea4b113,uwp100-freenet,Freenet,2024,Planet,Lieferkette/Klima,scope_3_ghg_absolute,Scope 3 absolut,,t CO2e,E,uwp-required-field-gap,,,required_field_gap_rendered,0.0,"UWP-Kernfeld noch nicht maschinell aus einer versionierten Primärquelle belegt; nicht schätzen, nicht mit 0 füllen."
uwpobs-d712ee8a86a3201c,uwp100-freenet,Freenet,2024,Transformation,EU-Taxonomie,taxonomy_aligned_revenue_share,Taxonomie-konformer Umsatzanteil,,%,E,uwp-required-field-gap,,,required_field_gap_rendered,0.0,"UWP-Kernfeld noch nicht maschinell aus einer versionierten Primärquelle belegt; nicht schätzen, nicht mit 0 füllen."
uwpobs-89ffeff582671e25,uwp100-fresenius,Fresenius,2024,Demokratie,Steuertransparenz,cbcr_tax_transparency,Country-by-Country Reporting / Steuertransparenz,,Status,E,uwp-required-field-gap,,,required_field_gap_rendered,0.0,"UWP-Kernfeld noch nicht maschinell aus einer versionierten Primärquelle belegt; nicht schätzen, nicht mit 0 füllen."
uwpobs-3d1841f78b590692,uwp100-fresenius,Fresenius,2024,Demokratie,Datenschutz,data_privacy_incidents,Datenschutzverstöße / Bußgelder,,Anzahl/Status,E,uwp-required-field-gap,,,required_field_gap_rendered,0.0,"UWP-Kernfeld noch nicht maschinell aus einer versionierten Primärquelle belegt; nicht schätzen, nicht mit 0 füllen."
uwpobs-0a4c82cb25dbb86d,uwp100-fresenius,Fresenius,2024,Demokratie,Lobbying/Einflussnahme,lobbying_transparency,Lobbying-Transparenz,,Status,E,uwp-required-field-gap,,,required_field_gap_rendered,0.0,"UWP-Kernfeld noch nicht maschinell aus einer versionierten Primärquelle belegt; nicht schätzen, nicht mit 0 füllen."
uwpobs-9b775dc6c7bbaba0,uwp100-fresenius,Fresenius,2024,Demokratie,Compliance/Whistleblowing,whistleblowing_cases,Whistleblowing-Fälle und Abhilfe,,Anzahl/Status,E,uwp-required-field-gap,,,required_field_gap_rendered,0.0,"UWP-Kernfeld noch nicht maschinell aus einer versionierten Primärquelle belegt; nicht schätzen, nicht mit 0 füllen."
uwpobs-9a4bf47afa4e1550,uwp100-fresenius,Fresenius,2024,Mensch,Arbeitssicherheit,ltifr,Lost Time Injury Frequency Rate,,je Mio. Arbeitsstunden,E,uwp-required-field-gap,,,required_field_gap_rendered,0.0,"UWP-Kernfeld noch nicht maschinell aus einer versionierten Primärquelle belegt; nicht schätzen, nicht mit 0 füllen."
uwpobs-5b7fac9f72a431fa,uwp100-fresenius,Fresenius,2024,Mensch,Diversität/Teilhabe,women_management_share,Frauenanteil Management,,%,E,uwp-required-field-gap,,,required_field_gap_rendered,0.0,"UWP-Kernfeld noch nicht maschinell aus einer versionierten Primärquelle belegt; nicht schätzen, nicht mit 0 füllen."
uwpobs-4d83868ac33697e8,uwp100-fresenius,Fresenius,2024,Planet,Energie,renewable_electricity_share,Erneuerbarer Strom,,%,E,uwp-required-field-gap,,,required_field_gap_rendered,0.0,"UWP-Kernfeld noch nicht maschinell aus einer versionierten Primärquelle belegt; nicht schätzen, nicht mit 0 füllen."
uwpobs-699c6a534aff9ebd,uwp100-fresenius,Fresenius,2025,Planet,Klima/Transformationspfad,sbti_profile_available,SBTi Zielprofil sicher matchbar,,Status,E,sbti-target-dashboard,https://files.sciencebasedtargets.org/production/files/companies-excel.xlsx,,official_xlsx_import_no_safe_match,0.0,Kein sicherer SBTi-Match für Fresenius im offiziellen Target Dashboard. Das ist keine negative Klimabewertung.
uwpobs-c8dc77f3f0d7b021,uwp100-fresenius,Fresenius,2024,Planet,Klima,scope_1_2_ghg_absolute,Scope 1+2 absolut,,t CO2e,E,uwp-required-field-gap,,,required_field_gap_rendered,0.0,"UWP-Kernfeld noch nicht maschinell aus einer versionierten Primärquelle belegt; nicht schätzen, nicht mit 0 füllen."
uwpobs-8ac8ad2ebeb218ec,uwp100-fresenius,Fresenius,2024,Planet,Lieferkette/Klima,scope_3_ghg_absolute,Scope 3 absolut,,t CO2e,E,uwp-required-field-gap,,,required_field_gap_rendered,0.0,"UWP-Kernfeld noch nicht maschinell aus einer versionierten Primärquelle belegt; nicht schätzen, nicht mit 0 füllen."
uwpobs-82f872d8e0595feb,uwp100-fresenius,Fresenius,2024,Transformation,EU-Taxonomie,taxonomy_aligned_revenue_share,Taxonomie-konformer Umsatzanteil,,%,E,uwp-required-field-gap,,,required_field_gap_rendered,0.0,"UWP-Kernfeld noch nicht maschinell aus einer versionierten Primärquelle belegt; nicht schätzen, nicht mit 0 füllen."
uwpobs-ac0e0d674b0dca22,uwp100-fresenius-medical-care,Fresenius Medical Care,2026,Datenqualität,Quellenstand,sbti_date_updated,SBTi Datenstand,2026-01-08,Datum,A,sbti-target-dashboard,https://files.sciencebasedtargets.org/production/files/companies-excel.xlsx,Fresenius Medical Care AG,official_xlsx_import:safe_name_match,0.86,SBTi-Zieldaten; kein Nachweis tatsächlicher Emissionsreduktion.
uwpobs-675797fd06897374,uwp100-fresenius-medical-care,Fresenius Medical Care,2026,Planet,Klima/Transformationspfad,sbti_full_target_language,SBTi Zieltext,"Overall Net-Zero Target:
Fresenius Medical Care AG commits to achieve net-zero greenhouse gas emissions across the value chain by 2050.

Near-Term Targets:
Fresenius Medical Care AG commits to reduce absolute scope 1 and 2 GHG emissions 50.0% by 2030 from a 2020 base year. Fresenius Medical Care AG also commits to reduce absolute scope 3 GHG emissions from fuel- and energy-related activities, business travel and use of sold products 25.0% by 2030 from a 2024 base year. Fresenius Medical Care AG further commits that 70.0% of its suppliers by emissions covering purchased goods and services, capital goods and upstream transportation and distribution, will have science-based targets by 2030.

Long-Term Targets:
Fresenius Medical Care AG commits to reduce absolute scope 1 and 2 GHG emissions 90.0% by 2050 from a 2020 base year. Fresenius Medical Care AG also commits to reduce absolute scope 3 GHG emissions 90.0% by 2050 from a 2024 base year.",Text,B,sbti-target-dashboard,https://files.sciencebasedtargets.org/production/files/companies-excel.xlsx,Fresenius Medical Care AG,official_xlsx_import:safe_name_match,0.86,SBTi-Zieldaten; kein Nachweis tatsächlicher Emissionsreduktion.
uwpobs-f25be1e220a4b98f,uwp100-fresenius-medical-care,Fresenius Medical Care,2026,Planet,Klima/Transformationspfad,sbti_near_term_status,SBTi Near-Term Zielstatus,Targets set,Status,A,sbti-target-dashboard,https://files.sciencebasedtargets.org/production/files/companies-excel.xlsx,Fresenius Medical Care AG,official_xlsx_import:safe_name_match,0.86,SBTi-Zieldaten; kein Nachweis tatsächlicher Emissionsreduktion.
uwpobs-7dd311f3894f947f,uwp100-fresenius-medical-care,Fresenius Medical Care,2026,Planet,Klima/Transformationspfad,sbti_near_term_target_classification,SBTi Near-Term Zielklassifikation,1.5°C,Klassifikation,A,sbti-target-dashboard,https://files.sciencebasedtargets.org/production/files/companies-excel.xlsx,Fresenius Medical Care AG,official_xlsx_import:safe_name_match,0.86,SBTi-Zieldaten; kein Nachweis tatsächlicher Emissionsreduktion.
uwpobs-eb69710a91d65f81,uwp100-fresenius-medical-care,Fresenius Medical Care,2026,Planet,Klima/Transformationspfad,sbti_near_term_target_year,SBTi Near-Term Zieljahr,2030,Jahr,A,sbti-target-dashboard,https://files.sciencebasedtargets.org/production/files/companies-excel.xlsx,Fresenius Medical Care AG,official_xlsx_import:safe_name_match,0.86,SBTi-Zieldaten; kein Nachweis tatsächlicher Emissionsreduktion.
uwpobs-e017701def11df84,uwp100-fresenius-medical-care,Fresenius Medical Care,2026,Planet,Klima/Transformationspfad,sbti_target_classification_long,SBTi Zielklassifikation Langtext,The targets covering greenhouse gas emissions from company operations (scopes 1 and 2) are consistent with reductions required to keep warming to 1.5°C,Text,B,sbti-target-dashboard,https://files.sciencebasedtargets.org/production/files/companies-excel.xlsx,Fresenius Medical Care AG,official_xlsx_import:safe_name_match,0.86,SBTi-Zieldaten; kein Nachweis tatsächlicher Emissionsreduktion.
uwpobs-5f2d1832375f1940,uwp100-fresenius-medical-care,Fresenius Medical Care,2026,Transformation,Net-Zero/Transformation,sbti_long_term_status,SBTi Long-Term Zielstatus,Targets set,Status,A,sbti-target-dashboard,https://files.sciencebasedtargets.org/production/files/companies-excel.xlsx,Fresenius Medical Care AG,official_xlsx_import:safe_name_match,0.86,SBTi-Zieldaten; kein Nachweis tatsächlicher Emissionsreduktion.
uwpobs-6532b1b198af46ae,uwp100-fresenius-medical-care,Fresenius Medical Care,2026,Transformation,Net-Zero/Transformation,sbti_long_term_target_classification,SBTi Long-Term Zielklassifikation,1.5°C,Klassifikation,A,sbti-target-dashboard,https://files.sciencebasedtargets.org/production/files/companies-excel.xlsx,Fresenius Medical Care AG,official_xlsx_import:safe_name_match,0.86,SBTi-Zieldaten; kein Nachweis tatsächlicher Emissionsreduktion.
uwpobs-9032b6eb84514a9d,uwp100-fresenius-medical-care,Fresenius Medical Care,2026,Transformation,Net-Zero/Transformation,sbti_long_term_target_year,SBTi Long-Term Zieljahr,2050,Jahr,A,sbti-target-dashboard,https://files.sciencebasedtargets.org/production/files/companies-excel.xlsx,Fresenius Medical Care AG,official_xlsx_import:safe_name_match,0.86,SBTi-Zieldaten; kein Nachweis tatsächlicher Emissionsreduktion.
uwpobs-3f1f8b3cf767331a,uwp100-fresenius-medical-care,Fresenius Medical Care,2026,Transformation,Net-Zero/Transformation,sbti_net_zero_status,SBTi Net-Zero Status,Targets set,Status,A,sbti-target-dashboard,https://files.sciencebasedtargets.org/production/files/companies-excel.xlsx,Fresenius Medical Care AG,official_xlsx_import:safe_name_match,0.86,SBTi-Zieldaten; kein Nachweis tatsächlicher Emissionsreduktion.
uwpobs-9b07590ea5199501,uwp100-fresenius-medical-care,Fresenius Medical Care,2026,Transformation,Net-Zero/Transformation,sbti_net_zero_year,SBTi Net-Zero Zieljahr,2050,Jahr,A,sbti-target-dashboard,https://files.sciencebasedtargets.org/production/files/companies-excel.xlsx,Fresenius Medical Care AG,official_xlsx_import:safe_name_match,0.86,SBTi-Zieldaten; kein Nachweis tatsächlicher Emissionsreduktion.
uwpobs-a4285250bacb3b1f,uwp100-fresenius-medical-care,Fresenius Medical Care,2024,Demokratie,Steuertransparenz,cbcr_tax_transparency,Country-by-Country Reporting / Steuertransparenz,,Status,E,uwp-required-field-gap,,,required_field_gap_rendered,0.0,"UWP-Kernfeld noch nicht maschinell aus einer versionierten Primärquelle belegt; nicht schätzen, nicht mit 0 füllen."
uwpobs-b242581fe81352f4,uwp100-fresenius-medical-care,Fresenius Medical Care,2024,Demokratie,Datenschutz,data_privacy_incidents,Datenschutzverstöße / Bußgelder,,Anzahl/Status,E,uwp-required-field-gap,,,required_field_gap_rendered,0.0,"UWP-Kernfeld noch nicht maschinell aus einer versionierten Primärquelle belegt; nicht schätzen, nicht mit 0 füllen."
uwpobs-0fbd31aba0d10071,uwp100-fresenius-medical-care,Fresenius Medical Care,2024,Demokratie,Lobbying/Einflussnahme,lobbying_transparency,Lobbying-Transparenz,,Status,E,uwp-required-field-gap,,,required_field_gap_rendered,0.0,"UWP-Kernfeld noch nicht maschinell aus einer versionierten Primärquelle belegt; nicht schätzen, nicht mit 0 füllen."
uwpobs-6c7b171d77ec682c,uwp100-fresenius-medical-care,Fresenius Medical Care,2024,Demokratie,Compliance/Whistleblowing,whistleblowing_cases,Whistleblowing-Fälle und Abhilfe,,Anzahl/Status,E,uwp-required-field-gap,,,required_field_gap_rendered,0.0,"UWP-Kernfeld noch nicht maschinell aus einer versionierten Primärquelle belegt; nicht schätzen, nicht mit 0 füllen."
uwpobs-87735c72377fd2bc,uwp100-fresenius-medical-care,Fresenius Medical Care,2024,Mensch,Arbeitssicherheit,ltifr,Lost Time Injury Frequency Rate,,je Mio. Arbeitsstunden,E,uwp-required-field-gap,,,required_field_gap_rendered,0.0,"UWP-Kernfeld noch nicht maschinell aus einer versionierten Primärquelle belegt; nicht schätzen, nicht mit 0 füllen."
uwpobs-6e161cbc095fe769,uwp100-fresenius-medical-care,Fresenius Medical Care,2024,Mensch,Diversität/Teilhabe,women_management_share,Frauenanteil Management,,%,E,uwp-required-field-gap,,,required_field_gap_rendered,0.0,"UWP-Kernfeld noch nicht maschinell aus einer versionierten Primärquelle belegt; nicht schätzen, nicht mit 0 füllen."
uwpobs-44f02f74cac34f33,uwp100-fresenius-medical-care,Fresenius Medical Care,2024,Planet,Energie,renewable_electricity_share,Erneuerbarer Strom,,%,E,uwp-required-field-gap,,,required_field_gap_rendered,0.0,"UWP-Kernfeld noch nicht maschinell aus einer versionierten Primärquelle belegt; nicht schätzen, nicht mit 0 füllen."
uwpobs-bb973603f72dedde,uwp100-fresenius-medical-care,Fresenius Medical Care,2024,Planet,Klima,scope_1_2_ghg_absolute,Scope 1+2 absolut,,t CO2e,E,uwp-required-field-gap,,,required_field_gap_rendered,0.0,"UWP-Kernfeld noch nicht maschinell aus einer versionierten Primärquelle belegt; nicht schätzen, nicht mit 0 füllen."
uwpobs-925b49465a184c92,uwp100-fresenius-medical-care,Fresenius Medical Care,2024,Planet,Lieferkette/Klima,scope_3_ghg_absolute,Scope 3 absolut,,t CO2e,E,uwp-required-field-gap,,,required_field_gap_rendered,0.0,"UWP-Kernfeld noch nicht maschinell aus einer versionierten Primärquelle belegt; nicht schätzen, nicht mit 0 füllen."
uwpobs-bb67aabfa91086a9,uwp100-fresenius-medical-care,Fresenius Medical Care,2024,Transformation,EU-Taxonomie,taxonomy_aligned_revenue_share,Taxonomie-konformer Umsatzanteil,,%,E,uwp-required-field-gap,,,required_field_gap_rendered,0.0,"UWP-Kernfeld noch nicht maschinell aus einer versionierten Primärquelle belegt; nicht schätzen, nicht mit 0 füllen."
uwpobs-5c38ccfbbe1216ff,uwp100-fuchs-petrolub,Fuchs Petrolub,2024,Demokratie,Steuertransparenz,cbcr_tax_transparency,Country-by-Country Reporting / Steuertransparenz,,Status,E,uwp-required-field-gap,,,required_field_gap_rendered,0.0,"UWP-Kernfeld noch nicht maschinell aus einer versionierten Primärquelle belegt; nicht schätzen, nicht mit 0 füllen."
uwpobs-bc9ed4d842ab99fc,uwp100-fuchs-petrolub,Fuchs Petrolub,2024,Demokratie,Datenschutz,data_privacy_incidents,Datenschutzverstöße / Bußgelder,,Anzahl/Status,E,uwp-required-field-gap,,,required_field_gap_rendered,0.0,"UWP-Kernfeld noch nicht maschinell aus einer versionierten Primärquelle belegt; nicht schätzen, nicht mit 0 füllen."
uwpobs-742af0556b2d9717,uwp100-fuchs-petrolub,Fuchs Petrolub,2024,Demokratie,Lobbying/Einflussnahme,lobbying_transparency,Lobbying-Transparenz,,Status,E,uwp-required-field-gap,,,required_field_gap_rendered,0.0,"UWP-Kernfeld noch nicht maschinell aus einer versionierten Primärquelle belegt; nicht schätzen, nicht mit 0 füllen."
uwpobs-94c90893c10cafd6,uwp100-fuchs-petrolub,Fuchs Petrolub,2024,Demokratie,Compliance/Whistleblowing,whistleblowing_cases,Whistleblowing-Fälle und Abhilfe,,Anzahl/Status,E,uwp-required-field-gap,,,required_field_gap_rendered,0.0,"UWP-Kernfeld noch nicht maschinell aus einer versionierten Primärquelle belegt; nicht schätzen, nicht mit 0 füllen."
uwpobs-511d10265730f735,uwp100-fuchs-petrolub,Fuchs Petrolub,2024,Mensch,Arbeitssicherheit,ltifr,Lost Time Injury Frequency Rate,,je Mio. Arbeitsstunden,E,uwp-required-field-gap,,,required_field_gap_rendered,0.0,"UWP-Kernfeld noch nicht maschinell aus einer versionierten Primärquelle belegt; nicht schätzen, nicht mit 0 füllen."
uwpobs-ec40a4d13dfe5cfd,uwp100-fuchs-petrolub,Fuchs Petrolub,2024,Mensch,Diversität/Teilhabe,women_management_share,Frauenanteil Management,,%,E,uwp-required-field-gap,,,required_field_gap_rendered,0.0,"UWP-Kernfeld noch nicht maschinell aus einer versionierten Primärquelle belegt; nicht schätzen, nicht mit 0 füllen."
uwpobs-212e7cceedc7630d,uwp100-fuchs-petrolub,Fuchs Petrolub,2024,Planet,Energie,renewable_electricity_share,Erneuerbarer Strom,,%,E,uwp-required-field-gap,,,required_field_gap_rendered,0.0,"UWP-Kernfeld noch nicht maschinell aus einer versionierten Primärquelle belegt; nicht schätzen, nicht mit 0 füllen."
uwpobs-a6bc0893dace3c11,uwp100-fuchs-petrolub,Fuchs Petrolub,2025,Planet,Klima/Transformationspfad,sbti_profile_available,SBTi Zielprofil sicher matchbar,,Status,E,sbti-target-dashboard,https://files.sciencebasedtargets.org/production/files/companies-excel.xlsx,,official_xlsx_import_no_safe_match,0.0,Kein sicherer SBTi-Match für Fuchs Petrolub im offiziellen Target Dashboard. Das ist keine negative Klimabewertung.
uwpobs-7feef208823e2688,uwp100-fuchs-petrolub,Fuchs Petrolub,2024,Planet,Klima,scope_1_2_ghg_absolute,Scope 1+2 absolut,,t CO2e,E,uwp-required-field-gap,,,required_field_gap_rendered,0.0,"UWP-Kernfeld noch nicht maschinell aus einer versionierten Primärquelle belegt; nicht schätzen, nicht mit 0 füllen."
uwpobs-d2173efba20398f7,uwp100-fuchs-petrolub,Fuchs Petrolub,2024,Planet,Lieferkette/Klima,scope_3_ghg_absolute,Scope 3 absolut,,t CO2e,E,uwp-required-field-gap,,,required_field_gap_rendered,0.0,"UWP-Kernfeld noch nicht maschinell aus einer versionierten Primärquelle belegt; nicht schätzen, nicht mit 0 füllen."
uwpobs-6b64227aa8c39c54,uwp100-fuchs-petrolub,Fuchs Petrolub,2024,Transformation,EU-Taxonomie,taxonomy_aligned_revenue_share,Taxonomie-konformer Umsatzanteil,,%,E,uwp-required-field-gap,,,required_field_gap_rendered,0.0,"UWP-Kernfeld noch nicht maschinell aus einer versionierten Primärquelle belegt; nicht schätzen, nicht mit 0 füllen."
uwpobs-50a6bcd87a8a464c,uwp100-gea,GEA Group,2024,Datenqualität,Quellenstand,sbti_date_updated,SBTi Datenstand,2024-01-25,Datum,A,sbti-target-dashboard,https://files.sciencebasedtargets.org/production/files/companies-excel.xlsx,GEA Group,official_xlsx_import:safe_name_match,0.86,SBTi-Zieldaten; kein Nachweis tatsächlicher Emissionsreduktion.
uwpobs-e3b703e85a4c320c,uwp100-gea,GEA Group,2024,Planet,Klima/Transformationspfad,sbti_ba15_date,SBTi Business Ambition 1.5C Datum,2021-04-15,Datum,B,sbti-target-dashboard,https://files.sciencebasedtargets.org/production/files/companies-excel.xlsx,GEA Group,official_xlsx_import:safe_name_match,0.86,SBTi-Zieldaten; kein Nachweis tatsächlicher Emissionsreduktion.
uwpobs-f2938464b13da81a,uwp100-gea,GEA Group,2024,Planet,Klima/Transformationspfad,sbti_ba15_status,SBTi Business Ambition 1.5C Status,BA1.5 member,Status,B,sbti-target-dashboard,https://files.sciencebasedtargets.org/production/files/companies-excel.xlsx,GEA Group,official_xlsx_import:safe_name_match,0.86,SBTi-Zieldaten; kein Nachweis tatsächlicher Emissionsreduktion.
uwpobs-3f07ca22e6f88164,uwp100-gea,GEA Group,2024,Planet,Klima/Transformationspfad,sbti_full_target_language,SBTi Zieltext,"Overall Net-Zero Target
GEA Group commits to reach net-zero greenhouse gas emissions across the value chain by
2040 from a 2019 base year.
Near-Term Targets
GEA Group commits to reduce absolute scope 1 and 2 GHG emissions 80% by 2030 from a
2019 base year. GEA Group also commits to reduce absolute scope 3 GHG emissions
27.5% within the same timeframe.
Long-Term Targets
GEA commits to reduce absolute scope 1, 2 and 3 GHG emissions 90% by 2040 from a 2019
base year.",Text,B,sbti-target-dashboard,https://files.sciencebasedtargets.org/production/files/companies-excel.xlsx,GEA Group,official_xlsx_import:safe_name_match,0.86,SBTi-Zieldaten; kein Nachweis tatsächlicher Emissionsreduktion.
uwpobs-2f24c0d0539f0c96,uwp100-gea,GEA Group,2024,Planet,Klima/Transformationspfad,sbti_near_term_status,SBTi Near-Term Zielstatus,Targets set,Status,A,sbti-target-dashboard,https://files.sciencebasedtargets.org/production/files/companies-excel.xlsx,GEA Group,official_xlsx_import:safe_name_match,0.86,SBTi-Zieldaten; kein Nachweis tatsächlicher Emissionsreduktion.
uwpobs-f87ceb3d7dfbd045,uwp100-gea,GEA Group,2024,Planet,Klima/Transformationspfad,sbti_near_term_target_classification,SBTi Near-Term Zielklassifikation,1.5°C,Klassifikation,A,sbti-target-dashboard,https://files.sciencebasedtargets.org/production/files/companies-excel.xlsx,GEA Group,official_xlsx_import:safe_name_match,0.86,SBTi-Zieldaten; kein Nachweis tatsächlicher Emissionsreduktion.
uwpobs-41f07dec5b2f18c7,uwp100-gea,GEA Group,2024,Planet,Klima/Transformationspfad,sbti_near_term_target_year,SBTi Near-Term Zieljahr,2030,Jahr,A,sbti-target-dashboard,https://files.sciencebasedtargets.org/production/files/companies-excel.xlsx,GEA Group,official_xlsx_import:safe_name_match,0.86,SBTi-Zieldaten; kein Nachweis tatsächlicher Emissionsreduktion.
uwpobs-097200fc7ded5073,uwp100-gea,GEA Group,2024,Planet,Klima/Transformationspfad,sbti_target_classification_long,SBTi Zielklassifikation Langtext,The targets covering greenhouse gas emissions from company operations (scopes 1 and 2) are consistent with reductions required to keep warming to 1.5°C,Text,B,sbti-target-dashboard,https://files.sciencebasedtargets.org/production/files/companies-excel.xlsx,GEA Group,official_xlsx_import:safe_name_match,0.86,SBTi-Zieldaten; kein Nachweis tatsächlicher Emissionsreduktion.
uwpobs-856c00d3c6a58326,uwp100-gea,GEA Group,2024,Transformation,Net-Zero/Transformation,sbti_long_term_status,SBTi Long-Term Zielstatus,Targets set,Status,A,sbti-target-dashboard,https://files.sciencebasedtargets.org/production/files/companies-excel.xlsx,GEA Group,official_xlsx_import:safe_name_match,0.86,SBTi-Zieldaten; kein Nachweis tatsächlicher Emissionsreduktion.
uwpobs-092a7d5053335715,uwp100-gea,GEA Group,2024,Transformation,Net-Zero/Transformation,sbti_long_term_target_classification,SBTi Long-Term Zielklassifikation,1.5°C,Klassifikation,A,sbti-target-dashboard,https://files.sciencebasedtargets.org/production/files/companies-excel.xlsx,GEA Group,official_xlsx_import:safe_name_match,0.86,SBTi-Zieldaten; kein Nachweis tatsächlicher Emissionsreduktion.
uwpobs-d655509dc526cccb,uwp100-gea,GEA Group,2024,Transformation,Net-Zero/Transformation,sbti_long_term_target_year,SBTi Long-Term Zieljahr,2040,Jahr,A,sbti-target-dashboard,https://files.sciencebasedtargets.org/production/files/companies-excel.xlsx,GEA Group,official_xlsx_import:safe_name_match,0.86,SBTi-Zieldaten; kein Nachweis tatsächlicher Emissionsreduktion.
uwpobs-b4739865b65b269c,uwp100-gea,GEA Group,2024,Transformation,Net-Zero/Transformation,sbti_net_zero_status,SBTi Net-Zero Status,Targets set,Status,A,sbti-target-dashboard,https://files.sciencebasedtargets.org/production/files/companies-excel.xlsx,GEA Group,official_xlsx_import:safe_name_match,0.86,SBTi-Zieldaten; kein Nachweis tatsächlicher Emissionsreduktion.
uwpobs-21a3fcfc423dc147,uwp100-gea,GEA Group,2024,Transformation,Net-Zero/Transformation,sbti_net_zero_year,SBTi Net-Zero Zieljahr,2040,Jahr,A,sbti-target-dashboard,https://files.sciencebasedtargets.org/production/files/companies-excel.xlsx,GEA Group,official_xlsx_import:safe_name_match,0.86,SBTi-Zieldaten; kein Nachweis tatsächlicher Emissionsreduktion.
uwpobs-dae88323c0f82981,uwp100-gea,GEA Group,2024,Demokratie,Steuertransparenz,cbcr_tax_transparency,Country-by-Country Reporting / Steuertransparenz,,Status,E,uwp-required-field-gap,,,required_field_gap_rendered,0.0,"UWP-Kernfeld noch nicht maschinell aus einer versionierten Primärquelle belegt; nicht schätzen, nicht mit 0 füllen."
uwpobs-39c6ceee984c31fd,uwp100-gea,GEA Group,2024,Demokratie,Datenschutz,data_privacy_incidents,Datenschutzverstöße / Bußgelder,,Anzahl/Status,E,uwp-required-field-gap,,,required_field_gap_rendered,0.0,"UWP-Kernfeld noch nicht maschinell aus einer versionierten Primärquelle belegt; nicht schätzen, nicht mit 0 füllen."
uwpobs-a417b80bbe9eec06,uwp100-gea,GEA Group,2024,Demokratie,Lobbying/Einflussnahme,lobbying_transparency,Lobbying-Transparenz,,Status,E,uwp-required-field-gap,,,required_field_gap_rendered,0.0,"UWP-Kernfeld noch nicht maschinell aus einer versionierten Primärquelle belegt; nicht schätzen, nicht mit 0 füllen."
uwpobs-8b234e0121c7a49f,uwp100-gea,GEA Group,2024,Demokratie,Compliance/Whistleblowing,whistleblowing_cases,Whistleblowing-Fälle und Abhilfe,,Anzahl/Status,E,uwp-required-field-gap,,,required_field_gap_rendered,0.0,"UWP-Kernfeld noch nicht maschinell aus einer versionierten Primärquelle belegt; nicht schätzen, nicht mit 0 füllen."
uwpobs-dedcbbe9f718ad21,uwp100-gea,GEA Group,2024,Mensch,Arbeitssicherheit,ltifr,Lost Time Injury Frequency Rate,,je Mio. Arbeitsstunden,E,uwp-required-field-gap,,,required_field_gap_rendered,0.0,"UWP-Kernfeld noch nicht maschinell aus einer versionierten Primärquelle belegt; nicht schätzen, nicht mit 0 füllen."
uwpobs-2c035f875a11f535,uwp100-gea,GEA Group,2024,Mensch,Diversität/Teilhabe,women_management_share,Frauenanteil Management,,%,E,uwp-required-field-gap,,,required_field_gap_rendered,0.0,"UWP-Kernfeld noch nicht maschinell aus einer versionierten Primärquelle belegt; nicht schätzen, nicht mit 0 füllen."
uwpobs-6cf4c00afe62e300,uwp100-gea,GEA Group,2024,Planet,Energie,renewable_electricity_share,Erneuerbarer Strom,,%,E,uwp-required-field-gap,,,required_field_gap_rendered,0.0,"UWP-Kernfeld noch nicht maschinell aus einer versionierten Primärquelle belegt; nicht schätzen, nicht mit 0 füllen."
uwpobs-74011aaaadad39f1,uwp100-gea,GEA Group,2024,Planet,Klima,scope_1_2_ghg_absolute,Scope 1+2 absolut,,t CO2e,E,uwp-required-field-gap,,,required_field_gap_rendered,0.0,"UWP-Kernfeld noch nicht maschinell aus einer versionierten Primärquelle belegt; nicht schätzen, nicht mit 0 füllen."
uwpobs-2562a9dc2db7b9a6,uwp100-gea,GEA Group,2024,Planet,Lieferkette/Klima,scope_3_ghg_absolute,Scope 3 absolut,,t CO2e,E,uwp-required-field-gap,,,required_field_gap_rendered,0.0,"UWP-Kernfeld noch nicht maschinell aus einer versionierten Primärquelle belegt; nicht schätzen, nicht mit 0 füllen."
uwpobs-ab7ba7af4950c041,uwp100-gea,GEA Group,2024,Transformation,EU-Taxonomie,taxonomy_aligned_revenue_share,Taxonomie-konformer Umsatzanteil,,%,E,uwp-required-field-gap,,,required_field_gap_rendered,0.0,"UWP-Kernfeld noch nicht maschinell aus einer versionierten Primärquelle belegt; nicht schätzen, nicht mit 0 füllen."
uwpobs-5eba10937a46b825,uwp100-gerresheimer,Gerresheimer,2025,Datenqualität,Quellenstand,sbti_date_updated,SBTi Datenstand,2025-10-09,Datum,A,sbti-target-dashboard,https://files.sciencebasedtargets.org/production/files/companies-excel.xlsx,Gerresheimer AG,official_xlsx_import:safe_name_match,0.86,SBTi-Zieldaten; kein Nachweis tatsächlicher Emissionsreduktion.
uwpobs-e07e847608a98c9c,uwp100-gerresheimer,Gerresheimer,2025,Planet,Klima/Transformationspfad,sbti_full_target_language,SBTi Zieltext,"Near-Term Targets: Gerresheimer AG commits to reduce absolute scope 1 and 2 GHG emissions 52.0% by FY2030 from a FY2019 base year. Gerresheimer AG also commits to reduce scope 3 GHG emissions from fuel- and energy-related activities, upstream transportation and distribution, downstream transportation and distribution and end-of-life treatment of sold products 64.0% per EUR value added by FY2034 from a FY2023 base year. Gerresheimer AG further commits that 65.0% of its suppliers by spend covering purchased goods and services, will have science-based targets by FY2029.",Text,B,sbti-target-dashboard,https://files.sciencebasedtargets.org/production/files/companies-excel.xlsx,Gerresheimer AG,official_xlsx_import:safe_name_match,0.86,SBTi-Zieldaten; kein Nachweis tatsächlicher Emissionsreduktion.
uwpobs-63093b33441536ca,uwp100-gerresheimer,Gerresheimer,2025,Planet,Klima/Transformationspfad,sbti_near_term_status,SBTi Near-Term Zielstatus,Targets set,Status,A,sbti-target-dashboard,https://files.sciencebasedtargets.org/production/files/companies-excel.xlsx,Gerresheimer AG,official_xlsx_import:safe_name_match,0.86,SBTi-Zieldaten; kein Nachweis tatsächlicher Emissionsreduktion.
uwpobs-2ce63b9ea3e93cd5,uwp100-gerresheimer,Gerresheimer,2025,Planet,Klima/Transformationspfad,sbti_near_term_target_classification,SBTi Near-Term Zielklassifikation,1.5°C,Klassifikation,A,sbti-target-dashboard,https://files.sciencebasedtargets.org/production/files/companies-excel.xlsx,Gerresheimer AG,official_xlsx_import:safe_name_match,0.86,SBTi-Zieldaten; kein Nachweis tatsächlicher Emissionsreduktion.
uwpobs-50a1ed7afc867ba2,uwp100-gerresheimer,Gerresheimer,2025,Planet,Klima/Transformationspfad,sbti_near_term_target_year,SBTi Near-Term Zieljahr,FY2034,Jahr,A,sbti-target-dashboard,https://files.sciencebasedtargets.org/production/files/companies-excel.xlsx,Gerresheimer AG,official_xlsx_import:safe_name_match,0.86,SBTi-Zieldaten; kein Nachweis tatsächlicher Emissionsreduktion.
uwpobs-fd08da030f2e84ec,uwp100-gerresheimer,Gerresheimer,2025,Planet,Klima/Transformationspfad,sbti_target_classification_long,SBTi Zielklassifikation Langtext,The targets covering greenhouse gas emissions from company operations (scopes 1 and 2) are consistent with reductions required to keep warming to 1.5°C,Text,B,sbti-target-dashboard,https://files.sciencebasedtargets.org/production/files/companies-excel.xlsx,Gerresheimer AG,official_xlsx_import:safe_name_match,0.86,SBTi-Zieldaten; kein Nachweis tatsächlicher Emissionsreduktion.
uwpobs-eaa168f08742305b,uwp100-gerresheimer,Gerresheimer,2024,Demokratie,Steuertransparenz,cbcr_tax_transparency,Country-by-Country Reporting / Steuertransparenz,,Status,E,uwp-required-field-gap,,,required_field_gap_rendered,0.0,"UWP-Kernfeld noch nicht maschinell aus einer versionierten Primärquelle belegt; nicht schätzen, nicht mit 0 füllen."
uwpobs-ecff319fcbbde461,uwp100-gerresheimer,Gerresheimer,2024,Demokratie,Datenschutz,data_privacy_incidents,Datenschutzverstöße / Bußgelder,,Anzahl/Status,E,uwp-required-field-gap,,,required_field_gap_rendered,0.0,"UWP-Kernfeld noch nicht maschinell aus einer versionierten Primärquelle belegt; nicht schätzen, nicht mit 0 füllen."
uwpobs-c5387e1df308f8b1,uwp100-gerresheimer,Gerresheimer,2024,Demokratie,Lobbying/Einflussnahme,lobbying_transparency,Lobbying-Transparenz,,Status,E,uwp-required-field-gap,,,required_field_gap_rendered,0.0,"UWP-Kernfeld noch nicht maschinell aus einer versionierten Primärquelle belegt; nicht schätzen, nicht mit 0 füllen."
uwpobs-7d007500296d9701,uwp100-gerresheimer,Gerresheimer,2024,Demokratie,Compliance/Whistleblowing,whistleblowing_cases,Whistleblowing-Fälle und Abhilfe,,Anzahl/Status,E,uwp-required-field-gap,,,required_field_gap_rendered,0.0,"UWP-Kernfeld noch nicht maschinell aus einer versionierten Primärquelle belegt; nicht schätzen, nicht mit 0 füllen."
uwpobs-610026ee02c2e9e5,uwp100-gerresheimer,Gerresheimer,2024,Mensch,Arbeitssicherheit,ltifr,Lost Time Injury Frequency Rate,,je Mio. Arbeitsstunden,E,uwp-required-field-gap,,,required_field_gap_rendered,0.0,"UWP-Kernfeld noch nicht maschinell aus einer versionierten Primärquelle belegt; nicht schätzen, nicht mit 0 füllen."
uwpobs-29318ba9e543e621,uwp100-gerresheimer,Gerresheimer,2024,Mensch,Diversität/Teilhabe,women_management_share,Frauenanteil Management,,%,E,uwp-required-field-gap,,,required_field_gap_rendered,0.0,"UWP-Kernfeld noch nicht maschinell aus einer versionierten Primärquelle belegt; nicht schätzen, nicht mit 0 füllen."
uwpobs-5daf13fcbf242e4a,uwp100-gerresheimer,Gerresheimer,2024,Planet,Energie,renewable_electricity_share,Erneuerbarer Strom,,%,E,uwp-required-field-gap,,,required_field_gap_rendered,0.0,"UWP-Kernfeld noch nicht maschinell aus einer versionierten Primärquelle belegt; nicht schätzen, nicht mit 0 füllen."
uwpobs-8ad5d13b6f7bd9fc,uwp100-gerresheimer,Gerresheimer,2024,Planet,Klima,scope_1_2_ghg_absolute,Scope 1+2 absolut,,t CO2e,E,uwp-required-field-gap,,,required_field_gap_rendered,0.0,"UWP-Kernfeld noch nicht maschinell aus einer versionierten Primärquelle belegt; nicht schätzen, nicht mit 0 füllen."
uwpobs-fec5bab77c02a059,uwp100-gerresheimer,Gerresheimer,2024,Planet,Lieferkette/Klima,scope_3_ghg_absolute,Scope 3 absolut,,t CO2e,E,uwp-required-field-gap,,,required_field_gap_rendered,0.0,"UWP-Kernfeld noch nicht maschinell aus einer versionierten Primärquelle belegt; nicht schätzen, nicht mit 0 füllen."
uwpobs-c4c75635ea8c700f,uwp100-gerresheimer,Gerresheimer,2024,Transformation,EU-Taxonomie,taxonomy_aligned_revenue_share,Taxonomie-konformer Umsatzanteil,,%,E,uwp-required-field-gap,,,required_field_gap_rendered,0.0,"UWP-Kernfeld noch nicht maschinell aus einer versionierten Primärquelle belegt; nicht schätzen, nicht mit 0 füllen."
uwpobs-6e45d79243df6564,uwp100-hannover-re,Hannover Re,2024,Demokratie,Steuertransparenz,cbcr_tax_transparency,Country-by-Country Reporting / Steuertransparenz,,Status,E,uwp-required-field-gap,,,required_field_gap_rendered,0.0,"UWP-Kernfeld noch nicht maschinell aus einer versionierten Primärquelle belegt; nicht schätzen, nicht mit 0 füllen."
uwpobs-a592efbd6e0c9296,uwp100-hannover-re,Hannover Re,2024,Demokratie,Datenschutz,data_privacy_incidents,Datenschutzverstöße / Bußgelder,,Anzahl/Status,E,uwp-required-field-gap,,,required_field_gap_rendered,0.0,"UWP-Kernfeld noch nicht maschinell aus einer versionierten Primärquelle belegt; nicht schätzen, nicht mit 0 füllen."
uwpobs-8667f1a5bba0605a,uwp100-hannover-re,Hannover Re,2024,Demokratie,Lobbying/Einflussnahme,lobbying_transparency,Lobbying-Transparenz,,Status,E,uwp-required-field-gap,,,required_field_gap_rendered,0.0,"UWP-Kernfeld noch nicht maschinell aus einer versionierten Primärquelle belegt; nicht schätzen, nicht mit 0 füllen."
uwpobs-5aef0648998532bd,uwp100-hannover-re,Hannover Re,2024,Demokratie,Compliance/Whistleblowing,whistleblowing_cases,Whistleblowing-Fälle und Abhilfe,,Anzahl/Status,E,uwp-required-field-gap,,,required_field_gap_rendered,0.0,"UWP-Kernfeld noch nicht maschinell aus einer versionierten Primärquelle belegt; nicht schätzen, nicht mit 0 füllen."
uwpobs-fedb96e38f34de4d,uwp100-hannover-re,Hannover Re,2024,Mensch,Arbeitssicherheit,ltifr,Lost Time Injury Frequency Rate,,je Mio. Arbeitsstunden,E,uwp-required-field-gap,,,required_field_gap_rendered,0.0,"UWP-Kernfeld noch nicht maschinell aus einer versionierten Primärquelle belegt; nicht schätzen, nicht mit 0 füllen."
uwpobs-dc599b0884a112f8,uwp100-hannover-re,Hannover Re,2024,Mensch,Diversität/Teilhabe,women_management_share,Frauenanteil Management,,%,E,uwp-required-field-gap,,,required_field_gap_rendered,0.0,"UWP-Kernfeld noch nicht maschinell aus einer versionierten Primärquelle belegt; nicht schätzen, nicht mit 0 füllen."
uwpobs-3142cb05f15484cb,uwp100-hannover-re,Hannover Re,2024,Planet,Energie,renewable_electricity_share,Erneuerbarer Strom,,%,E,uwp-required-field-gap,,,required_field_gap_rendered,0.0,"UWP-Kernfeld noch nicht maschinell aus einer versionierten Primärquelle belegt; nicht schätzen, nicht mit 0 füllen."
uwpobs-118619eb205623ff,uwp100-hannover-re,Hannover Re,2025,Planet,Klima/Transformationspfad,sbti_profile_available,SBTi Zielprofil sicher matchbar,,Status,E,sbti-target-dashboard,https://files.sciencebasedtargets.org/production/files/companies-excel.xlsx,,official_xlsx_import_no_safe_match,0.0,Kein sicherer SBTi-Match für Hannover Re im offiziellen Target Dashboard. Das ist keine negative Klimabewertung.
uwpobs-10ab7901320a746f,uwp100-hannover-re,Hannover Re,2024,Planet,Klima,scope_1_2_ghg_absolute,Scope 1+2 absolut,,t CO2e,E,uwp-required-field-gap,,,required_field_gap_rendered,0.0,"UWP-Kernfeld noch nicht maschinell aus einer versionierten Primärquelle belegt; nicht schätzen, nicht mit 0 füllen."
uwpobs-e7ecb10cca090090,uwp100-hannover-re,Hannover Re,2024,Planet,Lieferkette/Klima,scope_3_ghg_absolute,Scope 3 absolut,,t CO2e,E,uwp-required-field-gap,,,required_field_gap_rendered,0.0,"UWP-Kernfeld noch nicht maschinell aus einer versionierten Primärquelle belegt; nicht schätzen, nicht mit 0 füllen."
uwpobs-f7c7c4019e6f7218,uwp100-hannover-re,Hannover Re,2024,Transformation,EU-Taxonomie,taxonomy_aligned_revenue_share,Taxonomie-konformer Umsatzanteil,,%,E,uwp-required-field-gap,,,required_field_gap_rendered,0.0,"UWP-Kernfeld noch nicht maschinell aus einer versionierten Primärquelle belegt; nicht schätzen, nicht mit 0 füllen."
uwpobs-3a22f7285ead751e,uwp100-heidelberg-materials,Heidelberg Materials,2025,Datenqualität,Quellenstand,sbti_date_updated,SBTi Datenstand,2025-01-16,Datum,A,sbti-target-dashboard,https://files.sciencebasedtargets.org/production/files/companies-excel.xlsx,Heidelberg Materials,official_xlsx_import:safe_name_match,0.86,SBTi-Zieldaten; kein Nachweis tatsächlicher Emissionsreduktion.
uwpobs-a2d9a0419bd06eea,uwp100-heidelberg-materials,Heidelberg Materials,2022,Demokratie,Korruption/Compliance,wikirate_gri_corruption_incidents,GRI 205-3 confirmed incidents of corruption,42,incidents,C,wikirate-open-esg,https://wikirate.org/~15549034,https://wikirate.org/~15548942,wikirate_bulk_csv_export,0.62,WikiRate Community-/Sekundärdaten; Antwortseite und Primärquelle prüfen.
uwpobs-0f4cc645dbcb5579,uwp100-heidelberg-materials,Heidelberg Materials,2023,Mensch,Qualifizierung,wikirate_gri_training_hours,GRI 404-1 average hours of training,29,hours,C,wikirate-open-esg,https://wikirate.org/~18818673,https://wikirate.org/~18818603,wikirate_bulk_csv_export,0.62,WikiRate Community-/Sekundärdaten; Antwortseite und Primärquelle prüfen.
uwpobs-96dca8b728d2994b,uwp100-heidelberg-materials,Heidelberg Materials,2022,Mensch,Qualifizierung,wikirate_gri_training_hours,GRI 404-1 average hours of training,28,hours,C,wikirate-open-esg,https://wikirate.org/~15549014,https://wikirate.org/~15548942,wikirate_bulk_csv_export,0.62,WikiRate Community-/Sekundärdaten; Antwortseite und Primärquelle prüfen.
uwpobs-85ee1e174386bb3b,uwp100-heidelberg-materials,Heidelberg Materials,2023,Mensch,Arbeitssicherheit,wikirate_gri_worker_fatalities,GRI 403-9 worker fatalities,1,count,C,wikirate-open-esg,https://wikirate.org/~18818915,https://wikirate.org/~18818603,wikirate_bulk_csv_export,0.62,WikiRate Community-/Sekundärdaten; Antwortseite und Primärquelle prüfen.
uwpobs-e3de3a81c5bb468b,uwp100-heidelberg-materials,Heidelberg Materials,2022,Mensch,Arbeitssicherheit,wikirate_gri_worker_fatalities,GRI 403-9 worker fatalities,1,count,C,wikirate-open-esg,https://wikirate.org/~15549029,https://wikirate.org/~15548942,wikirate_bulk_csv_export,0.62,WikiRate Community-/Sekundärdaten; Antwortseite und Primärquelle prüfen.
uwpobs-5f8536d7701ed2ac,uwp100-heidelberg-materials,Heidelberg Materials,2025,Planet,Klima/Transformationspfad,sbti_ba15_date,SBTi Business Ambition 1.5C Datum,2021-07-01,Datum,B,sbti-target-dashboard,https://files.sciencebasedtargets.org/production/files/companies-excel.xlsx,Heidelberg Materials,official_xlsx_import:safe_name_match,0.86,SBTi-Zieldaten; kein Nachweis tatsächlicher Emissionsreduktion.
uwpobs-9ce956b18ac67fc9,uwp100-heidelberg-materials,Heidelberg Materials,2025,Planet,Klima/Transformationspfad,sbti_ba15_status,SBTi Business Ambition 1.5C Status,BA1.5 member,Status,B,sbti-target-dashboard,https://files.sciencebasedtargets.org/production/files/companies-excel.xlsx,Heidelberg Materials,official_xlsx_import:safe_name_match,0.86,SBTi-Zieldaten; kein Nachweis tatsächlicher Emissionsreduktion.
uwpobs-74a988526686e15f,uwp100-heidelberg-materials,Heidelberg Materials,2025,Planet,Klima/Transformationspfad,sbti_full_target_language,SBTi Zieltext,"Overall Net-Zero Target: Heidelberg Materials AG commits to reach net-zero greenhouse gas
emissions across the value chain by 2050.
Near-Term Targets: Heidelberg Materials commits to reduce gross scope 1 and 2 GHG
emissions 26.7% per ton of cementitious material by 2030 from a 2020 base year.* Heidelberg
Materials also commits to reduce absolute scope 3 GHG emissions from purchased goods and
services 25% within the same timeframe.
*The target boundary includes land-related emissions and removals from bioenergy feedstocks.
Long-Term Targets: Heidelberg Materials commits to reduce gross scope 1 and 2 GHG
emissions 95% per ton of cementitious material by 2050 from a 2020 base year.* Heidelberg
Materials also commits to reduce absolute scope 3 GHG emissions 90% within the same
timeframe.*
*The target boundary includes land-related emissions and removals from bioenergy feedstocks.",Text,B,sbti-target-dashboard,https://files.sciencebasedtargets.org/production/files/companies-excel.xlsx,Heidelberg Materials,official_xlsx_import:safe_name_match,0.86,SBTi-Zieldaten; kein Nachweis tatsächlicher Emissionsreduktion.
uwpobs-d4bf67ce46f3d1fc,uwp100-heidelberg-materials,Heidelberg Materials,2025,Planet,Klima/Transformationspfad,sbti_near_term_status,SBTi Near-Term Zielstatus,Targets set,Status,A,sbti-target-dashboard,https://files.sciencebasedtargets.org/production/files/companies-excel.xlsx,Heidelberg Materials,official_xlsx_import:safe_name_match,0.86,SBTi-Zieldaten; kein Nachweis tatsächlicher Emissionsreduktion.
uwpobs-58bf40f325a075e0,uwp100-heidelberg-materials,Heidelberg Materials,2025,Planet,Klima/Transformationspfad,sbti_near_term_target_classification,SBTi Near-Term Zielklassifikation,1.5°C,Klassifikation,A,sbti-target-dashboard,https://files.sciencebasedtargets.org/production/files/companies-excel.xlsx,Heidelberg Materials,official_xlsx_import:safe_name_match,0.86,SBTi-Zieldaten; kein Nachweis tatsächlicher Emissionsreduktion.
uwpobs-46c4cf14afcee91d,uwp100-heidelberg-materials,Heidelberg Materials,2025,Planet,Klima/Transformationspfad,sbti_near_term_target_year,SBTi Near-Term Zieljahr,2030,Jahr,A,sbti-target-dashboard,https://files.sciencebasedtargets.org/production/files/companies-excel.xlsx,Heidelberg Materials,official_xlsx_import:safe_name_match,0.86,SBTi-Zieldaten; kein Nachweis tatsächlicher Emissionsreduktion.
uwpobs-961f3e31b411fe68,uwp100-heidelberg-materials,Heidelberg Materials,2025,Planet,Klima/Transformationspfad,sbti_target_classification_long,SBTi Zielklassifikation Langtext,The targets covering greenhouse gas emissions from company operations (scopes 1 and 2) are consistent with reductions required to keep warming to 1.5°C,Text,B,sbti-target-dashboard,https://files.sciencebasedtargets.org/production/files/companies-excel.xlsx,Heidelberg Materials,official_xlsx_import:safe_name_match,0.86,SBTi-Zieldaten; kein Nachweis tatsächlicher Emissionsreduktion.
uwpobs-cab1f87759df9fff,uwp100-heidelberg-materials,Heidelberg Materials,2023,Planet,Energie,wikirate_gri_energy_consumption,GRI 302-1 Total energy consumption,329775000,Gigajoules,C,wikirate-open-esg,https://wikirate.org/~18818886,https://wikirate.org/~18818603,wikirate_bulk_csv_export,0.62,WikiRate Community-/Sekundärdaten; Antwortseite und Primärquelle prüfen.
uwpobs-162b0c36128f0f3e,uwp100-heidelberg-materials,Heidelberg Materials,2018,Planet,Energie,wikirate_gri_energy_consumption,GRI 302-1 Total energy consumption,382257507.6,Gigajoules,C,wikirate-open-esg,https://wikirate.org/~5393234,https://wikirate.org/~5393180,wikirate_bulk_csv_export,0.62,WikiRate Community-/Sekundärdaten; Antwortseite und Primärquelle prüfen.
uwpobs-a33da89048f7ae3a,uwp100-heidelberg-materials,Heidelberg Materials,2023,Planet,Klima/Emissionen,wikirate_gri_scope1_ghg,GRI 305-1 Scope 1 GHG emissions,63300000,tonnes CO2 equivalent,C,wikirate-open-esg,https://wikirate.org/~18818862,https://wikirate.org/~18818603,wikirate_bulk_csv_export,0.62,WikiRate Community-/Sekundärdaten; Antwortseite und Primärquelle prüfen.
uwpobs-f0277db78f58572d,uwp100-heidelberg-materials,Heidelberg Materials,2022,Planet,Klima/Emissionen,wikirate_gri_scope1_ghg,GRI 305-1 Scope 1 GHG emissions,65400000,tonnes CO2 equivalent,C,wikirate-open-esg,https://wikirate.org/~15549061,https://wikirate.org/~15548942,wikirate_bulk_csv_export,0.62,WikiRate Community-/Sekundärdaten; Antwortseite und Primärquelle prüfen.
uwpobs-1223da0b9da47916,uwp100-heidelberg-materials,Heidelberg Materials,2019,Planet,Klima/Emissionen,wikirate_gri_scope1_ghg,GRI 305-1 Scope 1 GHG emissions,72600000,tonnes CO2 equivalent,C,wikirate-open-esg,https://wikirate.org/~6824861,https://wikirate.org/~6824845,wikirate_bulk_csv_export,0.62,WikiRate Community-/Sekundärdaten; Antwortseite und Primärquelle prüfen.
uwpobs-fb2d9d32b0c4e6cb,uwp100-heidelberg-materials,Heidelberg Materials,2022,Planet,Klima/Emissionen,wikirate_gri_scope2_ghg,GRI 305-2 Scope 2 GHG emissions,4500000,tonnes CO2 equivalent,C,wikirate-open-esg,https://wikirate.org/~15549069,https://wikirate.org/~15548942,wikirate_bulk_csv_export,0.62,WikiRate Community-/Sekundärdaten; Antwortseite und Primärquelle prüfen.
uwpobs-25f483f18fb9dcc3,uwp100-heidelberg-materials,Heidelberg Materials,2019,Planet,Klima/Emissionen,wikirate_gri_scope2_ghg,GRI 305-2 Scope 2 GHG emissions,4700000,tonnes CO2 equivalent,C,wikirate-open-esg,https://wikirate.org/~6824914,https://wikirate.org/~6824845,wikirate_bulk_csv_export,0.62,WikiRate Community-/Sekundärdaten; Antwortseite und Primärquelle prüfen.
uwpobs-5cd07ad3c2eef3d7,uwp100-heidelberg-materials,Heidelberg Materials,2023,Planet,Lieferkette/Klima,wikirate_gri_scope3_ghg,GRI 305-3 Scope 3 GHG emissions,22800000,tonnes CO2 equivalent,C,wikirate-open-esg,https://wikirate.org/~18818866,https://wikirate.org/~18818603,wikirate_bulk_csv_export,0.62,WikiRate Community-/Sekundärdaten; Antwortseite und Primärquelle prüfen.
uwpobs-eace0af3962f7b67,uwp100-heidelberg-materials,Heidelberg Materials,2022,Planet,Lieferkette/Klima,wikirate_gri_scope3_ghg,GRI 305-3 Scope 3 GHG emissions,22000000,tonnes CO2 equivalent,C,wikirate-open-esg,https://wikirate.org/~15549097,https://wikirate.org/~15548942,wikirate_bulk_csv_export,0.62,WikiRate Community-/Sekundärdaten; Antwortseite und Primärquelle prüfen.
uwpobs-643759c884334dff,uwp100-heidelberg-materials,Heidelberg Materials,2023,Planet,Abfall/Ressourcen,wikirate_gri_total_waste,GRI 306-2 Total waste generated,476500,tonnes,C,wikirate-open-esg,https://wikirate.org/~18818818,https://wikirate.org/~18818603,wikirate_bulk_csv_export,0.62,WikiRate Community-/Sekundärdaten; Antwortseite und Primärquelle prüfen.
uwpobs-1fbab2b6f67c6e37,uwp100-heidelberg-materials,Heidelberg Materials,2022,Planet,Abfall/Ressourcen,wikirate_gri_total_waste,GRI 306-2 Total waste generated,953100,tonnes,C,wikirate-open-esg,https://wikirate.org/~18037742,https://wikirate.org/~15548942,wikirate_bulk_csv_export,0.62,WikiRate Community-/Sekundärdaten; Antwortseite und Primärquelle prüfen.
uwpobs-5904310300f2902e,uwp100-heidelberg-materials,Heidelberg Materials,2025,Transformation,Net-Zero/Transformation,sbti_long_term_status,SBTi Long-Term Zielstatus,Targets set,Status,A,sbti-target-dashboard,https://files.sciencebasedtargets.org/production/files/companies-excel.xlsx,Heidelberg Materials,official_xlsx_import:safe_name_match,0.86,SBTi-Zieldaten; kein Nachweis tatsächlicher Emissionsreduktion.
uwpobs-a4e9a7bb3935d558,uwp100-heidelberg-materials,Heidelberg Materials,2025,Transformation,Net-Zero/Transformation,sbti_long_term_target_classification,SBTi Long-Term Zielklassifikation,1.5°C,Klassifikation,A,sbti-target-dashboard,https://files.sciencebasedtargets.org/production/files/companies-excel.xlsx,Heidelberg Materials,official_xlsx_import:safe_name_match,0.86,SBTi-Zieldaten; kein Nachweis tatsächlicher Emissionsreduktion.
uwpobs-a089ec92d0de2dbd,uwp100-heidelberg-materials,Heidelberg Materials,2025,Transformation,Net-Zero/Transformation,sbti_long_term_target_year,SBTi Long-Term Zieljahr,2050,Jahr,A,sbti-target-dashboard,https://files.sciencebasedtargets.org/production/files/companies-excel.xlsx,Heidelberg Materials,official_xlsx_import:safe_name_match,0.86,SBTi-Zieldaten; kein Nachweis tatsächlicher Emissionsreduktion.
uwpobs-7bec196ced2509d1,uwp100-heidelberg-materials,Heidelberg Materials,2025,Transformation,Net-Zero/Transformation,sbti_net_zero_status,SBTi Net-Zero Status,Targets set,Status,A,sbti-target-dashboard,https://files.sciencebasedtargets.org/production/files/companies-excel.xlsx,Heidelberg Materials,official_xlsx_import:safe_name_match,0.86,SBTi-Zieldaten; kein Nachweis tatsächlicher Emissionsreduktion.
uwpobs-7b4add963b5b8289,uwp100-heidelberg-materials,Heidelberg Materials,2025,Transformation,Net-Zero/Transformation,sbti_net_zero_year,SBTi Net-Zero Zieljahr,2050,Jahr,A,sbti-target-dashboard,https://files.sciencebasedtargets.org/production/files/companies-excel.xlsx,Heidelberg Materials,official_xlsx_import:safe_name_match,0.86,SBTi-Zieldaten; kein Nachweis tatsächlicher Emissionsreduktion.
uwpobs-2b32efbf84a8f97d,uwp100-heidelberg-materials,Heidelberg Materials,2024,Demokratie,Steuertransparenz,cbcr_tax_transparency,Country-by-Country Reporting / Steuertransparenz,,Status,E,uwp-required-field-gap,,,required_field_gap_rendered,0.0,"UWP-Kernfeld noch nicht maschinell aus einer versionierten Primärquelle belegt; nicht schätzen, nicht mit 0 füllen."
uwpobs-7ea920ad039da168,uwp100-heidelberg-materials,Heidelberg Materials,2024,Demokratie,Datenschutz,data_privacy_incidents,Datenschutzverstöße / Bußgelder,,Anzahl/Status,E,uwp-required-field-gap,,,required_field_gap_rendered,0.0,"UWP-Kernfeld noch nicht maschinell aus einer versionierten Primärquelle belegt; nicht schätzen, nicht mit 0 füllen."
uwpobs-6cb198e9185ee644,uwp100-heidelberg-materials,Heidelberg Materials,2024,Demokratie,Lobbying/Einflussnahme,lobbying_transparency,Lobbying-Transparenz,,Status,E,uwp-required-field-gap,,,required_field_gap_rendered,0.0,"UWP-Kernfeld noch nicht maschinell aus einer versionierten Primärquelle belegt; nicht schätzen, nicht mit 0 füllen."
uwpobs-86397e002b5c2193,uwp100-heidelberg-materials,Heidelberg Materials,2024,Demokratie,Compliance/Whistleblowing,whistleblowing_cases,Whistleblowing-Fälle und Abhilfe,,Anzahl/Status,E,uwp-required-field-gap,,,required_field_gap_rendered,0.0,"UWP-Kernfeld noch nicht maschinell aus einer versionierten Primärquelle belegt; nicht schätzen, nicht mit 0 füllen."
uwpobs-572c2a79c45dfa7f,uwp100-heidelberg-materials,Heidelberg Materials,2024,Mensch,Arbeitssicherheit,ltifr,Lost Time Injury Frequency Rate,,je Mio. Arbeitsstunden,E,uwp-required-field-gap,,,required_field_gap_rendered,0.0,"UWP-Kernfeld noch nicht maschinell aus einer versionierten Primärquelle belegt; nicht schätzen, nicht mit 0 füllen."
uwpobs-b91c3b0a4274b979,uwp100-heidelberg-materials,Heidelberg Materials,2024,Mensch,Diversität/Teilhabe,women_management_share,Frauenanteil Management,,%,E,uwp-required-field-gap,,,required_field_gap_rendered,0.0,"UWP-Kernfeld noch nicht maschinell aus einer versionierten Primärquelle belegt; nicht schätzen, nicht mit 0 füllen."
uwpobs-e0d1652be4403330,uwp100-heidelberg-materials,Heidelberg Materials,2024,Planet,Energie,renewable_electricity_share,Erneuerbarer Strom,,%,E,uwp-required-field-gap,,,required_field_gap_rendered,0.0,"UWP-Kernfeld noch nicht maschinell aus einer versionierten Primärquelle belegt; nicht schätzen, nicht mit 0 füllen."
uwpobs-772b0645c48b607e,uwp100-heidelberg-materials,Heidelberg Materials,2024,Planet,Klima,scope_1_2_ghg_absolute,Scope 1+2 absolut,,t CO2e,E,uwp-required-field-gap,,,required_field_gap_rendered,0.0,"UWP-Kernfeld noch nicht maschinell aus einer versionierten Primärquelle belegt; nicht schätzen, nicht mit 0 füllen."
uwpobs-eaa59cf485f200ca,uwp100-heidelberg-materials,Heidelberg Materials,2024,Transformation,EU-Taxonomie,taxonomy_aligned_revenue_share,Taxonomie-konformer Umsatzanteil,,%,E,uwp-required-field-gap,,,required_field_gap_rendered,0.0,"UWP-Kernfeld noch nicht maschinell aus einer versionierten Primärquelle belegt; nicht schätzen, nicht mit 0 füllen."
uwpobs-35c0450628e5b9ba,uwp100-hella,Hella,2024,Demokratie,Steuertransparenz,cbcr_tax_transparency,Country-by-Country Reporting / Steuertransparenz,,Status,E,uwp-required-field-gap,,,required_field_gap_rendered,0.0,"UWP-Kernfeld noch nicht maschinell aus einer versionierten Primärquelle belegt; nicht schätzen, nicht mit 0 füllen."
uwpobs-591fe68425f98cc8,uwp100-hella,Hella,2024,Demokratie,Datenschutz,data_privacy_incidents,Datenschutzverstöße / Bußgelder,,Anzahl/Status,E,uwp-required-field-gap,,,required_field_gap_rendered,0.0,"UWP-Kernfeld noch nicht maschinell aus einer versionierten Primärquelle belegt; nicht schätzen, nicht mit 0 füllen."
uwpobs-f6f0c448efce6e57,uwp100-hella,Hella,2024,Demokratie,Lobbying/Einflussnahme,lobbying_transparency,Lobbying-Transparenz,,Status,E,uwp-required-field-gap,,,required_field_gap_rendered,0.0,"UWP-Kernfeld noch nicht maschinell aus einer versionierten Primärquelle belegt; nicht schätzen, nicht mit 0 füllen."
uwpobs-ae81f7b982d7225b,uwp100-hella,Hella,2024,Demokratie,Compliance/Whistleblowing,whistleblowing_cases,Whistleblowing-Fälle und Abhilfe,,Anzahl/Status,E,uwp-required-field-gap,,,required_field_gap_rendered,0.0,"UWP-Kernfeld noch nicht maschinell aus einer versionierten Primärquelle belegt; nicht schätzen, nicht mit 0 füllen."
uwpobs-17c4043880fa332e,uwp100-hella,Hella,2024,Mensch,Arbeitssicherheit,ltifr,Lost Time Injury Frequency Rate,,je Mio. Arbeitsstunden,E,uwp-required-field-gap,,,required_field_gap_rendered,0.0,"UWP-Kernfeld noch nicht maschinell aus einer versionierten Primärquelle belegt; nicht schätzen, nicht mit 0 füllen."
uwpobs-79dbef8e8723cc95,uwp100-hella,Hella,2024,Mensch,Diversität/Teilhabe,women_management_share,Frauenanteil Management,,%,E,uwp-required-field-gap,,,required_field_gap_rendered,0.0,"UWP-Kernfeld noch nicht maschinell aus einer versionierten Primärquelle belegt; nicht schätzen, nicht mit 0 füllen."
uwpobs-9881b833cfa54a15,uwp100-hella,Hella,2024,Planet,Energie,renewable_electricity_share,Erneuerbarer Strom,,%,E,uwp-required-field-gap,,,required_field_gap_rendered,0.0,"UWP-Kernfeld noch nicht maschinell aus einer versionierten Primärquelle belegt; nicht schätzen, nicht mit 0 füllen."
uwpobs-c66791bf3eae729d,uwp100-hella,Hella,2025,Planet,Klima/Transformationspfad,sbti_profile_available,SBTi Zielprofil sicher matchbar,,Status,E,sbti-target-dashboard,https://files.sciencebasedtargets.org/production/files/companies-excel.xlsx,,official_xlsx_import_no_safe_match,0.0,Kein sicherer SBTi-Match für Hella im offiziellen Target Dashboard. Das ist keine negative Klimabewertung.
uwpobs-13f29c03a16d6b8e,uwp100-hella,Hella,2024,Planet,Klima,scope_1_2_ghg_absolute,Scope 1+2 absolut,,t CO2e,E,uwp-required-field-gap,,,required_field_gap_rendered,0.0,"UWP-Kernfeld noch nicht maschinell aus einer versionierten Primärquelle belegt; nicht schätzen, nicht mit 0 füllen."
uwpobs-fde1a8711b183c13,uwp100-hella,Hella,2024,Planet,Lieferkette/Klima,scope_3_ghg_absolute,Scope 3 absolut,,t CO2e,E,uwp-required-field-gap,,,required_field_gap_rendered,0.0,"UWP-Kernfeld noch nicht maschinell aus einer versionierten Primärquelle belegt; nicht schätzen, nicht mit 0 füllen."
uwpobs-6684e108b26dbcf8,uwp100-hella,Hella,2024,Transformation,EU-Taxonomie,taxonomy_aligned_revenue_share,Taxonomie-konformer Umsatzanteil,,%,E,uwp-required-field-gap,,,required_field_gap_rendered,0.0,"UWP-Kernfeld noch nicht maschinell aus einer versionierten Primärquelle belegt; nicht schätzen, nicht mit 0 füllen."
uwpobs-bb5a01290f346a28,uwp100-hellofresh,HelloFresh,2023,Datenqualität,Quellenstand,sbti_date_updated,SBTi Datenstand,2023-01-05,Datum,A,sbti-target-dashboard,https://files.sciencebasedtargets.org/production/files/companies-excel.xlsx,HelloFresh SE,official_xlsx_import:safe_name_match,0.86,SBTi-Zieldaten; kein Nachweis tatsächlicher Emissionsreduktion.
uwpobs-4df4e2ed94262de8,uwp100-hellofresh,HelloFresh,2023,Planet,Klima/Transformationspfad,sbti_near_term_status,SBTi Near-Term Zielstatus,Commitment removed,Status,A,sbti-target-dashboard,https://files.sciencebasedtargets.org/production/files/companies-excel.xlsx,HelloFresh SE,official_xlsx_import:safe_name_match,0.86,SBTi-Zieldaten; kein Nachweis tatsächlicher Emissionsreduktion.
uwpobs-f85700b4a28dcd14,uwp100-hellofresh,HelloFresh,2024,Demokratie,Steuertransparenz,cbcr_tax_transparency,Country-by-Country Reporting / Steuertransparenz,,Status,E,uwp-required-field-gap,,,required_field_gap_rendered,0.0,"UWP-Kernfeld noch nicht maschinell aus einer versionierten Primärquelle belegt; nicht schätzen, nicht mit 0 füllen."
uwpobs-d7644772a3a39771,uwp100-hellofresh,HelloFresh,2024,Demokratie,Datenschutz,data_privacy_incidents,Datenschutzverstöße / Bußgelder,,Anzahl/Status,E,uwp-required-field-gap,,,required_field_gap_rendered,0.0,"UWP-Kernfeld noch nicht maschinell aus einer versionierten Primärquelle belegt; nicht schätzen, nicht mit 0 füllen."
uwpobs-d1fb49a618862fd8,uwp100-hellofresh,HelloFresh,2024,Demokratie,Lobbying/Einflussnahme,lobbying_transparency,Lobbying-Transparenz,,Status,E,uwp-required-field-gap,,,required_field_gap_rendered,0.0,"UWP-Kernfeld noch nicht maschinell aus einer versionierten Primärquelle belegt; nicht schätzen, nicht mit 0 füllen."
uwpobs-69cbcaa2b818d793,uwp100-hellofresh,HelloFresh,2024,Demokratie,Compliance/Whistleblowing,whistleblowing_cases,Whistleblowing-Fälle und Abhilfe,,Anzahl/Status,E,uwp-required-field-gap,,,required_field_gap_rendered,0.0,"UWP-Kernfeld noch nicht maschinell aus einer versionierten Primärquelle belegt; nicht schätzen, nicht mit 0 füllen."
uwpobs-e703e9d5fd067f63,uwp100-hellofresh,HelloFresh,2024,Mensch,Arbeitssicherheit,ltifr,Lost Time Injury Frequency Rate,,je Mio. Arbeitsstunden,E,uwp-required-field-gap,,,required_field_gap_rendered,0.0,"UWP-Kernfeld noch nicht maschinell aus einer versionierten Primärquelle belegt; nicht schätzen, nicht mit 0 füllen."
uwpobs-3a92b9b15b8d60bd,uwp100-hellofresh,HelloFresh,2024,Mensch,Diversität/Teilhabe,women_management_share,Frauenanteil Management,,%,E,uwp-required-field-gap,,,required_field_gap_rendered,0.0,"UWP-Kernfeld noch nicht maschinell aus einer versionierten Primärquelle belegt; nicht schätzen, nicht mit 0 füllen."
uwpobs-308443360a2fe625,uwp100-hellofresh,HelloFresh,2024,Planet,Energie,renewable_electricity_share,Erneuerbarer Strom,,%,E,uwp-required-field-gap,,,required_field_gap_rendered,0.0,"UWP-Kernfeld noch nicht maschinell aus einer versionierten Primärquelle belegt; nicht schätzen, nicht mit 0 füllen."
uwpobs-21d42383d825e07c,uwp100-hellofresh,HelloFresh,2024,Planet,Klima,scope_1_2_ghg_absolute,Scope 1+2 absolut,,t CO2e,E,uwp-required-field-gap,,,required_field_gap_rendered,0.0,"UWP-Kernfeld noch nicht maschinell aus einer versionierten Primärquelle belegt; nicht schätzen, nicht mit 0 füllen."
uwpobs-04e18273b1e8ba1f,uwp100-hellofresh,HelloFresh,2024,Planet,Lieferkette/Klima,scope_3_ghg_absolute,Scope 3 absolut,,t CO2e,E,uwp-required-field-gap,,,required_field_gap_rendered,0.0,"UWP-Kernfeld noch nicht maschinell aus einer versionierten Primärquelle belegt; nicht schätzen, nicht mit 0 füllen."
uwpobs-709084c89e5144b5,uwp100-hellofresh,HelloFresh,2024,Transformation,EU-Taxonomie,taxonomy_aligned_revenue_share,Taxonomie-konformer Umsatzanteil,,%,E,uwp-required-field-gap,,,required_field_gap_rendered,0.0,"UWP-Kernfeld noch nicht maschinell aus einer versionierten Primärquelle belegt; nicht schätzen, nicht mit 0 füllen."
uwpobs-e2798f33e6d84775,uwp100-henkel,Henkel,2024,Datenqualität,Quellenstand,sbti_date_updated,SBTi Datenstand,2024-10-31,Datum,A,sbti-target-dashboard,https://files.sciencebasedtargets.org/production/files/companies-excel.xlsx,Henkel AG & Co. KGaA,official_xlsx_import:safe_name_match,0.86,SBTi-Zieldaten; kein Nachweis tatsächlicher Emissionsreduktion.
uwpobs-d733dda5612becdf,uwp100-henkel,Henkel,2015,Mensch,Diversität/Belegschaft,wikirate_gri_female_employees_share,GRI G4-LA12 female employees share,33.6,%,C,wikirate-open-esg,https://wikirate.org/~2765710,https://wikirate.org/~2659881,wikirate_bulk_csv_export,0.62,WikiRate Community-/Sekundärdaten; Antwortseite und Primärquelle prüfen.
uwpobs-368967f4209780f4,uwp100-henkel,Henkel,2014,Mensch,Diversität/Belegschaft,wikirate_gri_female_employees_share,GRI G4-LA12 female employees share,33.2,%,C,wikirate-open-esg,https://wikirate.org/~2765706,https://wikirate.org/~2659874,wikirate_bulk_csv_export,0.62,WikiRate Community-/Sekundärdaten; Antwortseite und Primärquelle prüfen.
uwpobs-cda42206f08b70c2,uwp100-henkel,Henkel,2013,Mensch,Diversität/Belegschaft,wikirate_gri_female_employees_share,GRI G4-LA12 female employees share,32.9,%,C,wikirate-open-esg,https://wikirate.org/~2765702,https://wikirate.org/~2659874,wikirate_bulk_csv_export,0.62,WikiRate Community-/Sekundärdaten; Antwortseite und Primärquelle prüfen.
uwpobs-40ab194bf6e9adf3,uwp100-henkel,Henkel,2012,Mensch,Diversität/Belegschaft,wikirate_gri_female_employees_share,GRI G4-LA12 female employees share,32.6,%,C,wikirate-open-esg,https://wikirate.org/~2765698,https://wikirate.org/~2659874,wikirate_bulk_csv_export,0.62,WikiRate Community-/Sekundärdaten; Antwortseite und Primärquelle prüfen.
uwpobs-b25382eac905ccbe,uwp100-henkel,Henkel,2011,Mensch,Diversität/Belegschaft,wikirate_gri_female_employees_share,GRI G4-LA12 female employees share,32.5,%,C,wikirate-open-esg,https://wikirate.org/~2765694,https://wikirate.org/~2659874,wikirate_bulk_csv_export,0.62,WikiRate Community-/Sekundärdaten; Antwortseite und Primärquelle prüfen.
uwpobs-7bb29c993c648f23,uwp100-henkel,Henkel,2010,Mensch,Diversität/Belegschaft,wikirate_gri_female_employees_share,GRI G4-LA12 female employees share,32.1,%,C,wikirate-open-esg,https://wikirate.org/~2765689,https://wikirate.org/~2659874,wikirate_bulk_csv_export,0.62,WikiRate Community-/Sekundärdaten; Antwortseite und Primärquelle prüfen.
uwpobs-88f5a9bc92cd781e,uwp100-henkel,Henkel,2024,Planet,Klima/Transformationspfad,sbti_ba15_date,SBTi Business Ambition 1.5C Datum,2019-11-01,Datum,B,sbti-target-dashboard,https://files.sciencebasedtargets.org/production/files/companies-excel.xlsx,Henkel AG & Co. KGaA,official_xlsx_import:safe_name_match,0.86,SBTi-Zieldaten; kein Nachweis tatsächlicher Emissionsreduktion.
uwpobs-37d6b7190977f932,uwp100-henkel,Henkel,2024,Planet,Klima/Transformationspfad,sbti_ba15_status,SBTi Business Ambition 1.5C Status,BA1.5 member,Status,B,sbti-target-dashboard,https://files.sciencebasedtargets.org/production/files/companies-excel.xlsx,Henkel AG & Co. KGaA,official_xlsx_import:safe_name_match,0.86,SBTi-Zieldaten; kein Nachweis tatsächlicher Emissionsreduktion.
uwpobs-4f794292d6ab6ed0,uwp100-henkel,Henkel,2024,Planet,Klima/Transformationspfad,sbti_full_target_language,SBTi Zieltext,"Overall Net-Zero Target: Henkel AG & Co. KGaA commits to reach net-zero greenhouse gas emissions across the value chain by 2045. Near-Term Targets: Henkel commits to reduce absolute scope 1 and 2 GHG emissions 42% by 2030 from a 2021 base year.* Henkel also commits to reduce absolute scope 3 GHG emissions 30% within the same timeframe.
*The target boundary includes biogenic land-related emissions and removals from bioenergy feedstocks. Long-Term Targets: Henkel commits to reduce absolute scope 1, 2 and 3 GHG emissions 90% by 2045 from 2021 base year.*
*The target boundary includes biogenic land-related emissions and removals from bioenergy feedstocks.",Text,B,sbti-target-dashboard,https://files.sciencebasedtargets.org/production/files/companies-excel.xlsx,Henkel AG & Co. KGaA,official_xlsx_import:safe_name_match,0.86,SBTi-Zieldaten; kein Nachweis tatsächlicher Emissionsreduktion.
uwpobs-96d59580d00faa01,uwp100-henkel,Henkel,2024,Planet,Klima/Transformationspfad,sbti_near_term_status,SBTi Near-Term Zielstatus,Targets set,Status,A,sbti-target-dashboard,https://files.sciencebasedtargets.org/production/files/companies-excel.xlsx,Henkel AG & Co. KGaA,official_xlsx_import:safe_name_match,0.86,SBTi-Zieldaten; kein Nachweis tatsächlicher Emissionsreduktion.
uwpobs-65ed7e432e3b57f7,uwp100-henkel,Henkel,2024,Planet,Klima/Transformationspfad,sbti_near_term_target_classification,SBTi Near-Term Zielklassifikation,1.5°C,Klassifikation,A,sbti-target-dashboard,https://files.sciencebasedtargets.org/production/files/companies-excel.xlsx,Henkel AG & Co. KGaA,official_xlsx_import:safe_name_match,0.86,SBTi-Zieldaten; kein Nachweis tatsächlicher Emissionsreduktion.
uwpobs-2f7caba7ce0f9e93,uwp100-henkel,Henkel,2024,Planet,Klima/Transformationspfad,sbti_near_term_target_year,SBTi Near-Term Zieljahr,2030,Jahr,A,sbti-target-dashboard,https://files.sciencebasedtargets.org/production/files/companies-excel.xlsx,Henkel AG & Co. KGaA,official_xlsx_import:safe_name_match,0.86,SBTi-Zieldaten; kein Nachweis tatsächlicher Emissionsreduktion.
uwpobs-52632590a60db45e,uwp100-henkel,Henkel,2024,Planet,Klima/Transformationspfad,sbti_target_classification_long,SBTi Zielklassifikation Langtext,The targets covering greenhouse gas emissions from company operations (scopes 1 and 2) are consistent with reductions required to keep warming to 1.5°C,Text,B,sbti-target-dashboard,https://files.sciencebasedtargets.org/production/files/companies-excel.xlsx,Henkel AG & Co. KGaA,official_xlsx_import:safe_name_match,0.86,SBTi-Zieldaten; kein Nachweis tatsächlicher Emissionsreduktion.
uwpobs-c004fc3225e76a56,uwp100-henkel,Henkel,2024,Transformation,Net-Zero/Transformation,sbti_long_term_status,SBTi Long-Term Zielstatus,Targets set,Status,A,sbti-target-dashboard,https://files.sciencebasedtargets.org/production/files/companies-excel.xlsx,Henkel AG & Co. KGaA,official_xlsx_import:safe_name_match,0.86,SBTi-Zieldaten; kein Nachweis tatsächlicher Emissionsreduktion.
uwpobs-5baea07dcbb7162a,uwp100-henkel,Henkel,2024,Transformation,Net-Zero/Transformation,sbti_long_term_target_classification,SBTi Long-Term Zielklassifikation,1.5°C,Klassifikation,A,sbti-target-dashboard,https://files.sciencebasedtargets.org/production/files/companies-excel.xlsx,Henkel AG & Co. KGaA,official_xlsx_import:safe_name_match,0.86,SBTi-Zieldaten; kein Nachweis tatsächlicher Emissionsreduktion.
uwpobs-7be939c99be3e59a,uwp100-henkel,Henkel,2024,Transformation,Net-Zero/Transformation,sbti_long_term_target_year,SBTi Long-Term Zieljahr,2045,Jahr,A,sbti-target-dashboard,https://files.sciencebasedtargets.org/production/files/companies-excel.xlsx,Henkel AG & Co. KGaA,official_xlsx_import:safe_name_match,0.86,SBTi-Zieldaten; kein Nachweis tatsächlicher Emissionsreduktion.
uwpobs-6d977d0524d8d351,uwp100-henkel,Henkel,2024,Transformation,Net-Zero/Transformation,sbti_net_zero_status,SBTi Net-Zero Status,Targets set,Status,A,sbti-target-dashboard,https://files.sciencebasedtargets.org/production/files/companies-excel.xlsx,Henkel AG & Co. KGaA,official_xlsx_import:safe_name_match,0.86,SBTi-Zieldaten; kein Nachweis tatsächlicher Emissionsreduktion.
uwpobs-4b0c5857abf89e87,uwp100-henkel,Henkel,2024,Transformation,Net-Zero/Transformation,sbti_net_zero_year,SBTi Net-Zero Zieljahr,2045,Jahr,A,sbti-target-dashboard,https://files.sciencebasedtargets.org/production/files/companies-excel.xlsx,Henkel AG & Co. KGaA,official_xlsx_import:safe_name_match,0.86,SBTi-Zieldaten; kein Nachweis tatsächlicher Emissionsreduktion.
uwpobs-7f98279711766df2,uwp100-henkel,Henkel,2024,Demokratie,Steuertransparenz,cbcr_tax_transparency,Country-by-Country Reporting / Steuertransparenz,,Status,E,uwp-required-field-gap,,,required_field_gap_rendered,0.0,"UWP-Kernfeld noch nicht maschinell aus einer versionierten Primärquelle belegt; nicht schätzen, nicht mit 0 füllen."
uwpobs-a0f638a2c62e3e87,uwp100-henkel,Henkel,2024,Demokratie,Datenschutz,data_privacy_incidents,Datenschutzverstöße / Bußgelder,,Anzahl/Status,E,uwp-required-field-gap,,,required_field_gap_rendered,0.0,"UWP-Kernfeld noch nicht maschinell aus einer versionierten Primärquelle belegt; nicht schätzen, nicht mit 0 füllen."
uwpobs-16d8901f168e703e,uwp100-henkel,Henkel,2024,Demokratie,Lobbying/Einflussnahme,lobbying_transparency,Lobbying-Transparenz,,Status,E,uwp-required-field-gap,,,required_field_gap_rendered,0.0,"UWP-Kernfeld noch nicht maschinell aus einer versionierten Primärquelle belegt; nicht schätzen, nicht mit 0 füllen."
uwpobs-2609698122d92fc9,uwp100-henkel,Henkel,2024,Demokratie,Compliance/Whistleblowing,whistleblowing_cases,Whistleblowing-Fälle und Abhilfe,,Anzahl/Status,E,uwp-required-field-gap,,,required_field_gap_rendered,0.0,"UWP-Kernfeld noch nicht maschinell aus einer versionierten Primärquelle belegt; nicht schätzen, nicht mit 0 füllen."
uwpobs-6edf83f3b9de53d9,uwp100-henkel,Henkel,2024,Mensch,Arbeitssicherheit,ltifr,Lost Time Injury Frequency Rate,,je Mio. Arbeitsstunden,E,uwp-required-field-gap,,,required_field_gap_rendered,0.0,"UWP-Kernfeld noch nicht maschinell aus einer versionierten Primärquelle belegt; nicht schätzen, nicht mit 0 füllen."
uwpobs-1388e1c030fdc749,uwp100-henkel,Henkel,2024,Mensch,Diversität/Teilhabe,women_management_share,Frauenanteil Management,,%,E,uwp-required-field-gap,,,required_field_gap_rendered,0.0,"UWP-Kernfeld noch nicht maschinell aus einer versionierten Primärquelle belegt; nicht schätzen, nicht mit 0 füllen."
uwpobs-0a387cf3f1b4498e,uwp100-henkel,Henkel,2024,Planet,Energie,renewable_electricity_share,Erneuerbarer Strom,,%,E,uwp-required-field-gap,,,required_field_gap_rendered,0.0,"UWP-Kernfeld noch nicht maschinell aus einer versionierten Primärquelle belegt; nicht schätzen, nicht mit 0 füllen."
uwpobs-023202b6f1904d3f,uwp100-henkel,Henkel,2024,Planet,Klima,scope_1_2_ghg_absolute,Scope 1+2 absolut,,t CO2e,E,uwp-required-field-gap,,,required_field_gap_rendered,0.0,"UWP-Kernfeld noch nicht maschinell aus einer versionierten Primärquelle belegt; nicht schätzen, nicht mit 0 füllen."
uwpobs-1cc55b989cc04fe4,uwp100-henkel,Henkel,2024,Planet,Lieferkette/Klima,scope_3_ghg_absolute,Scope 3 absolut,,t CO2e,E,uwp-required-field-gap,,,required_field_gap_rendered,0.0,"UWP-Kernfeld noch nicht maschinell aus einer versionierten Primärquelle belegt; nicht schätzen, nicht mit 0 füllen."
uwpobs-c9ccb23b03abb87b,uwp100-henkel,Henkel,2024,Transformation,EU-Taxonomie,taxonomy_aligned_revenue_share,Taxonomie-konformer Umsatzanteil,,%,E,uwp-required-field-gap,,,required_field_gap_rendered,0.0,"UWP-Kernfeld noch nicht maschinell aus einer versionierten Primärquelle belegt; nicht schätzen, nicht mit 0 füllen."
uwpobs-585a305fc98bd182,uwp100-hensoldt,Hensoldt,2024,Demokratie,Steuertransparenz,cbcr_tax_transparency,Country-by-Country Reporting / Steuertransparenz,,Status,E,uwp-required-field-gap,,,required_field_gap_rendered,0.0,"UWP-Kernfeld noch nicht maschinell aus einer versionierten Primärquelle belegt; nicht schätzen, nicht mit 0 füllen."
uwpobs-41fceedf5cebefc2,uwp100-hensoldt,Hensoldt,2024,Demokratie,Datenschutz,data_privacy_incidents,Datenschutzverstöße / Bußgelder,,Anzahl/Status,E,uwp-required-field-gap,,,required_field_gap_rendered,0.0,"UWP-Kernfeld noch nicht maschinell aus einer versionierten Primärquelle belegt; nicht schätzen, nicht mit 0 füllen."
uwpobs-faaf86b101864285,uwp100-hensoldt,Hensoldt,2024,Demokratie,Lobbying/Einflussnahme,lobbying_transparency,Lobbying-Transparenz,,Status,E,uwp-required-field-gap,,,required_field_gap_rendered,0.0,"UWP-Kernfeld noch nicht maschinell aus einer versionierten Primärquelle belegt; nicht schätzen, nicht mit 0 füllen."
uwpobs-49e6246bcde18706,uwp100-hensoldt,Hensoldt,2024,Demokratie,Compliance/Whistleblowing,whistleblowing_cases,Whistleblowing-Fälle und Abhilfe,,Anzahl/Status,E,uwp-required-field-gap,,,required_field_gap_rendered,0.0,"UWP-Kernfeld noch nicht maschinell aus einer versionierten Primärquelle belegt; nicht schätzen, nicht mit 0 füllen."
uwpobs-782617718cda92f6,uwp100-hensoldt,Hensoldt,2024,Mensch,Arbeitssicherheit,ltifr,Lost Time Injury Frequency Rate,,je Mio. Arbeitsstunden,E,uwp-required-field-gap,,,required_field_gap_rendered,0.0,"UWP-Kernfeld noch nicht maschinell aus einer versionierten Primärquelle belegt; nicht schätzen, nicht mit 0 füllen."
uwpobs-f0a6bdfc969d20c0,uwp100-hensoldt,Hensoldt,2024,Mensch,Diversität/Teilhabe,women_management_share,Frauenanteil Management,,%,E,uwp-required-field-gap,,,required_field_gap_rendered,0.0,"UWP-Kernfeld noch nicht maschinell aus einer versionierten Primärquelle belegt; nicht schätzen, nicht mit 0 füllen."
uwpobs-e331b251d5397038,uwp100-hensoldt,Hensoldt,2024,Planet,Energie,renewable_electricity_share,Erneuerbarer Strom,,%,E,uwp-required-field-gap,,,required_field_gap_rendered,0.0,"UWP-Kernfeld noch nicht maschinell aus einer versionierten Primärquelle belegt; nicht schätzen, nicht mit 0 füllen."
uwpobs-0a6dee3d98862b68,uwp100-hensoldt,Hensoldt,2025,Planet,Klima/Transformationspfad,sbti_profile_available,SBTi Zielprofil sicher matchbar,,Status,E,sbti-target-dashboard,https://files.sciencebasedtargets.org/production/files/companies-excel.xlsx,,official_xlsx_import_no_safe_match,0.0,Kein sicherer SBTi-Match für Hensoldt im offiziellen Target Dashboard. Das ist keine negative Klimabewertung.
uwpobs-759a003c668286f4,uwp100-hensoldt,Hensoldt,2024,Planet,Klima,scope_1_2_ghg_absolute,Scope 1+2 absolut,,t CO2e,E,uwp-required-field-gap,,,required_field_gap_rendered,0.0,"UWP-Kernfeld noch nicht maschinell aus einer versionierten Primärquelle belegt; nicht schätzen, nicht mit 0 füllen."
uwpobs-20ee793c6ef5ba8c,uwp100-hensoldt,Hensoldt,2024,Planet,Lieferkette/Klima,scope_3_ghg_absolute,Scope 3 absolut,,t CO2e,E,uwp-required-field-gap,,,required_field_gap_rendered,0.0,"UWP-Kernfeld noch nicht maschinell aus einer versionierten Primärquelle belegt; nicht schätzen, nicht mit 0 füllen."
uwpobs-6f33ac752a1107cf,uwp100-hensoldt,Hensoldt,2024,Transformation,EU-Taxonomie,taxonomy_aligned_revenue_share,Taxonomie-konformer Umsatzanteil,,%,E,uwp-required-field-gap,,,required_field_gap_rendered,0.0,"UWP-Kernfeld noch nicht maschinell aus einer versionierten Primärquelle belegt; nicht schätzen, nicht mit 0 füllen."
uwpobs-3b1bd74c82b63734,uwp100-hochtief,Hochtief,2023,Demokratie,Rechtskonformität/Umwelt,wikirate_gri_environmental_fines,GRI 307-1 environmental fines,0,USD,C,wikirate-open-esg,https://wikirate.org/~19860609,https://wikirate.org/~19860256,wikirate_bulk_csv_export,0.62,WikiRate Community-/Sekundärdaten; Antwortseite und Primärquelle prüfen.
uwpobs-f7b7a64507e0b3a7,uwp100-hochtief,Hochtief,2022,Demokratie,Rechtskonformität/Umwelt,wikirate_gri_environmental_fines,GRI 307-1 environmental fines,0,USD,C,wikirate-open-esg,https://wikirate.org/~19864883,https://wikirate.org/~19860299,wikirate_bulk_csv_export,0.62,WikiRate Community-/Sekundärdaten; Antwortseite und Primärquelle prüfen.
uwpobs-04e3461549d384b7,uwp100-hochtief,Hochtief,2021,Demokratie,Rechtskonformität/Umwelt,wikirate_gri_environmental_fines,GRI 307-1 environmental fines,93993,USD,C,wikirate-open-esg,https://wikirate.org/~19865910,https://wikirate.org/~19860333,wikirate_bulk_csv_export,0.62,WikiRate Community-/Sekundärdaten; Antwortseite und Primärquelle prüfen.
uwpobs-afa6ce25cf2b8c2c,uwp100-hochtief,Hochtief,2020,Demokratie,Rechtskonformität/Umwelt,wikirate_gri_environmental_fines,GRI 307-1 environmental fines,0,USD,C,wikirate-open-esg,https://wikirate.org/~19868509,https://wikirate.org/~19867816,wikirate_bulk_csv_export,0.62,WikiRate Community-/Sekundärdaten; Antwortseite und Primärquelle prüfen.
uwpobs-321bb5235511fc69,uwp100-hochtief,Hochtief,2019,Demokratie,Rechtskonformität/Umwelt,wikirate_gri_environmental_fines,GRI 307-1 environmental fines,206589.87,USD,C,wikirate-open-esg,https://wikirate.org/~19869206,https://wikirate.org/~19869176,wikirate_bulk_csv_export,0.62,WikiRate Community-/Sekundärdaten; Antwortseite und Primärquelle prüfen.
uwpobs-1f32d1c42dd4cfd4,uwp100-hochtief,Hochtief,2018,Demokratie,Rechtskonformität/Umwelt,wikirate_gri_environmental_fines,GRI 307-1 environmental fines,0,USD,C,wikirate-open-esg,https://wikirate.org/~19869526,https://wikirate.org/~19869452,wikirate_bulk_csv_export,0.62,WikiRate Community-/Sekundärdaten; Antwortseite und Primärquelle prüfen.
uwpobs-39a8e10971ad4eb0,uwp100-hochtief,Hochtief,2017,Demokratie,Rechtskonformität/Umwelt,wikirate_gri_environmental_fines,GRI 307-1 environmental fines,22912.91,USD,C,wikirate-open-esg,https://wikirate.org/~19870282,https://wikirate.org/~19870252,wikirate_bulk_csv_export,0.62,WikiRate Community-/Sekundärdaten; Antwortseite und Primärquelle prüfen.
uwpobs-62e3171b666c6267,uwp100-hochtief,Hochtief,2023,Planet,Energie,wikirate_gri_energy_consumption,GRI 302-1 Total energy consumption,4815644.4,Gigajoules,C,wikirate-open-esg,https://wikirate.org/~19861659,https://wikirate.org/~19860256,wikirate_bulk_csv_export,0.62,WikiRate Community-/Sekundärdaten; Antwortseite und Primärquelle prüfen.
uwpobs-dc14d1efb8a46002,uwp100-hochtief,Hochtief,2022,Planet,Energie,wikirate_gri_energy_consumption,GRI 302-1 Total energy consumption,4634038.8,Gigajoules,C,wikirate-open-esg,https://wikirate.org/~19864895,https://wikirate.org/~19860299,wikirate_bulk_csv_export,0.62,WikiRate Community-/Sekundärdaten; Antwortseite und Primärquelle prüfen.
uwpobs-66fe5bebc14db808,uwp100-hochtief,Hochtief,2021,Planet,Energie,wikirate_gri_energy_consumption,GRI 302-1 Total energy consumption,3663151.2,Gigajoules,C,wikirate-open-esg,https://wikirate.org/~19866050,https://wikirate.org/~19860333,wikirate_bulk_csv_export,0.62,WikiRate Community-/Sekundärdaten; Antwortseite und Primärquelle prüfen.
uwpobs-814fcf8dc148f185,uwp100-hochtief,Hochtief,2020,Planet,Energie,wikirate_gri_energy_consumption,GRI 302-1 Total energy consumption,36731368.8,Gigajoules,C,wikirate-open-esg,https://wikirate.org/~19868553,https://wikirate.org/~19867816,wikirate_bulk_csv_export,0.62,WikiRate Community-/Sekundärdaten; Antwortseite und Primärquelle prüfen.
uwpobs-7ea895f267c17f68,uwp100-hochtief,Hochtief,2019,Planet,Energie,wikirate_gri_energy_consumption,GRI 302-1 Total energy consumption,41211597.6,Gigajoules,C,wikirate-open-esg,https://wikirate.org/~19869218,https://wikirate.org/~19869176,wikirate_bulk_csv_export,0.62,WikiRate Community-/Sekundärdaten; Antwortseite und Primärquelle prüfen.
uwpobs-acbc2d2075854b47,uwp100-hochtief,Hochtief,2018,Planet,Energie,wikirate_gri_energy_consumption,GRI 302-1 Total energy consumption,39606973.2,Gigajoules,C,wikirate-open-esg,https://wikirate.org/~19869546,https://wikirate.org/~19869452,wikirate_bulk_csv_export,0.62,WikiRate Community-/Sekundärdaten; Antwortseite und Primärquelle prüfen.
uwpobs-3f5b31438f35cdb8,uwp100-hochtief,Hochtief,2023,Planet,Klima/Emissionen,wikirate_gri_scope1_ghg,GRI 305-1 Scope 1 GHG emissions,273825,tonnes CO2 equivalent,C,wikirate-open-esg,https://wikirate.org/~19860482,https://wikirate.org/~19860256,wikirate_bulk_csv_export,0.62,WikiRate Community-/Sekundärdaten; Antwortseite und Primärquelle prüfen.
uwpobs-cb71a4dbef02da0a,uwp100-hochtief,Hochtief,2022,Planet,Klima/Emissionen,wikirate_gri_scope1_ghg,GRI 305-1 Scope 1 GHG emissions,279575,tonnes CO2 equivalent,C,wikirate-open-esg,https://wikirate.org/~19864858,https://wikirate.org/~19860299,wikirate_bulk_csv_export,0.62,WikiRate Community-/Sekundärdaten; Antwortseite und Primärquelle prüfen.
uwpobs-4f2aefef3dbf9b5c,uwp100-hochtief,Hochtief,2021,Planet,Klima/Emissionen,wikirate_gri_scope1_ghg,GRI 305-1 Scope 1 GHG emissions,216179,tonnes CO2 equivalent,C,wikirate-open-esg,https://wikirate.org/~19865541,https://wikirate.org/~19860333,wikirate_bulk_csv_export,0.62,WikiRate Community-/Sekundärdaten; Antwortseite und Primärquelle prüfen.
uwpobs-ed3a1e27d293af93,uwp100-hochtief,Hochtief,2020,Planet,Klima/Emissionen,wikirate_gri_scope1_ghg,GRI 305-1 Scope 1 GHG emissions,2504417,tonnes CO2 equivalent,C,wikirate-open-esg,https://wikirate.org/~19867823,https://wikirate.org/~19867816,wikirate_bulk_csv_export,0.62,WikiRate Community-/Sekundärdaten; Antwortseite und Primärquelle prüfen.
uwpobs-b9fded8201c1f396,uwp100-hochtief,Hochtief,2019,Planet,Klima/Emissionen,wikirate_gri_scope1_ghg,GRI 305-1 Scope 1 GHG emissions,2811519,tonnes CO2 equivalent,C,wikirate-open-esg,https://wikirate.org/~19869182,https://wikirate.org/~19869176,wikirate_bulk_csv_export,0.62,WikiRate Community-/Sekundärdaten; Antwortseite und Primärquelle prüfen.
uwpobs-e5f5f463ee22105e,uwp100-hochtief,Hochtief,2023,Planet,Klima/Emissionen,wikirate_gri_scope2_ghg,GRI 305-2 Scope 2 GHG emissions,110146,tonnes CO2 equivalent,C,wikirate-open-esg,https://wikirate.org/~19860936,https://wikirate.org/~19860256,wikirate_bulk_csv_export,0.62,WikiRate Community-/Sekundärdaten; Antwortseite und Primärquelle prüfen.
uwpobs-d739ce6276b85868,uwp100-hochtief,Hochtief,2022,Planet,Klima/Emissionen,wikirate_gri_scope2_ghg,GRI 305-2 Scope 2 GHG emissions,110011,tonnes CO2 equivalent,C,wikirate-open-esg,https://wikirate.org/~19864862,https://wikirate.org/~19860299,wikirate_bulk_csv_export,0.62,WikiRate Community-/Sekundärdaten; Antwortseite und Primärquelle prüfen.
uwpobs-9e8cc8d131a4949d,uwp100-hochtief,Hochtief,2021,Planet,Klima/Emissionen,wikirate_gri_scope2_ghg,GRI 305-2 Scope 2 GHG emissions,92491,tonnes CO2 equivalent,C,wikirate-open-esg,https://wikirate.org/~19865554,https://wikirate.org/~19860333,wikirate_bulk_csv_export,0.62,WikiRate Community-/Sekundärdaten; Antwortseite und Primärquelle prüfen.
uwpobs-08ce3dc2deb53121,uwp100-hochtief,Hochtief,2020,Planet,Klima/Emissionen,wikirate_gri_scope2_ghg,GRI 305-2 Scope 2 GHG emissions,162592,tonnes CO2 equivalent,C,wikirate-open-esg,https://wikirate.org/~19868473,https://wikirate.org/~19867816,wikirate_bulk_csv_export,0.62,WikiRate Community-/Sekundärdaten; Antwortseite und Primärquelle prüfen.
uwpobs-6090c3f48674c746,uwp100-hochtief,Hochtief,2019,Planet,Klima/Emissionen,wikirate_gri_scope2_ghg,GRI 305-2 Scope 2 GHG emissions,223221,tonnes CO2 equivalent,C,wikirate-open-esg,https://wikirate.org/~19869186,https://wikirate.org/~19869176,wikirate_bulk_csv_export,0.62,WikiRate Community-/Sekundärdaten; Antwortseite und Primärquelle prüfen.
uwpobs-7e488b975e9a978a,uwp100-hochtief,Hochtief,2023,Planet,Lieferkette/Klima,wikirate_gri_scope3_ghg,GRI 305-3 Scope 3 GHG emissions,5608480,tonnes CO2 equivalent,C,wikirate-open-esg,https://wikirate.org/~19861635,https://wikirate.org/~19860256,wikirate_bulk_csv_export,0.62,WikiRate Community-/Sekundärdaten; Antwortseite und Primärquelle prüfen.
uwpobs-e28678681aeff252,uwp100-hochtief,Hochtief,2022,Planet,Lieferkette/Klima,wikirate_gri_scope3_ghg,GRI 305-3 Scope 3 GHG emissions,2468437,tonnes CO2 equivalent,C,wikirate-open-esg,https://wikirate.org/~19864866,https://wikirate.org/~19860299,wikirate_bulk_csv_export,0.62,WikiRate Community-/Sekundärdaten; Antwortseite und Primärquelle prüfen.
uwpobs-3fb5ea6956e3f5ed,uwp100-hochtief,Hochtief,2021,Planet,Lieferkette/Klima,wikirate_gri_scope3_ghg,GRI 305-3 Scope 3 GHG emissions,2559480,tonnes CO2 equivalent,C,wikirate-open-esg,https://wikirate.org/~19865691,https://wikirate.org/~19860333,wikirate_bulk_csv_export,0.62,WikiRate Community-/Sekundärdaten; Antwortseite und Primärquelle prüfen.
uwpobs-d308f23cd0e9d8ce,uwp100-hochtief,Hochtief,2020,Planet,Lieferkette/Klima,wikirate_gri_scope3_ghg,GRI 305-3 Scope 3 GHG emissions,1843521,tonnes CO2 equivalent,C,wikirate-open-esg,https://wikirate.org/~19868477,https://wikirate.org/~19867816,wikirate_bulk_csv_export,0.62,WikiRate Community-/Sekundärdaten; Antwortseite und Primärquelle prüfen.
uwpobs-710b72fec4085213,uwp100-hochtief,Hochtief,2019,Planet,Lieferkette/Klima,wikirate_gri_scope3_ghg,GRI 305-3 Scope 3 GHG emissions,2588839,tonnes CO2 equivalent,C,wikirate-open-esg,https://wikirate.org/~19869190,https://wikirate.org/~19869176,wikirate_bulk_csv_export,0.62,WikiRate Community-/Sekundärdaten; Antwortseite und Primärquelle prüfen.
uwpobs-eda2ac3dfbd63eba,uwp100-hochtief,Hochtief,2024,Demokratie,Steuertransparenz,cbcr_tax_transparency,Country-by-Country Reporting / Steuertransparenz,,Status,E,uwp-required-field-gap,,,required_field_gap_rendered,0.0,"UWP-Kernfeld noch nicht maschinell aus einer versionierten Primärquelle belegt; nicht schätzen, nicht mit 0 füllen."
uwpobs-42a758319923612c,uwp100-hochtief,Hochtief,2024,Demokratie,Datenschutz,data_privacy_incidents,Datenschutzverstöße / Bußgelder,,Anzahl/Status,E,uwp-required-field-gap,,,required_field_gap_rendered,0.0,"UWP-Kernfeld noch nicht maschinell aus einer versionierten Primärquelle belegt; nicht schätzen, nicht mit 0 füllen."
uwpobs-6f5ee1209d2ec0df,uwp100-hochtief,Hochtief,2024,Demokratie,Lobbying/Einflussnahme,lobbying_transparency,Lobbying-Transparenz,,Status,E,uwp-required-field-gap,,,required_field_gap_rendered,0.0,"UWP-Kernfeld noch nicht maschinell aus einer versionierten Primärquelle belegt; nicht schätzen, nicht mit 0 füllen."
uwpobs-fbb40267564d0f80,uwp100-hochtief,Hochtief,2024,Demokratie,Compliance/Whistleblowing,whistleblowing_cases,Whistleblowing-Fälle und Abhilfe,,Anzahl/Status,E,uwp-required-field-gap,,,required_field_gap_rendered,0.0,"UWP-Kernfeld noch nicht maschinell aus einer versionierten Primärquelle belegt; nicht schätzen, nicht mit 0 füllen."
uwpobs-bafaf169837b6081,uwp100-hochtief,Hochtief,2024,Mensch,Arbeitssicherheit,ltifr,Lost Time Injury Frequency Rate,,je Mio. Arbeitsstunden,E,uwp-required-field-gap,,,required_field_gap_rendered,0.0,"UWP-Kernfeld noch nicht maschinell aus einer versionierten Primärquelle belegt; nicht schätzen, nicht mit 0 füllen."
uwpobs-6cd531d0bee1cb16,uwp100-hochtief,Hochtief,2024,Mensch,Diversität/Teilhabe,women_management_share,Frauenanteil Management,,%,E,uwp-required-field-gap,,,required_field_gap_rendered,0.0,"UWP-Kernfeld noch nicht maschinell aus einer versionierten Primärquelle belegt; nicht schätzen, nicht mit 0 füllen."
uwpobs-06ebd06466d6d253,uwp100-hochtief,Hochtief,2024,Planet,Energie,renewable_electricity_share,Erneuerbarer Strom,,%,E,uwp-required-field-gap,,,required_field_gap_rendered,0.0,"UWP-Kernfeld noch nicht maschinell aus einer versionierten Primärquelle belegt; nicht schätzen, nicht mit 0 füllen."
uwpobs-397c65d43ff86b1b,uwp100-hochtief,Hochtief,2025,Planet,Klima/Transformationspfad,sbti_profile_available,SBTi Zielprofil sicher matchbar,,Status,E,sbti-target-dashboard,https://files.sciencebasedtargets.org/production/files/companies-excel.xlsx,,official_xlsx_import_no_safe_match,0.0,Kein sicherer SBTi-Match für Hochtief im offiziellen Target Dashboard. Das ist keine negative Klimabewertung.
uwpobs-4347ab938423d2e5,uwp100-hochtief,Hochtief,2024,Planet,Klima,scope_1_2_ghg_absolute,Scope 1+2 absolut,,t CO2e,E,uwp-required-field-gap,,,required_field_gap_rendered,0.0,"UWP-Kernfeld noch nicht maschinell aus einer versionierten Primärquelle belegt; nicht schätzen, nicht mit 0 füllen."
uwpobs-68ae20660ed54635,uwp100-hochtief,Hochtief,2024,Transformation,EU-Taxonomie,taxonomy_aligned_revenue_share,Taxonomie-konformer Umsatzanteil,,%,E,uwp-required-field-gap,,,required_field_gap_rendered,0.0,"UWP-Kernfeld noch nicht maschinell aus einer versionierten Primärquelle belegt; nicht schätzen, nicht mit 0 füllen."
uwpobs-706268fc7ce41a20,uwp100-hugo-boss,Hugo Boss,2025,Datenqualität,Quellenstand,sbti_date_updated,SBTi Datenstand,2025-11-06,Datum,A,sbti-target-dashboard,https://files.sciencebasedtargets.org/production/files/companies-excel.xlsx,Hugo Boss AG,official_xlsx_import:safe_name_match,0.86,SBTi-Zieldaten; kein Nachweis tatsächlicher Emissionsreduktion.
uwpobs-26c7847b41d019c7,uwp100-hugo-boss,Hugo Boss,2019,Demokratie,Korruption/Compliance,wikirate_gri_corruption_incidents,GRI 205-3 confirmed incidents of corruption,0,incidents,C,wikirate-open-esg,https://wikirate.org/~7438571,https://wikirate.org/~6006873,wikirate_bulk_csv_export,0.62,WikiRate Community-/Sekundärdaten; Antwortseite und Primärquelle prüfen.
uwpobs-a135c20e6c5f96de,uwp100-hugo-boss,Hugo Boss,2018,Demokratie,Korruption/Compliance,wikirate_gri_corruption_incidents,GRI 205-3 confirmed incidents of corruption,0,incidents,C,wikirate-open-esg,https://wikirate.org/~7333801,https://wikirate.org/~5431648,wikirate_bulk_csv_export,0.62,WikiRate Community-/Sekundärdaten; Antwortseite und Primärquelle prüfen.
uwpobs-90975715349a7112,uwp100-hugo-boss,Hugo Boss,2017,Demokratie,Korruption/Compliance,wikirate_gri_corruption_incidents,GRI 205-3 confirmed incidents of corruption,0,incidents,C,wikirate-open-esg,https://wikirate.org/~5250457,https://wikirate.org/~5152656,wikirate_bulk_csv_export,0.62,WikiRate Community-/Sekundärdaten; Antwortseite und Primärquelle prüfen.
uwpobs-071a30169c79c93f,uwp100-hugo-boss,Hugo Boss,2019,Demokratie,Rechtskonformität/Umwelt,wikirate_gri_environmental_fines,GRI 307-1 environmental fines,0,USD,C,wikirate-open-esg,https://wikirate.org/~6007506,https://wikirate.org/~6006873,wikirate_bulk_csv_export,0.62,WikiRate Community-/Sekundärdaten; Antwortseite und Primärquelle prüfen.
uwpobs-2e211452f220a3e4,uwp100-hugo-boss,Hugo Boss,2018,Demokratie,Rechtskonformität/Umwelt,wikirate_gri_environmental_fines,GRI 307-1 environmental fines,0,USD,C,wikirate-open-esg,https://wikirate.org/~6007512,https://wikirate.org/~5402283,wikirate_bulk_csv_export,0.62,WikiRate Community-/Sekundärdaten; Antwortseite und Primärquelle prüfen.
uwpobs-02d19db56891e10a,uwp100-hugo-boss,Hugo Boss,2017,Demokratie,Rechtskonformität/Umwelt,wikirate_gri_environmental_fines,GRI 307-1 environmental fines,0,USD,C,wikirate-open-esg,https://wikirate.org/~5250573,https://wikirate.org/~5152656,wikirate_bulk_csv_export,0.62,WikiRate Community-/Sekundärdaten; Antwortseite und Primärquelle prüfen.
uwpobs-aacff282548e977f,uwp100-hugo-boss,Hugo Boss,2022,Mensch,Qualifizierung,wikirate_gri_training_hours,GRI 404-1 average hours of training,14,hours,C,wikirate-open-esg,https://wikirate.org/~18085343,https://wikirate.org/~18037865,wikirate_bulk_csv_export,0.62,WikiRate Community-/Sekundärdaten; Antwortseite und Primärquelle prüfen.
uwpobs-9d2907a0859fe527,uwp100-hugo-boss,Hugo Boss,2022,Mensch,Arbeitssicherheit,wikirate_gri_worker_fatalities,GRI 403-9 worker fatalities,0,count,C,wikirate-open-esg,https://wikirate.org/~18082686,https://wikirate.org/~18037865,wikirate_bulk_csv_export,0.62,WikiRate Community-/Sekundärdaten; Antwortseite und Primärquelle prüfen.
uwpobs-9174e91a280b8e7f,uwp100-hugo-boss,Hugo Boss,2025,Planet,Klima/Transformationspfad,sbti_full_target_language,SBTi Zieltext,"Near-Term Targets:
Hugo Boss AG commits to reduce absolute scope 1 and 2 GHG emissions 50.0% by 2030 from a 2024 base year. Hugo Boss AG also commits to reduce absolute scope 3 GHG emissions from purchased goods and services and upstream transportation and distribution 50.0% within the same timeframe.",Text,B,sbti-target-dashboard,https://files.sciencebasedtargets.org/production/files/companies-excel.xlsx,Hugo Boss AG,official_xlsx_import:safe_name_match,0.86,SBTi-Zieldaten; kein Nachweis tatsächlicher Emissionsreduktion.
uwpobs-4cde3468ce031770,uwp100-hugo-boss,Hugo Boss,2025,Planet,Klima/Transformationspfad,sbti_near_term_status,SBTi Near-Term Zielstatus,Targets set,Status,A,sbti-target-dashboard,https://files.sciencebasedtargets.org/production/files/companies-excel.xlsx,Hugo Boss AG,official_xlsx_import:safe_name_match,0.86,SBTi-Zieldaten; kein Nachweis tatsächlicher Emissionsreduktion.
uwpobs-6cc714c8c270574f,uwp100-hugo-boss,Hugo Boss,2025,Planet,Klima/Transformationspfad,sbti_near_term_target_classification,SBTi Near-Term Zielklassifikation,1.5°C,Klassifikation,A,sbti-target-dashboard,https://files.sciencebasedtargets.org/production/files/companies-excel.xlsx,Hugo Boss AG,official_xlsx_import:safe_name_match,0.86,SBTi-Zieldaten; kein Nachweis tatsächlicher Emissionsreduktion.
uwpobs-bc737877a87ddfb0,uwp100-hugo-boss,Hugo Boss,2025,Planet,Klima/Transformationspfad,sbti_near_term_target_year,SBTi Near-Term Zieljahr,2030,Jahr,A,sbti-target-dashboard,https://files.sciencebasedtargets.org/production/files/companies-excel.xlsx,Hugo Boss AG,official_xlsx_import:safe_name_match,0.86,SBTi-Zieldaten; kein Nachweis tatsächlicher Emissionsreduktion.
uwpobs-ff6ce5627ab1270c,uwp100-hugo-boss,Hugo Boss,2025,Planet,Klima/Transformationspfad,sbti_target_classification_long,SBTi Zielklassifikation Langtext,The targets covering greenhouse gas emissions from company operations (scopes 1 and 2) are consistent with reductions required to keep warming to 1.5°C,Text,B,sbti-target-dashboard,https://files.sciencebasedtargets.org/production/files/companies-excel.xlsx,Hugo Boss AG,official_xlsx_import:safe_name_match,0.86,SBTi-Zieldaten; kein Nachweis tatsächlicher Emissionsreduktion.
uwpobs-2e9dcff6a5c6bd38,uwp100-hugo-boss,Hugo Boss,2022,Planet,Energie,wikirate_gri_energy_consumption,GRI 302-1 Total energy consumption,467103.6,Gigajoules,C,wikirate-open-esg,https://wikirate.org/~14557884,https://wikirate.org/~14556440,wikirate_bulk_csv_export,0.62,WikiRate Community-/Sekundärdaten; Antwortseite und Primärquelle prüfen.
uwpobs-0e539e228dc5254d,uwp100-hugo-boss,Hugo Boss,2021,Planet,Energie,wikirate_gri_energy_consumption,GRI 302-1 Total energy consumption,426484.8,Gigajoules,C,wikirate-open-esg,https://wikirate.org/~14551803,https://wikirate.org/~14551775,wikirate_bulk_csv_export,0.62,WikiRate Community-/Sekundärdaten; Antwortseite und Primärquelle prüfen.
uwpobs-2361f88a48db6836,uwp100-hugo-boss,Hugo Boss,2019,Planet,Energie,wikirate_gri_energy_consumption,GRI 302-1 Total energy consumption,472104,Gigajoules,C,wikirate-open-esg,https://wikirate.org/~6007446,https://wikirate.org/~6006873,wikirate_bulk_csv_export,0.62,WikiRate Community-/Sekundärdaten; Antwortseite und Primärquelle prüfen.
uwpobs-02be1b4168d290e4,uwp100-hugo-boss,Hugo Boss,2018,Planet,Energie,wikirate_gri_energy_consumption,GRI 302-1 Total energy consumption,496652.4,Gigajoules,C,wikirate-open-esg,https://wikirate.org/~5414149,https://wikirate.org/~5402283,wikirate_bulk_csv_export,0.62,WikiRate Community-/Sekundärdaten; Antwortseite und Primärquelle prüfen.
uwpobs-a64dec9a0a33168b,uwp100-hugo-boss,Hugo Boss,2022,Planet,Klima/Emissionen,wikirate_gri_scope1_ghg,GRI 305-1 Scope 1 GHG emissions,11058,tonnes CO2 equivalent,C,wikirate-open-esg,https://wikirate.org/~14556463,https://wikirate.org/~14556440,wikirate_bulk_csv_export,0.62,WikiRate Community-/Sekundärdaten; Antwortseite und Primärquelle prüfen.
uwpobs-4d30c4a783900219,uwp100-hugo-boss,Hugo Boss,2021,Planet,Klima/Emissionen,wikirate_gri_scope1_ghg,GRI 305-1 Scope 1 GHG emissions,10225,tonnes CO2 equivalent,C,wikirate-open-esg,https://wikirate.org/~14551819,https://wikirate.org/~14551775,wikirate_bulk_csv_export,0.62,WikiRate Community-/Sekundärdaten; Antwortseite und Primärquelle prüfen.
uwpobs-af9ad605e29a0720,uwp100-hugo-boss,Hugo Boss,2021,Planet,Klima/Emissionen,wikirate_gri_scope2_ghg,GRI 305-2 Scope 2 GHG emissions,94599.0777778,tonnes CO2 equivalent,C,wikirate-open-esg,https://wikirate.org/~14551797,https://wikirate.org/~14551775,wikirate_bulk_csv_export,0.62,WikiRate Community-/Sekundärdaten; Antwortseite und Primärquelle prüfen.
uwpobs-7cc6294bd3ea494c,uwp100-hugo-boss,Hugo Boss,2019,Planet,Klima/Emissionen,wikirate_gri_scope2_ghg,GRI 305-2 Scope 2 GHG emissions,20384,tonnes CO2 equivalent,C,wikirate-open-esg,https://wikirate.org/~6007002,https://wikirate.org/~6006873,wikirate_bulk_csv_export,0.62,WikiRate Community-/Sekundärdaten; Antwortseite und Primärquelle prüfen.
uwpobs-4e6bbd39b7eca190,uwp100-hugo-boss,Hugo Boss,2022,Planet,Lieferkette/Klima,wikirate_gri_scope3_ghg,GRI 305-3 Scope 3 GHG emissions,1064461,tonnes CO2 equivalent,C,wikirate-open-esg,https://wikirate.org/~14557864,https://wikirate.org/~14556440,wikirate_bulk_csv_export,0.62,WikiRate Community-/Sekundärdaten; Antwortseite und Primärquelle prüfen.
uwpobs-ac1e39533b2f890a,uwp100-hugo-boss,Hugo Boss,2021,Planet,Lieferkette/Klima,wikirate_gri_scope3_ghg,GRI 305-3 Scope 3 GHG emissions,683251,tonnes CO2 equivalent,C,wikirate-open-esg,https://wikirate.org/~14551800,https://wikirate.org/~14551775,wikirate_bulk_csv_export,0.62,WikiRate Community-/Sekundärdaten; Antwortseite und Primärquelle prüfen.
uwpobs-b14c8d3b4e85d3c8,uwp100-hugo-boss,Hugo Boss,2019,Planet,Lieferkette/Klima,wikirate_gri_scope3_ghg,GRI 305-3 Scope 3 GHG emissions,34099,tonnes CO2 equivalent,C,wikirate-open-esg,https://wikirate.org/~6007528,https://wikirate.org/~6006873,wikirate_bulk_csv_export,0.62,WikiRate Community-/Sekundärdaten; Antwortseite und Primärquelle prüfen.
uwpobs-702340a7a2004e14,uwp100-hugo-boss,Hugo Boss,2022,Planet,Abfall/Ressourcen,wikirate_gri_total_waste,GRI 306-2 Total waste generated,8161,tonnes,C,wikirate-open-esg,https://wikirate.org/~18084070,https://wikirate.org/~18037865,wikirate_bulk_csv_export,0.62,WikiRate Community-/Sekundärdaten; Antwortseite und Primärquelle prüfen.
uwpobs-eb4db3c6a555c794,uwp100-hugo-boss,Hugo Boss,2021,Planet,Abfall/Ressourcen,wikirate_gri_total_waste,GRI 306-2 Total waste generated,61715.28,tonnes,C,wikirate-open-esg,https://wikirate.org/~14551814,https://wikirate.org/~14551775,wikirate_bulk_csv_export,0.62,WikiRate Community-/Sekundärdaten; Antwortseite und Primärquelle prüfen.
uwpobs-1fb5af9828eeb0d0,uwp100-hugo-boss,Hugo Boss,2019,Planet,Abfall/Ressourcen,wikirate_gri_total_waste,GRI 306-2 Total waste generated,7097,tonnes,C,wikirate-open-esg,https://wikirate.org/~7438506,https://wikirate.org/~6006873,wikirate_bulk_csv_export,0.62,WikiRate Community-/Sekundärdaten; Antwortseite und Primärquelle prüfen.
uwpobs-2a1404f112e3017b,uwp100-hugo-boss,Hugo Boss,2018,Planet,Abfall/Ressourcen,wikirate_gri_total_waste,GRI 306-2 Total waste generated,6231,tonnes,C,wikirate-open-esg,https://wikirate.org/~5413508,https://wikirate.org/~5402283,wikirate_bulk_csv_export,0.62,WikiRate Community-/Sekundärdaten; Antwortseite und Primärquelle prüfen.
uwpobs-c7464c33d95328f7,uwp100-hugo-boss,Hugo Boss,2024,Demokratie,Steuertransparenz,cbcr_tax_transparency,Country-by-Country Reporting / Steuertransparenz,,Status,E,uwp-required-field-gap,,,required_field_gap_rendered,0.0,"UWP-Kernfeld noch nicht maschinell aus einer versionierten Primärquelle belegt; nicht schätzen, nicht mit 0 füllen."
uwpobs-9d05c4ea96a2fcaf,uwp100-hugo-boss,Hugo Boss,2024,Demokratie,Datenschutz,data_privacy_incidents,Datenschutzverstöße / Bußgelder,,Anzahl/Status,E,uwp-required-field-gap,,,required_field_gap_rendered,0.0,"UWP-Kernfeld noch nicht maschinell aus einer versionierten Primärquelle belegt; nicht schätzen, nicht mit 0 füllen."
uwpobs-034316007f048ec0,uwp100-hugo-boss,Hugo Boss,2024,Demokratie,Lobbying/Einflussnahme,lobbying_transparency,Lobbying-Transparenz,,Status,E,uwp-required-field-gap,,,required_field_gap_rendered,0.0,"UWP-Kernfeld noch nicht maschinell aus einer versionierten Primärquelle belegt; nicht schätzen, nicht mit 0 füllen."
uwpobs-cc74f7a02ce524aa,uwp100-hugo-boss,Hugo Boss,2024,Demokratie,Compliance/Whistleblowing,whistleblowing_cases,Whistleblowing-Fälle und Abhilfe,,Anzahl/Status,E,uwp-required-field-gap,,,required_field_gap_rendered,0.0,"UWP-Kernfeld noch nicht maschinell aus einer versionierten Primärquelle belegt; nicht schätzen, nicht mit 0 füllen."
uwpobs-d5c6cb7a0ac02e4f,uwp100-hugo-boss,Hugo Boss,2024,Mensch,Arbeitssicherheit,ltifr,Lost Time Injury Frequency Rate,,je Mio. Arbeitsstunden,E,uwp-required-field-gap,,,required_field_gap_rendered,0.0,"UWP-Kernfeld noch nicht maschinell aus einer versionierten Primärquelle belegt; nicht schätzen, nicht mit 0 füllen."
uwpobs-cdaf87676efd1368,uwp100-hugo-boss,Hugo Boss,2024,Mensch,Diversität/Teilhabe,women_management_share,Frauenanteil Management,,%,E,uwp-required-field-gap,,,required_field_gap_rendered,0.0,"UWP-Kernfeld noch nicht maschinell aus einer versionierten Primärquelle belegt; nicht schätzen, nicht mit 0 füllen."
uwpobs-591da9ea01969746,uwp100-hugo-boss,Hugo Boss,2024,Planet,Energie,renewable_electricity_share,Erneuerbarer Strom,,%,E,uwp-required-field-gap,,,required_field_gap_rendered,0.0,"UWP-Kernfeld noch nicht maschinell aus einer versionierten Primärquelle belegt; nicht schätzen, nicht mit 0 füllen."
uwpobs-175e4fe81fa32ef4,uwp100-hugo-boss,Hugo Boss,2024,Planet,Klima,scope_1_2_ghg_absolute,Scope 1+2 absolut,,t CO2e,E,uwp-required-field-gap,,,required_field_gap_rendered,0.0,"UWP-Kernfeld noch nicht maschinell aus einer versionierten Primärquelle belegt; nicht schätzen, nicht mit 0 füllen."
uwpobs-2252ab58a518dd2f,uwp100-hugo-boss,Hugo Boss,2024,Transformation,EU-Taxonomie,taxonomy_aligned_revenue_share,Taxonomie-konformer Umsatzanteil,,%,E,uwp-required-field-gap,,,required_field_gap_rendered,0.0,"UWP-Kernfeld noch nicht maschinell aus einer versionierten Primärquelle belegt; nicht schätzen, nicht mit 0 füllen."
uwpobs-32c7177d010d947c,uwp100-infineon-technologies,Infineon Technologies,2025,Datenqualität,Quellenstand,sbti_date_updated,SBTi Datenstand,2025-05-15,Datum,A,sbti-target-dashboard,https://files.sciencebasedtargets.org/production/files/companies-excel.xlsx,Infineon Technologies AG,official_xlsx_import:safe_name_match,0.86,SBTi-Zieldaten; kein Nachweis tatsächlicher Emissionsreduktion.
uwpobs-8008d75e59755674,uwp100-infineon-technologies,Infineon Technologies,2025,Planet,Klima/Transformationspfad,sbti_full_target_language,SBTi Zieltext,"Near-Term Targets: 
Infineon Technologies AG commits to reduce absolute scope 1 and 2 GHG emissions 72.5% by 2030 from a 2019 base year. Infineon Technologies AG also commits that 72.5% of its suppliers by emissions covering purchased goods and services, capital goods and upstream transportation and distribution, will have science-based targets by 2029. ",Text,B,sbti-target-dashboard,https://files.sciencebasedtargets.org/production/files/companies-excel.xlsx,Infineon Technologies AG,official_xlsx_import:safe_name_match,0.86,SBTi-Zieldaten; kein Nachweis tatsächlicher Emissionsreduktion.
uwpobs-b52d9697a3ff5861,uwp100-infineon-technologies,Infineon Technologies,2025,Planet,Klima/Transformationspfad,sbti_near_term_status,SBTi Near-Term Zielstatus,Targets set,Status,A,sbti-target-dashboard,https://files.sciencebasedtargets.org/production/files/companies-excel.xlsx,Infineon Technologies AG,official_xlsx_import:safe_name_match,0.86,SBTi-Zieldaten; kein Nachweis tatsächlicher Emissionsreduktion.
uwpobs-64571e7601b2df66,uwp100-infineon-technologies,Infineon Technologies,2025,Planet,Klima/Transformationspfad,sbti_near_term_target_classification,SBTi Near-Term Zielklassifikation,1.5°C,Klassifikation,A,sbti-target-dashboard,https://files.sciencebasedtargets.org/production/files/companies-excel.xlsx,Infineon Technologies AG,official_xlsx_import:safe_name_match,0.86,SBTi-Zieldaten; kein Nachweis tatsächlicher Emissionsreduktion.
uwpobs-56ec87ac01f4c2aa,uwp100-infineon-technologies,Infineon Technologies,2025,Planet,Klima/Transformationspfad,sbti_near_term_target_year,SBTi Near-Term Zieljahr,2030,Jahr,A,sbti-target-dashboard,https://files.sciencebasedtargets.org/production/files/companies-excel.xlsx,Infineon Technologies AG,official_xlsx_import:safe_name_match,0.86,SBTi-Zieldaten; kein Nachweis tatsächlicher Emissionsreduktion.
uwpobs-069f9e53dbff556a,uwp100-infineon-technologies,Infineon Technologies,2025,Planet,Klima/Transformationspfad,sbti_target_classification_long,SBTi Zielklassifikation Langtext,The targets covering greenhouse gas emissions from company operations (scopes 1 and 2) are consistent with reductions required to keep warming to 1.5°C,Text,B,sbti-target-dashboard,https://files.sciencebasedtargets.org/production/files/companies-excel.xlsx,Infineon Technologies AG,official_xlsx_import:safe_name_match,0.86,SBTi-Zieldaten; kein Nachweis tatsächlicher Emissionsreduktion.
uwpobs-274292280df01dab,uwp100-infineon-technologies,Infineon Technologies,2024,Demokratie,Steuertransparenz,cbcr_tax_transparency,Country-by-Country Reporting / Steuertransparenz,,Status,E,uwp-required-field-gap,,,required_field_gap_rendered,0.0,"UWP-Kernfeld noch nicht maschinell aus einer versionierten Primärquelle belegt; nicht schätzen, nicht mit 0 füllen."
uwpobs-04c35207568a5773,uwp100-infineon-technologies,Infineon Technologies,2024,Demokratie,Datenschutz,data_privacy_incidents,Datenschutzverstöße / Bußgelder,,Anzahl/Status,E,uwp-required-field-gap,,,required_field_gap_rendered,0.0,"UWP-Kernfeld noch nicht maschinell aus einer versionierten Primärquelle belegt; nicht schätzen, nicht mit 0 füllen."
uwpobs-5430afc5a470ced2,uwp100-infineon-technologies,Infineon Technologies,2024,Demokratie,Lobbying/Einflussnahme,lobbying_transparency,Lobbying-Transparenz,,Status,E,uwp-required-field-gap,,,required_field_gap_rendered,0.0,"UWP-Kernfeld noch nicht maschinell aus einer versionierten Primärquelle belegt; nicht schätzen, nicht mit 0 füllen."
uwpobs-ba941107700631f4,uwp100-infineon-technologies,Infineon Technologies,2024,Demokratie,Compliance/Whistleblowing,whistleblowing_cases,Whistleblowing-Fälle und Abhilfe,,Anzahl/Status,E,uwp-required-field-gap,,,required_field_gap_rendered,0.0,"UWP-Kernfeld noch nicht maschinell aus einer versionierten Primärquelle belegt; nicht schätzen, nicht mit 0 füllen."
uwpobs-a7be5a77d1149175,uwp100-infineon-technologies,Infineon Technologies,2024,Mensch,Arbeitssicherheit,ltifr,Lost Time Injury Frequency Rate,,je Mio. Arbeitsstunden,E,uwp-required-field-gap,,,required_field_gap_rendered,0.0,"UWP-Kernfeld noch nicht maschinell aus einer versionierten Primärquelle belegt; nicht schätzen, nicht mit 0 füllen."
uwpobs-7cb0ec82923161d0,uwp100-infineon-technologies,Infineon Technologies,2024,Mensch,Diversität/Teilhabe,women_management_share,Frauenanteil Management,,%,E,uwp-required-field-gap,,,required_field_gap_rendered,0.0,"UWP-Kernfeld noch nicht maschinell aus einer versionierten Primärquelle belegt; nicht schätzen, nicht mit 0 füllen."
uwpobs-a38242333cbf270a,uwp100-infineon-technologies,Infineon Technologies,2024,Planet,Energie,renewable_electricity_share,Erneuerbarer Strom,,%,E,uwp-required-field-gap,,,required_field_gap_rendered,0.0,"UWP-Kernfeld noch nicht maschinell aus einer versionierten Primärquelle belegt; nicht schätzen, nicht mit 0 füllen."
uwpobs-89d69c8775a2c7c2,uwp100-infineon-technologies,Infineon Technologies,2024,Planet,Klima,scope_1_2_ghg_absolute,Scope 1+2 absolut,,t CO2e,E,uwp-required-field-gap,,,required_field_gap_rendered,0.0,"UWP-Kernfeld noch nicht maschinell aus einer versionierten Primärquelle belegt; nicht schätzen, nicht mit 0 füllen."
uwpobs-17207e4cbcc34b8e,uwp100-infineon-technologies,Infineon Technologies,2024,Planet,Lieferkette/Klima,scope_3_ghg_absolute,Scope 3 absolut,,t CO2e,E,uwp-required-field-gap,,,required_field_gap_rendered,0.0,"UWP-Kernfeld noch nicht maschinell aus einer versionierten Primärquelle belegt; nicht schätzen, nicht mit 0 füllen."
uwpobs-007da583b44e3be8,uwp100-infineon-technologies,Infineon Technologies,2024,Transformation,EU-Taxonomie,taxonomy_aligned_revenue_share,Taxonomie-konformer Umsatzanteil,,%,E,uwp-required-field-gap,,,required_field_gap_rendered,0.0,"UWP-Kernfeld noch nicht maschinell aus einer versionierten Primärquelle belegt; nicht schätzen, nicht mit 0 füllen."
uwpobs-2f9474b31d7ef0fd,uwp100-jenoptik,Jenoptik,2024,Demokratie,Steuertransparenz,cbcr_tax_transparency,Country-by-Country Reporting / Steuertransparenz,,Status,E,uwp-required-field-gap,,,required_field_gap_rendered,0.0,"UWP-Kernfeld noch nicht maschinell aus einer versionierten Primärquelle belegt; nicht schätzen, nicht mit 0 füllen."
uwpobs-733b5a9a9e2f6fa6,uwp100-jenoptik,Jenoptik,2024,Demokratie,Datenschutz,data_privacy_incidents,Datenschutzverstöße / Bußgelder,,Anzahl/Status,E,uwp-required-field-gap,,,required_field_gap_rendered,0.0,"UWP-Kernfeld noch nicht maschinell aus einer versionierten Primärquelle belegt; nicht schätzen, nicht mit 0 füllen."
uwpobs-6b8eaeefa0e259d2,uwp100-jenoptik,Jenoptik,2024,Demokratie,Lobbying/Einflussnahme,lobbying_transparency,Lobbying-Transparenz,,Status,E,uwp-required-field-gap,,,required_field_gap_rendered,0.0,"UWP-Kernfeld noch nicht maschinell aus einer versionierten Primärquelle belegt; nicht schätzen, nicht mit 0 füllen."
uwpobs-ec0091fa267aa0cc,uwp100-jenoptik,Jenoptik,2024,Demokratie,Compliance/Whistleblowing,whistleblowing_cases,Whistleblowing-Fälle und Abhilfe,,Anzahl/Status,E,uwp-required-field-gap,,,required_field_gap_rendered,0.0,"UWP-Kernfeld noch nicht maschinell aus einer versionierten Primärquelle belegt; nicht schätzen, nicht mit 0 füllen."
uwpobs-1637ea310bdad548,uwp100-jenoptik,Jenoptik,2024,Mensch,Arbeitssicherheit,ltifr,Lost Time Injury Frequency Rate,,je Mio. Arbeitsstunden,E,uwp-required-field-gap,,,required_field_gap_rendered,0.0,"UWP-Kernfeld noch nicht maschinell aus einer versionierten Primärquelle belegt; nicht schätzen, nicht mit 0 füllen."
uwpobs-072d2d94b89c9fbe,uwp100-jenoptik,Jenoptik,2024,Mensch,Diversität/Teilhabe,women_management_share,Frauenanteil Management,,%,E,uwp-required-field-gap,,,required_field_gap_rendered,0.0,"UWP-Kernfeld noch nicht maschinell aus einer versionierten Primärquelle belegt; nicht schätzen, nicht mit 0 füllen."
uwpobs-b9f05c5ac189d51a,uwp100-jenoptik,Jenoptik,2024,Planet,Energie,renewable_electricity_share,Erneuerbarer Strom,,%,E,uwp-required-field-gap,,,required_field_gap_rendered,0.0,"UWP-Kernfeld noch nicht maschinell aus einer versionierten Primärquelle belegt; nicht schätzen, nicht mit 0 füllen."
uwpobs-a6cec6605c0e4104,uwp100-jenoptik,Jenoptik,2025,Planet,Klima/Transformationspfad,sbti_profile_available,SBTi Zielprofil sicher matchbar,,Status,E,sbti-target-dashboard,https://files.sciencebasedtargets.org/production/files/companies-excel.xlsx,,official_xlsx_import_no_safe_match,0.0,Kein sicherer SBTi-Match für Jenoptik im offiziellen Target Dashboard. Das ist keine negative Klimabewertung.
uwpobs-37881a2da3223025,uwp100-jenoptik,Jenoptik,2024,Planet,Klima,scope_1_2_ghg_absolute,Scope 1+2 absolut,,t CO2e,E,uwp-required-field-gap,,,required_field_gap_rendered,0.0,"UWP-Kernfeld noch nicht maschinell aus einer versionierten Primärquelle belegt; nicht schätzen, nicht mit 0 füllen."
uwpobs-cdaf1880247eb7b5,uwp100-jenoptik,Jenoptik,2024,Planet,Lieferkette/Klima,scope_3_ghg_absolute,Scope 3 absolut,,t CO2e,E,uwp-required-field-gap,,,required_field_gap_rendered,0.0,"UWP-Kernfeld noch nicht maschinell aus einer versionierten Primärquelle belegt; nicht schätzen, nicht mit 0 füllen."
uwpobs-d5f588f24e6ef05f,uwp100-jenoptik,Jenoptik,2024,Transformation,EU-Taxonomie,taxonomy_aligned_revenue_share,Taxonomie-konformer Umsatzanteil,,%,E,uwp-required-field-gap,,,required_field_gap_rendered,0.0,"UWP-Kernfeld noch nicht maschinell aus einer versionierten Primärquelle belegt; nicht schätzen, nicht mit 0 füllen."
uwpobs-e934962ac958ce78,uwp100-jungheinrich,Jungheinrich,2024,Datenqualität,Quellenstand,sbti_date_updated,SBTi Datenstand,2024-01-04,Datum,A,sbti-target-dashboard,https://files.sciencebasedtargets.org/production/files/companies-excel.xlsx,Jungheinrich AG,official_xlsx_import:safe_name_match,0.86,SBTi-Zieldaten; kein Nachweis tatsächlicher Emissionsreduktion.
uwpobs-9d8ade40661a3d96,uwp100-jungheinrich,Jungheinrich,2024,Planet,Klima/Transformationspfad,sbti_ba15_date,SBTi Business Ambition 1.5C Datum,2021-05-27,Datum,B,sbti-target-dashboard,https://files.sciencebasedtargets.org/production/files/companies-excel.xlsx,Jungheinrich AG,official_xlsx_import:safe_name_match,0.86,SBTi-Zieldaten; kein Nachweis tatsächlicher Emissionsreduktion.
uwpobs-593f74eb33e38bef,uwp100-jungheinrich,Jungheinrich,2024,Planet,Klima/Transformationspfad,sbti_ba15_status,SBTi Business Ambition 1.5C Status,BA1.5 member,Status,B,sbti-target-dashboard,https://files.sciencebasedtargets.org/production/files/companies-excel.xlsx,Jungheinrich AG,official_xlsx_import:safe_name_match,0.86,SBTi-Zieldaten; kein Nachweis tatsächlicher Emissionsreduktion.
uwpobs-b3a012f23773aaf2,uwp100-jungheinrich,Jungheinrich,2024,Planet,Klima/Transformationspfad,sbti_full_target_language,SBTi Zieltext,"Overall Net-Zero Target
Jungheinrich AG commits to reach net-zero greenhouse gas emissions across the value
chain by 2050 from a 2021 base year.
Near-Term Targets
Jungheinrich AG commits to reduce absolute scope 1 GHG emissions 42% by 2030 from a
2021 base year. Jungheinrich AG also commits to increase active annual sourcing of
renewable electricity from 70% in 2021 to 100% by 2030. Jungheinrich AG further commits
to reduce absolute scope 3 GHG emissions 25% within the same timeframe.
Long-Term Targets
Jungheinrich AG commits to reduce absolute scope 1 and 2 GHG emissions 90% by 2050
from a 2021 base year. Jungheinrich AG commits to reduce absolute scope 3 GHG emissions
90% within the same timeframe.",Text,B,sbti-target-dashboard,https://files.sciencebasedtargets.org/production/files/companies-excel.xlsx,Jungheinrich AG,official_xlsx_import:safe_name_match,0.86,SBTi-Zieldaten; kein Nachweis tatsächlicher Emissionsreduktion.
uwpobs-a6fa983d6919911f,uwp100-jungheinrich,Jungheinrich,2024,Planet,Klima/Transformationspfad,sbti_near_term_status,SBTi Near-Term Zielstatus,Targets set,Status,A,sbti-target-dashboard,https://files.sciencebasedtargets.org/production/files/companies-excel.xlsx,Jungheinrich AG,official_xlsx_import:safe_name_match,0.86,SBTi-Zieldaten; kein Nachweis tatsächlicher Emissionsreduktion.
uwpobs-035cf21c000cdce6,uwp100-jungheinrich,Jungheinrich,2024,Planet,Klima/Transformationspfad,sbti_near_term_target_classification,SBTi Near-Term Zielklassifikation,1.5°C,Klassifikation,A,sbti-target-dashboard,https://files.sciencebasedtargets.org/production/files/companies-excel.xlsx,Jungheinrich AG,official_xlsx_import:safe_name_match,0.86,SBTi-Zieldaten; kein Nachweis tatsächlicher Emissionsreduktion.
uwpobs-babb5fbb07566f2d,uwp100-jungheinrich,Jungheinrich,2024,Planet,Klima/Transformationspfad,sbti_near_term_target_year,SBTi Near-Term Zieljahr,2030,Jahr,A,sbti-target-dashboard,https://files.sciencebasedtargets.org/production/files/companies-excel.xlsx,Jungheinrich AG,official_xlsx_import:safe_name_match,0.86,SBTi-Zieldaten; kein Nachweis tatsächlicher Emissionsreduktion.
uwpobs-50b905f1657a79ce,uwp100-jungheinrich,Jungheinrich,2024,Planet,Klima/Transformationspfad,sbti_target_classification_long,SBTi Zielklassifikation Langtext,The targets covering greenhouse gas emissions from company operations (scopes 1 and 2) are consistent with reductions required to keep warming to 1.5°C,Text,B,sbti-target-dashboard,https://files.sciencebasedtargets.org/production/files/companies-excel.xlsx,Jungheinrich AG,official_xlsx_import:safe_name_match,0.86,SBTi-Zieldaten; kein Nachweis tatsächlicher Emissionsreduktion.
uwpobs-591469c67d3f2b2e,uwp100-jungheinrich,Jungheinrich,2024,Transformation,Net-Zero/Transformation,sbti_long_term_status,SBTi Long-Term Zielstatus,Targets set,Status,A,sbti-target-dashboard,https://files.sciencebasedtargets.org/production/files/companies-excel.xlsx,Jungheinrich AG,official_xlsx_import:safe_name_match,0.86,SBTi-Zieldaten; kein Nachweis tatsächlicher Emissionsreduktion.
uwpobs-ff87549d1f60195d,uwp100-jungheinrich,Jungheinrich,2024,Transformation,Net-Zero/Transformation,sbti_long_term_target_classification,SBTi Long-Term Zielklassifikation,1.5°C,Klassifikation,A,sbti-target-dashboard,https://files.sciencebasedtargets.org/production/files/companies-excel.xlsx,Jungheinrich AG,official_xlsx_import:safe_name_match,0.86,SBTi-Zieldaten; kein Nachweis tatsächlicher Emissionsreduktion.
uwpobs-013e45cb4093ff41,uwp100-jungheinrich,Jungheinrich,2024,Transformation,Net-Zero/Transformation,sbti_long_term_target_year,SBTi Long-Term Zieljahr,2050,Jahr,A,sbti-target-dashboard,https://files.sciencebasedtargets.org/production/files/companies-excel.xlsx,Jungheinrich AG,official_xlsx_import:safe_name_match,0.86,SBTi-Zieldaten; kein Nachweis tatsächlicher Emissionsreduktion.
uwpobs-33dc7f10050be7c7,uwp100-jungheinrich,Jungheinrich,2024,Transformation,Net-Zero/Transformation,sbti_net_zero_status,SBTi Net-Zero Status,Targets set,Status,A,sbti-target-dashboard,https://files.sciencebasedtargets.org/production/files/companies-excel.xlsx,Jungheinrich AG,official_xlsx_import:safe_name_match,0.86,SBTi-Zieldaten; kein Nachweis tatsächlicher Emissionsreduktion.
uwpobs-eff6a0e6da33173f,uwp100-jungheinrich,Jungheinrich,2024,Transformation,Net-Zero/Transformation,sbti_net_zero_year,SBTi Net-Zero Zieljahr,2050,Jahr,A,sbti-target-dashboard,https://files.sciencebasedtargets.org/production/files/companies-excel.xlsx,Jungheinrich AG,official_xlsx_import:safe_name_match,0.86,SBTi-Zieldaten; kein Nachweis tatsächlicher Emissionsreduktion.
uwpobs-844a8c81269927ab,uwp100-jungheinrich,Jungheinrich,2024,Demokratie,Steuertransparenz,cbcr_tax_transparency,Country-by-Country Reporting / Steuertransparenz,,Status,E,uwp-required-field-gap,,,required_field_gap_rendered,0.0,"UWP-Kernfeld noch nicht maschinell aus einer versionierten Primärquelle belegt; nicht schätzen, nicht mit 0 füllen."
uwpobs-8214259f796d7885,uwp100-jungheinrich,Jungheinrich,2024,Demokratie,Datenschutz,data_privacy_incidents,Datenschutzverstöße / Bußgelder,,Anzahl/Status,E,uwp-required-field-gap,,,required_field_gap_rendered,0.0,"UWP-Kernfeld noch nicht maschinell aus einer versionierten Primärquelle belegt; nicht schätzen, nicht mit 0 füllen."
uwpobs-b8f128eff663e43c,uwp100-jungheinrich,Jungheinrich,2024,Demokratie,Lobbying/Einflussnahme,lobbying_transparency,Lobbying-Transparenz,,Status,E,uwp-required-field-gap,,,required_field_gap_rendered,0.0,"UWP-Kernfeld noch nicht maschinell aus einer versionierten Primärquelle belegt; nicht schätzen, nicht mit 0 füllen."
uwpobs-162e135b4499d4d9,uwp100-jungheinrich,Jungheinrich,2024,Demokratie,Compliance/Whistleblowing,whistleblowing_cases,Whistleblowing-Fälle und Abhilfe,,Anzahl/Status,E,uwp-required-field-gap,,,required_field_gap_rendered,0.0,"UWP-Kernfeld noch nicht maschinell aus einer versionierten Primärquelle belegt; nicht schätzen, nicht mit 0 füllen."
uwpobs-b11ced0ada16a47c,uwp100-jungheinrich,Jungheinrich,2024,Mensch,Arbeitssicherheit,ltifr,Lost Time Injury Frequency Rate,,je Mio. Arbeitsstunden,E,uwp-required-field-gap,,,required_field_gap_rendered,0.0,"UWP-Kernfeld noch nicht maschinell aus einer versionierten Primärquelle belegt; nicht schätzen, nicht mit 0 füllen."
uwpobs-958639589719b7b8,uwp100-jungheinrich,Jungheinrich,2024,Mensch,Diversität/Teilhabe,women_management_share,Frauenanteil Management,,%,E,uwp-required-field-gap,,,required_field_gap_rendered,0.0,"UWP-Kernfeld noch nicht maschinell aus einer versionierten Primärquelle belegt; nicht schätzen, nicht mit 0 füllen."
uwpobs-823b495aa36d9a52,uwp100-jungheinrich,Jungheinrich,2024,Planet,Energie,renewable_electricity_share,Erneuerbarer Strom,,%,E,uwp-required-field-gap,,,required_field_gap_rendered,0.0,"UWP-Kernfeld noch nicht maschinell aus einer versionierten Primärquelle belegt; nicht schätzen, nicht mit 0 füllen."
uwpobs-bb84234fc8099d79,uwp100-jungheinrich,Jungheinrich,2024,Planet,Klima,scope_1_2_ghg_absolute,Scope 1+2 absolut,,t CO2e,E,uwp-required-field-gap,,,required_field_gap_rendered,0.0,"UWP-Kernfeld noch nicht maschinell aus einer versionierten Primärquelle belegt; nicht schätzen, nicht mit 0 füllen."
uwpobs-b7099a56554ed7bd,uwp100-jungheinrich,Jungheinrich,2024,Planet,Lieferkette/Klima,scope_3_ghg_absolute,Scope 3 absolut,,t CO2e,E,uwp-required-field-gap,,,required_field_gap_rendered,0.0,"UWP-Kernfeld noch nicht maschinell aus einer versionierten Primärquelle belegt; nicht schätzen, nicht mit 0 füllen."
uwpobs-8b3bcb26c348d95a,uwp100-jungheinrich,Jungheinrich,2024,Transformation,EU-Taxonomie,taxonomy_aligned_revenue_share,Taxonomie-konformer Umsatzanteil,,%,E,uwp-required-field-gap,,,required_field_gap_rendered,0.0,"UWP-Kernfeld noch nicht maschinell aus einer versionierten Primärquelle belegt; nicht schätzen, nicht mit 0 füllen."
uwpobs-c565071b3f28899d,uwp100-k-s,K+S,2024,Demokratie,Steuertransparenz,cbcr_tax_transparency,Country-by-Country Reporting / Steuertransparenz,,Status,E,uwp-required-field-gap,,,required_field_gap_rendered,0.0,"UWP-Kernfeld noch nicht maschinell aus einer versionierten Primärquelle belegt; nicht schätzen, nicht mit 0 füllen."
uwpobs-237840b4d8ead712,uwp100-k-s,K+S,2024,Demokratie,Datenschutz,data_privacy_incidents,Datenschutzverstöße / Bußgelder,,Anzahl/Status,E,uwp-required-field-gap,,,required_field_gap_rendered,0.0,"UWP-Kernfeld noch nicht maschinell aus einer versionierten Primärquelle belegt; nicht schätzen, nicht mit 0 füllen."
uwpobs-68208b24910c68e5,uwp100-k-s,K+S,2024,Demokratie,Lobbying/Einflussnahme,lobbying_transparency,Lobbying-Transparenz,,Status,E,uwp-required-field-gap,,,required_field_gap_rendered,0.0,"UWP-Kernfeld noch nicht maschinell aus einer versionierten Primärquelle belegt; nicht schätzen, nicht mit 0 füllen."
uwpobs-8f39f8d7b0b39afb,uwp100-k-s,K+S,2024,Demokratie,Compliance/Whistleblowing,whistleblowing_cases,Whistleblowing-Fälle und Abhilfe,,Anzahl/Status,E,uwp-required-field-gap,,,required_field_gap_rendered,0.0,"UWP-Kernfeld noch nicht maschinell aus einer versionierten Primärquelle belegt; nicht schätzen, nicht mit 0 füllen."
uwpobs-f2d8a033df0488a5,uwp100-k-s,K+S,2024,Mensch,Arbeitssicherheit,ltifr,Lost Time Injury Frequency Rate,,je Mio. Arbeitsstunden,E,uwp-required-field-gap,,,required_field_gap_rendered,0.0,"UWP-Kernfeld noch nicht maschinell aus einer versionierten Primärquelle belegt; nicht schätzen, nicht mit 0 füllen."
uwpobs-f2ad57500f6b2da4,uwp100-k-s,K+S,2024,Mensch,Diversität/Teilhabe,women_management_share,Frauenanteil Management,,%,E,uwp-required-field-gap,,,required_field_gap_rendered,0.0,"UWP-Kernfeld noch nicht maschinell aus einer versionierten Primärquelle belegt; nicht schätzen, nicht mit 0 füllen."
uwpobs-f54053e949b636d3,uwp100-k-s,K+S,2024,Planet,Energie,renewable_electricity_share,Erneuerbarer Strom,,%,E,uwp-required-field-gap,,,required_field_gap_rendered,0.0,"UWP-Kernfeld noch nicht maschinell aus einer versionierten Primärquelle belegt; nicht schätzen, nicht mit 0 füllen."
uwpobs-e4e33d03fef19631,uwp100-k-s,K+S,2025,Planet,Klima/Transformationspfad,sbti_profile_available,SBTi Zielprofil sicher matchbar,,Status,E,sbti-target-dashboard,https://files.sciencebasedtargets.org/production/files/companies-excel.xlsx,,official_xlsx_import_no_safe_match,0.0,Kein sicherer SBTi-Match für K+S im offiziellen Target Dashboard. Das ist keine negative Klimabewertung.
uwpobs-cbbf93875905e577,uwp100-k-s,K+S,2024,Planet,Klima,scope_1_2_ghg_absolute,Scope 1+2 absolut,,t CO2e,E,uwp-required-field-gap,,,required_field_gap_rendered,0.0,"UWP-Kernfeld noch nicht maschinell aus einer versionierten Primärquelle belegt; nicht schätzen, nicht mit 0 füllen."
uwpobs-44acb1331d838ac1,uwp100-k-s,K+S,2024,Planet,Lieferkette/Klima,scope_3_ghg_absolute,Scope 3 absolut,,t CO2e,E,uwp-required-field-gap,,,required_field_gap_rendered,0.0,"UWP-Kernfeld noch nicht maschinell aus einer versionierten Primärquelle belegt; nicht schätzen, nicht mit 0 füllen."
uwpobs-9c8a2cc35de14691,uwp100-k-s,K+S,2024,Transformation,EU-Taxonomie,taxonomy_aligned_revenue_share,Taxonomie-konformer Umsatzanteil,,%,E,uwp-required-field-gap,,,required_field_gap_rendered,0.0,"UWP-Kernfeld noch nicht maschinell aus einer versionierten Primärquelle belegt; nicht schätzen, nicht mit 0 füllen."
uwpobs-6df7e60bb053dce5,uwp100-kion,KION Group,2024,Datenqualität,Quellenstand,sbti_date_updated,SBTi Datenstand,2024-12-05,Datum,A,sbti-target-dashboard,https://files.sciencebasedtargets.org/production/files/companies-excel.xlsx,KION GROUP AG,official_xlsx_import:safe_name_match,0.86,SBTi-Zieldaten; kein Nachweis tatsächlicher Emissionsreduktion.
uwpobs-64c6cf9f19ee5ee0,uwp100-kion,KION Group,2024,Planet,Klima/Transformationspfad,sbti_full_target_language,SBTi Zieltext,"Overall Net-Zero Target: 
KION Group AG commits to reach net-zero greenhouse gas emissions across the value chain by 2050.
Near-Term Targets: 
KION GROUP AG commits to reduce absolute scope 1 and 2 GHG emissions 42% by 2030 from a 2021 base year. KION GROUP AG also commits to reduce absolute scope 3 GHG emissions from use of sold products and downstream leased assets 25% within the same timeframe. KION GROUP AG further commits that 5% of its suppliers by emissions covering purchased goods and services will have science-based targets by 2029.
Long-Term Targets: 
KION GROUP AG commits to reduce absolute scope 1, 2 and 3 GHG emissions 90% by 2050 from a 2021 base year.",Text,B,sbti-target-dashboard,https://files.sciencebasedtargets.org/production/files/companies-excel.xlsx,KION GROUP AG,official_xlsx_import:safe_name_match,0.86,SBTi-Zieldaten; kein Nachweis tatsächlicher Emissionsreduktion.
uwpobs-15ff43c4b9979987,uwp100-kion,KION Group,2024,Planet,Klima/Transformationspfad,sbti_near_term_status,SBTi Near-Term Zielstatus,Targets set,Status,A,sbti-target-dashboard,https://files.sciencebasedtargets.org/production/files/companies-excel.xlsx,KION GROUP AG,official_xlsx_import:safe_name_match,0.86,SBTi-Zieldaten; kein Nachweis tatsächlicher Emissionsreduktion.
uwpobs-f80936c33c7e289d,uwp100-kion,KION Group,2024,Planet,Klima/Transformationspfad,sbti_near_term_target_classification,SBTi Near-Term Zielklassifikation,1.5°C,Klassifikation,A,sbti-target-dashboard,https://files.sciencebasedtargets.org/production/files/companies-excel.xlsx,KION GROUP AG,official_xlsx_import:safe_name_match,0.86,SBTi-Zieldaten; kein Nachweis tatsächlicher Emissionsreduktion.
uwpobs-74b7f5fde56eaa0d,uwp100-kion,KION Group,2024,Planet,Klima/Transformationspfad,sbti_near_term_target_year,SBTi Near-Term Zieljahr,2030,Jahr,A,sbti-target-dashboard,https://files.sciencebasedtargets.org/production/files/companies-excel.xlsx,KION GROUP AG,official_xlsx_import:safe_name_match,0.86,SBTi-Zieldaten; kein Nachweis tatsächlicher Emissionsreduktion.
uwpobs-1bc55d368cfc25b9,uwp100-kion,KION Group,2024,Planet,Klima/Transformationspfad,sbti_target_classification_long,SBTi Zielklassifikation Langtext,The targets covering greenhouse gas emissions from company operations (scopes 1 and 2) are consistent with reductions required to keep warming to 1.5°C,Text,B,sbti-target-dashboard,https://files.sciencebasedtargets.org/production/files/companies-excel.xlsx,KION GROUP AG,official_xlsx_import:safe_name_match,0.86,SBTi-Zieldaten; kein Nachweis tatsächlicher Emissionsreduktion.
uwpobs-5564282e9ce848c6,uwp100-kion,KION Group,2024,Transformation,Net-Zero/Transformation,sbti_long_term_status,SBTi Long-Term Zielstatus,Targets set,Status,A,sbti-target-dashboard,https://files.sciencebasedtargets.org/production/files/companies-excel.xlsx,KION GROUP AG,official_xlsx_import:safe_name_match,0.86,SBTi-Zieldaten; kein Nachweis tatsächlicher Emissionsreduktion.
uwpobs-79ef11fee0adc526,uwp100-kion,KION Group,2024,Transformation,Net-Zero/Transformation,sbti_long_term_target_classification,SBTi Long-Term Zielklassifikation,1.5°C,Klassifikation,A,sbti-target-dashboard,https://files.sciencebasedtargets.org/production/files/companies-excel.xlsx,KION GROUP AG,official_xlsx_import:safe_name_match,0.86,SBTi-Zieldaten; kein Nachweis tatsächlicher Emissionsreduktion.
uwpobs-e4fd2f080bb7a322,uwp100-kion,KION Group,2024,Transformation,Net-Zero/Transformation,sbti_long_term_target_year,SBTi Long-Term Zieljahr,2050,Jahr,A,sbti-target-dashboard,https://files.sciencebasedtargets.org/production/files/companies-excel.xlsx,KION GROUP AG,official_xlsx_import:safe_name_match,0.86,SBTi-Zieldaten; kein Nachweis tatsächlicher Emissionsreduktion.
uwpobs-da781bd78f767df2,uwp100-kion,KION Group,2024,Transformation,Net-Zero/Transformation,sbti_net_zero_status,SBTi Net-Zero Status,Targets set,Status,A,sbti-target-dashboard,https://files.sciencebasedtargets.org/production/files/companies-excel.xlsx,KION GROUP AG,official_xlsx_import:safe_name_match,0.86,SBTi-Zieldaten; kein Nachweis tatsächlicher Emissionsreduktion.
uwpobs-262b082d04d01bef,uwp100-kion,KION Group,2024,Transformation,Net-Zero/Transformation,sbti_net_zero_year,SBTi Net-Zero Zieljahr,2050,Jahr,A,sbti-target-dashboard,https://files.sciencebasedtargets.org/production/files/companies-excel.xlsx,KION GROUP AG,official_xlsx_import:safe_name_match,0.86,SBTi-Zieldaten; kein Nachweis tatsächlicher Emissionsreduktion.
uwpobs-ee2bd747fe1bc6d3,uwp100-kion,KION Group,2024,Demokratie,Steuertransparenz,cbcr_tax_transparency,Country-by-Country Reporting / Steuertransparenz,,Status,E,uwp-required-field-gap,,,required_field_gap_rendered,0.0,"UWP-Kernfeld noch nicht maschinell aus einer versionierten Primärquelle belegt; nicht schätzen, nicht mit 0 füllen."
uwpobs-1925620335cb2879,uwp100-kion,KION Group,2024,Demokratie,Datenschutz,data_privacy_incidents,Datenschutzverstöße / Bußgelder,,Anzahl/Status,E,uwp-required-field-gap,,,required_field_gap_rendered,0.0,"UWP-Kernfeld noch nicht maschinell aus einer versionierten Primärquelle belegt; nicht schätzen, nicht mit 0 füllen."
uwpobs-b44ed393d3b609ed,uwp100-kion,KION Group,2024,Demokratie,Lobbying/Einflussnahme,lobbying_transparency,Lobbying-Transparenz,,Status,E,uwp-required-field-gap,,,required_field_gap_rendered,0.0,"UWP-Kernfeld noch nicht maschinell aus einer versionierten Primärquelle belegt; nicht schätzen, nicht mit 0 füllen."
uwpobs-252924da5e6b8f7d,uwp100-kion,KION Group,2024,Demokratie,Compliance/Whistleblowing,whistleblowing_cases,Whistleblowing-Fälle und Abhilfe,,Anzahl/Status,E,uwp-required-field-gap,,,required_field_gap_rendered,0.0,"UWP-Kernfeld noch nicht maschinell aus einer versionierten Primärquelle belegt; nicht schätzen, nicht mit 0 füllen."
uwpobs-51b72a52d53ad0ac,uwp100-kion,KION Group,2024,Mensch,Arbeitssicherheit,ltifr,Lost Time Injury Frequency Rate,,je Mio. Arbeitsstunden,E,uwp-required-field-gap,,,required_field_gap_rendered,0.0,"UWP-Kernfeld noch nicht maschinell aus einer versionierten Primärquelle belegt; nicht schätzen, nicht mit 0 füllen."
uwpobs-ccc6c2c09e09dcbe,uwp100-kion,KION Group,2024,Mensch,Diversität/Teilhabe,women_management_share,Frauenanteil Management,,%,E,uwp-required-field-gap,,,required_field_gap_rendered,0.0,"UWP-Kernfeld noch nicht maschinell aus einer versionierten Primärquelle belegt; nicht schätzen, nicht mit 0 füllen."
uwpobs-19e2fbd1723c4c86,uwp100-kion,KION Group,2024,Planet,Energie,renewable_electricity_share,Erneuerbarer Strom,,%,E,uwp-required-field-gap,,,required_field_gap_rendered,0.0,"UWP-Kernfeld noch nicht maschinell aus einer versionierten Primärquelle belegt; nicht schätzen, nicht mit 0 füllen."
uwpobs-26f6fbd7f281808f,uwp100-kion,KION Group,2024,Planet,Klima,scope_1_2_ghg_absolute,Scope 1+2 absolut,,t CO2e,E,uwp-required-field-gap,,,required_field_gap_rendered,0.0,"UWP-Kernfeld noch nicht maschinell aus einer versionierten Primärquelle belegt; nicht schätzen, nicht mit 0 füllen."
uwpobs-99be7147e860adf8,uwp100-kion,KION Group,2024,Planet,Lieferkette/Klima,scope_3_ghg_absolute,Scope 3 absolut,,t CO2e,E,uwp-required-field-gap,,,required_field_gap_rendered,0.0,"UWP-Kernfeld noch nicht maschinell aus einer versionierten Primärquelle belegt; nicht schätzen, nicht mit 0 füllen."
uwpobs-fb24856712807e29,uwp100-kion,KION Group,2024,Transformation,EU-Taxonomie,taxonomy_aligned_revenue_share,Taxonomie-konformer Umsatzanteil,,%,E,uwp-required-field-gap,,,required_field_gap_rendered,0.0,"UWP-Kernfeld noch nicht maschinell aus einer versionierten Primärquelle belegt; nicht schätzen, nicht mit 0 füllen."
uwpobs-5969b472662d5e9e,uwp100-knorr-bremse,Knorr-Bremse,2023,Datenqualität,Quellenstand,sbti_date_updated,SBTi Datenstand,2023-07-13,Datum,A,sbti-target-dashboard,https://files.sciencebasedtargets.org/production/files/companies-excel.xlsx,Knorr-Bremse AG,official_xlsx_import:safe_name_match,0.86,SBTi-Zieldaten; kein Nachweis tatsächlicher Emissionsreduktion.
uwpobs-da758d4382a3095f,uwp100-knorr-bremse,Knorr-Bremse,2023,Planet,Klima/Transformationspfad,sbti_full_target_language,SBTi Zieltext,"Knorr-Bremse AG commits to reduce absolute scope 1 and 2 GHG
emissions 75% by 2030 from a 2018 base year. Knorr-Bremse AG also
commits to reduce absolute scope 3 GHG emissions from purchased goods
and services, upstream transport and distribution and use of sold products
25% by 2030 from a 2021 base year.",Text,B,sbti-target-dashboard,https://files.sciencebasedtargets.org/production/files/companies-excel.xlsx,Knorr-Bremse AG,official_xlsx_import:safe_name_match,0.86,SBTi-Zieldaten; kein Nachweis tatsächlicher Emissionsreduktion.
uwpobs-91f794e0729e6167,uwp100-knorr-bremse,Knorr-Bremse,2023,Planet,Klima/Transformationspfad,sbti_near_term_status,SBTi Near-Term Zielstatus,Targets set,Status,A,sbti-target-dashboard,https://files.sciencebasedtargets.org/production/files/companies-excel.xlsx,Knorr-Bremse AG,official_xlsx_import:safe_name_match,0.86,SBTi-Zieldaten; kein Nachweis tatsächlicher Emissionsreduktion.
uwpobs-ebbdfdc87909d75d,uwp100-knorr-bremse,Knorr-Bremse,2023,Planet,Klima/Transformationspfad,sbti_near_term_target_classification,SBTi Near-Term Zielklassifikation,1.5°C,Klassifikation,A,sbti-target-dashboard,https://files.sciencebasedtargets.org/production/files/companies-excel.xlsx,Knorr-Bremse AG,official_xlsx_import:safe_name_match,0.86,SBTi-Zieldaten; kein Nachweis tatsächlicher Emissionsreduktion.
uwpobs-db5e7f81bacc9c22,uwp100-knorr-bremse,Knorr-Bremse,2023,Planet,Klima/Transformationspfad,sbti_near_term_target_year,SBTi Near-Term Zieljahr,2030,Jahr,A,sbti-target-dashboard,https://files.sciencebasedtargets.org/production/files/companies-excel.xlsx,Knorr-Bremse AG,official_xlsx_import:safe_name_match,0.86,SBTi-Zieldaten; kein Nachweis tatsächlicher Emissionsreduktion.
uwpobs-a6ceda3198d44bdd,uwp100-knorr-bremse,Knorr-Bremse,2023,Planet,Klima/Transformationspfad,sbti_target_classification_long,SBTi Zielklassifikation Langtext,The targets covering greenhouse gas emissions from company operations (scopes 1 and 2) are consistent with reductions required to keep warming to 1.5°C,Text,B,sbti-target-dashboard,https://files.sciencebasedtargets.org/production/files/companies-excel.xlsx,Knorr-Bremse AG,official_xlsx_import:safe_name_match,0.86,SBTi-Zieldaten; kein Nachweis tatsächlicher Emissionsreduktion.
uwpobs-29e2d097b2d4e852,uwp100-knorr-bremse,Knorr-Bremse,2024,Demokratie,Steuertransparenz,cbcr_tax_transparency,Country-by-Country Reporting / Steuertransparenz,,Status,E,uwp-required-field-gap,,,required_field_gap_rendered,0.0,"UWP-Kernfeld noch nicht maschinell aus einer versionierten Primärquelle belegt; nicht schätzen, nicht mit 0 füllen."
uwpobs-576eec8d95b5994f,uwp100-knorr-bremse,Knorr-Bremse,2024,Demokratie,Datenschutz,data_privacy_incidents,Datenschutzverstöße / Bußgelder,,Anzahl/Status,E,uwp-required-field-gap,,,required_field_gap_rendered,0.0,"UWP-Kernfeld noch nicht maschinell aus einer versionierten Primärquelle belegt; nicht schätzen, nicht mit 0 füllen."
uwpobs-c81a509380896b8d,uwp100-knorr-bremse,Knorr-Bremse,2024,Demokratie,Lobbying/Einflussnahme,lobbying_transparency,Lobbying-Transparenz,,Status,E,uwp-required-field-gap,,,required_field_gap_rendered,0.0,"UWP-Kernfeld noch nicht maschinell aus einer versionierten Primärquelle belegt; nicht schätzen, nicht mit 0 füllen."
uwpobs-df8e7dc98855b0b7,uwp100-knorr-bremse,Knorr-Bremse,2024,Demokratie,Compliance/Whistleblowing,whistleblowing_cases,Whistleblowing-Fälle und Abhilfe,,Anzahl/Status,E,uwp-required-field-gap,,,required_field_gap_rendered,0.0,"UWP-Kernfeld noch nicht maschinell aus einer versionierten Primärquelle belegt; nicht schätzen, nicht mit 0 füllen."
uwpobs-98760afa15cc0196,uwp100-knorr-bremse,Knorr-Bremse,2024,Mensch,Arbeitssicherheit,ltifr,Lost Time Injury Frequency Rate,,je Mio. Arbeitsstunden,E,uwp-required-field-gap,,,required_field_gap_rendered,0.0,"UWP-Kernfeld noch nicht maschinell aus einer versionierten Primärquelle belegt; nicht schätzen, nicht mit 0 füllen."
uwpobs-8ccbed261858b311,uwp100-knorr-bremse,Knorr-Bremse,2024,Mensch,Diversität/Teilhabe,women_management_share,Frauenanteil Management,,%,E,uwp-required-field-gap,,,required_field_gap_rendered,0.0,"UWP-Kernfeld noch nicht maschinell aus einer versionierten Primärquelle belegt; nicht schätzen, nicht mit 0 füllen."
uwpobs-719aed40847631d9,uwp100-knorr-bremse,Knorr-Bremse,2024,Planet,Energie,renewable_electricity_share,Erneuerbarer Strom,,%,E,uwp-required-field-gap,,,required_field_gap_rendered,0.0,"UWP-Kernfeld noch nicht maschinell aus einer versionierten Primärquelle belegt; nicht schätzen, nicht mit 0 füllen."
uwpobs-d13f4ff9623d4c7c,uwp100-knorr-bremse,Knorr-Bremse,2024,Planet,Klima,scope_1_2_ghg_absolute,Scope 1+2 absolut,,t CO2e,E,uwp-required-field-gap,,,required_field_gap_rendered,0.0,"UWP-Kernfeld noch nicht maschinell aus einer versionierten Primärquelle belegt; nicht schätzen, nicht mit 0 füllen."
uwpobs-cd15d2b9289a3b2c,uwp100-knorr-bremse,Knorr-Bremse,2024,Planet,Lieferkette/Klima,scope_3_ghg_absolute,Scope 3 absolut,,t CO2e,E,uwp-required-field-gap,,,required_field_gap_rendered,0.0,"UWP-Kernfeld noch nicht maschinell aus einer versionierten Primärquelle belegt; nicht schätzen, nicht mit 0 füllen."
uwpobs-9d0faff8288237d5,uwp100-knorr-bremse,Knorr-Bremse,2024,Transformation,EU-Taxonomie,taxonomy_aligned_revenue_share,Taxonomie-konformer Umsatzanteil,,%,E,uwp-required-field-gap,,,required_field_gap_rendered,0.0,"UWP-Kernfeld noch nicht maschinell aus einer versionierten Primärquelle belegt; nicht schätzen, nicht mit 0 füllen."
uwpobs-42146a68443a4990,uwp100-krones,Krones,2024,Datenqualität,Quellenstand,sbti_date_updated,SBTi Datenstand,2024-10-03,Datum,A,sbti-target-dashboard,https://files.sciencebasedtargets.org/production/files/companies-excel.xlsx,Krones AG,official_xlsx_import:safe_name_match,0.86,SBTi-Zieldaten; kein Nachweis tatsächlicher Emissionsreduktion.
uwpobs-9bd18edf60b6e774,uwp100-krones,Krones,2024,Planet,Klima/Transformationspfad,sbti_ba15_date,SBTi Business Ambition 1.5C Datum,2021-09-30,Datum,B,sbti-target-dashboard,https://files.sciencebasedtargets.org/production/files/companies-excel.xlsx,Krones AG,official_xlsx_import:safe_name_match,0.86,SBTi-Zieldaten; kein Nachweis tatsächlicher Emissionsreduktion.
uwpobs-f61afeb5fefa6a0e,uwp100-krones,Krones,2024,Planet,Klima/Transformationspfad,sbti_ba15_status,SBTi Business Ambition 1.5C Status,BA1.5 member,Status,B,sbti-target-dashboard,https://files.sciencebasedtargets.org/production/files/companies-excel.xlsx,Krones AG,official_xlsx_import:safe_name_match,0.86,SBTi-Zieldaten; kein Nachweis tatsächlicher Emissionsreduktion.
uwpobs-8e690c692ac0df85,uwp100-krones,Krones,2024,Planet,Klima/Transformationspfad,sbti_full_target_language,SBTi Zieltext,"Overall Net-Zero Target: Krones AG commits to reach net-zero greenhouse gas emissions across the value chain by 2040. Near-Term Targets: Krones AG commits to reduce absolute scope 1 and 2 GHG emissions 80% by 2030 from 2019 base year. Krones AG also commits to reduce absolute scope 3 GHG emissions 30% within the same timeframe.  Long-Term Targets: Krones AG commits to reduce absolute scope 1, 2 and 3 GHG emissions 90% by 2040 from 2019 base year.",Text,B,sbti-target-dashboard,https://files.sciencebasedtargets.org/production/files/companies-excel.xlsx,Krones AG,official_xlsx_import:safe_name_match,0.86,SBTi-Zieldaten; kein Nachweis tatsächlicher Emissionsreduktion.
uwpobs-461703b9f2ebe5dc,uwp100-krones,Krones,2024,Planet,Klima/Transformationspfad,sbti_near_term_status,SBTi Near-Term Zielstatus,Targets set,Status,A,sbti-target-dashboard,https://files.sciencebasedtargets.org/production/files/companies-excel.xlsx,Krones AG,official_xlsx_import:safe_name_match,0.86,SBTi-Zieldaten; kein Nachweis tatsächlicher Emissionsreduktion.
uwpobs-1656c8e6c68d0f59,uwp100-krones,Krones,2024,Planet,Klima/Transformationspfad,sbti_near_term_target_classification,SBTi Near-Term Zielklassifikation,1.5°C,Klassifikation,A,sbti-target-dashboard,https://files.sciencebasedtargets.org/production/files/companies-excel.xlsx,Krones AG,official_xlsx_import:safe_name_match,0.86,SBTi-Zieldaten; kein Nachweis tatsächlicher Emissionsreduktion.
uwpobs-24b4a56ca2cb5b9b,uwp100-krones,Krones,2024,Planet,Klima/Transformationspfad,sbti_near_term_target_year,SBTi Near-Term Zieljahr,2030,Jahr,A,sbti-target-dashboard,https://files.sciencebasedtargets.org/production/files/companies-excel.xlsx,Krones AG,official_xlsx_import:safe_name_match,0.86,SBTi-Zieldaten; kein Nachweis tatsächlicher Emissionsreduktion.
uwpobs-99714dfe8e9be4c6,uwp100-krones,Krones,2024,Planet,Klima/Transformationspfad,sbti_target_classification_long,SBTi Zielklassifikation Langtext,The targets covering greenhouse gas emissions from company operations (scopes 1 and 2) are consistent with reductions required to keep warming to 1.5°C,Text,B,sbti-target-dashboard,https://files.sciencebasedtargets.org/production/files/companies-excel.xlsx,Krones AG,official_xlsx_import:safe_name_match,0.86,SBTi-Zieldaten; kein Nachweis tatsächlicher Emissionsreduktion.
uwpobs-b1c4e71d24170423,uwp100-krones,Krones,2024,Transformation,Net-Zero/Transformation,sbti_long_term_status,SBTi Long-Term Zielstatus,Targets set,Status,A,sbti-target-dashboard,https://files.sciencebasedtargets.org/production/files/companies-excel.xlsx,Krones AG,official_xlsx_import:safe_name_match,0.86,SBTi-Zieldaten; kein Nachweis tatsächlicher Emissionsreduktion.
uwpobs-3c7ae5cfb51e27c3,uwp100-krones,Krones,2024,Transformation,Net-Zero/Transformation,sbti_long_term_target_classification,SBTi Long-Term Zielklassifikation,1.5°C,Klassifikation,A,sbti-target-dashboard,https://files.sciencebasedtargets.org/production/files/companies-excel.xlsx,Krones AG,official_xlsx_import:safe_name_match,0.86,SBTi-Zieldaten; kein Nachweis tatsächlicher Emissionsreduktion.
uwpobs-3893e6c9ef3c87dc,uwp100-krones,Krones,2024,Transformation,Net-Zero/Transformation,sbti_long_term_target_year,SBTi Long-Term Zieljahr,2040,Jahr,A,sbti-target-dashboard,https://files.sciencebasedtargets.org/production/files/companies-excel.xlsx,Krones AG,official_xlsx_import:safe_name_match,0.86,SBTi-Zieldaten; kein Nachweis tatsächlicher Emissionsreduktion.
uwpobs-c8cb2f9135ebe04f,uwp100-krones,Krones,2024,Transformation,Net-Zero/Transformation,sbti_net_zero_status,SBTi Net-Zero Status,Targets set,Status,A,sbti-target-dashboard,https://files.sciencebasedtargets.org/production/files/companies-excel.xlsx,Krones AG,official_xlsx_import:safe_name_match,0.86,SBTi-Zieldaten; kein Nachweis tatsächlicher Emissionsreduktion.
uwpobs-18840adbc48b4869,uwp100-krones,Krones,2024,Transformation,Net-Zero/Transformation,sbti_net_zero_year,SBTi Net-Zero Zieljahr,2040,Jahr,A,sbti-target-dashboard,https://files.sciencebasedtargets.org/production/files/companies-excel.xlsx,Krones AG,official_xlsx_import:safe_name_match,0.86,SBTi-Zieldaten; kein Nachweis tatsächlicher Emissionsreduktion.
uwpobs-a96157ad3ec75902,uwp100-krones,Krones,2024,Demokratie,Steuertransparenz,cbcr_tax_transparency,Country-by-Country Reporting / Steuertransparenz,,Status,E,uwp-required-field-gap,,,required_field_gap_rendered,0.0,"UWP-Kernfeld noch nicht maschinell aus einer versionierten Primärquelle belegt; nicht schätzen, nicht mit 0 füllen."
uwpobs-fe18311f4600ce99,uwp100-krones,Krones,2024,Demokratie,Datenschutz,data_privacy_incidents,Datenschutzverstöße / Bußgelder,,Anzahl/Status,E,uwp-required-field-gap,,,required_field_gap_rendered,0.0,"UWP-Kernfeld noch nicht maschinell aus einer versionierten Primärquelle belegt; nicht schätzen, nicht mit 0 füllen."
uwpobs-9a69376403392941,uwp100-krones,Krones,2024,Demokratie,Lobbying/Einflussnahme,lobbying_transparency,Lobbying-Transparenz,,Status,E,uwp-required-field-gap,,,required_field_gap_rendered,0.0,"UWP-Kernfeld noch nicht maschinell aus einer versionierten Primärquelle belegt; nicht schätzen, nicht mit 0 füllen."
uwpobs-6c9bf6c277d34c38,uwp100-krones,Krones,2024,Demokratie,Compliance/Whistleblowing,whistleblowing_cases,Whistleblowing-Fälle und Abhilfe,,Anzahl/Status,E,uwp-required-field-gap,,,required_field_gap_rendered,0.0,"UWP-Kernfeld noch nicht maschinell aus einer versionierten Primärquelle belegt; nicht schätzen, nicht mit 0 füllen."
uwpobs-0fc0665ea3b69a58,uwp100-krones,Krones,2024,Mensch,Arbeitssicherheit,ltifr,Lost Time Injury Frequency Rate,,je Mio. Arbeitsstunden,E,uwp-required-field-gap,,,required_field_gap_rendered,0.0,"UWP-Kernfeld noch nicht maschinell aus einer versionierten Primärquelle belegt; nicht schätzen, nicht mit 0 füllen."
uwpobs-24e723a6ef0988b3,uwp100-krones,Krones,2024,Mensch,Diversität/Teilhabe,women_management_share,Frauenanteil Management,,%,E,uwp-required-field-gap,,,required_field_gap_rendered,0.0,"UWP-Kernfeld noch nicht maschinell aus einer versionierten Primärquelle belegt; nicht schätzen, nicht mit 0 füllen."
uwpobs-321ab85267f8d8d9,uwp100-krones,Krones,2024,Planet,Energie,renewable_electricity_share,Erneuerbarer Strom,,%,E,uwp-required-field-gap,,,required_field_gap_rendered,0.0,"UWP-Kernfeld noch nicht maschinell aus einer versionierten Primärquelle belegt; nicht schätzen, nicht mit 0 füllen."
uwpobs-0e620c8186d30a12,uwp100-krones,Krones,2024,Planet,Klima,scope_1_2_ghg_absolute,Scope 1+2 absolut,,t CO2e,E,uwp-required-field-gap,,,required_field_gap_rendered,0.0,"UWP-Kernfeld noch nicht maschinell aus einer versionierten Primärquelle belegt; nicht schätzen, nicht mit 0 füllen."
uwpobs-8f14707266e2e12b,uwp100-krones,Krones,2024,Planet,Lieferkette/Klima,scope_3_ghg_absolute,Scope 3 absolut,,t CO2e,E,uwp-required-field-gap,,,required_field_gap_rendered,0.0,"UWP-Kernfeld noch nicht maschinell aus einer versionierten Primärquelle belegt; nicht schätzen, nicht mit 0 füllen."
uwpobs-7743ab23dc91cc80,uwp100-krones,Krones,2024,Transformation,EU-Taxonomie,taxonomy_aligned_revenue_share,Taxonomie-konformer Umsatzanteil,,%,E,uwp-required-field-gap,,,required_field_gap_rendered,0.0,"UWP-Kernfeld noch nicht maschinell aus einer versionierten Primärquelle belegt; nicht schätzen, nicht mit 0 füllen."
uwpobs-1a61aacea0aa6c2c,uwp100-lanxess,Lanxess,2024,Datenqualität,Quellenstand,sbti_date_updated,SBTi Datenstand,2024-01-25,Datum,A,sbti-target-dashboard,https://files.sciencebasedtargets.org/production/files/companies-excel.xlsx,LANXESS AG,official_xlsx_import:safe_name_match,0.86,SBTi-Zieldaten; kein Nachweis tatsächlicher Emissionsreduktion.
uwpobs-da8f2e50e702c6dc,uwp100-lanxess,Lanxess,2024,Planet,Klima/Transformationspfad,sbti_full_target_language,SBTi Zieltext,"Overall Net Zero Target
Lanxess AG commits to reach net-zero greenhouse gas emissions across the value chain by
2050.
Near-Term Targets
Lanxess AG commits to reduce absolute scope 1 and 2 GHG emissions 42% by 2030 from a
2021 base year*. Lanxess AG commits to reduce absolute scope 3 GHG emissions 25%
within the same timeframe.
*The target boundary includes biogenic land-related emissions and removals from bioenergy feedstocks.
Long-Term Targets
Lanxess AG commits to reduce absolute scope 1 and 2 GHG emissions 90% by 2040 from
a 2021 base year*. Lanxess AG commits to reduce absolute scope 3 GHG emissions 90% by
2050 from a 2021 base year.
*The target boundary includes biogenic land-related emissions and removals from bioenergy feedstocks.",Text,B,sbti-target-dashboard,https://files.sciencebasedtargets.org/production/files/companies-excel.xlsx,LANXESS AG,official_xlsx_import:safe_name_match,0.86,SBTi-Zieldaten; kein Nachweis tatsächlicher Emissionsreduktion.
uwpobs-39991a18e37ac91f,uwp100-lanxess,Lanxess,2024,Planet,Klima/Transformationspfad,sbti_near_term_status,SBTi Near-Term Zielstatus,Targets set,Status,A,sbti-target-dashboard,https://files.sciencebasedtargets.org/production/files/companies-excel.xlsx,LANXESS AG,official_xlsx_import:safe_name_match,0.86,SBTi-Zieldaten; kein Nachweis tatsächlicher Emissionsreduktion.
uwpobs-ebdb299ca13763b7,uwp100-lanxess,Lanxess,2024,Planet,Klima/Transformationspfad,sbti_near_term_target_classification,SBTi Near-Term Zielklassifikation,1.5°C,Klassifikation,A,sbti-target-dashboard,https://files.sciencebasedtargets.org/production/files/companies-excel.xlsx,LANXESS AG,official_xlsx_import:safe_name_match,0.86,SBTi-Zieldaten; kein Nachweis tatsächlicher Emissionsreduktion.
uwpobs-1bfa92ee464598a2,uwp100-lanxess,Lanxess,2024,Planet,Klima/Transformationspfad,sbti_near_term_target_year,SBTi Near-Term Zieljahr,2030,Jahr,A,sbti-target-dashboard,https://files.sciencebasedtargets.org/production/files/companies-excel.xlsx,LANXESS AG,official_xlsx_import:safe_name_match,0.86,SBTi-Zieldaten; kein Nachweis tatsächlicher Emissionsreduktion.
uwpobs-0a6dcc232937a603,uwp100-lanxess,Lanxess,2024,Planet,Klima/Transformationspfad,sbti_target_classification_long,SBTi Zielklassifikation Langtext,The targets covering greenhouse gas emissions from company operations (scopes 1 and 2) are consistent with reductions required to keep warming to 1.5°C,Text,B,sbti-target-dashboard,https://files.sciencebasedtargets.org/production/files/companies-excel.xlsx,LANXESS AG,official_xlsx_import:safe_name_match,0.86,SBTi-Zieldaten; kein Nachweis tatsächlicher Emissionsreduktion.
uwpobs-fb8a3178115da4fe,uwp100-lanxess,Lanxess,2024,Transformation,Net-Zero/Transformation,sbti_long_term_status,SBTi Long-Term Zielstatus,Targets set,Status,A,sbti-target-dashboard,https://files.sciencebasedtargets.org/production/files/companies-excel.xlsx,LANXESS AG,official_xlsx_import:safe_name_match,0.86,SBTi-Zieldaten; kein Nachweis tatsächlicher Emissionsreduktion.
uwpobs-2417beb7bfac0697,uwp100-lanxess,Lanxess,2024,Transformation,Net-Zero/Transformation,sbti_long_term_target_classification,SBTi Long-Term Zielklassifikation,1.5°C,Klassifikation,A,sbti-target-dashboard,https://files.sciencebasedtargets.org/production/files/companies-excel.xlsx,LANXESS AG,official_xlsx_import:safe_name_match,0.86,SBTi-Zieldaten; kein Nachweis tatsächlicher Emissionsreduktion.
uwpobs-bf91bc2bd26e03de,uwp100-lanxess,Lanxess,2024,Transformation,Net-Zero/Transformation,sbti_long_term_target_year,SBTi Long-Term Zieljahr,2050,Jahr,A,sbti-target-dashboard,https://files.sciencebasedtargets.org/production/files/companies-excel.xlsx,LANXESS AG,official_xlsx_import:safe_name_match,0.86,SBTi-Zieldaten; kein Nachweis tatsächlicher Emissionsreduktion.
uwpobs-adaea58b4758bda9,uwp100-lanxess,Lanxess,2024,Transformation,Net-Zero/Transformation,sbti_net_zero_status,SBTi Net-Zero Status,Targets set,Status,A,sbti-target-dashboard,https://files.sciencebasedtargets.org/production/files/companies-excel.xlsx,LANXESS AG,official_xlsx_import:safe_name_match,0.86,SBTi-Zieldaten; kein Nachweis tatsächlicher Emissionsreduktion.
uwpobs-4af001b2029cc412,uwp100-lanxess,Lanxess,2024,Transformation,Net-Zero/Transformation,sbti_net_zero_year,SBTi Net-Zero Zieljahr,2050,Jahr,A,sbti-target-dashboard,https://files.sciencebasedtargets.org/production/files/companies-excel.xlsx,LANXESS AG,official_xlsx_import:safe_name_match,0.86,SBTi-Zieldaten; kein Nachweis tatsächlicher Emissionsreduktion.
uwpobs-b407e51d8e355b1f,uwp100-lanxess,Lanxess,2024,Demokratie,Steuertransparenz,cbcr_tax_transparency,Country-by-Country Reporting / Steuertransparenz,,Status,E,uwp-required-field-gap,,,required_field_gap_rendered,0.0,"UWP-Kernfeld noch nicht maschinell aus einer versionierten Primärquelle belegt; nicht schätzen, nicht mit 0 füllen."
uwpobs-744b3b10664b7f2f,uwp100-lanxess,Lanxess,2024,Demokratie,Datenschutz,data_privacy_incidents,Datenschutzverstöße / Bußgelder,,Anzahl/Status,E,uwp-required-field-gap,,,required_field_gap_rendered,0.0,"UWP-Kernfeld noch nicht maschinell aus einer versionierten Primärquelle belegt; nicht schätzen, nicht mit 0 füllen."
uwpobs-1b3f86e34013a74e,uwp100-lanxess,Lanxess,2024,Demokratie,Lobbying/Einflussnahme,lobbying_transparency,Lobbying-Transparenz,,Status,E,uwp-required-field-gap,,,required_field_gap_rendered,0.0,"UWP-Kernfeld noch nicht maschinell aus einer versionierten Primärquelle belegt; nicht schätzen, nicht mit 0 füllen."
uwpobs-d09a74d4dac39631,uwp100-lanxess,Lanxess,2024,Demokratie,Compliance/Whistleblowing,whistleblowing_cases,Whistleblowing-Fälle und Abhilfe,,Anzahl/Status,E,uwp-required-field-gap,,,required_field_gap_rendered,0.0,"UWP-Kernfeld noch nicht maschinell aus einer versionierten Primärquelle belegt; nicht schätzen, nicht mit 0 füllen."
uwpobs-91b06aa79da68ea3,uwp100-lanxess,Lanxess,2024,Mensch,Arbeitssicherheit,ltifr,Lost Time Injury Frequency Rate,,je Mio. Arbeitsstunden,E,uwp-required-field-gap,,,required_field_gap_rendered,0.0,"UWP-Kernfeld noch nicht maschinell aus einer versionierten Primärquelle belegt; nicht schätzen, nicht mit 0 füllen."
uwpobs-288778dbf627db16,uwp100-lanxess,Lanxess,2024,Mensch,Diversität/Teilhabe,women_management_share,Frauenanteil Management,,%,E,uwp-required-field-gap,,,required_field_gap_rendered,0.0,"UWP-Kernfeld noch nicht maschinell aus einer versionierten Primärquelle belegt; nicht schätzen, nicht mit 0 füllen."
uwpobs-44fea2ddd41a3e7e,uwp100-lanxess,Lanxess,2024,Planet,Energie,renewable_electricity_share,Erneuerbarer Strom,,%,E,uwp-required-field-gap,,,required_field_gap_rendered,0.0,"UWP-Kernfeld noch nicht maschinell aus einer versionierten Primärquelle belegt; nicht schätzen, nicht mit 0 füllen."
uwpobs-685eedc0705e1c5f,uwp100-lanxess,Lanxess,2024,Planet,Klima,scope_1_2_ghg_absolute,Scope 1+2 absolut,,t CO2e,E,uwp-required-field-gap,,,required_field_gap_rendered,0.0,"UWP-Kernfeld noch nicht maschinell aus einer versionierten Primärquelle belegt; nicht schätzen, nicht mit 0 füllen."
uwpobs-66bf5f3fc9b5bddf,uwp100-lanxess,Lanxess,2024,Planet,Lieferkette/Klima,scope_3_ghg_absolute,Scope 3 absolut,,t CO2e,E,uwp-required-field-gap,,,required_field_gap_rendered,0.0,"UWP-Kernfeld noch nicht maschinell aus einer versionierten Primärquelle belegt; nicht schätzen, nicht mit 0 füllen."
uwpobs-adfe771ec3eb6489,uwp100-lanxess,Lanxess,2024,Transformation,EU-Taxonomie,taxonomy_aligned_revenue_share,Taxonomie-konformer Umsatzanteil,,%,E,uwp-required-field-gap,,,required_field_gap_rendered,0.0,"UWP-Kernfeld noch nicht maschinell aus einer versionierten Primärquelle belegt; nicht schätzen, nicht mit 0 füllen."
uwpobs-1e418b46633d102b,uwp100-leg-immobilien,LEG Immobilien,2025,Datenqualität,Quellenstand,sbti_date_updated,SBTi Datenstand,2025-01-09,Datum,A,sbti-target-dashboard,https://files.sciencebasedtargets.org/production/files/companies-excel.xlsx,LEG Immobilien SE,official_xlsx_import:safe_name_match,0.86,SBTi-Zieldaten; kein Nachweis tatsächlicher Emissionsreduktion.
uwpobs-e3b735e5cae94f1a,uwp100-leg-immobilien,LEG Immobilien,2025,Planet,Klima/Transformationspfad,sbti_full_target_language,SBTi Zieltext,"Near-Term Targets: LEG Immobilien SE commits to reduce absolute scope 1 and 2 GHG emissions 47.0% by 2030 from a 2019 base year.* LEG Immobilien SE also commits to reduce absolute scope 3 GHG emissions from fuel- and energy-related activities and downstream leased assets 27.5% within the same timeframe.*
*The target boundary includes land-related emissions and removals from bioenergy feedstocks. ",Text,B,sbti-target-dashboard,https://files.sciencebasedtargets.org/production/files/companies-excel.xlsx,LEG Immobilien SE,official_xlsx_import:safe_name_match,0.86,SBTi-Zieldaten; kein Nachweis tatsächlicher Emissionsreduktion.
uwpobs-ebd62132bae46f55,uwp100-leg-immobilien,LEG Immobilien,2025,Planet,Klima/Transformationspfad,sbti_near_term_status,SBTi Near-Term Zielstatus,Targets set,Status,A,sbti-target-dashboard,https://files.sciencebasedtargets.org/production/files/companies-excel.xlsx,LEG Immobilien SE,official_xlsx_import:safe_name_match,0.86,SBTi-Zieldaten; kein Nachweis tatsächlicher Emissionsreduktion.
uwpobs-fc4477e625b2360d,uwp100-leg-immobilien,LEG Immobilien,2025,Planet,Klima/Transformationspfad,sbti_near_term_target_classification,SBTi Near-Term Zielklassifikation,1.5°C,Klassifikation,A,sbti-target-dashboard,https://files.sciencebasedtargets.org/production/files/companies-excel.xlsx,LEG Immobilien SE,official_xlsx_import:safe_name_match,0.86,SBTi-Zieldaten; kein Nachweis tatsächlicher Emissionsreduktion.
uwpobs-13d985c0f0ef4c79,uwp100-leg-immobilien,LEG Immobilien,2025,Planet,Klima/Transformationspfad,sbti_near_term_target_year,SBTi Near-Term Zieljahr,2030,Jahr,A,sbti-target-dashboard,https://files.sciencebasedtargets.org/production/files/companies-excel.xlsx,LEG Immobilien SE,official_xlsx_import:safe_name_match,0.86,SBTi-Zieldaten; kein Nachweis tatsächlicher Emissionsreduktion.
uwpobs-05a349034f23c053,uwp100-leg-immobilien,LEG Immobilien,2025,Planet,Klima/Transformationspfad,sbti_target_classification_long,SBTi Zielklassifikation Langtext,The targets covering greenhouse gas emissions from company operations (scopes 1 and 2) are consistent with reductions required to keep warming to 1.5°C,Text,B,sbti-target-dashboard,https://files.sciencebasedtargets.org/production/files/companies-excel.xlsx,LEG Immobilien SE,official_xlsx_import:safe_name_match,0.86,SBTi-Zieldaten; kein Nachweis tatsächlicher Emissionsreduktion.
uwpobs-e861a5ec29a93afb,uwp100-leg-immobilien,LEG Immobilien,2024,Demokratie,Steuertransparenz,cbcr_tax_transparency,Country-by-Country Reporting / Steuertransparenz,,Status,E,uwp-required-field-gap,,,required_field_gap_rendered,0.0,"UWP-Kernfeld noch nicht maschinell aus einer versionierten Primärquelle belegt; nicht schätzen, nicht mit 0 füllen."
uwpobs-7fa298f10c6c0d1b,uwp100-leg-immobilien,LEG Immobilien,2024,Demokratie,Datenschutz,data_privacy_incidents,Datenschutzverstöße / Bußgelder,,Anzahl/Status,E,uwp-required-field-gap,,,required_field_gap_rendered,0.0,"UWP-Kernfeld noch nicht maschinell aus einer versionierten Primärquelle belegt; nicht schätzen, nicht mit 0 füllen."
uwpobs-5c2066d720b971cf,uwp100-leg-immobilien,LEG Immobilien,2024,Demokratie,Lobbying/Einflussnahme,lobbying_transparency,Lobbying-Transparenz,,Status,E,uwp-required-field-gap,,,required_field_gap_rendered,0.0,"UWP-Kernfeld noch nicht maschinell aus einer versionierten Primärquelle belegt; nicht schätzen, nicht mit 0 füllen."
uwpobs-b13c49cf8b5e0b92,uwp100-leg-immobilien,LEG Immobilien,2024,Demokratie,Compliance/Whistleblowing,whistleblowing_cases,Whistleblowing-Fälle und Abhilfe,,Anzahl/Status,E,uwp-required-field-gap,,,required_field_gap_rendered,0.0,"UWP-Kernfeld noch nicht maschinell aus einer versionierten Primärquelle belegt; nicht schätzen, nicht mit 0 füllen."
uwpobs-52a1fe06a2700176,uwp100-leg-immobilien,LEG Immobilien,2024,Mensch,Arbeitssicherheit,ltifr,Lost Time Injury Frequency Rate,,je Mio. Arbeitsstunden,E,uwp-required-field-gap,,,required_field_gap_rendered,0.0,"UWP-Kernfeld noch nicht maschinell aus einer versionierten Primärquelle belegt; nicht schätzen, nicht mit 0 füllen."
uwpobs-16f1fd17250e6ab3,uwp100-leg-immobilien,LEG Immobilien,2024,Mensch,Diversität/Teilhabe,women_management_share,Frauenanteil Management,,%,E,uwp-required-field-gap,,,required_field_gap_rendered,0.0,"UWP-Kernfeld noch nicht maschinell aus einer versionierten Primärquelle belegt; nicht schätzen, nicht mit 0 füllen."
uwpobs-3210885291b31270,uwp100-leg-immobilien,LEG Immobilien,2024,Planet,Energie,renewable_electricity_share,Erneuerbarer Strom,,%,E,uwp-required-field-gap,,,required_field_gap_rendered,0.0,"UWP-Kernfeld noch nicht maschinell aus einer versionierten Primärquelle belegt; nicht schätzen, nicht mit 0 füllen."
uwpobs-0be8341e9f316cb7,uwp100-leg-immobilien,LEG Immobilien,2024,Planet,Klima,scope_1_2_ghg_absolute,Scope 1+2 absolut,,t CO2e,E,uwp-required-field-gap,,,required_field_gap_rendered,0.0,"UWP-Kernfeld noch nicht maschinell aus einer versionierten Primärquelle belegt; nicht schätzen, nicht mit 0 füllen."
uwpobs-e7192c13a0e0fd85,uwp100-leg-immobilien,LEG Immobilien,2024,Planet,Lieferkette/Klima,scope_3_ghg_absolute,Scope 3 absolut,,t CO2e,E,uwp-required-field-gap,,,required_field_gap_rendered,0.0,"UWP-Kernfeld noch nicht maschinell aus einer versionierten Primärquelle belegt; nicht schätzen, nicht mit 0 füllen."
uwpobs-ecb5325e088208f0,uwp100-leg-immobilien,LEG Immobilien,2024,Transformation,EU-Taxonomie,taxonomy_aligned_revenue_share,Taxonomie-konformer Umsatzanteil,,%,E,uwp-required-field-gap,,,required_field_gap_rendered,0.0,"UWP-Kernfeld noch nicht maschinell aus einer versionierten Primärquelle belegt; nicht schätzen, nicht mit 0 füllen."
uwpobs-0d7a4bf7a755801b,uwp100-lufthansa,Lufthansa,2022,Datenqualität,Quellenstand,sbti_date_updated,SBTi Datenstand,2022-08-04,Datum,A,sbti-target-dashboard,https://files.sciencebasedtargets.org/production/files/companies-excel.xlsx,Lufthansa Group,official_xlsx_import:safe_name_match,0.86,SBTi-Zieldaten; kein Nachweis tatsächlicher Emissionsreduktion.
uwpobs-94a1ed043093b06b,uwp100-lufthansa,Lufthansa,2022,Planet,Klima/Transformationspfad,sbti_ba15_date,SBTi Business Ambition 1.5C Datum,2022-02-17,Datum,B,sbti-target-dashboard,https://files.sciencebasedtargets.org/production/files/companies-excel.xlsx,Lufthansa Group,official_xlsx_import:safe_name_match,0.86,SBTi-Zieldaten; kein Nachweis tatsächlicher Emissionsreduktion.
uwpobs-eb2032504e8df00c,uwp100-lufthansa,Lufthansa,2022,Planet,Klima/Transformationspfad,sbti_ba15_status,SBTi Business Ambition 1.5C Status,BA1.5 member,Status,B,sbti-target-dashboard,https://files.sciencebasedtargets.org/production/files/companies-excel.xlsx,Lufthansa Group,official_xlsx_import:safe_name_match,0.86,SBTi-Zieldaten; kein Nachweis tatsächlicher Emissionsreduktion.
uwpobs-1f9cb866171f25eb,uwp100-lufthansa,Lufthansa,2022,Planet,Klima/Transformationspfad,sbti_full_target_language,SBTi Zieltext,Lufthansa Group commits to reduce its well-to-wake GHG emissions related to jet fuel from owned operations 30.6% per revenue tonne kilometre (RTK) by 2030 from a 2019 base year* **. *The target boundary includes land-related emissions and removals from bioenergy feedstocks. **Non-CO2e effects which may also contribute to aviation induced warming are not included in this target. Lufthansa Group commits to report publicly on its collaboration with stakeholders to improve understanding of opportunities to mitigate the non-CO2e impacts of aviation annually over its target timeframe,Text,B,sbti-target-dashboard,https://files.sciencebasedtargets.org/production/files/companies-excel.xlsx,Lufthansa Group,official_xlsx_import:safe_name_match,0.86,SBTi-Zieldaten; kein Nachweis tatsächlicher Emissionsreduktion.
uwpobs-2c8f993719d03fa4,uwp100-lufthansa,Lufthansa,2022,Planet,Klima/Transformationspfad,sbti_near_term_status,SBTi Near-Term Zielstatus,Targets set,Status,A,sbti-target-dashboard,https://files.sciencebasedtargets.org/production/files/companies-excel.xlsx,Lufthansa Group,official_xlsx_import:safe_name_match,0.86,SBTi-Zieldaten; kein Nachweis tatsächlicher Emissionsreduktion.
uwpobs-01364360b79b083c,uwp100-lufthansa,Lufthansa,2022,Planet,Klima/Transformationspfad,sbti_near_term_target_classification,SBTi Near-Term Zielklassifikation,Well-below 2°C,Klassifikation,A,sbti-target-dashboard,https://files.sciencebasedtargets.org/production/files/companies-excel.xlsx,Lufthansa Group,official_xlsx_import:safe_name_match,0.86,SBTi-Zieldaten; kein Nachweis tatsächlicher Emissionsreduktion.
uwpobs-ebcf9ca79752725a,uwp100-lufthansa,Lufthansa,2022,Planet,Klima/Transformationspfad,sbti_near_term_target_year,SBTi Near-Term Zieljahr,2030,Jahr,A,sbti-target-dashboard,https://files.sciencebasedtargets.org/production/files/companies-excel.xlsx,Lufthansa Group,official_xlsx_import:safe_name_match,0.86,SBTi-Zieldaten; kein Nachweis tatsächlicher Emissionsreduktion.
uwpobs-065d81a0d655d276,uwp100-lufthansa,Lufthansa,2022,Planet,Klima/Transformationspfad,sbti_target_classification_long,SBTi Zielklassifikation Langtext,The targets covering greenhouse gas emissions from company operations (scopes 1 and 2) are consistent with reductions required to keep warming to Well-below 2°C,Text,B,sbti-target-dashboard,https://files.sciencebasedtargets.org/production/files/companies-excel.xlsx,Lufthansa Group,official_xlsx_import:safe_name_match,0.86,SBTi-Zieldaten; kein Nachweis tatsächlicher Emissionsreduktion.
uwpobs-9880f9ec3df9ecef,uwp100-lufthansa,Lufthansa,2022,Planet,Klima/Emissionen,wikirate_gri_scope1_ghg,GRI 305-1 Scope 1 GHG emissions,22946441,tonnes CO2 equivalent,C,wikirate-open-esg,https://wikirate.org/~15553748,https://wikirate.org/~15553732,wikirate_bulk_csv_export,0.62,WikiRate Community-/Sekundärdaten; Antwortseite und Primärquelle prüfen.
uwpobs-30fd86dd3112aeec,uwp100-lufthansa,Lufthansa,2022,Planet,Klima/Emissionen,wikirate_gri_scope2_ghg,GRI 305-2 Scope 2 GHG emissions,125245,tonnes CO2 equivalent,C,wikirate-open-esg,https://wikirate.org/~15567461,https://wikirate.org/~15553732,wikirate_bulk_csv_export,0.62,WikiRate Community-/Sekundärdaten; Antwortseite und Primärquelle prüfen.
uwpobs-5cf6bf07e715875e,uwp100-lufthansa,Lufthansa,2022,Planet,Lieferkette/Klima,wikirate_gri_scope3_ghg,GRI 305-3 Scope 3 GHG emissions,8955103,tonnes CO2 equivalent,C,wikirate-open-esg,https://wikirate.org/~15564438,https://wikirate.org/~15553732,wikirate_bulk_csv_export,0.62,WikiRate Community-/Sekundärdaten; Antwortseite und Primärquelle prüfen.
uwpobs-e6abd019193e5eee,uwp100-lufthansa,Lufthansa,2022,Planet,Abfall/Ressourcen,wikirate_gri_total_waste,GRI 306-2 Total waste generated,696,tonnes,C,wikirate-open-esg,https://wikirate.org/~15569074,https://wikirate.org/~15568617,wikirate_bulk_csv_export,0.62,WikiRate Community-/Sekundärdaten; Antwortseite und Primärquelle prüfen.
uwpobs-da9f9df2099ce620,uwp100-lufthansa,Lufthansa,2022,Transformation,Net-Zero/Transformation,sbti_net_zero_status,SBTi Net-Zero Status,Commitment removed,Status,A,sbti-target-dashboard,https://files.sciencebasedtargets.org/production/files/companies-excel.xlsx,Lufthansa Group,official_xlsx_import:safe_name_match,0.86,SBTi-Zieldaten; kein Nachweis tatsächlicher Emissionsreduktion.
uwpobs-cc4ee1a51f68dea2,uwp100-lufthansa,Lufthansa,2024,Demokratie,Steuertransparenz,cbcr_tax_transparency,Country-by-Country Reporting / Steuertransparenz,,Status,E,uwp-required-field-gap,,,required_field_gap_rendered,0.0,"UWP-Kernfeld noch nicht maschinell aus einer versionierten Primärquelle belegt; nicht schätzen, nicht mit 0 füllen."
uwpobs-218d19a37300fc4f,uwp100-lufthansa,Lufthansa,2024,Demokratie,Datenschutz,data_privacy_incidents,Datenschutzverstöße / Bußgelder,,Anzahl/Status,E,uwp-required-field-gap,,,required_field_gap_rendered,0.0,"UWP-Kernfeld noch nicht maschinell aus einer versionierten Primärquelle belegt; nicht schätzen, nicht mit 0 füllen."
uwpobs-61fc89eeb1ab87db,uwp100-lufthansa,Lufthansa,2024,Demokratie,Lobbying/Einflussnahme,lobbying_transparency,Lobbying-Transparenz,,Status,E,uwp-required-field-gap,,,required_field_gap_rendered,0.0,"UWP-Kernfeld noch nicht maschinell aus einer versionierten Primärquelle belegt; nicht schätzen, nicht mit 0 füllen."
uwpobs-283750d802ea6d85,uwp100-lufthansa,Lufthansa,2024,Demokratie,Compliance/Whistleblowing,whistleblowing_cases,Whistleblowing-Fälle und Abhilfe,,Anzahl/Status,E,uwp-required-field-gap,,,required_field_gap_rendered,0.0,"UWP-Kernfeld noch nicht maschinell aus einer versionierten Primärquelle belegt; nicht schätzen, nicht mit 0 füllen."
uwpobs-f7698311c0337b29,uwp100-lufthansa,Lufthansa,2024,Mensch,Arbeitssicherheit,ltifr,Lost Time Injury Frequency Rate,,je Mio. Arbeitsstunden,E,uwp-required-field-gap,,,required_field_gap_rendered,0.0,"UWP-Kernfeld noch nicht maschinell aus einer versionierten Primärquelle belegt; nicht schätzen, nicht mit 0 füllen."
uwpobs-1fc9b170c6621df4,uwp100-lufthansa,Lufthansa,2024,Mensch,Diversität/Teilhabe,women_management_share,Frauenanteil Management,,%,E,uwp-required-field-gap,,,required_field_gap_rendered,0.0,"UWP-Kernfeld noch nicht maschinell aus einer versionierten Primärquelle belegt; nicht schätzen, nicht mit 0 füllen."
uwpobs-903598658e279629,uwp100-lufthansa,Lufthansa,2024,Planet,Energie,renewable_electricity_share,Erneuerbarer Strom,,%,E,uwp-required-field-gap,,,required_field_gap_rendered,0.0,"UWP-Kernfeld noch nicht maschinell aus einer versionierten Primärquelle belegt; nicht schätzen, nicht mit 0 füllen."
uwpobs-53713691ea053ce8,uwp100-lufthansa,Lufthansa,2024,Planet,Klima,scope_1_2_ghg_absolute,Scope 1+2 absolut,,t CO2e,E,uwp-required-field-gap,,,required_field_gap_rendered,0.0,"UWP-Kernfeld noch nicht maschinell aus einer versionierten Primärquelle belegt; nicht schätzen, nicht mit 0 füllen."
uwpobs-325c2861d9f1e55d,uwp100-lufthansa,Lufthansa,2024,Transformation,EU-Taxonomie,taxonomy_aligned_revenue_share,Taxonomie-konformer Umsatzanteil,,%,E,uwp-required-field-gap,,,required_field_gap_rendered,0.0,"UWP-Kernfeld noch nicht maschinell aus einer versionierten Primärquelle belegt; nicht schätzen, nicht mit 0 füllen."
uwpobs-47bd611e70fa6c09,uwp100-mercedes-benz,Mercedes-Benz Group,2019,Datenqualität,Quellenstand,sbti_date_updated,SBTi Datenstand,2019-11-22,Datum,A,sbti-target-dashboard,https://files.sciencebasedtargets.org/production/files/companies-excel.xlsx,Mercedes-Benz AG,official_xlsx_import:safe_name_match,0.86,SBTi-Zieldaten; kein Nachweis tatsächlicher Emissionsreduktion.
uwpobs-0cbb2129d757fa3b,uwp100-mercedes-benz,Mercedes-Benz Group,2019,Demokratie,Rechtskonformität/Umwelt,wikirate_gri_environmental_fines,GRI 307-1 environmental fines,974512230,USD,C,wikirate-open-esg,https://wikirate.org/~15578030,https://wikirate.org/~12599059,wikirate_bulk_csv_export,0.62,WikiRate Community-/Sekundärdaten; Antwortseite und Primärquelle prüfen.
uwpobs-bd65b438603ebc5b,uwp100-mercedes-benz,Mercedes-Benz Group,2023,Mensch,Qualifizierung,wikirate_gri_training_hours,GRI 404-1 average hours of training,16,hours,C,wikirate-open-esg,https://wikirate.org/~19865611,https://wikirate.org/~19860356,wikirate_bulk_csv_export,0.62,WikiRate Community-/Sekundärdaten; Antwortseite und Primärquelle prüfen.
uwpobs-64103e30bc2fe3a0,uwp100-mercedes-benz,Mercedes-Benz Group,2022,Mensch,Qualifizierung,wikirate_gri_training_hours,GRI 404-1 average hours of training,16,hours,C,wikirate-open-esg,https://wikirate.org/~19865635,https://wikirate.org/~15552590,wikirate_bulk_csv_export,0.62,WikiRate Community-/Sekundärdaten; Antwortseite und Primärquelle prüfen.
uwpobs-972a7a52bf3331cf,uwp100-mercedes-benz,Mercedes-Benz Group,2021,Mensch,Qualifizierung,wikirate_gri_training_hours,GRI 404-1 average hours of training,11.2,hours,C,wikirate-open-esg,https://wikirate.org/~12603248,https://wikirate.org/~12610229,wikirate_bulk_csv_export,0.62,WikiRate Community-/Sekundärdaten; Antwortseite und Primärquelle prüfen.
uwpobs-93d3da201e75ffde,uwp100-mercedes-benz,Mercedes-Benz Group,2020,Mensch,Qualifizierung,wikirate_gri_training_hours,GRI 404-1 average hours of training,11.9,hours,C,wikirate-open-esg,https://wikirate.org/~12610235,https://wikirate.org/~12610229,wikirate_bulk_csv_export,0.62,WikiRate Community-/Sekundärdaten; Antwortseite und Primärquelle prüfen.
uwpobs-3b446a41bd32899c,uwp100-mercedes-benz,Mercedes-Benz Group,2019,Mensch,Qualifizierung,wikirate_gri_training_hours,GRI 404-1 average hours of training,18.9,hours,C,wikirate-open-esg,https://wikirate.org/~12610238,https://wikirate.org/~12610229,wikirate_bulk_csv_export,0.62,WikiRate Community-/Sekundärdaten; Antwortseite und Primärquelle prüfen.
uwpobs-941022e25186a1ca,uwp100-mercedes-benz,Mercedes-Benz Group,2018,Mensch,Qualifizierung,wikirate_gri_training_hours,GRI 404-1 average hours of training,22,hours,C,wikirate-open-esg,https://wikirate.org/~12610241,https://wikirate.org/~12610229,wikirate_bulk_csv_export,0.62,WikiRate Community-/Sekundärdaten; Antwortseite und Primärquelle prüfen.
uwpobs-af1501eef0472a3d,uwp100-mercedes-benz,Mercedes-Benz Group,2017,Mensch,Qualifizierung,wikirate_gri_training_hours,GRI 404-1 average hours of training,21,hours,C,wikirate-open-esg,https://wikirate.org/~12610244,https://wikirate.org/~12610229,wikirate_bulk_csv_export,0.62,WikiRate Community-/Sekundärdaten; Antwortseite und Primärquelle prüfen.
uwpobs-b9d7604219b2db98,uwp100-mercedes-benz,Mercedes-Benz Group,2016,Mensch,Qualifizierung,wikirate_gri_training_hours,GRI 404-1 average hours of training,21,hours,C,wikirate-open-esg,https://wikirate.org/~12610256,https://wikirate.org/~12610250,wikirate_bulk_csv_export,0.62,WikiRate Community-/Sekundärdaten; Antwortseite und Primärquelle prüfen.
uwpobs-eee2233926f6ba9c,uwp100-mercedes-benz,Mercedes-Benz Group,2019,Planet,Klima/Transformationspfad,sbti_full_target_language,SBTi Zieltext,German global automobile marque Mercedes-Benz AG commits to reduce absolute scope 1 and 2 GHG emissions 50% by 2030 from a 2018 base year. Mercedes-Benz AG commits to reduce scope 3 GHG emissions from use of sold products 42% per vehicle kilometer by 2030 from a 2018 base year. Auto manufacturers have two near-term target temperature alignments for 1) scope 1 and 2 emissions and 2) scope 3 category 11 emissions from use of sold products.,Text,B,sbti-target-dashboard,https://files.sciencebasedtargets.org/production/files/companies-excel.xlsx,Mercedes-Benz AG,official_xlsx_import:safe_name_match,0.86,SBTi-Zieldaten; kein Nachweis tatsächlicher Emissionsreduktion.
uwpobs-3473c11c71d96bcf,uwp100-mercedes-benz,Mercedes-Benz Group,2019,Planet,Klima/Transformationspfad,sbti_near_term_status,SBTi Near-Term Zielstatus,Targets set,Status,A,sbti-target-dashboard,https://files.sciencebasedtargets.org/production/files/companies-excel.xlsx,Mercedes-Benz AG,official_xlsx_import:safe_name_match,0.86,SBTi-Zieldaten; kein Nachweis tatsächlicher Emissionsreduktion.
uwpobs-9e96899873a76ec2,uwp100-mercedes-benz,Mercedes-Benz Group,2019,Planet,Klima/Transformationspfad,sbti_near_term_target_classification,SBTi Near-Term Zielklassifikation,1.5°C/Well-below 2°C,Klassifikation,A,sbti-target-dashboard,https://files.sciencebasedtargets.org/production/files/companies-excel.xlsx,Mercedes-Benz AG,official_xlsx_import:safe_name_match,0.86,SBTi-Zieldaten; kein Nachweis tatsächlicher Emissionsreduktion.
uwpobs-6b934f6cc10f7786,uwp100-mercedes-benz,Mercedes-Benz Group,2019,Planet,Klima/Transformationspfad,sbti_near_term_target_year,SBTi Near-Term Zieljahr,2030,Jahr,A,sbti-target-dashboard,https://files.sciencebasedtargets.org/production/files/companies-excel.xlsx,Mercedes-Benz AG,official_xlsx_import:safe_name_match,0.86,SBTi-Zieldaten; kein Nachweis tatsächlicher Emissionsreduktion.
uwpobs-3341a04f1491cda1,uwp100-mercedes-benz,Mercedes-Benz Group,2019,Planet,Klima/Transformationspfad,sbti_target_classification_long,SBTi Zielklassifikation Langtext,The targets covering greenhouse gas emissions from company operations (scopes 1 and 2) are consistent with reductions required to keep warming to 1.5°C. The targets covering greenhouse gas emissions from scope 3 category 11 emissions from use of sold products are consistent with reductions required to keep warming to Well-below 2°C,Text,B,sbti-target-dashboard,https://files.sciencebasedtargets.org/production/files/companies-excel.xlsx,Mercedes-Benz AG,official_xlsx_import:safe_name_match,0.86,SBTi-Zieldaten; kein Nachweis tatsächlicher Emissionsreduktion.
uwpobs-68c18430308d8057,uwp100-mercedes-benz,Mercedes-Benz Group,2022,Planet,Energie,wikirate_gri_energy_consumption,GRI 302-1 Total energy consumption,21913200,Gigajoules,C,wikirate-open-esg,https://wikirate.org/~15552642,https://wikirate.org/~15552590,wikirate_bulk_csv_export,0.62,WikiRate Community-/Sekundärdaten; Antwortseite und Primärquelle prüfen.
uwpobs-bbf0ffa5552a4ce8,uwp100-mercedes-benz,Mercedes-Benz Group,2021,Planet,Energie,wikirate_gri_energy_consumption,GRI 302-1 Total energy consumption,24429600,Gigajoules,C,wikirate-open-esg,https://wikirate.org/~15552650,https://wikirate.org/~15552590,wikirate_bulk_csv_export,0.62,WikiRate Community-/Sekundärdaten; Antwortseite und Primärquelle prüfen.
uwpobs-04b88a7b6438db2c,uwp100-mercedes-benz,Mercedes-Benz Group,2020,Planet,Energie,wikirate_gri_energy_consumption,GRI 302-1 Total energy consumption,34959600,Gigajoules,C,wikirate-open-esg,https://wikirate.org/~15554235,https://wikirate.org/~15554221,wikirate_bulk_csv_export,0.62,WikiRate Community-/Sekundärdaten; Antwortseite und Primärquelle prüfen.
uwpobs-7b7c1fb46ca0ec31,uwp100-mercedes-benz,Mercedes-Benz Group,2019,Planet,Energie,wikirate_gri_energy_consumption,GRI 302-1 Total energy consumption,40633200,Gigajoules,C,wikirate-open-esg,https://wikirate.org/~15554239,https://wikirate.org/~15554221,wikirate_bulk_csv_export,0.62,WikiRate Community-/Sekundärdaten; Antwortseite und Primärquelle prüfen.
uwpobs-ae3d6d40b6364999,uwp100-mercedes-benz,Mercedes-Benz Group,2018,Planet,Energie,wikirate_gri_energy_consumption,GRI 302-1 Total energy consumption,41785200,Gigajoules,C,wikirate-open-esg,https://wikirate.org/~15578721,https://wikirate.org/~15554221,wikirate_bulk_csv_export,0.62,WikiRate Community-/Sekundärdaten; Antwortseite und Primärquelle prüfen.
uwpobs-532109dbc69fa283,uwp100-mercedes-benz,Mercedes-Benz Group,2023,Planet,Klima/Emissionen,wikirate_gri_scope1_ghg,GRI 305-1 Scope 1 GHG emissions,538000,tonnes CO2 equivalent,C,wikirate-open-esg,https://wikirate.org/~19860389,https://wikirate.org/~19860356,wikirate_bulk_csv_export,0.62,WikiRate Community-/Sekundärdaten; Antwortseite und Primärquelle prüfen.
uwpobs-a8c04fa4115d2f68,uwp100-mercedes-benz,Mercedes-Benz Group,2022,Planet,Klima/Emissionen,wikirate_gri_scope1_ghg,GRI 305-1 Scope 1 GHG emissions,569000,tonnes CO2 equivalent,C,wikirate-open-esg,https://wikirate.org/~15562432,https://wikirate.org/~15552590,wikirate_bulk_csv_export,0.62,WikiRate Community-/Sekundärdaten; Antwortseite und Primärquelle prüfen.
uwpobs-07d941168658609f,uwp100-mercedes-benz,Mercedes-Benz Group,2021,Planet,Klima/Emissionen,wikirate_gri_scope1_ghg,GRI 305-1 Scope 1 GHG emissions,681000,tonnes CO2 equivalent,C,wikirate-open-esg,https://wikirate.org/~15562470,https://wikirate.org/~15552590,wikirate_bulk_csv_export,0.62,WikiRate Community-/Sekundärdaten; Antwortseite und Primärquelle prüfen.
uwpobs-1de793e988c15794,uwp100-mercedes-benz,Mercedes-Benz Group,2020,Planet,Klima/Emissionen,wikirate_gri_scope1_ghg,GRI 305-1 Scope 1 GHG emissions,1027000,tonnes CO2 equivalent,C,wikirate-open-esg,https://wikirate.org/~15563340,https://wikirate.org/~15554221,wikirate_bulk_csv_export,0.62,WikiRate Community-/Sekundärdaten; Antwortseite und Primärquelle prüfen.
uwpobs-45153d818e5fd05f,uwp100-mercedes-benz,Mercedes-Benz Group,2019,Planet,Klima/Emissionen,wikirate_gri_scope1_ghg,GRI 305-1 Scope 1 GHG emissions,1239000,tonnes CO2 equivalent,C,wikirate-open-esg,https://wikirate.org/~15563352,https://wikirate.org/~15554221,wikirate_bulk_csv_export,0.62,WikiRate Community-/Sekundärdaten; Antwortseite und Primärquelle prüfen.
uwpobs-4e31b1671656349d,uwp100-mercedes-benz,Mercedes-Benz Group,2023,Planet,Klima/Emissionen,wikirate_gri_scope2_ghg,GRI 305-2 Scope 2 GHG emissions,83000,tonnes CO2 equivalent,C,wikirate-open-esg,https://wikirate.org/~19860471,https://wikirate.org/~19860356,wikirate_bulk_csv_export,0.62,WikiRate Community-/Sekundärdaten; Antwortseite und Primärquelle prüfen.
uwpobs-87ebfe47329dddd0,uwp100-mercedes-benz,Mercedes-Benz Group,2022,Planet,Klima/Emissionen,wikirate_gri_scope2_ghg,GRI 305-2 Scope 2 GHG emissions,94000,tonnes CO2 equivalent,C,wikirate-open-esg,https://wikirate.org/~15562917,https://wikirate.org/~15552590,wikirate_bulk_csv_export,0.62,WikiRate Community-/Sekundärdaten; Antwortseite und Primärquelle prüfen.
uwpobs-d472ba84b200d67f,uwp100-mercedes-benz,Mercedes-Benz Group,2021,Planet,Klima/Emissionen,wikirate_gri_scope2_ghg,GRI 305-2 Scope 2 GHG emissions,466000,tonnes CO2 equivalent,C,wikirate-open-esg,https://wikirate.org/~15562942,https://wikirate.org/~15552590,wikirate_bulk_csv_export,0.62,WikiRate Community-/Sekundärdaten; Antwortseite und Primärquelle prüfen.
uwpobs-a6925b5efadbabf4,uwp100-mercedes-benz,Mercedes-Benz Group,2020,Planet,Klima/Emissionen,wikirate_gri_scope2_ghg,GRI 305-2 Scope 2 GHG emissions,1035000,tonnes CO2 equivalent,C,wikirate-open-esg,https://wikirate.org/~15563670,https://wikirate.org/~15554221,wikirate_bulk_csv_export,0.62,WikiRate Community-/Sekundärdaten; Antwortseite und Primärquelle prüfen.
uwpobs-619d3d50b2d3ad88,uwp100-mercedes-benz,Mercedes-Benz Group,2019,Planet,Klima/Emissionen,wikirate_gri_scope2_ghg,GRI 305-2 Scope 2 GHG emissions,1276000,tonnes CO2 equivalent,C,wikirate-open-esg,https://wikirate.org/~15563826,https://wikirate.org/~15554221,wikirate_bulk_csv_export,0.62,WikiRate Community-/Sekundärdaten; Antwortseite und Primärquelle prüfen.
uwpobs-a79de4347973598d,uwp100-mercedes-benz,Mercedes-Benz Group,2022,Planet,Lieferkette/Klima,wikirate_gri_scope3_ghg,GRI 305-3 Scope 3 GHG emissions,123300000,tonnes CO2 equivalent,C,wikirate-open-esg,https://wikirate.org/~15585187,https://wikirate.org/~15552590,wikirate_bulk_csv_export,0.62,WikiRate Community-/Sekundärdaten; Antwortseite und Primärquelle prüfen.
uwpobs-effc1366affd5dc3,uwp100-mercedes-benz,Mercedes-Benz Group,2021,Planet,Lieferkette/Klima,wikirate_gri_scope3_ghg,GRI 305-3 Scope 3 GHG emissions,123144000,tonnes CO2 equivalent,C,wikirate-open-esg,https://wikirate.org/~15585183,https://wikirate.org/~12598907,wikirate_bulk_csv_export,0.62,WikiRate Community-/Sekundärdaten; Antwortseite und Primärquelle prüfen.
uwpobs-dbba01d16e400b90,uwp100-mercedes-benz,Mercedes-Benz Group,2020,Planet,Lieferkette/Klima,wikirate_gri_scope3_ghg,GRI 305-3 Scope 3 GHG emissions,102237000,tonnes CO2 equivalent,C,wikirate-open-esg,https://wikirate.org/~15585179,https://wikirate.org/~15554221,wikirate_bulk_csv_export,0.62,WikiRate Community-/Sekundärdaten; Antwortseite und Primärquelle prüfen.
uwpobs-e189aa5c43d088ab,uwp100-mercedes-benz,Mercedes-Benz Group,2023,Planet,Abfall/Ressourcen,wikirate_gri_total_waste,GRI 306-2 Total waste generated,605000,tonnes,C,wikirate-open-esg,https://wikirate.org/~19861545,https://wikirate.org/~19860356,wikirate_bulk_csv_export,0.62,WikiRate Community-/Sekundärdaten; Antwortseite und Primärquelle prüfen.
uwpobs-c70df4d9f4eebf4b,uwp100-mercedes-benz,Mercedes-Benz Group,2022,Planet,Abfall/Ressourcen,wikirate_gri_total_waste,GRI 306-2 Total waste generated,622000,tonnes,C,wikirate-open-esg,https://wikirate.org/~19861564,https://wikirate.org/~15552590,wikirate_bulk_csv_export,0.62,WikiRate Community-/Sekundärdaten; Antwortseite und Primärquelle prüfen.
uwpobs-60b246ffb9855283,uwp100-mercedes-benz,Mercedes-Benz Group,2021,Planet,Abfall/Ressourcen,wikirate_gri_total_waste,GRI 306-2 Total waste generated,651000,tonnes,C,wikirate-open-esg,https://wikirate.org/~19861592,https://wikirate.org/~12598907,wikirate_bulk_csv_export,0.62,WikiRate Community-/Sekundärdaten; Antwortseite und Primärquelle prüfen.
uwpobs-7ecb11191b077813,uwp100-mercedes-benz,Mercedes-Benz Group,2020,Planet,Abfall/Ressourcen,wikirate_gri_total_waste,GRI 306-2 Total waste generated,1025000,tonnes,C,wikirate-open-esg,https://wikirate.org/~19861610,https://wikirate.org/~15554221,wikirate_bulk_csv_export,0.62,WikiRate Community-/Sekundärdaten; Antwortseite und Primärquelle prüfen.
uwpobs-5832711d08324e4c,uwp100-mercedes-benz,Mercedes-Benz Group,2019,Planet,Abfall/Ressourcen,wikirate_gri_total_waste,GRI 306-2 Total waste generated,1249000,tonnes,C,wikirate-open-esg,https://wikirate.org/~19866279,https://wikirate.org/~12599059,wikirate_bulk_csv_export,0.62,WikiRate Community-/Sekundärdaten; Antwortseite und Primärquelle prüfen.
uwpobs-b1af105063e1ce26,uwp100-mercedes-benz,Mercedes-Benz Group,2024,Demokratie,Steuertransparenz,cbcr_tax_transparency,Country-by-Country Reporting / Steuertransparenz,,Status,E,uwp-required-field-gap,,,required_field_gap_rendered,0.0,"UWP-Kernfeld noch nicht maschinell aus einer versionierten Primärquelle belegt; nicht schätzen, nicht mit 0 füllen."
uwpobs-d028d667e2b7d636,uwp100-mercedes-benz,Mercedes-Benz Group,2024,Demokratie,Datenschutz,data_privacy_incidents,Datenschutzverstöße / Bußgelder,,Anzahl/Status,E,uwp-required-field-gap,,,required_field_gap_rendered,0.0,"UWP-Kernfeld noch nicht maschinell aus einer versionierten Primärquelle belegt; nicht schätzen, nicht mit 0 füllen."
uwpobs-b796420e0a7695c3,uwp100-mercedes-benz,Mercedes-Benz Group,2024,Demokratie,Lobbying/Einflussnahme,lobbying_transparency,Lobbying-Transparenz,,Status,E,uwp-required-field-gap,,,required_field_gap_rendered,0.0,"UWP-Kernfeld noch nicht maschinell aus einer versionierten Primärquelle belegt; nicht schätzen, nicht mit 0 füllen."
uwpobs-cf703530ef3f035b,uwp100-mercedes-benz,Mercedes-Benz Group,2024,Demokratie,Compliance/Whistleblowing,whistleblowing_cases,Whistleblowing-Fälle und Abhilfe,,Anzahl/Status,E,uwp-required-field-gap,,,required_field_gap_rendered,0.0,"UWP-Kernfeld noch nicht maschinell aus einer versionierten Primärquelle belegt; nicht schätzen, nicht mit 0 füllen."
uwpobs-9e39dc86681dc9f7,uwp100-mercedes-benz,Mercedes-Benz Group,2024,Mensch,Arbeitssicherheit,ltifr,Lost Time Injury Frequency Rate,,je Mio. Arbeitsstunden,E,uwp-required-field-gap,,,required_field_gap_rendered,0.0,"UWP-Kernfeld noch nicht maschinell aus einer versionierten Primärquelle belegt; nicht schätzen, nicht mit 0 füllen."
uwpobs-877abf2473cec36f,uwp100-mercedes-benz,Mercedes-Benz Group,2024,Mensch,Diversität/Teilhabe,women_management_share,Frauenanteil Management,,%,E,uwp-required-field-gap,,,required_field_gap_rendered,0.0,"UWP-Kernfeld noch nicht maschinell aus einer versionierten Primärquelle belegt; nicht schätzen, nicht mit 0 füllen."
uwpobs-c12e32a19031411d,uwp100-mercedes-benz,Mercedes-Benz Group,2024,Planet,Energie,renewable_electricity_share,Erneuerbarer Strom,,%,E,uwp-required-field-gap,,,required_field_gap_rendered,0.0,"UWP-Kernfeld noch nicht maschinell aus einer versionierten Primärquelle belegt; nicht schätzen, nicht mit 0 füllen."
uwpobs-e77ac7ebd8b30996,uwp100-mercedes-benz,Mercedes-Benz Group,2024,Planet,Klima,scope_1_2_ghg_absolute,Scope 1+2 absolut,,t CO2e,E,uwp-required-field-gap,,,required_field_gap_rendered,0.0,"UWP-Kernfeld noch nicht maschinell aus einer versionierten Primärquelle belegt; nicht schätzen, nicht mit 0 füllen."
uwpobs-9bef5d6947755fc5,uwp100-mercedes-benz,Mercedes-Benz Group,2024,Transformation,EU-Taxonomie,taxonomy_aligned_revenue_share,Taxonomie-konformer Umsatzanteil,,%,E,uwp-required-field-gap,,,required_field_gap_rendered,0.0,"UWP-Kernfeld noch nicht maschinell aus einer versionierten Primärquelle belegt; nicht schätzen, nicht mit 0 füllen."
uwpobs-154cec55205742c4,uwp100-merck,Merck,2022,Datenqualität,Quellenstand,sbti_date_updated,SBTi Datenstand,2022-05-12,Datum,A,sbti-target-dashboard,https://files.sciencebasedtargets.org/production/files/companies-excel.xlsx,Merck KGaA,official_xlsx_import:safe_name_match,0.86,SBTi-Zieldaten; kein Nachweis tatsächlicher Emissionsreduktion.
uwpobs-25e6ce854bae2ee3,uwp100-merck,Merck,2019,Demokratie,Rechtskonformität/Umwelt,wikirate_gri_environmental_fines,GRI 307-1 environmental fines,17690,USD,C,wikirate-open-esg,https://wikirate.org/~6810300,https://wikirate.org/~6806437,wikirate_bulk_csv_export,0.62,WikiRate Community-/Sekundärdaten; Antwortseite und Primärquelle prüfen.
uwpobs-c90bfa8712586b3c,uwp100-merck,Merck,2017,Demokratie,Rechtskonformität/Umwelt,wikirate_gri_environmental_fines,GRI 307-1 environmental fines,0,USD,C,wikirate-open-esg,https://wikirate.org/~5249273,https://wikirate.org/~3337213,wikirate_bulk_csv_export,0.62,WikiRate Community-/Sekundärdaten; Antwortseite und Primärquelle prüfen.
uwpobs-e2fd03c9eaf6b727,uwp100-merck,Merck,2016,Mensch,Arbeitssicherheit,wikirate_gri_injury_rate,GRI 403-9 injury rate,0.35,injuries per million hours worked,C,wikirate-open-esg,https://wikirate.org/~3369396,https://wikirate.org/~3369416,wikirate_bulk_csv_export,0.62,WikiRate Community-/Sekundärdaten; Antwortseite und Primärquelle prüfen.
uwpobs-459935da4deec7b5,uwp100-merck,Merck,2019,Mensch,Qualifizierung,wikirate_gri_training_hours,GRI 404-1 average hours of training,380,hours,C,wikirate-open-esg,https://wikirate.org/~6809852,https://wikirate.org/~6806437,wikirate_bulk_csv_export,0.62,WikiRate Community-/Sekundärdaten; Antwortseite und Primärquelle prüfen.
uwpobs-d8d71515779fc8b8,uwp100-merck,Merck,2017,Mensch,Qualifizierung,wikirate_gri_training_hours,GRI 404-1 average hours of training,37.7,hours,C,wikirate-open-esg,https://wikirate.org/~5288611,https://wikirate.org/~3369425,wikirate_bulk_csv_export,0.62,WikiRate Community-/Sekundärdaten; Antwortseite und Primärquelle prüfen.
uwpobs-5b757c48cd9efce9,uwp100-merck,Merck,2019,Mensch,Arbeitssicherheit,wikirate_gri_worker_fatalities,GRI 403-9 worker fatalities,0,count,C,wikirate-open-esg,https://wikirate.org/~6809862,https://wikirate.org/~6806437,wikirate_bulk_csv_export,0.62,WikiRate Community-/Sekundärdaten; Antwortseite und Primärquelle prüfen.
uwpobs-d650450132895735,uwp100-merck,Merck,2017,Mensch,Arbeitssicherheit,wikirate_gri_worker_fatalities,GRI 403-9 worker fatalities,0,count,C,wikirate-open-esg,https://wikirate.org/~3496251,https://wikirate.org/~3496176,wikirate_bulk_csv_export,0.62,WikiRate Community-/Sekundärdaten; Antwortseite und Primärquelle prüfen.
uwpobs-e949596f51cab567,uwp100-merck,Merck,2017,Mensch,Arbeitssicherheit,wikirate_gri_worker_fatalities,GRI 403-9 worker fatalities,0,count,C,wikirate-open-esg,https://wikirate.org/~5268711,https://wikirate.org/~5268702,wikirate_bulk_csv_export,0.62,WikiRate Community-/Sekundärdaten; Antwortseite und Primärquelle prüfen.
uwpobs-0a1a8bf647c55799,uwp100-merck,Merck,2022,Planet,Klima/Transformationspfad,sbti_full_target_language,SBTi Zieltext,Merck KGaA commits to reduce absolute scope 1 and 2 GHG emissions 50% by 2030 from a 2020 base year*. Merck KGaA also commits to reduce scope 3 GHG emissions 52% per euro value added within the same timeframe. *The target boundary includes biogenic emissions and removals from bioenergy feedstock,Text,B,sbti-target-dashboard,https://files.sciencebasedtargets.org/production/files/companies-excel.xlsx,Merck KGaA,official_xlsx_import:safe_name_match,0.86,SBTi-Zieldaten; kein Nachweis tatsächlicher Emissionsreduktion.
uwpobs-4aae6dbae4b359d0,uwp100-merck,Merck,2022,Planet,Klima/Transformationspfad,sbti_near_term_status,SBTi Near-Term Zielstatus,Targets set,Status,A,sbti-target-dashboard,https://files.sciencebasedtargets.org/production/files/companies-excel.xlsx,Merck KGaA,official_xlsx_import:safe_name_match,0.86,SBTi-Zieldaten; kein Nachweis tatsächlicher Emissionsreduktion.
uwpobs-6b795f2d0c8bd5cc,uwp100-merck,Merck,2022,Planet,Klima/Transformationspfad,sbti_near_term_target_classification,SBTi Near-Term Zielklassifikation,1.5°C,Klassifikation,A,sbti-target-dashboard,https://files.sciencebasedtargets.org/production/files/companies-excel.xlsx,Merck KGaA,official_xlsx_import:safe_name_match,0.86,SBTi-Zieldaten; kein Nachweis tatsächlicher Emissionsreduktion.
uwpobs-92b659596b56175a,uwp100-merck,Merck,2022,Planet,Klima/Transformationspfad,sbti_near_term_target_year,SBTi Near-Term Zieljahr,2030,Jahr,A,sbti-target-dashboard,https://files.sciencebasedtargets.org/production/files/companies-excel.xlsx,Merck KGaA,official_xlsx_import:safe_name_match,0.86,SBTi-Zieldaten; kein Nachweis tatsächlicher Emissionsreduktion.
uwpobs-7335cc70a7ca1ed3,uwp100-merck,Merck,2022,Planet,Klima/Transformationspfad,sbti_target_classification_long,SBTi Zielklassifikation Langtext,The targets covering greenhouse gas emissions from company operations (scopes 1 and 2) are consistent with reductions required to keep warming to 1.5°C,Text,B,sbti-target-dashboard,https://files.sciencebasedtargets.org/production/files/companies-excel.xlsx,Merck KGaA,official_xlsx_import:safe_name_match,0.86,SBTi-Zieldaten; kein Nachweis tatsächlicher Emissionsreduktion.
uwpobs-fd60c3e9c10741cf,uwp100-merck,Merck,2019,Planet,Energie,wikirate_gri_energy_consumption,GRI 302-1 Total energy consumption,18577900,Gigajoules,C,wikirate-open-esg,https://wikirate.org/~6810307,https://wikirate.org/~6806437,wikirate_bulk_csv_export,0.62,WikiRate Community-/Sekundärdaten; Antwortseite und Primärquelle prüfen.
uwpobs-a93d45aa19eb412b,uwp100-merck,Merck,2019,Planet,Klima/Emissionen,wikirate_gri_scope1_ghg,GRI 305-1 Scope 1 GHG emissions,755340,tonnes CO2 equivalent,C,wikirate-open-esg,https://wikirate.org/~6809488,https://wikirate.org/~6806437,wikirate_bulk_csv_export,0.62,WikiRate Community-/Sekundärdaten; Antwortseite und Primärquelle prüfen.
uwpobs-8fba3b18d72a9a0e,uwp100-merck,Merck,2019,Planet,Klima/Emissionen,wikirate_gri_scope2_ghg,GRI 305-2 Scope 2 GHG emissions,316630,tonnes CO2 equivalent,C,wikirate-open-esg,https://wikirate.org/~6809495,https://wikirate.org/~6806437,wikirate_bulk_csv_export,0.62,WikiRate Community-/Sekundärdaten; Antwortseite und Primärquelle prüfen.
uwpobs-81efcddd21268915,uwp100-merck,Merck,2019,Planet,Lieferkette/Klima,wikirate_gri_scope3_ghg,GRI 305-3 Scope 3 GHG emissions,6965600,tonnes CO2 equivalent,C,wikirate-open-esg,https://wikirate.org/~6809502,https://wikirate.org/~6806437,wikirate_bulk_csv_export,0.62,WikiRate Community-/Sekundärdaten; Antwortseite und Primärquelle prüfen.
uwpobs-2e77a030522aae9c,uwp100-merck,Merck,2019,Planet,Abfall/Ressourcen,wikirate_gri_total_waste,GRI 306-2 Total waste generated,75500,tonnes,C,wikirate-open-esg,https://wikirate.org/~6809923,https://wikirate.org/~6806437,wikirate_bulk_csv_export,0.62,WikiRate Community-/Sekundärdaten; Antwortseite und Primärquelle prüfen.
uwpobs-2d7133dd30aeb4ce,uwp100-merck,Merck,2024,Demokratie,Steuertransparenz,cbcr_tax_transparency,Country-by-Country Reporting / Steuertransparenz,,Status,E,uwp-required-field-gap,,,required_field_gap_rendered,0.0,"UWP-Kernfeld noch nicht maschinell aus einer versionierten Primärquelle belegt; nicht schätzen, nicht mit 0 füllen."
uwpobs-cc88f8ab8df50baa,uwp100-merck,Merck,2024,Demokratie,Datenschutz,data_privacy_incidents,Datenschutzverstöße / Bußgelder,,Anzahl/Status,E,uwp-required-field-gap,,,required_field_gap_rendered,0.0,"UWP-Kernfeld noch nicht maschinell aus einer versionierten Primärquelle belegt; nicht schätzen, nicht mit 0 füllen."
uwpobs-b478b15ddb137f2c,uwp100-merck,Merck,2024,Demokratie,Lobbying/Einflussnahme,lobbying_transparency,Lobbying-Transparenz,,Status,E,uwp-required-field-gap,,,required_field_gap_rendered,0.0,"UWP-Kernfeld noch nicht maschinell aus einer versionierten Primärquelle belegt; nicht schätzen, nicht mit 0 füllen."
uwpobs-0f9e91a54f28849a,uwp100-merck,Merck,2024,Demokratie,Compliance/Whistleblowing,whistleblowing_cases,Whistleblowing-Fälle und Abhilfe,,Anzahl/Status,E,uwp-required-field-gap,,,required_field_gap_rendered,0.0,"UWP-Kernfeld noch nicht maschinell aus einer versionierten Primärquelle belegt; nicht schätzen, nicht mit 0 füllen."
uwpobs-c203c39d4a2ff0b8,uwp100-merck,Merck,2024,Mensch,Arbeitssicherheit,ltifr,Lost Time Injury Frequency Rate,,je Mio. Arbeitsstunden,E,uwp-required-field-gap,,,required_field_gap_rendered,0.0,"UWP-Kernfeld noch nicht maschinell aus einer versionierten Primärquelle belegt; nicht schätzen, nicht mit 0 füllen."
uwpobs-99fba65b8e13bde0,uwp100-merck,Merck,2024,Mensch,Diversität/Teilhabe,women_management_share,Frauenanteil Management,,%,E,uwp-required-field-gap,,,required_field_gap_rendered,0.0,"UWP-Kernfeld noch nicht maschinell aus einer versionierten Primärquelle belegt; nicht schätzen, nicht mit 0 füllen."
uwpobs-65aed61cc541f6cf,uwp100-merck,Merck,2024,Planet,Energie,renewable_electricity_share,Erneuerbarer Strom,,%,E,uwp-required-field-gap,,,required_field_gap_rendered,0.0,"UWP-Kernfeld noch nicht maschinell aus einer versionierten Primärquelle belegt; nicht schätzen, nicht mit 0 füllen."
uwpobs-ab6da6a9f7cb8972,uwp100-merck,Merck,2024,Planet,Klima,scope_1_2_ghg_absolute,Scope 1+2 absolut,,t CO2e,E,uwp-required-field-gap,,,required_field_gap_rendered,0.0,"UWP-Kernfeld noch nicht maschinell aus einer versionierten Primärquelle belegt; nicht schätzen, nicht mit 0 füllen."
uwpobs-5e46c6e244f87d9c,uwp100-merck,Merck,2024,Transformation,EU-Taxonomie,taxonomy_aligned_revenue_share,Taxonomie-konformer Umsatzanteil,,%,E,uwp-required-field-gap,,,required_field_gap_rendered,0.0,"UWP-Kernfeld noch nicht maschinell aus einer versionierten Primärquelle belegt; nicht schätzen, nicht mit 0 füllen."
uwpobs-701500adb8cdf2ec,uwp100-mtu-aero-engines,MTU Aero Engines,2024,Demokratie,Steuertransparenz,cbcr_tax_transparency,Country-by-Country Reporting / Steuertransparenz,,Status,E,uwp-required-field-gap,,,required_field_gap_rendered,0.0,"UWP-Kernfeld noch nicht maschinell aus einer versionierten Primärquelle belegt; nicht schätzen, nicht mit 0 füllen."
uwpobs-071526b3e6a36cb5,uwp100-mtu-aero-engines,MTU Aero Engines,2024,Demokratie,Datenschutz,data_privacy_incidents,Datenschutzverstöße / Bußgelder,,Anzahl/Status,E,uwp-required-field-gap,,,required_field_gap_rendered,0.0,"UWP-Kernfeld noch nicht maschinell aus einer versionierten Primärquelle belegt; nicht schätzen, nicht mit 0 füllen."
uwpobs-0d51fc9d98ba7fb0,uwp100-mtu-aero-engines,MTU Aero Engines,2024,Demokratie,Lobbying/Einflussnahme,lobbying_transparency,Lobbying-Transparenz,,Status,E,uwp-required-field-gap,,,required_field_gap_rendered,0.0,"UWP-Kernfeld noch nicht maschinell aus einer versionierten Primärquelle belegt; nicht schätzen, nicht mit 0 füllen."
uwpobs-54ddce5dc09204dc,uwp100-mtu-aero-engines,MTU Aero Engines,2024,Demokratie,Compliance/Whistleblowing,whistleblowing_cases,Whistleblowing-Fälle und Abhilfe,,Anzahl/Status,E,uwp-required-field-gap,,,required_field_gap_rendered,0.0,"UWP-Kernfeld noch nicht maschinell aus einer versionierten Primärquelle belegt; nicht schätzen, nicht mit 0 füllen."
uwpobs-d0266c3f873f37fa,uwp100-mtu-aero-engines,MTU Aero Engines,2024,Mensch,Arbeitssicherheit,ltifr,Lost Time Injury Frequency Rate,,je Mio. Arbeitsstunden,E,uwp-required-field-gap,,,required_field_gap_rendered,0.0,"UWP-Kernfeld noch nicht maschinell aus einer versionierten Primärquelle belegt; nicht schätzen, nicht mit 0 füllen."
uwpobs-3f25b5703799b739,uwp100-mtu-aero-engines,MTU Aero Engines,2024,Mensch,Diversität/Teilhabe,women_management_share,Frauenanteil Management,,%,E,uwp-required-field-gap,,,required_field_gap_rendered,0.0,"UWP-Kernfeld noch nicht maschinell aus einer versionierten Primärquelle belegt; nicht schätzen, nicht mit 0 füllen."
uwpobs-faf3903b8682a465,uwp100-mtu-aero-engines,MTU Aero Engines,2024,Planet,Energie,renewable_electricity_share,Erneuerbarer Strom,,%,E,uwp-required-field-gap,,,required_field_gap_rendered,0.0,"UWP-Kernfeld noch nicht maschinell aus einer versionierten Primärquelle belegt; nicht schätzen, nicht mit 0 füllen."
uwpobs-8b4c72f85947193c,uwp100-mtu-aero-engines,MTU Aero Engines,2025,Planet,Klima/Transformationspfad,sbti_profile_available,SBTi Zielprofil sicher matchbar,,Status,E,sbti-target-dashboard,https://files.sciencebasedtargets.org/production/files/companies-excel.xlsx,,official_xlsx_import_no_safe_match,0.0,Kein sicherer SBTi-Match für MTU Aero Engines im offiziellen Target Dashboard. Das ist keine negative Klimabewertung.
uwpobs-9c6cdc2d457e124e,uwp100-mtu-aero-engines,MTU Aero Engines,2024,Planet,Klima,scope_1_2_ghg_absolute,Scope 1+2 absolut,,t CO2e,E,uwp-required-field-gap,,,required_field_gap_rendered,0.0,"UWP-Kernfeld noch nicht maschinell aus einer versionierten Primärquelle belegt; nicht schätzen, nicht mit 0 füllen."
uwpobs-0ee69300e703d49c,uwp100-mtu-aero-engines,MTU Aero Engines,2024,Planet,Lieferkette/Klima,scope_3_ghg_absolute,Scope 3 absolut,,t CO2e,E,uwp-required-field-gap,,,required_field_gap_rendered,0.0,"UWP-Kernfeld noch nicht maschinell aus einer versionierten Primärquelle belegt; nicht schätzen, nicht mit 0 füllen."
uwpobs-da6ca1b605370abc,uwp100-mtu-aero-engines,MTU Aero Engines,2024,Transformation,EU-Taxonomie,taxonomy_aligned_revenue_share,Taxonomie-konformer Umsatzanteil,,%,E,uwp-required-field-gap,,,required_field_gap_rendered,0.0,"UWP-Kernfeld noch nicht maschinell aus einer versionierten Primärquelle belegt; nicht schätzen, nicht mit 0 füllen."
uwpobs-f14775f642d917a2,uwp100-munich-re,Munich Re,2024,Demokratie,Steuertransparenz,cbcr_tax_transparency,Country-by-Country Reporting / Steuertransparenz,,Status,E,uwp-required-field-gap,,,required_field_gap_rendered,0.0,"UWP-Kernfeld noch nicht maschinell aus einer versionierten Primärquelle belegt; nicht schätzen, nicht mit 0 füllen."
uwpobs-e526ae397702ed8b,uwp100-munich-re,Munich Re,2024,Demokratie,Datenschutz,data_privacy_incidents,Datenschutzverstöße / Bußgelder,,Anzahl/Status,E,uwp-required-field-gap,,,required_field_gap_rendered,0.0,"UWP-Kernfeld noch nicht maschinell aus einer versionierten Primärquelle belegt; nicht schätzen, nicht mit 0 füllen."
uwpobs-20e256e33cf838ef,uwp100-munich-re,Munich Re,2024,Demokratie,Lobbying/Einflussnahme,lobbying_transparency,Lobbying-Transparenz,,Status,E,uwp-required-field-gap,,,required_field_gap_rendered,0.0,"UWP-Kernfeld noch nicht maschinell aus einer versionierten Primärquelle belegt; nicht schätzen, nicht mit 0 füllen."
uwpobs-cbcfb8d18c6e2a4a,uwp100-munich-re,Munich Re,2024,Demokratie,Compliance/Whistleblowing,whistleblowing_cases,Whistleblowing-Fälle und Abhilfe,,Anzahl/Status,E,uwp-required-field-gap,,,required_field_gap_rendered,0.0,"UWP-Kernfeld noch nicht maschinell aus einer versionierten Primärquelle belegt; nicht schätzen, nicht mit 0 füllen."
uwpobs-c13ad350ebb14531,uwp100-munich-re,Munich Re,2024,Mensch,Arbeitssicherheit,ltifr,Lost Time Injury Frequency Rate,,je Mio. Arbeitsstunden,E,uwp-required-field-gap,,,required_field_gap_rendered,0.0,"UWP-Kernfeld noch nicht maschinell aus einer versionierten Primärquelle belegt; nicht schätzen, nicht mit 0 füllen."
uwpobs-4bc3b52c197cdf25,uwp100-munich-re,Munich Re,2024,Mensch,Diversität/Teilhabe,women_management_share,Frauenanteil Management,,%,E,uwp-required-field-gap,,,required_field_gap_rendered,0.0,"UWP-Kernfeld noch nicht maschinell aus einer versionierten Primärquelle belegt; nicht schätzen, nicht mit 0 füllen."
uwpobs-481899c4acd7b731,uwp100-munich-re,Munich Re,2024,Planet,Energie,renewable_electricity_share,Erneuerbarer Strom,,%,E,uwp-required-field-gap,,,required_field_gap_rendered,0.0,"UWP-Kernfeld noch nicht maschinell aus einer versionierten Primärquelle belegt; nicht schätzen, nicht mit 0 füllen."
uwpobs-ad291dc01e5f6363,uwp100-munich-re,Munich Re,2025,Planet,Klima/Transformationspfad,sbti_profile_available,SBTi Zielprofil sicher matchbar,,Status,E,sbti-target-dashboard,https://files.sciencebasedtargets.org/production/files/companies-excel.xlsx,,official_xlsx_import_no_safe_match,0.0,Kein sicherer SBTi-Match für Munich Re im offiziellen Target Dashboard. Das ist keine negative Klimabewertung.
uwpobs-32858a746357cc00,uwp100-munich-re,Munich Re,2024,Planet,Klima,scope_1_2_ghg_absolute,Scope 1+2 absolut,,t CO2e,E,uwp-required-field-gap,,,required_field_gap_rendered,0.0,"UWP-Kernfeld noch nicht maschinell aus einer versionierten Primärquelle belegt; nicht schätzen, nicht mit 0 füllen."
uwpobs-d6b2a580b2228024,uwp100-munich-re,Munich Re,2024,Planet,Lieferkette/Klima,scope_3_ghg_absolute,Scope 3 absolut,,t CO2e,E,uwp-required-field-gap,,,required_field_gap_rendered,0.0,"UWP-Kernfeld noch nicht maschinell aus einer versionierten Primärquelle belegt; nicht schätzen, nicht mit 0 füllen."
uwpobs-44eb5ce0b63e6226,uwp100-munich-re,Munich Re,2024,Transformation,EU-Taxonomie,taxonomy_aligned_revenue_share,Taxonomie-konformer Umsatzanteil,,%,E,uwp-required-field-gap,,,required_field_gap_rendered,0.0,"UWP-Kernfeld noch nicht maschinell aus einer versionierten Primärquelle belegt; nicht schätzen, nicht mit 0 füllen."
uwpobs-ef28e4a70ec180e1,uwp100-nemetschek,Nemetschek,2024,Demokratie,Steuertransparenz,cbcr_tax_transparency,Country-by-Country Reporting / Steuertransparenz,,Status,E,uwp-required-field-gap,,,required_field_gap_rendered,0.0,"UWP-Kernfeld noch nicht maschinell aus einer versionierten Primärquelle belegt; nicht schätzen, nicht mit 0 füllen."
uwpobs-8cd842a4e8e8990e,uwp100-nemetschek,Nemetschek,2024,Demokratie,Datenschutz,data_privacy_incidents,Datenschutzverstöße / Bußgelder,,Anzahl/Status,E,uwp-required-field-gap,,,required_field_gap_rendered,0.0,"UWP-Kernfeld noch nicht maschinell aus einer versionierten Primärquelle belegt; nicht schätzen, nicht mit 0 füllen."
uwpobs-e44e8a4a4399cb1e,uwp100-nemetschek,Nemetschek,2024,Demokratie,Lobbying/Einflussnahme,lobbying_transparency,Lobbying-Transparenz,,Status,E,uwp-required-field-gap,,,required_field_gap_rendered,0.0,"UWP-Kernfeld noch nicht maschinell aus einer versionierten Primärquelle belegt; nicht schätzen, nicht mit 0 füllen."
uwpobs-af7f4517a8ebd54d,uwp100-nemetschek,Nemetschek,2024,Demokratie,Compliance/Whistleblowing,whistleblowing_cases,Whistleblowing-Fälle und Abhilfe,,Anzahl/Status,E,uwp-required-field-gap,,,required_field_gap_rendered,0.0,"UWP-Kernfeld noch nicht maschinell aus einer versionierten Primärquelle belegt; nicht schätzen, nicht mit 0 füllen."
uwpobs-791cf3fa80abcb19,uwp100-nemetschek,Nemetschek,2024,Mensch,Arbeitssicherheit,ltifr,Lost Time Injury Frequency Rate,,je Mio. Arbeitsstunden,E,uwp-required-field-gap,,,required_field_gap_rendered,0.0,"UWP-Kernfeld noch nicht maschinell aus einer versionierten Primärquelle belegt; nicht schätzen, nicht mit 0 füllen."
uwpobs-2e2d193597ea5e00,uwp100-nemetschek,Nemetschek,2024,Mensch,Diversität/Teilhabe,women_management_share,Frauenanteil Management,,%,E,uwp-required-field-gap,,,required_field_gap_rendered,0.0,"UWP-Kernfeld noch nicht maschinell aus einer versionierten Primärquelle belegt; nicht schätzen, nicht mit 0 füllen."
uwpobs-f232b3a3ddb11ac9,uwp100-nemetschek,Nemetschek,2024,Planet,Energie,renewable_electricity_share,Erneuerbarer Strom,,%,E,uwp-required-field-gap,,,required_field_gap_rendered,0.0,"UWP-Kernfeld noch nicht maschinell aus einer versionierten Primärquelle belegt; nicht schätzen, nicht mit 0 füllen."
uwpobs-e7f253d0878f7671,uwp100-nemetschek,Nemetschek,2025,Planet,Klima/Transformationspfad,sbti_profile_available,SBTi Zielprofil sicher matchbar,,Status,E,sbti-target-dashboard,https://files.sciencebasedtargets.org/production/files/companies-excel.xlsx,,official_xlsx_import_no_safe_match,0.0,Kein sicherer SBTi-Match für Nemetschek im offiziellen Target Dashboard. Das ist keine negative Klimabewertung.
uwpobs-ca4076ee69765275,uwp100-nemetschek,Nemetschek,2024,Planet,Klima,scope_1_2_ghg_absolute,Scope 1+2 absolut,,t CO2e,E,uwp-required-field-gap,,,required_field_gap_rendered,0.0,"UWP-Kernfeld noch nicht maschinell aus einer versionierten Primärquelle belegt; nicht schätzen, nicht mit 0 füllen."
uwpobs-e6d745d5371d6af0,uwp100-nemetschek,Nemetschek,2024,Planet,Lieferkette/Klima,scope_3_ghg_absolute,Scope 3 absolut,,t CO2e,E,uwp-required-field-gap,,,required_field_gap_rendered,0.0,"UWP-Kernfeld noch nicht maschinell aus einer versionierten Primärquelle belegt; nicht schätzen, nicht mit 0 füllen."
uwpobs-eed1226989a651eb,uwp100-nemetschek,Nemetschek,2024,Transformation,EU-Taxonomie,taxonomy_aligned_revenue_share,Taxonomie-konformer Umsatzanteil,,%,E,uwp-required-field-gap,,,required_field_gap_rendered,0.0,"UWP-Kernfeld noch nicht maschinell aus einer versionierten Primärquelle belegt; nicht schätzen, nicht mit 0 füllen."
uwpobs-18c21daf49870aaf,uwp100-nordex,Nordex,2024,Datenqualität,Quellenstand,sbti_date_updated,SBTi Datenstand,2024-08-08,Datum,A,sbti-target-dashboard,https://files.sciencebasedtargets.org/production/files/companies-excel.xlsx,Nordex SE,official_xlsx_import:safe_name_match,0.86,SBTi-Zieldaten; kein Nachweis tatsächlicher Emissionsreduktion.
uwpobs-92a29b49de7234df,uwp100-nordex,Nordex,2024,Planet,Klima/Transformationspfad,sbti_ba15_date,SBTi Business Ambition 1.5C Datum,2022-01-18,Datum,B,sbti-target-dashboard,https://files.sciencebasedtargets.org/production/files/companies-excel.xlsx,Nordex SE,official_xlsx_import:safe_name_match,0.86,SBTi-Zieldaten; kein Nachweis tatsächlicher Emissionsreduktion.
uwpobs-13544c050dd718f6,uwp100-nordex,Nordex,2024,Planet,Klima/Transformationspfad,sbti_ba15_status,SBTi Business Ambition 1.5C Status,BA1.5 member,Status,B,sbti-target-dashboard,https://files.sciencebasedtargets.org/production/files/companies-excel.xlsx,Nordex SE,official_xlsx_import:safe_name_match,0.86,SBTi-Zieldaten; kein Nachweis tatsächlicher Emissionsreduktion.
uwpobs-27dc9964c64b04b2,uwp100-nordex,Nordex,2024,Planet,Klima/Transformationspfad,sbti_full_target_language,SBTi Zieltext,"Overall Net-Zero Target: Nordex SE commits to reach net-zero greenhouse gas emissions across the value chain by 2050. Near-Term Targets: Nordex SE commits to reduce absolute scope 1 and 2 GHG emissions 42% by 2030 from a 2022 base year.* Nordex SE also commits to reduce absolute scope 3 GHG emissions 25% within the same timeframe.
*The target boundary includes land-related emissions and removals from bioenergy feedstocks. Long-Term Targets: Nordex SE commits to reduce absolute scope 1 and 2 GHG emissions 90% by 2050 from a 2022 base year.* Nordex SE also commits to reduce absolute scope 3 GHG emissions 90% within the same timeframe.
*The target boundary includes land-related emissions and removals from bioenergy feedstocks.",Text,B,sbti-target-dashboard,https://files.sciencebasedtargets.org/production/files/companies-excel.xlsx,Nordex SE,official_xlsx_import:safe_name_match,0.86,SBTi-Zieldaten; kein Nachweis tatsächlicher Emissionsreduktion.
uwpobs-a29a7e1d50884c0d,uwp100-nordex,Nordex,2024,Planet,Klima/Transformationspfad,sbti_near_term_status,SBTi Near-Term Zielstatus,Targets set,Status,A,sbti-target-dashboard,https://files.sciencebasedtargets.org/production/files/companies-excel.xlsx,Nordex SE,official_xlsx_import:safe_name_match,0.86,SBTi-Zieldaten; kein Nachweis tatsächlicher Emissionsreduktion.
uwpobs-7bd08ea3934efe08,uwp100-nordex,Nordex,2024,Planet,Klima/Transformationspfad,sbti_near_term_target_classification,SBTi Near-Term Zielklassifikation,1.5°C,Klassifikation,A,sbti-target-dashboard,https://files.sciencebasedtargets.org/production/files/companies-excel.xlsx,Nordex SE,official_xlsx_import:safe_name_match,0.86,SBTi-Zieldaten; kein Nachweis tatsächlicher Emissionsreduktion.
uwpobs-77e2b08fce119c6a,uwp100-nordex,Nordex,2024,Planet,Klima/Transformationspfad,sbti_near_term_target_year,SBTi Near-Term Zieljahr,2030,Jahr,A,sbti-target-dashboard,https://files.sciencebasedtargets.org/production/files/companies-excel.xlsx,Nordex SE,official_xlsx_import:safe_name_match,0.86,SBTi-Zieldaten; kein Nachweis tatsächlicher Emissionsreduktion.
uwpobs-218c1932cd532073,uwp100-nordex,Nordex,2024,Planet,Klima/Transformationspfad,sbti_target_classification_long,SBTi Zielklassifikation Langtext,The targets covering greenhouse gas emissions from company operations (scopes 1 and 2) are consistent with reductions required to keep warming to 1.5°C,Text,B,sbti-target-dashboard,https://files.sciencebasedtargets.org/production/files/companies-excel.xlsx,Nordex SE,official_xlsx_import:safe_name_match,0.86,SBTi-Zieldaten; kein Nachweis tatsächlicher Emissionsreduktion.
uwpobs-2fd88a227e01495e,uwp100-nordex,Nordex,2024,Transformation,Net-Zero/Transformation,sbti_long_term_status,SBTi Long-Term Zielstatus,Targets set,Status,A,sbti-target-dashboard,https://files.sciencebasedtargets.org/production/files/companies-excel.xlsx,Nordex SE,official_xlsx_import:safe_name_match,0.86,SBTi-Zieldaten; kein Nachweis tatsächlicher Emissionsreduktion.
uwpobs-681b8e3ec8cd56f1,uwp100-nordex,Nordex,2024,Transformation,Net-Zero/Transformation,sbti_long_term_target_classification,SBTi Long-Term Zielklassifikation,1.5°C,Klassifikation,A,sbti-target-dashboard,https://files.sciencebasedtargets.org/production/files/companies-excel.xlsx,Nordex SE,official_xlsx_import:safe_name_match,0.86,SBTi-Zieldaten; kein Nachweis tatsächlicher Emissionsreduktion.
uwpobs-4685014bc5d18687,uwp100-nordex,Nordex,2024,Transformation,Net-Zero/Transformation,sbti_long_term_target_year,SBTi Long-Term Zieljahr,2050,Jahr,A,sbti-target-dashboard,https://files.sciencebasedtargets.org/production/files/companies-excel.xlsx,Nordex SE,official_xlsx_import:safe_name_match,0.86,SBTi-Zieldaten; kein Nachweis tatsächlicher Emissionsreduktion.
uwpobs-c977917a27214222,uwp100-nordex,Nordex,2024,Transformation,Net-Zero/Transformation,sbti_net_zero_status,SBTi Net-Zero Status,Targets set,Status,A,sbti-target-dashboard,https://files.sciencebasedtargets.org/production/files/companies-excel.xlsx,Nordex SE,official_xlsx_import:safe_name_match,0.86,SBTi-Zieldaten; kein Nachweis tatsächlicher Emissionsreduktion.
uwpobs-97941a6a8fcc3eb1,uwp100-nordex,Nordex,2024,Transformation,Net-Zero/Transformation,sbti_net_zero_year,SBTi Net-Zero Zieljahr,2050,Jahr,A,sbti-target-dashboard,https://files.sciencebasedtargets.org/production/files/companies-excel.xlsx,Nordex SE,official_xlsx_import:safe_name_match,0.86,SBTi-Zieldaten; kein Nachweis tatsächlicher Emissionsreduktion.
uwpobs-11a06ee8d7140b84,uwp100-nordex,Nordex,2024,Demokratie,Steuertransparenz,cbcr_tax_transparency,Country-by-Country Reporting / Steuertransparenz,,Status,E,uwp-required-field-gap,,,required_field_gap_rendered,0.0,"UWP-Kernfeld noch nicht maschinell aus einer versionierten Primärquelle belegt; nicht schätzen, nicht mit 0 füllen."
uwpobs-b348f8503ee9cd12,uwp100-nordex,Nordex,2024,Demokratie,Datenschutz,data_privacy_incidents,Datenschutzverstöße / Bußgelder,,Anzahl/Status,E,uwp-required-field-gap,,,required_field_gap_rendered,0.0,"UWP-Kernfeld noch nicht maschinell aus einer versionierten Primärquelle belegt; nicht schätzen, nicht mit 0 füllen."
uwpobs-c63840120f6793c6,uwp100-nordex,Nordex,2024,Demokratie,Lobbying/Einflussnahme,lobbying_transparency,Lobbying-Transparenz,,Status,E,uwp-required-field-gap,,,required_field_gap_rendered,0.0,"UWP-Kernfeld noch nicht maschinell aus einer versionierten Primärquelle belegt; nicht schätzen, nicht mit 0 füllen."
uwpobs-b22e274aac221308,uwp100-nordex,Nordex,2024,Demokratie,Compliance/Whistleblowing,whistleblowing_cases,Whistleblowing-Fälle und Abhilfe,,Anzahl/Status,E,uwp-required-field-gap,,,required_field_gap_rendered,0.0,"UWP-Kernfeld noch nicht maschinell aus einer versionierten Primärquelle belegt; nicht schätzen, nicht mit 0 füllen."
uwpobs-2058dab9d0097b94,uwp100-nordex,Nordex,2024,Mensch,Arbeitssicherheit,ltifr,Lost Time Injury Frequency Rate,,je Mio. Arbeitsstunden,E,uwp-required-field-gap,,,required_field_gap_rendered,0.0,"UWP-Kernfeld noch nicht maschinell aus einer versionierten Primärquelle belegt; nicht schätzen, nicht mit 0 füllen."
uwpobs-3b30e7590084ce96,uwp100-nordex,Nordex,2024,Mensch,Diversität/Teilhabe,women_management_share,Frauenanteil Management,,%,E,uwp-required-field-gap,,,required_field_gap_rendered,0.0,"UWP-Kernfeld noch nicht maschinell aus einer versionierten Primärquelle belegt; nicht schätzen, nicht mit 0 füllen."
uwpobs-7a4d43c36472868f,uwp100-nordex,Nordex,2024,Planet,Energie,renewable_electricity_share,Erneuerbarer Strom,,%,E,uwp-required-field-gap,,,required_field_gap_rendered,0.0,"UWP-Kernfeld noch nicht maschinell aus einer versionierten Primärquelle belegt; nicht schätzen, nicht mit 0 füllen."
uwpobs-01d5c273eca8f74c,uwp100-nordex,Nordex,2024,Planet,Klima,scope_1_2_ghg_absolute,Scope 1+2 absolut,,t CO2e,E,uwp-required-field-gap,,,required_field_gap_rendered,0.0,"UWP-Kernfeld noch nicht maschinell aus einer versionierten Primärquelle belegt; nicht schätzen, nicht mit 0 füllen."
uwpobs-527b7358207e9e91,uwp100-nordex,Nordex,2024,Planet,Lieferkette/Klima,scope_3_ghg_absolute,Scope 3 absolut,,t CO2e,E,uwp-required-field-gap,,,required_field_gap_rendered,0.0,"UWP-Kernfeld noch nicht maschinell aus einer versionierten Primärquelle belegt; nicht schätzen, nicht mit 0 füllen."
uwpobs-32cb5a97cbdcccb3,uwp100-nordex,Nordex,2024,Transformation,EU-Taxonomie,taxonomy_aligned_revenue_share,Taxonomie-konformer Umsatzanteil,,%,E,uwp-required-field-gap,,,required_field_gap_rendered,0.0,"UWP-Kernfeld noch nicht maschinell aus einer versionierten Primärquelle belegt; nicht schätzen, nicht mit 0 füllen."
uwpobs-36dfc5488e13ab5f,uwp100-porsche-se,Porsche SE,2024,Demokratie,Steuertransparenz,cbcr_tax_transparency,Country-by-Country Reporting / Steuertransparenz,,Status,E,uwp-required-field-gap,,,required_field_gap_rendered,0.0,"UWP-Kernfeld noch nicht maschinell aus einer versionierten Primärquelle belegt; nicht schätzen, nicht mit 0 füllen."
uwpobs-acc12cec0b2a61e9,uwp100-porsche-se,Porsche SE,2024,Demokratie,Datenschutz,data_privacy_incidents,Datenschutzverstöße / Bußgelder,,Anzahl/Status,E,uwp-required-field-gap,,,required_field_gap_rendered,0.0,"UWP-Kernfeld noch nicht maschinell aus einer versionierten Primärquelle belegt; nicht schätzen, nicht mit 0 füllen."
uwpobs-9a7221a8a220710b,uwp100-porsche-se,Porsche SE,2024,Demokratie,Lobbying/Einflussnahme,lobbying_transparency,Lobbying-Transparenz,,Status,E,uwp-required-field-gap,,,required_field_gap_rendered,0.0,"UWP-Kernfeld noch nicht maschinell aus einer versionierten Primärquelle belegt; nicht schätzen, nicht mit 0 füllen."
uwpobs-7459183815025841,uwp100-porsche-se,Porsche SE,2024,Demokratie,Compliance/Whistleblowing,whistleblowing_cases,Whistleblowing-Fälle und Abhilfe,,Anzahl/Status,E,uwp-required-field-gap,,,required_field_gap_rendered,0.0,"UWP-Kernfeld noch nicht maschinell aus einer versionierten Primärquelle belegt; nicht schätzen, nicht mit 0 füllen."
uwpobs-317209f8d098bd86,uwp100-porsche-se,Porsche SE,2024,Mensch,Arbeitssicherheit,ltifr,Lost Time Injury Frequency Rate,,je Mio. Arbeitsstunden,E,uwp-required-field-gap,,,required_field_gap_rendered,0.0,"UWP-Kernfeld noch nicht maschinell aus einer versionierten Primärquelle belegt; nicht schätzen, nicht mit 0 füllen."
uwpobs-29140425a892bf1c,uwp100-porsche-se,Porsche SE,2024,Mensch,Diversität/Teilhabe,women_management_share,Frauenanteil Management,,%,E,uwp-required-field-gap,,,required_field_gap_rendered,0.0,"UWP-Kernfeld noch nicht maschinell aus einer versionierten Primärquelle belegt; nicht schätzen, nicht mit 0 füllen."
uwpobs-ed980b54d6bbdf1d,uwp100-porsche-se,Porsche SE,2024,Planet,Energie,renewable_electricity_share,Erneuerbarer Strom,,%,E,uwp-required-field-gap,,,required_field_gap_rendered,0.0,"UWP-Kernfeld noch nicht maschinell aus einer versionierten Primärquelle belegt; nicht schätzen, nicht mit 0 füllen."
uwpobs-54e7278275257261,uwp100-porsche-se,Porsche SE,2025,Planet,Klima/Transformationspfad,sbti_profile_available,SBTi Zielprofil sicher matchbar,,Status,E,sbti-target-dashboard,https://files.sciencebasedtargets.org/production/files/companies-excel.xlsx,,official_xlsx_import_no_safe_match,0.0,Kein sicherer SBTi-Match für Porsche SE im offiziellen Target Dashboard. Das ist keine negative Klimabewertung.
uwpobs-f878089cb5b6e248,uwp100-porsche-se,Porsche SE,2024,Planet,Klima,scope_1_2_ghg_absolute,Scope 1+2 absolut,,t CO2e,E,uwp-required-field-gap,,,required_field_gap_rendered,0.0,"UWP-Kernfeld noch nicht maschinell aus einer versionierten Primärquelle belegt; nicht schätzen, nicht mit 0 füllen."
uwpobs-db503b106aa4fbf3,uwp100-porsche-se,Porsche SE,2024,Planet,Lieferkette/Klima,scope_3_ghg_absolute,Scope 3 absolut,,t CO2e,E,uwp-required-field-gap,,,required_field_gap_rendered,0.0,"UWP-Kernfeld noch nicht maschinell aus einer versionierten Primärquelle belegt; nicht schätzen, nicht mit 0 füllen."
uwpobs-b9925f37c88e6853,uwp100-porsche-se,Porsche SE,2024,Transformation,EU-Taxonomie,taxonomy_aligned_revenue_share,Taxonomie-konformer Umsatzanteil,,%,E,uwp-required-field-gap,,,required_field_gap_rendered,0.0,"UWP-Kernfeld noch nicht maschinell aus einer versionierten Primärquelle belegt; nicht schätzen, nicht mit 0 füllen."
uwpobs-950f86a58ba7ad3b,uwp100-puma,Puma,2023,Datenqualität,Quellenstand,sbti_date_updated,SBTi Datenstand,2023-12-14,Datum,A,sbti-target-dashboard,https://files.sciencebasedtargets.org/production/files/companies-excel.xlsx,PUMA SE,official_xlsx_import:safe_name_match,0.86,SBTi-Zieldaten; kein Nachweis tatsächlicher Emissionsreduktion.
uwpobs-4dce08bc8005a56a,uwp100-puma,Puma,2019,Demokratie,Korruption/Compliance,wikirate_gri_corruption_incidents,GRI 205-3 confirmed incidents of corruption,3,incidents,C,wikirate-open-esg,https://wikirate.org/~7450459,https://wikirate.org/~6010428,wikirate_bulk_csv_export,0.62,WikiRate Community-/Sekundärdaten; Antwortseite und Primärquelle prüfen.
uwpobs-7a45aa740a65022f,uwp100-puma,Puma,2022,Demokratie,Rechtskonformität/Umwelt,wikirate_gri_environmental_fines,GRI 307-1 environmental fines,0,USD,C,wikirate-open-esg,https://wikirate.org/~15553631,https://wikirate.org/~15553292,wikirate_bulk_csv_export,0.62,WikiRate Community-/Sekundärdaten; Antwortseite und Primärquelle prüfen.
uwpobs-0a90caee6fe7b540,uwp100-puma,Puma,2017,Mensch,Arbeitssicherheit,wikirate_gri_injury_rate,GRI 403-9 injury rate,0.72,injuries per million hours worked,C,wikirate-open-esg,https://wikirate.org/~3750670,https://wikirate.org/~3751338,wikirate_bulk_csv_export,0.62,WikiRate Community-/Sekundärdaten; Antwortseite und Primärquelle prüfen.
uwpobs-af28fc412f2eb2e7,uwp100-puma,Puma,2016,Mensch,Arbeitssicherheit,wikirate_gri_injury_rate,GRI 403-9 injury rate,0.84,injuries per million hours worked,C,wikirate-open-esg,https://wikirate.org/~5292324,https://wikirate.org/~3751338,wikirate_bulk_csv_export,0.62,WikiRate Community-/Sekundärdaten; Antwortseite und Primärquelle prüfen.
uwpobs-703abc85cc140dd7,uwp100-puma,Puma,2014,Mensch,Arbeitssicherheit,wikirate_gri_injury_rate,GRI 403-9 injury rate,1,injuries per million hours worked,C,wikirate-open-esg,https://wikirate.org/~1041077,https://wikirate.org/~1040845,wikirate_bulk_csv_export,0.62,WikiRate Community-/Sekundärdaten; Antwortseite und Primärquelle prüfen.
uwpobs-d667634b4be0b61f,uwp100-puma,Puma,2023,Mensch,Qualifizierung,wikirate_gri_training_hours,GRI 404-1 average hours of training,9,hours,C,wikirate-open-esg,https://wikirate.org/~18046362,https://wikirate.org/~18046254,wikirate_bulk_csv_export,0.62,WikiRate Community-/Sekundärdaten; Antwortseite und Primärquelle prüfen.
uwpobs-9007bdf3a205cee1,uwp100-puma,Puma,2022,Mensch,Qualifizierung,wikirate_gri_training_hours,GRI 404-1 average hours of training,7,hours,C,wikirate-open-esg,https://wikirate.org/~15574573,https://wikirate.org/~15553292,wikirate_bulk_csv_export,0.62,WikiRate Community-/Sekundärdaten; Antwortseite und Primärquelle prüfen.
uwpobs-684ad376a2fb1799,uwp100-puma,Puma,2023,Mensch,Arbeitssicherheit,wikirate_gri_worker_fatalities,GRI 403-9 worker fatalities,0,count,C,wikirate-open-esg,https://wikirate.org/~18074934,https://wikirate.org/~18046254,wikirate_bulk_csv_export,0.62,WikiRate Community-/Sekundärdaten; Antwortseite und Primärquelle prüfen.
uwpobs-e4c76c97871d30a2,uwp100-puma,Puma,2022,Mensch,Arbeitssicherheit,wikirate_gri_worker_fatalities,GRI 403-9 worker fatalities,0,count,C,wikirate-open-esg,https://wikirate.org/~14553881,https://wikirate.org/~13651243,wikirate_bulk_csv_export,0.62,WikiRate Community-/Sekundärdaten; Antwortseite und Primärquelle prüfen.
uwpobs-0f4ca13d05e2b2dd,uwp100-puma,Puma,2020,Mensch,Arbeitssicherheit,wikirate_gri_worker_fatalities,GRI 403-9 worker fatalities,0,count,C,wikirate-open-esg,https://wikirate.org/~14553912,https://wikirate.org/~14553904,wikirate_bulk_csv_export,0.62,WikiRate Community-/Sekundärdaten; Antwortseite und Primärquelle prüfen.
uwpobs-dbcef6a545513f8f,uwp100-puma,Puma,2017,Mensch,Arbeitssicherheit,wikirate_gri_worker_fatalities,GRI 403-9 worker fatalities,0,count,C,wikirate-open-esg,https://wikirate.org/~3751278,https://wikirate.org/~3751338,wikirate_bulk_csv_export,0.62,WikiRate Community-/Sekundärdaten; Antwortseite und Primärquelle prüfen.
uwpobs-456624181cfc71c1,uwp100-puma,Puma,2023,Planet,Klima/Transformationspfad,sbti_full_target_language,SBTi Zieltext,"PUMA commits to reduce absolute scope 1 and scope 2 GHG emissions 90% by 2030 from a 2017 base year. PUMA SE also commits to continue active annual sourcing of 100% renewable electricity through 2030. PUMA further commits to reduce absolute scope 3 GHG emissions from purchased goods and services and upstream transportation and distribution 33% by 2030 from a 2017 base year.*
*The target boundary includes land-related emissions and removals from bioenergy feedstocks.",Text,B,sbti-target-dashboard,https://files.sciencebasedtargets.org/production/files/companies-excel.xlsx,PUMA SE,official_xlsx_import:safe_name_match,0.86,SBTi-Zieldaten; kein Nachweis tatsächlicher Emissionsreduktion.
uwpobs-1fc518d65b63aba1,uwp100-puma,Puma,2023,Planet,Klima/Transformationspfad,sbti_near_term_status,SBTi Near-Term Zielstatus,Targets set,Status,A,sbti-target-dashboard,https://files.sciencebasedtargets.org/production/files/companies-excel.xlsx,PUMA SE,official_xlsx_import:safe_name_match,0.86,SBTi-Zieldaten; kein Nachweis tatsächlicher Emissionsreduktion.
uwpobs-c91675b340703304,uwp100-puma,Puma,2023,Planet,Klima/Transformationspfad,sbti_near_term_target_classification,SBTi Near-Term Zielklassifikation,1.5°C,Klassifikation,A,sbti-target-dashboard,https://files.sciencebasedtargets.org/production/files/companies-excel.xlsx,PUMA SE,official_xlsx_import:safe_name_match,0.86,SBTi-Zieldaten; kein Nachweis tatsächlicher Emissionsreduktion.
uwpobs-d4d265600fb92565,uwp100-puma,Puma,2023,Planet,Klima/Transformationspfad,sbti_near_term_target_year,SBTi Near-Term Zieljahr,2030,Jahr,A,sbti-target-dashboard,https://files.sciencebasedtargets.org/production/files/companies-excel.xlsx,PUMA SE,official_xlsx_import:safe_name_match,0.86,SBTi-Zieldaten; kein Nachweis tatsächlicher Emissionsreduktion.
uwpobs-d4111a00f34b8fb6,uwp100-puma,Puma,2023,Planet,Klima/Transformationspfad,sbti_target_classification_long,SBTi Zielklassifikation Langtext,The targets covering greenhouse gas emissions from company operations (scopes 1 and 2) are consistent with reductions required to keep warming to 1.5°C,Text,B,sbti-target-dashboard,https://files.sciencebasedtargets.org/production/files/companies-excel.xlsx,PUMA SE,official_xlsx_import:safe_name_match,0.86,SBTi-Zieldaten; kein Nachweis tatsächlicher Emissionsreduktion.
uwpobs-ef54833467dbbe26,uwp100-puma,Puma,2023,Planet,Energie,wikirate_gri_energy_consumption,GRI 302-1 Total energy consumption,355143.6,Gigajoules,C,wikirate-open-esg,https://wikirate.org/~18074903,https://wikirate.org/~18046254,wikirate_bulk_csv_export,0.62,WikiRate Community-/Sekundärdaten; Antwortseite und Primärquelle prüfen.
uwpobs-6faefb54faa87590,uwp100-puma,Puma,2022,Planet,Energie,wikirate_gri_energy_consumption,GRI 302-1 Total energy consumption,317855,Gigajoules,C,wikirate-open-esg,https://wikirate.org/~15573735,https://wikirate.org/~15553292,wikirate_bulk_csv_export,0.62,WikiRate Community-/Sekundärdaten; Antwortseite und Primärquelle prüfen.
uwpobs-b0d615aad7a585bb,uwp100-puma,Puma,2020,Planet,Energie,wikirate_gri_energy_consumption,GRI 302-1 Total energy consumption,282.06,Gigajoules,C,wikirate-open-esg,https://wikirate.org/~14553949,https://wikirate.org/~14551469,wikirate_bulk_csv_export,0.62,WikiRate Community-/Sekundärdaten; Antwortseite und Primärquelle prüfen.
uwpobs-ea9ec08304693a7f,uwp100-puma,Puma,2019,Planet,Energie,wikirate_gri_energy_consumption,GRI 302-1 Total energy consumption,886176,Gigajoules,C,wikirate-open-esg,https://wikirate.org/~5998260,https://wikirate.org/~6010428,wikirate_bulk_csv_export,0.62,WikiRate Community-/Sekundärdaten; Antwortseite und Primärquelle prüfen.
uwpobs-454ad994f64d94e1,uwp100-puma,Puma,2018,Planet,Energie,wikirate_gri_energy_consumption,GRI 302-1 Total energy consumption,705117.6,Gigajoules,C,wikirate-open-esg,https://wikirate.org/~5998252,https://wikirate.org/~6010428,wikirate_bulk_csv_export,0.62,WikiRate Community-/Sekundärdaten; Antwortseite und Primärquelle prüfen.
uwpobs-15812f5a5d57d44e,uwp100-puma,Puma,2023,Planet,Klima/Emissionen,wikirate_gri_scope1_ghg,GRI 305-1 Scope 1 GHG emissions,6403,tonnes CO2 equivalent,C,wikirate-open-esg,https://wikirate.org/~18074886,https://wikirate.org/~18046254,wikirate_bulk_csv_export,0.62,WikiRate Community-/Sekundärdaten; Antwortseite und Primärquelle prüfen.
uwpobs-367505f6ca21ea9d,uwp100-puma,Puma,2022,Planet,Klima/Emissionen,wikirate_gri_scope1_ghg,GRI 305-1 Scope 1 GHG emissions,1430690,tonnes CO2 equivalent,C,wikirate-open-esg,https://wikirate.org/~15546943,https://wikirate.org/~15546937,wikirate_bulk_csv_export,0.62,WikiRate Community-/Sekundärdaten; Antwortseite und Primärquelle prüfen.
uwpobs-a075684ef7aad152,uwp100-puma,Puma,2020,Planet,Klima/Emissionen,wikirate_gri_scope1_ghg,GRI 305-1 Scope 1 GHG emissions,4179,tonnes CO2 equivalent,C,wikirate-open-esg,https://wikirate.org/~14553940,https://wikirate.org/~14551469,wikirate_bulk_csv_export,0.62,WikiRate Community-/Sekundärdaten; Antwortseite und Primärquelle prüfen.
uwpobs-c9c5fb73cd8c71d8,uwp100-puma,Puma,2023,Planet,Klima/Emissionen,wikirate_gri_scope2_ghg,GRI 305-2 Scope 2 GHG emissions,41679,tonnes CO2 equivalent,C,wikirate-open-esg,https://wikirate.org/~18083056,https://wikirate.org/~18046254,wikirate_bulk_csv_export,0.62,WikiRate Community-/Sekundärdaten; Antwortseite und Primärquelle prüfen.
uwpobs-e0ee296ff4be34fc,uwp100-puma,Puma,2022,Planet,Klima/Emissionen,wikirate_gri_scope2_ghg,GRI 305-2 Scope 2 GHG emissions,35528,tonnes CO2 equivalent,C,wikirate-open-esg,https://wikirate.org/~15553484,https://wikirate.org/~15553292,wikirate_bulk_csv_export,0.62,WikiRate Community-/Sekundärdaten; Antwortseite und Primärquelle prüfen.
uwpobs-d20c089611374a24,uwp100-puma,Puma,2020,Planet,Klima/Emissionen,wikirate_gri_scope2_ghg,GRI 305-2 Scope 2 GHG emissions,30917,tonnes CO2 equivalent,C,wikirate-open-esg,https://wikirate.org/~14553943,https://wikirate.org/~14551469,wikirate_bulk_csv_export,0.62,WikiRate Community-/Sekundärdaten; Antwortseite und Primärquelle prüfen.
uwpobs-f2f53537cfda7333,uwp100-puma,Puma,2019,Planet,Klima/Emissionen,wikirate_gri_scope2_ghg,GRI 305-2 Scope 2 GHG emissions,40986,tonnes CO2 equivalent,C,wikirate-open-esg,https://wikirate.org/~5998215,https://wikirate.org/~5998201,wikirate_bulk_csv_export,0.62,WikiRate Community-/Sekundärdaten; Antwortseite und Primärquelle prüfen.
uwpobs-642d3bafafc27e33,uwp100-puma,Puma,2023,Planet,Lieferkette/Klima,wikirate_gri_scope3_ghg,GRI 305-3 Scope 3 GHG emissions,1089971,tonnes CO2 equivalent,C,wikirate-open-esg,https://wikirate.org/~18074891,https://wikirate.org/~18046254,wikirate_bulk_csv_export,0.62,WikiRate Community-/Sekundärdaten; Antwortseite und Primärquelle prüfen.
uwpobs-da6054e1ec367186,uwp100-puma,Puma,2020,Planet,Lieferkette/Klima,wikirate_gri_scope3_ghg,GRI 305-3 Scope 3 GHG emissions,216365,tonnes CO2 equivalent,C,wikirate-open-esg,https://wikirate.org/~14553946,https://wikirate.org/~14551469,wikirate_bulk_csv_export,0.62,WikiRate Community-/Sekundärdaten; Antwortseite und Primärquelle prüfen.
uwpobs-ca02bd621d19efb0,uwp100-puma,Puma,2019,Planet,Lieferkette/Klima,wikirate_gri_scope3_ghg,GRI 305-3 Scope 3 GHG emissions,272540,tonnes CO2 equivalent,C,wikirate-open-esg,https://wikirate.org/~5998223,https://wikirate.org/~5998201,wikirate_bulk_csv_export,0.62,WikiRate Community-/Sekundärdaten; Antwortseite und Primärquelle prüfen.
uwpobs-c5341d26a627f2f2,uwp100-puma,Puma,2023,Planet,Abfall/Ressourcen,wikirate_gri_total_waste,GRI 306-2 Total waste generated,5595,tonnes,C,wikirate-open-esg,https://wikirate.org/~18074759,https://wikirate.org/~18046254,wikirate_bulk_csv_export,0.62,WikiRate Community-/Sekundärdaten; Antwortseite und Primärquelle prüfen.
uwpobs-e6087188b490a2a0,uwp100-puma,Puma,2022,Planet,Abfall/Ressourcen,wikirate_gri_total_waste,GRI 306-2 Total waste generated,4527,tonnes,C,wikirate-open-esg,https://wikirate.org/~15573837,https://wikirate.org/~15553292,wikirate_bulk_csv_export,0.62,WikiRate Community-/Sekundärdaten; Antwortseite und Primärquelle prüfen.
uwpobs-62967fdbb180abad,uwp100-puma,Puma,2020,Planet,Abfall/Ressourcen,wikirate_gri_total_waste,GRI 306-2 Total waste generated,23498,tonnes,C,wikirate-open-esg,https://wikirate.org/~14553961,https://wikirate.org/~14551469,wikirate_bulk_csv_export,0.62,WikiRate Community-/Sekundärdaten; Antwortseite und Primärquelle prüfen.
uwpobs-edfe9c0d9cdac0c1,uwp100-puma,Puma,2019,Planet,Abfall/Ressourcen,wikirate_gri_total_waste,GRI 306-2 Total waste generated,3154,tonnes,C,wikirate-open-esg,https://wikirate.org/~6022833,https://wikirate.org/~6010428,wikirate_bulk_csv_export,0.62,WikiRate Community-/Sekundärdaten; Antwortseite und Primärquelle prüfen.
uwpobs-56b8ad7f5d9a27de,uwp100-puma,Puma,2018,Planet,Abfall/Ressourcen,wikirate_gri_total_waste,GRI 306-2 Total waste generated,4877,tonnes,C,wikirate-open-esg,https://wikirate.org/~6001838,https://wikirate.org/~5780928,wikirate_bulk_csv_export,0.62,WikiRate Community-/Sekundärdaten; Antwortseite und Primärquelle prüfen.
uwpobs-3c8065ecfbcf2df9,uwp100-puma,Puma,2024,Demokratie,Steuertransparenz,cbcr_tax_transparency,Country-by-Country Reporting / Steuertransparenz,,Status,E,uwp-required-field-gap,,,required_field_gap_rendered,0.0,"UWP-Kernfeld noch nicht maschinell aus einer versionierten Primärquelle belegt; nicht schätzen, nicht mit 0 füllen."
uwpobs-ef680e6e3a7f154d,uwp100-puma,Puma,2024,Demokratie,Datenschutz,data_privacy_incidents,Datenschutzverstöße / Bußgelder,,Anzahl/Status,E,uwp-required-field-gap,,,required_field_gap_rendered,0.0,"UWP-Kernfeld noch nicht maschinell aus einer versionierten Primärquelle belegt; nicht schätzen, nicht mit 0 füllen."
uwpobs-8e3cc08c8860c90b,uwp100-puma,Puma,2024,Demokratie,Lobbying/Einflussnahme,lobbying_transparency,Lobbying-Transparenz,,Status,E,uwp-required-field-gap,,,required_field_gap_rendered,0.0,"UWP-Kernfeld noch nicht maschinell aus einer versionierten Primärquelle belegt; nicht schätzen, nicht mit 0 füllen."
uwpobs-c5de3a342ae5be28,uwp100-puma,Puma,2024,Demokratie,Compliance/Whistleblowing,whistleblowing_cases,Whistleblowing-Fälle und Abhilfe,,Anzahl/Status,E,uwp-required-field-gap,,,required_field_gap_rendered,0.0,"UWP-Kernfeld noch nicht maschinell aus einer versionierten Primärquelle belegt; nicht schätzen, nicht mit 0 füllen."
uwpobs-25902d9977ea0e68,uwp100-puma,Puma,2024,Mensch,Arbeitssicherheit,ltifr,Lost Time Injury Frequency Rate,,je Mio. Arbeitsstunden,E,uwp-required-field-gap,,,required_field_gap_rendered,0.0,"UWP-Kernfeld noch nicht maschinell aus einer versionierten Primärquelle belegt; nicht schätzen, nicht mit 0 füllen."
uwpobs-e212cdec1585ea6c,uwp100-puma,Puma,2024,Mensch,Diversität/Teilhabe,women_management_share,Frauenanteil Management,,%,E,uwp-required-field-gap,,,required_field_gap_rendered,0.0,"UWP-Kernfeld noch nicht maschinell aus einer versionierten Primärquelle belegt; nicht schätzen, nicht mit 0 füllen."
uwpobs-fc190f49f7f43f36,uwp100-puma,Puma,2024,Planet,Energie,renewable_electricity_share,Erneuerbarer Strom,,%,E,uwp-required-field-gap,,,required_field_gap_rendered,0.0,"UWP-Kernfeld noch nicht maschinell aus einer versionierten Primärquelle belegt; nicht schätzen, nicht mit 0 füllen."
uwpobs-7ef110fe9dd54732,uwp100-puma,Puma,2024,Planet,Klima,scope_1_2_ghg_absolute,Scope 1+2 absolut,,t CO2e,E,uwp-required-field-gap,,,required_field_gap_rendered,0.0,"UWP-Kernfeld noch nicht maschinell aus einer versionierten Primärquelle belegt; nicht schätzen, nicht mit 0 füllen."
uwpobs-a059e8b2c724245c,uwp100-puma,Puma,2024,Transformation,EU-Taxonomie,taxonomy_aligned_revenue_share,Taxonomie-konformer Umsatzanteil,,%,E,uwp-required-field-gap,,,required_field_gap_rendered,0.0,"UWP-Kernfeld noch nicht maschinell aus einer versionierten Primärquelle belegt; nicht schätzen, nicht mit 0 füllen."
uwpobs-f4ae6a50b2d7ba3e,uwp100-qiagen,Qiagen,2023,Datenqualität,Quellenstand,sbti_date_updated,SBTi Datenstand,2023-03-23,Datum,A,sbti-target-dashboard,https://files.sciencebasedtargets.org/production/files/companies-excel.xlsx,QIAGEN N.V.,official_xlsx_import:safe_name_match,0.86,SBTi-Zieldaten; kein Nachweis tatsächlicher Emissionsreduktion.
uwpobs-841640ff174923e4,uwp100-qiagen,Qiagen,2023,Planet,Klima/Transformationspfad,sbti_ba15_date,SBTi Business Ambition 1.5C Datum,2021-10-28,Datum,B,sbti-target-dashboard,https://files.sciencebasedtargets.org/production/files/companies-excel.xlsx,QIAGEN N.V.,official_xlsx_import:safe_name_match,0.86,SBTi-Zieldaten; kein Nachweis tatsächlicher Emissionsreduktion.
uwpobs-5d476aeca692bda3,uwp100-qiagen,Qiagen,2023,Planet,Klima/Transformationspfad,sbti_ba15_status,SBTi Business Ambition 1.5C Status,BA1.5 member,Status,B,sbti-target-dashboard,https://files.sciencebasedtargets.org/production/files/companies-excel.xlsx,QIAGEN N.V.,official_xlsx_import:safe_name_match,0.86,SBTi-Zieldaten; kein Nachweis tatsächlicher Emissionsreduktion.
uwpobs-722df5069ad648c7,uwp100-qiagen,Qiagen,2023,Planet,Klima/Transformationspfad,sbti_full_target_language,SBTi Zieltext,"Overall Net-Zero Target QIAGEN N.V. commits to reach net-zero greenhouse gas emissions across the value chain by 2050 from a 2020 base year. Near-Term Targets QIAGEN N.V. commits to reduce absolute scope 1 and 2 GHG emissions 42% by 2030 from a 2020 base year.* QIAGEN N.V. also commits to reduce absolute scope 3 GHG emissions from business travel, use of sold products and end-of-life treatment of sold products 25% within the same timeframe. QIAGEN N.V. further commits that 67% of its suppliers by emissions covering purchased goods and services, capital goods and upstream transportation and distribution, will have science-based targets by 2027. *The target boundary includes land-related emissions and removals from bioenergy feedstocks. Long-Term Targets QIAGEN N.V. commits to reduce absolute scope 1, 2 and 3 GHG emissions 90% by 2050 from a 2020 base year.*",Text,B,sbti-target-dashboard,https://files.sciencebasedtargets.org/production/files/companies-excel.xlsx,QIAGEN N.V.,official_xlsx_import:safe_name_match,0.86,SBTi-Zieldaten; kein Nachweis tatsächlicher Emissionsreduktion.
uwpobs-c9cfdc384bb507d8,uwp100-qiagen,Qiagen,2023,Planet,Klima/Transformationspfad,sbti_near_term_status,SBTi Near-Term Zielstatus,Targets set,Status,A,sbti-target-dashboard,https://files.sciencebasedtargets.org/production/files/companies-excel.xlsx,QIAGEN N.V.,official_xlsx_import:safe_name_match,0.86,SBTi-Zieldaten; kein Nachweis tatsächlicher Emissionsreduktion.
uwpobs-c2bfddbef0b77e05,uwp100-qiagen,Qiagen,2023,Planet,Klima/Transformationspfad,sbti_near_term_target_classification,SBTi Near-Term Zielklassifikation,1.5°C,Klassifikation,A,sbti-target-dashboard,https://files.sciencebasedtargets.org/production/files/companies-excel.xlsx,QIAGEN N.V.,official_xlsx_import:safe_name_match,0.86,SBTi-Zieldaten; kein Nachweis tatsächlicher Emissionsreduktion.
uwpobs-50a5721a57491379,uwp100-qiagen,Qiagen,2023,Planet,Klima/Transformationspfad,sbti_near_term_target_year,SBTi Near-Term Zieljahr,2030,Jahr,A,sbti-target-dashboard,https://files.sciencebasedtargets.org/production/files/companies-excel.xlsx,QIAGEN N.V.,official_xlsx_import:safe_name_match,0.86,SBTi-Zieldaten; kein Nachweis tatsächlicher Emissionsreduktion.
uwpobs-2caec3cee1992f84,uwp100-qiagen,Qiagen,2023,Planet,Klima/Transformationspfad,sbti_target_classification_long,SBTi Zielklassifikation Langtext,The targets covering greenhouse gas emissions from company operations (scopes 1 and 2) are consistent with reductions required to keep warming to 1.5°C,Text,B,sbti-target-dashboard,https://files.sciencebasedtargets.org/production/files/companies-excel.xlsx,QIAGEN N.V.,official_xlsx_import:safe_name_match,0.86,SBTi-Zieldaten; kein Nachweis tatsächlicher Emissionsreduktion.
uwpobs-bd5d256c02f2e448,uwp100-qiagen,Qiagen,2023,Transformation,Net-Zero/Transformation,sbti_long_term_status,SBTi Long-Term Zielstatus,Targets set,Status,A,sbti-target-dashboard,https://files.sciencebasedtargets.org/production/files/companies-excel.xlsx,QIAGEN N.V.,official_xlsx_import:safe_name_match,0.86,SBTi-Zieldaten; kein Nachweis tatsächlicher Emissionsreduktion.
uwpobs-e22e6915b8fac657,uwp100-qiagen,Qiagen,2023,Transformation,Net-Zero/Transformation,sbti_long_term_target_classification,SBTi Long-Term Zielklassifikation,1.5°C,Klassifikation,A,sbti-target-dashboard,https://files.sciencebasedtargets.org/production/files/companies-excel.xlsx,QIAGEN N.V.,official_xlsx_import:safe_name_match,0.86,SBTi-Zieldaten; kein Nachweis tatsächlicher Emissionsreduktion.
uwpobs-851a195a2222e938,uwp100-qiagen,Qiagen,2023,Transformation,Net-Zero/Transformation,sbti_long_term_target_year,SBTi Long-Term Zieljahr,2050,Jahr,A,sbti-target-dashboard,https://files.sciencebasedtargets.org/production/files/companies-excel.xlsx,QIAGEN N.V.,official_xlsx_import:safe_name_match,0.86,SBTi-Zieldaten; kein Nachweis tatsächlicher Emissionsreduktion.
uwpobs-484af920792a5780,uwp100-qiagen,Qiagen,2023,Transformation,Net-Zero/Transformation,sbti_net_zero_status,SBTi Net-Zero Status,Targets set,Status,A,sbti-target-dashboard,https://files.sciencebasedtargets.org/production/files/companies-excel.xlsx,QIAGEN N.V.,official_xlsx_import:safe_name_match,0.86,SBTi-Zieldaten; kein Nachweis tatsächlicher Emissionsreduktion.
uwpobs-45b6801254b813b7,uwp100-qiagen,Qiagen,2023,Transformation,Net-Zero/Transformation,sbti_net_zero_year,SBTi Net-Zero Zieljahr,2050,Jahr,A,sbti-target-dashboard,https://files.sciencebasedtargets.org/production/files/companies-excel.xlsx,QIAGEN N.V.,official_xlsx_import:safe_name_match,0.86,SBTi-Zieldaten; kein Nachweis tatsächlicher Emissionsreduktion.
uwpobs-9840c305f72db049,uwp100-qiagen,Qiagen,2024,Demokratie,Steuertransparenz,cbcr_tax_transparency,Country-by-Country Reporting / Steuertransparenz,,Status,E,uwp-required-field-gap,,,required_field_gap_rendered,0.0,"UWP-Kernfeld noch nicht maschinell aus einer versionierten Primärquelle belegt; nicht schätzen, nicht mit 0 füllen."
uwpobs-ac007ac9e6872166,uwp100-qiagen,Qiagen,2024,Demokratie,Datenschutz,data_privacy_incidents,Datenschutzverstöße / Bußgelder,,Anzahl/Status,E,uwp-required-field-gap,,,required_field_gap_rendered,0.0,"UWP-Kernfeld noch nicht maschinell aus einer versionierten Primärquelle belegt; nicht schätzen, nicht mit 0 füllen."
uwpobs-1e526cfe7311d24e,uwp100-qiagen,Qiagen,2024,Demokratie,Lobbying/Einflussnahme,lobbying_transparency,Lobbying-Transparenz,,Status,E,uwp-required-field-gap,,,required_field_gap_rendered,0.0,"UWP-Kernfeld noch nicht maschinell aus einer versionierten Primärquelle belegt; nicht schätzen, nicht mit 0 füllen."
uwpobs-92787daaadf81f2b,uwp100-qiagen,Qiagen,2024,Demokratie,Compliance/Whistleblowing,whistleblowing_cases,Whistleblowing-Fälle und Abhilfe,,Anzahl/Status,E,uwp-required-field-gap,,,required_field_gap_rendered,0.0,"UWP-Kernfeld noch nicht maschinell aus einer versionierten Primärquelle belegt; nicht schätzen, nicht mit 0 füllen."
uwpobs-834a435b9ea7fcfc,uwp100-qiagen,Qiagen,2024,Mensch,Arbeitssicherheit,ltifr,Lost Time Injury Frequency Rate,,je Mio. Arbeitsstunden,E,uwp-required-field-gap,,,required_field_gap_rendered,0.0,"UWP-Kernfeld noch nicht maschinell aus einer versionierten Primärquelle belegt; nicht schätzen, nicht mit 0 füllen."
uwpobs-d3f1d02dbce17ba4,uwp100-qiagen,Qiagen,2024,Mensch,Diversität/Teilhabe,women_management_share,Frauenanteil Management,,%,E,uwp-required-field-gap,,,required_field_gap_rendered,0.0,"UWP-Kernfeld noch nicht maschinell aus einer versionierten Primärquelle belegt; nicht schätzen, nicht mit 0 füllen."
uwpobs-dd0fff541b137cde,uwp100-qiagen,Qiagen,2024,Planet,Energie,renewable_electricity_share,Erneuerbarer Strom,,%,E,uwp-required-field-gap,,,required_field_gap_rendered,0.0,"UWP-Kernfeld noch nicht maschinell aus einer versionierten Primärquelle belegt; nicht schätzen, nicht mit 0 füllen."
uwpobs-ed733518c7c35ebc,uwp100-qiagen,Qiagen,2024,Planet,Klima,scope_1_2_ghg_absolute,Scope 1+2 absolut,,t CO2e,E,uwp-required-field-gap,,,required_field_gap_rendered,0.0,"UWP-Kernfeld noch nicht maschinell aus einer versionierten Primärquelle belegt; nicht schätzen, nicht mit 0 füllen."
uwpobs-dbd3460c22618ced,uwp100-qiagen,Qiagen,2024,Planet,Lieferkette/Klima,scope_3_ghg_absolute,Scope 3 absolut,,t CO2e,E,uwp-required-field-gap,,,required_field_gap_rendered,0.0,"UWP-Kernfeld noch nicht maschinell aus einer versionierten Primärquelle belegt; nicht schätzen, nicht mit 0 füllen."
uwpobs-0c8d40ee9ed16b6a,uwp100-qiagen,Qiagen,2024,Transformation,EU-Taxonomie,taxonomy_aligned_revenue_share,Taxonomie-konformer Umsatzanteil,,%,E,uwp-required-field-gap,,,required_field_gap_rendered,0.0,"UWP-Kernfeld noch nicht maschinell aus einer versionierten Primärquelle belegt; nicht schätzen, nicht mit 0 füllen."
uwpobs-9abe3843f1fca555,uwp100-rational,Rational,2024,Demokratie,Steuertransparenz,cbcr_tax_transparency,Country-by-Country Reporting / Steuertransparenz,,Status,E,uwp-required-field-gap,,,required_field_gap_rendered,0.0,"UWP-Kernfeld noch nicht maschinell aus einer versionierten Primärquelle belegt; nicht schätzen, nicht mit 0 füllen."
uwpobs-245521807e7fbe60,uwp100-rational,Rational,2024,Demokratie,Datenschutz,data_privacy_incidents,Datenschutzverstöße / Bußgelder,,Anzahl/Status,E,uwp-required-field-gap,,,required_field_gap_rendered,0.0,"UWP-Kernfeld noch nicht maschinell aus einer versionierten Primärquelle belegt; nicht schätzen, nicht mit 0 füllen."
uwpobs-30af005a02ce9911,uwp100-rational,Rational,2024,Demokratie,Lobbying/Einflussnahme,lobbying_transparency,Lobbying-Transparenz,,Status,E,uwp-required-field-gap,,,required_field_gap_rendered,0.0,"UWP-Kernfeld noch nicht maschinell aus einer versionierten Primärquelle belegt; nicht schätzen, nicht mit 0 füllen."
uwpobs-89ee390bd891d4cf,uwp100-rational,Rational,2024,Demokratie,Compliance/Whistleblowing,whistleblowing_cases,Whistleblowing-Fälle und Abhilfe,,Anzahl/Status,E,uwp-required-field-gap,,,required_field_gap_rendered,0.0,"UWP-Kernfeld noch nicht maschinell aus einer versionierten Primärquelle belegt; nicht schätzen, nicht mit 0 füllen."
uwpobs-f535099a292cd070,uwp100-rational,Rational,2024,Mensch,Arbeitssicherheit,ltifr,Lost Time Injury Frequency Rate,,je Mio. Arbeitsstunden,E,uwp-required-field-gap,,,required_field_gap_rendered,0.0,"UWP-Kernfeld noch nicht maschinell aus einer versionierten Primärquelle belegt; nicht schätzen, nicht mit 0 füllen."
uwpobs-35753fb22ab738e7,uwp100-rational,Rational,2024,Mensch,Diversität/Teilhabe,women_management_share,Frauenanteil Management,,%,E,uwp-required-field-gap,,,required_field_gap_rendered,0.0,"UWP-Kernfeld noch nicht maschinell aus einer versionierten Primärquelle belegt; nicht schätzen, nicht mit 0 füllen."
uwpobs-0f28fa5f48b192b6,uwp100-rational,Rational,2024,Planet,Energie,renewable_electricity_share,Erneuerbarer Strom,,%,E,uwp-required-field-gap,,,required_field_gap_rendered,0.0,"UWP-Kernfeld noch nicht maschinell aus einer versionierten Primärquelle belegt; nicht schätzen, nicht mit 0 füllen."
uwpobs-7447977b2192933f,uwp100-rational,Rational,2025,Planet,Klima/Transformationspfad,sbti_profile_available,SBTi Zielprofil sicher matchbar,,Status,E,sbti-target-dashboard,https://files.sciencebasedtargets.org/production/files/companies-excel.xlsx,,official_xlsx_import_no_safe_match,0.0,Kein sicherer SBTi-Match für Rational im offiziellen Target Dashboard. Das ist keine negative Klimabewertung.
uwpobs-7efc3ca9d654062a,uwp100-rational,Rational,2024,Planet,Klima,scope_1_2_ghg_absolute,Scope 1+2 absolut,,t CO2e,E,uwp-required-field-gap,,,required_field_gap_rendered,0.0,"UWP-Kernfeld noch nicht maschinell aus einer versionierten Primärquelle belegt; nicht schätzen, nicht mit 0 füllen."
uwpobs-4afbb93f23c22e39,uwp100-rational,Rational,2024,Planet,Lieferkette/Klima,scope_3_ghg_absolute,Scope 3 absolut,,t CO2e,E,uwp-required-field-gap,,,required_field_gap_rendered,0.0,"UWP-Kernfeld noch nicht maschinell aus einer versionierten Primärquelle belegt; nicht schätzen, nicht mit 0 füllen."
uwpobs-1a0a09477f119799,uwp100-rational,Rational,2024,Transformation,EU-Taxonomie,taxonomy_aligned_revenue_share,Taxonomie-konformer Umsatzanteil,,%,E,uwp-required-field-gap,,,required_field_gap_rendered,0.0,"UWP-Kernfeld noch nicht maschinell aus einer versionierten Primärquelle belegt; nicht schätzen, nicht mit 0 füllen."
uwpobs-eba5636f5fef695c,uwp100-redcare-pharmacy,Redcare Pharmacy,2024,Demokratie,Steuertransparenz,cbcr_tax_transparency,Country-by-Country Reporting / Steuertransparenz,,Status,E,uwp-required-field-gap,,,required_field_gap_rendered,0.0,"UWP-Kernfeld noch nicht maschinell aus einer versionierten Primärquelle belegt; nicht schätzen, nicht mit 0 füllen."
uwpobs-7f1e6fd4ecab8222,uwp100-redcare-pharmacy,Redcare Pharmacy,2024,Demokratie,Datenschutz,data_privacy_incidents,Datenschutzverstöße / Bußgelder,,Anzahl/Status,E,uwp-required-field-gap,,,required_field_gap_rendered,0.0,"UWP-Kernfeld noch nicht maschinell aus einer versionierten Primärquelle belegt; nicht schätzen, nicht mit 0 füllen."
uwpobs-657406beb88b6484,uwp100-redcare-pharmacy,Redcare Pharmacy,2024,Demokratie,Lobbying/Einflussnahme,lobbying_transparency,Lobbying-Transparenz,,Status,E,uwp-required-field-gap,,,required_field_gap_rendered,0.0,"UWP-Kernfeld noch nicht maschinell aus einer versionierten Primärquelle belegt; nicht schätzen, nicht mit 0 füllen."
uwpobs-b15cef2f6ee4e5b2,uwp100-redcare-pharmacy,Redcare Pharmacy,2024,Demokratie,Compliance/Whistleblowing,whistleblowing_cases,Whistleblowing-Fälle und Abhilfe,,Anzahl/Status,E,uwp-required-field-gap,,,required_field_gap_rendered,0.0,"UWP-Kernfeld noch nicht maschinell aus einer versionierten Primärquelle belegt; nicht schätzen, nicht mit 0 füllen."
uwpobs-c4d804c93e99b590,uwp100-redcare-pharmacy,Redcare Pharmacy,2024,Mensch,Arbeitssicherheit,ltifr,Lost Time Injury Frequency Rate,,je Mio. Arbeitsstunden,E,uwp-required-field-gap,,,required_field_gap_rendered,0.0,"UWP-Kernfeld noch nicht maschinell aus einer versionierten Primärquelle belegt; nicht schätzen, nicht mit 0 füllen."
uwpobs-254637f10dfc207d,uwp100-redcare-pharmacy,Redcare Pharmacy,2024,Mensch,Diversität/Teilhabe,women_management_share,Frauenanteil Management,,%,E,uwp-required-field-gap,,,required_field_gap_rendered,0.0,"UWP-Kernfeld noch nicht maschinell aus einer versionierten Primärquelle belegt; nicht schätzen, nicht mit 0 füllen."
uwpobs-dd89f3175fafa0e4,uwp100-redcare-pharmacy,Redcare Pharmacy,2024,Planet,Energie,renewable_electricity_share,Erneuerbarer Strom,,%,E,uwp-required-field-gap,,,required_field_gap_rendered,0.0,"UWP-Kernfeld noch nicht maschinell aus einer versionierten Primärquelle belegt; nicht schätzen, nicht mit 0 füllen."
uwpobs-bebe58964b098c59,uwp100-redcare-pharmacy,Redcare Pharmacy,2025,Planet,Klima/Transformationspfad,sbti_profile_available,SBTi Zielprofil sicher matchbar,,Status,E,sbti-target-dashboard,https://files.sciencebasedtargets.org/production/files/companies-excel.xlsx,,official_xlsx_import_no_safe_match,0.0,Kein sicherer SBTi-Match für Redcare Pharmacy im offiziellen Target Dashboard. Das ist keine negative Klimabewertung.
uwpobs-063c7602fcc7e6cf,uwp100-redcare-pharmacy,Redcare Pharmacy,2024,Planet,Klima,scope_1_2_ghg_absolute,Scope 1+2 absolut,,t CO2e,E,uwp-required-field-gap,,,required_field_gap_rendered,0.0,"UWP-Kernfeld noch nicht maschinell aus einer versionierten Primärquelle belegt; nicht schätzen, nicht mit 0 füllen."
uwpobs-5a3dd9df25c8c7d7,uwp100-redcare-pharmacy,Redcare Pharmacy,2024,Planet,Lieferkette/Klima,scope_3_ghg_absolute,Scope 3 absolut,,t CO2e,E,uwp-required-field-gap,,,required_field_gap_rendered,0.0,"UWP-Kernfeld noch nicht maschinell aus einer versionierten Primärquelle belegt; nicht schätzen, nicht mit 0 füllen."
uwpobs-5a3b5b21b1364d8f,uwp100-redcare-pharmacy,Redcare Pharmacy,2024,Transformation,EU-Taxonomie,taxonomy_aligned_revenue_share,Taxonomie-konformer Umsatzanteil,,%,E,uwp-required-field-gap,,,required_field_gap_rendered,0.0,"UWP-Kernfeld noch nicht maschinell aus einer versionierten Primärquelle belegt; nicht schätzen, nicht mit 0 füllen."
uwpobs-d1402e472a00205c,uwp100-rheinmetall,Rheinmetall,2024,Demokratie,Steuertransparenz,cbcr_tax_transparency,Country-by-Country Reporting / Steuertransparenz,,Status,E,uwp-required-field-gap,,,required_field_gap_rendered,0.0,"UWP-Kernfeld noch nicht maschinell aus einer versionierten Primärquelle belegt; nicht schätzen, nicht mit 0 füllen."
uwpobs-bf4e36bd55c9d5b1,uwp100-rheinmetall,Rheinmetall,2024,Demokratie,Datenschutz,data_privacy_incidents,Datenschutzverstöße / Bußgelder,,Anzahl/Status,E,uwp-required-field-gap,,,required_field_gap_rendered,0.0,"UWP-Kernfeld noch nicht maschinell aus einer versionierten Primärquelle belegt; nicht schätzen, nicht mit 0 füllen."
uwpobs-26441f8c531ad238,uwp100-rheinmetall,Rheinmetall,2024,Demokratie,Lobbying/Einflussnahme,lobbying_transparency,Lobbying-Transparenz,,Status,E,uwp-required-field-gap,,,required_field_gap_rendered,0.0,"UWP-Kernfeld noch nicht maschinell aus einer versionierten Primärquelle belegt; nicht schätzen, nicht mit 0 füllen."
uwpobs-80cda887d9775650,uwp100-rheinmetall,Rheinmetall,2024,Demokratie,Compliance/Whistleblowing,whistleblowing_cases,Whistleblowing-Fälle und Abhilfe,,Anzahl/Status,E,uwp-required-field-gap,,,required_field_gap_rendered,0.0,"UWP-Kernfeld noch nicht maschinell aus einer versionierten Primärquelle belegt; nicht schätzen, nicht mit 0 füllen."
uwpobs-9192cab1db44b37f,uwp100-rheinmetall,Rheinmetall,2024,Mensch,Arbeitssicherheit,ltifr,Lost Time Injury Frequency Rate,,je Mio. Arbeitsstunden,E,uwp-required-field-gap,,,required_field_gap_rendered,0.0,"UWP-Kernfeld noch nicht maschinell aus einer versionierten Primärquelle belegt; nicht schätzen, nicht mit 0 füllen."
uwpobs-76505fc8d73dfc06,uwp100-rheinmetall,Rheinmetall,2024,Mensch,Diversität/Teilhabe,women_management_share,Frauenanteil Management,,%,E,uwp-required-field-gap,,,required_field_gap_rendered,0.0,"UWP-Kernfeld noch nicht maschinell aus einer versionierten Primärquelle belegt; nicht schätzen, nicht mit 0 füllen."
uwpobs-28eebe6ad72ca4a5,uwp100-rheinmetall,Rheinmetall,2024,Planet,Energie,renewable_electricity_share,Erneuerbarer Strom,,%,E,uwp-required-field-gap,,,required_field_gap_rendered,0.0,"UWP-Kernfeld noch nicht maschinell aus einer versionierten Primärquelle belegt; nicht schätzen, nicht mit 0 füllen."
uwpobs-3de4c2ce319f6998,uwp100-rheinmetall,Rheinmetall,2025,Planet,Klima/Transformationspfad,sbti_profile_available,SBTi Zielprofil sicher matchbar,,Status,E,sbti-target-dashboard,https://files.sciencebasedtargets.org/production/files/companies-excel.xlsx,,official_xlsx_import_no_safe_match,0.0,Kein sicherer SBTi-Match für Rheinmetall im offiziellen Target Dashboard. Das ist keine negative Klimabewertung.
uwpobs-668c37f34800809b,uwp100-rheinmetall,Rheinmetall,2024,Planet,Klima,scope_1_2_ghg_absolute,Scope 1+2 absolut,,t CO2e,E,uwp-required-field-gap,,,required_field_gap_rendered,0.0,"UWP-Kernfeld noch nicht maschinell aus einer versionierten Primärquelle belegt; nicht schätzen, nicht mit 0 füllen."
uwpobs-c7bbc5329105628f,uwp100-rheinmetall,Rheinmetall,2024,Planet,Lieferkette/Klima,scope_3_ghg_absolute,Scope 3 absolut,,t CO2e,E,uwp-required-field-gap,,,required_field_gap_rendered,0.0,"UWP-Kernfeld noch nicht maschinell aus einer versionierten Primärquelle belegt; nicht schätzen, nicht mit 0 füllen."
uwpobs-40d9a33fb21bb398,uwp100-rheinmetall,Rheinmetall,2024,Transformation,EU-Taxonomie,taxonomy_aligned_revenue_share,Taxonomie-konformer Umsatzanteil,,%,E,uwp-required-field-gap,,,required_field_gap_rendered,0.0,"UWP-Kernfeld noch nicht maschinell aus einer versionierten Primärquelle belegt; nicht schätzen, nicht mit 0 füllen."
uwpobs-38bf02daaf260b09,uwp100-rtl,RTL Group,2024,Demokratie,Steuertransparenz,cbcr_tax_transparency,Country-by-Country Reporting / Steuertransparenz,,Status,E,uwp-required-field-gap,,,required_field_gap_rendered,0.0,"UWP-Kernfeld noch nicht maschinell aus einer versionierten Primärquelle belegt; nicht schätzen, nicht mit 0 füllen."
uwpobs-58b80befa6f4c038,uwp100-rtl,RTL Group,2024,Demokratie,Datenschutz,data_privacy_incidents,Datenschutzverstöße / Bußgelder,,Anzahl/Status,E,uwp-required-field-gap,,,required_field_gap_rendered,0.0,"UWP-Kernfeld noch nicht maschinell aus einer versionierten Primärquelle belegt; nicht schätzen, nicht mit 0 füllen."
uwpobs-413a59eec32a15d5,uwp100-rtl,RTL Group,2024,Demokratie,Lobbying/Einflussnahme,lobbying_transparency,Lobbying-Transparenz,,Status,E,uwp-required-field-gap,,,required_field_gap_rendered,0.0,"UWP-Kernfeld noch nicht maschinell aus einer versionierten Primärquelle belegt; nicht schätzen, nicht mit 0 füllen."
uwpobs-fd45255f3c634604,uwp100-rtl,RTL Group,2024,Demokratie,Compliance/Whistleblowing,whistleblowing_cases,Whistleblowing-Fälle und Abhilfe,,Anzahl/Status,E,uwp-required-field-gap,,,required_field_gap_rendered,0.0,"UWP-Kernfeld noch nicht maschinell aus einer versionierten Primärquelle belegt; nicht schätzen, nicht mit 0 füllen."
uwpobs-02a73e8a22012041,uwp100-rtl,RTL Group,2024,Mensch,Arbeitssicherheit,ltifr,Lost Time Injury Frequency Rate,,je Mio. Arbeitsstunden,E,uwp-required-field-gap,,,required_field_gap_rendered,0.0,"UWP-Kernfeld noch nicht maschinell aus einer versionierten Primärquelle belegt; nicht schätzen, nicht mit 0 füllen."
uwpobs-0f56a5f8ccec654d,uwp100-rtl,RTL Group,2024,Mensch,Diversität/Teilhabe,women_management_share,Frauenanteil Management,,%,E,uwp-required-field-gap,,,required_field_gap_rendered,0.0,"UWP-Kernfeld noch nicht maschinell aus einer versionierten Primärquelle belegt; nicht schätzen, nicht mit 0 füllen."
uwpobs-d6abba0c92025f89,uwp100-rtl,RTL Group,2024,Planet,Energie,renewable_electricity_share,Erneuerbarer Strom,,%,E,uwp-required-field-gap,,,required_field_gap_rendered,0.0,"UWP-Kernfeld noch nicht maschinell aus einer versionierten Primärquelle belegt; nicht schätzen, nicht mit 0 füllen."
uwpobs-c0a82384770af905,uwp100-rtl,RTL Group,2025,Planet,Klima/Transformationspfad,sbti_profile_available,SBTi Zielprofil sicher matchbar,,Status,E,sbti-target-dashboard,https://files.sciencebasedtargets.org/production/files/companies-excel.xlsx,,official_xlsx_import_no_safe_match,0.0,Kein sicherer SBTi-Match für RTL Group im offiziellen Target Dashboard. Das ist keine negative Klimabewertung.
uwpobs-6a4a69b22b43b32c,uwp100-rtl,RTL Group,2024,Planet,Klima,scope_1_2_ghg_absolute,Scope 1+2 absolut,,t CO2e,E,uwp-required-field-gap,,,required_field_gap_rendered,0.0,"UWP-Kernfeld noch nicht maschinell aus einer versionierten Primärquelle belegt; nicht schätzen, nicht mit 0 füllen."
uwpobs-d63c87b678b693fa,uwp100-rtl,RTL Group,2024,Planet,Lieferkette/Klima,scope_3_ghg_absolute,Scope 3 absolut,,t CO2e,E,uwp-required-field-gap,,,required_field_gap_rendered,0.0,"UWP-Kernfeld noch nicht maschinell aus einer versionierten Primärquelle belegt; nicht schätzen, nicht mit 0 füllen."
uwpobs-0df8f24061cbc5b6,uwp100-rtl,RTL Group,2024,Transformation,EU-Taxonomie,taxonomy_aligned_revenue_share,Taxonomie-konformer Umsatzanteil,,%,E,uwp-required-field-gap,,,required_field_gap_rendered,0.0,"UWP-Kernfeld noch nicht maschinell aus einer versionierten Primärquelle belegt; nicht schätzen, nicht mit 0 füllen."
uwpobs-abeedaf106e954d6,uwp100-rwe,RWE,2025,Datenqualität,Quellenstand,sbti_date_updated,SBTi Datenstand,2025-01-16,Datum,A,sbti-target-dashboard,https://files.sciencebasedtargets.org/production/files/companies-excel.xlsx,RWE AG,official_xlsx_import:safe_name_match,0.86,SBTi-Zieldaten; kein Nachweis tatsächlicher Emissionsreduktion.
uwpobs-67aa93dfb4b0c0ba,uwp100-rwe,RWE,2025,Planet,Klima/Transformationspfad,sbti_ba15_date,SBTi Business Ambition 1.5C Datum,2021-05-06,Datum,B,sbti-target-dashboard,https://files.sciencebasedtargets.org/production/files/companies-excel.xlsx,RWE AG,official_xlsx_import:safe_name_match,0.86,SBTi-Zieldaten; kein Nachweis tatsächlicher Emissionsreduktion.
uwpobs-9f98c5050f864ba6,uwp100-rwe,RWE,2025,Planet,Klima/Transformationspfad,sbti_ba15_status,SBTi Business Ambition 1.5C Status,BA1.5 member,Status,B,sbti-target-dashboard,https://files.sciencebasedtargets.org/production/files/companies-excel.xlsx,RWE AG,official_xlsx_import:safe_name_match,0.86,SBTi-Zieldaten; kein Nachweis tatsächlicher Emissionsreduktion.
uwpobs-5bf6193e20a572bc,uwp100-rwe,RWE,2025,Planet,Klima/Transformationspfad,sbti_full_target_language,SBTi Zieltext,"Overall Net-Zero Target: RWE AG commits to reach net-zero greenhouse gas emissions across the value chain by 2040. Near-Term Targets: RWE AG commits to reduce scope 1 and 2 GHG emissions from power generation 71.1% per MWh by 2030 from a 2022 base year.* RWE AG also commits to reduce scope 1 and scope 3 GHG emissions from all sold electricity 71.1% per MWh within the same timeframe.* RWE AG further commits to reduce all remaining absolute scope 3 GHG emissions 42% within the same timeframe.
*The target boundary includes land-related emissions and removals from bioenergy feedstocks. Long-Term Targets: RWE AG commits to reduce scope 1 and 2 GHG emissions from power generation 98.3% per MWh by 2040 from a 2022 base year.* RWE AG also commits to reduce scope 1 and scope 3 GHG emissions from all sold electricity 98.3% per MWh by 2040 from a 2022 base year.* RWE AG further commits to reduce all remaining absolute scope 3 GHG emissions 90% within the same timeframe.
*The target boundary includes land-related emissions and removals from bioenergy feedstocks.",Text,B,sbti-target-dashboard,https://files.sciencebasedtargets.org/production/files/companies-excel.xlsx,RWE AG,official_xlsx_import:safe_name_match,0.86,SBTi-Zieldaten; kein Nachweis tatsächlicher Emissionsreduktion.
uwpobs-1ee5c8ff51eed2d6,uwp100-rwe,RWE,2025,Planet,Klima/Transformationspfad,sbti_near_term_status,SBTi Near-Term Zielstatus,Targets set,Status,A,sbti-target-dashboard,https://files.sciencebasedtargets.org/production/files/companies-excel.xlsx,RWE AG,official_xlsx_import:safe_name_match,0.86,SBTi-Zieldaten; kein Nachweis tatsächlicher Emissionsreduktion.
uwpobs-2c9f73451f48ea0f,uwp100-rwe,RWE,2025,Planet,Klima/Transformationspfad,sbti_near_term_target_classification,SBTi Near-Term Zielklassifikation,1.5°C,Klassifikation,A,sbti-target-dashboard,https://files.sciencebasedtargets.org/production/files/companies-excel.xlsx,RWE AG,official_xlsx_import:safe_name_match,0.86,SBTi-Zieldaten; kein Nachweis tatsächlicher Emissionsreduktion.
uwpobs-cb96e7154eab8462,uwp100-rwe,RWE,2025,Planet,Klima/Transformationspfad,sbti_near_term_target_year,SBTi Near-Term Zieljahr,2030,Jahr,A,sbti-target-dashboard,https://files.sciencebasedtargets.org/production/files/companies-excel.xlsx,RWE AG,official_xlsx_import:safe_name_match,0.86,SBTi-Zieldaten; kein Nachweis tatsächlicher Emissionsreduktion.
uwpobs-fd20ec605755e1b0,uwp100-rwe,RWE,2025,Planet,Klima/Transformationspfad,sbti_target_classification_long,SBTi Zielklassifikation Langtext,The targets covering greenhouse gas emissions from company operations (scopes 1 and 2) are consistent with reductions required to keep warming to 1.5°C,Text,B,sbti-target-dashboard,https://files.sciencebasedtargets.org/production/files/companies-excel.xlsx,RWE AG,official_xlsx_import:safe_name_match,0.86,SBTi-Zieldaten; kein Nachweis tatsächlicher Emissionsreduktion.
uwpobs-a302496a5e00a5c3,uwp100-rwe,RWE,2025,Transformation,Net-Zero/Transformation,sbti_long_term_status,SBTi Long-Term Zielstatus,Targets set,Status,A,sbti-target-dashboard,https://files.sciencebasedtargets.org/production/files/companies-excel.xlsx,RWE AG,official_xlsx_import:safe_name_match,0.86,SBTi-Zieldaten; kein Nachweis tatsächlicher Emissionsreduktion.
uwpobs-f569ee15f024f15e,uwp100-rwe,RWE,2025,Transformation,Net-Zero/Transformation,sbti_long_term_target_classification,SBTi Long-Term Zielklassifikation,1.5°C,Klassifikation,A,sbti-target-dashboard,https://files.sciencebasedtargets.org/production/files/companies-excel.xlsx,RWE AG,official_xlsx_import:safe_name_match,0.86,SBTi-Zieldaten; kein Nachweis tatsächlicher Emissionsreduktion.
uwpobs-707ae51d4f7069c8,uwp100-rwe,RWE,2025,Transformation,Net-Zero/Transformation,sbti_long_term_target_year,SBTi Long-Term Zieljahr,2040,Jahr,A,sbti-target-dashboard,https://files.sciencebasedtargets.org/production/files/companies-excel.xlsx,RWE AG,official_xlsx_import:safe_name_match,0.86,SBTi-Zieldaten; kein Nachweis tatsächlicher Emissionsreduktion.
uwpobs-e8de96d54954d8c1,uwp100-rwe,RWE,2025,Transformation,Net-Zero/Transformation,sbti_net_zero_status,SBTi Net-Zero Status,Targets set,Status,A,sbti-target-dashboard,https://files.sciencebasedtargets.org/production/files/companies-excel.xlsx,RWE AG,official_xlsx_import:safe_name_match,0.86,SBTi-Zieldaten; kein Nachweis tatsächlicher Emissionsreduktion.
uwpobs-3c80218f89756e9b,uwp100-rwe,RWE,2025,Transformation,Net-Zero/Transformation,sbti_net_zero_year,SBTi Net-Zero Zieljahr,2040,Jahr,A,sbti-target-dashboard,https://files.sciencebasedtargets.org/production/files/companies-excel.xlsx,RWE AG,official_xlsx_import:safe_name_match,0.86,SBTi-Zieldaten; kein Nachweis tatsächlicher Emissionsreduktion.
uwpobs-20246db5d5ec06cf,uwp100-rwe,RWE,2024,Demokratie,Steuertransparenz,cbcr_tax_transparency,Country-by-Country Reporting / Steuertransparenz,,Status,E,uwp-required-field-gap,,,required_field_gap_rendered,0.0,"UWP-Kernfeld noch nicht maschinell aus einer versionierten Primärquelle belegt; nicht schätzen, nicht mit 0 füllen."
uwpobs-1a7fd9a53659647b,uwp100-rwe,RWE,2024,Demokratie,Datenschutz,data_privacy_incidents,Datenschutzverstöße / Bußgelder,,Anzahl/Status,E,uwp-required-field-gap,,,required_field_gap_rendered,0.0,"UWP-Kernfeld noch nicht maschinell aus einer versionierten Primärquelle belegt; nicht schätzen, nicht mit 0 füllen."
uwpobs-1dbdeced69fd40e9,uwp100-rwe,RWE,2024,Demokratie,Lobbying/Einflussnahme,lobbying_transparency,Lobbying-Transparenz,,Status,E,uwp-required-field-gap,,,required_field_gap_rendered,0.0,"UWP-Kernfeld noch nicht maschinell aus einer versionierten Primärquelle belegt; nicht schätzen, nicht mit 0 füllen."
uwpobs-8ba7028c3e5a268d,uwp100-rwe,RWE,2024,Demokratie,Compliance/Whistleblowing,whistleblowing_cases,Whistleblowing-Fälle und Abhilfe,,Anzahl/Status,E,uwp-required-field-gap,,,required_field_gap_rendered,0.0,"UWP-Kernfeld noch nicht maschinell aus einer versionierten Primärquelle belegt; nicht schätzen, nicht mit 0 füllen."
uwpobs-a40f1c023b646e95,uwp100-rwe,RWE,2024,Mensch,Arbeitssicherheit,ltifr,Lost Time Injury Frequency Rate,,je Mio. Arbeitsstunden,E,uwp-required-field-gap,,,required_field_gap_rendered,0.0,"UWP-Kernfeld noch nicht maschinell aus einer versionierten Primärquelle belegt; nicht schätzen, nicht mit 0 füllen."
uwpobs-d541af1ab1605a73,uwp100-rwe,RWE,2024,Mensch,Diversität/Teilhabe,women_management_share,Frauenanteil Management,,%,E,uwp-required-field-gap,,,required_field_gap_rendered,0.0,"UWP-Kernfeld noch nicht maschinell aus einer versionierten Primärquelle belegt; nicht schätzen, nicht mit 0 füllen."
uwpobs-3ba8d3ecfdd61b0d,uwp100-rwe,RWE,2024,Planet,Energie,renewable_electricity_share,Erneuerbarer Strom,,%,E,uwp-required-field-gap,,,required_field_gap_rendered,0.0,"UWP-Kernfeld noch nicht maschinell aus einer versionierten Primärquelle belegt; nicht schätzen, nicht mit 0 füllen."
uwpobs-d1166eb72980d419,uwp100-rwe,RWE,2024,Planet,Klima,scope_1_2_ghg_absolute,Scope 1+2 absolut,,t CO2e,E,uwp-required-field-gap,,,required_field_gap_rendered,0.0,"UWP-Kernfeld noch nicht maschinell aus einer versionierten Primärquelle belegt; nicht schätzen, nicht mit 0 füllen."
uwpobs-492a4ec560272aa7,uwp100-rwe,RWE,2024,Planet,Lieferkette/Klima,scope_3_ghg_absolute,Scope 3 absolut,,t CO2e,E,uwp-required-field-gap,,,required_field_gap_rendered,0.0,"UWP-Kernfeld noch nicht maschinell aus einer versionierten Primärquelle belegt; nicht schätzen, nicht mit 0 füllen."
uwpobs-82603f1bcc02283c,uwp100-rwe,RWE,2024,Transformation,EU-Taxonomie,taxonomy_aligned_revenue_share,Taxonomie-konformer Umsatzanteil,,%,E,uwp-required-field-gap,,,required_field_gap_rendered,0.0,"UWP-Kernfeld noch nicht maschinell aus einer versionierten Primärquelle belegt; nicht schätzen, nicht mit 0 füllen."
uwpobs-e90f73d2d01711e7,uwp100-sap,SAP,2024,Datenqualität,Quellenstand,sbti_date_updated,SBTi Datenstand,2024-12-19,Datum,A,sbti-target-dashboard,https://files.sciencebasedtargets.org/production/files/companies-excel.xlsx,SAP SE,official_xlsx_import:safe_name_match,0.86,SBTi-Zieldaten; kein Nachweis tatsächlicher Emissionsreduktion.
uwpobs-4a9beac9681f8836,uwp100-sap,SAP,2024,Demokratie,Governance (extern),pilot_ftse4good_inkl_steuertransparenz_antikorruption,"FTSE4Good (inkl. Steuertransparenz, Antikorruption)",Konstituent (Review Juni 2024),Status,C,pilot-public-sources,https://news.sap.com/2024/07/sap-one-of-worlds-most-sustainable-companies/,,provided_manual_pilot_import,0.72,
uwpobs-acf0a5bf546a5d48,uwp100-sap,SAP,2024,Demokratie,Datenschutz/Governance (extern),pilot_msci_esg_rating,MSCI ESG Rating,AAA,Rating,C,pilot-public-sources,https://news.sap.com/2024/07/sap-one-of-worlds-most-sustainable-companies/,,provided_manual_pilot_import,0.72,
uwpobs-30d1123e422ef1f0,uwp100-sap,SAP,2024,Mensch,Diversitaet/Teilhabe,pilot_frauen_im_management,Frauen im Management,30.2,%,A,pilot-public-sources,https://www.sustainabilityreports.com/sap-se/2024/integrated-report,,provided_manual_pilot_import,0.72,
uwpobs-6d24b1b3387c1d31,uwp100-sap,SAP,2024,Planet,Energie,pilot_erneuerbarer_strom_betrieb_rechenzentren,Erneuerbarer Strom (Betrieb/Rechenzentren),100,%,B,pilot-public-sources,https://news.sap.com/2024/02/sap-journey-to-net-zero-2030/,,provided_manual_pilot_import,0.72,SAP berichtet 100% erneuerbaren Strom fuer den Gesamtverbrauch seit 2014
uwpobs-bc2cd564403b302d,uwp100-sap,SAP,2024,Planet,Klima/Transformationspfad,pilot_netto_null_ziel_gesamte_wertschoepfung,Netto-Null-Ziel gesamte Wertschoepfung,"2030 (>=90% Reduktion, SBTi-validiert, 1.5C)",Zieljahr,A,pilot-public-sources,https://www.sap.com/integrated-reports/2024/en/csrd/environmental-performance.html,,provided_manual_pilot_import,0.72,
uwpobs-7865f31efc604348,uwp100-sap,SAP,2024,Planet,Klima/Transformationspfad,sbti_ba15_date,SBTi Business Ambition 1.5C Datum,2019-07-01,Datum,B,sbti-target-dashboard,https://files.sciencebasedtargets.org/production/files/companies-excel.xlsx,SAP SE,official_xlsx_import:safe_name_match,0.86,SBTi-Zieldaten; kein Nachweis tatsächlicher Emissionsreduktion.
uwpobs-18cfee0c3f93d1b0,uwp100-sap,SAP,2024,Planet,Klima/Transformationspfad,sbti_ba15_status,SBTi Business Ambition 1.5C Status,BA1.5 member,Status,B,sbti-target-dashboard,https://files.sciencebasedtargets.org/production/files/companies-excel.xlsx,SAP SE,official_xlsx_import:safe_name_match,0.86,SBTi-Zieldaten; kein Nachweis tatsächlicher Emissionsreduktion.
uwpobs-df9e8f61e4b1fcb2,uwp100-sap,SAP,2024,Planet,Klima/Transformationspfad,sbti_full_target_language,SBTi Zieltext,"Overall Net-Zero Target: 
SAP SE commits to reach net-zero greenhouse gas emissions across the value chain by 2030.
Near-Term Targets: 
SAP SE commits to reduce absolute scope 1, 2, and 3 GHG emissions 90% by 2030 from a 2023 base year.* SAP SE also commits to reduce absolute scope 3 GHG emissions beyond the minimum boundary from use of sold products 90% within the same timeframe.
*The target boundary includes land-related emissions and removals from bioenergy feedstocks.
Long-Term Targets: 
SAP SE commits to reduce absolute scope 1, 2, and 3 GHG emissions 90% by 2030 from a 2023 base year.*
*The target boundary includes land-related emissions and removals from bioenergy feedstocks.",Text,B,sbti-target-dashboard,https://files.sciencebasedtargets.org/production/files/companies-excel.xlsx,SAP SE,official_xlsx_import:safe_name_match,0.86,SBTi-Zieldaten; kein Nachweis tatsächlicher Emissionsreduktion.
uwpobs-d68ac5fdc2947c79,uwp100-sap,SAP,2024,Planet,Klima/Transformationspfad,sbti_near_term_status,SBTi Near-Term Zielstatus,Targets set,Status,A,sbti-target-dashboard,https://files.sciencebasedtargets.org/production/files/companies-excel.xlsx,SAP SE,official_xlsx_import:safe_name_match,0.86,SBTi-Zieldaten; kein Nachweis tatsächlicher Emissionsreduktion.
uwpobs-c8fa762a19149ebd,uwp100-sap,SAP,2024,Planet,Klima/Transformationspfad,sbti_near_term_target_classification,SBTi Near-Term Zielklassifikation,1.5°C,Klassifikation,A,sbti-target-dashboard,https://files.sciencebasedtargets.org/production/files/companies-excel.xlsx,SAP SE,official_xlsx_import:safe_name_match,0.86,SBTi-Zieldaten; kein Nachweis tatsächlicher Emissionsreduktion.
uwpobs-63ba8b456b3c0fb8,uwp100-sap,SAP,2024,Planet,Klima/Transformationspfad,sbti_near_term_target_year,SBTi Near-Term Zieljahr,2030,Jahr,A,sbti-target-dashboard,https://files.sciencebasedtargets.org/production/files/companies-excel.xlsx,SAP SE,official_xlsx_import:safe_name_match,0.86,SBTi-Zieldaten; kein Nachweis tatsächlicher Emissionsreduktion.
uwpobs-f216a929a966151d,uwp100-sap,SAP,2024,Planet,Klima/Transformationspfad,sbti_target_classification_long,SBTi Zielklassifikation Langtext,The targets covering greenhouse gas emissions from company operations (scopes 1 and 2) are consistent with reductions required to keep warming to 1.5°C,Text,B,sbti-target-dashboard,https://files.sciencebasedtargets.org/production/files/companies-excel.xlsx,SAP SE,official_xlsx_import:safe_name_match,0.86,SBTi-Zieldaten; kein Nachweis tatsächlicher Emissionsreduktion.
uwpobs-d18d48b98072c6a4,uwp100-sap,SAP,2019,Planet,Energie,wikirate_gri_energy_consumption,GRI 302-1 Total energy consumption,3996000,Gigajoules,C,wikirate-open-esg,https://wikirate.org/~6900054,https://wikirate.org/~6892986,wikirate_bulk_csv_export,0.62,WikiRate Community-/Sekundärdaten; Antwortseite und Primärquelle prüfen.
uwpobs-5f6dde50084f510a,uwp100-sap,SAP,2019,Planet,Klima/Emissionen,wikirate_gri_scope1_ghg,GRI 305-1 Scope 1 GHG emissions,872,tonnes CO2 equivalent,C,wikirate-open-esg,https://wikirate.org/~6893047,https://wikirate.org/~6892986,wikirate_bulk_csv_export,0.62,WikiRate Community-/Sekundärdaten; Antwortseite und Primärquelle prüfen.
uwpobs-314ae1d26b6fd445,uwp100-sap,SAP,2019,Planet,Lieferkette/Klima,wikirate_gri_scope3_ghg,GRI 305-3 Scope 3 GHG emissions,99,tonnes CO2 equivalent,C,wikirate-open-esg,https://wikirate.org/~6898939,https://wikirate.org/~6892986,wikirate_bulk_csv_export,0.62,WikiRate Community-/Sekundärdaten; Antwortseite und Primärquelle prüfen.
uwpobs-b183603d897bc2c0,uwp100-sap,SAP,2024,Transformation,Net-Zero/Transformation,sbti_long_term_status,SBTi Long-Term Zielstatus,Targets set,Status,A,sbti-target-dashboard,https://files.sciencebasedtargets.org/production/files/companies-excel.xlsx,SAP SE,official_xlsx_import:safe_name_match,0.86,SBTi-Zieldaten; kein Nachweis tatsächlicher Emissionsreduktion.
uwpobs-247b01c97f4af0df,uwp100-sap,SAP,2024,Transformation,Net-Zero/Transformation,sbti_long_term_target_classification,SBTi Long-Term Zielklassifikation,1.5°C,Klassifikation,A,sbti-target-dashboard,https://files.sciencebasedtargets.org/production/files/companies-excel.xlsx,SAP SE,official_xlsx_import:safe_name_match,0.86,SBTi-Zieldaten; kein Nachweis tatsächlicher Emissionsreduktion.
uwpobs-e3b5e87b4ca459fa,uwp100-sap,SAP,2024,Transformation,Net-Zero/Transformation,sbti_long_term_target_year,SBTi Long-Term Zieljahr,2030,Jahr,A,sbti-target-dashboard,https://files.sciencebasedtargets.org/production/files/companies-excel.xlsx,SAP SE,official_xlsx_import:safe_name_match,0.86,SBTi-Zieldaten; kein Nachweis tatsächlicher Emissionsreduktion.
uwpobs-c01e3e9a3a8aa829,uwp100-sap,SAP,2024,Transformation,Net-Zero/Transformation,sbti_net_zero_status,SBTi Net-Zero Status,Targets set,Status,A,sbti-target-dashboard,https://files.sciencebasedtargets.org/production/files/companies-excel.xlsx,SAP SE,official_xlsx_import:safe_name_match,0.86,SBTi-Zieldaten; kein Nachweis tatsächlicher Emissionsreduktion.
uwpobs-fbb55b71f7c802a0,uwp100-sap,SAP,2024,Transformation,Net-Zero/Transformation,sbti_net_zero_year,SBTi Net-Zero Zieljahr,2030,Jahr,A,sbti-target-dashboard,https://files.sciencebasedtargets.org/production/files/companies-excel.xlsx,SAP SE,official_xlsx_import:safe_name_match,0.86,SBTi-Zieldaten; kein Nachweis tatsächlicher Emissionsreduktion.
uwpobs-946811e96f6f402a,uwp100-sap,SAP,2024,Demokratie,Lobbying/Einflussnahme,lobbying_transparency,Lobbying-Transparenz,,Status,E,uwp-required-field-gap,,,required_field_gap_rendered,0.0,"UWP-Kernfeld noch nicht maschinell aus einer versionierten Primärquelle belegt; nicht schätzen, nicht mit 0 füllen."
uwpobs-9c79e1f17135a12f,uwp100-sap,SAP,2024,Demokratie,Compliance/Whistleblowing,whistleblowing_cases,Whistleblowing-Fälle und Abhilfe,,Anzahl/Status,E,uwp-required-field-gap,,,required_field_gap_rendered,0.0,"UWP-Kernfeld noch nicht maschinell aus einer versionierten Primärquelle belegt; nicht schätzen, nicht mit 0 füllen."
uwpobs-17edb07358fd4201,uwp100-sap,SAP,2024,Mensch,Arbeitssicherheit,ltifr,Lost Time Injury Frequency Rate,,je Mio. Arbeitsstunden,E,uwp-required-field-gap,,,required_field_gap_rendered,0.0,"UWP-Kernfeld noch nicht maschinell aus einer versionierten Primärquelle belegt; nicht schätzen, nicht mit 0 füllen."
uwpobs-cde2b160483190c7,uwp100-sap,SAP,2024,Planet,Klima,pilot_scope_1_2_absolut,Scope 1+2 absolut,,t CO2e,E,pilot-public-sources,https://www.sap.com/integrated-reports/2024/en/datahub/environmental-data.html,,provided_manual_pilot_import,0.4,Wert im SAP Data Hub vorhanden; aus Primaerquelle nachzuziehen (dann DQ A)
uwpobs-4819cc434f892547,uwp100-sap,SAP,2024,Planet,Klima,scope_1_2_ghg_absolute,Scope 1+2 absolut,,t CO2e,E,uwp-required-field-gap,,,required_field_gap_rendered,0.0,"UWP-Kernfeld noch nicht maschinell aus einer versionierten Primärquelle belegt; nicht schätzen, nicht mit 0 füllen."
uwpobs-ac08f1f5ecf946f0,uwp100-sap,SAP,2024,Transformation,EU-Taxonomie,taxonomy_aligned_revenue_share,Taxonomie-konformer Umsatzanteil,,%,E,uwp-required-field-gap,,,required_field_gap_rendered,0.0,"UWP-Kernfeld noch nicht maschinell aus einer versionierten Primärquelle belegt; nicht schätzen, nicht mit 0 füllen."
uwpobs-783528c2ba131517,uwp100-scout24,Scout24,2025,Datenqualität,Quellenstand,sbti_date_updated,SBTi Datenstand,2025-08-07,Datum,A,sbti-target-dashboard,https://files.sciencebasedtargets.org/production/files/companies-excel.xlsx,Scout24 SE,official_xlsx_import:safe_name_match,0.86,SBTi-Zieldaten; kein Nachweis tatsächlicher Emissionsreduktion.
uwpobs-56e65d10b298084d,uwp100-scout24,Scout24,2025,Planet,Klima/Transformationspfad,sbti_full_target_language,SBTi Zieltext,"Overall Net-Zero Target:
Scout24 SE commits to reach net-zero greenhouse gas emissions across the value chain by 2045.
Near-Term Targets:
Scout24 SE commits to reduce absolute scope 1 and 2 GHG emissions 69.8% by 2030 from a 2018 base year.
Scout24 SE also commits to reduce absolute scope 3 GHG emissions 50.4% within the same timeframe.
Long-Term Targets:
Scout24 SE commits to reduce absolute scope 1, 2 and 3 GHG emissions 90% by 2045 from a 2018 base year.",Text,B,sbti-target-dashboard,https://files.sciencebasedtargets.org/production/files/companies-excel.xlsx,Scout24 SE,official_xlsx_import:safe_name_match,0.86,SBTi-Zieldaten; kein Nachweis tatsächlicher Emissionsreduktion.
uwpobs-42333833ab018351,uwp100-scout24,Scout24,2025,Planet,Klima/Transformationspfad,sbti_near_term_status,SBTi Near-Term Zielstatus,Targets set,Status,A,sbti-target-dashboard,https://files.sciencebasedtargets.org/production/files/companies-excel.xlsx,Scout24 SE,official_xlsx_import:safe_name_match,0.86,SBTi-Zieldaten; kein Nachweis tatsächlicher Emissionsreduktion.
uwpobs-dffe3c6f36b50496,uwp100-scout24,Scout24,2025,Planet,Klima/Transformationspfad,sbti_near_term_target_classification,SBTi Near-Term Zielklassifikation,1.5°C,Klassifikation,A,sbti-target-dashboard,https://files.sciencebasedtargets.org/production/files/companies-excel.xlsx,Scout24 SE,official_xlsx_import:safe_name_match,0.86,SBTi-Zieldaten; kein Nachweis tatsächlicher Emissionsreduktion.
uwpobs-e218fcd5dd9406a3,uwp100-scout24,Scout24,2025,Planet,Klima/Transformationspfad,sbti_near_term_target_year,SBTi Near-Term Zieljahr,2030,Jahr,A,sbti-target-dashboard,https://files.sciencebasedtargets.org/production/files/companies-excel.xlsx,Scout24 SE,official_xlsx_import:safe_name_match,0.86,SBTi-Zieldaten; kein Nachweis tatsächlicher Emissionsreduktion.
uwpobs-2cc68c1ba805b23a,uwp100-scout24,Scout24,2025,Planet,Klima/Transformationspfad,sbti_target_classification_long,SBTi Zielklassifikation Langtext,The targets covering greenhouse gas emissions from company operations (scopes 1 and 2) are consistent with reductions required to keep warming to 1.5°C,Text,B,sbti-target-dashboard,https://files.sciencebasedtargets.org/production/files/companies-excel.xlsx,Scout24 SE,official_xlsx_import:safe_name_match,0.86,SBTi-Zieldaten; kein Nachweis tatsächlicher Emissionsreduktion.
uwpobs-48d0a442b1bc0acc,uwp100-scout24,Scout24,2025,Transformation,Net-Zero/Transformation,sbti_long_term_status,SBTi Long-Term Zielstatus,Targets set,Status,A,sbti-target-dashboard,https://files.sciencebasedtargets.org/production/files/companies-excel.xlsx,Scout24 SE,official_xlsx_import:safe_name_match,0.86,SBTi-Zieldaten; kein Nachweis tatsächlicher Emissionsreduktion.
uwpobs-d751727fba7e3bae,uwp100-scout24,Scout24,2025,Transformation,Net-Zero/Transformation,sbti_long_term_target_classification,SBTi Long-Term Zielklassifikation,1.5°C,Klassifikation,A,sbti-target-dashboard,https://files.sciencebasedtargets.org/production/files/companies-excel.xlsx,Scout24 SE,official_xlsx_import:safe_name_match,0.86,SBTi-Zieldaten; kein Nachweis tatsächlicher Emissionsreduktion.
uwpobs-def6507c7d81e0f7,uwp100-scout24,Scout24,2025,Transformation,Net-Zero/Transformation,sbti_long_term_target_year,SBTi Long-Term Zieljahr,2045,Jahr,A,sbti-target-dashboard,https://files.sciencebasedtargets.org/production/files/companies-excel.xlsx,Scout24 SE,official_xlsx_import:safe_name_match,0.86,SBTi-Zieldaten; kein Nachweis tatsächlicher Emissionsreduktion.
uwpobs-571b34db71c56008,uwp100-scout24,Scout24,2025,Transformation,Net-Zero/Transformation,sbti_net_zero_status,SBTi Net-Zero Status,Targets set,Status,A,sbti-target-dashboard,https://files.sciencebasedtargets.org/production/files/companies-excel.xlsx,Scout24 SE,official_xlsx_import:safe_name_match,0.86,SBTi-Zieldaten; kein Nachweis tatsächlicher Emissionsreduktion.
uwpobs-9548263d54a9b3a3,uwp100-scout24,Scout24,2025,Transformation,Net-Zero/Transformation,sbti_net_zero_year,SBTi Net-Zero Zieljahr,2045,Jahr,A,sbti-target-dashboard,https://files.sciencebasedtargets.org/production/files/companies-excel.xlsx,Scout24 SE,official_xlsx_import:safe_name_match,0.86,SBTi-Zieldaten; kein Nachweis tatsächlicher Emissionsreduktion.
uwpobs-7a63c15dec9c64b1,uwp100-scout24,Scout24,2024,Demokratie,Steuertransparenz,cbcr_tax_transparency,Country-by-Country Reporting / Steuertransparenz,,Status,E,uwp-required-field-gap,,,required_field_gap_rendered,0.0,"UWP-Kernfeld noch nicht maschinell aus einer versionierten Primärquelle belegt; nicht schätzen, nicht mit 0 füllen."
uwpobs-0632cae0581ada12,uwp100-scout24,Scout24,2024,Demokratie,Datenschutz,data_privacy_incidents,Datenschutzverstöße / Bußgelder,,Anzahl/Status,E,uwp-required-field-gap,,,required_field_gap_rendered,0.0,"UWP-Kernfeld noch nicht maschinell aus einer versionierten Primärquelle belegt; nicht schätzen, nicht mit 0 füllen."
uwpobs-e9b63a424ff8625a,uwp100-scout24,Scout24,2024,Demokratie,Lobbying/Einflussnahme,lobbying_transparency,Lobbying-Transparenz,,Status,E,uwp-required-field-gap,,,required_field_gap_rendered,0.0,"UWP-Kernfeld noch nicht maschinell aus einer versionierten Primärquelle belegt; nicht schätzen, nicht mit 0 füllen."
uwpobs-6dba0fa4fb73ec01,uwp100-scout24,Scout24,2024,Demokratie,Compliance/Whistleblowing,whistleblowing_cases,Whistleblowing-Fälle und Abhilfe,,Anzahl/Status,E,uwp-required-field-gap,,,required_field_gap_rendered,0.0,"UWP-Kernfeld noch nicht maschinell aus einer versionierten Primärquelle belegt; nicht schätzen, nicht mit 0 füllen."
uwpobs-8427cb1304172682,uwp100-scout24,Scout24,2024,Mensch,Arbeitssicherheit,ltifr,Lost Time Injury Frequency Rate,,je Mio. Arbeitsstunden,E,uwp-required-field-gap,,,required_field_gap_rendered,0.0,"UWP-Kernfeld noch nicht maschinell aus einer versionierten Primärquelle belegt; nicht schätzen, nicht mit 0 füllen."
uwpobs-aa566cd3726a23b1,uwp100-scout24,Scout24,2024,Mensch,Diversität/Teilhabe,women_management_share,Frauenanteil Management,,%,E,uwp-required-field-gap,,,required_field_gap_rendered,0.0,"UWP-Kernfeld noch nicht maschinell aus einer versionierten Primärquelle belegt; nicht schätzen, nicht mit 0 füllen."
uwpobs-9d175f46af103e63,uwp100-scout24,Scout24,2024,Planet,Energie,renewable_electricity_share,Erneuerbarer Strom,,%,E,uwp-required-field-gap,,,required_field_gap_rendered,0.0,"UWP-Kernfeld noch nicht maschinell aus einer versionierten Primärquelle belegt; nicht schätzen, nicht mit 0 füllen."
uwpobs-fc3a30d1d977cd1f,uwp100-scout24,Scout24,2024,Planet,Klima,scope_1_2_ghg_absolute,Scope 1+2 absolut,,t CO2e,E,uwp-required-field-gap,,,required_field_gap_rendered,0.0,"UWP-Kernfeld noch nicht maschinell aus einer versionierten Primärquelle belegt; nicht schätzen, nicht mit 0 füllen."
uwpobs-d54ade126e78ff0c,uwp100-scout24,Scout24,2024,Planet,Lieferkette/Klima,scope_3_ghg_absolute,Scope 3 absolut,,t CO2e,E,uwp-required-field-gap,,,required_field_gap_rendered,0.0,"UWP-Kernfeld noch nicht maschinell aus einer versionierten Primärquelle belegt; nicht schätzen, nicht mit 0 füllen."
uwpobs-bc54269d37abf473,uwp100-scout24,Scout24,2024,Transformation,EU-Taxonomie,taxonomy_aligned_revenue_share,Taxonomie-konformer Umsatzanteil,,%,E,uwp-required-field-gap,,,required_field_gap_rendered,0.0,"UWP-Kernfeld noch nicht maschinell aus einer versionierten Primärquelle belegt; nicht schätzen, nicht mit 0 füllen."
uwpobs-6c3e9c2b53627f05,uwp100-siemens,Siemens,2024,Datenqualität,Quellenstand,sbti_date_updated,SBTi Datenstand,2024-09-19,Datum,A,sbti-target-dashboard,https://files.sciencebasedtargets.org/production/files/companies-excel.xlsx,Siemens AG,official_xlsx_import:safe_name_match,0.86,SBTi-Zieldaten; kein Nachweis tatsächlicher Emissionsreduktion.
uwpobs-6082fc999de658e1,uwp100-siemens,Siemens,2024,Demokratie,Governance (extern),pilot_cdp_climate_change,CDP Climate Change,A-Liste,Rating,C,pilot-public-sources,https://www.marketscreener.com/quote/stock/SIEMENS-AG-56358595/news/Siemens-Sustainability-Report-FY-2024-48526984/,,provided_manual_pilot_import,0.72,zusaetzlich EcoVadis Platinum (Top 1%)
uwpobs-26d72d40be3fb1d4,uwp100-siemens,Siemens,2024,Mensch,Diversitaet/Teilhabe,pilot_frauen_im_topmanagement,Frauen im Topmanagement,32.6,% (FY2024),A,pilot-public-sources,https://www.marketscreener.com/quote/stock/SIEMENS-AG-56358595/news/Siemens-Sustainability-Report-FY-2024-48526984/,,provided_manual_pilot_import,0.72,
uwpobs-316432a3d551e6f6,uwp100-siemens,Siemens,2023,Mensch,Qualifizierung,wikirate_gri_training_hours,GRI 404-1 average hours of training,30,hours,C,wikirate-open-esg,https://wikirate.org/~18820004,https://wikirate.org/~18819833,wikirate_bulk_csv_export,0.62,WikiRate Community-/Sekundärdaten; Antwortseite und Primärquelle prüfen.
uwpobs-6dea58dcbd5f08f8,uwp100-siemens,Siemens,2022,Mensch,Qualifizierung,wikirate_gri_training_hours,GRI 404-1 average hours of training,10.3,hours,C,wikirate-open-esg,https://wikirate.org/~15565749,https://wikirate.org/~15565716,wikirate_bulk_csv_export,0.62,WikiRate Community-/Sekundärdaten; Antwortseite und Primärquelle prüfen.
uwpobs-4ee38ac6dd7d9c78,uwp100-siemens,Siemens,2023,Mensch,Arbeitssicherheit,wikirate_gri_worker_fatalities,GRI 403-9 worker fatalities,0,count,C,wikirate-open-esg,https://wikirate.org/~18820034,https://wikirate.org/~18819833,wikirate_bulk_csv_export,0.62,WikiRate Community-/Sekundärdaten; Antwortseite und Primärquelle prüfen.
uwpobs-ac6ccd4fa0cc2702,uwp100-siemens,Siemens,2017,Mensch,Arbeitssicherheit,wikirate_gri_worker_fatalities,GRI 403-9 worker fatalities,8,count,C,wikirate-open-esg,https://wikirate.org/~3354298,https://wikirate.org/~3354029,wikirate_bulk_csv_export,0.62,WikiRate Community-/Sekundärdaten; Antwortseite und Primärquelle prüfen.
uwpobs-05a593de95e91dd2,uwp100-siemens,Siemens,2024,Planet,Klima/Transformationspfad,pilot_sbti_validierte_2030_2050_ziele_net_zero_standard,SBTi-validierte 2030/2050-Ziele (Net-Zero-Standard),validiert (FY2024),Status,A,pilot-public-sources,https://press.siemens.com/global/en/pressrelease/siemens-achieves-strong-progress-sustainability-targets,,provided_manual_pilot_import,0.72,
uwpobs-b27a43c112220cb6,uwp100-siemens,Siemens,2024,Planet,Klima,pilot_scope_1_2_reduktion_vs_basisjahr_2019,Scope 1+2 Reduktion vs. Basisjahr 2019,-60,% (FY2024),A,pilot-public-sources,https://press.siemens.com/global/en/pressrelease/siemens-achieves-strong-progress-sustainability-targets,,provided_manual_pilot_import,0.72,55%-Ziel fuer 2025 ein Jahr frueher uebererfuellt; FY2025 bereits -66%
uwpobs-3b8a5f6a2c3b8162,uwp100-siemens,Siemens,2024,Planet,Transformation/EU-Taxonomie,pilot_taxonomie_konformer_umsatz,Taxonomie-konformer Umsatz,25,% (19 Mrd. EUR von 76 Mrd.; eligible 68%),A,pilot-public-sources,https://www.marketscreener.com/quote/stock/SIEMENS-AG-56358595/news/Siemens-Sustainability-Report-FY-2024-48526984/,,provided_manual_pilot_import,0.72,"FY2025: Alignment-Rate 52,0%"
uwpobs-2d963a167512785c,uwp100-siemens,Siemens,2024,Planet,Transformation (Enabler),pilot_vermiedene_kundenemissionen_vs_eigene_wertschoepfungskette,Vermiedene Kundenemissionen vs. eigene Wertschoepfungskette,144 vs. 121,Mt CO2e (FY2024),B,pilot-public-sources,https://press.siemens.com/global/en/pressrelease/siemens-achieves-strong-progress-sustainability-targets,,provided_manual_pilot_import,0.72,
uwpobs-c0b063d883c90619,uwp100-siemens,Siemens,2024,Planet,Klima/Transformationspfad,sbti_ba15_date,SBTi Business Ambition 1.5C Datum,2021-08-19,Datum,B,sbti-target-dashboard,https://files.sciencebasedtargets.org/production/files/companies-excel.xlsx,Siemens AG,official_xlsx_import:safe_name_match,0.86,SBTi-Zieldaten; kein Nachweis tatsächlicher Emissionsreduktion.
uwpobs-9552cdece3245246,uwp100-siemens,Siemens,2024,Planet,Klima/Transformationspfad,sbti_ba15_status,SBTi Business Ambition 1.5C Status,BA1.5 member,Status,B,sbti-target-dashboard,https://files.sciencebasedtargets.org/production/files/companies-excel.xlsx,Siemens AG,official_xlsx_import:safe_name_match,0.86,SBTi-Zieldaten; kein Nachweis tatsächlicher Emissionsreduktion.
uwpobs-b4491c2204a48a07,uwp100-siemens,Siemens,2024,Planet,Klima/Transformationspfad,sbti_full_target_language,SBTi Zieltext,"Overall Net-Zero Target: 
Siemens AG commits to reach net-zero greenhouse gas emissions across the value chain by FY2050.
Near-Term Targets: 
Siemens AG commits to reduce absolute scope 1 and 2 GHG emissions 90% by FY2030 from a FY2019 base year.* Siemens AG commits to reduce absolute scope 3 GHG emissions 30% within the same timeframe.
*The target boundary includes land-related emissions and removals from bioenergy feedstocks.""
Long-Term Targets: 
Siemens AG commits to maintain a minimum of 90% absolute scope 1 and 2 GHG emissions reductions from FY2030 through FY2050 from a FY2019 base year.* Siemens AG commits to reduce absolute scope 3 GHG emissions 90% by FY2050 from a FY2019 base year.
*The target boundary includes land-related emissions and removals from bioenergy feedstocks.",Text,B,sbti-target-dashboard,https://files.sciencebasedtargets.org/production/files/companies-excel.xlsx,Siemens AG,official_xlsx_import:safe_name_match,0.86,SBTi-Zieldaten; kein Nachweis tatsächlicher Emissionsreduktion.
uwpobs-90e49e290744a8b8,uwp100-siemens,Siemens,2024,Planet,Klima/Transformationspfad,sbti_near_term_status,SBTi Near-Term Zielstatus,Targets set,Status,A,sbti-target-dashboard,https://files.sciencebasedtargets.org/production/files/companies-excel.xlsx,Siemens AG,official_xlsx_import:safe_name_match,0.86,SBTi-Zieldaten; kein Nachweis tatsächlicher Emissionsreduktion.
uwpobs-271a25ed44ade444,uwp100-siemens,Siemens,2024,Planet,Klima/Transformationspfad,sbti_near_term_target_classification,SBTi Near-Term Zielklassifikation,1.5°C,Klassifikation,A,sbti-target-dashboard,https://files.sciencebasedtargets.org/production/files/companies-excel.xlsx,Siemens AG,official_xlsx_import:safe_name_match,0.86,SBTi-Zieldaten; kein Nachweis tatsächlicher Emissionsreduktion.
uwpobs-2d21d91074baa374,uwp100-siemens,Siemens,2024,Planet,Klima/Transformationspfad,sbti_near_term_target_year,SBTi Near-Term Zieljahr,FY2030,Jahr,A,sbti-target-dashboard,https://files.sciencebasedtargets.org/production/files/companies-excel.xlsx,Siemens AG,official_xlsx_import:safe_name_match,0.86,SBTi-Zieldaten; kein Nachweis tatsächlicher Emissionsreduktion.
uwpobs-9e04be278f671ad0,uwp100-siemens,Siemens,2024,Planet,Klima/Transformationspfad,sbti_target_classification_long,SBTi Zielklassifikation Langtext,The targets covering greenhouse gas emissions from company operations (scopes 1 and 2) are consistent with reductions required to keep warming to 1.5°C,Text,B,sbti-target-dashboard,https://files.sciencebasedtargets.org/production/files/companies-excel.xlsx,Siemens AG,official_xlsx_import:safe_name_match,0.86,SBTi-Zieldaten; kein Nachweis tatsächlicher Emissionsreduktion.
uwpobs-f1eab101bee89303,uwp100-siemens,Siemens,2023,Planet,Energie,wikirate_gri_energy_consumption,GRI 302-1 Total energy consumption,9115000,Gigajoules,C,wikirate-open-esg,https://wikirate.org/~18820130,https://wikirate.org/~18819833,wikirate_bulk_csv_export,0.62,WikiRate Community-/Sekundärdaten; Antwortseite und Primärquelle prüfen.
uwpobs-c52c73579ea38c4b,uwp100-siemens,Siemens,2018,Planet,Energie,wikirate_gri_energy_consumption,GRI 302-1 Total energy consumption,17373000,Gigajoules,C,wikirate-open-esg,https://wikirate.org/~5384410,https://wikirate.org/~5311346,wikirate_bulk_csv_export,0.62,WikiRate Community-/Sekundärdaten; Antwortseite und Primärquelle prüfen.
uwpobs-5195fc2fd11c7d24,uwp100-siemens,Siemens,2023,Planet,Klima/Emissionen,wikirate_gri_scope1_ghg,GRI 305-1 Scope 1 GHG emissions,387000,tonnes CO2 equivalent,C,wikirate-open-esg,https://wikirate.org/~18820114,https://wikirate.org/~18819833,wikirate_bulk_csv_export,0.62,WikiRate Community-/Sekundärdaten; Antwortseite und Primärquelle prüfen.
uwpobs-c0f9ba9362767b4c,uwp100-siemens,Siemens,2022,Planet,Klima/Emissionen,wikirate_gri_scope1_ghg,GRI 305-1 Scope 1 GHG emissions,393000,tonnes CO2 equivalent,C,wikirate-open-esg,https://wikirate.org/~15355161,https://wikirate.org/~15355153,wikirate_bulk_csv_export,0.62,WikiRate Community-/Sekundärdaten; Antwortseite und Primärquelle prüfen.
uwpobs-be97cdb907ae43b3,uwp100-siemens,Siemens,2021,Planet,Klima/Emissionen,wikirate_gri_scope1_ghg,GRI 305-1 Scope 1 GHG emissions,386000,tonnes CO2 equivalent,C,wikirate-open-esg,https://wikirate.org/~12653052,https://wikirate.org/~12653044,wikirate_bulk_csv_export,0.62,WikiRate Community-/Sekundärdaten; Antwortseite und Primärquelle prüfen.
uwpobs-5b6fc06bdd2ae27d,uwp100-siemens,Siemens,2020,Planet,Klima/Emissionen,wikirate_gri_scope1_ghg,GRI 305-1 Scope 1 GHG emissions,424000,tonnes CO2 equivalent,C,wikirate-open-esg,https://wikirate.org/~12653056,https://wikirate.org/~12653044,wikirate_bulk_csv_export,0.62,WikiRate Community-/Sekundärdaten; Antwortseite und Primärquelle prüfen.
uwpobs-66f83cac789bde77,uwp100-siemens,Siemens,2019,Planet,Klima/Emissionen,wikirate_gri_scope1_ghg,GRI 305-1 Scope 1 GHG emissions,565000,tonnes CO2 equivalent,C,wikirate-open-esg,https://wikirate.org/~12653072,https://wikirate.org/~12653062,wikirate_bulk_csv_export,0.62,WikiRate Community-/Sekundärdaten; Antwortseite und Primärquelle prüfen.
uwpobs-5ab3163dfa0a45f8,uwp100-siemens,Siemens,2022,Planet,Klima/Emissionen,wikirate_gri_scope2_ghg,GRI 305-2 Scope 2 GHG emissions,189000,tonnes CO2 equivalent,C,wikirate-open-esg,https://wikirate.org/~15355165,https://wikirate.org/~15355153,wikirate_bulk_csv_export,0.62,WikiRate Community-/Sekundärdaten; Antwortseite und Primärquelle prüfen.
uwpobs-d53f24415db8c37f,uwp100-siemens,Siemens,2021,Planet,Klima/Emissionen,wikirate_gri_scope2_ghg,GRI 305-2 Scope 2 GHG emissions,755000,tonnes CO2 equivalent,C,wikirate-open-esg,https://wikirate.org/~12653084,https://wikirate.org/~12653044,wikirate_bulk_csv_export,0.62,WikiRate Community-/Sekundärdaten; Antwortseite und Primärquelle prüfen.
uwpobs-061787fd68222d39,uwp100-siemens,Siemens,2020,Planet,Klima/Emissionen,wikirate_gri_scope2_ghg,GRI 305-2 Scope 2 GHG emissions,826000,tonnes CO2 equivalent,C,wikirate-open-esg,https://wikirate.org/~12653088,https://wikirate.org/~12653044,wikirate_bulk_csv_export,0.62,WikiRate Community-/Sekundärdaten; Antwortseite und Primärquelle prüfen.
uwpobs-3d64b34cf41009b5,uwp100-siemens,Siemens,2019,Planet,Klima/Emissionen,wikirate_gri_scope2_ghg,GRI 305-2 Scope 2 GHG emissions,782000,tonnes CO2 equivalent,C,wikirate-open-esg,https://wikirate.org/~12653076,https://wikirate.org/~12653062,wikirate_bulk_csv_export,0.62,WikiRate Community-/Sekundärdaten; Antwortseite und Primärquelle prüfen.
uwpobs-7f65af7e09e4cf29,uwp100-siemens,Siemens,2023,Planet,Lieferkette/Klima,wikirate_gri_scope3_ghg,GRI 305-3 Scope 3 GHG emissions,483188000,tonnes CO2 equivalent,C,wikirate-open-esg,https://wikirate.org/~18820118,https://wikirate.org/~18819833,wikirate_bulk_csv_export,0.62,WikiRate Community-/Sekundärdaten; Antwortseite und Primärquelle prüfen.
uwpobs-3430122c4cb8cf93,uwp100-siemens,Siemens,2022,Planet,Lieferkette/Klima,wikirate_gri_scope3_ghg,GRI 305-3 Scope 3 GHG emissions,457606000,tonnes CO2 equivalent,C,wikirate-open-esg,https://wikirate.org/~15355169,https://wikirate.org/~15355153,wikirate_bulk_csv_export,0.62,WikiRate Community-/Sekundärdaten; Antwortseite und Primärquelle prüfen.
uwpobs-212f24d557c3a4e7,uwp100-siemens,Siemens,2021,Planet,Lieferkette/Klima,wikirate_gri_scope3_ghg,GRI 305-3 Scope 3 GHG emissions,469271000,tonnes CO2 equivalent,C,wikirate-open-esg,https://wikirate.org/~12653096,https://wikirate.org/~12653044,wikirate_bulk_csv_export,0.62,WikiRate Community-/Sekundärdaten; Antwortseite und Primärquelle prüfen.
uwpobs-84dacd28842f41d6,uwp100-siemens,Siemens,2020,Planet,Lieferkette/Klima,wikirate_gri_scope3_ghg,GRI 305-3 Scope 3 GHG emissions,507691000,tonnes CO2 equivalent,C,wikirate-open-esg,https://wikirate.org/~12653092,https://wikirate.org/~12653044,wikirate_bulk_csv_export,0.62,WikiRate Community-/Sekundärdaten; Antwortseite und Primärquelle prüfen.
uwpobs-a5f3310cd56e308a,uwp100-siemens,Siemens,2019,Planet,Lieferkette/Klima,wikirate_gri_scope3_ghg,GRI 305-3 Scope 3 GHG emissions,11506000,tonnes CO2 equivalent,C,wikirate-open-esg,https://wikirate.org/~12653080,https://wikirate.org/~12653062,wikirate_bulk_csv_export,0.62,WikiRate Community-/Sekundärdaten; Antwortseite und Primärquelle prüfen.
uwpobs-795c30d71478bc5d,uwp100-siemens,Siemens,2023,Planet,Abfall/Ressourcen,wikirate_gri_total_waste,GRI 306-2 Total waste generated,261200,tonnes,C,wikirate-open-esg,https://wikirate.org/~18820072,https://wikirate.org/~18819833,wikirate_bulk_csv_export,0.62,WikiRate Community-/Sekundärdaten; Antwortseite und Primärquelle prüfen.
uwpobs-85905a5121343e39,uwp100-siemens,Siemens,2022,Planet,Abfall/Ressourcen,wikirate_gri_total_waste,GRI 306-2 Total waste generated,139000,tonnes,C,wikirate-open-esg,https://wikirate.org/~15565682,https://wikirate.org/~15355153,wikirate_bulk_csv_export,0.62,WikiRate Community-/Sekundärdaten; Antwortseite und Primärquelle prüfen.
uwpobs-3d0d3ab48591083c,uwp100-siemens,Siemens,2024,Transformation,Net-Zero/Transformation,sbti_long_term_status,SBTi Long-Term Zielstatus,Targets set,Status,A,sbti-target-dashboard,https://files.sciencebasedtargets.org/production/files/companies-excel.xlsx,Siemens AG,official_xlsx_import:safe_name_match,0.86,SBTi-Zieldaten; kein Nachweis tatsächlicher Emissionsreduktion.
uwpobs-cd72f3c2c95cbedd,uwp100-siemens,Siemens,2024,Transformation,Net-Zero/Transformation,sbti_long_term_target_classification,SBTi Long-Term Zielklassifikation,1.5°C,Klassifikation,A,sbti-target-dashboard,https://files.sciencebasedtargets.org/production/files/companies-excel.xlsx,Siemens AG,official_xlsx_import:safe_name_match,0.86,SBTi-Zieldaten; kein Nachweis tatsächlicher Emissionsreduktion.
uwpobs-bde72f6e27ae9c29,uwp100-siemens,Siemens,2024,Transformation,Net-Zero/Transformation,sbti_long_term_target_year,SBTi Long-Term Zieljahr,FY2050,Jahr,A,sbti-target-dashboard,https://files.sciencebasedtargets.org/production/files/companies-excel.xlsx,Siemens AG,official_xlsx_import:safe_name_match,0.86,SBTi-Zieldaten; kein Nachweis tatsächlicher Emissionsreduktion.
uwpobs-cc90b488272ce518,uwp100-siemens,Siemens,2024,Transformation,Net-Zero/Transformation,sbti_net_zero_status,SBTi Net-Zero Status,Targets set,Status,A,sbti-target-dashboard,https://files.sciencebasedtargets.org/production/files/companies-excel.xlsx,Siemens AG,official_xlsx_import:safe_name_match,0.86,SBTi-Zieldaten; kein Nachweis tatsächlicher Emissionsreduktion.
uwpobs-0d8095f0f3438d58,uwp100-siemens,Siemens,2024,Transformation,Net-Zero/Transformation,sbti_net_zero_year,SBTi Net-Zero Zieljahr,FY2050,Jahr,A,sbti-target-dashboard,https://files.sciencebasedtargets.org/production/files/companies-excel.xlsx,Siemens AG,official_xlsx_import:safe_name_match,0.86,SBTi-Zieldaten; kein Nachweis tatsächlicher Emissionsreduktion.
uwpobs-ef189c30478ac2b1,uwp100-siemens,Siemens,2024,Demokratie,Steuertransparenz,cbcr_tax_transparency,Country-by-Country Reporting / Steuertransparenz,,Status,E,uwp-required-field-gap,,,required_field_gap_rendered,0.0,"UWP-Kernfeld noch nicht maschinell aus einer versionierten Primärquelle belegt; nicht schätzen, nicht mit 0 füllen."
uwpobs-963eefbcd77b232f,uwp100-siemens,Siemens,2024,Demokratie,Datenschutz,data_privacy_incidents,Datenschutzverstöße / Bußgelder,,Anzahl/Status,E,uwp-required-field-gap,,,required_field_gap_rendered,0.0,"UWP-Kernfeld noch nicht maschinell aus einer versionierten Primärquelle belegt; nicht schätzen, nicht mit 0 füllen."
uwpobs-d8b3634b90a57333,uwp100-siemens,Siemens,2024,Demokratie,Lobbying/Einflussnahme,lobbying_transparency,Lobbying-Transparenz,,Status,E,uwp-required-field-gap,,,required_field_gap_rendered,0.0,"UWP-Kernfeld noch nicht maschinell aus einer versionierten Primärquelle belegt; nicht schätzen, nicht mit 0 füllen."
uwpobs-ba64d6e5a722fc6b,uwp100-siemens,Siemens,2024,Demokratie,Compliance/Whistleblowing,whistleblowing_cases,Whistleblowing-Fälle und Abhilfe,,Anzahl/Status,E,uwp-required-field-gap,,,required_field_gap_rendered,0.0,"UWP-Kernfeld noch nicht maschinell aus einer versionierten Primärquelle belegt; nicht schätzen, nicht mit 0 füllen."
uwpobs-1a52f3f27401d53e,uwp100-siemens,Siemens,2024,Mensch,Arbeitssicherheit,ltifr,Lost Time Injury Frequency Rate,,je Mio. Arbeitsstunden,E,uwp-required-field-gap,,,required_field_gap_rendered,0.0,"UWP-Kernfeld noch nicht maschinell aus einer versionierten Primärquelle belegt; nicht schätzen, nicht mit 0 füllen."
uwpobs-4a9be70a48f08f90,uwp100-siemens,Siemens,2024,Mensch,Arbeitssicherheit,pilot_ltifr_lost_time_injury_frequency_rate,LTIFR (Lost Time Injury Frequency Rate),,je Mio. Arbeitsstunden,E,pilot-public-sources,https://assets.new.siemens.com/siemens/assets/api/uuid:32a7154d-edba-47bc-8e9b-9761617ba774/sustainability-report.pdf,,provided_manual_pilot_import,0.4,im Bericht ausgewiesen; exakter Wert nachzuziehen (dann DQ A/B)
uwpobs-65797fcb22c65f26,uwp100-siemens,Siemens,2024,Planet,Energie,renewable_electricity_share,Erneuerbarer Strom,,%,E,uwp-required-field-gap,,,required_field_gap_rendered,0.0,"UWP-Kernfeld noch nicht maschinell aus einer versionierten Primärquelle belegt; nicht schätzen, nicht mit 0 füllen."
uwpobs-8612b7e162d9cf00,uwp100-siemens-energy,Siemens Energy,2021,Datenqualität,Quellenstand,sbti_date_updated,SBTi Datenstand,2021-04-22,Datum,A,sbti-target-dashboard,https://files.sciencebasedtargets.org/production/files/companies-excel.xlsx,Siemens Energy,official_xlsx_import:safe_name_match,0.86,SBTi-Zieldaten; kein Nachweis tatsächlicher Emissionsreduktion.
uwpobs-233de30ac5c6a17b,uwp100-siemens-energy,Siemens Energy,2021,Planet,Klima/Transformationspfad,sbti_full_target_language,SBTi Zieltext,"Siemens Energy commits to reduce absolute scope 1 and 2 GHG emissions 46% by 2030 from a 2019 base year. Siemens Energy commits to increase annual sourcing of renewable electricity from 59% in 2019 to 100% by 2023. In addition, Siemens Energy commits to reduce absolute scope 3 GHG emissions from use of sold products 28% by 2030 from a 2019 base year.",Text,B,sbti-target-dashboard,https://files.sciencebasedtargets.org/production/files/companies-excel.xlsx,Siemens Energy,official_xlsx_import:safe_name_match,0.86,SBTi-Zieldaten; kein Nachweis tatsächlicher Emissionsreduktion.
uwpobs-e6b7d914211d22ac,uwp100-siemens-energy,Siemens Energy,2021,Planet,Klima/Transformationspfad,sbti_near_term_status,SBTi Near-Term Zielstatus,Targets set,Status,A,sbti-target-dashboard,https://files.sciencebasedtargets.org/production/files/companies-excel.xlsx,Siemens Energy,official_xlsx_import:safe_name_match,0.86,SBTi-Zieldaten; kein Nachweis tatsächlicher Emissionsreduktion.
uwpobs-006b4e57cbac03db,uwp100-siemens-energy,Siemens Energy,2021,Planet,Klima/Transformationspfad,sbti_near_term_target_classification,SBTi Near-Term Zielklassifikation,1.5°C,Klassifikation,A,sbti-target-dashboard,https://files.sciencebasedtargets.org/production/files/companies-excel.xlsx,Siemens Energy,official_xlsx_import:safe_name_match,0.86,SBTi-Zieldaten; kein Nachweis tatsächlicher Emissionsreduktion.
uwpobs-f4c9d29f4953d052,uwp100-siemens-energy,Siemens Energy,2021,Planet,Klima/Transformationspfad,sbti_near_term_target_year,SBTi Near-Term Zieljahr,2030,Jahr,A,sbti-target-dashboard,https://files.sciencebasedtargets.org/production/files/companies-excel.xlsx,Siemens Energy,official_xlsx_import:safe_name_match,0.86,SBTi-Zieldaten; kein Nachweis tatsächlicher Emissionsreduktion.
uwpobs-e5853e1c366a5d85,uwp100-siemens-energy,Siemens Energy,2021,Planet,Klima/Transformationspfad,sbti_target_classification_long,SBTi Zielklassifikation Langtext,The targets covering greenhouse gas emissions from company operations (scopes 1 and 2) are consistent with reductions required to keep warming to 1.5°C,Text,B,sbti-target-dashboard,https://files.sciencebasedtargets.org/production/files/companies-excel.xlsx,Siemens Energy,official_xlsx_import:safe_name_match,0.86,SBTi-Zieldaten; kein Nachweis tatsächlicher Emissionsreduktion.
uwpobs-aae5db2eae890977,uwp100-siemens-energy,Siemens Energy,2024,Demokratie,Steuertransparenz,cbcr_tax_transparency,Country-by-Country Reporting / Steuertransparenz,,Status,E,uwp-required-field-gap,,,required_field_gap_rendered,0.0,"UWP-Kernfeld noch nicht maschinell aus einer versionierten Primärquelle belegt; nicht schätzen, nicht mit 0 füllen."
uwpobs-12ce48662375af20,uwp100-siemens-energy,Siemens Energy,2024,Demokratie,Datenschutz,data_privacy_incidents,Datenschutzverstöße / Bußgelder,,Anzahl/Status,E,uwp-required-field-gap,,,required_field_gap_rendered,0.0,"UWP-Kernfeld noch nicht maschinell aus einer versionierten Primärquelle belegt; nicht schätzen, nicht mit 0 füllen."
uwpobs-9be558f52932552c,uwp100-siemens-energy,Siemens Energy,2024,Demokratie,Lobbying/Einflussnahme,lobbying_transparency,Lobbying-Transparenz,,Status,E,uwp-required-field-gap,,,required_field_gap_rendered,0.0,"UWP-Kernfeld noch nicht maschinell aus einer versionierten Primärquelle belegt; nicht schätzen, nicht mit 0 füllen."
uwpobs-5a9bb744e8c2ca51,uwp100-siemens-energy,Siemens Energy,2024,Demokratie,Compliance/Whistleblowing,whistleblowing_cases,Whistleblowing-Fälle und Abhilfe,,Anzahl/Status,E,uwp-required-field-gap,,,required_field_gap_rendered,0.0,"UWP-Kernfeld noch nicht maschinell aus einer versionierten Primärquelle belegt; nicht schätzen, nicht mit 0 füllen."
uwpobs-2603090394f432e9,uwp100-siemens-energy,Siemens Energy,2024,Mensch,Arbeitssicherheit,ltifr,Lost Time Injury Frequency Rate,,je Mio. Arbeitsstunden,E,uwp-required-field-gap,,,required_field_gap_rendered,0.0,"UWP-Kernfeld noch nicht maschinell aus einer versionierten Primärquelle belegt; nicht schätzen, nicht mit 0 füllen."
uwpobs-3bf8cbcd159b8db3,uwp100-siemens-energy,Siemens Energy,2024,Mensch,Diversität/Teilhabe,women_management_share,Frauenanteil Management,,%,E,uwp-required-field-gap,,,required_field_gap_rendered,0.0,"UWP-Kernfeld noch nicht maschinell aus einer versionierten Primärquelle belegt; nicht schätzen, nicht mit 0 füllen."
uwpobs-059b6083639fccf8,uwp100-siemens-energy,Siemens Energy,2024,Planet,Energie,renewable_electricity_share,Erneuerbarer Strom,,%,E,uwp-required-field-gap,,,required_field_gap_rendered,0.0,"UWP-Kernfeld noch nicht maschinell aus einer versionierten Primärquelle belegt; nicht schätzen, nicht mit 0 füllen."
uwpobs-f05c7cdf0c2de06d,uwp100-siemens-energy,Siemens Energy,2024,Planet,Klima,scope_1_2_ghg_absolute,Scope 1+2 absolut,,t CO2e,E,uwp-required-field-gap,,,required_field_gap_rendered,0.0,"UWP-Kernfeld noch nicht maschinell aus einer versionierten Primärquelle belegt; nicht schätzen, nicht mit 0 füllen."
uwpobs-410524c3f40c8ffd,uwp100-siemens-energy,Siemens Energy,2024,Planet,Lieferkette/Klima,scope_3_ghg_absolute,Scope 3 absolut,,t CO2e,E,uwp-required-field-gap,,,required_field_gap_rendered,0.0,"UWP-Kernfeld noch nicht maschinell aus einer versionierten Primärquelle belegt; nicht schätzen, nicht mit 0 füllen."
uwpobs-45d7aec728599ac7,uwp100-siemens-energy,Siemens Energy,2024,Transformation,EU-Taxonomie,taxonomy_aligned_revenue_share,Taxonomie-konformer Umsatzanteil,,%,E,uwp-required-field-gap,,,required_field_gap_rendered,0.0,"UWP-Kernfeld noch nicht maschinell aus einer versionierten Primärquelle belegt; nicht schätzen, nicht mit 0 füllen."
uwpobs-8178af9cb8b628d5,uwp100-siemens-healthineers,Siemens Healthineers,2025,Datenqualität,Quellenstand,sbti_date_updated,SBTi Datenstand,2025-06-05,Datum,A,sbti-target-dashboard,https://files.sciencebasedtargets.org/production/files/companies-excel.xlsx,Siemens Healthineers AG,official_xlsx_import:safe_name_match,0.86,SBTi-Zieldaten; kein Nachweis tatsächlicher Emissionsreduktion.
uwpobs-ee9a044f2584b03e,uwp100-siemens-healthineers,Siemens Healthineers,2025,Planet,Klima/Transformationspfad,sbti_full_target_language,SBTi Zieltext,"Overall Net-Zero Target: Siemens Healthineers AG commits to reach net-zero greenhouse gas emissions across the value chain by FY2050. Near-Term Targets: Siemens Healthineers AG commits to reduce absolute scope 1 and 2 GHG emissions 90% by FY2030 from a FY2019 base year.* Siemens Healthineers AG also commits to reduce absolute scope 3 GHG emissions  from purchased goods and services, upstream transportation and distribution, business travel, and use of sold products 28% within the same timeframe. 
*The target boundary includes land-related emissions and removals from bioenergy feedstocks.   Long-Term Targets: Siemens Healthineers AG commits to maintain a minimum of 90% absolute scope 1 and 2 GHG emissions reductions from FY2030 through FY2050 from a FY2019 base year.* Siemens Healthineers AG also commits to reduce absolute scope 3 GHG emissions from purchased goods and services, upstream transportation and distribution, business travel, and use of sold products 90% by FY2050 from a FY2019 base year.
 *The target boundary includes land-related emissions and removals from bioenergy feedstocks. ",Text,B,sbti-target-dashboard,https://files.sciencebasedtargets.org/production/files/companies-excel.xlsx,Siemens Healthineers AG,official_xlsx_import:safe_name_match,0.86,SBTi-Zieldaten; kein Nachweis tatsächlicher Emissionsreduktion.
uwpobs-66846c21ba1c6528,uwp100-siemens-healthineers,Siemens Healthineers,2025,Planet,Klima/Transformationspfad,sbti_near_term_status,SBTi Near-Term Zielstatus,Targets set,Status,A,sbti-target-dashboard,https://files.sciencebasedtargets.org/production/files/companies-excel.xlsx,Siemens Healthineers AG,official_xlsx_import:safe_name_match,0.86,SBTi-Zieldaten; kein Nachweis tatsächlicher Emissionsreduktion.
uwpobs-735b53477f79fa53,uwp100-siemens-healthineers,Siemens Healthineers,2025,Planet,Klima/Transformationspfad,sbti_near_term_target_classification,SBTi Near-Term Zielklassifikation,1.5°C,Klassifikation,A,sbti-target-dashboard,https://files.sciencebasedtargets.org/production/files/companies-excel.xlsx,Siemens Healthineers AG,official_xlsx_import:safe_name_match,0.86,SBTi-Zieldaten; kein Nachweis tatsächlicher Emissionsreduktion.
uwpobs-36970fc291c8dc5e,uwp100-siemens-healthineers,Siemens Healthineers,2025,Planet,Klima/Transformationspfad,sbti_near_term_target_year,SBTi Near-Term Zieljahr,FY2030,Jahr,A,sbti-target-dashboard,https://files.sciencebasedtargets.org/production/files/companies-excel.xlsx,Siemens Healthineers AG,official_xlsx_import:safe_name_match,0.86,SBTi-Zieldaten; kein Nachweis tatsächlicher Emissionsreduktion.
uwpobs-caef11a8b5528e5d,uwp100-siemens-healthineers,Siemens Healthineers,2025,Planet,Klima/Transformationspfad,sbti_target_classification_long,SBTi Zielklassifikation Langtext,The targets covering greenhouse gas emissions from company operations (scopes 1 and 2) are consistent with reductions required to keep warming to 1.5°C,Text,B,sbti-target-dashboard,https://files.sciencebasedtargets.org/production/files/companies-excel.xlsx,Siemens Healthineers AG,official_xlsx_import:safe_name_match,0.86,SBTi-Zieldaten; kein Nachweis tatsächlicher Emissionsreduktion.
uwpobs-2f0b79656ba214a7,uwp100-siemens-healthineers,Siemens Healthineers,2025,Transformation,Net-Zero/Transformation,sbti_long_term_status,SBTi Long-Term Zielstatus,Targets set,Status,A,sbti-target-dashboard,https://files.sciencebasedtargets.org/production/files/companies-excel.xlsx,Siemens Healthineers AG,official_xlsx_import:safe_name_match,0.86,SBTi-Zieldaten; kein Nachweis tatsächlicher Emissionsreduktion.
uwpobs-8b44d129049fdb64,uwp100-siemens-healthineers,Siemens Healthineers,2025,Transformation,Net-Zero/Transformation,sbti_long_term_target_classification,SBTi Long-Term Zielklassifikation,1.5°C,Klassifikation,A,sbti-target-dashboard,https://files.sciencebasedtargets.org/production/files/companies-excel.xlsx,Siemens Healthineers AG,official_xlsx_import:safe_name_match,0.86,SBTi-Zieldaten; kein Nachweis tatsächlicher Emissionsreduktion.
uwpobs-41fac663c0adea06,uwp100-siemens-healthineers,Siemens Healthineers,2025,Transformation,Net-Zero/Transformation,sbti_long_term_target_year,SBTi Long-Term Zieljahr,FY2050,Jahr,A,sbti-target-dashboard,https://files.sciencebasedtargets.org/production/files/companies-excel.xlsx,Siemens Healthineers AG,official_xlsx_import:safe_name_match,0.86,SBTi-Zieldaten; kein Nachweis tatsächlicher Emissionsreduktion.
uwpobs-6759ff016bf7d5fb,uwp100-siemens-healthineers,Siemens Healthineers,2025,Transformation,Net-Zero/Transformation,sbti_net_zero_status,SBTi Net-Zero Status,Targets set,Status,A,sbti-target-dashboard,https://files.sciencebasedtargets.org/production/files/companies-excel.xlsx,Siemens Healthineers AG,official_xlsx_import:safe_name_match,0.86,SBTi-Zieldaten; kein Nachweis tatsächlicher Emissionsreduktion.
uwpobs-3eb4758639107517,uwp100-siemens-healthineers,Siemens Healthineers,2025,Transformation,Net-Zero/Transformation,sbti_net_zero_year,SBTi Net-Zero Zieljahr,FY2050,Jahr,A,sbti-target-dashboard,https://files.sciencebasedtargets.org/production/files/companies-excel.xlsx,Siemens Healthineers AG,official_xlsx_import:safe_name_match,0.86,SBTi-Zieldaten; kein Nachweis tatsächlicher Emissionsreduktion.
uwpobs-b12b6a6ae2b5e164,uwp100-siemens-healthineers,Siemens Healthineers,2024,Demokratie,Steuertransparenz,cbcr_tax_transparency,Country-by-Country Reporting / Steuertransparenz,,Status,E,uwp-required-field-gap,,,required_field_gap_rendered,0.0,"UWP-Kernfeld noch nicht maschinell aus einer versionierten Primärquelle belegt; nicht schätzen, nicht mit 0 füllen."
uwpobs-8438fedf5808dc99,uwp100-siemens-healthineers,Siemens Healthineers,2024,Demokratie,Datenschutz,data_privacy_incidents,Datenschutzverstöße / Bußgelder,,Anzahl/Status,E,uwp-required-field-gap,,,required_field_gap_rendered,0.0,"UWP-Kernfeld noch nicht maschinell aus einer versionierten Primärquelle belegt; nicht schätzen, nicht mit 0 füllen."
uwpobs-c14889d23876e1d9,uwp100-siemens-healthineers,Siemens Healthineers,2024,Demokratie,Lobbying/Einflussnahme,lobbying_transparency,Lobbying-Transparenz,,Status,E,uwp-required-field-gap,,,required_field_gap_rendered,0.0,"UWP-Kernfeld noch nicht maschinell aus einer versionierten Primärquelle belegt; nicht schätzen, nicht mit 0 füllen."
uwpobs-71239cb45b4317fd,uwp100-siemens-healthineers,Siemens Healthineers,2024,Demokratie,Compliance/Whistleblowing,whistleblowing_cases,Whistleblowing-Fälle und Abhilfe,,Anzahl/Status,E,uwp-required-field-gap,,,required_field_gap_rendered,0.0,"UWP-Kernfeld noch nicht maschinell aus einer versionierten Primärquelle belegt; nicht schätzen, nicht mit 0 füllen."
uwpobs-f826c0d837489de0,uwp100-siemens-healthineers,Siemens Healthineers,2024,Mensch,Arbeitssicherheit,ltifr,Lost Time Injury Frequency Rate,,je Mio. Arbeitsstunden,E,uwp-required-field-gap,,,required_field_gap_rendered,0.0,"UWP-Kernfeld noch nicht maschinell aus einer versionierten Primärquelle belegt; nicht schätzen, nicht mit 0 füllen."
uwpobs-7eecc270fb959a3c,uwp100-siemens-healthineers,Siemens Healthineers,2024,Mensch,Diversität/Teilhabe,women_management_share,Frauenanteil Management,,%,E,uwp-required-field-gap,,,required_field_gap_rendered,0.0,"UWP-Kernfeld noch nicht maschinell aus einer versionierten Primärquelle belegt; nicht schätzen, nicht mit 0 füllen."
uwpobs-75fa75bdef787d37,uwp100-siemens-healthineers,Siemens Healthineers,2024,Planet,Energie,renewable_electricity_share,Erneuerbarer Strom,,%,E,uwp-required-field-gap,,,required_field_gap_rendered,0.0,"UWP-Kernfeld noch nicht maschinell aus einer versionierten Primärquelle belegt; nicht schätzen, nicht mit 0 füllen."
uwpobs-ea516b80204fce7b,uwp100-siemens-healthineers,Siemens Healthineers,2024,Planet,Klima,scope_1_2_ghg_absolute,Scope 1+2 absolut,,t CO2e,E,uwp-required-field-gap,,,required_field_gap_rendered,0.0,"UWP-Kernfeld noch nicht maschinell aus einer versionierten Primärquelle belegt; nicht schätzen, nicht mit 0 füllen."
uwpobs-8f100355184bbcf4,uwp100-siemens-healthineers,Siemens Healthineers,2024,Planet,Lieferkette/Klima,scope_3_ghg_absolute,Scope 3 absolut,,t CO2e,E,uwp-required-field-gap,,,required_field_gap_rendered,0.0,"UWP-Kernfeld noch nicht maschinell aus einer versionierten Primärquelle belegt; nicht schätzen, nicht mit 0 füllen."
uwpobs-997da6bb542762d0,uwp100-siemens-healthineers,Siemens Healthineers,2024,Transformation,EU-Taxonomie,taxonomy_aligned_revenue_share,Taxonomie-konformer Umsatzanteil,,%,E,uwp-required-field-gap,,,required_field_gap_rendered,0.0,"UWP-Kernfeld noch nicht maschinell aus einer versionierten Primärquelle belegt; nicht schätzen, nicht mit 0 füllen."
uwpobs-5a6b87bc5887b91b,uwp100-siltronic,Siltronic,2021,Datenqualität,Quellenstand,sbti_date_updated,SBTi Datenstand,2021-11-25,Datum,A,sbti-target-dashboard,https://files.sciencebasedtargets.org/production/files/companies-excel.xlsx,Siltronic AG,official_xlsx_import:safe_name_match,0.86,SBTi-Zieldaten; kein Nachweis tatsächlicher Emissionsreduktion.
uwpobs-ff5d948d679e7034,uwp100-siltronic,Siltronic,2021,Planet,Klima/Transformationspfad,sbti_ba15_date,SBTi Business Ambition 1.5C Datum,2021-11-25,Datum,B,sbti-target-dashboard,https://files.sciencebasedtargets.org/production/files/companies-excel.xlsx,Siltronic AG,official_xlsx_import:safe_name_match,0.86,SBTi-Zieldaten; kein Nachweis tatsächlicher Emissionsreduktion.
uwpobs-f1c3f0c37ac8e333,uwp100-siltronic,Siltronic,2021,Planet,Klima/Transformationspfad,sbti_ba15_status,SBTi Business Ambition 1.5C Status,BA1.5 member,Status,B,sbti-target-dashboard,https://files.sciencebasedtargets.org/production/files/companies-excel.xlsx,Siltronic AG,official_xlsx_import:safe_name_match,0.86,SBTi-Zieldaten; kein Nachweis tatsächlicher Emissionsreduktion.
uwpobs-ca5aaf12852165e7,uwp100-siltronic,Siltronic,2021,Planet,Klima/Transformationspfad,sbti_near_term_status,SBTi Near-Term Zielstatus,Commitment removed,Status,A,sbti-target-dashboard,https://files.sciencebasedtargets.org/production/files/companies-excel.xlsx,Siltronic AG,official_xlsx_import:safe_name_match,0.86,SBTi-Zieldaten; kein Nachweis tatsächlicher Emissionsreduktion.
uwpobs-d385c012f0180406,uwp100-siltronic,Siltronic,2021,Transformation,Net-Zero/Transformation,sbti_net_zero_status,SBTi Net-Zero Status,Commitment removed,Status,A,sbti-target-dashboard,https://files.sciencebasedtargets.org/production/files/companies-excel.xlsx,Siltronic AG,official_xlsx_import:safe_name_match,0.86,SBTi-Zieldaten; kein Nachweis tatsächlicher Emissionsreduktion.
uwpobs-8a352de8c9d6287b,uwp100-siltronic,Siltronic,2024,Demokratie,Steuertransparenz,cbcr_tax_transparency,Country-by-Country Reporting / Steuertransparenz,,Status,E,uwp-required-field-gap,,,required_field_gap_rendered,0.0,"UWP-Kernfeld noch nicht maschinell aus einer versionierten Primärquelle belegt; nicht schätzen, nicht mit 0 füllen."
uwpobs-72e171114a7683d1,uwp100-siltronic,Siltronic,2024,Demokratie,Datenschutz,data_privacy_incidents,Datenschutzverstöße / Bußgelder,,Anzahl/Status,E,uwp-required-field-gap,,,required_field_gap_rendered,0.0,"UWP-Kernfeld noch nicht maschinell aus einer versionierten Primärquelle belegt; nicht schätzen, nicht mit 0 füllen."
uwpobs-de8714b3cd805a06,uwp100-siltronic,Siltronic,2024,Demokratie,Lobbying/Einflussnahme,lobbying_transparency,Lobbying-Transparenz,,Status,E,uwp-required-field-gap,,,required_field_gap_rendered,0.0,"UWP-Kernfeld noch nicht maschinell aus einer versionierten Primärquelle belegt; nicht schätzen, nicht mit 0 füllen."
uwpobs-e634c82c34421021,uwp100-siltronic,Siltronic,2024,Demokratie,Compliance/Whistleblowing,whistleblowing_cases,Whistleblowing-Fälle und Abhilfe,,Anzahl/Status,E,uwp-required-field-gap,,,required_field_gap_rendered,0.0,"UWP-Kernfeld noch nicht maschinell aus einer versionierten Primärquelle belegt; nicht schätzen, nicht mit 0 füllen."
uwpobs-4cb5995e3493874b,uwp100-siltronic,Siltronic,2024,Mensch,Arbeitssicherheit,ltifr,Lost Time Injury Frequency Rate,,je Mio. Arbeitsstunden,E,uwp-required-field-gap,,,required_field_gap_rendered,0.0,"UWP-Kernfeld noch nicht maschinell aus einer versionierten Primärquelle belegt; nicht schätzen, nicht mit 0 füllen."
uwpobs-a9b5f34f9452c5d3,uwp100-siltronic,Siltronic,2024,Mensch,Diversität/Teilhabe,women_management_share,Frauenanteil Management,,%,E,uwp-required-field-gap,,,required_field_gap_rendered,0.0,"UWP-Kernfeld noch nicht maschinell aus einer versionierten Primärquelle belegt; nicht schätzen, nicht mit 0 füllen."
uwpobs-373f12276092d803,uwp100-siltronic,Siltronic,2024,Planet,Energie,renewable_electricity_share,Erneuerbarer Strom,,%,E,uwp-required-field-gap,,,required_field_gap_rendered,0.0,"UWP-Kernfeld noch nicht maschinell aus einer versionierten Primärquelle belegt; nicht schätzen, nicht mit 0 füllen."
uwpobs-c2fa3219a3e567cf,uwp100-siltronic,Siltronic,2024,Planet,Klima,scope_1_2_ghg_absolute,Scope 1+2 absolut,,t CO2e,E,uwp-required-field-gap,,,required_field_gap_rendered,0.0,"UWP-Kernfeld noch nicht maschinell aus einer versionierten Primärquelle belegt; nicht schätzen, nicht mit 0 füllen."
uwpobs-6f7ceb9aeafa936e,uwp100-siltronic,Siltronic,2024,Planet,Lieferkette/Klima,scope_3_ghg_absolute,Scope 3 absolut,,t CO2e,E,uwp-required-field-gap,,,required_field_gap_rendered,0.0,"UWP-Kernfeld noch nicht maschinell aus einer versionierten Primärquelle belegt; nicht schätzen, nicht mit 0 füllen."
uwpobs-5c7dc3d1473eccd3,uwp100-siltronic,Siltronic,2024,Transformation,EU-Taxonomie,taxonomy_aligned_revenue_share,Taxonomie-konformer Umsatzanteil,,%,E,uwp-required-field-gap,,,required_field_gap_rendered,0.0,"UWP-Kernfeld noch nicht maschinell aus einer versionierten Primärquelle belegt; nicht schätzen, nicht mit 0 füllen."
uwpobs-fc25a6719b27c0a9,uwp100-stabilus,Stabilus,2026,Datenqualität,Quellenstand,sbti_date_updated,SBTi Datenstand,2026-04-23,Datum,A,sbti-target-dashboard,https://files.sciencebasedtargets.org/production/files/companies-excel.xlsx,Stabilus SE,official_xlsx_import:safe_name_match,0.86,SBTi-Zieldaten; kein Nachweis tatsächlicher Emissionsreduktion.
uwpobs-094121c86e6ff12b,uwp100-stabilus,Stabilus,2026,Planet,Klima/Transformationspfad,sbti_near_term_status,SBTi Near-Term Zielstatus,Committed,Status,A,sbti-target-dashboard,https://files.sciencebasedtargets.org/production/files/companies-excel.xlsx,Stabilus SE,official_xlsx_import:safe_name_match,0.86,SBTi-Zieldaten; kein Nachweis tatsächlicher Emissionsreduktion.
uwpobs-05a24790c02ac72d,uwp100-stabilus,Stabilus,2026,Transformation,Net-Zero/Transformation,sbti_net_zero_status,SBTi Net-Zero Status,Committed,Status,A,sbti-target-dashboard,https://files.sciencebasedtargets.org/production/files/companies-excel.xlsx,Stabilus SE,official_xlsx_import:safe_name_match,0.86,SBTi-Zieldaten; kein Nachweis tatsächlicher Emissionsreduktion.
uwpobs-ba7936bdc9f35755,uwp100-stabilus,Stabilus,2024,Demokratie,Steuertransparenz,cbcr_tax_transparency,Country-by-Country Reporting / Steuertransparenz,,Status,E,uwp-required-field-gap,,,required_field_gap_rendered,0.0,"UWP-Kernfeld noch nicht maschinell aus einer versionierten Primärquelle belegt; nicht schätzen, nicht mit 0 füllen."
uwpobs-7fedae48149490bf,uwp100-stabilus,Stabilus,2024,Demokratie,Datenschutz,data_privacy_incidents,Datenschutzverstöße / Bußgelder,,Anzahl/Status,E,uwp-required-field-gap,,,required_field_gap_rendered,0.0,"UWP-Kernfeld noch nicht maschinell aus einer versionierten Primärquelle belegt; nicht schätzen, nicht mit 0 füllen."
uwpobs-7b6e338604f1f685,uwp100-stabilus,Stabilus,2024,Demokratie,Lobbying/Einflussnahme,lobbying_transparency,Lobbying-Transparenz,,Status,E,uwp-required-field-gap,,,required_field_gap_rendered,0.0,"UWP-Kernfeld noch nicht maschinell aus einer versionierten Primärquelle belegt; nicht schätzen, nicht mit 0 füllen."
uwpobs-68623f1675b5ef5d,uwp100-stabilus,Stabilus,2024,Demokratie,Compliance/Whistleblowing,whistleblowing_cases,Whistleblowing-Fälle und Abhilfe,,Anzahl/Status,E,uwp-required-field-gap,,,required_field_gap_rendered,0.0,"UWP-Kernfeld noch nicht maschinell aus einer versionierten Primärquelle belegt; nicht schätzen, nicht mit 0 füllen."
uwpobs-3614aaf836e05ee3,uwp100-stabilus,Stabilus,2024,Mensch,Arbeitssicherheit,ltifr,Lost Time Injury Frequency Rate,,je Mio. Arbeitsstunden,E,uwp-required-field-gap,,,required_field_gap_rendered,0.0,"UWP-Kernfeld noch nicht maschinell aus einer versionierten Primärquelle belegt; nicht schätzen, nicht mit 0 füllen."
uwpobs-8f3458c44e09fc43,uwp100-stabilus,Stabilus,2024,Mensch,Diversität/Teilhabe,women_management_share,Frauenanteil Management,,%,E,uwp-required-field-gap,,,required_field_gap_rendered,0.0,"UWP-Kernfeld noch nicht maschinell aus einer versionierten Primärquelle belegt; nicht schätzen, nicht mit 0 füllen."
uwpobs-b6337b9c2b53482d,uwp100-stabilus,Stabilus,2024,Planet,Energie,renewable_electricity_share,Erneuerbarer Strom,,%,E,uwp-required-field-gap,,,required_field_gap_rendered,0.0,"UWP-Kernfeld noch nicht maschinell aus einer versionierten Primärquelle belegt; nicht schätzen, nicht mit 0 füllen."
uwpobs-80d2c64ffc2e88ce,uwp100-stabilus,Stabilus,2024,Planet,Klima,scope_1_2_ghg_absolute,Scope 1+2 absolut,,t CO2e,E,uwp-required-field-gap,,,required_field_gap_rendered,0.0,"UWP-Kernfeld noch nicht maschinell aus einer versionierten Primärquelle belegt; nicht schätzen, nicht mit 0 füllen."
uwpobs-78c5a4909fb4eaaf,uwp100-stabilus,Stabilus,2024,Planet,Lieferkette/Klima,scope_3_ghg_absolute,Scope 3 absolut,,t CO2e,E,uwp-required-field-gap,,,required_field_gap_rendered,0.0,"UWP-Kernfeld noch nicht maschinell aus einer versionierten Primärquelle belegt; nicht schätzen, nicht mit 0 füllen."
uwpobs-16fb3abc483d4672,uwp100-stabilus,Stabilus,2024,Transformation,EU-Taxonomie,taxonomy_aligned_revenue_share,Taxonomie-konformer Umsatzanteil,,%,E,uwp-required-field-gap,,,required_field_gap_rendered,0.0,"UWP-Kernfeld noch nicht maschinell aus einer versionierten Primärquelle belegt; nicht schätzen, nicht mit 0 füllen."
uwpobs-6e30a99cfc1f3716,uwp100-stroer,Ströer,2024,Demokratie,Steuertransparenz,cbcr_tax_transparency,Country-by-Country Reporting / Steuertransparenz,,Status,E,uwp-required-field-gap,,,required_field_gap_rendered,0.0,"UWP-Kernfeld noch nicht maschinell aus einer versionierten Primärquelle belegt; nicht schätzen, nicht mit 0 füllen."
uwpobs-3ff4f126e2ea62fa,uwp100-stroer,Ströer,2024,Demokratie,Datenschutz,data_privacy_incidents,Datenschutzverstöße / Bußgelder,,Anzahl/Status,E,uwp-required-field-gap,,,required_field_gap_rendered,0.0,"UWP-Kernfeld noch nicht maschinell aus einer versionierten Primärquelle belegt; nicht schätzen, nicht mit 0 füllen."
uwpobs-6d01f2b07bebc125,uwp100-stroer,Ströer,2024,Demokratie,Lobbying/Einflussnahme,lobbying_transparency,Lobbying-Transparenz,,Status,E,uwp-required-field-gap,,,required_field_gap_rendered,0.0,"UWP-Kernfeld noch nicht maschinell aus einer versionierten Primärquelle belegt; nicht schätzen, nicht mit 0 füllen."
uwpobs-e098b43105ba7b9b,uwp100-stroer,Ströer,2024,Demokratie,Compliance/Whistleblowing,whistleblowing_cases,Whistleblowing-Fälle und Abhilfe,,Anzahl/Status,E,uwp-required-field-gap,,,required_field_gap_rendered,0.0,"UWP-Kernfeld noch nicht maschinell aus einer versionierten Primärquelle belegt; nicht schätzen, nicht mit 0 füllen."
uwpobs-c5dd43d310b45c94,uwp100-stroer,Ströer,2024,Mensch,Arbeitssicherheit,ltifr,Lost Time Injury Frequency Rate,,je Mio. Arbeitsstunden,E,uwp-required-field-gap,,,required_field_gap_rendered,0.0,"UWP-Kernfeld noch nicht maschinell aus einer versionierten Primärquelle belegt; nicht schätzen, nicht mit 0 füllen."
uwpobs-d5c9a95f9452c36a,uwp100-stroer,Ströer,2024,Mensch,Diversität/Teilhabe,women_management_share,Frauenanteil Management,,%,E,uwp-required-field-gap,,,required_field_gap_rendered,0.0,"UWP-Kernfeld noch nicht maschinell aus einer versionierten Primärquelle belegt; nicht schätzen, nicht mit 0 füllen."
uwpobs-93c38d0c3a457833,uwp100-stroer,Ströer,2024,Planet,Energie,renewable_electricity_share,Erneuerbarer Strom,,%,E,uwp-required-field-gap,,,required_field_gap_rendered,0.0,"UWP-Kernfeld noch nicht maschinell aus einer versionierten Primärquelle belegt; nicht schätzen, nicht mit 0 füllen."
uwpobs-8cc2d36f1d5c80bf,uwp100-stroer,Ströer,2025,Planet,Klima/Transformationspfad,sbti_profile_available,SBTi Zielprofil sicher matchbar,,Status,E,sbti-target-dashboard,https://files.sciencebasedtargets.org/production/files/companies-excel.xlsx,,official_xlsx_import_no_safe_match,0.0,Kein sicherer SBTi-Match für Ströer im offiziellen Target Dashboard. Das ist keine negative Klimabewertung.
uwpobs-e5051a6200fec9e0,uwp100-stroer,Ströer,2024,Planet,Klima,scope_1_2_ghg_absolute,Scope 1+2 absolut,,t CO2e,E,uwp-required-field-gap,,,required_field_gap_rendered,0.0,"UWP-Kernfeld noch nicht maschinell aus einer versionierten Primärquelle belegt; nicht schätzen, nicht mit 0 füllen."
uwpobs-20351be49eb4054b,uwp100-stroer,Ströer,2024,Planet,Lieferkette/Klima,scope_3_ghg_absolute,Scope 3 absolut,,t CO2e,E,uwp-required-field-gap,,,required_field_gap_rendered,0.0,"UWP-Kernfeld noch nicht maschinell aus einer versionierten Primärquelle belegt; nicht schätzen, nicht mit 0 füllen."
uwpobs-48812cb984e40a90,uwp100-stroer,Ströer,2024,Transformation,EU-Taxonomie,taxonomy_aligned_revenue_share,Taxonomie-konformer Umsatzanteil,,%,E,uwp-required-field-gap,,,required_field_gap_rendered,0.0,"UWP-Kernfeld noch nicht maschinell aus einer versionierten Primärquelle belegt; nicht schätzen, nicht mit 0 füllen."
uwpobs-e9f1e330b64d6372,uwp100-symrise,Symrise,2025,Datenqualität,Quellenstand,sbti_date_updated,SBTi Datenstand,2025-04-10,Datum,A,sbti-target-dashboard,https://files.sciencebasedtargets.org/production/files/companies-excel.xlsx,Symrise AG,official_xlsx_import:safe_name_match,0.86,SBTi-Zieldaten; kein Nachweis tatsächlicher Emissionsreduktion.
uwpobs-e33e95d84ee13031,uwp100-symrise,Symrise,2025,Planet,Klima/Transformationspfad,sbti_ba15_date,SBTi Business Ambition 1.5C Datum,2020-04-01,Datum,B,sbti-target-dashboard,https://files.sciencebasedtargets.org/production/files/companies-excel.xlsx,Symrise AG,official_xlsx_import:safe_name_match,0.86,SBTi-Zieldaten; kein Nachweis tatsächlicher Emissionsreduktion.
uwpobs-4ac7569fd2c550c5,uwp100-symrise,Symrise,2025,Planet,Klima/Transformationspfad,sbti_ba15_status,SBTi Business Ambition 1.5C Status,BA1.5 member,Status,B,sbti-target-dashboard,https://files.sciencebasedtargets.org/production/files/companies-excel.xlsx,Symrise AG,official_xlsx_import:safe_name_match,0.86,SBTi-Zieldaten; kein Nachweis tatsächlicher Emissionsreduktion.
uwpobs-d0a5ef58f7f6a7e6,uwp100-symrise,Symrise,2025,Planet,Klima/Transformationspfad,sbti_full_target_language,SBTi Zieltext,"Overall net-zero target:
Symrise AG commits to reach net-zero greenhouse gas emissions across the value chain by 2045.
Near-term targets:
Energy & Industry: Symrise AG commits to reduce absolute scope 1 and 2 GHG emissions 90% by 2030 from a 2022 base year.* Symrise AG also commits to continue active annual sourcing of 100% renewable electricity through 2030. Symrise AG finally commits to reduce absolute scope 3 GHG emissions covering purchased goods and services, fuel and energy related activities, upstream transportation and distribution, waste generated in operations, downstream transportation and distribution and processing of sold products 30% by 2030 from a 2022 base year.*
*The target boundary includes land-related emissions and removals from bioenergy feedstocks.
FLAG: Symrise AG commits to reduce absolute scope 3 FLAG GHG emissions 30.3% by 2030 from a 2022 base year.* Symrise AG also commits to no deforestation across its primary deforestation-linked commodities, with a target date of December 31, 2025.
*The target includes FLAG emissions and removals.
Long-term targets:
Energy & Industry: Symrise AG commits to maintain a minimum of 90% absolute scope 1 and 2 GHG emissions reduction from 2030 through 2045 from a 2022 base year.* Symrise AG also commits to reduce absolute scope 3 GHG emissions covering purchased goods and services, fuel and energy related activities, upstream transportation and distribution, waste generated in operations, employee commuting, downstream transportation and distribution and processing of sold products 90% by 2045 from a 2022 base year.*
*The target boundary includes land-related emissions and removals from bioenergy feedstocks.
FLAG: Symrise AG commits to reduce absolute scope 3 FLAG GHG emissions 72% by 2045 from a 2022 base year.*
*The target includes FLAG emissions and removals.",Text,B,sbti-target-dashboard,https://files.sciencebasedtargets.org/production/files/companies-excel.xlsx,Symrise AG,official_xlsx_import:safe_name_match,0.86,SBTi-Zieldaten; kein Nachweis tatsächlicher Emissionsreduktion.
uwpobs-e4cd85d4c7b4e6cd,uwp100-symrise,Symrise,2025,Planet,Klima/Transformationspfad,sbti_near_term_status,SBTi Near-Term Zielstatus,Targets set,Status,A,sbti-target-dashboard,https://files.sciencebasedtargets.org/production/files/companies-excel.xlsx,Symrise AG,official_xlsx_import:safe_name_match,0.86,SBTi-Zieldaten; kein Nachweis tatsächlicher Emissionsreduktion.
uwpobs-605ad6c2190fcdec,uwp100-symrise,Symrise,2025,Planet,Klima/Transformationspfad,sbti_near_term_target_classification,SBTi Near-Term Zielklassifikation,1.5°C,Klassifikation,A,sbti-target-dashboard,https://files.sciencebasedtargets.org/production/files/companies-excel.xlsx,Symrise AG,official_xlsx_import:safe_name_match,0.86,SBTi-Zieldaten; kein Nachweis tatsächlicher Emissionsreduktion.
uwpobs-c9fb404f3c6352d8,uwp100-symrise,Symrise,2025,Planet,Klima/Transformationspfad,sbti_near_term_target_year,SBTi Near-Term Zieljahr,2030,Jahr,A,sbti-target-dashboard,https://files.sciencebasedtargets.org/production/files/companies-excel.xlsx,Symrise AG,official_xlsx_import:safe_name_match,0.86,SBTi-Zieldaten; kein Nachweis tatsächlicher Emissionsreduktion.
uwpobs-611167eee0729388,uwp100-symrise,Symrise,2025,Planet,Klima/Transformationspfad,sbti_target_classification_long,SBTi Zielklassifikation Langtext,The targets covering greenhouse gas emissions from company operations (scopes 1 and 2) are consistent with reductions required to keep warming to 1.5°C,Text,B,sbti-target-dashboard,https://files.sciencebasedtargets.org/production/files/companies-excel.xlsx,Symrise AG,official_xlsx_import:safe_name_match,0.86,SBTi-Zieldaten; kein Nachweis tatsächlicher Emissionsreduktion.
uwpobs-496c6cc6c95b288b,uwp100-symrise,Symrise,2025,Transformation,Net-Zero/Transformation,sbti_long_term_status,SBTi Long-Term Zielstatus,Targets set,Status,A,sbti-target-dashboard,https://files.sciencebasedtargets.org/production/files/companies-excel.xlsx,Symrise AG,official_xlsx_import:safe_name_match,0.86,SBTi-Zieldaten; kein Nachweis tatsächlicher Emissionsreduktion.
uwpobs-62d3b7c390c93273,uwp100-symrise,Symrise,2025,Transformation,Net-Zero/Transformation,sbti_long_term_target_classification,SBTi Long-Term Zielklassifikation,1.5°C,Klassifikation,A,sbti-target-dashboard,https://files.sciencebasedtargets.org/production/files/companies-excel.xlsx,Symrise AG,official_xlsx_import:safe_name_match,0.86,SBTi-Zieldaten; kein Nachweis tatsächlicher Emissionsreduktion.
uwpobs-14584a1f569d353d,uwp100-symrise,Symrise,2025,Transformation,Net-Zero/Transformation,sbti_long_term_target_year,SBTi Long-Term Zieljahr,2045,Jahr,A,sbti-target-dashboard,https://files.sciencebasedtargets.org/production/files/companies-excel.xlsx,Symrise AG,official_xlsx_import:safe_name_match,0.86,SBTi-Zieldaten; kein Nachweis tatsächlicher Emissionsreduktion.
uwpobs-76af941ab3639157,uwp100-symrise,Symrise,2025,Transformation,Net-Zero/Transformation,sbti_net_zero_status,SBTi Net-Zero Status,Targets set,Status,A,sbti-target-dashboard,https://files.sciencebasedtargets.org/production/files/companies-excel.xlsx,Symrise AG,official_xlsx_import:safe_name_match,0.86,SBTi-Zieldaten; kein Nachweis tatsächlicher Emissionsreduktion.
uwpobs-2f1be89785589c0c,uwp100-symrise,Symrise,2025,Transformation,Net-Zero/Transformation,sbti_net_zero_year,SBTi Net-Zero Zieljahr,2045,Jahr,A,sbti-target-dashboard,https://files.sciencebasedtargets.org/production/files/companies-excel.xlsx,Symrise AG,official_xlsx_import:safe_name_match,0.86,SBTi-Zieldaten; kein Nachweis tatsächlicher Emissionsreduktion.
uwpobs-b43aea9a642e9dcd,uwp100-symrise,Symrise,2024,Demokratie,Steuertransparenz,cbcr_tax_transparency,Country-by-Country Reporting / Steuertransparenz,,Status,E,uwp-required-field-gap,,,required_field_gap_rendered,0.0,"UWP-Kernfeld noch nicht maschinell aus einer versionierten Primärquelle belegt; nicht schätzen, nicht mit 0 füllen."
uwpobs-a85074ab7ea855ad,uwp100-symrise,Symrise,2024,Demokratie,Datenschutz,data_privacy_incidents,Datenschutzverstöße / Bußgelder,,Anzahl/Status,E,uwp-required-field-gap,,,required_field_gap_rendered,0.0,"UWP-Kernfeld noch nicht maschinell aus einer versionierten Primärquelle belegt; nicht schätzen, nicht mit 0 füllen."
uwpobs-ddc91621e288d21d,uwp100-symrise,Symrise,2024,Demokratie,Lobbying/Einflussnahme,lobbying_transparency,Lobbying-Transparenz,,Status,E,uwp-required-field-gap,,,required_field_gap_rendered,0.0,"UWP-Kernfeld noch nicht maschinell aus einer versionierten Primärquelle belegt; nicht schätzen, nicht mit 0 füllen."
uwpobs-ab0b2d61f32e201c,uwp100-symrise,Symrise,2024,Demokratie,Compliance/Whistleblowing,whistleblowing_cases,Whistleblowing-Fälle und Abhilfe,,Anzahl/Status,E,uwp-required-field-gap,,,required_field_gap_rendered,0.0,"UWP-Kernfeld noch nicht maschinell aus einer versionierten Primärquelle belegt; nicht schätzen, nicht mit 0 füllen."
uwpobs-58eb009901a5e060,uwp100-symrise,Symrise,2024,Mensch,Arbeitssicherheit,ltifr,Lost Time Injury Frequency Rate,,je Mio. Arbeitsstunden,E,uwp-required-field-gap,,,required_field_gap_rendered,0.0,"UWP-Kernfeld noch nicht maschinell aus einer versionierten Primärquelle belegt; nicht schätzen, nicht mit 0 füllen."
uwpobs-f1ed599854c6abe0,uwp100-symrise,Symrise,2024,Mensch,Diversität/Teilhabe,women_management_share,Frauenanteil Management,,%,E,uwp-required-field-gap,,,required_field_gap_rendered,0.0,"UWP-Kernfeld noch nicht maschinell aus einer versionierten Primärquelle belegt; nicht schätzen, nicht mit 0 füllen."
uwpobs-982e4f0768b5b994,uwp100-symrise,Symrise,2024,Planet,Energie,renewable_electricity_share,Erneuerbarer Strom,,%,E,uwp-required-field-gap,,,required_field_gap_rendered,0.0,"UWP-Kernfeld noch nicht maschinell aus einer versionierten Primärquelle belegt; nicht schätzen, nicht mit 0 füllen."
uwpobs-4fb70a144c619a30,uwp100-symrise,Symrise,2024,Planet,Klima,scope_1_2_ghg_absolute,Scope 1+2 absolut,,t CO2e,E,uwp-required-field-gap,,,required_field_gap_rendered,0.0,"UWP-Kernfeld noch nicht maschinell aus einer versionierten Primärquelle belegt; nicht schätzen, nicht mit 0 füllen."
uwpobs-e082d7694014371b,uwp100-symrise,Symrise,2024,Planet,Lieferkette/Klima,scope_3_ghg_absolute,Scope 3 absolut,,t CO2e,E,uwp-required-field-gap,,,required_field_gap_rendered,0.0,"UWP-Kernfeld noch nicht maschinell aus einer versionierten Primärquelle belegt; nicht schätzen, nicht mit 0 füllen."
uwpobs-5927695dc05ac595,uwp100-symrise,Symrise,2024,Transformation,EU-Taxonomie,taxonomy_aligned_revenue_share,Taxonomie-konformer Umsatzanteil,,%,E,uwp-required-field-gap,,,required_field_gap_rendered,0.0,"UWP-Kernfeld noch nicht maschinell aus einer versionierten Primärquelle belegt; nicht schätzen, nicht mit 0 füllen."
uwpobs-0efa9efb49beb422,uwp100-tag-tegernsee-immobilien-und-beteiligung,TAG Tegernsee Immobilien und Beteiligung,2024,Demokratie,Steuertransparenz,cbcr_tax_transparency,Country-by-Country Reporting / Steuertransparenz,,Status,E,uwp-required-field-gap,,,required_field_gap_rendered,0.0,"UWP-Kernfeld noch nicht maschinell aus einer versionierten Primärquelle belegt; nicht schätzen, nicht mit 0 füllen."
uwpobs-d3b7f87a0ae762e4,uwp100-tag-tegernsee-immobilien-und-beteiligung,TAG Tegernsee Immobilien und Beteiligung,2024,Demokratie,Datenschutz,data_privacy_incidents,Datenschutzverstöße / Bußgelder,,Anzahl/Status,E,uwp-required-field-gap,,,required_field_gap_rendered,0.0,"UWP-Kernfeld noch nicht maschinell aus einer versionierten Primärquelle belegt; nicht schätzen, nicht mit 0 füllen."
uwpobs-9e26140192e23332,uwp100-tag-tegernsee-immobilien-und-beteiligung,TAG Tegernsee Immobilien und Beteiligung,2024,Demokratie,Lobbying/Einflussnahme,lobbying_transparency,Lobbying-Transparenz,,Status,E,uwp-required-field-gap,,,required_field_gap_rendered,0.0,"UWP-Kernfeld noch nicht maschinell aus einer versionierten Primärquelle belegt; nicht schätzen, nicht mit 0 füllen."
uwpobs-cc504092f90410b0,uwp100-tag-tegernsee-immobilien-und-beteiligung,TAG Tegernsee Immobilien und Beteiligung,2024,Demokratie,Compliance/Whistleblowing,whistleblowing_cases,Whistleblowing-Fälle und Abhilfe,,Anzahl/Status,E,uwp-required-field-gap,,,required_field_gap_rendered,0.0,"UWP-Kernfeld noch nicht maschinell aus einer versionierten Primärquelle belegt; nicht schätzen, nicht mit 0 füllen."
uwpobs-12486bdee3276f89,uwp100-tag-tegernsee-immobilien-und-beteiligung,TAG Tegernsee Immobilien und Beteiligung,2024,Mensch,Arbeitssicherheit,ltifr,Lost Time Injury Frequency Rate,,je Mio. Arbeitsstunden,E,uwp-required-field-gap,,,required_field_gap_rendered,0.0,"UWP-Kernfeld noch nicht maschinell aus einer versionierten Primärquelle belegt; nicht schätzen, nicht mit 0 füllen."
uwpobs-7f02ffc87ff03faf,uwp100-tag-tegernsee-immobilien-und-beteiligung,TAG Tegernsee Immobilien und Beteiligung,2024,Mensch,Diversität/Teilhabe,women_management_share,Frauenanteil Management,,%,E,uwp-required-field-gap,,,required_field_gap_rendered,0.0,"UWP-Kernfeld noch nicht maschinell aus einer versionierten Primärquelle belegt; nicht schätzen, nicht mit 0 füllen."
uwpobs-3f0bc2cb07ac666a,uwp100-tag-tegernsee-immobilien-und-beteiligung,TAG Tegernsee Immobilien und Beteiligung,2024,Planet,Energie,renewable_electricity_share,Erneuerbarer Strom,,%,E,uwp-required-field-gap,,,required_field_gap_rendered,0.0,"UWP-Kernfeld noch nicht maschinell aus einer versionierten Primärquelle belegt; nicht schätzen, nicht mit 0 füllen."
uwpobs-4faca1ca7debc999,uwp100-tag-tegernsee-immobilien-und-beteiligung,TAG Tegernsee Immobilien und Beteiligung,2025,Planet,Klima/Transformationspfad,sbti_profile_available,SBTi Zielprofil sicher matchbar,,Status,E,sbti-target-dashboard,https://files.sciencebasedtargets.org/production/files/companies-excel.xlsx,,official_xlsx_import_no_safe_match,0.0,Kein sicherer SBTi-Match für TAG Tegernsee Immobilien und Beteiligung im offiziellen Target Dashboard. Das ist keine negative Klimabewertung.
uwpobs-6cce05035e48c324,uwp100-tag-tegernsee-immobilien-und-beteiligung,TAG Tegernsee Immobilien und Beteiligung,2024,Planet,Klima,scope_1_2_ghg_absolute,Scope 1+2 absolut,,t CO2e,E,uwp-required-field-gap,,,required_field_gap_rendered,0.0,"UWP-Kernfeld noch nicht maschinell aus einer versionierten Primärquelle belegt; nicht schätzen, nicht mit 0 füllen."
uwpobs-7cd545613803dc92,uwp100-tag-tegernsee-immobilien-und-beteiligung,TAG Tegernsee Immobilien und Beteiligung,2024,Planet,Lieferkette/Klima,scope_3_ghg_absolute,Scope 3 absolut,,t CO2e,E,uwp-required-field-gap,,,required_field_gap_rendered,0.0,"UWP-Kernfeld noch nicht maschinell aus einer versionierten Primärquelle belegt; nicht schätzen, nicht mit 0 füllen."
uwpobs-3f055022a8ee0972,uwp100-tag-tegernsee-immobilien-und-beteiligung,TAG Tegernsee Immobilien und Beteiligung,2024,Transformation,EU-Taxonomie,taxonomy_aligned_revenue_share,Taxonomie-konformer Umsatzanteil,,%,E,uwp-required-field-gap,,,required_field_gap_rendered,0.0,"UWP-Kernfeld noch nicht maschinell aus einer versionierten Primärquelle belegt; nicht schätzen, nicht mit 0 füllen."
uwpobs-6b5def134fcd94b0,uwp100-talanx,Talanx,2024,Demokratie,Steuertransparenz,cbcr_tax_transparency,Country-by-Country Reporting / Steuertransparenz,,Status,E,uwp-required-field-gap,,,required_field_gap_rendered,0.0,"UWP-Kernfeld noch nicht maschinell aus einer versionierten Primärquelle belegt; nicht schätzen, nicht mit 0 füllen."
uwpobs-3c4293c3f902a3c0,uwp100-talanx,Talanx,2024,Demokratie,Datenschutz,data_privacy_incidents,Datenschutzverstöße / Bußgelder,,Anzahl/Status,E,uwp-required-field-gap,,,required_field_gap_rendered,0.0,"UWP-Kernfeld noch nicht maschinell aus einer versionierten Primärquelle belegt; nicht schätzen, nicht mit 0 füllen."
uwpobs-a611331e1d45da2c,uwp100-talanx,Talanx,2024,Demokratie,Lobbying/Einflussnahme,lobbying_transparency,Lobbying-Transparenz,,Status,E,uwp-required-field-gap,,,required_field_gap_rendered,0.0,"UWP-Kernfeld noch nicht maschinell aus einer versionierten Primärquelle belegt; nicht schätzen, nicht mit 0 füllen."
uwpobs-a9c383d610303097,uwp100-talanx,Talanx,2024,Demokratie,Compliance/Whistleblowing,whistleblowing_cases,Whistleblowing-Fälle und Abhilfe,,Anzahl/Status,E,uwp-required-field-gap,,,required_field_gap_rendered,0.0,"UWP-Kernfeld noch nicht maschinell aus einer versionierten Primärquelle belegt; nicht schätzen, nicht mit 0 füllen."
uwpobs-f622f84d582adf64,uwp100-talanx,Talanx,2024,Mensch,Arbeitssicherheit,ltifr,Lost Time Injury Frequency Rate,,je Mio. Arbeitsstunden,E,uwp-required-field-gap,,,required_field_gap_rendered,0.0,"UWP-Kernfeld noch nicht maschinell aus einer versionierten Primärquelle belegt; nicht schätzen, nicht mit 0 füllen."
uwpobs-ebbb7e2b12fdf679,uwp100-talanx,Talanx,2024,Mensch,Diversität/Teilhabe,women_management_share,Frauenanteil Management,,%,E,uwp-required-field-gap,,,required_field_gap_rendered,0.0,"UWP-Kernfeld noch nicht maschinell aus einer versionierten Primärquelle belegt; nicht schätzen, nicht mit 0 füllen."
uwpobs-88672a6cf94ca8cf,uwp100-talanx,Talanx,2024,Planet,Energie,renewable_electricity_share,Erneuerbarer Strom,,%,E,uwp-required-field-gap,,,required_field_gap_rendered,0.0,"UWP-Kernfeld noch nicht maschinell aus einer versionierten Primärquelle belegt; nicht schätzen, nicht mit 0 füllen."
uwpobs-a2cc7d3bac4bfe6f,uwp100-talanx,Talanx,2025,Planet,Klima/Transformationspfad,sbti_profile_available,SBTi Zielprofil sicher matchbar,,Status,E,sbti-target-dashboard,https://files.sciencebasedtargets.org/production/files/companies-excel.xlsx,,official_xlsx_import_no_safe_match,0.0,Kein sicherer SBTi-Match für Talanx im offiziellen Target Dashboard. Das ist keine negative Klimabewertung.
uwpobs-b7a823c579f2b82f,uwp100-talanx,Talanx,2024,Planet,Klima,scope_1_2_ghg_absolute,Scope 1+2 absolut,,t CO2e,E,uwp-required-field-gap,,,required_field_gap_rendered,0.0,"UWP-Kernfeld noch nicht maschinell aus einer versionierten Primärquelle belegt; nicht schätzen, nicht mit 0 füllen."
uwpobs-c2ae52d7b16effd6,uwp100-talanx,Talanx,2024,Planet,Lieferkette/Klima,scope_3_ghg_absolute,Scope 3 absolut,,t CO2e,E,uwp-required-field-gap,,,required_field_gap_rendered,0.0,"UWP-Kernfeld noch nicht maschinell aus einer versionierten Primärquelle belegt; nicht schätzen, nicht mit 0 füllen."
uwpobs-22b4e4ea86519bfe,uwp100-talanx,Talanx,2024,Transformation,EU-Taxonomie,taxonomy_aligned_revenue_share,Taxonomie-konformer Umsatzanteil,,%,E,uwp-required-field-gap,,,required_field_gap_rendered,0.0,"UWP-Kernfeld noch nicht maschinell aus einer versionierten Primärquelle belegt; nicht schätzen, nicht mit 0 füllen."
uwpobs-cef74e3b2ec43268,uwp100-teamviewer,TeamViewer,2023,Datenqualität,Quellenstand,sbti_date_updated,SBTi Datenstand,2023-08-17,Datum,A,sbti-target-dashboard,https://files.sciencebasedtargets.org/production/files/companies-excel.xlsx,TeamViewer SE,official_xlsx_import:safe_name_match,0.86,SBTi-Zieldaten; kein Nachweis tatsächlicher Emissionsreduktion.
uwpobs-9a45c66e32cca93f,uwp100-teamviewer,TeamViewer,2023,Planet,Klima/Transformationspfad,sbti_ba15_date,SBTi Business Ambition 1.5C Datum,2022-01-24,Datum,B,sbti-target-dashboard,https://files.sciencebasedtargets.org/production/files/companies-excel.xlsx,TeamViewer SE,official_xlsx_import:safe_name_match,0.86,SBTi-Zieldaten; kein Nachweis tatsächlicher Emissionsreduktion.
uwpobs-c7f787c5823003e0,uwp100-teamviewer,TeamViewer,2023,Planet,Klima/Transformationspfad,sbti_ba15_status,SBTi Business Ambition 1.5C Status,BA1.5 member,Status,B,sbti-target-dashboard,https://files.sciencebasedtargets.org/production/files/companies-excel.xlsx,TeamViewer SE,official_xlsx_import:safe_name_match,0.86,SBTi-Zieldaten; kein Nachweis tatsächlicher Emissionsreduktion.
uwpobs-3af80ba0b13317fe,uwp100-teamviewer,TeamViewer,2023,Planet,Klima/Transformationspfad,sbti_full_target_language,SBTi Zieltext,"Overall Net-Zero Target TeamViewer commits to reach net-zero GHG emissions across the value chain by 2040. Near-Term Targets TeamViewer commits to reduce absolute scope 1 and 2 GHG emissions 50% by 2030 from a 2021 base year. TeamViewer also commits to reduce absolute scope 3 GHG emissions from purchased goods and services and capital goods 37.8% within the same timeframe. Long-Term Targets TeamViewer commits to reduce absolute scope 1, 2 and 3 GHG emissions 90% by 2040 from a 2021 base year.",Text,B,sbti-target-dashboard,https://files.sciencebasedtargets.org/production/files/companies-excel.xlsx,TeamViewer SE,official_xlsx_import:safe_name_match,0.86,SBTi-Zieldaten; kein Nachweis tatsächlicher Emissionsreduktion.
uwpobs-8717b1bf59736022,uwp100-teamviewer,TeamViewer,2023,Planet,Klima/Transformationspfad,sbti_near_term_status,SBTi Near-Term Zielstatus,Targets set,Status,A,sbti-target-dashboard,https://files.sciencebasedtargets.org/production/files/companies-excel.xlsx,TeamViewer SE,official_xlsx_import:safe_name_match,0.86,SBTi-Zieldaten; kein Nachweis tatsächlicher Emissionsreduktion.
uwpobs-7ba20f0adc2d113d,uwp100-teamviewer,TeamViewer,2023,Planet,Klima/Transformationspfad,sbti_near_term_target_classification,SBTi Near-Term Zielklassifikation,1.5°C,Klassifikation,A,sbti-target-dashboard,https://files.sciencebasedtargets.org/production/files/companies-excel.xlsx,TeamViewer SE,official_xlsx_import:safe_name_match,0.86,SBTi-Zieldaten; kein Nachweis tatsächlicher Emissionsreduktion.
uwpobs-d0e134194a3171e2,uwp100-teamviewer,TeamViewer,2023,Planet,Klima/Transformationspfad,sbti_near_term_target_year,SBTi Near-Term Zieljahr,2030,Jahr,A,sbti-target-dashboard,https://files.sciencebasedtargets.org/production/files/companies-excel.xlsx,TeamViewer SE,official_xlsx_import:safe_name_match,0.86,SBTi-Zieldaten; kein Nachweis tatsächlicher Emissionsreduktion.
uwpobs-65a719354dccd8af,uwp100-teamviewer,TeamViewer,2023,Planet,Klima/Transformationspfad,sbti_target_classification_long,SBTi Zielklassifikation Langtext,The targets covering greenhouse gas emissions from company operations (scopes 1 and 2) are consistent with reductions required to keep warming to 1.5°C,Text,B,sbti-target-dashboard,https://files.sciencebasedtargets.org/production/files/companies-excel.xlsx,TeamViewer SE,official_xlsx_import:safe_name_match,0.86,SBTi-Zieldaten; kein Nachweis tatsächlicher Emissionsreduktion.
uwpobs-ab67f143d81e3daa,uwp100-teamviewer,TeamViewer,2023,Transformation,Net-Zero/Transformation,sbti_long_term_status,SBTi Long-Term Zielstatus,Targets set,Status,A,sbti-target-dashboard,https://files.sciencebasedtargets.org/production/files/companies-excel.xlsx,TeamViewer SE,official_xlsx_import:safe_name_match,0.86,SBTi-Zieldaten; kein Nachweis tatsächlicher Emissionsreduktion.
uwpobs-7ef263d9afbee5eb,uwp100-teamviewer,TeamViewer,2023,Transformation,Net-Zero/Transformation,sbti_long_term_target_classification,SBTi Long-Term Zielklassifikation,1.5°C,Klassifikation,A,sbti-target-dashboard,https://files.sciencebasedtargets.org/production/files/companies-excel.xlsx,TeamViewer SE,official_xlsx_import:safe_name_match,0.86,SBTi-Zieldaten; kein Nachweis tatsächlicher Emissionsreduktion.
uwpobs-3f5cd6805407eee3,uwp100-teamviewer,TeamViewer,2023,Transformation,Net-Zero/Transformation,sbti_long_term_target_year,SBTi Long-Term Zieljahr,2040,Jahr,A,sbti-target-dashboard,https://files.sciencebasedtargets.org/production/files/companies-excel.xlsx,TeamViewer SE,official_xlsx_import:safe_name_match,0.86,SBTi-Zieldaten; kein Nachweis tatsächlicher Emissionsreduktion.
uwpobs-87cba740f5671c11,uwp100-teamviewer,TeamViewer,2023,Transformation,Net-Zero/Transformation,sbti_net_zero_status,SBTi Net-Zero Status,Targets set,Status,A,sbti-target-dashboard,https://files.sciencebasedtargets.org/production/files/companies-excel.xlsx,TeamViewer SE,official_xlsx_import:safe_name_match,0.86,SBTi-Zieldaten; kein Nachweis tatsächlicher Emissionsreduktion.
uwpobs-6949ce2d06c05d12,uwp100-teamviewer,TeamViewer,2023,Transformation,Net-Zero/Transformation,sbti_net_zero_year,SBTi Net-Zero Zieljahr,2040,Jahr,A,sbti-target-dashboard,https://files.sciencebasedtargets.org/production/files/companies-excel.xlsx,TeamViewer SE,official_xlsx_import:safe_name_match,0.86,SBTi-Zieldaten; kein Nachweis tatsächlicher Emissionsreduktion.
uwpobs-e134030ab00a2c9e,uwp100-teamviewer,TeamViewer,2024,Demokratie,Steuertransparenz,cbcr_tax_transparency,Country-by-Country Reporting / Steuertransparenz,,Status,E,uwp-required-field-gap,,,required_field_gap_rendered,0.0,"UWP-Kernfeld noch nicht maschinell aus einer versionierten Primärquelle belegt; nicht schätzen, nicht mit 0 füllen."
uwpobs-015b65a4d4ced950,uwp100-teamviewer,TeamViewer,2024,Demokratie,Datenschutz,data_privacy_incidents,Datenschutzverstöße / Bußgelder,,Anzahl/Status,E,uwp-required-field-gap,,,required_field_gap_rendered,0.0,"UWP-Kernfeld noch nicht maschinell aus einer versionierten Primärquelle belegt; nicht schätzen, nicht mit 0 füllen."
uwpobs-9390158617a9e047,uwp100-teamviewer,TeamViewer,2024,Demokratie,Lobbying/Einflussnahme,lobbying_transparency,Lobbying-Transparenz,,Status,E,uwp-required-field-gap,,,required_field_gap_rendered,0.0,"UWP-Kernfeld noch nicht maschinell aus einer versionierten Primärquelle belegt; nicht schätzen, nicht mit 0 füllen."
uwpobs-1a4cac1ad9e9c9bd,uwp100-teamviewer,TeamViewer,2024,Demokratie,Compliance/Whistleblowing,whistleblowing_cases,Whistleblowing-Fälle und Abhilfe,,Anzahl/Status,E,uwp-required-field-gap,,,required_field_gap_rendered,0.0,"UWP-Kernfeld noch nicht maschinell aus einer versionierten Primärquelle belegt; nicht schätzen, nicht mit 0 füllen."
uwpobs-1a3cd11c12dd222a,uwp100-teamviewer,TeamViewer,2024,Mensch,Arbeitssicherheit,ltifr,Lost Time Injury Frequency Rate,,je Mio. Arbeitsstunden,E,uwp-required-field-gap,,,required_field_gap_rendered,0.0,"UWP-Kernfeld noch nicht maschinell aus einer versionierten Primärquelle belegt; nicht schätzen, nicht mit 0 füllen."
uwpobs-6a91969b9bba27da,uwp100-teamviewer,TeamViewer,2024,Mensch,Diversität/Teilhabe,women_management_share,Frauenanteil Management,,%,E,uwp-required-field-gap,,,required_field_gap_rendered,0.0,"UWP-Kernfeld noch nicht maschinell aus einer versionierten Primärquelle belegt; nicht schätzen, nicht mit 0 füllen."
uwpobs-6d505c45b06e81e0,uwp100-teamviewer,TeamViewer,2024,Planet,Energie,renewable_electricity_share,Erneuerbarer Strom,,%,E,uwp-required-field-gap,,,required_field_gap_rendered,0.0,"UWP-Kernfeld noch nicht maschinell aus einer versionierten Primärquelle belegt; nicht schätzen, nicht mit 0 füllen."
uwpobs-b638b3189833abc8,uwp100-teamviewer,TeamViewer,2024,Planet,Klima,scope_1_2_ghg_absolute,Scope 1+2 absolut,,t CO2e,E,uwp-required-field-gap,,,required_field_gap_rendered,0.0,"UWP-Kernfeld noch nicht maschinell aus einer versionierten Primärquelle belegt; nicht schätzen, nicht mit 0 füllen."
uwpobs-b4ef86c4f9b12ea4,uwp100-teamviewer,TeamViewer,2024,Planet,Lieferkette/Klima,scope_3_ghg_absolute,Scope 3 absolut,,t CO2e,E,uwp-required-field-gap,,,required_field_gap_rendered,0.0,"UWP-Kernfeld noch nicht maschinell aus einer versionierten Primärquelle belegt; nicht schätzen, nicht mit 0 füllen."
uwpobs-3f93304cea4f2ef2,uwp100-teamviewer,TeamViewer,2024,Transformation,EU-Taxonomie,taxonomy_aligned_revenue_share,Taxonomie-konformer Umsatzanteil,,%,E,uwp-required-field-gap,,,required_field_gap_rendered,0.0,"UWP-Kernfeld noch nicht maschinell aus einer versionierten Primärquelle belegt; nicht schätzen, nicht mit 0 füllen."
uwpobs-3e12d477b06fe2ba,uwp100-thyssenkrupp,ThyssenKrupp,2025,Datenqualität,Quellenstand,sbti_date_updated,SBTi Datenstand,2025-07-03,Datum,A,sbti-target-dashboard,https://files.sciencebasedtargets.org/production/files/companies-excel.xlsx,thyssenkrupp AG,official_xlsx_import:safe_name_match,0.86,SBTi-Zieldaten; kein Nachweis tatsächlicher Emissionsreduktion.
uwpobs-1603335f37588a47,uwp100-thyssenkrupp,ThyssenKrupp,2025,Planet,Klima/Transformationspfad,sbti_full_target_language,SBTi Zieltext,"Overall Net-Zero Target: thyssenkrupp AG commits to reach net-zero greenhouse gas emissions across the value chain by FY2050. Near-Term Targets: thyssenkrupp AG commits to reduce scope 1, 2 and 3 GHG emissions covered by the iron & steel core boundary 30.1% per tonne of hot rolled steel by 2030 from a 2018 base year. As this target calculation depends on the scrap ratio projection, thyssenkrupp AG will publish the scrap ratio associated with this target annually starting from the base year. thyssenkrupp AG also commits to reduce all other absolute scope 1 and 2 GHG emissions 50.4% within the same timeframe. thyssenkrupp AG further commits to reduce absolute scope 3 GHG emissions from use of sold products covering sold fossil fuels 50.4% within the same timeframe. thyssenkrupp AG finally commits to reduce all other absolute scope 3 GHG emissions 30% within the same timeframe.    Long-Term Targets: thyssenkrupp AG commits to reduce absolute scope 1 and 2 GHG emissions 90% by 2050 from a 2018 base year. thyssenkrupp AG also commits to reduce absolute scope 3 emissions from use of sold products covering sold fossil fuels 90% within the same timeframe. thyssenkrupp AG further commits to reduce all other absolute scope 3 GHG emissions 90% within the same timeframe.",Text,B,sbti-target-dashboard,https://files.sciencebasedtargets.org/production/files/companies-excel.xlsx,thyssenkrupp AG,official_xlsx_import:safe_name_match,0.86,SBTi-Zieldaten; kein Nachweis tatsächlicher Emissionsreduktion.
uwpobs-0dfd41115bda4235,uwp100-thyssenkrupp,ThyssenKrupp,2025,Planet,Klima/Transformationspfad,sbti_near_term_status,SBTi Near-Term Zielstatus,Targets set,Status,A,sbti-target-dashboard,https://files.sciencebasedtargets.org/production/files/companies-excel.xlsx,thyssenkrupp AG,official_xlsx_import:safe_name_match,0.86,SBTi-Zieldaten; kein Nachweis tatsächlicher Emissionsreduktion.
uwpobs-fe9bf3263c85756b,uwp100-thyssenkrupp,ThyssenKrupp,2025,Planet,Klima/Transformationspfad,sbti_near_term_target_classification,SBTi Near-Term Zielklassifikation,1.5°C,Klassifikation,A,sbti-target-dashboard,https://files.sciencebasedtargets.org/production/files/companies-excel.xlsx,thyssenkrupp AG,official_xlsx_import:safe_name_match,0.86,SBTi-Zieldaten; kein Nachweis tatsächlicher Emissionsreduktion.
uwpobs-af9457638cbca411,uwp100-thyssenkrupp,ThyssenKrupp,2025,Planet,Klima/Transformationspfad,sbti_near_term_target_year,SBTi Near-Term Zieljahr,FY2030,Jahr,A,sbti-target-dashboard,https://files.sciencebasedtargets.org/production/files/companies-excel.xlsx,thyssenkrupp AG,official_xlsx_import:safe_name_match,0.86,SBTi-Zieldaten; kein Nachweis tatsächlicher Emissionsreduktion.
uwpobs-f33d944b5b3fbb0d,uwp100-thyssenkrupp,ThyssenKrupp,2025,Planet,Klima/Transformationspfad,sbti_target_classification_long,SBTi Zielklassifikation Langtext,The targets covering greenhouse gas emissions from company operations (scopes 1 and 2) are consistent with reductions required to keep warming to 1.5°C,Text,B,sbti-target-dashboard,https://files.sciencebasedtargets.org/production/files/companies-excel.xlsx,thyssenkrupp AG,official_xlsx_import:safe_name_match,0.86,SBTi-Zieldaten; kein Nachweis tatsächlicher Emissionsreduktion.
uwpobs-b804f031a789ed77,uwp100-thyssenkrupp,ThyssenKrupp,2018,Planet,Energie,wikirate_gri_energy_consumption,GRI 302-1 Total energy consumption,266760000,Gigajoules,C,wikirate-open-esg,https://wikirate.org/~5372368,https://wikirate.org/~5372329,wikirate_bulk_csv_export,0.62,WikiRate Community-/Sekundärdaten; Antwortseite und Primärquelle prüfen.
uwpobs-e09fdfb3a11b3254,uwp100-thyssenkrupp,ThyssenKrupp,2022,Planet,Klima/Emissionen,wikirate_gri_scope1_ghg,GRI 305-1 Scope 1 GHG emissions,21400000,tonnes CO2 equivalent,C,wikirate-open-esg,https://wikirate.org/~15355509,https://wikirate.org/~15355503,wikirate_bulk_csv_export,0.62,WikiRate Community-/Sekundärdaten; Antwortseite und Primärquelle prüfen.
uwpobs-78c309a766657aa3,uwp100-thyssenkrupp,ThyssenKrupp,2021,Planet,Klima/Emissionen,wikirate_gri_scope1_ghg,GRI 305-1 Scope 1 GHG emissions,23200000,tonnes CO2 equivalent,C,wikirate-open-esg,https://wikirate.org/~12653613,https://wikirate.org/~12653607,wikirate_bulk_csv_export,0.62,WikiRate Community-/Sekundärdaten; Antwortseite und Primärquelle prüfen.
uwpobs-9aeee0c05506985f,uwp100-thyssenkrupp,ThyssenKrupp,2020,Planet,Klima/Emissionen,wikirate_gri_scope1_ghg,GRI 305-1 Scope 1 GHG emissions,21300000,tonnes CO2 equivalent,C,wikirate-open-esg,https://wikirate.org/~12653617,https://wikirate.org/~12653607,wikirate_bulk_csv_export,0.62,WikiRate Community-/Sekundärdaten; Antwortseite und Primärquelle prüfen.
uwpobs-5fb4903f66ddd487,uwp100-thyssenkrupp,ThyssenKrupp,2019,Planet,Klima/Emissionen,wikirate_gri_scope1_ghg,GRI 305-1 Scope 1 GHG emissions,23600000,tonnes CO2 equivalent,C,wikirate-open-esg,https://wikirate.org/~12653621,https://wikirate.org/~12653607,wikirate_bulk_csv_export,0.62,WikiRate Community-/Sekundärdaten; Antwortseite und Primärquelle prüfen.
uwpobs-a6b04262b20d28de,uwp100-thyssenkrupp,ThyssenKrupp,2022,Planet,Klima/Emissionen,wikirate_gri_scope2_ghg,GRI 305-2 Scope 2 GHG emissions,800000,tonnes CO2 equivalent,C,wikirate-open-esg,https://wikirate.org/~15355513,https://wikirate.org/~15355503,wikirate_bulk_csv_export,0.62,WikiRate Community-/Sekundärdaten; Antwortseite und Primärquelle prüfen.
uwpobs-0a57aa03eedc2c03,uwp100-thyssenkrupp,ThyssenKrupp,2021,Planet,Klima/Emissionen,wikirate_gri_scope2_ghg,GRI 305-2 Scope 2 GHG emissions,1300000,tonnes CO2 equivalent,C,wikirate-open-esg,https://wikirate.org/~12653641,https://wikirate.org/~12653607,wikirate_bulk_csv_export,0.62,WikiRate Community-/Sekundärdaten; Antwortseite und Primärquelle prüfen.
uwpobs-c7d75b3469cae071,uwp100-thyssenkrupp,ThyssenKrupp,2020,Planet,Klima/Emissionen,wikirate_gri_scope2_ghg,GRI 305-2 Scope 2 GHG emissions,1400000,tonnes CO2 equivalent,C,wikirate-open-esg,https://wikirate.org/~12653637,https://wikirate.org/~12653607,wikirate_bulk_csv_export,0.62,WikiRate Community-/Sekundärdaten; Antwortseite und Primärquelle prüfen.
uwpobs-113b41c21bdfe646,uwp100-thyssenkrupp,ThyssenKrupp,2019,Planet,Klima/Emissionen,wikirate_gri_scope2_ghg,GRI 305-2 Scope 2 GHG emissions,1300000,tonnes CO2 equivalent,C,wikirate-open-esg,https://wikirate.org/~12653625,https://wikirate.org/~12653607,wikirate_bulk_csv_export,0.62,WikiRate Community-/Sekundärdaten; Antwortseite und Primärquelle prüfen.
uwpobs-386fe3991178698d,uwp100-thyssenkrupp,ThyssenKrupp,2022,Planet,Lieferkette/Klima,wikirate_gri_scope3_ghg,GRI 305-3 Scope 3 GHG emissions,3600000,tonnes CO2 equivalent,C,wikirate-open-esg,https://wikirate.org/~15355517,https://wikirate.org/~15355503,wikirate_bulk_csv_export,0.62,WikiRate Community-/Sekundärdaten; Antwortseite und Primärquelle prüfen.
uwpobs-3772ace595ecb7e9,uwp100-thyssenkrupp,ThyssenKrupp,2021,Planet,Lieferkette/Klima,wikirate_gri_scope3_ghg,GRI 305-3 Scope 3 GHG emissions,4000000,tonnes CO2 equivalent,C,wikirate-open-esg,https://wikirate.org/~12653645,https://wikirate.org/~12653607,wikirate_bulk_csv_export,0.62,WikiRate Community-/Sekundärdaten; Antwortseite und Primärquelle prüfen.
uwpobs-c8c6d501a254ca38,uwp100-thyssenkrupp,ThyssenKrupp,2020,Planet,Lieferkette/Klima,wikirate_gri_scope3_ghg,GRI 305-3 Scope 3 GHG emissions,3800000,tonnes CO2 equivalent,C,wikirate-open-esg,https://wikirate.org/~12653633,https://wikirate.org/~12653607,wikirate_bulk_csv_export,0.62,WikiRate Community-/Sekundärdaten; Antwortseite und Primärquelle prüfen.
uwpobs-03574ecbc5184ba0,uwp100-thyssenkrupp,ThyssenKrupp,2019,Planet,Lieferkette/Klima,wikirate_gri_scope3_ghg,GRI 305-3 Scope 3 GHG emissions,4100000,tonnes CO2 equivalent,C,wikirate-open-esg,https://wikirate.org/~12653629,https://wikirate.org/~12653607,wikirate_bulk_csv_export,0.62,WikiRate Community-/Sekundärdaten; Antwortseite und Primärquelle prüfen.
uwpobs-626e9518bfb08d34,uwp100-thyssenkrupp,ThyssenKrupp,2025,Transformation,Net-Zero/Transformation,sbti_long_term_status,SBTi Long-Term Zielstatus,Targets set,Status,A,sbti-target-dashboard,https://files.sciencebasedtargets.org/production/files/companies-excel.xlsx,thyssenkrupp AG,official_xlsx_import:safe_name_match,0.86,SBTi-Zieldaten; kein Nachweis tatsächlicher Emissionsreduktion.
uwpobs-0f82d555739aa487,uwp100-thyssenkrupp,ThyssenKrupp,2025,Transformation,Net-Zero/Transformation,sbti_long_term_target_classification,SBTi Long-Term Zielklassifikation,1.5°C,Klassifikation,A,sbti-target-dashboard,https://files.sciencebasedtargets.org/production/files/companies-excel.xlsx,thyssenkrupp AG,official_xlsx_import:safe_name_match,0.86,SBTi-Zieldaten; kein Nachweis tatsächlicher Emissionsreduktion.
uwpobs-733479fe3d421e0e,uwp100-thyssenkrupp,ThyssenKrupp,2025,Transformation,Net-Zero/Transformation,sbti_long_term_target_year,SBTi Long-Term Zieljahr,FY2050,Jahr,A,sbti-target-dashboard,https://files.sciencebasedtargets.org/production/files/companies-excel.xlsx,thyssenkrupp AG,official_xlsx_import:safe_name_match,0.86,SBTi-Zieldaten; kein Nachweis tatsächlicher Emissionsreduktion.
uwpobs-64ace5eb7bb1e999,uwp100-thyssenkrupp,ThyssenKrupp,2025,Transformation,Net-Zero/Transformation,sbti_net_zero_status,SBTi Net-Zero Status,Targets set,Status,A,sbti-target-dashboard,https://files.sciencebasedtargets.org/production/files/companies-excel.xlsx,thyssenkrupp AG,official_xlsx_import:safe_name_match,0.86,SBTi-Zieldaten; kein Nachweis tatsächlicher Emissionsreduktion.
uwpobs-62ae461ff2416d5c,uwp100-thyssenkrupp,ThyssenKrupp,2025,Transformation,Net-Zero/Transformation,sbti_net_zero_year,SBTi Net-Zero Zieljahr,FY2050,Jahr,A,sbti-target-dashboard,https://files.sciencebasedtargets.org/production/files/companies-excel.xlsx,thyssenkrupp AG,official_xlsx_import:safe_name_match,0.86,SBTi-Zieldaten; kein Nachweis tatsächlicher Emissionsreduktion.
uwpobs-c48c23109cbb7144,uwp100-thyssenkrupp,ThyssenKrupp,2024,Demokratie,Steuertransparenz,cbcr_tax_transparency,Country-by-Country Reporting / Steuertransparenz,,Status,E,uwp-required-field-gap,,,required_field_gap_rendered,0.0,"UWP-Kernfeld noch nicht maschinell aus einer versionierten Primärquelle belegt; nicht schätzen, nicht mit 0 füllen."
uwpobs-1defd588818c7b47,uwp100-thyssenkrupp,ThyssenKrupp,2024,Demokratie,Datenschutz,data_privacy_incidents,Datenschutzverstöße / Bußgelder,,Anzahl/Status,E,uwp-required-field-gap,,,required_field_gap_rendered,0.0,"UWP-Kernfeld noch nicht maschinell aus einer versionierten Primärquelle belegt; nicht schätzen, nicht mit 0 füllen."
uwpobs-c99eab42b847ac2c,uwp100-thyssenkrupp,ThyssenKrupp,2024,Demokratie,Lobbying/Einflussnahme,lobbying_transparency,Lobbying-Transparenz,,Status,E,uwp-required-field-gap,,,required_field_gap_rendered,0.0,"UWP-Kernfeld noch nicht maschinell aus einer versionierten Primärquelle belegt; nicht schätzen, nicht mit 0 füllen."
uwpobs-9091123ad905ac03,uwp100-thyssenkrupp,ThyssenKrupp,2024,Demokratie,Compliance/Whistleblowing,whistleblowing_cases,Whistleblowing-Fälle und Abhilfe,,Anzahl/Status,E,uwp-required-field-gap,,,required_field_gap_rendered,0.0,"UWP-Kernfeld noch nicht maschinell aus einer versionierten Primärquelle belegt; nicht schätzen, nicht mit 0 füllen."
uwpobs-0183058a9b0bccf8,uwp100-thyssenkrupp,ThyssenKrupp,2024,Mensch,Arbeitssicherheit,ltifr,Lost Time Injury Frequency Rate,,je Mio. Arbeitsstunden,E,uwp-required-field-gap,,,required_field_gap_rendered,0.0,"UWP-Kernfeld noch nicht maschinell aus einer versionierten Primärquelle belegt; nicht schätzen, nicht mit 0 füllen."
uwpobs-4fe3c09cb6c27e30,uwp100-thyssenkrupp,ThyssenKrupp,2024,Mensch,Diversität/Teilhabe,women_management_share,Frauenanteil Management,,%,E,uwp-required-field-gap,,,required_field_gap_rendered,0.0,"UWP-Kernfeld noch nicht maschinell aus einer versionierten Primärquelle belegt; nicht schätzen, nicht mit 0 füllen."
uwpobs-5e521660fe1fa08e,uwp100-thyssenkrupp,ThyssenKrupp,2024,Planet,Energie,renewable_electricity_share,Erneuerbarer Strom,,%,E,uwp-required-field-gap,,,required_field_gap_rendered,0.0,"UWP-Kernfeld noch nicht maschinell aus einer versionierten Primärquelle belegt; nicht schätzen, nicht mit 0 füllen."
uwpobs-1f181261d280933a,uwp100-thyssenkrupp,ThyssenKrupp,2024,Planet,Klima,scope_1_2_ghg_absolute,Scope 1+2 absolut,,t CO2e,E,uwp-required-field-gap,,,required_field_gap_rendered,0.0,"UWP-Kernfeld noch nicht maschinell aus einer versionierten Primärquelle belegt; nicht schätzen, nicht mit 0 füllen."
uwpobs-01eb14819b042aac,uwp100-thyssenkrupp,ThyssenKrupp,2024,Transformation,EU-Taxonomie,taxonomy_aligned_revenue_share,Taxonomie-konformer Umsatzanteil,,%,E,uwp-required-field-gap,,,required_field_gap_rendered,0.0,"UWP-Kernfeld noch nicht maschinell aus einer versionierten Primärquelle belegt; nicht schätzen, nicht mit 0 füllen."
uwpobs-c7c782f6cc95f3a8,uwp100-traton,Traton,2024,Demokratie,Steuertransparenz,cbcr_tax_transparency,Country-by-Country Reporting / Steuertransparenz,,Status,E,uwp-required-field-gap,,,required_field_gap_rendered,0.0,"UWP-Kernfeld noch nicht maschinell aus einer versionierten Primärquelle belegt; nicht schätzen, nicht mit 0 füllen."
uwpobs-d49fdfae4930245a,uwp100-traton,Traton,2024,Demokratie,Datenschutz,data_privacy_incidents,Datenschutzverstöße / Bußgelder,,Anzahl/Status,E,uwp-required-field-gap,,,required_field_gap_rendered,0.0,"UWP-Kernfeld noch nicht maschinell aus einer versionierten Primärquelle belegt; nicht schätzen, nicht mit 0 füllen."
uwpobs-24877c06cbba12a6,uwp100-traton,Traton,2024,Demokratie,Lobbying/Einflussnahme,lobbying_transparency,Lobbying-Transparenz,,Status,E,uwp-required-field-gap,,,required_field_gap_rendered,0.0,"UWP-Kernfeld noch nicht maschinell aus einer versionierten Primärquelle belegt; nicht schätzen, nicht mit 0 füllen."
uwpobs-ba5e912f507630ac,uwp100-traton,Traton,2024,Demokratie,Compliance/Whistleblowing,whistleblowing_cases,Whistleblowing-Fälle und Abhilfe,,Anzahl/Status,E,uwp-required-field-gap,,,required_field_gap_rendered,0.0,"UWP-Kernfeld noch nicht maschinell aus einer versionierten Primärquelle belegt; nicht schätzen, nicht mit 0 füllen."
uwpobs-495800467dbee5d2,uwp100-traton,Traton,2024,Mensch,Arbeitssicherheit,ltifr,Lost Time Injury Frequency Rate,,je Mio. Arbeitsstunden,E,uwp-required-field-gap,,,required_field_gap_rendered,0.0,"UWP-Kernfeld noch nicht maschinell aus einer versionierten Primärquelle belegt; nicht schätzen, nicht mit 0 füllen."
uwpobs-c932b4699b0c27f9,uwp100-traton,Traton,2024,Mensch,Diversität/Teilhabe,women_management_share,Frauenanteil Management,,%,E,uwp-required-field-gap,,,required_field_gap_rendered,0.0,"UWP-Kernfeld noch nicht maschinell aus einer versionierten Primärquelle belegt; nicht schätzen, nicht mit 0 füllen."
uwpobs-14d9e6b2e85cc736,uwp100-traton,Traton,2024,Planet,Energie,renewable_electricity_share,Erneuerbarer Strom,,%,E,uwp-required-field-gap,,,required_field_gap_rendered,0.0,"UWP-Kernfeld noch nicht maschinell aus einer versionierten Primärquelle belegt; nicht schätzen, nicht mit 0 füllen."
uwpobs-97c0c88a5191ad85,uwp100-traton,Traton,2025,Planet,Klima/Transformationspfad,sbti_profile_available,SBTi Zielprofil sicher matchbar,,Status,E,sbti-target-dashboard,https://files.sciencebasedtargets.org/production/files/companies-excel.xlsx,,official_xlsx_import_no_safe_match,0.0,Kein sicherer SBTi-Match für Traton im offiziellen Target Dashboard. Das ist keine negative Klimabewertung.
uwpobs-19d54226d4874608,uwp100-traton,Traton,2024,Planet,Klima,scope_1_2_ghg_absolute,Scope 1+2 absolut,,t CO2e,E,uwp-required-field-gap,,,required_field_gap_rendered,0.0,"UWP-Kernfeld noch nicht maschinell aus einer versionierten Primärquelle belegt; nicht schätzen, nicht mit 0 füllen."
uwpobs-f1bd2e60fb639806,uwp100-traton,Traton,2024,Planet,Lieferkette/Klima,scope_3_ghg_absolute,Scope 3 absolut,,t CO2e,E,uwp-required-field-gap,,,required_field_gap_rendered,0.0,"UWP-Kernfeld noch nicht maschinell aus einer versionierten Primärquelle belegt; nicht schätzen, nicht mit 0 füllen."
uwpobs-97c2f5283647c466,uwp100-traton,Traton,2024,Transformation,EU-Taxonomie,taxonomy_aligned_revenue_share,Taxonomie-konformer Umsatzanteil,,%,E,uwp-required-field-gap,,,required_field_gap_rendered,0.0,"UWP-Kernfeld noch nicht maschinell aus einer versionierten Primärquelle belegt; nicht schätzen, nicht mit 0 füllen."
uwpobs-5b0673dd6e5e01dc,uwp100-tui,TUI,2023,Datenqualität,Quellenstand,sbti_date_updated,SBTi Datenstand,2023-03-02,Datum,A,sbti-target-dashboard,https://files.sciencebasedtargets.org/production/files/companies-excel.xlsx,TUI Group,official_xlsx_import:safe_name_match,0.86,SBTi-Zieldaten; kein Nachweis tatsächlicher Emissionsreduktion.
uwpobs-713a75174ecd0523,uwp100-tui,TUI,2023,Planet,Klima/Transformationspfad,sbti_full_target_language,SBTi Zieltext,TUI commits to reduce absolute scope 1 and 2 GHG emissions from hotels 46.2% by FY2030 from a FY2019 base year. TUI commits to reduce scope 1 and scope 3 well to wake emissions from jet fuel 24% per revenue passenger kilometer by FY2030 from a FY2019 base year. TUI commits to reduce absolute scope 1 and scope 3 well to wake emissions from marine cruise fuel 27.5% by FY2030 from a FY2019 base year.*The target boundary includes land-related emissions and removals from bioenergy feedstocks.,Text,B,sbti-target-dashboard,https://files.sciencebasedtargets.org/production/files/companies-excel.xlsx,TUI Group,official_xlsx_import:safe_name_match,0.86,SBTi-Zieldaten; kein Nachweis tatsächlicher Emissionsreduktion.
uwpobs-e861a1e5ea3ee913,uwp100-tui,TUI,2023,Planet,Klima/Transformationspfad,sbti_near_term_status,SBTi Near-Term Zielstatus,Targets set,Status,A,sbti-target-dashboard,https://files.sciencebasedtargets.org/production/files/companies-excel.xlsx,TUI Group,official_xlsx_import:safe_name_match,0.86,SBTi-Zieldaten; kein Nachweis tatsächlicher Emissionsreduktion.
uwpobs-2dc05599d5c5997b,uwp100-tui,TUI,2023,Planet,Klima/Transformationspfad,sbti_near_term_target_classification,SBTi Near-Term Zielklassifikation,Well-below 2°C,Klassifikation,A,sbti-target-dashboard,https://files.sciencebasedtargets.org/production/files/companies-excel.xlsx,TUI Group,official_xlsx_import:safe_name_match,0.86,SBTi-Zieldaten; kein Nachweis tatsächlicher Emissionsreduktion.
uwpobs-b52e1f6407d89d1e,uwp100-tui,TUI,2023,Planet,Klima/Transformationspfad,sbti_near_term_target_year,SBTi Near-Term Zieljahr,FY2030,Jahr,A,sbti-target-dashboard,https://files.sciencebasedtargets.org/production/files/companies-excel.xlsx,TUI Group,official_xlsx_import:safe_name_match,0.86,SBTi-Zieldaten; kein Nachweis tatsächlicher Emissionsreduktion.
uwpobs-ed1b2c63bde0f702,uwp100-tui,TUI,2023,Planet,Klima/Transformationspfad,sbti_target_classification_long,SBTi Zielklassifikation Langtext,The targets covering greenhouse gas emissions from company operations (scopes 1 and 2) are consistent with reductions required to keep warming to Well-below 2°C,Text,B,sbti-target-dashboard,https://files.sciencebasedtargets.org/production/files/companies-excel.xlsx,TUI Group,official_xlsx_import:safe_name_match,0.86,SBTi-Zieldaten; kein Nachweis tatsächlicher Emissionsreduktion.
uwpobs-bcdcdd8d044eac04,uwp100-tui,TUI,2024,Demokratie,Steuertransparenz,cbcr_tax_transparency,Country-by-Country Reporting / Steuertransparenz,,Status,E,uwp-required-field-gap,,,required_field_gap_rendered,0.0,"UWP-Kernfeld noch nicht maschinell aus einer versionierten Primärquelle belegt; nicht schätzen, nicht mit 0 füllen."
uwpobs-719326040071bc63,uwp100-tui,TUI,2024,Demokratie,Datenschutz,data_privacy_incidents,Datenschutzverstöße / Bußgelder,,Anzahl/Status,E,uwp-required-field-gap,,,required_field_gap_rendered,0.0,"UWP-Kernfeld noch nicht maschinell aus einer versionierten Primärquelle belegt; nicht schätzen, nicht mit 0 füllen."
uwpobs-900806d6e107fe5b,uwp100-tui,TUI,2024,Demokratie,Lobbying/Einflussnahme,lobbying_transparency,Lobbying-Transparenz,,Status,E,uwp-required-field-gap,,,required_field_gap_rendered,0.0,"UWP-Kernfeld noch nicht maschinell aus einer versionierten Primärquelle belegt; nicht schätzen, nicht mit 0 füllen."
uwpobs-9a8817204b7ebad0,uwp100-tui,TUI,2024,Demokratie,Compliance/Whistleblowing,whistleblowing_cases,Whistleblowing-Fälle und Abhilfe,,Anzahl/Status,E,uwp-required-field-gap,,,required_field_gap_rendered,0.0,"UWP-Kernfeld noch nicht maschinell aus einer versionierten Primärquelle belegt; nicht schätzen, nicht mit 0 füllen."
uwpobs-8ec13723c904b895,uwp100-tui,TUI,2024,Mensch,Arbeitssicherheit,ltifr,Lost Time Injury Frequency Rate,,je Mio. Arbeitsstunden,E,uwp-required-field-gap,,,required_field_gap_rendered,0.0,"UWP-Kernfeld noch nicht maschinell aus einer versionierten Primärquelle belegt; nicht schätzen, nicht mit 0 füllen."
uwpobs-bc5f1ccaec763374,uwp100-tui,TUI,2024,Mensch,Diversität/Teilhabe,women_management_share,Frauenanteil Management,,%,E,uwp-required-field-gap,,,required_field_gap_rendered,0.0,"UWP-Kernfeld noch nicht maschinell aus einer versionierten Primärquelle belegt; nicht schätzen, nicht mit 0 füllen."
uwpobs-34268d4afc85a076,uwp100-tui,TUI,2024,Planet,Energie,renewable_electricity_share,Erneuerbarer Strom,,%,E,uwp-required-field-gap,,,required_field_gap_rendered,0.0,"UWP-Kernfeld noch nicht maschinell aus einer versionierten Primärquelle belegt; nicht schätzen, nicht mit 0 füllen."
uwpobs-5428c7ff2bf930e3,uwp100-tui,TUI,2024,Planet,Klima,scope_1_2_ghg_absolute,Scope 1+2 absolut,,t CO2e,E,uwp-required-field-gap,,,required_field_gap_rendered,0.0,"UWP-Kernfeld noch nicht maschinell aus einer versionierten Primärquelle belegt; nicht schätzen, nicht mit 0 füllen."
uwpobs-b05b898851c4ca96,uwp100-tui,TUI,2024,Planet,Lieferkette/Klima,scope_3_ghg_absolute,Scope 3 absolut,,t CO2e,E,uwp-required-field-gap,,,required_field_gap_rendered,0.0,"UWP-Kernfeld noch nicht maschinell aus einer versionierten Primärquelle belegt; nicht schätzen, nicht mit 0 füllen."
uwpobs-e019c0cc22759a3d,uwp100-tui,TUI,2024,Transformation,EU-Taxonomie,taxonomy_aligned_revenue_share,Taxonomie-konformer Umsatzanteil,,%,E,uwp-required-field-gap,,,required_field_gap_rendered,0.0,"UWP-Kernfeld noch nicht maschinell aus einer versionierten Primärquelle belegt; nicht schätzen, nicht mit 0 füllen."
uwpobs-dcb30d01f2ce649f,uwp100-united-internet,United Internet,2024,Demokratie,Steuertransparenz,cbcr_tax_transparency,Country-by-Country Reporting / Steuertransparenz,,Status,E,uwp-required-field-gap,,,required_field_gap_rendered,0.0,"UWP-Kernfeld noch nicht maschinell aus einer versionierten Primärquelle belegt; nicht schätzen, nicht mit 0 füllen."
uwpobs-1a65777073d196f8,uwp100-united-internet,United Internet,2024,Demokratie,Datenschutz,data_privacy_incidents,Datenschutzverstöße / Bußgelder,,Anzahl/Status,E,uwp-required-field-gap,,,required_field_gap_rendered,0.0,"UWP-Kernfeld noch nicht maschinell aus einer versionierten Primärquelle belegt; nicht schätzen, nicht mit 0 füllen."
uwpobs-e0aeb84ac15a8868,uwp100-united-internet,United Internet,2024,Demokratie,Lobbying/Einflussnahme,lobbying_transparency,Lobbying-Transparenz,,Status,E,uwp-required-field-gap,,,required_field_gap_rendered,0.0,"UWP-Kernfeld noch nicht maschinell aus einer versionierten Primärquelle belegt; nicht schätzen, nicht mit 0 füllen."
uwpobs-87349c478c488fc7,uwp100-united-internet,United Internet,2024,Demokratie,Compliance/Whistleblowing,whistleblowing_cases,Whistleblowing-Fälle und Abhilfe,,Anzahl/Status,E,uwp-required-field-gap,,,required_field_gap_rendered,0.0,"UWP-Kernfeld noch nicht maschinell aus einer versionierten Primärquelle belegt; nicht schätzen, nicht mit 0 füllen."
uwpobs-3d99190eb038d1f0,uwp100-united-internet,United Internet,2024,Mensch,Arbeitssicherheit,ltifr,Lost Time Injury Frequency Rate,,je Mio. Arbeitsstunden,E,uwp-required-field-gap,,,required_field_gap_rendered,0.0,"UWP-Kernfeld noch nicht maschinell aus einer versionierten Primärquelle belegt; nicht schätzen, nicht mit 0 füllen."
uwpobs-a442badd7ea817a2,uwp100-united-internet,United Internet,2024,Mensch,Diversität/Teilhabe,women_management_share,Frauenanteil Management,,%,E,uwp-required-field-gap,,,required_field_gap_rendered,0.0,"UWP-Kernfeld noch nicht maschinell aus einer versionierten Primärquelle belegt; nicht schätzen, nicht mit 0 füllen."
uwpobs-8c2802d22e89fa63,uwp100-united-internet,United Internet,2024,Planet,Energie,renewable_electricity_share,Erneuerbarer Strom,,%,E,uwp-required-field-gap,,,required_field_gap_rendered,0.0,"UWP-Kernfeld noch nicht maschinell aus einer versionierten Primärquelle belegt; nicht schätzen, nicht mit 0 füllen."
uwpobs-3436a6a8a020e4a8,uwp100-united-internet,United Internet,2025,Planet,Klima/Transformationspfad,sbti_profile_available,SBTi Zielprofil sicher matchbar,,Status,E,sbti-target-dashboard,https://files.sciencebasedtargets.org/production/files/companies-excel.xlsx,,official_xlsx_import_no_safe_match,0.0,Kein sicherer SBTi-Match für United Internet im offiziellen Target Dashboard. Das ist keine negative Klimabewertung.
uwpobs-6ef39d9c57d9e89f,uwp100-united-internet,United Internet,2024,Planet,Klima,scope_1_2_ghg_absolute,Scope 1+2 absolut,,t CO2e,E,uwp-required-field-gap,,,required_field_gap_rendered,0.0,"UWP-Kernfeld noch nicht maschinell aus einer versionierten Primärquelle belegt; nicht schätzen, nicht mit 0 füllen."
uwpobs-574ff9244b7041a0,uwp100-united-internet,United Internet,2024,Planet,Lieferkette/Klima,scope_3_ghg_absolute,Scope 3 absolut,,t CO2e,E,uwp-required-field-gap,,,required_field_gap_rendered,0.0,"UWP-Kernfeld noch nicht maschinell aus einer versionierten Primärquelle belegt; nicht schätzen, nicht mit 0 füllen."
uwpobs-a873391889f3cdc7,uwp100-united-internet,United Internet,2024,Transformation,EU-Taxonomie,taxonomy_aligned_revenue_share,Taxonomie-konformer Umsatzanteil,,%,E,uwp-required-field-gap,,,required_field_gap_rendered,0.0,"UWP-Kernfeld noch nicht maschinell aus einer versionierten Primärquelle belegt; nicht schätzen, nicht mit 0 füllen."
uwpobs-4f16697028982fe2,uwp100-volkswagen,Volkswagen Group,2022,Datenqualität,Quellenstand,sbti_date_updated,SBTi Datenstand,2022-04-21,Datum,A,sbti-target-dashboard,https://files.sciencebasedtargets.org/production/files/companies-excel.xlsx,Volkswagen AG,official_xlsx_import:safe_name_match,0.86,SBTi-Zieldaten; kein Nachweis tatsächlicher Emissionsreduktion.
uwpobs-ebb2937e734ac41c,uwp100-volkswagen,Volkswagen Group,2014,Mensch,Arbeitssicherheit,wikirate_gri_injury_rate,GRI 403-9 injury rate,4,injuries per million hours worked,C,wikirate-open-esg,https://wikirate.org/~1011078,https://wikirate.org/~1010762,wikirate_bulk_csv_export,0.62,WikiRate Community-/Sekundärdaten; Antwortseite und Primärquelle prüfen.
uwpobs-001399f386ab2d1a,uwp100-volkswagen,Volkswagen Group,2013,Mensch,Arbeitssicherheit,wikirate_gri_injury_rate,GRI 403-9 injury rate,3,injuries per million hours worked,C,wikirate-open-esg,https://wikirate.org/~1011082,https://wikirate.org/~1010762,wikirate_bulk_csv_export,0.62,WikiRate Community-/Sekundärdaten; Antwortseite und Primärquelle prüfen.
uwpobs-c839980f1cc0906f,uwp100-volkswagen,Volkswagen Group,2012,Mensch,Arbeitssicherheit,wikirate_gri_injury_rate,GRI 403-9 injury rate,3,injuries per million hours worked,C,wikirate-open-esg,https://wikirate.org/~1011086,https://wikirate.org/~1010762,wikirate_bulk_csv_export,0.62,WikiRate Community-/Sekundärdaten; Antwortseite und Primärquelle prüfen.
uwpobs-0b742f4ce6b600b1,uwp100-volkswagen,Volkswagen Group,2011,Mensch,Arbeitssicherheit,wikirate_gri_injury_rate,GRI 403-9 injury rate,3,injuries per million hours worked,C,wikirate-open-esg,https://wikirate.org/~1011090,https://wikirate.org/~1010762,wikirate_bulk_csv_export,0.62,WikiRate Community-/Sekundärdaten; Antwortseite und Primärquelle prüfen.
uwpobs-13a78f89df37b7a1,uwp100-volkswagen,Volkswagen Group,2010,Mensch,Arbeitssicherheit,wikirate_gri_injury_rate,GRI 403-9 injury rate,4,injuries per million hours worked,C,wikirate-open-esg,https://wikirate.org/~1011094,https://wikirate.org/~1010762,wikirate_bulk_csv_export,0.62,WikiRate Community-/Sekundärdaten; Antwortseite und Primärquelle prüfen.
uwpobs-f606f96b96cc174c,uwp100-volkswagen,Volkswagen Group,2019,Mensch,Qualifizierung,wikirate_gri_training_hours,GRI 404-1 average hours of training,24.28,hours,C,wikirate-open-esg,https://wikirate.org/~5926409,https://wikirate.org/~5789568,wikirate_bulk_csv_export,0.62,WikiRate Community-/Sekundärdaten; Antwortseite und Primärquelle prüfen.
uwpobs-d4093feb698b720b,uwp100-volkswagen,Volkswagen Group,2018,Mensch,Qualifizierung,wikirate_gri_training_hours,GRI 404-1 average hours of training,20.9,hours,C,wikirate-open-esg,https://wikirate.org/~5993398,https://wikirate.org/~5311317,wikirate_bulk_csv_export,0.62,WikiRate Community-/Sekundärdaten; Antwortseite und Primärquelle prüfen.
uwpobs-05a29382a53c7b2e,uwp100-volkswagen,Volkswagen Group,2017,Mensch,Qualifizierung,wikirate_gri_training_hours,GRI 404-1 average hours of training,22,hours,C,wikirate-open-esg,https://wikirate.org/~5931550,https://wikirate.org/~5297078,wikirate_bulk_csv_export,0.62,WikiRate Community-/Sekundärdaten; Antwortseite und Primärquelle prüfen.
uwpobs-53f902ebd704c2dd,uwp100-volkswagen,Volkswagen Group,2016,Mensch,Qualifizierung,wikirate_gri_training_hours,GRI 404-1 average hours of training,21.5,hours,C,wikirate-open-esg,https://wikirate.org/~5932090,https://wikirate.org/~5297078,wikirate_bulk_csv_export,0.62,WikiRate Community-/Sekundärdaten; Antwortseite und Primärquelle prüfen.
uwpobs-5ebf13d510584850,uwp100-volkswagen,Volkswagen Group,2022,Planet,Klima/Transformationspfad,sbti_full_target_language,SBTi Zieltext,Volkswagen AG commits to reduce absolute scope 1 and 2 GHG emissions 50.4% by 2030 from a 2018 base year. Volkswagen AG further commits to reduce scope 3 GHG emissions from use of sold products of light duty vehicles 30% per vehicle km by 2030 from a 2018 base year. Volkswagen subsidiary Scania CV commits to reduce scope 3 GHG emissions from use of sold products 20% per vehicle km by 2025 from a 2015 base year. Auto manufacturers have two near-term target temperature alignments for 1) scope 1 and 2 emissions and 2) scope 3 category 11 emissions from use of sold products.,Text,B,sbti-target-dashboard,https://files.sciencebasedtargets.org/production/files/companies-excel.xlsx,Volkswagen AG,official_xlsx_import:safe_name_match,0.86,SBTi-Zieldaten; kein Nachweis tatsächlicher Emissionsreduktion.
uwpobs-0906563a6edb6bd6,uwp100-volkswagen,Volkswagen Group,2022,Planet,Klima/Transformationspfad,sbti_near_term_status,SBTi Near-Term Zielstatus,Targets set,Status,A,sbti-target-dashboard,https://files.sciencebasedtargets.org/production/files/companies-excel.xlsx,Volkswagen AG,official_xlsx_import:safe_name_match,0.86,SBTi-Zieldaten; kein Nachweis tatsächlicher Emissionsreduktion.
uwpobs-6b7fc6fff36746c9,uwp100-volkswagen,Volkswagen Group,2022,Planet,Klima/Transformationspfad,sbti_near_term_target_classification,SBTi Near-Term Zielklassifikation,1.5°C/2°C,Klassifikation,A,sbti-target-dashboard,https://files.sciencebasedtargets.org/production/files/companies-excel.xlsx,Volkswagen AG,official_xlsx_import:safe_name_match,0.86,SBTi-Zieldaten; kein Nachweis tatsächlicher Emissionsreduktion.
uwpobs-4f6b7ba3cbfeb4c5,uwp100-volkswagen,Volkswagen Group,2022,Planet,Klima/Transformationspfad,sbti_near_term_target_year,SBTi Near-Term Zieljahr,2030,Jahr,A,sbti-target-dashboard,https://files.sciencebasedtargets.org/production/files/companies-excel.xlsx,Volkswagen AG,official_xlsx_import:safe_name_match,0.86,SBTi-Zieldaten; kein Nachweis tatsächlicher Emissionsreduktion.
uwpobs-d5c5f3c7d7ec2cc9,uwp100-volkswagen,Volkswagen Group,2022,Planet,Klima/Transformationspfad,sbti_target_classification_long,SBTi Zielklassifikation Langtext,The targets covering greenhouse gas emissions from company operations (scopes 1 and 2) are consistent with reductions required to keep warming to 1.5°C. The targets covering greenhouse gas emissions from scope 3 category 11 emissions from use of sold products are consistent with reductions required to keep warming to 2°C,Text,B,sbti-target-dashboard,https://files.sciencebasedtargets.org/production/files/companies-excel.xlsx,Volkswagen AG,official_xlsx_import:safe_name_match,0.86,SBTi-Zieldaten; kein Nachweis tatsächlicher Emissionsreduktion.
uwpobs-ab1a44d80f03df62,uwp100-volkswagen,Volkswagen Group,2024,Planet,Energie,wikirate_gri_energy_consumption,GRI 302-1 Total energy consumption,88560000,Gigajoules,C,wikirate-open-esg,https://wikirate.org/~22456466,https://wikirate.org/~22363266,wikirate_bulk_csv_export,0.62,WikiRate Community-/Sekundärdaten; Antwortseite und Primärquelle prüfen.
uwpobs-c34946f4c4c00619,uwp100-volkswagen,Volkswagen Group,2023,Planet,Energie,wikirate_gri_energy_consumption,GRI 302-1 Total energy consumption,92880000,Gigajoules,C,wikirate-open-esg,https://wikirate.org/~22456470,https://wikirate.org/~22363266,wikirate_bulk_csv_export,0.62,WikiRate Community-/Sekundärdaten; Antwortseite und Primärquelle prüfen.
uwpobs-3b14ba23584a29aa,uwp100-volkswagen,Volkswagen Group,2022,Planet,Energie,wikirate_gri_energy_consumption,GRI 302-1 Total energy consumption,75852000,Gigajoules,C,wikirate-open-esg,https://wikirate.org/~22456474,https://wikirate.org/~22442228,wikirate_bulk_csv_export,0.62,WikiRate Community-/Sekundärdaten; Antwortseite und Primärquelle prüfen.
uwpobs-dacb0ff560e22e37,uwp100-volkswagen,Volkswagen Group,2021,Planet,Energie,wikirate_gri_energy_consumption,GRI 302-1 Total energy consumption,79272000,Gigajoules,C,wikirate-open-esg,https://wikirate.org/~22456478,https://wikirate.org/~15327007,wikirate_bulk_csv_export,0.62,WikiRate Community-/Sekundärdaten; Antwortseite und Primärquelle prüfen.
uwpobs-c3190fc75dcaef66,uwp100-volkswagen,Volkswagen Group,2020,Planet,Energie,wikirate_gri_energy_consumption,GRI 302-1 Total energy consumption,77832000,Gigajoules,C,wikirate-open-esg,https://wikirate.org/~7313104,https://wikirate.org/~7268316,wikirate_bulk_csv_export,0.62,WikiRate Community-/Sekundärdaten; Antwortseite und Primärquelle prüfen.
uwpobs-0d0a4ad9764da4c8,uwp100-volkswagen,Volkswagen Group,2019,Planet,Energie,wikirate_gri_energy_consumption,GRI 302-1 Total energy consumption,87336000,Gigajoules,C,wikirate-open-esg,https://wikirate.org/~6285953,https://wikirate.org/~5789568,wikirate_bulk_csv_export,0.62,WikiRate Community-/Sekundärdaten; Antwortseite und Primärquelle prüfen.
uwpobs-6a7b2f91614bff56,uwp100-volkswagen,Volkswagen Group,2018,Planet,Energie,wikirate_gri_energy_consumption,GRI 302-1 Total energy consumption,86832000,Gigajoules,C,wikirate-open-esg,https://wikirate.org/~5353648,https://wikirate.org/~5311317,wikirate_bulk_csv_export,0.62,WikiRate Community-/Sekundärdaten; Antwortseite und Primärquelle prüfen.
uwpobs-e9af1ef304869a17,uwp100-volkswagen,Volkswagen Group,2024,Planet,Klima/Emissionen,wikirate_gri_scope1_ghg,GRI 305-1 Scope 1 GHG emissions,3300000,tonnes CO2 equivalent,C,wikirate-open-esg,https://wikirate.org/~22441741,https://wikirate.org/~22363266,wikirate_bulk_csv_export,0.62,WikiRate Community-/Sekundärdaten; Antwortseite und Primärquelle prüfen.
uwpobs-6df5d5607eea77ce,uwp100-volkswagen,Volkswagen Group,2023,Planet,Klima/Emissionen,wikirate_gri_scope1_ghg,GRI 305-1 Scope 1 GHG emissions,4000000,tonnes CO2 equivalent,C,wikirate-open-esg,https://wikirate.org/~22441899,https://wikirate.org/~22363266,wikirate_bulk_csv_export,0.62,WikiRate Community-/Sekundärdaten; Antwortseite und Primärquelle prüfen.
uwpobs-dbef1303a17f8ec9,uwp100-volkswagen,Volkswagen Group,2022,Planet,Klima/Emissionen,wikirate_gri_scope1_ghg,GRI 305-1 Scope 1 GHG emissions,4480000,tonnes CO2 equivalent,C,wikirate-open-esg,https://wikirate.org/~15327023,https://wikirate.org/~15327007,wikirate_bulk_csv_export,0.62,WikiRate Community-/Sekundärdaten; Antwortseite und Primärquelle prüfen.
uwpobs-c06a8f5de211ee7f,uwp100-volkswagen,Volkswagen Group,2021,Planet,Klima/Emissionen,wikirate_gri_scope1_ghg,GRI 305-1 Scope 1 GHG emissions,4670000,tonnes CO2 equivalent,C,wikirate-open-esg,https://wikirate.org/~12647502,https://wikirate.org/~12647494,wikirate_bulk_csv_export,0.62,WikiRate Community-/Sekundärdaten; Antwortseite und Primärquelle prüfen.
uwpobs-06a6ed217ea5352a,uwp100-volkswagen,Volkswagen Group,2020,Planet,Klima/Emissionen,wikirate_gri_scope1_ghg,GRI 305-1 Scope 1 GHG emissions,4340000,tonnes CO2 equivalent,C,wikirate-open-esg,https://wikirate.org/~7312881,https://wikirate.org/~7268316,wikirate_bulk_csv_export,0.62,WikiRate Community-/Sekundärdaten; Antwortseite und Primärquelle prüfen.
uwpobs-a20eea8cd8e0da3d,uwp100-volkswagen,Volkswagen Group,2019,Planet,Klima/Emissionen,wikirate_gri_scope1_ghg,GRI 305-1 Scope 1 GHG emissions,4400000,tonnes CO2 equivalent,C,wikirate-open-esg,https://wikirate.org/~6282697,https://wikirate.org/~5789568,wikirate_bulk_csv_export,0.62,WikiRate Community-/Sekundärdaten; Antwortseite und Primärquelle prüfen.
uwpobs-b3ac0fa72172f9bd,uwp100-volkswagen,Volkswagen Group,2024,Planet,Klima/Emissionen,wikirate_gri_scope2_ghg,GRI 305-2 Scope 2 GHG emissions,1100000,tonnes CO2 equivalent,C,wikirate-open-esg,https://wikirate.org/~22443042,https://wikirate.org/~22363266,wikirate_bulk_csv_export,0.62,WikiRate Community-/Sekundärdaten; Antwortseite und Primärquelle prüfen.
uwpobs-56c000c5b0c45fe2,uwp100-volkswagen,Volkswagen Group,2023,Planet,Klima/Emissionen,wikirate_gri_scope2_ghg,GRI 305-2 Scope 2 GHG emissions,2000000,tonnes CO2 equivalent,C,wikirate-open-esg,https://wikirate.org/~22443046,https://wikirate.org/~22363266,wikirate_bulk_csv_export,0.62,WikiRate Community-/Sekundärdaten; Antwortseite und Primärquelle prüfen.
uwpobs-899d1a26177ef406,uwp100-volkswagen,Volkswagen Group,2022,Planet,Klima/Emissionen,wikirate_gri_scope2_ghg,GRI 305-2 Scope 2 GHG emissions,2110000,tonnes CO2 equivalent,C,wikirate-open-esg,https://wikirate.org/~15327015,https://wikirate.org/~15327007,wikirate_bulk_csv_export,0.62,WikiRate Community-/Sekundärdaten; Antwortseite und Primärquelle prüfen.
uwpobs-93f9ab6460a13edf,uwp100-volkswagen,Volkswagen Group,2021,Planet,Klima/Emissionen,wikirate_gri_scope2_ghg,GRI 305-2 Scope 2 GHG emissions,2410000,tonnes CO2 equivalent,C,wikirate-open-esg,https://wikirate.org/~12650495,https://wikirate.org/~12647494,wikirate_bulk_csv_export,0.62,WikiRate Community-/Sekundärdaten; Antwortseite und Primärquelle prüfen.
uwpobs-2bd774065b9c5732,uwp100-volkswagen,Volkswagen Group,2020,Planet,Klima/Emissionen,wikirate_gri_scope2_ghg,GRI 305-2 Scope 2 GHG emissions,2800000,tonnes CO2 equivalent,C,wikirate-open-esg,https://wikirate.org/~7312899,https://wikirate.org/~7268316,wikirate_bulk_csv_export,0.62,WikiRate Community-/Sekundärdaten; Antwortseite und Primärquelle prüfen.
uwpobs-c05549db954aa3fb,uwp100-volkswagen,Volkswagen Group,2019,Planet,Klima/Emissionen,wikirate_gri_scope2_ghg,GRI 305-2 Scope 2 GHG emissions,3360000,tonnes CO2 equivalent,C,wikirate-open-esg,https://wikirate.org/~6282703,https://wikirate.org/~5789568,wikirate_bulk_csv_export,0.62,WikiRate Community-/Sekundärdaten; Antwortseite und Primärquelle prüfen.
uwpobs-6dbbdc9f3e9e179a,uwp100-volkswagen,Volkswagen Group,2024,Planet,Lieferkette/Klima,wikirate_gri_scope3_ghg,GRI 305-3 Scope 3 GHG emissions,408580000,tonnes CO2 equivalent,C,wikirate-open-esg,https://wikirate.org/~22441913,https://wikirate.org/~22363266,wikirate_bulk_csv_export,0.62,WikiRate Community-/Sekundärdaten; Antwortseite und Primärquelle prüfen.
uwpobs-afafb141a8283438,uwp100-volkswagen,Volkswagen Group,2023,Planet,Lieferkette/Klima,wikirate_gri_scope3_ghg,GRI 305-3 Scope 3 GHG emissions,429120000,tonnes CO2 equivalent,C,wikirate-open-esg,https://wikirate.org/~22442224,https://wikirate.org/~22363266,wikirate_bulk_csv_export,0.62,WikiRate Community-/Sekundärdaten; Antwortseite und Primärquelle prüfen.
uwpobs-235a3616027eac7b,uwp100-volkswagen,Volkswagen Group,2022,Planet,Lieferkette/Klima,wikirate_gri_scope3_ghg,GRI 305-3 Scope 3 GHG emissions,396390000,tonnes CO2 equivalent,C,wikirate-open-esg,https://wikirate.org/~15327019,https://wikirate.org/~22442228,wikirate_bulk_csv_export,0.62,WikiRate Community-/Sekundärdaten; Antwortseite und Primärquelle prüfen.
uwpobs-488ddeceb4fdbd8f,uwp100-volkswagen,Volkswagen Group,2021,Planet,Lieferkette/Klima,wikirate_gri_scope3_ghg,GRI 305-3 Scope 3 GHG emissions,364140000,tonnes CO2 equivalent,C,wikirate-open-esg,https://wikirate.org/~12650499,https://wikirate.org/~12647494,wikirate_bulk_csv_export,0.62,WikiRate Community-/Sekundärdaten; Antwortseite und Primärquelle prüfen.
uwpobs-6efb2ec6be63dfb0,uwp100-volkswagen,Volkswagen Group,2020,Planet,Lieferkette/Klima,wikirate_gri_scope3_ghg,GRI 305-3 Scope 3 GHG emissions,411130000,tonnes CO2 equivalent,C,wikirate-open-esg,https://wikirate.org/~7312907,https://wikirate.org/~7268316,wikirate_bulk_csv_export,0.62,WikiRate Community-/Sekundärdaten; Antwortseite und Primärquelle prüfen.
uwpobs-c124899962110eea,uwp100-volkswagen,Volkswagen Group,2019,Planet,Lieferkette/Klima,wikirate_gri_scope3_ghg,GRI 305-3 Scope 3 GHG emissions,447420740,tonnes CO2 equivalent,C,wikirate-open-esg,https://wikirate.org/~6287838,https://wikirate.org/~5789568,wikirate_bulk_csv_export,0.62,WikiRate Community-/Sekundärdaten; Antwortseite und Primärquelle prüfen.
uwpobs-d15f42fa3080ef1b,uwp100-volkswagen,Volkswagen Group,2019,Planet,Abfall/Ressourcen,wikirate_gri_total_waste,GRI 306-2 Total waste generated,3219905,tonnes,C,wikirate-open-esg,https://wikirate.org/~6287229,https://wikirate.org/~5789568,wikirate_bulk_csv_export,0.62,WikiRate Community-/Sekundärdaten; Antwortseite und Primärquelle prüfen.
uwpobs-492e0294302f083e,uwp100-volkswagen,Volkswagen Group,2018,Planet,Abfall/Ressourcen,wikirate_gri_total_waste,GRI 306-2 Total waste generated,3301178,tonnes,C,wikirate-open-esg,https://wikirate.org/~6287234,https://wikirate.org/~5311317,wikirate_bulk_csv_export,0.62,WikiRate Community-/Sekundärdaten; Antwortseite und Primärquelle prüfen.
uwpobs-32fb9743cd7cd204,uwp100-volkswagen,Volkswagen Group,2024,Demokratie,Steuertransparenz,cbcr_tax_transparency,Country-by-Country Reporting / Steuertransparenz,,Status,E,uwp-required-field-gap,,,required_field_gap_rendered,0.0,"UWP-Kernfeld noch nicht maschinell aus einer versionierten Primärquelle belegt; nicht schätzen, nicht mit 0 füllen."
uwpobs-6d4df04c085e9b09,uwp100-volkswagen,Volkswagen Group,2024,Demokratie,Datenschutz,data_privacy_incidents,Datenschutzverstöße / Bußgelder,,Anzahl/Status,E,uwp-required-field-gap,,,required_field_gap_rendered,0.0,"UWP-Kernfeld noch nicht maschinell aus einer versionierten Primärquelle belegt; nicht schätzen, nicht mit 0 füllen."
uwpobs-74a4c3a9c2904120,uwp100-volkswagen,Volkswagen Group,2024,Demokratie,Lobbying/Einflussnahme,lobbying_transparency,Lobbying-Transparenz,,Status,E,uwp-required-field-gap,,,required_field_gap_rendered,0.0,"UWP-Kernfeld noch nicht maschinell aus einer versionierten Primärquelle belegt; nicht schätzen, nicht mit 0 füllen."
uwpobs-143159b49bf7ceb9,uwp100-volkswagen,Volkswagen Group,2024,Demokratie,Compliance/Whistleblowing,whistleblowing_cases,Whistleblowing-Fälle und Abhilfe,,Anzahl/Status,E,uwp-required-field-gap,,,required_field_gap_rendered,0.0,"UWP-Kernfeld noch nicht maschinell aus einer versionierten Primärquelle belegt; nicht schätzen, nicht mit 0 füllen."
uwpobs-2d75578dc4a820c8,uwp100-volkswagen,Volkswagen Group,2024,Mensch,Arbeitssicherheit,ltifr,Lost Time Injury Frequency Rate,,je Mio. Arbeitsstunden,E,uwp-required-field-gap,,,required_field_gap_rendered,0.0,"UWP-Kernfeld noch nicht maschinell aus einer versionierten Primärquelle belegt; nicht schätzen, nicht mit 0 füllen."
uwpobs-823b7ef7b6bfe2ac,uwp100-volkswagen,Volkswagen Group,2024,Mensch,Diversität/Teilhabe,women_management_share,Frauenanteil Management,,%,E,uwp-required-field-gap,,,required_field_gap_rendered,0.0,"UWP-Kernfeld noch nicht maschinell aus einer versionierten Primärquelle belegt; nicht schätzen, nicht mit 0 füllen."
uwpobs-808c5d4cd50e51f5,uwp100-volkswagen,Volkswagen Group,2024,Planet,Energie,renewable_electricity_share,Erneuerbarer Strom,,%,E,uwp-required-field-gap,,,required_field_gap_rendered,0.0,"UWP-Kernfeld noch nicht maschinell aus einer versionierten Primärquelle belegt; nicht schätzen, nicht mit 0 füllen."
uwpobs-ba16e41394a8642c,uwp100-volkswagen,Volkswagen Group,2024,Planet,Klima,scope_1_2_ghg_absolute,Scope 1+2 absolut,,t CO2e,E,uwp-required-field-gap,,,required_field_gap_rendered,0.0,"UWP-Kernfeld noch nicht maschinell aus einer versionierten Primärquelle belegt; nicht schätzen, nicht mit 0 füllen."
uwpobs-7b9c25a12e8130cc,uwp100-volkswagen,Volkswagen Group,2024,Transformation,EU-Taxonomie,taxonomy_aligned_revenue_share,Taxonomie-konformer Umsatzanteil,,%,E,uwp-required-field-gap,,,required_field_gap_rendered,0.0,"UWP-Kernfeld noch nicht maschinell aus einer versionierten Primärquelle belegt; nicht schätzen, nicht mit 0 füllen."
uwpobs-1a29bc614e44bf8b,uwp100-vonovia,Vonovia,2024,Datenqualität,Quellenstand,sbti_date_updated,SBTi Datenstand,2024-04-18,Datum,A,sbti-target-dashboard,https://files.sciencebasedtargets.org/production/files/companies-excel.xlsx,Vonovia SE,official_xlsx_import:safe_name_match,0.86,SBTi-Zieldaten; kein Nachweis tatsächlicher Emissionsreduktion.
uwpobs-3380ad1ec718cccb,uwp100-vonovia,Vonovia,2020,Demokratie,Korruption/Compliance,wikirate_gri_corruption_incidents,GRI 205-3 confirmed incidents of corruption,0,incidents,C,wikirate-open-esg,https://wikirate.org/~11647302,https://wikirate.org/~11647293,wikirate_bulk_csv_export,0.62,WikiRate Community-/Sekundärdaten; Antwortseite und Primärquelle prüfen.
uwpobs-451673b3c02119d3,uwp100-vonovia,Vonovia,2020,Mensch,Qualifizierung,wikirate_gri_training_hours,GRI 404-1 average hours of training,364,hours,C,wikirate-open-esg,https://wikirate.org/~11647920,https://wikirate.org/~11646771,wikirate_bulk_csv_export,0.62,WikiRate Community-/Sekundärdaten; Antwortseite und Primärquelle prüfen.
uwpobs-c7193a1781f3f990,uwp100-vonovia,Vonovia,2024,Planet,Klima/Transformationspfad,sbti_full_target_language,SBTi Zieltext,"Vonovia SE commits to reduce absolute scope 1 and 2 GHG emissions
42% by 2030 from a 2021 base year. Vonovia SE commits to reduce
absolute scope 3 GHG emissions from fuel- and energy-related
activities, use of sold products and downstream leased assets by 25%
within the same timeframe.",Text,B,sbti-target-dashboard,https://files.sciencebasedtargets.org/production/files/companies-excel.xlsx,Vonovia SE,official_xlsx_import:safe_name_match,0.86,SBTi-Zieldaten; kein Nachweis tatsächlicher Emissionsreduktion.
uwpobs-b1e75c68eee053cb,uwp100-vonovia,Vonovia,2024,Planet,Klima/Transformationspfad,sbti_near_term_status,SBTi Near-Term Zielstatus,Targets set,Status,A,sbti-target-dashboard,https://files.sciencebasedtargets.org/production/files/companies-excel.xlsx,Vonovia SE,official_xlsx_import:safe_name_match,0.86,SBTi-Zieldaten; kein Nachweis tatsächlicher Emissionsreduktion.
uwpobs-53591f45f208e979,uwp100-vonovia,Vonovia,2024,Planet,Klima/Transformationspfad,sbti_near_term_target_classification,SBTi Near-Term Zielklassifikation,1.5°C,Klassifikation,A,sbti-target-dashboard,https://files.sciencebasedtargets.org/production/files/companies-excel.xlsx,Vonovia SE,official_xlsx_import:safe_name_match,0.86,SBTi-Zieldaten; kein Nachweis tatsächlicher Emissionsreduktion.
uwpobs-5e36498aa3fe228a,uwp100-vonovia,Vonovia,2024,Planet,Klima/Transformationspfad,sbti_near_term_target_year,SBTi Near-Term Zieljahr,2030,Jahr,A,sbti-target-dashboard,https://files.sciencebasedtargets.org/production/files/companies-excel.xlsx,Vonovia SE,official_xlsx_import:safe_name_match,0.86,SBTi-Zieldaten; kein Nachweis tatsächlicher Emissionsreduktion.
uwpobs-f4686537a42c86a5,uwp100-vonovia,Vonovia,2024,Planet,Klima/Transformationspfad,sbti_target_classification_long,SBTi Zielklassifikation Langtext,The targets covering greenhouse gas emissions from company operations (scopes 1 and 2) are consistent with reductions required to keep warming to 1.5°C,Text,B,sbti-target-dashboard,https://files.sciencebasedtargets.org/production/files/companies-excel.xlsx,Vonovia SE,official_xlsx_import:safe_name_match,0.86,SBTi-Zieldaten; kein Nachweis tatsächlicher Emissionsreduktion.
uwpobs-bd4ce99ec41b5c7f,uwp100-vonovia,Vonovia,2020,Planet,Klima/Emissionen,wikirate_gri_scope1_ghg,GRI 305-1 Scope 1 GHG emissions,466848,tonnes CO2 equivalent,C,wikirate-open-esg,https://wikirate.org/~11648061,https://wikirate.org/~11648033,wikirate_bulk_csv_export,0.62,WikiRate Community-/Sekundärdaten; Antwortseite und Primärquelle prüfen.
uwpobs-4c3328964005d938,uwp100-vonovia,Vonovia,2020,Planet,Klima/Emissionen,wikirate_gri_scope2_ghg,GRI 305-2 Scope 2 GHG emissions,410369,tonnes CO2 equivalent,C,wikirate-open-esg,https://wikirate.org/~11648142,https://wikirate.org/~11648033,wikirate_bulk_csv_export,0.62,WikiRate Community-/Sekundärdaten; Antwortseite und Primärquelle prüfen.
uwpobs-56e9ba04d7c10769,uwp100-vonovia,Vonovia,2024,Demokratie,Steuertransparenz,cbcr_tax_transparency,Country-by-Country Reporting / Steuertransparenz,,Status,E,uwp-required-field-gap,,,required_field_gap_rendered,0.0,"UWP-Kernfeld noch nicht maschinell aus einer versionierten Primärquelle belegt; nicht schätzen, nicht mit 0 füllen."
uwpobs-41244cd22120bb5f,uwp100-vonovia,Vonovia,2024,Demokratie,Datenschutz,data_privacy_incidents,Datenschutzverstöße / Bußgelder,,Anzahl/Status,E,uwp-required-field-gap,,,required_field_gap_rendered,0.0,"UWP-Kernfeld noch nicht maschinell aus einer versionierten Primärquelle belegt; nicht schätzen, nicht mit 0 füllen."
uwpobs-ffda28bb1d3753d1,uwp100-vonovia,Vonovia,2024,Demokratie,Lobbying/Einflussnahme,lobbying_transparency,Lobbying-Transparenz,,Status,E,uwp-required-field-gap,,,required_field_gap_rendered,0.0,"UWP-Kernfeld noch nicht maschinell aus einer versionierten Primärquelle belegt; nicht schätzen, nicht mit 0 füllen."
uwpobs-772982af360effdd,uwp100-vonovia,Vonovia,2024,Demokratie,Compliance/Whistleblowing,whistleblowing_cases,Whistleblowing-Fälle und Abhilfe,,Anzahl/Status,E,uwp-required-field-gap,,,required_field_gap_rendered,0.0,"UWP-Kernfeld noch nicht maschinell aus einer versionierten Primärquelle belegt; nicht schätzen, nicht mit 0 füllen."
uwpobs-991b869c2a89063c,uwp100-vonovia,Vonovia,2024,Mensch,Arbeitssicherheit,ltifr,Lost Time Injury Frequency Rate,,je Mio. Arbeitsstunden,E,uwp-required-field-gap,,,required_field_gap_rendered,0.0,"UWP-Kernfeld noch nicht maschinell aus einer versionierten Primärquelle belegt; nicht schätzen, nicht mit 0 füllen."
uwpobs-eb9540c0dd6ad781,uwp100-vonovia,Vonovia,2024,Mensch,Diversität/Teilhabe,women_management_share,Frauenanteil Management,,%,E,uwp-required-field-gap,,,required_field_gap_rendered,0.0,"UWP-Kernfeld noch nicht maschinell aus einer versionierten Primärquelle belegt; nicht schätzen, nicht mit 0 füllen."
uwpobs-7f06bffef4810a52,uwp100-vonovia,Vonovia,2024,Planet,Energie,renewable_electricity_share,Erneuerbarer Strom,,%,E,uwp-required-field-gap,,,required_field_gap_rendered,0.0,"UWP-Kernfeld noch nicht maschinell aus einer versionierten Primärquelle belegt; nicht schätzen, nicht mit 0 füllen."
uwpobs-c29124f2fc18add4,uwp100-vonovia,Vonovia,2024,Planet,Klima,scope_1_2_ghg_absolute,Scope 1+2 absolut,,t CO2e,E,uwp-required-field-gap,,,required_field_gap_rendered,0.0,"UWP-Kernfeld noch nicht maschinell aus einer versionierten Primärquelle belegt; nicht schätzen, nicht mit 0 füllen."
uwpobs-637c5d0767d3afb6,uwp100-vonovia,Vonovia,2024,Planet,Lieferkette/Klima,scope_3_ghg_absolute,Scope 3 absolut,,t CO2e,E,uwp-required-field-gap,,,required_field_gap_rendered,0.0,"UWP-Kernfeld noch nicht maschinell aus einer versionierten Primärquelle belegt; nicht schätzen, nicht mit 0 füllen."
uwpobs-a805a6bf994bf426,uwp100-vonovia,Vonovia,2024,Transformation,EU-Taxonomie,taxonomy_aligned_revenue_share,Taxonomie-konformer Umsatzanteil,,%,E,uwp-required-field-gap,,,required_field_gap_rendered,0.0,"UWP-Kernfeld noch nicht maschinell aus einer versionierten Primärquelle belegt; nicht schätzen, nicht mit 0 füllen."
uwpobs-6a958e83aae77052,uwp100-wacker-chemie,Wacker Chemie,2024,Datenqualität,Quellenstand,sbti_date_updated,SBTi Datenstand,2024-01-11,Datum,A,sbti-target-dashboard,https://files.sciencebasedtargets.org/production/files/companies-excel.xlsx,Wacker Chemie AG,official_xlsx_import:safe_name_match,0.86,SBTi-Zieldaten; kein Nachweis tatsächlicher Emissionsreduktion.
uwpobs-8b3ef1e1a926e2ee,uwp100-wacker-chemie,Wacker Chemie,2024,Planet,Klima/Transformationspfad,sbti_ba15_date,SBTi Business Ambition 1.5C Datum,2021-09-01,Datum,B,sbti-target-dashboard,https://files.sciencebasedtargets.org/production/files/companies-excel.xlsx,Wacker Chemie AG,official_xlsx_import:safe_name_match,0.86,SBTi-Zieldaten; kein Nachweis tatsächlicher Emissionsreduktion.
uwpobs-2f76bf33ca3cd5b1,uwp100-wacker-chemie,Wacker Chemie,2024,Planet,Klima/Transformationspfad,sbti_ba15_status,SBTi Business Ambition 1.5C Status,BA1.5 member,Status,B,sbti-target-dashboard,https://files.sciencebasedtargets.org/production/files/companies-excel.xlsx,Wacker Chemie AG,official_xlsx_import:safe_name_match,0.86,SBTi-Zieldaten; kein Nachweis tatsächlicher Emissionsreduktion.
uwpobs-5a67b2d6f2d3eb08,uwp100-wacker-chemie,Wacker Chemie,2024,Planet,Klima/Transformationspfad,sbti_full_target_language,SBTi Zieltext,"Overall Net-Zero Target
Wacker Chemie AG commits to reach net-zero greenhouse gas emissions across the value
chain by 2045 from a 2020 base year.
Near-Term Targets
Wacker Chemie AG commits to reduce absolute scope 1 and 2 GHG emissions 50% by 2030
from a 2020 base year*.
Wacker Chemie AG also commits to reduce absolute scope 3 GHG emissions from purchased goods and services and fuel and energy related activities 25% within the same timeframe.
*The target boundary includes biogenic emissions and removals from bioenergy feedstocks
Long-Term Targets
Wacker Chemie AG commits to reduce absolute scope 1 and 2 GHG emissions 95% by 2045
from a 2020 base year*.
Wacker Chemie AG also commits to reduce absolute scope 3 GHG emissions 90% within the
same timeframe.
*The target boundary includes biogenic land-related emissions and removals from bioenergy feedstocks.",Text,B,sbti-target-dashboard,https://files.sciencebasedtargets.org/production/files/companies-excel.xlsx,Wacker Chemie AG,official_xlsx_import:safe_name_match,0.86,SBTi-Zieldaten; kein Nachweis tatsächlicher Emissionsreduktion.
uwpobs-9d263ba88367669f,uwp100-wacker-chemie,Wacker Chemie,2024,Planet,Klima/Transformationspfad,sbti_near_term_status,SBTi Near-Term Zielstatus,Targets set,Status,A,sbti-target-dashboard,https://files.sciencebasedtargets.org/production/files/companies-excel.xlsx,Wacker Chemie AG,official_xlsx_import:safe_name_match,0.86,SBTi-Zieldaten; kein Nachweis tatsächlicher Emissionsreduktion.
uwpobs-a67d99a105fe8015,uwp100-wacker-chemie,Wacker Chemie,2024,Planet,Klima/Transformationspfad,sbti_near_term_target_classification,SBTi Near-Term Zielklassifikation,1.5°C,Klassifikation,A,sbti-target-dashboard,https://files.sciencebasedtargets.org/production/files/companies-excel.xlsx,Wacker Chemie AG,official_xlsx_import:safe_name_match,0.86,SBTi-Zieldaten; kein Nachweis tatsächlicher Emissionsreduktion.
uwpobs-d334ba8821f9271a,uwp100-wacker-chemie,Wacker Chemie,2024,Planet,Klima/Transformationspfad,sbti_near_term_target_year,SBTi Near-Term Zieljahr,2030,Jahr,A,sbti-target-dashboard,https://files.sciencebasedtargets.org/production/files/companies-excel.xlsx,Wacker Chemie AG,official_xlsx_import:safe_name_match,0.86,SBTi-Zieldaten; kein Nachweis tatsächlicher Emissionsreduktion.
uwpobs-86ff81760e3f7814,uwp100-wacker-chemie,Wacker Chemie,2024,Planet,Klima/Transformationspfad,sbti_target_classification_long,SBTi Zielklassifikation Langtext,The targets covering greenhouse gas emissions from company operations (scopes 1 and 2) are consistent with reductions required to keep warming to 1.5°C,Text,B,sbti-target-dashboard,https://files.sciencebasedtargets.org/production/files/companies-excel.xlsx,Wacker Chemie AG,official_xlsx_import:safe_name_match,0.86,SBTi-Zieldaten; kein Nachweis tatsächlicher Emissionsreduktion.
uwpobs-f5ead276c4638050,uwp100-wacker-chemie,Wacker Chemie,2024,Transformation,Net-Zero/Transformation,sbti_long_term_status,SBTi Long-Term Zielstatus,Targets set,Status,A,sbti-target-dashboard,https://files.sciencebasedtargets.org/production/files/companies-excel.xlsx,Wacker Chemie AG,official_xlsx_import:safe_name_match,0.86,SBTi-Zieldaten; kein Nachweis tatsächlicher Emissionsreduktion.
uwpobs-e2487696076d06ab,uwp100-wacker-chemie,Wacker Chemie,2024,Transformation,Net-Zero/Transformation,sbti_long_term_target_classification,SBTi Long-Term Zielklassifikation,1.5°C,Klassifikation,A,sbti-target-dashboard,https://files.sciencebasedtargets.org/production/files/companies-excel.xlsx,Wacker Chemie AG,official_xlsx_import:safe_name_match,0.86,SBTi-Zieldaten; kein Nachweis tatsächlicher Emissionsreduktion.
uwpobs-1500121c02da12a4,uwp100-wacker-chemie,Wacker Chemie,2024,Transformation,Net-Zero/Transformation,sbti_long_term_target_year,SBTi Long-Term Zieljahr,2045,Jahr,A,sbti-target-dashboard,https://files.sciencebasedtargets.org/production/files/companies-excel.xlsx,Wacker Chemie AG,official_xlsx_import:safe_name_match,0.86,SBTi-Zieldaten; kein Nachweis tatsächlicher Emissionsreduktion.
uwpobs-e65ffb122f14f1a5,uwp100-wacker-chemie,Wacker Chemie,2024,Transformation,Net-Zero/Transformation,sbti_net_zero_status,SBTi Net-Zero Status,Targets set,Status,A,sbti-target-dashboard,https://files.sciencebasedtargets.org/production/files/companies-excel.xlsx,Wacker Chemie AG,official_xlsx_import:safe_name_match,0.86,SBTi-Zieldaten; kein Nachweis tatsächlicher Emissionsreduktion.
uwpobs-ceaf8b1ef9c79c5c,uwp100-wacker-chemie,Wacker Chemie,2024,Transformation,Net-Zero/Transformation,sbti_net_zero_year,SBTi Net-Zero Zieljahr,2045,Jahr,A,sbti-target-dashboard,https://files.sciencebasedtargets.org/production/files/companies-excel.xlsx,Wacker Chemie AG,official_xlsx_import:safe_name_match,0.86,SBTi-Zieldaten; kein Nachweis tatsächlicher Emissionsreduktion.
uwpobs-e3f59e24c4b4d401,uwp100-wacker-chemie,Wacker Chemie,2024,Demokratie,Steuertransparenz,cbcr_tax_transparency,Country-by-Country Reporting / Steuertransparenz,,Status,E,uwp-required-field-gap,,,required_field_gap_rendered,0.0,"UWP-Kernfeld noch nicht maschinell aus einer versionierten Primärquelle belegt; nicht schätzen, nicht mit 0 füllen."
uwpobs-959bb7271df64c19,uwp100-wacker-chemie,Wacker Chemie,2024,Demokratie,Datenschutz,data_privacy_incidents,Datenschutzverstöße / Bußgelder,,Anzahl/Status,E,uwp-required-field-gap,,,required_field_gap_rendered,0.0,"UWP-Kernfeld noch nicht maschinell aus einer versionierten Primärquelle belegt; nicht schätzen, nicht mit 0 füllen."
uwpobs-1dd51f142fd54985,uwp100-wacker-chemie,Wacker Chemie,2024,Demokratie,Lobbying/Einflussnahme,lobbying_transparency,Lobbying-Transparenz,,Status,E,uwp-required-field-gap,,,required_field_gap_rendered,0.0,"UWP-Kernfeld noch nicht maschinell aus einer versionierten Primärquelle belegt; nicht schätzen, nicht mit 0 füllen."
uwpobs-16389e1d0ec3db05,uwp100-wacker-chemie,Wacker Chemie,2024,Demokratie,Compliance/Whistleblowing,whistleblowing_cases,Whistleblowing-Fälle und Abhilfe,,Anzahl/Status,E,uwp-required-field-gap,,,required_field_gap_rendered,0.0,"UWP-Kernfeld noch nicht maschinell aus einer versionierten Primärquelle belegt; nicht schätzen, nicht mit 0 füllen."
uwpobs-b417715cf9bcdb51,uwp100-wacker-chemie,Wacker Chemie,2024,Mensch,Arbeitssicherheit,ltifr,Lost Time Injury Frequency Rate,,je Mio. Arbeitsstunden,E,uwp-required-field-gap,,,required_field_gap_rendered,0.0,"UWP-Kernfeld noch nicht maschinell aus einer versionierten Primärquelle belegt; nicht schätzen, nicht mit 0 füllen."
uwpobs-3f48700a1bb571a3,uwp100-wacker-chemie,Wacker Chemie,2024,Mensch,Diversität/Teilhabe,women_management_share,Frauenanteil Management,,%,E,uwp-required-field-gap,,,required_field_gap_rendered,0.0,"UWP-Kernfeld noch nicht maschinell aus einer versionierten Primärquelle belegt; nicht schätzen, nicht mit 0 füllen."
uwpobs-e535df00822d2f33,uwp100-wacker-chemie,Wacker Chemie,2024,Planet,Energie,renewable_electricity_share,Erneuerbarer Strom,,%,E,uwp-required-field-gap,,,required_field_gap_rendered,0.0,"UWP-Kernfeld noch nicht maschinell aus einer versionierten Primärquelle belegt; nicht schätzen, nicht mit 0 füllen."
uwpobs-d2f4d45cf51c63f9,uwp100-wacker-chemie,Wacker Chemie,2024,Planet,Klima,scope_1_2_ghg_absolute,Scope 1+2 absolut,,t CO2e,E,uwp-required-field-gap,,,required_field_gap_rendered,0.0,"UWP-Kernfeld noch nicht maschinell aus einer versionierten Primärquelle belegt; nicht schätzen, nicht mit 0 füllen."
uwpobs-eb538a040f93f905,uwp100-wacker-chemie,Wacker Chemie,2024,Planet,Lieferkette/Klima,scope_3_ghg_absolute,Scope 3 absolut,,t CO2e,E,uwp-required-field-gap,,,required_field_gap_rendered,0.0,"UWP-Kernfeld noch nicht maschinell aus einer versionierten Primärquelle belegt; nicht schätzen, nicht mit 0 füllen."
uwpobs-dcecf6ce03dedc8b,uwp100-wacker-chemie,Wacker Chemie,2024,Transformation,EU-Taxonomie,taxonomy_aligned_revenue_share,Taxonomie-konformer Umsatzanteil,,%,E,uwp-required-field-gap,,,required_field_gap_rendered,0.0,"UWP-Kernfeld noch nicht maschinell aus einer versionierten Primärquelle belegt; nicht schätzen, nicht mit 0 füllen."
uwpobs-45f3a558718c8e76,uwp100-zalando,Zalando,2025,Datenqualität,Quellenstand,sbti_date_updated,SBTi Datenstand,2025-05-08,Datum,A,sbti-target-dashboard,https://files.sciencebasedtargets.org/production/files/companies-excel.xlsx,Zalando SE,official_xlsx_import:safe_name_match,0.86,SBTi-Zieldaten; kein Nachweis tatsächlicher Emissionsreduktion.
uwpobs-c8102b28f545a58c,uwp100-zalando,Zalando,2025,Planet,Klima/Transformationspfad,sbti_full_target_language,SBTi Zieltext,"Overall Net-Zero Target: Zalando SE commits to reach net-zero greenhouse gas emissions across the value chain by 2050. Near-Term Targets: Zalando SE commits to reduce absolute scope 1 and 2 GHG emissions 55% by 2033 from a 2022 base year.* Zalando SE also commits to reduce absolute scope 3 GHG emissions from purchased goods and services, upstream transportation and distribution 33% within the same timeframe.
*The target boundary includes land-related emissions and removals from bioenergy feedstocks. Long-Term Targets: Zalando SE commits to reduce absolute scope 1 and 2 GHG emissions 90% by 2040 from 2022 base year. Zalando SE commits to reduce absolute scope 3 GHG emissions from purchased goods and services, and upstream transportation and distribution emissions 90% by 2050 from 2022 base year.
*The target boundary includes land-related emissions and removals from bioenergy feedstocks.               ",Text,B,sbti-target-dashboard,https://files.sciencebasedtargets.org/production/files/companies-excel.xlsx,Zalando SE,official_xlsx_import:safe_name_match,0.86,SBTi-Zieldaten; kein Nachweis tatsächlicher Emissionsreduktion.
uwpobs-9915ca20f585af44,uwp100-zalando,Zalando,2025,Planet,Klima/Transformationspfad,sbti_near_term_status,SBTi Near-Term Zielstatus,Targets set,Status,A,sbti-target-dashboard,https://files.sciencebasedtargets.org/production/files/companies-excel.xlsx,Zalando SE,official_xlsx_import:safe_name_match,0.86,SBTi-Zieldaten; kein Nachweis tatsächlicher Emissionsreduktion.
uwpobs-71c92712b474f879,uwp100-zalando,Zalando,2025,Planet,Klima/Transformationspfad,sbti_near_term_target_classification,SBTi Near-Term Zielklassifikation,1.5°C,Klassifikation,A,sbti-target-dashboard,https://files.sciencebasedtargets.org/production/files/companies-excel.xlsx,Zalando SE,official_xlsx_import:safe_name_match,0.86,SBTi-Zieldaten; kein Nachweis tatsächlicher Emissionsreduktion.
uwpobs-4afcd1205bbb7552,uwp100-zalando,Zalando,2025,Planet,Klima/Transformationspfad,sbti_near_term_target_year,SBTi Near-Term Zieljahr,2033,Jahr,A,sbti-target-dashboard,https://files.sciencebasedtargets.org/production/files/companies-excel.xlsx,Zalando SE,official_xlsx_import:safe_name_match,0.86,SBTi-Zieldaten; kein Nachweis tatsächlicher Emissionsreduktion.
uwpobs-1b3d2fedd0d7394e,uwp100-zalando,Zalando,2025,Planet,Klima/Transformationspfad,sbti_target_classification_long,SBTi Zielklassifikation Langtext,The targets covering greenhouse gas emissions from company operations (scopes 1 and 2) are consistent with reductions required to keep warming to 1.5°C,Text,B,sbti-target-dashboard,https://files.sciencebasedtargets.org/production/files/companies-excel.xlsx,Zalando SE,official_xlsx_import:safe_name_match,0.86,SBTi-Zieldaten; kein Nachweis tatsächlicher Emissionsreduktion.
uwpobs-e74a166919bbc905,uwp100-zalando,Zalando,2022,Planet,Energie,wikirate_gri_energy_consumption,GRI 302-1 Total energy consumption,601506,Gigajoules,C,wikirate-open-esg,https://wikirate.org/~18034773,https://wikirate.org/~15087494,wikirate_bulk_csv_export,0.62,WikiRate Community-/Sekundärdaten; Antwortseite und Primärquelle prüfen.
uwpobs-d5df77487b6f31b6,uwp100-zalando,Zalando,2019,Planet,Energie,wikirate_gri_energy_consumption,GRI 302-1 Total energy consumption,474329,Gigajoules,C,wikirate-open-esg,https://wikirate.org/~6007320,https://wikirate.org/~6007162,wikirate_bulk_csv_export,0.62,WikiRate Community-/Sekundärdaten; Antwortseite und Primärquelle prüfen.
uwpobs-5ce7bc95080f026d,uwp100-zalando,Zalando,2018,Planet,Energie,wikirate_gri_energy_consumption,GRI 302-1 Total energy consumption,374439.6,Gigajoules,C,wikirate-open-esg,https://wikirate.org/~5413928,https://wikirate.org/~5299341,wikirate_bulk_csv_export,0.62,WikiRate Community-/Sekundärdaten; Antwortseite und Primärquelle prüfen.
uwpobs-158a41152b0b37a6,uwp100-zalando,Zalando,2022,Planet,Klima/Emissionen,wikirate_gri_scope1_ghg,GRI 305-1 Scope 1 GHG emissions,5512,tonnes CO2 equivalent,C,wikirate-open-esg,https://wikirate.org/~18034704,https://wikirate.org/~15087494,wikirate_bulk_csv_export,0.62,WikiRate Community-/Sekundärdaten; Antwortseite und Primärquelle prüfen.
uwpobs-62f5d10a07be373e,uwp100-zalando,Zalando,2021,Planet,Klima/Emissionen,wikirate_gri_scope1_ghg,GRI 305-1 Scope 1 GHG emissions,5150137,tonnes CO2 equivalent,C,wikirate-open-esg,https://wikirate.org/~14549536,https://wikirate.org/~14549397,wikirate_bulk_csv_export,0.62,WikiRate Community-/Sekundärdaten; Antwortseite und Primärquelle prüfen.
uwpobs-a5e6939f8549fd74,uwp100-zalando,Zalando,2019,Planet,Klima/Emissionen,wikirate_gri_scope1_ghg,GRI 305-1 Scope 1 GHG emissions,5904,tonnes CO2 equivalent,C,wikirate-open-esg,https://wikirate.org/~6007256,https://wikirate.org/~6007162,wikirate_bulk_csv_export,0.62,WikiRate Community-/Sekundärdaten; Antwortseite und Primärquelle prüfen.
uwpobs-790edd1939359a2e,uwp100-zalando,Zalando,2022,Planet,Klima/Emissionen,wikirate_gri_scope2_ghg,GRI 305-2 Scope 2 GHG emissions,588,tonnes CO2 equivalent,C,wikirate-open-esg,https://wikirate.org/~18034712,https://wikirate.org/~15087494,wikirate_bulk_csv_export,0.62,WikiRate Community-/Sekundärdaten; Antwortseite und Primärquelle prüfen.
uwpobs-858f2f225fa6305f,uwp100-zalando,Zalando,2019,Planet,Klima/Emissionen,wikirate_gri_scope2_ghg,GRI 305-2 Scope 2 GHG emissions,2271,tonnes CO2 equivalent,C,wikirate-open-esg,https://wikirate.org/~6008283,https://wikirate.org/~6007162,wikirate_bulk_csv_export,0.62,WikiRate Community-/Sekundärdaten; Antwortseite und Primärquelle prüfen.
uwpobs-4dc454bc28ad8635,uwp100-zalando,Zalando,2022,Planet,Lieferkette/Klima,wikirate_gri_scope3_ghg,GRI 305-3 Scope 3 GHG emissions,5875258,tonnes CO2 equivalent,C,wikirate-open-esg,https://wikirate.org/~18034768,https://wikirate.org/~15087494,wikirate_bulk_csv_export,0.62,WikiRate Community-/Sekundärdaten; Antwortseite und Primärquelle prüfen.
uwpobs-479daf6d52eb9b91,uwp100-zalando,Zalando,2019,Planet,Lieferkette/Klima,wikirate_gri_scope3_ghg,GRI 305-3 Scope 3 GHG emissions,254336,tonnes CO2 equivalent,C,wikirate-open-esg,https://wikirate.org/~6007293,https://wikirate.org/~6007162,wikirate_bulk_csv_export,0.62,WikiRate Community-/Sekundärdaten; Antwortseite und Primärquelle prüfen.
uwpobs-4224e994fc0a1670,uwp100-zalando,Zalando,2022,Planet,Abfall/Ressourcen,wikirate_gri_total_waste,GRI 306-2 Total waste generated,32528,tonnes,C,wikirate-open-esg,https://wikirate.org/~18034001,https://wikirate.org/~15087494,wikirate_bulk_csv_export,0.62,WikiRate Community-/Sekundärdaten; Antwortseite und Primärquelle prüfen.
uwpobs-a726337537d012db,uwp100-zalando,Zalando,2021,Planet,Abfall/Ressourcen,wikirate_gri_total_waste,GRI 306-2 Total waste generated,680000,tonnes,C,wikirate-open-esg,https://wikirate.org/~14549629,https://wikirate.org/~14549578,wikirate_bulk_csv_export,0.62,WikiRate Community-/Sekundärdaten; Antwortseite und Primärquelle prüfen.
uwpobs-0d3ead10a82eac51,uwp100-zalando,Zalando,2019,Planet,Abfall/Ressourcen,wikirate_gri_total_waste,GRI 306-2 Total waste generated,22114,tonnes,C,wikirate-open-esg,https://wikirate.org/~7452958,https://wikirate.org/~7452926,wikirate_bulk_csv_export,0.62,WikiRate Community-/Sekundärdaten; Antwortseite und Primärquelle prüfen.
uwpobs-93d194a0f11de079,uwp100-zalando,Zalando,2018,Planet,Abfall/Ressourcen,wikirate_gri_total_waste,GRI 306-2 Total waste generated,18914,tonnes,C,wikirate-open-esg,https://wikirate.org/~5413437,https://wikirate.org/~5299341,wikirate_bulk_csv_export,0.62,WikiRate Community-/Sekundärdaten; Antwortseite und Primärquelle prüfen.
uwpobs-3f8512fc3edbd148,uwp100-zalando,Zalando,2025,Transformation,Net-Zero/Transformation,sbti_long_term_status,SBTi Long-Term Zielstatus,Targets set,Status,A,sbti-target-dashboard,https://files.sciencebasedtargets.org/production/files/companies-excel.xlsx,Zalando SE,official_xlsx_import:safe_name_match,0.86,SBTi-Zieldaten; kein Nachweis tatsächlicher Emissionsreduktion.
uwpobs-b5e27a1c8d2ef3a0,uwp100-zalando,Zalando,2025,Transformation,Net-Zero/Transformation,sbti_long_term_target_classification,SBTi Long-Term Zielklassifikation,1.5°C,Klassifikation,A,sbti-target-dashboard,https://files.sciencebasedtargets.org/production/files/companies-excel.xlsx,Zalando SE,official_xlsx_import:safe_name_match,0.86,SBTi-Zieldaten; kein Nachweis tatsächlicher Emissionsreduktion.
uwpobs-2e84853dbe853bcd,uwp100-zalando,Zalando,2025,Transformation,Net-Zero/Transformation,sbti_long_term_target_year,SBTi Long-Term Zieljahr,2050,Jahr,A,sbti-target-dashboard,https://files.sciencebasedtargets.org/production/files/companies-excel.xlsx,Zalando SE,official_xlsx_import:safe_name_match,0.86,SBTi-Zieldaten; kein Nachweis tatsächlicher Emissionsreduktion.
uwpobs-a30da21dd14f9136,uwp100-zalando,Zalando,2025,Transformation,Net-Zero/Transformation,sbti_net_zero_status,SBTi Net-Zero Status,Targets set,Status,A,sbti-target-dashboard,https://files.sciencebasedtargets.org/production/files/companies-excel.xlsx,Zalando SE,official_xlsx_import:safe_name_match,0.86,SBTi-Zieldaten; kein Nachweis tatsächlicher Emissionsreduktion.
uwpobs-f63dd64a41e66b39,uwp100-zalando,Zalando,2025,Transformation,Net-Zero/Transformation,sbti_net_zero_year,SBTi Net-Zero Zieljahr,2050,Jahr,A,sbti-target-dashboard,https://files.sciencebasedtargets.org/production/files/companies-excel.xlsx,Zalando SE,official_xlsx_import:safe_name_match,0.86,SBTi-Zieldaten; kein Nachweis tatsächlicher Emissionsreduktion.
uwpobs-78a025172899bd48,uwp100-zalando,Zalando,2024,Demokratie,Steuertransparenz,cbcr_tax_transparency,Country-by-Country Reporting / Steuertransparenz,,Status,E,uwp-required-field-gap,,,required_field_gap_rendered,0.0,"UWP-Kernfeld noch nicht maschinell aus einer versionierten Primärquelle belegt; nicht schätzen, nicht mit 0 füllen."
uwpobs-e4ea7dbcfb7c5d7f,uwp100-zalando,Zalando,2024,Demokratie,Datenschutz,data_privacy_incidents,Datenschutzverstöße / Bußgelder,,Anzahl/Status,E,uwp-required-field-gap,,,required_field_gap_rendered,0.0,"UWP-Kernfeld noch nicht maschinell aus einer versionierten Primärquelle belegt; nicht schätzen, nicht mit 0 füllen."
uwpobs-5428ad906327d8e9,uwp100-zalando,Zalando,2024,Demokratie,Lobbying/Einflussnahme,lobbying_transparency,Lobbying-Transparenz,,Status,E,uwp-required-field-gap,,,required_field_gap_rendered,0.0,"UWP-Kernfeld noch nicht maschinell aus einer versionierten Primärquelle belegt; nicht schätzen, nicht mit 0 füllen."
uwpobs-eaa5cf3afea2926c,uwp100-zalando,Zalando,2024,Demokratie,Compliance/Whistleblowing,whistleblowing_cases,Whistleblowing-Fälle und Abhilfe,,Anzahl/Status,E,uwp-required-field-gap,,,required_field_gap_rendered,0.0,"UWP-Kernfeld noch nicht maschinell aus einer versionierten Primärquelle belegt; nicht schätzen, nicht mit 0 füllen."
uwpobs-67d8d6431c6bd35b,uwp100-zalando,Zalando,2024,Mensch,Arbeitssicherheit,ltifr,Lost Time Injury Frequency Rate,,je Mio. Arbeitsstunden,E,uwp-required-field-gap,,,required_field_gap_rendered,0.0,"UWP-Kernfeld noch nicht maschinell aus einer versionierten Primärquelle belegt; nicht schätzen, nicht mit 0 füllen."
uwpobs-1ce6901cfc78bb68,uwp100-zalando,Zalando,2024,Mensch,Diversität/Teilhabe,women_management_share,Frauenanteil Management,,%,E,uwp-required-field-gap,,,required_field_gap_rendered,0.0,"UWP-Kernfeld noch nicht maschinell aus einer versionierten Primärquelle belegt; nicht schätzen, nicht mit 0 füllen."
uwpobs-663216dfa6725d2e,uwp100-zalando,Zalando,2024,Planet,Energie,renewable_electricity_share,Erneuerbarer Strom,,%,E,uwp-required-field-gap,,,required_field_gap_rendered,0.0,"UWP-Kernfeld noch nicht maschinell aus einer versionierten Primärquelle belegt; nicht schätzen, nicht mit 0 füllen."
uwpobs-4cb4f20d6b0ca2fd,uwp100-zalando,Zalando,2024,Planet,Klima,scope_1_2_ghg_absolute,Scope 1+2 absolut,,t CO2e,E,uwp-required-field-gap,,,required_field_gap_rendered,0.0,"UWP-Kernfeld noch nicht maschinell aus einer versionierten Primärquelle belegt; nicht schätzen, nicht mit 0 füllen."
uwpobs-3371a3be0039e2ad,uwp100-zalando,Zalando,2024,Transformation,EU-Taxonomie,taxonomy_aligned_revenue_share,Taxonomie-konformer Umsatzanteil,,%,E,uwp-required-field-gap,,,required_field_gap_rendered,0.0,"UWP-Kernfeld noch nicht maschinell aus einer versionierten Primärquelle belegt; nicht schätzen, nicht mit 0 füllen."
