slug,title,pack_term,required_sections_complete,min_internal_links_met,sources_complete,metadata_complete,slug_valid,no_dead_links,language_redlines_ok,no_duplicate_conflict,search_indexed,pack_coverage_ok,score,rating
"abfallhierarchie","Abfallhierarchie",false,0,0,1,0,1,1,1,1,1,1,7,"nacharbeiten"
"abregelung","Abregelung",false,0,1,1,0,1,1,1,1,1,1,8,"gut, kleine redaktionelle TODOs"
"ac-laden","AC-Laden",false,0,1,1,0,1,1,1,1,1,1,8,"gut, kleine redaktionelle TODOs"
"ad-hoc-laden","Ad-hoc-Laden",false,0,0,1,0,1,1,1,1,1,1,7,"nacharbeiten"
"adam-smith","Adam Smith",false,0,0,1,0,1,1,1,1,1,1,7,"nacharbeiten"
"adverse-selection","Adverse Selection",false,0,0,1,0,1,1,1,1,1,1,7,"nacharbeiten"
"advocacy-organisation","Advocacy-Organisation",false,0,1,1,0,1,1,1,1,1,1,8,"gut, kleine redaktionelle TODOs"
"aeussere-loops","Äußere Loops",false,0,1,1,0,1,1,1,1,1,1,8,"gut, kleine redaktionelle TODOs"
"affekt","Affekt",false,0,0,1,0,1,1,1,1,1,1,7,"nacharbeiten"
"affektheuristik","Affektheuristik",false,0,1,1,0,1,1,1,1,1,1,8,"gut, kleine redaktionelle TODOs"
"agenda-2030","Agenda 2030",false,0,1,1,0,1,1,1,1,1,1,8,"gut, kleine redaktionelle TODOs"
"agenda-setting","Agenda-Setting",false,0,1,1,0,1,1,1,1,1,1,8,"gut, kleine redaktionelle TODOs"
"akkumulation","Akkumulation",false,0,0,1,0,1,1,1,1,1,1,7,"nacharbeiten"
"akkumulator","Akkumulator / Akku",false,0,0,1,0,1,1,1,1,1,1,7,"nacharbeiten"
"alan-watts-daoismus","Alan Watts / Daoismus",false,0,1,1,0,1,1,1,1,1,1,8,"gut, kleine redaktionelle TODOs"
"alarm-frame","Alarm-Frame / Bedrohungsframe",false,0,1,1,0,1,1,1,1,1,1,8,"gut, kleine redaktionelle TODOs"
"algorithmische-fairness","Algorithmische Fairness und digitale Rechte",true,0,1,1,1,1,0,0,1,1,1,7,"nacharbeiten"
"allgemeines-gleichgewicht","Allgemeines Gleichgewicht",false,0,0,1,0,1,1,1,1,1,1,7,"nacharbeiten"
"allmendeproblem","Allmendeproblem",false,0,0,1,0,1,1,1,1,1,1,7,"nacharbeiten"
"allokation","Allokation",false,0,0,1,0,1,1,1,1,1,1,7,"nacharbeiten"
"alltagsrassismus","Alltagsrassismus",false,0,0,1,0,1,1,1,1,1,1,7,"nacharbeiten"
"amartya-sen","Amartya Sen",false,0,0,1,0,1,1,1,1,1,1,7,"nacharbeiten"
"anaerobe-vergaerung","Anaerobe Vergärung",false,0,0,1,0,1,1,1,1,1,1,7,"nacharbeiten"
"anarchokapitalismus","Anarchokapitalismus",false,0,0,1,0,1,1,1,1,1,1,7,"nacharbeiten"
"ankereffekt","Ankereffekt",false,0,0,1,0,1,1,1,1,1,1,7,"nacharbeiten"
"anlagenpass","Anlagenpass",false,0,0,1,0,1,1,1,1,1,1,7,"nacharbeiten"
"anpassungskapazitaet","Anpassungskapazität",false,0,1,1,0,1,1,1,1,1,1,8,"gut, kleine redaktionelle TODOs"
"anschlussfaehigkeit","Anschlussfähigkeit",false,0,1,1,0,1,1,1,1,1,1,8,"gut, kleine redaktionelle TODOs"
"anschlusskosten","Anschlusskosten",false,0,0,1,0,1,1,1,1,1,1,7,"nacharbeiten"
"anschlussleistung","Anschlussleistung",false,0,0,1,0,1,1,1,1,1,1,7,"nacharbeiten"
"antisemitismus","Antisemitismus",false,0,0,1,0,1,1,1,1,1,1,7,"nacharbeiten"
"antiziganismus","Antiziganismus",false,0,0,1,0,1,1,1,1,1,1,7,"nacharbeiten"
"arbeiten-arendt","Arbeiten",false,0,0,1,0,1,1,1,1,1,1,7,"nacharbeiten"
"arbeitspreis","Arbeitspreis",false,0,0,1,0,1,1,1,1,1,1,7,"nacharbeiten"
"arbitrageur","Arbitrageur",false,0,0,1,0,1,1,1,1,1,1,7,"nacharbeiten"
"archetyp","Archetyp",true,1,1,1,1,1,0,1,1,1,1,9,"gut, kleine redaktionelle TODOs"
"art-20a-gg","Art. 20a GG",false,0,1,1,0,1,1,1,1,1,1,8,"gut, kleine redaktionelle TODOs"
"assurance","Assurance",false,0,1,1,0,1,1,1,1,1,1,8,"gut, kleine redaktionelle TODOs"
"astroturfing","Astroturfing",false,0,1,1,0,1,1,1,1,1,1,8,"gut, kleine redaktionelle TODOs"
"atlas-network","Atlas Network",false,0,0,1,0,1,1,1,1,1,1,7,"nacharbeiten"
"attributionsforschung","Attributionsforschung",false,0,1,1,0,1,1,1,1,1,1,8,"gut, kleine redaktionelle TODOs"
"aufmerksamkeit","Aufmerksamkeit",false,0,1,1,0,1,1,1,1,1,1,8,"gut, kleine redaktionelle TODOs"
"aufmerksamkeitsoekonomie","Aufmerksamkeitsökonomie",false,0,0,1,0,1,1,1,1,1,1,7,"nacharbeiten"
"austeritaet","Austerität",false,0,0,1,0,1,1,1,1,1,1,7,"nacharbeiten"
"autokratie","Autokratie",false,0,1,1,0,1,1,1,1,1,1,8,"gut, kleine redaktionelle TODOs"
"autokratisierung","Autokratisierung",false,0,0,1,0,1,1,1,1,1,1,7,"nacharbeiten"
"automatisierung","Automatisierung",false,0,1,1,0,1,1,1,1,1,1,8,"gut, kleine redaktionelle TODOs"
"automatisierungsdividende","Automatisierungsdividende",false,0,1,1,0,1,1,1,1,1,1,8,"gut, kleine redaktionelle TODOs"
"automatisierungsrendite","Automatisierungsrendite",false,0,1,1,0,1,1,1,1,1,1,8,"gut, kleine redaktionelle TODOs"
"autonome-systeme","Autonome Systeme",false,0,1,1,0,1,1,1,1,1,1,8,"gut, kleine redaktionelle TODOs"
"autopoiesis","Autopoiesis",false,0,1,1,0,1,1,1,1,1,1,8,"gut, kleine redaktionelle TODOs"
"autoritaeres-wirkungspotenzial","Autoritäres Wirkungspotenzial",false,0,0,1,0,1,1,1,1,1,1,7,"nacharbeiten"
"autoritarismus","Autoritarismus",false,0,1,1,0,1,1,1,1,1,1,8,"gut, kleine redaktionelle TODOs"
"backend-ladeinfrastruktur","Backend Ladeinfrastruktur",false,0,0,1,0,1,1,1,1,1,1,7,"nacharbeiten"
"backup-kapazitaet","Backup-Kapazität",false,0,1,1,0,1,1,1,1,1,1,8,"gut, kleine redaktionelle TODOs"
"banalitaet-des-boesen","Banalität des Bösen",false,0,1,1,0,1,1,1,1,1,1,8,"gut, kleine redaktionelle TODOs"
"bandluecke","Bandlücke",false,0,0,1,0,1,1,1,1,1,1,7,"nacharbeiten"
"baseline-verschiebung","Baseline-Verschiebung",false,1,1,1,0,1,1,1,1,1,1,9,"gut, kleine redaktionelle TODOs"
"basisinnovation","Basisinnovation",false,0,0,1,0,1,1,1,1,1,1,7,"nacharbeiten"
"batterie","Batterie",false,0,1,1,0,1,1,1,1,1,1,8,"gut, kleine redaktionelle TODOs"
"batteriealterung","Batteriealterung",false,0,0,1,0,1,1,1,1,1,1,7,"nacharbeiten"
"batterielebenszyklus","Batterielebenszyklus",false,0,0,1,0,1,1,1,1,1,1,7,"nacharbeiten"
"batteriemanagementsystem","Batteriemanagementsystem / BMS",false,0,1,1,0,1,1,1,1,1,1,8,"gut, kleine redaktionelle TODOs"
"batteriemodul","Batteriemodul",false,0,0,1,0,1,1,1,1,1,1,7,"nacharbeiten"
"batteriepack","Batteriepack",false,0,0,1,0,1,1,1,1,1,1,7,"nacharbeiten"
"batteriepass","Batteriepass",false,0,1,1,0,1,1,1,1,1,1,8,"gut, kleine redaktionelle TODOs"
"batterierecycling","Batterierecycling",false,0,1,1,0,1,1,1,1,1,1,8,"gut, kleine redaktionelle TODOs"
"batterierohstoffe","Batterierohstoffe",false,0,0,1,0,1,1,1,1,1,1,7,"nacharbeiten"
"batteriespeicher","Batteriespeicher",false,0,1,1,0,1,1,1,1,1,1,8,"gut, kleine redaktionelle TODOs"
"batteriezelle","Batteriezelle",false,0,0,1,0,1,1,1,1,1,1,7,"nacharbeiten"
"baukostenzuschuss","Baukostenzuschuss",false,0,0,1,0,1,1,1,1,1,1,7,"nacharbeiten"
"bedeutung-als-gebrauch","Bedeutung als Gebrauch",false,0,1,1,0,1,1,1,1,1,1,8,"gut, kleine redaktionelle TODOs"
"bedingungsloses-grundeinkommen","Bedingungsloses Grundeinkommen",false,0,1,1,0,1,1,1,1,1,1,8,"gut, kleine redaktionelle TODOs"
"bedrohungsverarbeitung","Bedrohungsverarbeitung",false,0,0,1,0,1,1,1,1,1,1,7,"nacharbeiten"
"begrenzte-rationalitaet","Begrenzte Rationalität",false,0,0,1,0,1,1,1,1,1,1,7,"nacharbeiten"
"behoerde","Behörde",false,0,0,1,0,1,1,1,1,1,1,7,"nacharbeiten"
"beitragsbasis","Beitragsbasis",false,0,1,1,0,1,1,1,1,1,1,8,"gut, kleine redaktionelle TODOs"
"beitragsluecke","Beitragslücke",false,0,1,1,0,1,1,1,1,1,1,8,"gut, kleine redaktionelle TODOs"
"belohnungslernen","Belohnungslernen",false,0,0,1,0,1,1,1,1,1,1,7,"nacharbeiten"
"benchmark","Benchmark",true,1,1,1,1,1,0,1,1,1,1,9,"gut, kleine redaktionelle TODOs"
"beobachterabhaengigkeit","Beobachterabhängigkeit",false,0,0,1,0,1,1,1,1,1,1,7,"nacharbeiten"
"beobachtung-zweiter-ordnung","Beobachtung zweiter Ordnung",false,0,1,1,0,1,1,1,1,1,1,8,"gut, kleine redaktionelle TODOs"
"berichtsdaten","Berichtsdaten",false,0,1,1,0,1,1,1,1,1,1,8,"gut, kleine redaktionelle TODOs"
"beschaffung-als-wirkungshebel","Beschaffung als Wirkungshebel",true,0,1,1,1,1,1,1,1,1,1,9,"gut, kleine redaktionelle TODOs"
"beschwerdemechanismus-access-to-remedy","Beschwerdemechanismus / Access to Remedy",false,0,1,1,0,1,1,1,1,1,1,8,"gut, kleine redaktionelle TODOs"
"bestaetigungsfehler","Bestätigungsfehler",false,0,1,1,0,1,1,1,1,1,1,8,"gut, kleine redaktionelle TODOs"
"bewegungs-ngo","Bewegungs-NGO",false,0,0,1,0,1,1,1,1,1,1,7,"nacharbeiten"
"bidirektionales-laden","Bidirektionales Laden",false,0,0,1,0,1,1,1,1,1,1,7,"nacharbeiten"
"bilanzraum","Bilanzraum",false,0,0,1,0,1,1,1,1,1,1,7,"nacharbeiten"
"biochemische-rohstoffgewinnung","Biochemische Rohstoffgewinnung",false,0,0,1,0,1,1,1,1,1,1,7,"nacharbeiten"
"biodiversitaetsrisiko","Biodiversitätsrisiko",false,0,1,1,0,1,1,1,1,1,1,8,"gut, kleine redaktionelle TODOs"
"biodiversity-net-gain-no-net-loss","Biodiversity Net Gain / No Net Loss",false,0,0,1,0,1,1,1,1,1,1,7,"nacharbeiten"
"bioenergie","Bioenergie",false,0,0,1,0,1,1,1,1,1,1,7,"nacharbeiten"
"biogas","Biogas",false,0,0,1,0,1,1,1,1,1,1,7,"nacharbeiten"
"biologischer-kreislauf","Biologischer Kreislauf",false,0,1,1,0,1,1,1,1,1,1,8,"gut, kleine redaktionelle TODOs"
"biologischer-naehrstoff","Biologischer Nährstoff",false,0,0,1,0,1,1,1,1,1,1,7,"nacharbeiten"
"black-mass","Black Mass",false,0,0,1,0,1,1,1,1,1,1,7,"nacharbeiten"
"blauer-wasserstoff","Blauer Wasserstoff",false,0,0,1,0,1,1,1,1,1,1,7,"nacharbeiten"
"blei-saeure-batterie","Blei-Säure-Batterie",false,0,0,1,0,1,1,1,1,1,1,7,"nacharbeiten"
"blindleistung","Blindleistung",true,1,1,1,1,1,0,1,1,1,1,9,"gut, kleine redaktionelle TODOs"
"buergerbeteiligung","Bürgerbeteiligung",false,0,1,1,0,1,1,1,1,1,1,8,"gut, kleine redaktionelle TODOs"
"buergerenergie","Bürgerenergie",false,1,1,1,0,1,1,1,1,1,1,9,"gut, kleine redaktionelle TODOs"
"buergerenergiegesellschaft","Bürgerenergiegesellschaft",false,0,1,1,0,1,1,1,1,1,1,8,"gut, kleine redaktionelle TODOs"
"buergerinitiative","Bürgerinitiative",false,0,0,1,0,1,1,1,1,1,1,7,"nacharbeiten"
"buergerrat","Bürgerrat",false,0,0,1,0,1,1,1,1,1,1,7,"nacharbeiten"
"bundesregierung","Bundesregierung",false,0,0,1,0,1,1,1,1,1,1,7,"nacharbeiten"
"business-model","Business Model",false,0,0,1,0,1,1,1,1,1,1,7,"nacharbeiten"
"business-model-canvas","Business Model Canvas",false,0,0,1,0,1,1,1,1,1,1,7,"nacharbeiten"
"business-value","Business Value",false,0,1,1,0,1,1,1,1,1,1,8,"gut, kleine redaktionelle TODOs"
"c-rate","C-Rate",false,0,0,1,0,1,1,1,1,1,1,7,"nacharbeiten"
"capture-price","Capture Price / Marktwert von Strom",false,0,0,1,0,1,1,1,1,1,1,7,"nacharbeiten"
"carbon-budget","Carbon Budget",false,0,0,1,0,1,1,1,1,1,1,7,"nacharbeiten"
"carbon-credits","Carbon Credits",false,0,1,1,0,1,1,1,1,1,1,8,"gut, kleine redaktionelle TODOs"
"carbonfaserverstaerkter-kunststoff","Carbonfaserverstärkter Kunststoff / CFK",false,0,0,1,0,1,1,1,1,1,1,7,"nacharbeiten"
"care-oekonomie","Care-Ökonomie",false,0,1,1,0,1,1,1,1,1,1,8,"gut, kleine redaktionelle TODOs"
"cbam","CBAM / Carbon Border Adjustment Mechanism",false,0,1,1,0,1,1,1,1,1,1,8,"gut, kleine redaktionelle TODOs"
"ccs-ladestecker","CCS",false,0,0,1,0,1,1,1,1,1,1,7,"nacharbeiten"
"chademo","CHAdeMO",false,0,0,1,0,1,1,1,1,1,1,7,"nacharbeiten"
"checks-and-balances","Checks and Balances",false,0,0,1,0,1,1,1,1,1,1,7,"nacharbeiten"
"chicago-school","Chicago School",false,0,0,1,0,1,1,1,1,1,1,7,"nacharbeiten"
"circular-economy-butterfly-model","Circular Economy Butterfly Model",false,0,1,1,0,1,1,1,1,1,1,8,"gut, kleine redaktionelle TODOs"
"civic-literacy","Civic Literacy",false,0,0,1,0,1,1,1,1,1,1,7,"nacharbeiten"
"clean-industrial-deal","Clean Industrial Deal",false,0,1,1,0,1,1,1,1,1,1,8,"gut, kleine redaktionelle TODOs"
"climate-neutral-claim","Climate Neutral Claim",false,0,1,1,0,1,1,1,1,1,1,8,"gut, kleine redaktionelle TODOs"
"co2-preis","CO2-Preis",false,0,0,1,0,1,1,1,1,1,1,7,"nacharbeiten"
"co2e","CO2e / CO2-Äquivalent",false,0,1,1,0,1,1,1,1,1,1,8,"gut, kleine redaktionelle TODOs"
"coase-theorem","Coase-Theorem",false,0,0,1,0,1,1,1,1,1,1,7,"nacharbeiten"
"commons","Commons",false,0,1,1,0,1,1,1,1,1,1,8,"gut, kleine redaktionelle TODOs"
"commons-gemeingueter","Commons / Gemeingüter",false,0,0,1,0,1,1,1,1,1,1,7,"nacharbeiten"
"conflict-minerals-regulation","Conflict Minerals Regulation",false,0,0,1,0,1,1,1,1,1,1,7,"nacharbeiten"
"contracts-for-difference","Contracts for Difference / CfD",false,0,0,1,0,1,1,1,1,1,1,7,"nacharbeiten"
"cooling-off-regel","Cooling-off-Regel",false,0,0,1,0,1,1,1,1,1,1,7,"nacharbeiten"
"corporate-capture","Corporate Capture",false,0,1,1,0,1,1,1,1,1,1,8,"gut, kleine redaktionelle TODOs"
"cradle-to-cradle","Cradle to Cradle",true,1,1,1,1,1,1,1,1,1,1,10,"veroeffentlichungsreif"
"cradle-to-gate","Cradle-to-Gate",false,0,0,1,0,1,1,1,1,1,1,7,"nacharbeiten"
"cradle-to-grave","Cradle-to-Grave",false,0,0,1,0,1,1,1,1,1,1,7,"nacharbeiten"
"csddd","CSDDD",false,0,1,1,0,1,1,1,1,1,1,8,"gut, kleine redaktionelle TODOs"
"cso","CSO",false,0,0,1,0,1,1,1,1,1,1,7,"nacharbeiten"
"csrd","CSRD",false,0,1,1,0,1,1,1,1,1,1,8,"gut, kleine redaktionelle TODOs"
"dao","Dao / Tao",false,0,1,1,0,1,1,1,1,1,1,8,"gut, kleine redaktionelle TODOs"
"dark-money","Dark Money",false,0,1,1,0,1,1,1,1,1,1,8,"gut, kleine redaktionelle TODOs"
"daseinsvorsorge","Daseinsvorsorge",false,0,1,1,0,1,1,1,1,1,1,8,"gut, kleine redaktionelle TODOs"
"datenluecke","Datenlücke",false,0,0,1,0,1,1,1,1,1,1,7,"nacharbeiten"
"datenqualitaet","Datenqualität",true,1,1,1,1,1,0,1,1,1,1,9,"gut, kleine redaktionelle TODOs"
"dc-laden","DC-Laden",false,0,1,1,0,1,1,1,1,1,1,8,"gut, kleine redaktionelle TODOs"
"degradation-batterie","Degradation",false,0,0,1,0,1,1,1,1,1,1,7,"nacharbeiten"
"deliberation","Deliberation",false,0,1,1,0,1,1,1,1,1,1,8,"gut, kleine redaktionelle TODOs"
"deliberative-demokratie","Deliberative Demokratie",false,0,0,1,0,1,1,1,1,1,1,7,"nacharbeiten"
"demand-response","Demand Response",false,0,1,1,0,1,1,1,1,1,1,8,"gut, kleine redaktionelle TODOs"
"demokratie","Demokratie",false,0,1,1,0,1,1,1,1,1,1,8,"gut, kleine redaktionelle TODOs"
"demokratiefeindlichkeit","Demokratiefeindlichkeit",false,0,0,1,0,1,1,1,1,1,1,7,"nacharbeiten"
"demokratiekompetenz","Demokratiekompetenz",false,0,0,1,0,1,1,1,1,1,1,7,"nacharbeiten"
"demokratieprinzip","Demokratieprinzip",false,0,1,1,0,1,1,1,1,1,1,8,"gut, kleine redaktionelle TODOs"
"demokratiequalitaet","Demokratiequalität",false,0,1,1,0,1,1,1,1,1,1,8,"gut, kleine redaktionelle TODOs"
"demokratieskepsis","Demokratieskepsis",false,0,0,1,0,1,1,1,1,1,1,7,"nacharbeiten"
"demokratische-erosion","Demokratische Erosion",false,0,1,1,0,1,1,1,1,1,1,8,"gut, kleine redaktionelle TODOs"
"demokratische-korrekturfaehigkeit","Demokratische Korrekturfähigkeit",false,0,1,1,0,1,1,1,1,1,1,8,"gut, kleine redaktionelle TODOs"
"demokratische-oeffentlichkeit","Demokratische Öffentlichkeit",false,0,0,1,0,1,1,1,1,1,1,7,"nacharbeiten"
"demokratische-resilienz","Demokratische Resilienz",false,0,1,1,0,1,1,1,1,1,1,8,"gut, kleine redaktionelle TODOs"
"demokratische-rueckkopplung","Demokratische Rückkopplung",false,0,1,1,0,1,1,1,1,1,1,8,"gut, kleine redaktionelle TODOs"
"demokratische-wirkungsarchitektur","Demokratische Wirkungsarchitektur",false,0,1,1,0,1,1,1,1,1,1,8,"gut, kleine redaktionelle TODOs"
"demokratischer-sozialismus","Demokratischer Sozialismus",false,0,0,1,0,1,1,1,1,1,1,7,"nacharbeiten"
"demokratisches-mandat","Demokratisches Mandat",false,0,1,1,0,1,1,1,1,1,1,8,"gut, kleine redaktionelle TODOs"
"depotladen","Depotladen",false,0,0,1,0,1,1,1,1,1,1,7,"nacharbeiten"
"deregulierung","Deregulierung",false,0,1,1,0,1,1,1,1,1,1,8,"gut, kleine redaktionelle TODOs"
"design-for-disassembly","Design for Disassembly",false,0,0,1,0,1,1,1,1,1,1,7,"nacharbeiten"
"design-thinking","Design Thinking",false,0,0,1,0,1,1,1,1,1,1,7,"nacharbeiten"
"destruktive-vertrauensbindung","Destruktive Vertrauensbindung",false,0,1,1,0,1,1,1,1,1,1,8,"gut, kleine redaktionelle TODOs"
"destruktives-narrativ","Destruktives Narrativ",false,0,1,1,0,1,1,1,1,1,1,8,"gut, kleine redaktionelle TODOs"
"dezentralisierung","Dezentralisierung",false,0,1,1,0,1,1,1,1,1,1,8,"gut, kleine redaktionelle TODOs"
"dezentralisierung-von-macht","Dezentralisierung von Macht",false,0,0,1,0,1,1,1,1,1,1,7,"nacharbeiten"
"diffusion","Diffusion",false,0,0,1,0,1,1,1,1,1,1,7,"nacharbeiten"
"digitale-selbstbestimmung","Digitale Selbstbestimmung",false,0,0,1,0,1,1,1,1,1,1,7,"nacharbeiten"
"digitaler-produktpass","Digitaler Produktpass",true,1,1,1,1,1,0,1,1,1,1,9,"gut, kleine redaktionelle TODOs"
"digitalisierung","Digitalisierung",false,0,0,1,0,1,1,1,1,1,1,7,"nacharbeiten"
"diktatur","Diktatur",false,0,0,1,0,1,1,1,1,1,1,7,"nacharbeiten"
"direkte-demokratie","Direkte Demokratie",false,0,0,1,0,1,1,1,1,1,1,7,"nacharbeiten"
"direktrecycling-batterie","Direktrecycling",false,0,0,1,0,1,1,1,1,1,1,7,"nacharbeiten"
"diskriminierungsverbot","Diskriminierungsverbot",false,0,1,1,0,1,1,1,1,1,1,8,"gut, kleine redaktionelle TODOs"
"diskursfaehigkeit","Diskursfähigkeit",false,0,1,1,0,1,1,1,1,1,1,8,"gut, kleine redaktionelle TODOs"
"dissonanzreduktion","Dissonanzreduktion",false,0,1,1,0,1,1,1,1,1,1,8,"gut, kleine redaktionelle TODOs"
"dnsh","DNSH / Do No Significant Harm",false,0,1,1,0,1,1,1,1,1,1,8,"gut, kleine redaktionelle TODOs"
"dominanzlogik","Dominanzlogik",false,0,1,1,0,1,1,1,1,1,1,8,"gut, kleine redaktionelle TODOs"
"donella-meadows","Donella Meadows",false,0,1,1,0,1,1,1,1,1,1,8,"gut, kleine redaktionelle TODOs"
"donor-dependency","Donor Dependency",false,0,1,1,0,1,1,1,1,1,1,8,"gut, kleine redaktionelle TODOs"
"doppelte-wesentlichkeit","Doppelte Wesentlichkeit",false,0,1,1,0,1,1,1,1,1,1,8,"gut, kleine redaktionelle TODOs"
"downcycling","Downcycling",false,0,0,1,0,1,1,1,1,1,1,7,"nacharbeiten"
"drehtuer-effekt","Drehtür-Effekt",false,0,0,1,0,1,1,1,1,1,1,7,"nacharbeiten"
"dunkelflaute","Dunkelflaute",false,0,0,1,0,1,1,1,1,1,1,7,"nacharbeiten"
"dynamischer-stromtarif","Dynamischer Stromtarif",false,0,1,1,0,1,1,1,1,1,1,8,"gut, kleine redaktionelle TODOs"
"dynamisches-lastmanagement","Dynamisches Lastmanagement",false,0,0,1,0,1,1,1,1,1,1,7,"nacharbeiten"
"eeg","EEG",false,0,0,1,0,1,1,1,1,1,1,7,"nacharbeiten"
"effektivitaet","Effektivität",false,0,1,1,0,1,1,1,1,1,1,8,"gut, kleine redaktionelle TODOs"
"effektivitaet-vs-effizienz","Effektivität vs. Effizienz",false,0,0,1,0,1,1,1,1,1,1,7,"nacharbeiten"
"effizienz","Effizienz",false,0,1,1,0,1,1,1,1,1,1,8,"gut, kleine redaktionelle TODOs"
"efrag","EFRAG",false,0,0,1,0,1,1,1,1,1,1,7,"nacharbeiten"
"ehrliche-preise","Ehrliche Preise",true,0,1,1,1,1,0,1,1,1,1,8,"gut, kleine redaktionelle TODOs"
"eichrecht-ladeinfrastruktur","Eichrecht Ladeinfrastruktur",false,0,1,1,0,1,1,1,1,1,1,8,"gut, kleine redaktionelle TODOs"
"eigentum-verpflichtet","Eigentum verpflichtet",false,0,0,1,0,1,1,1,1,1,1,7,"nacharbeiten"
"eigentumsrechte","Eigentumsrechte",false,0,1,1,0,1,1,1,1,1,1,8,"gut, kleine redaktionelle TODOs"
"eigentumsverantwortung","Eigentumsverantwortung",false,0,1,1,0,1,1,1,1,1,1,8,"gut, kleine redaktionelle TODOs"
"eigenversorgung","Eigenversorgung",false,0,1,1,0,1,1,1,1,1,1,8,"gut, kleine redaktionelle TODOs"
"einparteienstaat","Einparteienstaat",false,0,0,1,0,1,1,1,1,1,1,7,"nacharbeiten"
"einspeisemanagement","Einspeisemanagement",false,0,0,1,0,1,1,1,1,1,1,7,"nacharbeiten"
"einspeiseverguetung","Einspeisevergütung",false,0,0,1,0,1,1,1,1,1,1,7,"nacharbeiten"
"elektorale-autokratie","Elektorale Autokratie",false,0,0,1,0,1,1,1,1,1,1,7,"nacharbeiten"
"elektromobilitaet","Elektromobilität",false,0,0,1,0,1,1,1,1,1,1,7,"nacharbeiten"
"elektromobilitaetsdienstleister","Elektromobilitätsdienstleister / EMP",false,0,0,1,0,1,1,1,1,1,1,7,"nacharbeiten"
"elinor-ostrom","Elinor Ostrom",false,0,0,1,0,1,1,1,1,1,1,7,"nacharbeiten"
"emergenz","Emergenz",false,0,1,1,0,1,1,1,1,1,1,8,"gut, kleine redaktionelle TODOs"
"emissionsfaktor","Emissionsfaktor",false,0,1,1,0,1,1,1,1,1,1,8,"gut, kleine redaktionelle TODOs"
"emissionshandel","Emissionshandel",false,0,0,1,0,1,1,1,1,1,1,7,"nacharbeiten"
"emotionale-arbeit","Emotionale Arbeit",false,0,0,1,0,1,1,1,1,1,1,7,"nacharbeiten"
"emotionsregulation","Emotionsregulation",false,0,1,1,0,1,1,1,1,1,1,8,"gut, kleine redaktionelle TODOs"
"empowering-consumers-green-transition","Empowering Consumers for the Green Transition",false,0,0,1,0,1,1,1,1,1,1,7,"nacharbeiten"
"endenergie","Endenergie",false,0,0,1,0,1,1,1,1,1,1,7,"nacharbeiten"
"energie","Energie",false,0,0,1,0,1,1,1,1,1,1,7,"nacharbeiten"
"energiearmut","Energiearmut",false,0,1,1,0,1,1,1,1,1,1,8,"gut, kleine redaktionelle TODOs"
"energieautonomie","Energieautonomie",false,0,1,1,0,1,1,1,1,1,1,8,"gut, kleine redaktionelle TODOs"
"energiedichte","Energiedichte",false,0,0,1,0,1,1,1,1,1,1,7,"nacharbeiten"
"energieeffizienz","Energieeffizienz",false,0,0,1,0,1,1,1,1,1,1,7,"nacharbeiten"
"energiegemeinschaft","Energiegemeinschaft",false,1,1,1,0,1,1,1,1,1,1,9,"gut, kleine redaktionelle TODOs"
"energiegenossenschaft","Energiegenossenschaft",false,1,1,1,0,1,1,1,1,1,1,9,"gut, kleine redaktionelle TODOs"
"energieinfrastruktur","Energieinfrastruktur",false,0,1,1,0,1,1,1,1,1,1,8,"gut, kleine redaktionelle TODOs"
"energiemanagementsystem","Energiemanagementsystem / EMS",false,0,0,1,0,1,1,1,1,1,1,7,"nacharbeiten"
"energiesicherheit","Energiesicherheit",false,0,0,1,0,1,1,1,1,1,1,7,"nacharbeiten"
"energieumwandlung","Energieumwandlung",false,0,1,1,0,1,1,1,1,1,1,8,"gut, kleine redaktionelle TODOs"
"energiewirtschaft","Energiewirtschaft",false,0,1,1,0,1,1,1,1,1,1,8,"gut, kleine redaktionelle TODOs"
"energiewirtschaftsgesetz","Energiewirtschaftsgesetz / EnWG",false,0,0,1,0,1,1,1,1,1,1,7,"nacharbeiten"
"energy-only-markt","Energy-only-Markt",false,0,0,1,0,1,1,1,1,1,1,7,"nacharbeiten"
"energy-sharing","Energy Sharing",false,1,1,1,0,1,1,1,1,1,1,9,"gut, kleine redaktionelle TODOs"
"enterprise-risk-management-nach-wirkung","Enterprise Risk Management nach Wirkung",true,0,1,1,1,1,1,1,1,1,1,9,"gut, kleine redaktionelle TODOs"
"entfremdung","Entfremdung",false,0,0,1,0,1,1,1,1,1,1,7,"nacharbeiten"
"entmenschlichung","Entmenschlichung",false,0,1,1,0,1,1,1,1,1,1,8,"gut, kleine redaktionelle TODOs"
"entropie","Entropie",false,0,0,1,0,1,1,1,1,1,1,7,"nacharbeiten"
"environmental-product-declaration","Environmental Product Declaration / EPD",false,0,0,1,0,1,1,1,1,1,1,7,"nacharbeiten"
"epd","EPD / Environmental Product Declaration",false,0,1,1,0,1,1,1,1,1,1,8,"gut, kleine redaktionelle TODOs"
"epistemische-gemeinschaft","Epistemische Gemeinschaft",false,0,0,1,0,1,1,1,1,1,1,7,"nacharbeiten"
"erfindung","Erfindung",false,0,0,1,0,1,1,1,1,1,1,7,"nacharbeiten"
"erlernte-hilflosigkeit","Erlernte Hilflosigkeit",false,0,1,1,0,1,1,1,1,1,1,8,"gut, kleine redaktionelle TODOs"
"ermoeglichende-taetigkeit","Ermöglichende Tätigkeit",false,0,0,1,0,1,1,1,1,1,1,7,"nacharbeiten"
"ernaehrungssouveraenitaet","Ernährungssouveränität",false,0,0,1,0,1,1,1,1,1,1,7,"nacharbeiten"
"erneuerbare-energien","Erneuerbare Energien",false,0,1,1,0,1,1,1,1,1,1,8,"gut, kleine redaktionelle TODOs"
"ernst-von-glasersfeld","Ernst von Glasersfeld",false,0,0,1,0,1,1,1,1,1,1,7,"nacharbeiten"
"erweiterte-herstellerverantwortung","Erweiterte Herstellerverantwortung",false,0,0,1,0,1,1,1,1,1,1,7,"nacharbeiten"
"erwerbsarbeitslogik","Erwerbsarbeitslogik",false,0,1,1,0,1,1,1,1,1,1,8,"gut, kleine redaktionelle TODOs"
"erwerbsbiografie","Erwerbsbiografie",false,0,1,1,0,1,1,1,1,1,1,8,"gut, kleine redaktionelle TODOs"
"esap","ESAP / European Single Access Point",false,0,1,1,0,1,1,1,1,1,1,8,"gut, kleine redaktionelle TODOs"
"esef","ESEF",false,0,0,1,0,1,1,1,1,1,1,7,"nacharbeiten"
"esg","ESG",false,0,1,1,0,1,1,1,1,1,1,8,"gut, kleine redaktionelle TODOs"
"espr","ESPR / Ecodesign for Sustainable Products Regulation",false,0,1,1,0,1,1,1,1,1,1,8,"gut, kleine redaktionelle TODOs"
"esrs","ESRS",false,0,1,1,0,1,1,1,1,1,1,8,"gut, kleine redaktionelle TODOs"
"esrs-themenstandards","ESRS-Themenstandards",false,0,0,1,0,1,1,1,1,1,1,7,"nacharbeiten"
"eu-climate-law","EU Climate Law / Europäisches Klimagesetz",false,0,1,1,0,1,1,1,1,1,1,8,"gut, kleine redaktionelle TODOs"
"eu-ecolabel","EU Ecolabel",false,0,0,1,0,1,1,1,1,1,1,7,"nacharbeiten"
"eu-green-bond-standard","EU Green Bond Standard",false,0,0,1,0,1,1,1,1,1,1,7,"nacharbeiten"
"eu-taxonomie","EU-Taxonomie",false,0,1,1,0,1,1,1,1,1,1,8,"gut, kleine redaktionelle TODOs"
"eudr","EUDR / EU Deforestation Regulation",false,0,1,1,0,1,1,1,1,1,1,8,"gut, kleine redaktionelle TODOs"
"european-green-deal","European Green Deal / Europäischer Green Deal",false,0,1,1,0,1,1,1,1,1,1,8,"gut, kleine redaktionelle TODOs"
"evolutorischer-unternehmer","Evolutorischer Unternehmer",false,0,0,1,0,1,1,1,1,1,1,7,"nacharbeiten"
"expertinnenlobbyismus","Expert:innenlobbyismus",false,0,0,1,0,1,1,1,1,1,1,7,"nacharbeiten"
"exposition","Exposition",false,0,0,1,0,1,1,1,1,1,1,7,"nacharbeiten"
"externalisierung","Externalisierung",false,0,1,1,0,1,1,1,1,1,1,8,"gut, kleine redaktionelle TODOs"
"externalitaet","Externalität",false,0,1,1,0,1,1,1,1,1,1,8,"gut, kleine redaktionelle TODOs"
"extraktiver-kapitalismus","Extraktiver Kapitalismus",false,0,1,1,0,1,1,1,1,1,1,8,"gut, kleine redaktionelle TODOs"
"extrem","Extrem",false,0,0,1,0,1,1,1,1,1,1,7,"nacharbeiten"
"extremismus","Extremismus",false,0,1,1,0,1,1,1,1,1,1,8,"gut, kleine redaktionelle TODOs"
"fakten","Fakten",false,0,1,1,0,1,1,1,1,1,1,8,"gut, kleine redaktionelle TODOs"
"faktenargumentation","Faktenargumentation",false,0,1,1,0,1,1,1,1,1,1,8,"gut, kleine redaktionelle TODOs"
"faktencheck","Faktencheck",false,1,1,1,0,1,1,1,1,1,1,9,"gut, kleine redaktionelle TODOs"
"faktenreaktanz","Faktenreaktanz",false,0,1,1,0,1,1,1,1,1,1,8,"gut, kleine redaktionelle TODOs"
"false-balance","False Balance",false,0,0,1,0,1,1,1,1,1,1,7,"nacharbeiten"
"faschismus","Faschismus",false,0,1,1,0,1,1,1,1,1,1,8,"gut, kleine redaktionelle TODOs"
"faschistoid","Faschistoid",false,0,1,1,0,1,1,1,1,1,1,8,"gut, kleine redaktionelle TODOs"
"faserverbundwerkstoff","Faserverbundwerkstoff",false,0,0,1,0,1,1,1,1,1,1,7,"nacharbeiten"
"feindbildlogik","Feindbildlogik",false,0,1,1,0,1,1,1,1,1,1,8,"gut, kleine redaktionelle TODOs"
"feminisierung-von-armut","Feminisierung von Armut",false,0,0,1,0,1,1,1,1,1,1,7,"nacharbeiten"
"feminismus","Feminismus",false,0,1,1,0,1,1,1,1,1,1,8,"gut, kleine redaktionelle TODOs"
"feministische-oekonomie","Feministische Ökonomie",false,0,1,1,0,1,1,1,1,1,1,8,"gut, kleine redaktionelle TODOs"
"feministische-transformation","Feministische Transformation",false,0,0,1,0,1,1,1,1,1,1,7,"nacharbeiten"
"feministische-wirtschaftspolitik","Feministische Wirtschaftspolitik",false,0,0,1,0,1,1,1,1,1,1,7,"nacharbeiten"
"fernwirktechnik","Fernwirktechnik",false,0,0,1,0,1,1,1,1,1,1,7,"nacharbeiten"
"feststoffbatterie","Feststoffbatterie",false,0,0,1,0,1,1,1,1,1,1,7,"nacharbeiten"
"finalscore","FinalScore",true,1,1,1,1,1,0,1,1,1,1,9,"gut, kleine redaktionelle TODOs"
"finanzmarktkapitalismus","Finanzmarktkapitalismus",false,0,0,1,0,1,1,1,1,1,1,7,"nacharbeiten"
"fit-for-55","Fit for 55",false,0,1,1,0,1,1,1,1,1,1,8,"gut, kleine redaktionelle TODOs"
"flexibilitaet-energiesystem","Flexibilität im Energiesystem",false,0,0,1,0,1,1,1,1,1,1,7,"nacharbeiten"
"flexibilitaetsmarkt","Flexibilitätsmarkt",false,0,0,1,0,1,1,1,1,1,1,7,"nacharbeiten"
"folgencheck","Folgencheck",false,1,1,1,0,1,1,1,1,1,1,9,"gut, kleine redaktionelle TODOs"
"folgewirkung","Folgewirkung",false,0,1,1,0,1,1,1,1,1,1,8,"gut, kleine redaktionelle TODOs"
"forced-labour-regulation","Forced Labour Regulation",false,0,0,1,0,1,1,1,1,1,1,7,"nacharbeiten"
"fossiles-kraftwerk","Fossiles Kraftwerk",false,0,1,1,0,1,1,1,1,1,1,8,"gut, kleine redaktionelle TODOs"
"framing","Frame / Framing",false,0,1,1,0,1,1,1,1,1,1,8,"gut, kleine redaktionelle TODOs"
"frederic-vester","Frederic Vester",false,0,0,1,0,1,1,1,1,1,1,7,"nacharbeiten"
"fredmund-malik","Fredmund Malik",false,0,0,1,0,1,1,1,1,1,1,7,"nacharbeiten"
"freie-und-faire-wahlen","Freie und faire Wahlen",false,0,1,1,0,1,1,1,1,1,1,8,"gut, kleine redaktionelle TODOs"
"frequenzhaltung","Frequenzhaltung",false,0,0,1,0,1,1,1,1,1,1,7,"nacharbeiten"
"friedlicher-machtwechsel","Friedlicher Machtwechsel",false,0,0,1,0,1,1,1,1,1,1,7,"nacharbeiten"
"friedrich-hayek","Friedrich Hayek",false,0,0,1,0,1,1,1,1,1,1,7,"nacharbeiten"
"fuehrerkult","Führerkult",false,0,0,1,0,1,1,1,1,1,1,7,"nacharbeiten"
"fuehrerprinzip","Führerprinzip",false,0,0,1,0,1,1,1,1,1,1,7,"nacharbeiten"
"fuenftes-p-planet","5. P = Planet",true,0,1,1,1,1,0,1,1,1,1,8,"gut, kleine redaktionelle TODOs"
"gaskraftwerk","Gaskraftwerk",false,0,0,1,0,1,1,1,1,1,1,7,"nacharbeiten"
"gebrauchsgueter","Gebrauchsgüter",false,0,0,1,0,1,1,1,1,1,1,7,"nacharbeiten"
"gebrauchswert","Gebrauchswert",false,0,0,1,0,1,1,1,1,1,1,7,"nacharbeiten"
"gedaechtniskonsolidierung","Gedächtniskonsolidierung",false,0,0,1,0,1,1,1,1,1,1,7,"nacharbeiten"
"gedankenlosigkeit","Gedankenlosigkeit",false,0,0,1,0,1,1,1,1,1,1,7,"nacharbeiten"
"geld","Geld",false,0,1,1,0,1,1,1,1,1,1,8,"gut, kleine redaktionelle TODOs"
"gemeineigentum","Gemeineigentum",false,0,0,1,0,1,1,1,1,1,1,7,"nacharbeiten"
"gender-budgeting","Gender Budgeting",false,0,0,1,0,1,1,1,1,1,1,7,"nacharbeiten"
"gender-care-gap","Gender Care Gap",false,0,1,1,0,1,1,1,1,1,1,8,"gut, kleine redaktionelle TODOs"
"gender-data-gap","Gender Data Gap",false,0,1,1,0,1,1,1,1,1,1,8,"gut, kleine redaktionelle TODOs"
"gender-mainstreaming","Gender Mainstreaming",false,0,0,1,0,1,1,1,1,1,1,7,"nacharbeiten"
"gender-pay-gap","Gender Pay Gap",false,0,1,1,0,1,1,1,1,1,1,8,"gut, kleine redaktionelle TODOs"
"gender-pension-gap","Gender Pension Gap",false,0,1,1,0,1,1,1,1,1,1,8,"gut, kleine redaktionelle TODOs"
"generationengerechtigkeit","Generationengerechtigkeit",false,0,0,1,0,1,1,1,1,1,1,7,"nacharbeiten"
"genossenschaft","Genossenschaft",false,0,1,1,0,1,1,1,1,1,1,8,"gut, kleine redaktionelle TODOs"
"genossenschaftsblindheit","Genossenschaftsblindheit",false,0,0,1,0,1,1,1,1,1,1,7,"nacharbeiten"
"geothermie","Geothermie",false,0,0,1,0,1,1,1,1,1,1,7,"nacharbeiten"
"geplante-obsoleszenz","Geplante Obsoleszenz",false,0,1,1,0,1,1,1,1,1,1,8,"gut, kleine redaktionelle TODOs"
"geschaeftsmodellpruefung","Geschäftsmodellprüfung",true,0,1,1,1,1,1,1,1,1,1,9,"gut, kleine redaktionelle TODOs"
"geschlossene-autokratie","Geschlossene Autokratie",false,0,0,1,0,1,1,1,1,1,1,7,"nacharbeiten"
"gesellschaft","Gesellschaft",false,0,0,1,0,1,1,1,1,1,1,7,"nacharbeiten"
"gesellschaftliche-stabilitaet","Gesellschaftliche Stabilität",false,0,1,1,0,1,1,1,1,1,1,8,"gut, kleine redaktionelle TODOs"
"gesetz","Gesetz",false,0,0,1,0,1,1,1,1,1,1,7,"nacharbeiten"
"gesicherte-leistung","Gesicherte Leistung",false,0,1,1,0,1,1,1,1,1,1,8,"gut, kleine redaktionelle TODOs"
"gesundheit","Gesundheit",false,0,1,1,0,1,1,1,1,1,1,8,"gut, kleine redaktionelle TODOs"
"gesundheitsdividende","Gesundheitsdividende",false,0,1,1,0,1,1,1,1,1,1,8,"gut, kleine redaktionelle TODOs"
"gesundheitsgerechtigkeit","Gesundheitsgerechtigkeit",false,0,0,1,0,1,1,1,1,1,1,7,"nacharbeiten"
"gesundheitskasse","Gesundheitskasse",false,0,1,1,0,1,1,1,1,1,1,8,"gut, kleine redaktionelle TODOs"
"gesundheitssystem","Gesundheitssystem",false,0,1,1,0,1,1,1,1,1,1,8,"gut, kleine redaktionelle TODOs"
"gesundheitswirkung","Gesundheitswirkung",false,0,1,1,0,1,1,1,1,1,1,8,"gut, kleine redaktionelle TODOs"
"gewaltenteilung","Gewaltenteilung",false,0,1,1,0,1,1,1,1,1,1,8,"gut, kleine redaktionelle TODOs"
"gewaltenteilungsabbau","Gewaltenteilungsabbau",false,0,0,1,0,1,1,1,1,1,1,7,"nacharbeiten"
"gewerbespeicher","Gewerbespeicher",false,0,0,1,0,1,1,1,1,1,1,7,"nacharbeiten"
"gewinn-als-test","Gewinn als Test",false,0,0,1,0,1,1,1,1,1,1,7,"nacharbeiten"
"gewoehnung","Gewöhnung / Habituation",false,0,0,1,0,1,1,1,1,1,1,7,"nacharbeiten"
"ghg-protocol","GHG Protocol",false,0,1,1,0,1,1,1,1,1,1,8,"gut, kleine redaktionelle TODOs"
"glaeserne-decke","Gläserne Decke",false,0,0,1,0,1,1,1,1,1,1,7,"nacharbeiten"
"glaeserne-klippe","Gläserne Klippe",false,0,0,1,0,1,1,1,1,1,1,7,"nacharbeiten"
"glasfaserverstaerkter-kunststoff","Glasfaserverstärkter Kunststoff / GFK",false,0,0,1,0,1,1,1,1,1,1,7,"nacharbeiten"
"gleichbehandlung","Gleichbehandlung",false,0,0,1,0,1,1,1,1,1,1,7,"nacharbeiten"
"gleichberechtigung","Gleichberechtigung",false,0,0,1,0,1,1,1,1,1,1,7,"nacharbeiten"
"gleichheit","Gleichheit",false,0,0,1,0,1,1,1,1,1,1,7,"nacharbeiten"
"gleichstellung","Gleichstellung",false,0,1,1,0,1,1,1,1,1,1,8,"gut, kleine redaktionelle TODOs"
"gleichstellungsfolgenabschaetzung","Gleichstellungsfolgenabschätzung",false,0,0,1,0,1,1,1,1,1,1,7,"nacharbeiten"
"gleichwertigkeit","Gleichwertigkeit",false,0,1,1,0,1,1,1,1,1,1,8,"gut, kleine redaktionelle TODOs"
"gleichzeitigkeit-ladeinfrastruktur","Gleichzeitigkeit",false,0,0,1,0,1,1,1,1,1,1,7,"nacharbeiten"
"global-warming-potential","Global Warming Potential / GWP",false,0,0,1,0,1,1,1,1,1,1,7,"nacharbeiten"
"glossar-backlink-audit","Glossar-Backlink-Audit",false,0,0,1,0,1,1,1,1,1,1,7,"nacharbeiten"
"glossar-publizierungsprozess","Glossar-Publizierungsprozess",false,0,0,1,0,1,1,1,1,1,1,7,"nacharbeiten"
"gongo","GONGO",false,0,0,1,0,1,1,1,1,1,1,7,"nacharbeiten"
"grassroots-bewegung","Grassroots-Bewegung",false,0,0,1,0,1,1,1,1,1,1,7,"nacharbeiten"
"grauer-wasserstoff","Grauer Wasserstoff",false,0,0,1,0,1,1,1,1,1,1,7,"nacharbeiten"
"green-claims-directive","Green Claims Directive",false,0,1,1,0,1,1,1,1,1,1,8,"gut, kleine redaktionelle TODOs"
"green-deal-industrial-plan","Green Deal Industrial Plan",false,0,0,1,0,1,1,1,1,1,1,7,"nacharbeiten"
"greenwashing","Greenwashing",true,0,1,1,1,1,0,1,1,1,1,8,"gut, kleine redaktionelle TODOs"
"gregory-bateson","Gregory Bateson",false,0,0,1,0,1,1,1,1,1,1,7,"nacharbeiten"
"grenzkosten","Grenzkosten",false,0,1,1,0,1,1,1,1,1,1,8,"gut, kleine redaktionelle TODOs"
"grenzkraftwerk","Grenzkraftwerk",false,0,0,1,0,1,1,1,1,1,1,7,"nacharbeiten"
"grenznutzen","Grenznutzen",false,0,0,1,0,1,1,1,1,1,1,7,"nacharbeiten"
"gri","GRI",false,0,0,1,0,1,1,1,1,1,1,7,"nacharbeiten"
"gruener-kapitalismus","Grüner Kapitalismus",false,0,0,1,0,1,1,1,1,1,1,7,"nacharbeiten"
"gruener-wasserstoff","Grüner Wasserstoff",false,0,0,1,0,1,1,1,1,1,1,7,"nacharbeiten"
"gruenstrom","Grünstrom",false,0,0,1,0,1,1,1,1,1,1,7,"nacharbeiten"
"grunddividende","Grunddividende",true,1,1,1,1,1,0,0,1,1,1,8,"gut, kleine redaktionelle TODOs"
"grundgesetz","Grundgesetz",false,0,1,1,0,1,1,1,1,1,1,8,"gut, kleine redaktionelle TODOs"
"grundlast","Grundlast",false,0,0,1,0,1,1,1,1,1,1,7,"nacharbeiten"
"grundrechte","Grundrechte",false,0,1,1,0,1,1,1,1,1,1,8,"gut, kleine redaktionelle TODOs"
"habitatfragmentierung","Habitatfragmentierung",false,0,1,1,0,1,1,1,1,1,1,8,"gut, kleine redaktionelle TODOs"
"habitatverlust","Habitatverlust",false,0,1,1,0,1,1,1,1,1,1,8,"gut, kleine redaktionelle TODOs"
"halbleiter","Halbleiter",false,0,0,1,0,1,1,1,1,1,1,7,"nacharbeiten"
"haltung","Haltung",false,0,0,1,0,1,1,1,1,1,1,7,"nacharbeiten"
"handeln-arendt","Handeln",false,0,0,1,0,1,1,1,1,1,1,7,"nacharbeiten"
"handlung","Handlung",false,0,1,1,0,1,1,1,1,1,1,8,"gut, kleine redaktionelle TODOs"
"handlungsdruck","Handlungsdruck",false,0,0,1,0,1,1,1,1,1,1,7,"nacharbeiten"
"handlungsfaehigkeit","Handlungsfähigkeit",false,0,0,1,0,1,1,1,1,1,1,7,"nacharbeiten"
"handlungspfad","Handlungspfad",false,0,0,1,0,1,1,1,1,1,1,7,"nacharbeiten"
"handlungsspielraum","Handlungsspielraum",false,0,1,1,0,1,1,1,1,1,1,8,"gut, kleine redaktionelle TODOs"
"hannah-arendt","Hannah Arendt",false,0,1,1,0,1,1,1,1,1,1,8,"gut, kleine redaktionelle TODOs"
"hans-ulrich","Hans Ulrich",false,0,0,1,0,1,1,1,1,1,1,7,"nacharbeiten"
"hard-to-abate-sektoren","Hard-to-abate-Sektoren",false,0,1,1,0,1,1,1,1,1,1,8,"gut, kleine redaktionelle TODOs"
"haushaltsneutralitaet","Haushaltsneutralität",false,0,0,1,0,1,1,1,1,1,1,7,"nacharbeiten"
"hazardous-substances","Hazardous Substances / gefährliche Stoffe",false,0,0,1,0,1,1,1,1,1,1,7,"nacharbeiten"
"health-co-benefits","Health Co-Benefits / Gesundheits-Co-Benefits",false,0,0,1,0,1,1,1,1,1,1,7,"nacharbeiten"
"health-impact-assessment","Health Impact Assessment / HIA",false,0,1,1,0,1,1,1,1,1,1,8,"gut, kleine redaktionelle TODOs"
"hebelpunkt","Hebelpunkt",false,0,1,1,0,1,1,1,1,1,1,8,"gut, kleine redaktionelle TODOs"
"hebelwirkung","Hebelwirkung",false,0,0,1,0,1,1,1,1,1,1,7,"nacharbeiten"
"heimspeicher","Heimspeicher",false,0,0,1,0,1,1,1,1,1,1,7,"nacharbeiten"
"heinz-von-foerster","Heinz von Foerster",false,0,0,1,0,1,1,1,1,1,1,7,"nacharbeiten"
"heritage-foundation","Heritage Foundation",false,0,1,1,0,1,1,1,1,1,1,8,"gut, kleine redaktionelle TODOs"
"herkunftsnachweis","Herkunftsnachweis",false,0,0,1,0,1,1,1,1,1,1,7,"nacharbeiten"
"herkunftsnachweis-hkn","Herkunftsnachweis / HKN",false,1,1,1,0,1,1,1,1,1,1,9,"gut, kleine redaktionelle TODOs"
"herkunftstransparenz","Herkunftstransparenz",false,0,1,1,0,1,1,1,1,1,1,8,"gut, kleine redaktionelle TODOs"
"herstellen-arendt","Herstellen",false,0,0,1,0,1,1,1,1,1,1,7,"nacharbeiten"
"hfcs-hydrofluorocarbons","HFCs / Hydrofluorocarbons",false,0,0,1,0,1,1,1,1,1,1,7,"nacharbeiten"
"hitzeschutz-hitzeaktionsplan","Hitzeschutz / Hitzeaktionsplan",false,0,1,1,0,1,1,1,1,1,1,8,"gut, kleine redaktionelle TODOs"
"hitzestress","Hitzestress",false,0,1,1,0,1,1,1,1,1,1,8,"gut, kleine redaktionelle TODOs"
"hochspannung","Hochspannung",false,0,0,1,0,1,1,1,1,1,1,7,"nacharbeiten"
"hochwasserrisiko","Hochwasserrisiko",false,0,0,1,0,1,1,1,1,1,1,7,"nacharbeiten"
"hoechstspannung","Höchstspannung",false,0,0,1,0,1,1,1,1,1,1,7,"nacharbeiten"
"homo-oeconomicus","Homo oeconomicus",false,0,0,1,0,1,1,1,1,1,1,7,"nacharbeiten"
"host-wirkungsscore","Host-Wirkungsscore",false,1,1,1,0,1,1,1,1,1,1,9,"gut, kleine redaktionelle TODOs"
"hotspot-analyse","Hotspot-Analyse",false,0,1,1,0,1,1,1,1,1,1,8,"gut, kleine redaktionelle TODOs"
"hpc-charger","HPC-Charger",false,0,1,1,0,1,1,1,1,1,1,8,"gut, kleine redaktionelle TODOs"
"human-rights-due-diligence","Human Rights Due Diligence / HRDD",false,0,1,1,0,1,1,1,1,1,1,8,"gut, kleine redaktionelle TODOs"
"human-rights-impact-assessment","Human Rights Impact Assessment / HRIA",false,0,1,1,0,1,1,1,1,1,1,8,"gut, kleine redaktionelle TODOs"
"humusaufbau","Humusaufbau",false,0,1,1,0,1,1,1,1,1,1,8,"gut, kleine redaktionelle TODOs"
"hunger-hungerbekaempfung","Hunger / Hungerbekämpfung",false,0,1,1,0,1,1,1,1,1,1,8,"gut, kleine redaktionelle TODOs"
"hybridregime","Hybridregime",false,0,0,1,0,1,1,1,1,1,1,7,"nacharbeiten"
"hydrologischer-kreislauf","Hydrologischer Kreislauf",false,0,1,1,0,1,1,1,1,1,1,8,"gut, kleine redaktionelle TODOs"
"hydrometallurgie","Hydrometallurgie",false,0,0,1,0,1,1,1,1,1,1,7,"nacharbeiten"
"identitaetsschutz","Identitätsschutz / identitätsschützendes Denken",false,0,1,1,0,1,1,1,1,1,1,8,"gut, kleine redaktionelle TODOs"
"idgs","IDGs",false,0,0,1,0,1,1,1,1,1,1,7,"nacharbeiten"
"illiberale-demokratie","Illiberale Demokratie",false,0,1,1,0,1,1,1,1,1,1,8,"gut, kleine redaktionelle TODOs"
"ilo","ILO",false,0,0,1,0,1,1,1,1,1,1,7,"nacharbeiten"
"ilo-kernarbeitsnormen","ILO-Kernarbeitsnormen",false,0,1,1,0,1,1,1,1,1,1,8,"gut, kleine redaktionelle TODOs"
"immanuel-kant","Immanuel Kant",false,0,0,1,0,1,1,1,1,1,1,7,"nacharbeiten"
"impact-fit","Impact Fit",false,0,1,1,0,1,1,1,1,1,1,8,"gut, kleine redaktionelle TODOs"
"impact-value","Impact Value / Wirkungswert",false,0,1,1,0,1,1,1,1,1,1,8,"gut, kleine redaktionelle TODOs"
"impact-washing","Impact-Washing",true,1,1,1,1,1,1,1,1,1,1,10,"veroeffentlichungsreif"
"industrielle-dekonstruktion","Industrielle Dekonstruktion",false,0,0,1,0,1,1,1,1,1,1,7,"nacharbeiten"
"inertia","Inertia / Trägheit",false,0,0,1,0,1,1,1,1,1,1,7,"nacharbeiten"
"informationsasymmetrie","Informationsasymmetrie",false,0,1,1,0,1,1,1,1,1,1,8,"gut, kleine redaktionelle TODOs"
"informationsintegritaet","Informationsintegrität",false,0,1,1,0,1,1,1,1,1,1,8,"gut, kleine redaktionelle TODOs"
"informationsueberlastung","Informationsüberlastung",false,0,0,1,0,1,1,1,1,1,1,7,"nacharbeiten"
"ingroup-outgroup-dynamik","In-Group / Out-Group-Dynamik",false,0,1,1,0,1,1,1,1,1,1,8,"gut, kleine redaktionelle TODOs"
"innere-loops","Innere Loops",false,0,1,1,0,1,1,1,1,1,1,8,"gut, kleine redaktionelle TODOs"
"innovation","Innovation",false,0,1,1,0,1,1,1,1,1,1,8,"gut, kleine redaktionelle TODOs"
"innovativer-unternehmer","Innovativer Unternehmer",false,0,0,1,0,1,1,1,1,1,1,7,"nacharbeiten"
"insetting","Insetting",false,0,0,1,0,1,1,1,1,1,1,7,"nacharbeiten"
"inside-out-outside-in","Inside-out / Outside-in",false,0,0,1,0,1,1,1,1,1,1,7,"nacharbeiten"
"institutioneller-rassismus","Institutioneller Rassismus",false,0,0,1,0,1,1,1,1,1,1,7,"nacharbeiten"
"institutionendelegitimierung","Institutionendelegitimierung",false,0,0,1,0,1,1,1,1,1,1,7,"nacharbeiten"
"institutionenkritik","Institutionenkritik",false,0,0,1,0,1,1,1,1,1,1,7,"nacharbeiten"
"interdependenz","Interdependenz",false,0,1,1,0,1,1,1,1,1,1,8,"gut, kleine redaktionelle TODOs"
"interessenkonflikt","Interessenkonflikt",false,0,0,1,0,1,1,1,1,1,1,7,"nacharbeiten"
"interessenvertretung","Interessenvertretung",false,0,0,1,0,1,1,1,1,1,1,7,"nacharbeiten"
"intersektionalitaet","Intersektionalität",false,0,0,1,0,1,1,1,1,1,1,7,"nacharbeiten"
"intertemporale-freiheit","Intertemporale Freiheit",false,0,0,1,0,1,1,1,1,1,1,7,"nacharbeiten"
"ipbes","IPBES",false,0,1,1,0,1,1,1,1,1,1,8,"gut, kleine redaktionelle TODOs"
"ipcc","IPCC",false,0,0,1,0,1,1,1,1,1,1,7,"nacharbeiten"
"iro","IRO / Impacts, Risks and Opportunities",false,0,1,1,0,1,1,1,1,1,1,8,"gut, kleine redaktionelle TODOs"
"iso-14040-14044","ISO 14040 / ISO 14044",false,0,0,1,0,1,1,1,1,1,1,7,"nacharbeiten"
"issb-ifrs-s1-s2","ISSB / IFRS S1 und IFRS S2",false,0,1,1,0,1,1,1,1,1,1,8,"gut, kleine redaktionelle TODOs"
"jobs-to-be-done","Jobs-to-be-Done",false,0,0,1,0,1,1,1,1,1,1,7,"nacharbeiten"
"jochen-roepke","Jochen Röpke",false,0,0,1,0,1,1,1,1,1,1,7,"nacharbeiten"
"john-maynard-keynes","John Maynard Keynes",false,0,0,1,0,1,1,1,1,1,1,7,"nacharbeiten"
"joseph-schumpeter","Joseph A. Schumpeter",false,0,1,1,0,1,1,1,1,1,1,8,"gut, kleine redaktionelle TODOs"
"just-transition-mechanism","Just Transition Mechanism",false,0,0,1,0,1,1,1,1,1,1,7,"nacharbeiten"
"kannibalisierungseffekt","Kannibalisierungseffekt",false,0,0,1,0,1,1,1,1,1,1,7,"nacharbeiten"
"kapazitaetsmarkt","Kapazitätsmarkt",false,0,1,1,0,1,1,1,1,1,1,8,"gut, kleine redaktionelle TODOs"
"kapazitaetsreserve","Kapazitätsreserve",false,0,0,1,0,1,1,1,1,1,1,7,"nacharbeiten"
"kapital","Kapital",false,0,1,1,0,1,1,1,1,1,1,8,"gut, kleine redaktionelle TODOs"
"kapital-als-machtverhaeltnis","Kapital als Machtverhältnis",false,0,1,1,0,1,1,1,1,1,1,8,"gut, kleine redaktionelle TODOs"
"kapital-als-werkzeug","Kapital als Werkzeug",false,0,0,1,0,1,1,1,1,1,1,7,"nacharbeiten"
"kapitalfluss","Kapitalfluss",false,0,1,1,0,1,1,1,1,1,1,8,"gut, kleine redaktionelle TODOs"
"kapitalismus","Kapitalismus",false,0,1,1,0,1,1,1,1,1,1,8,"gut, kleine redaktionelle TODOs"
"kapitalrendite","Kapitalrendite",false,0,1,1,0,1,1,1,1,1,1,8,"gut, kleine redaktionelle TODOs"
"kapitalwirkung","Kapitalwirkung",true,1,1,1,1,1,0,1,1,1,1,9,"gut, kleine redaktionelle TODOs"
"karl-marx","Karl Marx",false,0,1,1,0,1,1,1,1,1,1,8,"gut, kleine redaktionelle TODOs"
"karl-polanyi","Karl Polanyi",false,0,0,1,0,1,1,1,1,1,1,7,"nacharbeiten"
"kaskadennutzung","Kaskadennutzung",false,0,0,1,0,1,1,1,1,1,1,7,"nacharbeiten"
"kernenergie","Kernenergie",false,0,0,1,0,1,1,1,1,1,1,7,"nacharbeiten"
"ki-governance","KI-Governance",true,0,1,1,1,1,0,0,1,1,1,7,"nacharbeiten"
"ki-und-arbeit","KI und Arbeit",false,0,1,1,0,1,1,1,1,1,1,8,"gut, kleine redaktionelle TODOs"
"kii","KII",true,0,1,1,1,1,0,1,1,1,1,8,"gut, kleine redaktionelle TODOs"
"kipppunkt","Kipppunkt / Schwellenwert",false,0,0,1,0,1,1,1,1,1,1,7,"nacharbeiten"
"kipppunkt-systemschwelle","Kipppunkt / Systemschwelle",false,0,0,1,0,1,1,1,1,1,1,7,"nacharbeiten"
"klassischer-liberalismus","Klassischer Liberalismus",false,0,0,1,0,1,1,1,1,1,1,7,"nacharbeiten"
"kleptokratie","Kleptokratie",false,0,0,1,0,1,1,1,1,1,1,7,"nacharbeiten"
"klimaanpassung","Klimaanpassung / Adaptation",false,0,1,1,0,1,1,1,1,1,1,8,"gut, kleine redaktionelle TODOs"
"klimafolgeschaeden","Klimafolgeschäden / Loss and Damage",false,0,1,1,0,1,1,1,1,1,1,8,"gut, kleine redaktionelle TODOs"
"klimagerechtigkeit","Klimagerechtigkeit",false,0,0,1,0,1,1,1,1,1,1,7,"nacharbeiten"
"klimaneutralitaet","Klimaneutralität",false,0,0,1,0,1,1,1,1,1,1,7,"nacharbeiten"
"klimarisiko","Klimarisiko",false,0,1,1,0,1,1,1,1,1,1,8,"gut, kleine redaktionelle TODOs"
"klimaschutz","Klimaschutz / Mitigation",false,0,1,1,0,1,1,1,1,1,1,8,"gut, kleine redaktionelle TODOs"
"klimawandel","Klimawandel",false,0,1,1,0,1,1,1,1,1,1,8,"gut, kleine redaktionelle TODOs"
"knappheit","Knappheit",false,0,0,1,0,1,1,1,1,1,1,7,"nacharbeiten"
"koerperliche-selbstbestimmung","Körperliche Selbstbestimmung",false,0,1,1,0,1,1,1,1,1,1,8,"gut, kleine redaktionelle TODOs"
"kognitive-belastung","Kognitive Belastung",false,0,0,1,0,1,1,1,1,1,1,7,"nacharbeiten"
"kognitive-dissonanz","Kognitive Dissonanz",false,1,1,1,0,1,1,1,1,1,1,9,"gut, kleine redaktionelle TODOs"
"kohaerenz","Kohärenz",false,0,1,1,0,1,1,1,1,1,1,8,"gut, kleine redaktionelle TODOs"
"kohlekraftwerk","Kohlekraftwerk",false,0,0,1,0,1,1,1,1,1,1,7,"nacharbeiten"
"kommunale-energie","Kommunale Energie",false,0,1,1,0,1,1,1,1,1,1,8,"gut, kleine redaktionelle TODOs"
"kommunismus","Kommunismus",false,0,1,1,0,1,1,1,1,1,1,8,"gut, kleine redaktionelle TODOs"
"kommunistischer-staat","Kommunistischer Staat",false,0,0,1,0,1,1,1,1,1,1,7,"nacharbeiten"
"komplexitaetsmanagement","Komplexitätsmanagement",false,0,1,1,0,1,1,1,1,1,1,8,"gut, kleine redaktionelle TODOs"
"komponentenrueckgewinnung","Komponentenrückgewinnung",false,0,0,1,0,1,1,1,1,1,1,7,"nacharbeiten"
"kompostierung","Kompostierung",false,0,0,1,0,1,1,1,1,1,1,7,"nacharbeiten"
"kondratieff-zyklus","Kondratieff-Zyklus",false,0,1,1,0,1,1,1,1,1,1,8,"gut, kleine redaktionelle TODOs"
"konservativ","Konservativ",false,0,1,1,0,1,1,1,1,1,1,8,"gut, kleine redaktionelle TODOs"
"konservative-annahme","Konservative Annahme",false,0,0,1,0,1,1,1,1,1,1,7,"nacharbeiten"
"konstruktives-narrativ","Konstruktives Narrativ",false,0,1,1,0,1,1,1,1,1,1,8,"gut, kleine redaktionelle TODOs"
"konsumentensouveraenitaet","Konsumentensouveränität",false,0,0,1,0,1,1,1,1,1,1,7,"nacharbeiten"
"konzessionsabgabe","Konzessionsabgabe",false,0,0,1,0,1,1,1,1,1,1,7,"nacharbeiten"
"kooperationslogik","Kooperationslogik",false,0,1,1,0,1,1,1,1,1,1,8,"gut, kleine redaktionelle TODOs"
"kosten-des-nicht-handelns","Kosten des Nicht-Handelns",false,0,0,1,0,1,1,1,1,1,1,7,"nacharbeiten"
"kraft-waerme-kopplung","Kraft-Wärme-Kopplung",false,0,0,1,0,1,1,1,1,1,1,7,"nacharbeiten"
"krankheitssystem","Krankheitssystem",false,0,1,1,0,1,1,1,1,1,1,8,"gut, kleine redaktionelle TODOs"
"kreative-rekonstruktion","Kreative Rekonstruktion",false,0,1,1,0,1,1,1,1,1,1,8,"gut, kleine redaktionelle TODOs"
"kreislaufblindheit","Kreislaufblindheit",false,0,0,1,0,1,1,1,1,1,1,7,"nacharbeiten"
"kreislauffaehigkeit","Kreislauffähigkeit",false,0,0,1,0,1,1,1,1,1,1,7,"nacharbeiten"
"kreislaufgrad","Kreislaufgrad",false,0,0,1,0,1,1,1,1,1,1,7,"nacharbeiten"
"kreislaufwirkung","Kreislaufwirkung",false,0,1,1,0,1,1,1,1,1,1,8,"gut, kleine redaktionelle TODOs"
"kreislaufwirtschaft","Kreislaufwirtschaft",false,0,1,1,0,1,1,1,1,1,1,8,"gut, kleine redaktionelle TODOs"
"kritische-energieinfrastruktur","Kritische Energieinfrastruktur",false,0,0,1,0,1,1,1,1,1,1,7,"nacharbeiten"
"kritische-rohstoffe","Kritische Rohstoffe",false,0,1,1,0,1,1,1,1,1,1,8,"gut, kleine redaktionelle TODOs"
"kuenstliche-intelligenz","Künstliche Intelligenz",false,0,1,1,0,1,1,1,1,1,1,8,"gut, kleine redaktionelle TODOs"
"kundenanlage","Kundenanlage",false,0,0,1,0,1,1,1,1,1,1,7,"nacharbeiten"
"kundennutzen","Kundennutzen",false,0,1,1,0,1,1,1,1,1,1,8,"gut, kleine redaktionelle TODOs"
"kurzzeitspeicher","Kurzzeitspeicher",false,0,0,1,0,1,1,1,1,1,1,7,"nacharbeiten"
"kybernetik","Kybernetik",false,0,1,1,0,1,1,1,1,1,1,8,"gut, kleine redaktionelle TODOs"
"kybernetik-zweiter-ordnung","Kybernetik zweiter Ordnung",false,0,0,1,0,1,1,1,1,1,1,7,"nacharbeiten"
"ladeeinrichtung","Ladeeinrichtung",false,0,0,1,0,1,1,1,1,1,1,7,"nacharbeiten"
"ladehub","Ladehub",false,0,0,1,0,1,1,1,1,1,1,7,"nacharbeiten"
"ladeinfrastruktur","Ladeinfrastruktur",false,0,1,1,0,1,1,1,1,1,1,8,"gut, kleine redaktionelle TODOs"
"ladeleistung","Ladeleistung",false,0,1,1,0,1,1,1,1,1,1,8,"gut, kleine redaktionelle TODOs"
"ladepark","Ladepark",false,0,1,1,0,1,1,1,1,1,1,8,"gut, kleine redaktionelle TODOs"
"ladepark-mittelspannungsanschluss","Ladepark-Mittelspannungsanschluss",false,0,1,1,0,1,1,1,1,1,1,8,"gut, kleine redaktionelle TODOs"
"ladepunkt","Ladepunkt",false,0,0,1,0,1,1,1,1,1,1,7,"nacharbeiten"
"ladepunktbetreiber","Ladepunktbetreiber / CPO",false,0,1,1,0,1,1,1,1,1,1,8,"gut, kleine redaktionelle TODOs"
"ladesaeule","Ladesäule",false,0,0,1,0,1,1,1,1,1,1,7,"nacharbeiten"
"laffer-kurve","Laffer-Kurve",false,0,0,1,0,1,1,1,1,1,1,7,"nacharbeiten"
"langzeitspeicher","Langzeitspeicher",false,0,0,1,0,1,1,1,1,1,1,7,"nacharbeiten"
"lastgang","Lastgang",false,0,1,1,0,1,1,1,1,1,1,8,"gut, kleine redaktionelle TODOs"
"lastmanagement","Lastmanagement",false,0,0,1,0,1,1,1,1,1,1,7,"nacharbeiten"
"lca","LCA / Life Cycle Assessment",false,0,1,1,0,1,1,1,1,1,1,8,"gut, kleine redaktionelle TODOs"
"lebensform","Lebensform",false,0,1,1,0,1,1,1,1,1,1,8,"gut, kleine redaktionelle TODOs"
"lebenswirkung","Lebenswirkung",false,0,1,1,0,1,1,1,1,1,1,8,"gut, kleine redaktionelle TODOs"
"lebenszyklusanalyse","Lebenszyklusanalyse / LCA",false,0,1,1,0,1,1,1,1,1,1,8,"gut, kleine redaktionelle TODOs"
"lebenszyklusinventar","Lebenszyklusinventar / LCI",false,0,0,1,0,1,1,1,1,1,1,7,"nacharbeiten"
"lebenszykluswirkungsabschaetzung","Lebenszykluswirkungsabschätzung / LCIA",false,0,0,1,0,1,1,1,1,1,1,7,"nacharbeiten"
"legalitaet","Legalität",false,0,0,1,0,1,1,1,1,1,1,7,"nacharbeiten"
"legislative-footprint","Legislative Footprint",false,0,0,1,0,1,1,1,1,1,1,7,"nacharbeiten"
"legitimer-lobbyismus","Legitimer Lobbyismus",false,0,0,1,0,1,1,1,1,1,1,7,"nacharbeiten"
"legitimitaet","Legitimität",false,0,0,1,0,1,1,1,1,1,1,7,"nacharbeiten"
"leistungsdichte","Leistungsdichte",false,0,0,1,0,1,1,1,1,1,1,7,"nacharbeiten"
"leistungsfaktor","Leistungsfaktor",false,0,0,1,0,1,1,1,1,1,1,7,"nacharbeiten"
"leistungspreis","Leistungspreis",false,0,0,1,0,1,1,1,1,1,1,7,"nacharbeiten"
"lernebenen","Lernebenen",false,0,0,1,0,1,1,1,1,1,1,7,"nacharbeiten"
"lernender-unternehmer","Lernender Unternehmer",false,0,1,1,0,1,1,1,1,1,1,8,"gut, kleine redaktionelle TODOs"
"lfp-batterie","LFP-Batterie",false,0,0,1,0,1,1,1,1,1,1,7,"nacharbeiten"
"liability-risk","Liability Risk",false,0,0,1,0,1,1,1,1,1,1,7,"nacharbeiten"
"liberale-demokratie","Liberale Demokratie",false,0,1,1,0,1,1,1,1,1,1,8,"gut, kleine redaktionelle TODOs"
"liberalismus","Liberalismus",false,0,1,1,0,1,1,1,1,1,1,8,"gut, kleine redaktionelle TODOs"
"libertarismus","Libertarismus",false,0,1,1,0,1,1,1,1,1,1,8,"gut, kleine redaktionelle TODOs"
"lieferantenbewertung","Lieferantenbewertung",true,0,1,1,1,1,1,1,1,1,1,9,"gut, kleine redaktionelle TODOs"
"lieferkettendaten","Lieferkettendaten",false,0,1,1,0,1,1,1,1,1,1,8,"gut, kleine redaktionelle TODOs"
"lieferkettenwirkung","Lieferkettenwirkung",true,0,1,1,1,1,1,1,1,1,1,9,"gut, kleine redaktionelle TODOs"
"limited-assurance","Limited Assurance",false,0,0,1,0,1,1,1,1,1,1,7,"nacharbeiten"
"lineare-wirtschaft","Lineare Wirtschaft",false,0,0,1,0,1,1,1,1,1,1,7,"nacharbeiten"
"linker-faschismus","Linker Faschismus",false,0,1,1,0,1,1,1,1,1,1,8,"gut, kleine redaktionelle TODOs"
"links-politisch","Links",false,0,0,1,0,1,1,1,1,1,1,7,"nacharbeiten"
"linksextremismus","Linksextremismus",false,0,0,1,0,1,1,1,1,1,1,7,"nacharbeiten"
"lithium-ionen-batterie","Lithium-Ionen-Batterie",false,0,1,1,0,1,1,1,1,1,1,8,"gut, kleine redaktionelle TODOs"
"lithium-titanat-batterie","Lithium-Titanat-Batterie / LTO",false,0,0,1,0,1,1,1,1,1,1,7,"nacharbeiten"
"lksg","LkSG / Lieferkettensorgfaltspflichtengesetz",false,0,1,1,0,1,1,1,1,1,1,8,"gut, kleine redaktionelle TODOs"
"lobbyismus","Lobbyismus",false,0,1,1,0,1,1,1,1,1,1,8,"gut, kleine redaktionelle TODOs"
"lobbyregister","Lobbyregister",false,0,0,1,0,1,1,1,1,1,1,7,"nacharbeiten"
"lock-in-pfadabhaengigkeit","Lock-in / Pfadabhängigkeit",false,0,0,1,0,1,1,1,1,1,1,7,"nacharbeiten"
"lokale-energie-als-wirkungsinfrastruktur","Lokale Energie als Wirkungsinfrastruktur",false,1,1,1,0,1,1,1,1,1,1,9,"gut, kleine redaktionelle TODOs"
"ludwig-wittgenstein","Ludwig Wittgenstein",false,0,1,1,0,1,1,1,1,1,1,8,"gut, kleine redaktionelle TODOs"
"macht-und-gewalt","Macht und Gewalt",false,0,0,1,0,1,1,1,1,1,1,7,"nacharbeiten"
"machtbegrenzung","Machtbegrenzung",false,0,0,1,0,1,1,1,1,1,1,7,"nacharbeiten"
"machtdezentralisierung","Machtdezentralisierung",false,0,1,1,0,1,1,1,1,1,1,8,"gut, kleine redaktionelle TODOs"
"machtkonzentration","Machtkonzentration",false,0,1,1,0,1,1,1,1,1,1,8,"gut, kleine redaktionelle TODOs"
"maja-goepel","Maja Göpel",false,0,0,1,0,1,1,1,1,1,1,7,"nacharbeiten"
"majoritarismus","Majoritarismus",false,0,0,1,0,1,1,1,1,1,1,7,"nacharbeiten"
"management","Management",false,0,1,1,0,1,1,1,1,1,1,8,"gut, kleine redaktionelle TODOs"
"marktgleichgewicht","Marktgleichgewicht",false,0,1,1,0,1,1,1,1,1,1,8,"gut, kleine redaktionelle TODOs"
"marktmacht","Marktmacht",false,0,1,1,0,1,1,1,1,1,1,8,"gut, kleine redaktionelle TODOs"
"marktpraemie","Marktprämie",false,0,0,1,0,1,1,1,1,1,1,7,"nacharbeiten"
"marktversagen","Marktversagen",false,0,1,1,0,1,1,1,1,1,1,8,"gut, kleine redaktionelle TODOs"
"marktwert","Marktwert",false,0,1,1,0,1,1,1,1,1,1,8,"gut, kleine redaktionelle TODOs"
"marktwirtschaft","Marktwirtschaft",false,0,1,1,0,1,1,1,1,1,1,8,"gut, kleine redaktionelle TODOs"
"martha-nussbaum","Martha Nussbaum",false,0,0,1,0,1,1,1,1,1,1,7,"nacharbeiten"
"maschinenleistung","Maschinenleistung",false,0,1,1,0,1,1,1,1,1,1,8,"gut, kleine redaktionelle TODOs"
"maschinenleistungsrueckkopplung","Maschinenleistungsrückkopplung",false,0,1,1,0,1,1,1,1,1,1,8,"gut, kleine redaktionelle TODOs"
"maschinenwertschoepfungsbeitrag","Maschinenwertschöpfungsbeitrag",false,0,1,1,0,1,1,1,1,1,1,8,"gut, kleine redaktionelle TODOs"
"material-footprint","Material Footprint",false,0,1,1,0,1,1,1,1,1,1,8,"gut, kleine redaktionelle TODOs"
"materialgesundheit","Materialgesundheit",false,0,1,1,0,1,1,1,1,1,1,8,"gut, kleine redaktionelle TODOs"
"materialpass","Materialpass",false,0,1,1,0,1,1,1,1,1,1,8,"gut, kleine redaktionelle TODOs"
"maturana-varela","Humberto Maturana und Francisco Varela",false,0,1,1,0,1,1,1,1,1,1,8,"gut, kleine redaktionelle TODOs"
"medienfreiheit","Medienfreiheit",false,0,0,1,0,1,1,1,1,1,1,7,"nacharbeiten"
"mediengleichschaltung","Mediengleichschaltung",false,0,0,1,0,1,1,1,1,1,1,7,"nacharbeiten"
"medienqualitaet","Medienqualität",false,0,1,1,0,1,1,1,1,1,1,8,"gut, kleine redaktionelle TODOs"
"megawatt-charging-system","Megawatt Charging System / MCS",false,0,0,1,0,1,1,1,1,1,1,7,"nacharbeiten"
"mehrheitsprinzip","Mehrheitsprinzip",false,0,0,1,0,1,1,1,1,1,1,7,"nacharbeiten"
"mehrwert","Mehrwert",false,0,0,1,0,1,1,1,1,1,1,7,"nacharbeiten"
"meinungsfreiheit","Meinungsfreiheit",false,0,0,1,0,1,1,1,1,1,1,7,"nacharbeiten"
"mensch-planet-demokratie","Mensch, Planet und Demokratie",false,0,1,1,0,1,1,1,1,1,1,8,"gut, kleine redaktionelle TODOs"
"menschenwuerde","Menschenwürde",false,0,1,1,0,1,1,1,1,1,1,8,"gut, kleine redaktionelle TODOs"
"mental-load","Mental Load",false,0,0,1,0,1,1,1,1,1,1,7,"nacharbeiten"
"mentales-modell","Mentales Modell",false,0,0,1,0,1,1,1,1,1,1,7,"nacharbeiten"
"merit-order","Merit Order",false,0,0,1,0,1,1,1,1,1,1,7,"nacharbeiten"
"messstellenbetrieb","Messstellenbetrieb",false,0,0,1,0,1,1,1,1,1,1,7,"nacharbeiten"
"messwandler","Messwandler",false,0,0,1,0,1,1,1,1,1,1,7,"nacharbeiten"
"messwandlerschrank","Messwandlerschrank",false,0,0,1,0,1,1,1,1,1,1,7,"nacharbeiten"
"meta-kognitive-intervention","Meta-kognitive Intervention",false,0,1,1,0,1,1,1,1,1,1,8,"gut, kleine redaktionelle TODOs"
"metakommunikation","Metakommunikation",false,0,1,1,0,1,1,1,1,1,1,8,"gut, kleine redaktionelle TODOs"
"mieterstrom","Mieterstrom",false,0,1,1,0,1,1,1,1,1,1,8,"gut, kleine redaktionelle TODOs"
"militaerdiktatur","Militärdiktatur",false,0,0,1,0,1,1,1,1,1,1,7,"nacharbeiten"
"minarchismus","Minarchismus",false,0,0,1,0,1,1,1,1,1,1,7,"nacharbeiten"
"minderheitenschutz","Minderheitenschutz",false,0,1,1,0,1,1,1,1,1,1,8,"gut, kleine redaktionelle TODOs"
"mindestschutz-minimum-safeguards","Mindestschutz / Minimum Safeguards",false,0,1,1,0,1,1,1,1,1,1,8,"gut, kleine redaktionelle TODOs"
"minutenreserve","Minutenreserve",false,0,0,1,0,1,1,1,1,1,1,7,"nacharbeiten"
"mitte","Mitte",false,0,0,1,0,1,1,1,1,1,1,7,"nacharbeiten"
"mittelspannung","Mittelspannung",false,0,1,1,0,1,1,1,1,1,1,8,"gut, kleine redaktionelle TODOs"
"mittelspannungsschaltanlage","Mittelspannungsschaltanlage",false,0,0,1,0,1,1,1,1,1,1,7,"nacharbeiten"
"mobilitaetsarmut","Mobilitätsarmut",false,0,0,1,0,1,1,1,1,1,1,7,"nacharbeiten"
"modellannahme","Modellannahme",false,0,0,1,0,1,1,1,1,1,1,7,"nacharbeiten"
"modellblindheit","Modellblindheit",false,0,0,1,0,1,1,1,1,1,1,7,"nacharbeiten"
"modularitaet","Modularität",false,0,0,1,0,1,1,1,1,1,1,7,"nacharbeiten"
"momentanreserve","Momentanreserve",false,0,0,1,0,1,1,1,1,1,1,7,"nacharbeiten"
"monetarismus","Monetarismus",false,0,0,1,0,1,1,1,1,1,1,7,"nacharbeiten"
"monopol","Monopol",false,0,0,1,0,1,1,1,1,1,1,7,"nacharbeiten"
"moral-hazard","Moral Hazard",false,0,0,1,0,1,1,1,1,1,1,7,"nacharbeiten"
"moral-licensing","Moral Licensing",false,0,1,1,0,1,1,1,1,1,1,8,"gut, kleine redaktionelle TODOs"
"motiviertes-denken","Motiviertes Denken",false,1,1,1,0,1,1,1,1,1,1,9,"gut, kleine redaktionelle TODOs"
"muslimfeindlichkeit","Muslimfeindlichkeit",false,0,0,1,0,1,1,1,1,1,1,7,"nacharbeiten"
"nace","NACE",false,0,1,1,0,1,1,1,1,1,1,8,"gut, kleine redaktionelle TODOs"
"nachbarschaftsstrom","Nachbarschaftsstrom / Strom vom Nachbarn",false,1,1,1,0,1,1,1,1,1,1,9,"gut, kleine redaktionelle TODOs"
"nachhaltigkeit","Nachhaltigkeit",false,0,1,1,0,1,1,1,1,1,1,8,"gut, kleine redaktionelle TODOs"
"nachhaltigkeitslabel","Nachhaltigkeitslabel",false,0,1,1,0,1,1,1,1,1,1,8,"gut, kleine redaktionelle TODOs"
"nachtwaechterstaat","Nachtwächterstaat",false,0,0,1,0,1,1,1,1,1,1,7,"nacharbeiten"
"narrativ","Narrativ",false,0,1,1,0,1,1,1,1,1,1,8,"gut, kleine redaktionelle TODOs"
"natalitaet","Natalität",false,0,0,1,0,1,1,1,1,1,1,7,"nacharbeiten"
"natrium-ionen-batterie","Natrium-Ionen-Batterie",false,0,0,1,0,1,1,1,1,1,1,7,"nacharbeiten"
"natuerliches-monopol","Natürliches Monopol",false,0,1,1,0,1,1,1,1,1,1,8,"gut, kleine redaktionelle TODOs"
"naturbasierte-loesungen","Naturbasierte Lösungen",false,0,0,1,0,1,1,1,1,1,1,7,"nacharbeiten"
"nature-positive","Nature Positive",false,0,0,1,0,1,1,1,1,1,1,7,"nacharbeiten"
"nature-related-risks","Nature-related Risks",false,0,1,1,0,1,1,1,1,1,1,8,"gut, kleine redaktionelle TODOs"
"nca-batterie","NCA-Batterie",false,0,0,1,0,1,1,1,1,1,1,7,"nacharbeiten"
"negative-externalitaet","Negative Externalität",false,0,0,1,0,1,1,1,1,1,1,7,"nacharbeiten"
"negative-freiheit","Negative Freiheit",false,0,1,1,0,1,1,1,1,1,1,8,"gut, kleine redaktionelle TODOs"
"negative-wirkung","negative Wirkung",false,0,1,1,0,1,1,1,1,1,1,8,"gut, kleine redaktionelle TODOs"
"negativitaetsbias","Negativitätsbias",false,0,0,1,0,1,1,1,1,1,1,7,"nacharbeiten"
"neoklassik","Neoklassik",false,0,1,1,0,1,1,1,1,1,1,8,"gut, kleine redaktionelle TODOs"
"neoliberalismus","Neoliberalismus",false,0,1,1,0,1,1,1,1,1,1,8,"gut, kleine redaktionelle TODOs"
"net-zero","Net Zero",false,0,1,1,0,1,1,1,1,1,1,8,"gut, kleine redaktionelle TODOs"
"netto-wirkung","Netto-Wirkung",true,1,1,1,1,1,0,1,1,1,1,9,"gut, kleine redaktionelle TODOs"
"netzanschluss","Netzanschluss",false,0,0,1,0,1,1,1,1,1,1,7,"nacharbeiten"
"netzanschlussbegehren","Netzanschlussbegehren",false,0,0,1,0,1,1,1,1,1,1,7,"nacharbeiten"
"netzanschlussleistung","Netzanschlussleistung",false,0,1,1,0,1,1,1,1,1,1,8,"gut, kleine redaktionelle TODOs"
"netzanschlusspunkt","Netzanschlusspunkt",false,0,0,1,0,1,1,1,1,1,1,7,"nacharbeiten"
"netzausbau","Netzausbau",false,0,1,1,0,1,1,1,1,1,1,8,"gut, kleine redaktionelle TODOs"
"netzdienlichkeit","Netzdienlichkeit",false,0,1,1,0,1,1,1,1,1,1,8,"gut, kleine redaktionelle TODOs"
"netzebene","Netzebene",false,0,1,1,0,1,1,1,1,1,1,8,"gut, kleine redaktionelle TODOs"
"netzengpass","Netzengpass",false,0,0,1,0,1,1,1,1,1,1,7,"nacharbeiten"
"netzentgelt","Netzentgelt",false,0,1,1,0,1,1,1,1,1,1,8,"gut, kleine redaktionelle TODOs"
"netzentgeltsystematik","Netzentgeltsystematik",false,0,0,1,0,1,1,1,1,1,1,7,"nacharbeiten"
"netzreserve","Netzreserve",false,0,0,1,0,1,1,1,1,1,1,7,"nacharbeiten"
"netzspeicher","Netzspeicher",false,0,0,1,0,1,1,1,1,1,1,7,"nacharbeiten"
"netzverlust","Netzverlust",false,0,0,1,0,1,1,1,1,1,1,7,"nacharbeiten"
"netzvertraeglichkeitspruefung","Netzverträglichkeitsprüfung",false,0,0,1,0,1,1,1,1,1,1,7,"nacharbeiten"
"netzwerkeffekt","Netzwerkeffekt",false,0,0,1,0,1,1,1,1,1,1,7,"nacharbeiten"
"neuigkeitsbias","Neuigkeitsbias",false,0,0,1,0,1,1,1,1,1,1,7,"nacharbeiten"
"neuroplastizitaet","Neuroplastizität",false,0,0,1,0,1,1,1,1,1,1,7,"nacharbeiten"
"neuropsychologische-wirkmechanismen","Neuropsychologische Wirkmechanismen",false,0,0,1,0,1,1,1,1,1,1,7,"nacharbeiten"
"neutrale-wirkung","neutrale Wirkung",false,0,0,1,0,1,1,1,1,1,1,7,"nacharbeiten"
"nfrd","NFRD",false,0,0,1,0,1,1,1,1,1,1,7,"nacharbeiten"
"ngo","NGO",false,0,1,1,0,1,1,1,1,1,1,8,"gut, kleine redaktionelle TODOs"
"ngo-capture","NGO-Capture",false,0,0,1,0,1,1,1,1,1,1,7,"nacharbeiten"
"ngo-wirkungspruefung","NGO-Wirkungsprüfung",false,0,0,1,0,1,1,1,1,1,1,7,"nacharbeiten"
"nicht-dualitaet","Nicht-Dualität",false,0,1,1,0,1,1,1,1,1,1,8,"gut, kleine redaktionelle TODOs"
"nichtkompensationsprinzip","Nichtkompensationsprinzip",false,0,1,1,0,1,1,1,1,1,1,8,"gut, kleine redaktionelle TODOs"
"nichttriviale-maschine","Nichttriviale Maschine",false,0,1,1,0,1,1,1,1,1,1,8,"gut, kleine redaktionelle TODOs"
"nichttriviales-system","Nichttriviales System",false,0,1,1,0,1,1,1,1,1,1,8,"gut, kleine redaktionelle TODOs"
"niederspannung","Niederspannung",false,0,0,1,0,1,1,1,1,1,1,7,"nacharbeiten"
"niederspannungshauptverteilung","Niederspannungshauptverteilung / NSHV",false,0,0,1,0,1,1,1,1,1,1,7,"nacharbeiten"
"niklas-luhmann","Niklas Luhmann",false,0,0,1,0,1,1,1,1,1,1,7,"nacharbeiten"
"nikolai-kondratieff","Nikolai Kondratieff",false,0,0,1,0,1,1,1,1,1,1,7,"nacharbeiten"
"nmc-batterie","NMC-Batterie",false,0,0,1,0,1,1,1,1,1,1,7,"nacharbeiten"
"non-aggression-principle","Non-Aggression Principle",false,0,0,1,0,1,1,1,1,1,1,7,"nacharbeiten"
"normalisierung","Normalisierung",false,0,1,1,0,1,1,1,1,1,1,8,"gut, kleine redaktionelle TODOs"
"normalladen","Normalladen",false,0,0,1,0,1,1,1,1,1,1,7,"nacharbeiten"
"normativer-wert","Normativer Wert",false,0,1,1,0,1,1,1,1,1,1,8,"gut, kleine redaktionelle TODOs"
"normatives-management","Normatives Management",false,0,0,1,0,1,1,1,1,1,1,7,"nacharbeiten"
"nutzenergie","Nutzenergie",false,0,0,1,0,1,1,1,1,1,1,7,"nacharbeiten"
"nutzenmaximierung","Nutzenmaximierung",false,0,1,1,0,1,1,1,1,1,1,8,"gut, kleine redaktionelle TODOs"
"nutzungsdauerverlaengerung","Nutzungsdauerverlängerung",false,0,1,1,0,1,1,1,1,1,1,8,"gut, kleine redaktionelle TODOs"
"nwi","NWI",true,1,1,1,1,1,0,1,1,1,1,9,"gut, kleine redaktionelle TODOs"
"oberschwingungen","Oberschwingungen",false,0,0,1,0,1,1,1,1,1,1,7,"nacharbeiten"
"ocpp","OCPP",false,0,0,1,0,1,1,1,1,1,1,7,"nacharbeiten"
"oecd-leitsaetze","OECD-Leitsätze",false,0,1,1,0,1,1,1,1,1,1,8,"gut, kleine redaktionelle TODOs"
"oef-organisation-environmental-footprint","OEF / Organisation Environmental Footprint",false,0,0,1,0,1,1,1,1,1,1,7,"nacharbeiten"
"oeffentliche-beschaffung","Öffentliche Beschaffung",true,0,1,1,1,1,0,1,1,1,1,8,"gut, kleine redaktionelle TODOs"
"oeffentliche-gueter","Öffentliche Güter",false,0,1,1,0,1,1,1,1,1,1,8,"gut, kleine redaktionelle TODOs"
"oeffentlicher-raum-arendt","Öffentlicher Raum / Erscheinungsraum",false,0,1,1,0,1,1,1,1,1,1,8,"gut, kleine redaktionelle TODOs"
"oeffentlichkeit","Öffentlichkeit",false,0,1,1,0,1,1,1,1,1,1,8,"gut, kleine redaktionelle TODOs"
"oekofeminismus","Ökofeminismus",false,0,0,1,0,1,1,1,1,1,1,7,"nacharbeiten"
"oekosystemleistungen","Ökosystemleistungen / Ökosystemfunktionen",false,0,0,1,0,1,1,1,1,1,1,7,"nacharbeiten"
"oelkraftwerk","Ölkraftwerk",false,0,0,1,0,1,1,1,1,1,1,7,"nacharbeiten"
"oesterreichische-schule","Österreichische Schule",false,0,0,1,0,1,1,1,1,1,1,7,"nacharbeiten"
"offsetting-kompensation","Offsetting / Kompensation",false,0,1,1,0,1,1,1,1,1,1,8,"gut, kleine redaktionelle TODOs"
"offshore-netzumlage","Offshore-Netzumlage",false,0,0,1,0,1,1,1,1,1,1,7,"nacharbeiten"
"offshore-windenergie","Offshore-Windenergie",false,0,0,1,0,1,1,1,1,1,1,7,"nacharbeiten"
"oligarchie","Oligarchie",false,0,0,1,0,1,1,1,1,1,1,7,"nacharbeiten"
"oligopol","Oligopol",false,0,0,1,0,1,1,1,1,1,1,7,"nacharbeiten"
"on-board-charger","On-Board-Charger",false,0,0,1,0,1,1,1,1,1,1,7,"nacharbeiten"
"one-health","One Health",false,0,1,1,0,1,1,1,1,1,1,8,"gut, kleine redaktionelle TODOs"
"onshore-windenergie","Onshore-Windenergie",false,0,0,1,0,1,1,1,1,1,1,7,"nacharbeiten"
"operatives-management","Operatives Management",false,0,1,1,0,1,1,1,1,1,1,8,"gut, kleine redaktionelle TODOs"
"opportunitaetskosten","Opportunitätskosten",false,0,0,1,0,1,1,1,1,1,1,7,"nacharbeiten"
"opposition","Opposition",false,0,0,1,0,1,1,1,1,1,1,7,"nacharbeiten"
"oppositionsunterdrueckung","Oppositionsunterdrückung",false,0,0,1,0,1,1,1,1,1,1,7,"nacharbeiten"
"ordoliberalismus","Ordoliberalismus",false,0,0,1,0,1,1,1,1,1,1,7,"nacharbeiten"
"organisation-environmental-footprint","Organisation Environmental Footprint / OEF",false,0,0,1,0,1,1,1,1,1,1,7,"nacharbeiten"
"orientierung","Orientierung",false,0,1,1,0,1,1,1,1,1,1,8,"gut, kleine redaktionelle TODOs"
"pai","PAI / Principal Adverse Impacts",false,0,0,1,0,1,1,1,1,1,1,7,"nacharbeiten"
"pareto-effizienz","Pareto-Effizienz",false,0,0,1,0,1,1,1,1,1,1,7,"nacharbeiten"
"parlament","Parlament",false,0,1,1,0,1,1,1,1,1,1,8,"gut, kleine redaktionelle TODOs"
"parlamentarische-demokratie","Parlamentarische Demokratie",false,0,0,1,0,1,1,1,1,1,1,7,"nacharbeiten"
"parteistaat","Parteistaat",false,0,1,1,0,1,1,1,1,1,1,8,"gut, kleine redaktionelle TODOs"
"partizipation","Partizipation",false,0,1,1,0,1,1,1,1,1,1,8,"gut, kleine redaktionelle TODOs"
"partizipative-demokratie","Partizipative Demokratie",false,0,0,1,0,1,1,1,1,1,1,7,"nacharbeiten"
"patriarchale-dividende","Patriarchale Dividende",false,0,0,1,0,1,1,1,1,1,1,7,"nacharbeiten"
"patriarchat","Patriarchat",false,0,1,1,0,1,1,1,1,1,1,8,"gut, kleine redaktionelle TODOs"
"paul-watzlawick","Paul Watzlawick",false,0,0,1,0,1,1,1,1,1,1,7,"nacharbeiten"
"pcf-product-carbon-footprint","PCF / Product Carbon Footprint",false,0,1,1,0,1,1,1,1,1,1,8,"gut, kleine redaktionelle TODOs"
"pcr-product-category-rules","PCR / Product Category Rules",false,0,0,1,0,1,1,1,1,1,1,7,"nacharbeiten"
"pef-product-environmental-footprint","PEF / Product Environmental Footprint",false,0,1,1,0,1,1,1,1,1,1,8,"gut, kleine redaktionelle TODOs"
"perowskit-solarzelle","Perowskit-Solarzelle",false,0,0,1,0,1,1,1,1,1,1,7,"nacharbeiten"
"persona","Persona",false,0,0,1,0,1,1,1,1,1,1,7,"nacharbeiten"
"personalisierte-macht","Personalisierte Macht",false,0,0,1,0,1,1,1,1,1,1,7,"nacharbeiten"
"peter-drucker","Peter Drucker",false,0,1,1,0,1,1,1,1,1,1,8,"gut, kleine redaktionelle TODOs"
"pfadabhaengigkeit","Pfadabhängigkeit",false,0,1,1,0,1,1,1,1,1,1,8,"gut, kleine redaktionelle TODOs"
"pflege-als-wirkleistung","Pflege als Wirkleistung",false,0,1,1,0,1,1,1,1,1,1,8,"gut, kleine redaktionelle TODOs"
"photoelektrischer-effekt","Photoelektrischer Effekt",false,0,0,1,0,1,1,1,1,1,1,7,"nacharbeiten"
"photovoltaik","Photovoltaik",false,0,1,1,0,1,1,1,1,1,1,8,"gut, kleine redaktionelle TODOs"
"physical-climate-risk","Physical Climate Risk",false,0,1,1,0,1,1,1,1,1,1,8,"gut, kleine redaktionelle TODOs"
"pigou-steuer","Pigou-Steuer",false,1,1,1,0,1,1,1,1,1,1,9,"gut, kleine redaktionelle TODOs"
"planetare-grenzen","Planetare Grenzen",false,0,1,1,0,1,1,1,1,1,1,8,"gut, kleine redaktionelle TODOs"
"planetary-health","Planetary Health",false,0,0,1,0,1,1,1,1,1,1,7,"nacharbeiten"
"planwirtschaft","Planwirtschaft",false,0,1,1,0,1,1,1,1,1,1,8,"gut, kleine redaktionelle TODOs"
"plattformarbeit","Plattformarbeit",false,0,1,1,0,1,1,1,1,1,1,8,"gut, kleine redaktionelle TODOs"
"plattformkapitalismus","Plattformkapitalismus",false,0,1,1,0,1,1,1,1,1,1,8,"gut, kleine redaktionelle TODOs"
"plug-and-charge","Plug & Charge",false,0,0,1,0,1,1,1,1,1,1,7,"nacharbeiten"
"pluralismus","Pluralismus",false,0,1,1,0,1,1,1,1,1,1,8,"gut, kleine redaktionelle TODOs"
"pluralismusfeindlichkeit","Pluralismusfeindlichkeit",false,0,1,1,0,1,1,1,1,1,1,8,"gut, kleine redaktionelle TODOs"
"pluralitaet","Pluralität",false,0,1,1,0,1,1,1,1,1,1,8,"gut, kleine redaktionelle TODOs"
"plutokratie","Plutokratie",false,0,0,1,0,1,1,1,1,1,1,7,"nacharbeiten"
"policy-entrepreneurship","Policy Entrepreneurship",false,0,0,1,0,1,1,1,1,1,1,7,"nacharbeiten"
"policy-laundering","Policy-Laundering",false,0,1,1,0,1,1,1,1,1,1,8,"gut, kleine redaktionelle TODOs"
"policy-netzwerk","Policy-Netzwerk",false,0,1,1,0,1,1,1,1,1,1,8,"gut, kleine redaktionelle TODOs"
"politische-bildung","Politische Bildung",false,0,0,1,0,1,1,1,1,1,1,7,"nacharbeiten"
"politischer-liberalismus","Politischer Liberalismus",false,0,1,1,0,1,1,1,1,1,1,8,"gut, kleine redaktionelle TODOs"
"politischer-vorraum","Politischer Vorraum",false,0,1,1,0,1,1,1,1,1,1,8,"gut, kleine redaktionelle TODOs"
"politisches-system","Politisches System",false,0,0,1,0,1,1,1,1,1,1,7,"nacharbeiten"
"populismus","Populismus",false,0,0,1,0,1,1,1,1,1,1,7,"nacharbeiten"
"portfolio-wirkung","Portfolio-Wirkung",true,0,1,1,1,1,0,1,1,1,1,8,"gut, kleine redaktionelle TODOs"
"positive-externalitaet","Positive Externalität",false,0,0,1,0,1,1,1,1,1,1,7,"nacharbeiten"
"positive-freiheit","Positive Freiheit",false,0,1,1,0,1,1,1,1,1,1,8,"gut, kleine redaktionelle TODOs"
"positive-netto-wirkung","positive Netto-Wirkung",true,1,1,1,1,1,0,1,1,1,1,9,"gut, kleine redaktionelle TODOs"
"positive-wirkung","positive Wirkung",false,0,0,1,0,1,1,1,1,1,1,7,"nacharbeiten"
"power-purchase-agreement","Power Purchase Agreement / PPA",false,0,0,1,0,1,1,1,1,1,1,7,"nacharbeiten"
"power-to-x","Power-to-X",false,0,0,1,0,1,1,1,1,1,1,7,"nacharbeiten"
"praediktive-verarbeitung","Prädiktive Verarbeitung",false,0,0,1,0,1,1,1,1,1,1,7,"nacharbeiten"
"praeferenzen","Präferenzen",false,0,0,1,0,1,1,1,1,1,1,7,"nacharbeiten"
"praevention","Prävention",false,0,1,1,0,1,1,1,1,1,1,8,"gut, kleine redaktionelle TODOs"
"praeventionsoekonomie","Präventionsökonomie",false,0,1,1,0,1,1,1,1,1,1,8,"gut, kleine redaktionelle TODOs"
"pressefreiheit","Pressefreiheit",false,0,0,1,0,1,1,1,1,1,1,7,"nacharbeiten"
"primaerenergie","Primärenergie",false,0,0,1,0,1,1,1,1,1,1,7,"nacharbeiten"
"primaerregelung","Primärregelung",false,0,0,1,0,1,1,1,1,1,1,7,"nacharbeiten"
"priming","Priming",false,0,1,1,0,1,1,1,1,1,1,8,"gut, kleine redaktionelle TODOs"
"principal-agent-problem","Principal-Agent-Problem",false,0,0,1,0,1,1,1,1,1,1,7,"nacharbeiten"
"privatisierung","Privatisierung",false,0,0,1,0,1,1,1,1,1,1,7,"nacharbeiten"
"privatwirtschaftliche-planwirtschaft","Privatwirtschaftliche Planwirtschaft",false,0,0,1,0,1,1,1,1,1,1,7,"nacharbeiten"
"product-as-a-service","Product-as-a-Service",false,0,0,1,0,1,1,1,1,1,1,7,"nacharbeiten"
"product-carbon-footprint","Product Carbon Footprint / PCF",false,0,1,1,0,1,1,1,1,1,1,8,"gut, kleine redaktionelle TODOs"
"product-environmental-footprint","Product Environmental Footprint / PEF",false,0,0,1,0,1,1,1,1,1,1,7,"nacharbeiten"
"product-market-fit","Product-Market Fit",false,0,0,1,0,1,1,1,1,1,1,7,"nacharbeiten"
"produktdaten","Produktdaten",true,0,1,1,1,1,0,1,1,1,1,8,"gut, kleine redaktionelle TODOs"
"produktivitaetsgewinne","Produktivitätsgewinne",false,0,1,1,0,1,1,1,1,1,1,8,"gut, kleine redaktionelle TODOs"
"produktivitaetssteuer","Produktivitätssteuer",false,0,1,1,0,1,1,1,1,1,1,8,"gut, kleine redaktionelle TODOs"
"produktscorecard","Produktscorecard",true,0,1,1,1,1,1,1,1,1,1,9,"gut, kleine redaktionelle TODOs"
"produktwirkung","Produktwirkung",true,0,1,1,1,1,1,1,1,1,1,9,"gut, kleine redaktionelle TODOs"
"progressiv","Progressiv",false,0,1,1,0,1,1,1,1,1,1,8,"gut, kleine redaktionelle TODOs"
"project-2025","Project 2025",false,0,0,1,0,1,1,1,1,1,1,7,"nacharbeiten"
"propaganda","Propaganda",false,0,1,1,0,1,1,1,1,1,1,8,"gut, kleine redaktionelle TODOs"
"prosumer","Prosumer",false,0,1,1,0,1,1,1,1,1,1,8,"gut, kleine redaktionelle TODOs"
"prozessdenken","Prozessdenken",false,0,1,1,0,1,1,1,1,1,1,8,"gut, kleine redaktionelle TODOs"
"public-affairs","Public Affairs",false,0,0,1,0,1,1,1,1,1,1,7,"nacharbeiten"
"pufferspeicher-ladepark","Pufferspeicher im Ladepark",false,0,0,1,0,1,1,1,1,1,1,7,"nacharbeiten"
"pumpspeicher","Pumpspeicher",false,0,0,1,0,1,1,1,1,1,1,7,"nacharbeiten"
"purpose-washing","Purpose-Washing",true,0,1,1,1,1,1,1,1,1,1,9,"gut, kleine redaktionelle TODOs"
"pyrometallurgie","Pyrometallurgie",false,0,0,1,0,1,1,1,1,1,1,7,"nacharbeiten"
"qualitaetssicherung","Qualitätssicherung",false,0,1,1,0,1,1,1,1,1,1,8,"gut, kleine redaktionelle TODOs"
"quango","QUANGO",false,0,0,1,0,1,1,1,1,1,1,7,"nacharbeiten"
"quantenbatterie","Quantenbatterie",false,0,0,1,0,1,1,1,1,1,1,7,"nacharbeiten"
"quantenmaterialien","Quantenmaterialien",false,0,0,1,0,1,1,1,1,1,1,7,"nacharbeiten"
"quantenphysik","Quantenphysik",false,0,1,1,0,1,1,1,1,1,1,8,"gut, kleine redaktionelle TODOs"
"quantenpunkt","Quantenpunkt",false,0,0,1,0,1,1,1,1,1,1,7,"nacharbeiten"
"quantensimulation","Quantensimulation",false,0,0,1,0,1,1,1,1,1,1,7,"nacharbeiten"
"quantensolarzelle","Quantensolarzelle",false,0,0,1,0,1,1,1,1,1,1,7,"nacharbeiten"
"quantentechnologie","Quantentechnologie",false,0,0,1,0,1,1,1,1,1,1,7,"nacharbeiten"
"quartiersenergie","Quartiersenergie",false,0,0,1,0,1,1,1,1,1,1,7,"nacharbeiten"
"quartierswirkung","Quartierswirkung",false,0,0,1,0,1,1,1,1,1,1,7,"nacharbeiten"
"quellenklarheit","Quellenklarheit",false,0,0,1,0,1,1,1,1,1,1,7,"nacharbeiten"
"radikal","Radikal",false,0,0,1,0,1,1,1,1,1,1,7,"nacharbeiten"
"rassismus","Rassismus",false,0,1,1,0,1,1,1,1,1,1,8,"gut, kleine redaktionelle TODOs"
"rationalitaet","Rationalität",false,0,0,1,0,1,1,1,1,1,1,7,"nacharbeiten"
"raubtierkapitalismus","Raubtierkapitalismus",false,0,1,1,0,1,1,1,1,1,1,8,"gut, kleine redaktionelle TODOs"
"reaktanz","Reaktanz",false,0,1,1,0,1,1,1,1,1,1,8,"gut, kleine redaktionelle TODOs"
"reaktionaer","Reaktionär",false,0,0,1,0,1,1,1,1,1,1,7,"nacharbeiten"
"reale-freiheit","Reale Freiheit",false,0,1,1,0,1,1,1,1,1,1,8,"gut, kleine redaktionelle TODOs"
"reasonable-assurance","Reasonable Assurance",false,0,0,1,0,1,1,1,1,1,1,7,"nacharbeiten"
"rebound-effekt","Rebound-Effekt",false,0,0,1,0,1,1,1,1,1,1,7,"nacharbeiten"
"rechenschaft","Rechenschaft",false,0,1,1,0,1,1,1,1,1,1,8,"gut, kleine redaktionelle TODOs"
"recht-auf-reparatur","Recht auf Reparatur",false,0,0,1,0,1,1,1,1,1,1,7,"nacharbeiten"
"rechte-kuenftiger-generationen","Rechte künftiger Generationen",false,0,0,1,0,1,1,1,1,1,1,7,"nacharbeiten"
"rechts-politisch","Rechts",false,0,0,1,0,1,1,1,1,1,1,7,"nacharbeiten"
"rechtsextremismus","Rechtsextremismus",false,0,0,1,0,1,1,1,1,1,1,7,"nacharbeiten"
"rechtsschutz","Rechtsschutz",false,0,1,1,0,1,1,1,1,1,1,8,"gut, kleine redaktionelle TODOs"
"rechtsstaatlichkeit","Rechtsstaatlichkeit",false,0,1,1,0,1,1,1,1,1,1,8,"gut, kleine redaktionelle TODOs"
"rechtsstaatsabbau","Rechtsstaatsabbau",false,0,1,1,0,1,1,1,1,1,1,8,"gut, kleine redaktionelle TODOs"
"rechtsstaatsprinzip","Rechtsstaatsprinzip",false,0,1,1,0,1,1,1,1,1,1,8,"gut, kleine redaktionelle TODOs"
"recycling","Recycling",false,0,1,1,0,1,1,1,1,1,1,8,"gut, kleine redaktionelle TODOs"
"recyclingeffizienz","Recyclingeffizienz",false,0,0,1,0,1,1,1,1,1,1,7,"nacharbeiten"
"recyclingquote","Recyclingquote",false,0,1,1,0,1,1,1,1,1,1,8,"gut, kleine redaktionelle TODOs"
"redispatch","Redispatch",false,0,1,1,0,1,1,1,1,1,1,8,"gut, kleine redaktionelle TODOs"
"redispatch-2-0","Redispatch 2.0",false,0,0,1,0,1,1,1,1,1,1,7,"nacharbeiten"
"redox-flow-batterie","Redox-Flow-Batterie",false,0,0,1,0,1,1,1,1,1,1,7,"nacharbeiten"
"reform","Reform",false,0,0,1,0,1,1,1,1,1,1,7,"nacharbeiten"
"reframing","Reframing",false,1,1,1,0,1,1,1,1,1,1,9,"gut, kleine redaktionelle TODOs"
"refurbishment","Refurbishment / Aufarbeitung",false,0,0,1,0,1,1,1,1,1,1,7,"nacharbeiten"
"regelenergie","Regelenergie",false,0,1,1,0,1,1,1,1,1,1,8,"gut, kleine redaktionelle TODOs"
"regelenergiemarkt","Regelenergiemarkt",false,0,0,1,0,1,1,1,1,1,1,7,"nacharbeiten"
"regeneration","Regeneration / regenerative Wirkung",false,0,0,1,0,1,1,1,1,1,1,7,"nacharbeiten"
"regenerative-landwirtschaft","Regenerative Landwirtschaft",false,0,0,1,0,1,1,1,1,1,1,7,"nacharbeiten"
"regierung","Regierung",false,0,1,1,0,1,1,1,1,1,1,8,"gut, kleine redaktionelle TODOs"
"regierungsform","Regierungsform",false,0,0,1,0,1,1,1,1,1,1,7,"nacharbeiten"
"regierungskritik","Regierungskritik",false,0,1,1,0,1,1,1,1,1,1,8,"gut, kleine redaktionelle TODOs"
"regime","Regime",false,0,1,1,0,1,1,1,1,1,1,8,"gut, kleine redaktionelle TODOs"
"regulatory-capture","Regulatory Capture",false,0,1,1,0,1,1,1,1,1,1,8,"gut, kleine redaktionelle TODOs"
"regulierungsversagen","Regulierungsversagen",false,0,0,1,0,1,1,1,1,1,1,7,"nacharbeiten"
"rekombination","Rekombination / neue Kombination",false,0,1,1,0,1,1,1,1,1,1,8,"gut, kleine redaktionelle TODOs"
"rekursion","Rekursion",false,0,0,1,0,1,1,1,1,1,1,7,"nacharbeiten"
"remanufacturing","Remanufacturing / Wiederaufbereitung",false,0,1,1,0,1,1,1,1,1,1,8,"gut, kleine redaktionelle TODOs"
"renaturierung","Renaturierung",false,0,0,1,0,1,1,1,1,1,1,7,"nacharbeiten"
"rent-seeking","Rent Seeking",false,0,0,1,0,1,1,1,1,1,1,7,"nacharbeiten"
"rentenfinanzierung","Rentenfinanzierung",false,0,1,1,0,1,1,1,1,1,1,8,"gut, kleine redaktionelle TODOs"
"reparatur","Reparatur",false,0,1,1,0,1,1,1,1,1,1,8,"gut, kleine redaktionelle TODOs"
"reparierbarkeit","Reparierbarkeit",false,0,1,1,0,1,1,1,1,1,1,8,"gut, kleine redaktionelle TODOs"
"reparierbarkeit-recht-auf-reparatur","Reparierbarkeit / Recht auf Reparatur",false,0,0,1,0,1,1,1,1,1,1,7,"nacharbeiten"
"repowering","Repowering",false,0,0,1,0,1,1,1,1,1,1,7,"nacharbeiten"
"repraesentation","Repräsentation",false,0,0,1,0,1,1,1,1,1,1,7,"nacharbeiten"
"repraesentationsanspruch","Repräsentationsanspruch",false,0,0,1,0,1,1,1,1,1,1,7,"nacharbeiten"
"repraesentative-demokratie","Repräsentative Demokratie",false,0,0,1,0,1,1,1,1,1,1,7,"nacharbeiten"
"reproduktive-arbeit","Reproduktive Arbeit",false,0,0,1,0,1,1,1,1,1,1,7,"nacharbeiten"
"reproduktive-gerechtigkeit","Reproduktive Gerechtigkeit",false,0,0,1,0,1,1,1,1,1,1,7,"nacharbeiten"
"reproduktive-rechte","Reproduktive Rechte",false,0,0,1,0,1,1,1,1,1,1,7,"nacharbeiten"
"reservekraftwerk","Reservekraftwerk",false,0,1,1,0,1,1,1,1,1,1,8,"gut, kleine redaktionelle TODOs"
"residual-emissions","Residual Emissions",false,0,0,1,0,1,1,1,1,1,1,7,"nacharbeiten"
"residuallast","Residuallast",false,0,0,1,0,1,1,1,1,1,1,7,"nacharbeiten"
"resilienz","Resilienz",false,0,1,1,0,1,1,1,1,1,1,8,"gut, kleine redaktionelle TODOs"
"resonanz","Resonanz",false,0,0,1,0,1,1,1,1,1,1,7,"nacharbeiten"
"resonanzarchitektur","Resonanzarchitektur",false,1,1,1,0,1,1,1,1,1,1,9,"gut, kleine redaktionelle TODOs"
"resonanzraum","Resonanzraum",false,0,1,1,0,1,1,1,1,1,1,8,"gut, kleine redaktionelle TODOs"
"resonanzrisiko","Resonanzrisiko",false,0,1,1,0,1,1,1,1,1,1,8,"gut, kleine redaktionelle TODOs"
"responsible-marketing","Responsible Marketing",true,1,1,1,1,1,0,1,1,1,1,9,"gut, kleine redaktionelle TODOs"
"responsivitaet","Responsivität",false,0,0,1,0,1,1,1,1,1,1,7,"nacharbeiten"
"ressourcenallokation","Ressourcenallokation",false,0,0,1,0,1,1,1,1,1,1,7,"nacharbeiten"
"reststrom","Reststrom",false,1,1,1,0,1,1,1,1,1,1,9,"gut, kleine redaktionelle TODOs"
"reverse-logistics","Reverse Logistics",false,0,0,1,0,1,1,1,1,1,1,7,"nacharbeiten"
"reverse-merit-order","Reverse Merit Order",true,1,1,1,1,1,1,1,1,1,1,10,"veroeffentlichungsreif"
"rezyklatanteil","Rezyklatanteil",false,0,1,1,0,1,1,1,1,1,1,8,"gut, kleine redaktionelle TODOs"
"rezyklatquote-batterie","Rezyklatquote Batterie",false,0,0,1,0,1,1,1,1,1,1,7,"nacharbeiten"
"rlm-messung","RLM-Messung",false,0,0,1,0,1,1,1,1,1,1,7,"nacharbeiten"
"roaming-ladeinfrastruktur","Roaming Ladeinfrastruktur",false,0,0,1,0,1,1,1,1,1,1,7,"nacharbeiten"
"roboteroekonomie","Roboterökonomie",false,0,1,1,0,1,1,1,1,1,1,8,"gut, kleine redaktionelle TODOs"
"robotersteuer","Robotersteuer",false,0,1,1,0,1,1,1,1,1,1,8,"gut, kleine redaktionelle TODOs"
"robotik","Robotik",false,0,1,1,0,1,1,1,1,1,1,8,"gut, kleine redaktionelle TODOs"
"rohstoffkritikalitaet","Rohstoffkritikalität",false,0,1,1,0,1,1,1,1,1,1,8,"gut, kleine redaktionelle TODOs"
"rotorblatt-recycling","Rotorblatt-Recycling",false,0,1,1,0,1,1,1,1,1,1,8,"gut, kleine redaktionelle TODOs"
"routineunternehmer","Routineunternehmer / Homo oeconomicus",false,0,0,1,0,1,1,1,1,1,1,7,"nacharbeiten"
"rueckbau-windenergieanlagen","Rückbau von Windenergieanlagen",false,0,0,1,0,1,1,1,1,1,1,7,"nacharbeiten"
"rueckbaustandard","Rückbaustandard",false,0,0,1,0,1,1,1,1,1,1,7,"nacharbeiten"
"rueckbauverpflichtung","Rückbauverpflichtung",false,0,0,1,0,1,1,1,1,1,1,7,"nacharbeiten"
"rueckkopplung","Rückkopplung",false,0,1,1,0,1,1,1,1,1,1,8,"gut, kleine redaktionelle TODOs"
"ruecknahmefaehigkeit","Rücknahmefähigkeit",false,0,0,1,0,1,1,1,1,1,1,7,"nacharbeiten"
"ruecknahmesystem","Rücknahmesystem",false,0,0,1,0,1,1,1,1,1,1,7,"nacharbeiten"
"salienz","Salienz",false,1,1,1,0,1,1,1,1,1,1,9,"gut, kleine redaktionelle TODOs"
"salienzsteuerung","Salienzsteuerung",false,0,1,1,0,1,1,1,1,1,1,8,"gut, kleine redaktionelle TODOs"
"sbti","SBTi",false,0,0,1,0,1,1,1,1,1,1,7,"nacharbeiten"
"scheindemokratie","Scheindemokratie",false,0,0,1,0,1,1,1,1,1,1,7,"nacharbeiten"
"scheinentlastung","Scheinentlastung",false,0,1,1,0,1,1,1,1,1,1,8,"gut, kleine redaktionelle TODOs"
"scheinleistung","Scheinleistung",true,1,1,1,1,1,0,1,1,1,1,9,"gut, kleine redaktionelle TODOs"
"scheinwahrheit","Scheinwahrheit",false,0,1,1,0,1,1,1,1,1,1,8,"gut, kleine redaktionelle TODOs"
"schnellladen","Schnellladen",false,0,0,1,0,1,1,1,1,1,1,7,"nacharbeiten"
"schoepferische-zerstoerung","Schöpferische Zerstörung",false,0,0,1,0,1,1,1,1,1,1,7,"nacharbeiten"
"schuldenbremse","Schuldenbremse",false,0,0,1,0,1,1,1,1,1,1,7,"nacharbeiten"
"schutzpflicht","Schutzpflicht",false,0,0,1,0,1,1,1,1,1,1,7,"nacharbeiten"
"schutztechnik","Schutztechnik",false,0,0,1,0,1,1,1,1,1,1,7,"nacharbeiten"
"schwarzstartfaehigkeit","Schwarzstartfähigkeit",false,0,0,1,0,1,1,1,1,1,1,7,"nacharbeiten"
"schwellenwert","Schwellenwert",false,0,0,1,0,1,1,1,1,1,1,7,"nacharbeiten"
"scope-1","Scope 1",false,1,1,1,0,1,1,1,1,1,1,9,"gut, kleine redaktionelle TODOs"
"scope-1-2-3","Scope 1, Scope 2, Scope 3",false,0,1,1,0,1,1,1,1,1,1,8,"gut, kleine redaktionelle TODOs"
"scope-2","Scope 2",false,1,1,1,0,1,1,1,1,1,1,9,"gut, kleine redaktionelle TODOs"
"scope-3","Scope 3",false,1,1,1,0,1,1,1,1,1,1,9,"gut, kleine redaktionelle TODOs"
"scope-3-datenqualitaet","Scope-3-Datenqualität",false,0,1,1,0,1,1,1,1,1,1,8,"gut, kleine redaktionelle TODOs"
"scorecard","Scorecard",false,0,1,1,0,1,1,1,1,1,1,8,"gut, kleine redaktionelle TODOs"
"sdg-plus","SDG+",false,0,1,1,0,1,1,1,1,1,1,8,"gut, kleine redaktionelle TODOs"
"sdg-sdgplus-referenzrahmen","SDG-/SDG+-Referenzrahmen",false,0,0,1,0,1,1,1,1,1,1,7,"nacharbeiten"
"sdg-washing","SDG-Washing",true,1,1,1,1,1,1,0,1,1,1,9,"gut, kleine redaktionelle TODOs"
"sdgs","SDGs",false,0,1,1,0,1,1,1,1,1,1,8,"gut, kleine redaktionelle TODOs"
"sechster-kondratieff","6. Kondratieff",false,0,1,1,0,1,1,1,1,1,1,8,"gut, kleine redaktionelle TODOs"
"second-life-batterie","Second-Life-Batterie",false,0,1,1,0,1,1,1,1,1,1,8,"gut, kleine redaktionelle TODOs"
"sektorkopplung","Sektorkopplung",false,0,1,1,0,1,1,1,1,1,1,8,"gut, kleine redaktionelle TODOs"
"sekundaerregelung","Sekundärregelung",false,0,0,1,0,1,1,1,1,1,1,7,"nacharbeiten"
"sekundaerrohstoff","Sekundärrohstoff",false,0,0,1,0,1,1,1,1,1,1,7,"nacharbeiten"
"selbstorganisation","Selbstorganisation",false,0,1,1,0,1,1,1,1,1,1,8,"gut, kleine redaktionelle TODOs"
"selbstreferenz","Selbstreferenz",false,0,1,1,0,1,1,1,1,1,1,8,"gut, kleine redaktionelle TODOs"
"selbstverantwortung","Selbstverantwortung",false,0,0,1,0,1,1,1,1,1,1,7,"nacharbeiten"
"selbstwirksamkeit","Selbstwirksamkeit",false,0,1,1,0,1,1,1,1,1,1,8,"gut, kleine redaktionelle TODOs"
"selektive-evidenz","Selektive Evidenz",false,0,1,1,0,1,1,1,1,1,1,8,"gut, kleine redaktionelle TODOs"
"self-ownership","Self-Ownership",false,0,0,1,0,1,1,1,1,1,1,7,"nacharbeiten"
"sensemaking","Sensemaking",false,0,1,1,0,1,1,1,1,1,1,8,"gut, kleine redaktionelle TODOs"
"sensibilisierung","Sensibilisierung",false,0,0,1,0,1,1,1,1,1,1,7,"nacharbeiten"
"service-ngo","Service-NGO",false,0,0,1,0,1,1,1,1,1,1,7,"nacharbeiten"
"sexarbeit","Sexarbeit",false,0,1,1,0,1,1,1,1,1,1,8,"gut, kleine redaktionelle TODOs"
"sfdr","SFDR",false,0,1,1,0,1,1,1,1,1,1,8,"gut, kleine redaktionelle TODOs"
"sharing","Teilen / Sharing",false,0,0,1,0,1,1,1,1,1,1,7,"nacharbeiten"
"skandinavisches-modell","Skandinavisches Modell / Nordic Model",false,0,1,1,0,1,1,1,1,1,1,8,"gut, kleine redaktionelle TODOs"
"smart-charging","Smart Charging",false,0,1,1,0,1,1,1,1,1,1,8,"gut, kleine redaktionelle TODOs"
"smart-grid","Smart Grid",false,0,0,1,0,1,1,1,1,1,1,7,"nacharbeiten"
"smart-meter","Smart Meter",false,0,0,1,0,1,1,1,1,1,1,7,"nacharbeiten"
"smart-meter-gateway","Smart Meter Gateway",false,0,0,1,0,1,1,1,1,1,1,7,"nacharbeiten"
"social-credit","Social Credit",false,0,0,1,0,1,1,1,1,1,1,7,"nacharbeiten"
"social-taxonomy","Social Taxonomy / Sozialtaxonomie",false,1,1,1,0,1,1,1,1,1,1,9,"gut, kleine redaktionelle TODOs"
"solarthermie","Solarthermie",false,0,0,1,0,1,1,1,1,1,1,7,"nacharbeiten"
"sorgearbeit","Sorgearbeit",false,0,1,1,0,1,1,1,1,1,1,8,"gut, kleine redaktionelle TODOs"
"sozialabgaben","Sozialabgaben",false,0,1,1,0,1,1,1,1,1,1,8,"gut, kleine redaktionelle TODOs"
"soziale-bewaehrtheit","Soziale Bewährtheit / Social Proof",false,0,0,1,0,1,1,1,1,1,1,7,"nacharbeiten"
"soziale-infrastruktur","Soziale Infrastruktur",false,0,1,1,0,1,1,1,1,1,1,8,"gut, kleine redaktionelle TODOs"
"soziale-marktwirtschaft","Soziale Marktwirtschaft",false,0,1,1,0,1,1,1,1,1,1,8,"gut, kleine redaktionelle TODOs"
"soziale-reproduktion","Soziale Reproduktion",false,0,1,1,0,1,1,1,1,1,1,8,"gut, kleine redaktionelle TODOs"
"sozialfinanzierung","Sozialfinanzierung",false,0,1,1,0,1,1,1,1,1,1,8,"gut, kleine redaktionelle TODOs"
"sozialisation","Sozialisation",false,0,0,1,0,1,1,1,1,1,1,7,"nacharbeiten"
"sozialisierung-vergesellschaftung","Sozialisierung / Vergesellschaftung",false,0,0,1,0,1,1,1,1,1,1,7,"nacharbeiten"
"sozialismus","Sozialismus",false,0,1,1,0,1,1,1,1,1,1,8,"gut, kleine redaktionelle TODOs"
"sozialliberalismus","Sozialliberalismus",false,0,0,1,0,1,1,1,1,1,1,7,"nacharbeiten"
"sozialstaatsprinzip","Sozialstaatsprinzip",false,0,0,1,0,1,1,1,1,1,1,7,"nacharbeiten"
"spannungshaltung","Spannungshaltung",false,0,0,1,0,1,1,1,1,1,1,7,"nacharbeiten"
"spannungsqualitaet","Power Quality / Spannungsqualität",false,0,0,1,0,1,1,1,1,1,1,7,"nacharbeiten"
"speicher-energie","Speicher",false,0,1,1,0,1,1,1,1,1,1,8,"gut, kleine redaktionelle TODOs"
"spekulationslogik","Spekulationslogik",false,1,0,1,0,1,1,1,1,1,1,8,"gut, kleine redaktionelle TODOs"
"spitzenlast","Spitzenlast",false,0,0,1,0,1,1,1,1,1,1,7,"nacharbeiten"
"sprachspiel","Sprachspiel",false,0,1,1,0,1,1,1,1,1,1,8,"gut, kleine redaktionelle TODOs"
"st-galler-management-modell","St. Galler Management-Modell",false,0,1,1,0,1,1,1,1,1,1,8,"gut, kleine redaktionelle TODOs"
"staat","Staat",false,0,1,1,0,1,1,1,1,1,1,8,"gut, kleine redaktionelle TODOs"
"staatsdelegitimierung","Staatsdelegitimierung",false,0,1,1,0,1,1,1,1,1,1,8,"gut, kleine redaktionelle TODOs"
"staatsform","Staatsform",false,0,0,1,0,1,1,1,1,1,1,7,"nacharbeiten"
"staatsgebiet","Staatsgebiet",false,0,0,1,0,1,1,1,1,1,1,7,"nacharbeiten"
"staatsgewalt","Staatsgewalt",false,0,1,1,0,1,1,1,1,1,1,8,"gut, kleine redaktionelle TODOs"
"staatskapitalismus","Staatskapitalismus",false,0,0,1,0,1,1,1,1,1,1,7,"nacharbeiten"
"staatspropaganda","Staatspropaganda",false,0,0,1,0,1,1,1,1,1,1,7,"nacharbeiten"
"staatssozialismus","Staatssozialismus",false,0,1,1,0,1,1,1,1,1,1,8,"gut, kleine redaktionelle TODOs"
"staatsversagen","Staatsversagen",false,0,0,1,0,1,1,1,1,1,1,7,"nacharbeiten"
"staatsvolk","Staatsvolk",false,0,0,1,0,1,1,1,1,1,1,7,"nacharbeiten"
"stadtwerke","Stadtwerke",false,0,0,1,0,1,1,1,1,1,1,7,"nacharbeiten"
"stafford-beer","Stafford Beer",false,0,1,1,0,1,1,1,1,1,1,8,"gut, kleine redaktionelle TODOs"
"stakeholder-kapitalismus","Stakeholder-Kapitalismus",false,0,0,1,0,1,1,1,1,1,1,7,"nacharbeiten"
"standardlastprofil","Standardlastprofil / SLP",false,0,0,1,0,1,1,1,1,1,1,7,"nacharbeiten"
"state-capture","State Capture",false,0,1,1,0,1,1,1,1,1,1,8,"gut, kleine redaktionelle TODOs"
"state-of-charge","State of Charge / SOC",false,0,0,1,0,1,1,1,1,1,1,7,"nacharbeiten"
"state-of-health","State of Health / SOH",false,0,1,1,0,1,1,1,1,1,1,8,"gut, kleine redaktionelle TODOs"
"stationaerer-batteriespeicher","Stationärer Batteriespeicher",false,0,1,1,0,1,1,1,1,1,1,8,"gut, kleine redaktionelle TODOs"
"status-quo-bias","Status-quo-Bias",false,0,1,1,0,1,1,1,1,1,1,8,"gut, kleine redaktionelle TODOs"
"steuerkritik","Steuerkritik",false,0,1,1,0,1,1,1,1,1,1,8,"gut, kleine redaktionelle TODOs"
"steuerungsdaten","Steuerungsdaten",false,0,1,1,0,1,1,1,1,1,1,8,"gut, kleine redaktionelle TODOs"
"stiftung","Stiftung",false,0,1,1,0,1,1,1,1,1,1,8,"gut, kleine redaktionelle TODOs"
"stranded-assets","Stranded Assets",false,1,1,1,0,1,1,1,1,1,1,9,"gut, kleine redaktionelle TODOs"
"strategische-reserve","Strategische Reserve",false,0,0,1,0,1,1,1,1,1,1,7,"nacharbeiten"
"strategisches-management","Strategisches Management",false,0,0,1,0,1,1,1,1,1,1,7,"nacharbeiten"
"streitfaehigkeit","Streitfähigkeit",false,0,0,1,0,1,1,1,1,1,1,7,"nacharbeiten"
"stressreaktion","Stressreaktion",false,0,0,1,0,1,1,1,1,1,1,7,"nacharbeiten"
"stromgestehungskosten","Stromgestehungskosten",false,0,0,1,0,1,1,1,1,1,1,7,"nacharbeiten"
"strommarkt","Strommarkt",false,0,1,1,0,1,1,1,1,1,1,8,"gut, kleine redaktionelle TODOs"
"strommarktdesign","Strommarktdesign",false,0,1,1,0,1,1,1,1,1,1,8,"gut, kleine redaktionelle TODOs"
"stromnetz","Stromnetz",false,0,1,1,0,1,1,1,1,1,1,8,"gut, kleine redaktionelle TODOs"
"stromnev","StromNEV",false,0,0,1,0,1,1,1,1,1,1,7,"nacharbeiten"
"strompreisbestandteile","Strompreisbestandteile",false,0,1,1,0,1,1,1,1,1,1,8,"gut, kleine redaktionelle TODOs"
"stromsteuer","Stromsteuer",false,0,0,1,0,1,1,1,1,1,1,7,"nacharbeiten"
"strukturdeterminiertheit","Strukturdeterminiertheit",false,0,1,1,0,1,1,1,1,1,1,8,"gut, kleine redaktionelle TODOs"
"strukturelle-kopplung","Strukturelle Kopplung",false,0,1,1,0,1,1,1,1,1,1,8,"gut, kleine redaktionelle TODOs"
"struktureller-rassismus","Struktureller Rassismus",false,0,0,1,0,1,1,1,1,1,1,7,"nacharbeiten"
"strukturelles-driften","Strukturelles Driften",false,1,1,1,0,1,1,1,1,1,1,9,"gut, kleine redaktionelle TODOs"
"studienfinanzierung","Studienfinanzierung",false,0,1,1,0,1,1,1,1,1,1,8,"gut, kleine redaktionelle TODOs"
"suendenbockmechanismus","Sündenbockmechanismus",false,0,0,1,0,1,1,1,1,1,1,7,"nacharbeiten"
"suffizienz","Suffizienz",false,0,0,1,0,1,1,1,1,1,1,7,"nacharbeiten"
"superkondensator","Superkondensator",false,0,0,1,0,1,1,1,1,1,1,7,"nacharbeiten"
"supply-chain-resilienz","Supply-Chain-Resilienz",true,0,1,1,1,1,1,1,1,1,1,9,"gut, kleine redaktionelle TODOs"
"supply-side-economics","Supply-side Economics",false,0,1,1,0,1,1,1,1,1,1,8,"gut, kleine redaktionelle TODOs"
"supraleitung","Supraleitung",false,0,0,1,0,1,1,1,1,1,1,7,"nacharbeiten"
"sustainable-finance","Sustainable Finance",false,1,1,1,0,1,1,1,1,1,1,9,"gut, kleine redaktionelle TODOs"
"systemdienstleistungen","Systemdienstleistungen",false,0,1,1,0,1,1,1,1,1,1,8,"gut, kleine redaktionelle TODOs"
"systemgrenze","Systemgrenze",false,0,1,1,0,1,1,1,1,1,1,8,"gut, kleine redaktionelle TODOs"
"systemische-kohaerenz","Systemische Kohärenz",false,0,1,1,0,1,1,1,1,1,1,8,"gut, kleine redaktionelle TODOs"
"systemischer-wert","Systemischer Wert",false,0,1,1,0,1,1,1,1,1,1,8,"gut, kleine redaktionelle TODOs"
"systemkosten","Systemkosten",false,0,1,1,0,1,1,1,1,1,1,8,"gut, kleine redaktionelle TODOs"
"systemorientiertes-management","Systemorientiertes Management",false,0,0,1,0,1,1,1,1,1,1,7,"nacharbeiten"
"systemverzerrender-lobbyismus","Systemverzerrender Lobbyismus",false,0,0,1,0,1,1,1,1,1,1,7,"nacharbeiten"
"t-sroi","T-SROI",false,0,1,1,0,1,1,1,1,1,1,8,"gut, kleine redaktionelle TODOs"
"tab-mittelspannung","TAB Mittelspannung",false,0,0,1,0,1,1,1,1,1,1,7,"nacharbeiten"
"tandem-solarzelle","Tandem-Solarzelle",false,0,0,1,0,1,1,1,1,1,1,7,"nacharbeiten"
"tank-to-wheel","Tank-to-Wheel",false,0,0,1,0,1,1,1,1,1,1,7,"nacharbeiten"
"tar-mittelspannung","TAR Mittelspannung / VDE-AR-N 4110",false,0,0,1,0,1,1,1,1,1,1,7,"nacharbeiten"
"tauschwert","Tauschwert",false,0,0,1,0,1,1,1,1,1,1,7,"nacharbeiten"
"taxonomiefaehigkeit","Taxonomiefähigkeit",false,0,0,1,0,1,1,1,1,1,1,7,"nacharbeiten"
"taxonomiekonformitaet","Taxonomiekonformität",false,0,1,1,0,1,1,1,1,1,1,8,"gut, kleine redaktionelle TODOs"
"taxonomy-kpis","Taxonomie-KPIs",false,0,0,1,0,1,1,1,1,1,1,7,"nacharbeiten"
"taxonomy-navigator","Taxonomy Navigator / Taxonomy Compass",false,0,0,1,0,1,1,1,1,1,1,7,"nacharbeiten"
"tcfd","TCFD",false,0,0,1,0,1,1,1,1,1,1,7,"nacharbeiten"
"technische-anschlussregel","Technische Anschlussregel / TAR",false,0,0,1,0,1,1,1,1,1,1,7,"nacharbeiten"
"technische-bewertungskriterien","Technische Bewertungskriterien",false,0,1,1,0,1,1,1,1,1,1,8,"gut, kleine redaktionelle TODOs"
"technischer-kreislauf","Technischer Kreislauf",false,0,1,1,0,1,1,1,1,1,1,8,"gut, kleine redaktionelle TODOs"
"technischer-naehrstoff","Technischer Nährstoff",false,0,0,1,0,1,1,1,1,1,1,7,"nacharbeiten"
"theokratie","Theokratie",false,0,0,1,0,1,1,1,1,1,1,7,"nacharbeiten"
"thermal-runaway","Thermal Runaway",false,0,0,1,0,1,1,1,1,1,1,7,"nacharbeiten"
"thermisches-kraftwerk","Thermisches Kraftwerk",false,0,0,1,0,1,1,1,1,1,1,7,"nacharbeiten"
"thg-emissions-scopes","THG-Emissions-Scopes",false,0,1,1,0,1,1,1,1,1,1,8,"gut, kleine redaktionelle TODOs"
"thinktank","Thinktank",false,0,1,1,0,1,1,1,1,1,1,8,"gut, kleine redaktionelle TODOs"
"thinktank-netzwerk","Thinktank-Netzwerk",false,0,0,1,0,1,1,1,1,1,1,7,"nacharbeiten"
"tnfd","TNFD",false,0,1,1,0,1,1,1,1,1,1,8,"gut, kleine redaktionelle TODOs"
"totalitarismus","Totalitarismus",false,0,1,1,0,1,1,1,1,1,1,8,"gut, kleine redaktionelle TODOs"
"totalitarismus-arendt","Totalitarismus nach Arendt",false,0,0,1,0,1,1,1,1,1,1,7,"nacharbeiten"
"trafostation","Trafostation",false,0,1,1,0,1,1,1,1,1,1,8,"gut, kleine redaktionelle TODOs"
"transaktionskosten","Transaktionskosten",false,0,0,1,0,1,1,1,1,1,1,7,"nacharbeiten"
"transformationsbonus","Transformationsbonus",false,0,1,1,0,1,0,1,1,1,1,7,"nacharbeiten"
"transformationspfad","Transformationspfad",true,0,1,1,1,1,1,1,1,1,1,9,"gut, kleine redaktionelle TODOs"
"transformationswelle","Transformationswelle",false,0,1,1,0,1,1,1,1,1,1,8,"gut, kleine redaktionelle TODOs"
"transformationswirkung","Transformationswirkung",true,1,1,1,1,1,0,1,1,1,1,9,"gut, kleine redaktionelle TODOs"
"transformator","Transformator / Trafo",false,0,0,1,0,1,1,1,1,1,1,7,"nacharbeiten"
"transition-finance","Transition Finance",false,0,1,1,0,1,1,1,1,1,1,8,"gut, kleine redaktionelle TODOs"
"transition-plan","Transition Plan",false,0,1,1,0,1,1,1,1,1,1,8,"gut, kleine redaktionelle TODOs"
"transition-risk","Transition Risk",false,0,1,1,0,1,1,1,1,1,1,8,"gut, kleine redaktionelle TODOs"
"transparenz","Transparenz",false,0,1,1,0,1,1,1,1,1,1,8,"gut, kleine redaktionelle TODOs"
"transparenzregister-lobbyismus","Transparenzregister",false,0,1,1,0,1,1,1,1,1,1,8,"gut, kleine redaktionelle TODOs"
"treibhausgasemissionen","Treibhausgasemissionen",false,0,1,1,0,1,1,1,1,1,1,8,"gut, kleine redaktionelle TODOs"
"trickle-down-oekonomie","Trickle-down-Ökonomie",false,0,1,1,0,1,1,1,1,1,1,8,"gut, kleine redaktionelle TODOs"
"trittbrettfahrerproblem","Trittbrettfahrerproblem",false,0,0,1,0,1,1,1,1,1,1,7,"nacharbeiten"
"triviale-maschine","Triviale Maschine",false,0,1,1,0,1,1,1,1,1,1,8,"gut, kleine redaktionelle TODOs"
"typ-2-stecker","Typ-2-Stecker",false,0,0,1,0,1,1,1,1,1,1,7,"nacharbeiten"
"uebergabestation","Übergabestation",false,0,0,1,0,1,1,1,1,1,1,7,"nacharbeiten"
"uebergangstaetigkeit","Übergangstätigkeit",false,0,0,1,0,1,1,1,1,1,1,7,"nacharbeiten"
"uebertragungsnetz","Übertragungsnetz",false,0,0,1,0,1,1,1,1,1,1,7,"nacharbeiten"
"ueberwachungskapitalismus","Überwachungskapitalismus",false,0,0,1,0,1,1,1,1,1,1,7,"nacharbeiten"
"umspannstation","Umspannstation",false,0,0,1,0,1,1,1,1,1,1,7,"nacharbeiten"
"umspannwerk","Umspannwerk",false,0,0,1,0,1,1,1,1,1,1,7,"nacharbeiten"
"umweltgerechtigkeit","Umweltgerechtigkeit",false,0,0,1,0,1,1,1,1,1,1,7,"nacharbeiten"
"un-guiding-principles","UN Guiding Principles on Business and Human Rights",false,0,1,1,0,1,1,1,1,1,1,8,"gut, kleine redaktionelle TODOs"
"unbezahlte-arbeit","Unbezahlte Arbeit",false,0,1,1,0,1,1,1,1,1,1,8,"gut, kleine redaktionelle TODOs"
"unsichtbare-arbeit","Unsichtbare Arbeit",false,0,0,1,0,1,1,1,1,1,1,7,"nacharbeiten"
"unternehmen-als-wirkungssystem","Unternehmen als Wirkungssystem",true,0,1,1,1,1,0,1,1,1,1,8,"gut, kleine redaktionelle TODOs"
"unternehmerfunktion","Unternehmerfunktion",false,0,0,1,0,1,1,1,1,1,1,7,"nacharbeiten"
"unternehmerisches-lernen","Unternehmerisches Lernen",false,0,1,1,0,1,1,1,1,1,1,8,"gut, kleine redaktionelle TODOs"
"upcycling","Upcycling",false,0,0,1,0,1,1,1,1,1,1,7,"nacharbeiten"
"urban-mining","Urban Mining",false,0,0,1,0,1,1,1,1,1,1,7,"nacharbeiten"
"urban-mining-batterien","Urban Mining Batterien",false,0,0,1,0,1,1,1,1,1,1,7,"nacharbeiten"
"urteilskraft","Urteilskraft",false,0,0,1,0,1,1,1,1,1,1,7,"nacharbeiten"
"value-proposition","Value Proposition",false,0,1,1,0,1,1,1,1,1,1,8,"gut, kleine redaktionelle TODOs"
"value-proposition-canvas","Value Proposition Canvas",false,0,0,1,0,1,1,1,1,1,1,7,"nacharbeiten"
"varietaet","Varietät",false,0,1,1,0,1,1,1,1,1,1,8,"gut, kleine redaktionelle TODOs"
"vehicle-to-grid","Vehicle-to-Grid",false,0,0,1,0,1,1,1,1,1,1,7,"nacharbeiten"
"vehicle-to-home","Vehicle-to-Home",false,0,0,1,0,1,1,1,1,1,1,7,"nacharbeiten"
"vehicle-to-load","Vehicle-to-Load",false,0,0,1,0,1,1,1,1,1,1,7,"nacharbeiten"
"verbrauchsgueter","Verbrauchsgüter",false,0,0,1,0,1,1,1,1,1,1,7,"nacharbeiten"
"verfassung","Verfassung",false,0,1,1,0,1,1,1,1,1,1,8,"gut, kleine redaktionelle TODOs"
"verfassungsgerichtsbarkeit","Verfassungsgerichtsbarkeit",false,0,0,1,0,1,1,1,1,1,1,7,"nacharbeiten"
"verfassungsmaessige-wirkungsarchitektur","Verfassungsmäßige Wirkungsarchitektur",false,0,0,1,0,1,1,1,1,1,1,7,"nacharbeiten"
"verfassungsorgan","Verfassungsorgan",false,0,0,1,0,1,1,1,1,1,1,7,"nacharbeiten"
"verfuegbarkeitsheuristik","Verfügbarkeitsheuristik",false,0,1,1,0,1,1,1,1,1,1,8,"gut, kleine redaktionelle TODOs"
"verhaeltnismaessigkeit","Verhältnismäßigkeit",false,0,1,1,0,1,1,1,1,1,1,8,"gut, kleine redaktionelle TODOs"
"verlustaversion","Verlustaversion",false,1,1,1,0,1,1,1,1,1,1,9,"gut, kleine redaktionelle TODOs"
"verlustleistung","Verlustleistung",false,0,1,1,0,1,1,1,1,1,1,8,"gut, kleine redaktionelle TODOs"
"vermeidene-schaeden-folgekosten","Vermeidene Schäden / vermiedene Folgekosten",false,0,0,1,0,1,1,1,1,1,1,7,"nacharbeiten"
"versicherbarkeit","Versicherbarkeit",true,0,1,1,1,1,0,1,1,1,1,8,"gut, kleine redaktionelle TODOs"
"versorgungssicherheit","Versorgungssicherheit",false,0,1,1,0,1,1,1,1,1,1,8,"gut, kleine redaktionelle TODOs"
"verstaerkungslernen","Verstärkungslernen",false,0,0,1,0,1,1,1,1,1,1,7,"nacharbeiten"
"verteilnetz","Verteilnetz",false,0,0,1,0,1,1,1,1,1,1,7,"nacharbeiten"
"vertragsfreiheit","Vertragsfreiheit",false,0,0,1,0,1,1,1,1,1,1,7,"nacharbeiten"
"vertrauen","Vertrauen",false,1,1,1,0,1,1,1,1,1,1,9,"gut, kleine redaktionelle TODOs"
"vertrauensverschiebung","Vertrauensverschiebung",false,0,1,1,0,1,1,1,1,1,1,8,"gut, kleine redaktionelle TODOs"
"vertrautheitseffekt","Vertrautheitseffekt",false,0,0,1,0,1,1,1,1,1,1,7,"nacharbeiten"
"verwaltung","Verwaltung",false,0,1,1,0,1,1,1,1,1,1,8,"gut, kleine redaktionelle TODOs"
"viabilitaet","Viabilität",false,0,1,1,0,1,1,1,1,1,1,8,"gut, kleine redaktionelle TODOs"
"viable-system-model","Viable System Model",false,0,1,1,0,1,1,1,1,1,1,8,"gut, kleine redaktionelle TODOs"
"vita-activa","Vita activa",false,0,0,1,0,1,1,1,1,1,1,7,"nacharbeiten"
"volkssouveraenitaet","Volkssouveränität",false,0,0,1,0,1,1,1,1,1,1,7,"nacharbeiten"
"vollstaendige-information","Vollständige Information",false,0,1,1,0,1,1,1,1,1,1,8,"gut, kleine redaktionelle TODOs"
"vsme","VSME",false,0,1,1,0,1,1,1,1,1,1,8,"gut, kleine redaktionelle TODOs"
"vulnerabilitaet","Vulnerabilität",false,0,1,1,0,1,1,1,1,1,1,8,"gut, kleine redaktionelle TODOs"
"waermepumpe","Wärmepumpe",false,0,1,1,0,1,1,1,1,1,1,8,"gut, kleine redaktionelle TODOs"
"waermespeicher","Wärmespeicher",false,0,1,1,0,1,1,1,1,1,1,8,"gut, kleine redaktionelle TODOs"
"wahlintegritaet","Wahlintegrität",false,0,1,1,0,1,1,1,1,1,1,8,"gut, kleine redaktionelle TODOs"
"wahlmanipulation","Wahlmanipulation",false,0,0,1,0,1,1,1,1,1,1,7,"nacharbeiten"
"wahrhaftigkeit","Wahrhaftigkeit",false,0,0,1,0,1,1,1,1,1,1,7,"nacharbeiten"
"wahrheit","Wahrheit",false,0,1,1,0,1,1,1,1,1,1,8,"gut, kleine redaktionelle TODOs"
"wahrheitsillusionseffekt","Wahrheitsillusionseffekt",false,0,0,1,0,1,1,1,1,1,1,7,"nacharbeiten"
"wahrnehmung","Wahrnehmung",false,0,0,1,0,1,1,1,1,1,1,7,"nacharbeiten"
"wallbox","Wallbox",false,0,0,1,0,1,1,1,1,1,1,7,"nacharbeiten"
"wandlermessung","Wandlermessung",false,0,1,1,0,1,1,1,1,1,1,8,"gut, kleine redaktionelle TODOs"
"warenfetisch","Warenfetisch",false,0,0,1,0,1,1,1,1,1,1,7,"nacharbeiten"
"warmmietenneutralitaet","Warmmietenneutralität",false,1,0,1,0,1,1,1,1,1,1,8,"gut, kleine redaktionelle TODOs"
"wartung","Wartung / Maintenance",false,0,0,1,0,1,1,1,1,1,1,7,"nacharbeiten"
"wasserkraft","Wasserkraft",false,0,0,1,0,1,1,1,1,1,1,7,"nacharbeiten"
"wasserstoff","Wasserstoff",false,0,1,1,0,1,1,1,1,1,1,8,"gut, kleine redaktionelle TODOs"
"wasserstoffspeicher","Wasserstoffspeicher",false,0,0,1,0,1,1,1,1,1,1,7,"nacharbeiten"
"wasserstress","Wasserstress",false,0,1,1,0,1,1,1,1,1,1,8,"gut, kleine redaktionelle TODOs"
"watchdog-organisation","Watchdog-Organisation",false,0,0,1,0,1,1,1,1,1,1,7,"nacharbeiten"
"wehrhafte-demokratie","Wehrhafte Demokratie",false,0,0,1,0,1,1,1,1,1,1,7,"nacharbeiten"
"weiterverteilung","Weiterverteilung / Redistribute",false,0,0,1,0,1,1,1,1,1,1,7,"nacharbeiten"
"well-to-tank","Well-to-Tank",false,0,0,1,0,1,1,1,1,1,1,7,"nacharbeiten"
"well-to-wheel","Well-to-Wheel",false,0,0,1,0,1,1,1,1,1,1,7,"nacharbeiten"
"weltlosigkeit","Weltlosigkeit",false,0,0,1,0,1,1,1,1,1,1,7,"nacharbeiten"
"wert","Wert",false,0,1,1,0,1,1,1,1,1,1,8,"gut, kleine redaktionelle TODOs"
"werte","Werte",false,0,0,1,0,1,1,1,1,1,1,7,"nacharbeiten"
"wertekonflikt","Wertekonflikt",false,0,0,1,0,1,1,1,1,1,1,7,"nacharbeiten"
"werterhalt","Werterhalt",false,0,1,1,0,1,1,1,1,1,1,8,"gut, kleine redaktionelle TODOs"
"wertewandel","Wertewandel",false,0,0,1,0,1,1,1,1,1,1,7,"nacharbeiten"
"wertschoepfung","Wertschöpfung",false,0,0,1,0,1,1,1,1,1,1,7,"nacharbeiten"
"wesentlicher-beitrag","Wesentlicher Beitrag",false,0,0,1,0,1,1,1,1,1,1,7,"nacharbeiten"
"who","WHO",false,0,0,1,0,1,1,1,1,1,1,7,"nacharbeiten"
"wiedergeburtsnarrativ","Wiedergeburtsnarrativ",false,0,0,1,0,1,1,1,1,1,1,7,"nacharbeiten"
"wiederverwendung","Wiederverwendung",false,0,1,1,0,1,1,1,1,1,1,8,"gut, kleine redaktionelle TODOs"
"windenergie","Windenergie",false,0,1,1,0,1,1,1,1,1,1,8,"gut, kleine redaktionelle TODOs"
"windenergieanlage-lebenszyklus","Windenergieanlage Lebenszyklus",false,0,0,1,0,1,1,1,1,1,1,7,"nacharbeiten"
"windrad-recycling","Windrad-Recycling",false,0,0,1,0,1,1,1,1,1,1,7,"nacharbeiten"
"wirkleistung","Wirkleistung",true,1,1,1,1,1,0,1,1,1,1,9,"gut, kleine redaktionelle TODOs"
"wirklichkeitsbindung","Wirklichkeitsbindung",false,0,1,1,0,1,1,1,1,1,1,8,"gut, kleine redaktionelle TODOs"
"wirklichkeitskonstruktion","Wirklichkeitskonstruktion",false,0,1,1,0,1,1,1,1,1,1,8,"gut, kleine redaktionelle TODOs"
"wirkmechanismus","Wirkmechanismus",false,0,1,1,0,1,1,1,1,1,1,8,"gut, kleine redaktionelle TODOs"
"wirksames-management","Wirksames Management",false,0,1,1,0,1,1,1,1,1,1,8,"gut, kleine redaktionelle TODOs"
"wirksamkeit","Wirksamkeit",false,0,1,1,0,1,1,1,1,1,1,8,"gut, kleine redaktionelle TODOs"
"wirkstoff","Wirkstoff",false,0,1,1,0,1,1,1,1,1,1,8,"gut, kleine redaktionelle TODOs"
"wirkung","Wirkung",true,1,1,1,1,1,0,1,1,1,1,9,"gut, kleine redaktionelle TODOs"
"wirkung-im-preisschild","Wirkung im Preisschild",true,0,1,1,1,1,0,1,1,1,1,8,"gut, kleine redaktionelle TODOs"
"wirkungs-bip","Wirkungs-BIP",true,0,1,1,1,1,0,1,1,1,1,8,"gut, kleine redaktionelle TODOs"
"wirkungsarchitektur","Wirkungsarchitektur",true,1,1,1,1,1,0,1,1,1,1,9,"gut, kleine redaktionelle TODOs"
"wirkungsassurance","Wirkungsassurance",true,0,1,1,1,1,0,1,1,1,1,8,"gut, kleine redaktionelle TODOs"
"wirkungsaudit","Wirkungsaudit",true,0,1,1,1,1,0,1,1,1,1,8,"gut, kleine redaktionelle TODOs"
"wirkungsbewertung","Wirkungsbewertung",true,1,1,1,1,1,0,0,1,1,1,8,"gut, kleine redaktionelle TODOs"
"wirkungsbiografie","Wirkungsbiografie",false,0,1,1,0,1,0,1,1,1,1,7,"nacharbeiten"
"wirkungsblindheit","Wirkungsblindheit",true,1,1,1,1,1,0,1,1,1,1,9,"gut, kleine redaktionelle TODOs"
"wirkungsbonus","Wirkungsbonus",true,1,1,1,1,1,0,1,1,1,1,9,"gut, kleine redaktionelle TODOs"
"wirkungsbudget","Wirkungsbudget",true,0,1,1,1,1,0,1,1,1,1,8,"gut, kleine redaktionelle TODOs"
"wirkungscontrolling","Wirkungscontrolling",true,0,1,1,1,1,0,1,1,1,1,8,"gut, kleine redaktionelle TODOs"
"wirkungsdaten","Wirkungsdaten",false,0,1,1,0,1,1,1,1,1,1,8,"gut, kleine redaktionelle TODOs"
"wirkungsdatenraeume","Wirkungsdatenräume",true,0,1,1,1,1,0,0,1,1,1,7,"nacharbeiten"
"wirkungsdatenraum","Wirkungsdatenraum",false,0,1,1,0,1,1,1,1,1,1,8,"gut, kleine redaktionelle TODOs"
"wirkungseinkommen","Wirkungseinkommen",true,1,1,1,1,1,0,0,1,1,1,8,"gut, kleine redaktionelle TODOs"
"wirkungseinkommensteuer","Wirkungseinkommensteuer",false,0,1,1,0,1,1,1,1,1,1,8,"gut, kleine redaktionelle TODOs"
"wirkungsempfaenger","Wirkungsempfänger",false,0,1,1,0,1,1,1,1,1,1,8,"gut, kleine redaktionelle TODOs"
"wirkungsethik","Wirkungsethik",false,0,1,1,0,1,1,1,1,1,1,8,"gut, kleine redaktionelle TODOs"
"wirkungsfonds","Wirkungsfonds",true,1,1,1,1,1,0,1,1,1,1,9,"gut, kleine redaktionelle TODOs"
"wirkungsfreiheit","Wirkungsfreiheit",false,0,0,1,0,1,1,1,1,1,1,7,"nacharbeiten"
"wirkungsgrad","Wirkungsgrad",false,0,1,1,0,1,1,1,1,1,1,8,"gut, kleine redaktionelle TODOs"
"wirkungsgrenze","Wirkungsgrenze",true,1,1,1,1,1,0,1,1,1,1,9,"gut, kleine redaktionelle TODOs"
"wirkungsgutschrift","Wirkungsgutschrift",true,0,1,1,1,1,0,1,1,1,1,8,"gut, kleine redaktionelle TODOs"
"wirkungshaushalt","Wirkungshaushalt",true,1,1,1,1,1,0,1,1,1,1,9,"gut, kleine redaktionelle TODOs"
"wirkungsindikator","Wirkungsindikator",true,1,1,1,1,1,0,1,1,1,1,9,"gut, kleine redaktionelle TODOs"
"wirkungsinnovation","Wirkungsinnovation",true,0,1,1,1,1,1,0,1,1,1,8,"gut, kleine redaktionelle TODOs"
"wirkungsintegration","Wirkungsintegration",false,0,1,1,0,1,1,1,1,1,1,8,"gut, kleine redaktionelle TODOs"
"wirkungskapital","Wirkungskapital",false,0,1,1,0,1,1,1,1,1,1,8,"gut, kleine redaktionelle TODOs"
"wirkungskommunikation","Wirkungskommunikation",true,0,1,1,1,1,1,1,1,1,1,9,"gut, kleine redaktionelle TODOs"
"wirkungskompetenz","Wirkungskompetenz",true,1,1,1,1,1,0,1,1,1,1,9,"gut, kleine redaktionelle TODOs"
"wirkungslenkung","Wirkungslenkung",true,1,1,1,1,1,0,0,1,1,1,8,"gut, kleine redaktionelle TODOs"
"wirkungsnetz","Wirkungsnetz",false,0,1,1,0,1,1,1,1,1,1,8,"gut, kleine redaktionelle TODOs"
"wirkungsorientierte-unternehmensfuehrung","Wirkungsorientierte Unternehmensführung",true,0,1,1,1,1,0,1,1,1,1,8,"gut, kleine redaktionelle TODOs"
"wirkungsorientiertes-hosting","Wirkungsorientiertes Hosting",false,1,1,1,0,1,1,1,1,1,1,9,"gut, kleine redaktionelle TODOs"
"wirkungspaedagogik","Wirkungspädagogik",false,1,0,1,0,1,1,1,1,1,1,8,"gut, kleine redaktionelle TODOs"
"wirkungspfad","Wirkungspfad",false,0,1,1,0,1,1,1,1,1,1,8,"gut, kleine redaktionelle TODOs"
"wirkungspflicht-des-eigentums","Wirkungspflicht des Eigentums",false,1,0,1,0,1,1,1,1,1,1,8,"gut, kleine redaktionelle TODOs"
"wirkungspotenzial","Wirkungspotenzial",true,1,1,1,1,1,0,1,1,1,1,9,"gut, kleine redaktionelle TODOs"
"wirkungspruefung","Wirkungsprüfung",false,0,1,1,1,1,0,1,1,1,1,8,"gut, kleine redaktionelle TODOs"
"wirkungspunkte","Wirkungspunkte",true,1,1,1,1,1,0,0,1,1,1,8,"gut, kleine redaktionelle TODOs"
"wirkungsradar","Wirkungsradar",false,0,0,1,0,1,1,1,1,1,1,7,"nacharbeiten"
"wirkungsrat","Wirkungsrat",true,1,1,1,1,1,0,1,1,1,1,9,"gut, kleine redaktionelle TODOs"
"wirkungsraum","Wirkungsraum",false,1,1,1,0,1,1,1,1,1,1,9,"gut, kleine redaktionelle TODOs"
"wirkungsregister","Wirkungsregister",true,1,1,1,1,1,0,0,1,1,1,8,"gut, kleine redaktionelle TODOs"
"wirkungsrendite","Wirkungsrendite",true,0,1,1,1,1,0,1,1,1,1,8,"gut, kleine redaktionelle TODOs"
"wirkungsrente","Wirkungsrente",true,1,1,1,1,1,0,1,1,1,1,9,"gut, kleine redaktionelle TODOs"
"wirkungsresilienz","Wirkungsresilienz",true,1,1,1,1,1,1,1,1,1,1,10,"veroeffentlichungsreif"
"wirkungsrisiko","Wirkungsrisiko",true,1,1,1,1,1,1,1,1,1,1,10,"veroeffentlichungsreif"
"wirkungsrueckkopplung","Wirkungsrückkopplung",true,0,1,1,1,1,0,1,1,1,1,8,"gut, kleine redaktionelle TODOs"
"wirkungsschule","Wirkungsschule",false,1,0,1,0,1,1,1,1,1,1,8,"gut, kleine redaktionelle TODOs"
"wirkungssteuer","Wirkungssteuer",true,1,1,1,1,1,0,1,1,1,1,9,"gut, kleine redaktionelle TODOs"
"wirkungssteuergesetz","Wirkungssteuergesetz",true,1,1,1,1,1,0,1,1,1,1,9,"gut, kleine redaktionelle TODOs"
"wirkungstraeger","Wirkungsträger",false,0,0,1,0,1,1,1,1,1,1,7,"nacharbeiten"
"wirkungstransparenzbericht","Wirkungstransparenzbericht",true,0,1,1,1,1,0,1,1,1,1,8,"gut, kleine redaktionelle TODOs"
"wirkungsumsatzsteuer","Wirkungsumsatzsteuer",false,1,0,1,0,1,1,1,1,1,1,8,"gut, kleine redaktionelle TODOs"
"wirkungsverantwortung","Wirkungsverantwortung",false,0,1,1,0,1,1,1,1,1,1,8,"gut, kleine redaktionelle TODOs"
"wirkungsvermietung","Wirkungsvermietung",false,1,0,1,0,1,1,1,1,1,1,8,"gut, kleine redaktionelle TODOs"
"wirkungswahrheit","Wirkungswahrheit",true,1,1,1,1,1,0,1,1,1,1,9,"gut, kleine redaktionelle TODOs"
"wirkungswert","Wirkungswert",false,0,1,1,0,1,1,1,1,1,1,8,"gut, kleine redaktionelle TODOs"
"wirkungswertschoepfung","Wirkungswertschöpfung",false,0,0,1,0,1,1,1,1,1,1,7,"nacharbeiten"
"wirkungszurechnung","Wirkungszurechnung",false,0,1,1,0,1,1,1,1,1,1,8,"gut, kleine redaktionelle TODOs"
"wirtschaftsliberalismus","Wirtschaftsliberalismus",false,0,1,1,0,1,1,1,1,1,1,8,"gut, kleine redaktionelle TODOs"
"wix-vi","WIX-VI",false,1,0,1,0,1,1,1,1,1,1,8,"gut, kleine redaktionelle TODOs"
"woek-id","WÖk-ID",true,1,1,1,1,1,1,1,1,1,1,10,"veroeffentlichungsreif"
"wohlfahrtsoekonomie","Wohlfahrtsökonomie",false,0,0,1,0,1,1,1,1,1,1,7,"nacharbeiten"
"wohlfahrtsstaat","Wohlfahrtsstaat",false,0,1,1,0,1,1,1,1,1,1,8,"gut, kleine redaktionelle TODOs"
"wohnwirkung","Wohnwirkung",false,1,1,1,0,1,1,1,1,1,1,9,"gut, kleine redaktionelle TODOs"
"wstg","WStG",false,0,0,1,0,1,1,1,1,1,1,7,"nacharbeiten"
"wu-wei","Wu Wei / Nicht-Erzwingen",false,0,1,1,0,1,1,1,1,1,1,8,"gut, kleine redaktionelle TODOs"
"wustg","WUStG",false,1,1,1,0,1,1,1,1,1,1,9,"gut, kleine redaktionelle TODOs"
"xbrl","XBRL",false,0,1,1,0,1,1,1,1,1,1,8,"gut, kleine redaktionelle TODOs"
"xenophobie","Xenophobie",false,0,0,1,0,1,1,1,1,1,1,7,"nacharbeiten"
"youth-jugendbeteiligung","Youth / Jugendbeteiligung",false,0,0,1,0,1,1,1,1,1,1,7,"nacharbeiten"
"zeitwirkung","Zeitwirkung",false,0,0,1,0,1,1,1,1,1,1,7,"nacharbeiten"
"zementverwertung-rotorblaetter","Zementverwertung Rotorblätter",false,0,0,1,0,1,1,1,1,1,1,7,"nacharbeiten"
"zentralverwaltungswirtschaft","Zentralverwaltungswirtschaft",false,0,0,1,0,1,1,1,1,1,1,7,"nacharbeiten"
"zero-waste","Null-Abfall / Zero Waste",false,0,0,1,0,1,1,1,1,1,1,7,"nacharbeiten"
"zielkonflikt","Zielkonflikt",false,0,1,1,0,1,1,1,1,1,1,8,"gut, kleine redaktionelle TODOs"
"zirkulaeres-geschaeftsmodell","Zirkuläres Geschäftsmodell",false,0,0,1,0,1,1,1,1,1,1,7,"nacharbeiten"
"zirkularitaet","Zirkularität",false,0,0,1,0,1,1,1,1,1,1,7,"nacharbeiten"
"zirkularitaetsindikator","Circularity Indicator / Zirkularitätsindikator",false,0,0,1,0,1,1,1,1,1,1,7,"nacharbeiten"
"zivilgesellschaft","Zivilgesellschaft",false,0,1,1,0,1,1,1,1,1,1,8,"gut, kleine redaktionelle TODOs"
"zivilgesellschaftsrepression","Zivilgesellschaftsrepression",false,0,0,1,0,1,1,1,1,1,1,7,"nacharbeiten"
"zugangsgerechtigkeit","Zugangsgerechtigkeit",false,0,0,1,0,1,1,1,1,1,1,7,"nacharbeiten"
"zukunftsbild","Zukunftsbild",false,0,1,1,0,1,1,1,1,1,1,8,"gut, kleine redaktionelle TODOs"
"zukunftsfaehigkeit","Zukunftsfähigkeit",false,0,0,1,0,1,1,1,1,1,1,7,"nacharbeiten"
"zurechnung-ohne-scheingenauigkeit","Zurechnung ohne Scheingenauigkeit",false,0,1,1,0,1,1,1,1,1,1,8,"gut, kleine redaktionelle TODOs"
"zyklenfestigkeit","Zyklenfestigkeit",false,0,0,1,0,1,1,1,1,1,1,7,"nacharbeiten"
"oeffentlichkeit-als-wirkungsraum","Öffentlichkeit als Wirkungsraum",true,0,1,1,1,1,0,0,1,1,1,7,"nacharbeiten"
"plattformlogik-und-algorithmen","Plattformlogik und Algorithmen",true,0,1,1,1,1,0,1,1,1,1,8,"gut, kleine redaktionelle TODOs"
"framing-sprache-tonalitaet","Framing / Sprache / Tonalität",true,0,1,1,1,1,0,1,1,1,1,8,"gut, kleine redaktionelle TODOs"
"desinformation","Desinformation",true,0,1,1,1,1,0,1,1,1,1,8,"gut, kleine redaktionelle TODOs"
"diskurskultur","Diskurskultur",true,0,1,1,1,1,0,1,1,1,1,8,"gut, kleine redaktionelle TODOs"
"creator-als-oeffentliche-akteure","Creator als öffentliche Akteure",true,0,1,1,1,1,0,1,1,1,1,8,"gut, kleine redaktionelle TODOs"
"host-wirkung","Host-Wirkung",true,0,1,1,1,1,0,1,1,1,1,8,"gut, kleine redaktionelle TODOs"
"moderation-und-community-dynamik","Moderation und Community-Dynamik",true,0,1,1,1,1,0,1,1,1,1,8,"gut, kleine redaktionelle TODOs"
"kultur-als-resonanzsystem","Kultur als Resonanzsystem",true,0,1,1,1,1,0,1,1,1,1,8,"gut, kleine redaktionelle TODOs"
"erinnerungskultur","Erinnerungskultur",true,0,1,1,1,1,0,1,1,1,1,8,"gut, kleine redaktionelle TODOs"
"digitalisierung-als-infrastruktur-der-wirkungsoekonomie","Digitalisierung als Infrastruktur der Wirkungsökonomie",true,0,1,1,1,1,0,0,1,1,1,7,"nacharbeiten"
"cyberresilienz","Cyberresilienz",true,0,1,1,1,1,0,0,1,1,1,7,"nacharbeiten"
"wissenschaft-als-wirkungsinfrastruktur","Wissenschaft als Wirkungsinfrastruktur",true,0,1,1,1,1,1,0,1,1,1,8,"gut, kleine redaktionelle TODOs"
"wirkungsorientierte-forschung-und-innovation","Wirkungsorientierte Forschung und Innovation",true,0,1,1,1,1,1,0,1,1,1,8,"gut, kleine redaktionelle TODOs"
"open-science","Open Science",true,0,1,1,1,1,1,0,1,1,1,8,"gut, kleine redaktionelle TODOs"
"wissensrat","Wissensrat",true,0,1,1,1,1,1,0,1,1,1,8,"gut, kleine redaktionelle TODOs"
"wirkungsrecht","Wirkungsrecht",true,0,1,1,1,1,1,0,1,1,1,8,"gut, kleine redaktionelle TODOs"
"rechtsprechung-als-korrekturinstanz","Rechtsprechung als Korrekturinstanz",true,0,1,1,1,1,1,0,1,1,1,8,"gut, kleine redaktionelle TODOs"
"wissenschaftliche-politikberatung","Wissenschaftliche Politikberatung",true,0,1,1,1,1,1,0,1,1,1,8,"gut, kleine redaktionelle TODOs"
"oeffentliche-statistik","Öffentliche Statistik",true,0,1,1,1,1,1,0,1,1,1,8,"gut, kleine redaktionelle TODOs"
"verhaeltnismaessigkeit-nach-wirkung","Verhältnismäßigkeit nach Wirkung",true,0,1,1,1,1,1,0,1,1,1,8,"gut, kleine redaktionelle TODOs"
"europa-als-wirkungsraum","Europa als Wirkungsraum",true,0,1,1,1,1,1,0,1,1,1,8,"gut, kleine redaktionelle TODOs"
"wirkungsbasierter-handel","Wirkungsbasierter Handel",true,0,1,1,1,1,1,0,1,1,1,8,"gut, kleine redaktionelle TODOs"
"cbam-und-grenzausgleich","CBAM und Grenzausgleich",true,0,1,1,1,1,0,0,1,1,1,7,"nacharbeiten"
"wirkungsgovernance","Wirkungsgovernance",true,0,1,1,1,1,0,0,1,1,1,7,"nacharbeiten"
"kulturelle-anschlussfaehigkeit","Kulturelle Anschlussfähigkeit",true,0,1,1,1,1,0,0,1,1,1,7,"nacharbeiten"
"globale-resilienz","Globale Resilienz",true,0,1,1,1,1,1,0,1,1,1,8,"gut, kleine redaktionelle TODOs"
"internationale-krisenvorsorge","Internationale Krisenvorsorge",true,0,1,1,1,1,1,0,1,1,1,8,"gut, kleine redaktionelle TODOs"
"daten-und-fruehwarnkooperation","Daten- und Frühwarnkooperation",true,0,1,1,1,1,1,0,1,1,1,8,"gut, kleine redaktionelle TODOs"
"gemeinsame-zukunftssicherung","Gemeinsame Zukunftssicherung",true,0,1,1,1,1,1,0,1,1,1,8,"gut, kleine redaktionelle TODOs"
"globale-makro-wirkungsrisiken","Globale Makro-Wirkungsrisiken",true,0,1,1,1,1,1,0,1,1,1,8,"gut, kleine redaktionelle TODOs"
"umsetzungspfad","Umsetzungspfad",true,0,1,1,1,1,1,0,1,1,1,8,"gut, kleine redaktionelle TODOs"
"pilotprojekte","Pilotprojekte",true,0,1,1,1,1,1,0,1,1,1,8,"gut, kleine redaktionelle TODOs"
"wirkungsoekonomie-im-alltag","Wirkungsökonomie im Alltag",true,0,1,1,1,1,1,0,1,1,1,8,"gut, kleine redaktionelle TODOs"
"politische-uebergangspfade","Politische Übergangspfade",true,0,1,1,1,1,1,0,1,1,1,8,"gut, kleine redaktionelle TODOs"
"wirkungs-konversion-von-altkapital","Wirkungs-Konversion von Altkapital",true,0,1,1,1,1,1,0,1,1,1,8,"gut, kleine redaktionelle TODOs"
"widerstand-gegen-neue-massstaebe","Widerstand gegen neue Maßstäbe",true,1,1,1,1,1,0,0,1,1,1,8,"gut, kleine redaktionelle TODOs"
"sdgs-und-verschwoerungsnarrative","SDGs und Verschwörungsnarrative",true,1,1,1,1,1,1,0,1,1,1,9,"gut, kleine redaktionelle TODOs"
"technokratie-ueberwachung-social-credit","Technokratie / Überwachung / Social Credit",true,1,1,1,1,1,1,0,1,1,1,9,"gut, kleine redaktionelle TODOs"
"wirkungssimulation","Wirkungssimulation",true,1,1,1,1,1,1,0,1,1,1,9,"gut, kleine redaktionelle TODOs"
"freiheit-markt-planwirtschaftsvorwurf","Freiheit / Markt / Planwirtschaftsvorwurf",true,1,1,1,1,1,1,0,1,1,1,9,"gut, kleine redaktionelle TODOs"
"fehlbarkeit-der-wirkungsoekonomie","Fehlbarkeit der Wirkungsökonomie",true,1,1,1,1,1,1,0,1,1,1,9,"gut, kleine redaktionelle TODOs"
"messgrenzen-und-unsicherheit","Messgrenzen und Unsicherheit",true,1,1,1,1,1,1,0,1,1,1,9,"gut, kleine redaktionelle TODOs"
"zielkonflikte","Zielkonflikte",true,1,1,1,1,1,1,0,1,1,1,9,"gut, kleine redaktionelle TODOs"
"versionierung-statt-dogma","Versionierung statt Dogma",true,1,1,1,1,1,1,0,1,1,1,9,"gut, kleine redaktionelle TODOs"
"evaluation-und-reversibilitaet","Evaluation und Reversibilität",true,1,1,1,1,1,1,0,1,1,1,9,"gut, kleine redaktionelle TODOs"
"alltag-2035","Alltag 2035",true,1,1,1,1,1,1,0,1,1,1,9,"gut, kleine redaktionelle TODOs"
"unternehmen-2035","Unternehmen 2035",true,1,1,1,1,1,1,0,1,1,1,9,"gut, kleine redaktionelle TODOs"
"staat-2035","Staat 2035",true,1,1,1,1,1,1,0,1,1,1,9,"gut, kleine redaktionelle TODOs"
"globale-ordnung-2050","Globale Ordnung 2050",true,1,1,1,1,1,1,0,1,1,1,9,"gut, kleine redaktionelle TODOs"
"neue-ordnung-des-wohlstands","Neue Ordnung des Wohlstands",true,1,1,1,1,1,1,0,1,1,1,9,"gut, kleine redaktionelle TODOs"
