id,title,slug,pack,cluster,category,glossary_type,source_file
"abfallhierarchie","Abfallhierarchie","abfallhierarchie","","","Kreislaufwirtschaft, Circular Design und Materialkreisläufe","Anschlussbegriff",["Design / Innovation","Klimawissenschaft","Management"]
"abregelung","Abregelung","abregelung","","","Energie, Strommarkt und Systemkosten","Anschlussbegriff",["Klimawissenschaft","Ökonomie","Recht"]
"ac-laden","AC-Laden","ac-laden","","","Batterien, Ladeinfrastruktur, Netzanschluss und Energiespeicher","Anschlussbegriff",["Klimawissenschaft","Recht","Management","Design / Innovation"]
"ad-hoc-laden","Ad-hoc-Laden","ad-hoc-laden","","","Batterien, Ladeinfrastruktur, Netzanschluss und Energiespeicher","Anschlussbegriff",["Klimawissenschaft","Recht","Management","Design / Innovation"]
"adam-smith","Adam Smith","adam-smith","","","Vordenker:innen und Bezugslinien","Vordenker-/Bezugslinienbegriff",["WÖk-eigener Begriff"]
"adverse-selection","Adverse Selection","adverse-selection","","","Liberalismus, Libertarismus, Neoklassik und Marktbegriffe","Anschlussbegriff",["Ökonomie","Philosophie","Politische Theorie","Soziologie","WÖk-eigener Begriff"]
"advocacy-organisation","Advocacy-Organisation","advocacy-organisation","","","Akteure, Einfluss, Ideologien und demokratische Wirkungsräume","Anschlussbegriff",["Politische Theorie","Soziologie","Recht","Psychologie","Ökonomie","WÖk-eigener Begriff"]
"aeussere-loops","Äußere Loops","aeussere-loops","","","Kreislaufwirtschaft, Circular Design und Materialkreisläufe","Anschlussbegriff",["Design / Innovation","Klimawissenschaft","Management"]
"affekt","Affekt","affekt","","","Neuropsychologische Wirkmechanismen","Anschlussbegriff",["Psychologie","Konstruktivismus"]
"affektheuristik","Affektheuristik","affektheuristik","","","Psychologische und systemische Wirkmechanismen","WÖk-Präzisierungsbegriff",["WÖk-eigener Begriff"]
"agenda-2030","Agenda 2030","agenda-2030","","","Grundbegriff","WÖk-Präzisierungsbegriff",["WÖk-eigener Begriff"]
"agenda-setting","Agenda-Setting","agenda-setting","","","Akteure, Einfluss, Ideologien und demokratische Wirkungsräume","Methodenbegriff",["Politische Theorie","Soziologie","Recht","Psychologie","Ökonomie","WÖk-eigener Begriff"]
"akkumulation","Akkumulation","akkumulation","","","Kapital, Markt und Eigentum","Anschlussbegriff",["WÖk-eigener Begriff"]
"akkumulator","Akkumulator / Akku","akkumulator","","","Batterien, Ladeinfrastruktur, Netzanschluss und Energiespeicher","Anschlussbegriff",["Klimawissenschaft","Recht","Management","Design / Innovation"]
"alan-watts-daoismus","Alan Watts / Daoismus","alan-watts-daoismus","","","Vordenker:innen und Bezugslinien","Vordenker-/Bezugslinienbegriff",["WÖk-eigener Begriff"]
"alarm-frame","Alarm-Frame / Bedrohungsframe","alarm-frame","","","Psychologische und systemische Wirkmechanismen","WÖk-Präzisierungsbegriff",["WÖk-eigener Begriff"]
"algorithmische-fairness","Algorithmische Fairness und digitale Rechte","algorithmische-fairness","018","Digitalisierungs-, KI- & Wirkungsdatenraumlogik","Daten, Digitalisierung und KI","WÖk-Präzisierungsbegriff",["WÖk-eigener Begriff"]
"allgemeines-gleichgewicht","Allgemeines Gleichgewicht","allgemeines-gleichgewicht","","","Liberalismus, Libertarismus, Neoklassik und Marktbegriffe","Anschlussbegriff",["Ökonomie","Philosophie","Politische Theorie","Soziologie","WÖk-eigener Begriff"]
"allmendeproblem","Allmendeproblem","allmendeproblem","","","Liberalismus, Libertarismus, Neoklassik und Marktbegriffe","Anschlussbegriff",["Ökonomie","Philosophie","Politische Theorie","Soziologie","WÖk-eigener Begriff"]
"allokation","Allokation","allokation","","","Liberalismus, Libertarismus, Neoklassik und Marktbegriffe","Anschlussbegriff",["Ökonomie","Philosophie","Politische Theorie","Soziologie","WÖk-eigener Begriff"]
"alltagsrassismus","Alltagsrassismus","alltagsrassismus","","","Akteure, Einfluss, Ideologien und demokratische Wirkungsräume","Anschlussbegriff",["Politische Theorie","Soziologie","Recht","Psychologie","Ökonomie","WÖk-eigener Begriff"]
"amartya-sen","Amartya Sen","amartya-sen","","","Vordenker:innen und Bezugslinien","Vordenker-/Bezugslinienbegriff",["WÖk-eigener Begriff"]
"anaerobe-vergaerung","Anaerobe Vergärung","anaerobe-vergaerung","","","Kreislaufwirtschaft, Circular Design und Materialkreisläufe","Anschlussbegriff",["Design / Innovation","Klimawissenschaft","Management"]
"anarchokapitalismus","Anarchokapitalismus","anarchokapitalismus","","","Liberalismus, Libertarismus, Neoklassik und Marktbegriffe","Anschlussbegriff",["Ökonomie","Philosophie","Politische Theorie","Soziologie","WÖk-eigener Begriff"]
"ankereffekt","Ankereffekt","ankereffekt","","","Psychologische und systemische Wirkmechanismen","WÖk-Präzisierungsbegriff",["WÖk-eigener Begriff"]
"anlagenpass","Anlagenpass","anlagenpass","","","Batterien, Ladeinfrastruktur, Netzanschluss und Energiespeicher","Methodenbegriff",["Klimawissenschaft","Recht","Management","Design / Innovation"]
"anpassungskapazitaet","Anpassungskapazität","anpassungskapazitaet","","","Klima, Lebenszyklus und ökologische Wirkung","Anschlussbegriff",["WÖk-eigener Begriff"]
"anschlussfaehigkeit","Anschlussfähigkeit","anschlussfaehigkeit","","","Psychologische und systemische Wirkmechanismen","WÖk-Präzisierungsbegriff",["WÖk-eigener Begriff"]
"anschlusskosten","Anschlusskosten","anschlusskosten","","","Batterien, Ladeinfrastruktur, Netzanschluss und Energiespeicher","Anschlussbegriff",["Klimawissenschaft","Recht","Management","Design / Innovation"]
"anschlussleistung","Anschlussleistung","anschlussleistung","","","Batterien, Ladeinfrastruktur, Netzanschluss und Energiespeicher","Anschlussbegriff",["Klimawissenschaft","Recht","Management","Design / Innovation"]
"antisemitismus","Antisemitismus","antisemitismus","","","Akteure, Einfluss, Ideologien und demokratische Wirkungsräume","Anschlussbegriff",["Politische Theorie","Soziologie","Recht","Psychologie","Ökonomie","WÖk-eigener Begriff"]
"antiziganismus","Antiziganismus","antiziganismus","","","Akteure, Einfluss, Ideologien und demokratische Wirkungsräume","Anschlussbegriff",["Politische Theorie","Soziologie","Recht","Psychologie","Ökonomie","WÖk-eigener Begriff"]
"arbeiten-arendt","Arbeiten","arbeiten-arendt","","","Hannah Arendt und politische Wirkungsbegriffe","Anschlussbegriff",["Philosophie","Politische Theorie","Soziologie"]
"arbeitspreis","Arbeitspreis","arbeitspreis","","","Batterien, Ladeinfrastruktur, Netzanschluss und Energiespeicher","Anschlussbegriff",["Klimawissenschaft","Recht","Management","Design / Innovation"]
"arbitrageur","Arbitrageur","arbitrageur","","","Innovation, Evolution und Unternehmertum","Quellen-/Bezugslinienbegriff",["WÖk-eigener Begriff"]
"archetyp","Archetyp","archetyp","006","Daten, Indikatoren & technische Bewertungslogik","Messung, Bewertung & Scorecards","WÖk-Präzisierungsbegriff / technischer Methodenbegriff",["WÖk-eigener Begriff"]
"art-20a-gg","Art. 20a GG","art-20a-gg","","","Akteure, Einfluss, Ideologien und demokratische Wirkungsräume","WÖk-Präzisierungsbegriff",["Politische Theorie","Soziologie","Recht","Psychologie","Ökonomie","WÖk-eigener Begriff"]
"assurance","Assurance","assurance","","","Datenbegriff","WÖk-Präzisierungsbegriff",["WÖk-eigener Begriff"]
"astroturfing","Astroturfing","astroturfing","","","Akteure, Einfluss, Ideologien und demokratische Wirkungsräume","Anschlussbegriff",["Politische Theorie","Soziologie","Recht","Psychologie","Ökonomie","WÖk-eigener Begriff"]
"atlas-network","Atlas Network","atlas-network","","","Akteure, Einfluss, Ideologien und demokratische Wirkungsräume","Beispielbegriff / Thinktank-Netzwerk",["Politische Theorie","Soziologie","Recht","Psychologie","Ökonomie","WÖk-eigener Begriff"]
"attributionsforschung","Attributionsforschung","attributionsforschung","","","Anschlussbegriff","","WOeK_Begriffsleitfaden_fuehrend_v1.0.md"
"aufmerksamkeit","Aufmerksamkeit","aufmerksamkeit","","","Neuropsychologische Wirkmechanismen","Anschlussbegriff",["Psychologie","Konstruktivismus"]
"aufmerksamkeitsoekonomie","Aufmerksamkeitsökonomie","aufmerksamkeitsoekonomie","","","Neuropsychologische Wirkmechanismen","Anschlussbegriff",["Psychologie","Konstruktivismus"]
"austeritaet","Austerität","austeritaet","","","Liberalismus, Libertarismus, Neoklassik und Marktbegriffe","Anschlussbegriff",["Ökonomie","Philosophie","Politische Theorie","Soziologie","WÖk-eigener Begriff"]
"autokratie","Autokratie","autokratie","","","Faschismus, faschistoid und autoritäre Wirkungsrisiken","Anschlussbegriff",["Politische Theorie","Soziologie","Recht","Psychologie"]
"autokratisierung","Autokratisierung","autokratisierung","","","Demokratie, Rechtsstaat und demokratische Wirkungsarchitektur","Anschlussbegriff",["Politische Theorie","Recht","Soziologie","Medienwissenschaft","WÖk-eigener Begriff"]
"automatisierung","Automatisierung","automatisierung","","","Daten, Digitalisierung und KI","WÖk-Präzisierungsbegriff",["WÖk-eigener Begriff"]
"automatisierungsdividende","Automatisierungsdividende","automatisierungsdividende","","","Arbeit, Kapital und Transformation","WÖk-Präzisierungsbegriff",["WÖk-eigener Begriff"]
"automatisierungsrendite","Automatisierungsrendite","automatisierungsrendite","","","Anschlussbegriff","Such- und Anschlussbegriff",["Online-Buch Kapitel 56-58","Arbeitspapiere Einkommen und Rente"]
"autonome-systeme","Autonome Systeme","autonome-systeme","","","Anschlussbegriff","Kontextbegriff",["Online-Buch Kapitel 56-58","Arbeitspapiere Einkommen und Rente"]
"autopoiesis","Autopoiesis","autopoiesis","","","Psychologische und systemische Wirkmechanismen","WÖk-Präzisierungsbegriff",["WÖk-eigener Begriff"]
"autoritaeres-wirkungspotenzial","Autoritäres Wirkungspotenzial","autoritaeres-wirkungspotenzial","","","Akteure, Einfluss, Ideologien und demokratische Wirkungsräume","WÖk-Präzisierungsbegriff",["Politische Theorie","Soziologie","Recht","Psychologie","Ökonomie","WÖk-eigener Begriff"]
"autoritarismus","Autoritarismus","autoritarismus","","","Faschismus, faschistoid und autoritäre Wirkungsrisiken","Anschlussbegriff",["Politische Theorie","Soziologie","Recht","Psychologie","Ökonomie","WÖk-eigener Begriff"]
"backend-ladeinfrastruktur","Backend Ladeinfrastruktur","backend-ladeinfrastruktur","","","Batterien, Ladeinfrastruktur, Netzanschluss und Energiespeicher","Anschlussbegriff",["Klimawissenschaft","Recht","Management","Design / Innovation"]
"backup-kapazitaet","Backup-Kapazität","backup-kapazitaet","","","Energie, Strommarkt und Systemkosten","Anschlussbegriff",["Klimawissenschaft","Ökonomie","Recht"]
"banalitaet-des-boesen","Banalität des Bösen","banalitaet-des-boesen","","","Hannah Arendt und politische Wirkungsbegriffe","Anschlussbegriff",["Philosophie","Politische Theorie","Soziologie"]
"bandluecke","Bandlücke","bandluecke","","","Quantenphysik, Quantenmaterialien und Zukunftstechnologien","Anschlussbegriff",["Klimawissenschaft","Design / Innovation"]
"baseline-verschiebung","Baseline-Verschiebung","baseline-verschiebung","","","Psychologische und systemische Wirkmechanismen","WÖk-Präzisierungsbegriff",["WÖk-eigener Begriff"]
"basisinnovation","Basisinnovation","basisinnovation","","","Innovation, Evolution und Unternehmertum","Quellen-/Bezugslinienbegriff",["WÖk-eigener Begriff"]
"batterie","Batterie","batterie","","","Batterien, Ladeinfrastruktur, Netzanschluss und Energiespeicher","Anschlussbegriff",["Klimawissenschaft","Recht","Management","Design / Innovation"]
"batteriealterung","Batteriealterung","batteriealterung","","","Batterien, Ladeinfrastruktur, Netzanschluss und Energiespeicher","Anschlussbegriff",["Klimawissenschaft","Recht","Management","Design / Innovation"]
"batterielebenszyklus","Batterielebenszyklus","batterielebenszyklus","","","Batterien, Ladeinfrastruktur, Netzanschluss und Energiespeicher","Anschlussbegriff",["Klimawissenschaft","Recht","Management","Design / Innovation"]
"batteriemanagementsystem","Batteriemanagementsystem / BMS","batteriemanagementsystem","","","Batterien, Ladeinfrastruktur, Netzanschluss und Energiespeicher","Methodenbegriff",["Klimawissenschaft","Recht","Management","Design / Innovation"]
"batteriemodul","Batteriemodul","batteriemodul","","","Batterien, Ladeinfrastruktur, Netzanschluss und Energiespeicher","Anschlussbegriff",["Klimawissenschaft","Recht","Management","Design / Innovation"]
"batteriepack","Batteriepack","batteriepack","","","Batterien, Ladeinfrastruktur, Netzanschluss und Energiespeicher","Anschlussbegriff",["Klimawissenschaft","Recht","Management","Design / Innovation"]
"batteriepass","Batteriepass","batteriepass","","","Batterien, Ladeinfrastruktur, Netzanschluss und Energiespeicher","Methodenbegriff",["Klimawissenschaft","Recht","Management","Design / Innovation"]
"batterierecycling","Batterierecycling","batterierecycling","","","Batterien, Ladeinfrastruktur, Netzanschluss und Energiespeicher","Anschlussbegriff",["Klimawissenschaft","Recht","Management","Design / Innovation"]
"batterierohstoffe","Batterierohstoffe","batterierohstoffe","","","Batterien, Ladeinfrastruktur, Netzanschluss und Energiespeicher","Anschlussbegriff",["Klimawissenschaft","Recht","Management","Design / Innovation"]
"batteriespeicher","Batteriespeicher","batteriespeicher","","","Energie, Strommarkt und Systemkosten","Anschlussbegriff",["Klimawissenschaft","Ökonomie","Recht"]
"batteriezelle","Batteriezelle","batteriezelle","","","Batterien, Ladeinfrastruktur, Netzanschluss und Energiespeicher","Anschlussbegriff",["Klimawissenschaft","Recht","Management","Design / Innovation"]
"baukostenzuschuss","Baukostenzuschuss","baukostenzuschuss","","","Batterien, Ladeinfrastruktur, Netzanschluss und Energiespeicher","Anschlussbegriff",["Klimawissenschaft","Recht","Management","Design / Innovation"]
"bedeutung-als-gebrauch","Bedeutung als Gebrauch","bedeutung-als-gebrauch","","","Sprache, Wirklichkeit und Kommunikation","Anschlussbegriff",["WÖk-eigener Begriff"]
"bedingungsloses-grundeinkommen","Bedingungsloses Grundeinkommen","bedingungsloses-grundeinkommen","","","Abgrenzungsbegriff","Vergleichs- und Abgrenzungsbegriff",["Online-Buch Kapitel 56-58","Arbeitspapiere Einkommen und Rente"]
"bedrohungsverarbeitung","Bedrohungsverarbeitung","bedrohungsverarbeitung","","","Neuropsychologische Wirkmechanismen","Anschlussbegriff",["Psychologie","Konstruktivismus"]
"begrenzte-rationalitaet","Begrenzte Rationalität","begrenzte-rationalitaet","","","Liberalismus, Libertarismus, Neoklassik und Marktbegriffe","Anschlussbegriff",["Ökonomie","Philosophie","Politische Theorie","Soziologie","WÖk-eigener Begriff"]
"behoerde","Behörde","behoerde","","","Staat, Regierung, Verwaltung und Gesellschaft","Anschlussbegriff",["Recht","Politische Theorie","Soziologie","WÖk-eigener Begriff"]
"beitragsbasis","Beitragsbasis","beitragsbasis","","","Anschlussbegriff","WÖk-Präzisierungsbegriff",["Online-Buch Kapitel 56-58","Arbeitspapiere Einkommen und Rente"]
"beitragsluecke","Beitragslücke","beitragsluecke","","","Anschlussbegriff","Such- und Erklärbegriff",["Online-Buch Kapitel 56-58","Arbeitspapiere Einkommen und Rente"]
"belohnungslernen","Belohnungslernen","belohnungslernen","","","Neuropsychologische Wirkmechanismen","Anschlussbegriff",["Psychologie","Konstruktivismus"]
"benchmark","Benchmark","benchmark","006","Daten, Indikatoren & technische Bewertungslogik","Messung, Bewertung & Scorecards","Anschlussbegriff / WÖk-Präzisierung",["WÖk-eigener Begriff"]
"beobachterabhaengigkeit","Beobachterabhängigkeit","beobachterabhaengigkeit","","","Systemtheorie, Kybernetik und Konstruktivismus","Anschlussbegriff",["WÖk-eigener Begriff"]
"beobachtung-zweiter-ordnung","Beobachtung zweiter Ordnung","beobachtung-zweiter-ordnung","","","Psychologische und systemische Wirkmechanismen","WÖk-Präzisierungsbegriff",["WÖk-eigener Begriff"]
"berichtsdaten","Berichtsdaten","berichtsdaten","","","Datenbegriff","WÖk-Präzisierungsbegriff",["WÖk-eigener Begriff"]
"beschaffung-als-wirkungshebel","Beschaffung als Wirkungshebel","beschaffung-als-wirkungshebel","013","Lieferketten-, Beschaffungs- und Produktionslogik","Unternehmen, Beschaffung & Lieferkettensteuerung","WÖk-Prägungsbegriff / Management- und Steuerungsbegriff","Glossar-Pack 013"
"beschwerdemechanismus-access-to-remedy","Beschwerdemechanismus / Access to Remedy","beschwerdemechanismus-access-to-remedy","","","anschlussbegriff","WÖk-Präzisierungsbegriff",["WÖk-eigener Begriff"]
"bestaetigungsfehler","Bestätigungsfehler","bestaetigungsfehler","","","Psychologische und systemische Wirkmechanismen","WÖk-Präzisierungsbegriff",["WÖk-eigener Begriff"]
"bewegungs-ngo","Bewegungs-NGO","bewegungs-ngo","","","Akteure, Einfluss, Ideologien und demokratische Wirkungsräume","Anschlussbegriff",["Politische Theorie","Soziologie","Recht","Psychologie","Ökonomie","WÖk-eigener Begriff"]
"bidirektionales-laden","Bidirektionales Laden","bidirektionales-laden","","","Batterien, Ladeinfrastruktur, Netzanschluss und Energiespeicher","Anschlussbegriff",["Klimawissenschaft","Recht","Management","Design / Innovation"]
"bilanzraum","Bilanzraum","bilanzraum","","","Physik, Energie und Wirkungsmetaphern","Methodenbegriff",["WÖk-eigener Begriff"]
"biochemische-rohstoffgewinnung","Biochemische Rohstoffgewinnung","biochemische-rohstoffgewinnung","","","Kreislaufwirtschaft, Circular Design und Materialkreisläufe","Anschlussbegriff",["Design / Innovation","Klimawissenschaft","Management"]
"biodiversitaetsrisiko","Biodiversitätsrisiko","biodiversitaetsrisiko","","","Datenbegriff","WÖk-Präzisierungsbegriff",["WÖk-eigener Begriff"]
"biodiversity-net-gain-no-net-loss","Biodiversity Net Gain / No Net Loss","biodiversity-net-gain-no-net-loss","","","anschlussbegriff","WÖk-Präzisierungsbegriff",["WÖk-eigener Begriff"]
"bioenergie","Bioenergie","bioenergie","","","Energie, Strommarkt und Systemkosten","Anschlussbegriff",["Klimawissenschaft","Ökonomie","Recht"]
"biogas","Biogas","biogas","","","Kreislaufwirtschaft, Circular Design und Materialkreisläufe","Anschlussbegriff",["Design / Innovation","Klimawissenschaft","Management"]
"biologischer-kreislauf","Biologischer Kreislauf","biologischer-kreislauf","","","Kreislaufwirtschaft, Circular Design und Materialkreisläufe","Anschlussbegriff",["Design / Innovation","Klimawissenschaft","Management"]
"biologischer-naehrstoff","Biologischer Nährstoff","biologischer-naehrstoff","","","Kreislaufwirtschaft, Circular Design und Materialkreisläufe","Anschlussbegriff",["Design / Innovation","Klimawissenschaft","Management"]
"black-mass","Black Mass","black-mass","","","Batterien, Ladeinfrastruktur, Netzanschluss und Energiespeicher","Anschlussbegriff",["Klimawissenschaft","Recht","Management","Design / Innovation"]
"blauer-wasserstoff","Blauer Wasserstoff","blauer-wasserstoff","","","Energie, Strommarkt und Systemkosten","Anschlussbegriff",["Klimawissenschaft","Ökonomie","Recht"]
"blei-saeure-batterie","Blei-Säure-Batterie","blei-saeure-batterie","","","Batterien, Ladeinfrastruktur, Netzanschluss und Energiespeicher","Anschlussbegriff",["Klimawissenschaft","Recht","Management","Design / Innovation"]
"blindleistung","Blindleistung","blindleistung","009","Volkswirtschaft & neue Wohlstandsmessung","Leistung, Bürokratie & Systemsteuerung","WÖk-Prägungsbegriff / Diagnosebegriff",["WÖk-eigener Begriff"]
"buergerbeteiligung","Bürgerbeteiligung","buergerbeteiligung","","","Demokratie, Rechtsstaat und demokratische Wirkungsarchitektur","Anschlussbegriff",["Politische Theorie","Recht","Soziologie","Medienwissenschaft","WÖk-eigener Begriff"]
"buergerenergie","Bürgerenergie","buergerenergie","","","Energie, Strommarkt und Systemkosten","Anschlussbegriff",["Energiepolitik","Demokratie"]
"buergerenergiegesellschaft","Bürgerenergiegesellschaft","buergerenergiegesellschaft","","","Energie, Strommarkt und Systemkosten","WÖk-Begriff","Journal_Artikel_Energy_Sharing_Energiegemeinschaften_revidiert.docx"
"buergerinitiative","Bürgerinitiative","buergerinitiative","","","Akteure, Einfluss, Ideologien und demokratische Wirkungsräume","Anschlussbegriff",["Politische Theorie","Soziologie","Recht","Psychologie","Ökonomie","WÖk-eigener Begriff"]
"buergerrat","Bürgerrat","buergerrat","","","Demokratie, Rechtsstaat und demokratische Wirkungsarchitektur","Anschlussbegriff",["Politische Theorie","Recht","Soziologie","Medienwissenschaft","WÖk-eigener Begriff"]
"bundesregierung","Bundesregierung","bundesregierung","","","Staat, Regierung, Verwaltung und Gesellschaft","Anschlussbegriff",["Recht","Politische Theorie","Soziologie","WÖk-eigener Begriff"]
"business-model","Business Model","business-model","","","Design, Geschäftsmodelle und Wertversprechen","Anschlussbegriff",["WÖk-eigener Begriff"]
"business-model-canvas","Business Model Canvas","business-model-canvas","","","Design, Geschäftsmodelle und Wertversprechen","Methodenbegriff",["WÖk-eigener Begriff"]
"business-value","Business Value","business-value","","","Management, Wirksamkeit und Organisation","Anschlussbegriff",["WÖk-eigener Begriff"]
"c-rate","C-Rate","c-rate","","","Batterien, Ladeinfrastruktur, Netzanschluss und Energiespeicher","Anschlussbegriff",["Klimawissenschaft","Recht","Management","Design / Innovation"]
"capture-price","Capture Price / Marktwert von Strom","capture-price","","","Energie, Strommarkt und Systemkosten","Anschlussbegriff",["Klimawissenschaft","Ökonomie","Recht"]
"carbon-budget","Carbon Budget","carbon-budget","","","Klima, Lebenszyklus und ökologische Wirkung","Anschlussbegriff",["WÖk-eigener Begriff"]
"carbon-credits","Carbon Credits","carbon-credits","","","Datenbegriff","WÖk-Präzisierungsbegriff",["WÖk-eigener Begriff"]
"carbonfaserverstaerkter-kunststoff","Carbonfaserverstärkter Kunststoff / CFK","carbonfaserverstaerkter-kunststoff","","","Batterien, Ladeinfrastruktur, Netzanschluss und Energiespeicher","Anschlussbegriff",["Klimawissenschaft","Recht","Management","Design / Innovation"]
"care-oekonomie","Care-Ökonomie","care-oekonomie","","","Feminismus, feministische Ökonomie und Care-Wirkung","WÖk-Präzisierungsbegriff",["Ökonomie","Politische Theorie","Soziologie","Philosophie","WÖk-eigener Begriff"]
"cbam","CBAM / Carbon Border Adjustment Mechanism","cbam","","","Datenbegriff","WÖk-Präzisierungsbegriff",["WÖk-eigener Begriff"]
"ccs-ladestecker","CCS","ccs-ladestecker","","","Batterien, Ladeinfrastruktur, Netzanschluss und Energiespeicher","Anschlussbegriff",["Klimawissenschaft","Recht","Management","Design / Innovation"]
"chademo","CHAdeMO","chademo","","","Batterien, Ladeinfrastruktur, Netzanschluss und Energiespeicher","Anschlussbegriff",["Klimawissenschaft","Recht","Management","Design / Innovation"]
"checks-and-balances","Checks and Balances","checks-and-balances","","","Demokratie, Rechtsstaat und demokratische Wirkungsarchitektur","Anschlussbegriff",["Politische Theorie","Recht","Soziologie","Medienwissenschaft","WÖk-eigener Begriff"]
"chicago-school","Chicago School","chicago-school","","","Liberalismus, Libertarismus, Neoklassik und Marktbegriffe","Anschlussbegriff",["Ökonomie","Philosophie","Politische Theorie","Soziologie","WÖk-eigener Begriff"]
"circular-economy-butterfly-model","Circular Economy Butterfly Model","circular-economy-butterfly-model","","","Kreislaufwirtschaft, Circular Design und Materialkreisläufe","Methodenbegriff",["Design / Innovation","Klimawissenschaft","Management"]
"civic-literacy","Civic Literacy","civic-literacy","","","Demokratie, Rechtsstaat und demokratische Wirkungsarchitektur","Anschlussbegriff",["Politische Theorie","Recht","Soziologie","Medienwissenschaft","WÖk-eigener Begriff"]
"clean-industrial-deal","Clean Industrial Deal","clean-industrial-deal","","","Datenbegriff","WÖk-Präzisierungsbegriff",["WÖk-eigener Begriff"]
"climate-neutral-claim","Climate Neutral Claim","climate-neutral-claim","","","Datenbegriff","WÖk-Präzisierungsbegriff",["WÖk-eigener Begriff"]
"co2-preis","CO2-Preis","co2-preis","","","Energie, Strommarkt und Systemkosten","Anschlussbegriff",["Klimawissenschaft","Ökonomie","Recht"]
"co2e","CO2e / CO2-Äquivalent","co2e","","","Klima, Lebenszyklus und ökologische Wirkung","Anschlussbegriff",["WÖk-eigener Begriff"]
"coase-theorem","Coase-Theorem","coase-theorem","","","Liberalismus, Libertarismus, Neoklassik und Marktbegriffe","Anschlussbegriff",["Ökonomie","Philosophie","Politische Theorie","Soziologie","WÖk-eigener Begriff"]
"commons","Commons","commons","","","Wirtschaftssysteme, Kapitalmythen und Verteilungslogiken","Wirtschaftssystem / Gesellschaftsmodell",["Ökonomie","Politische Theorie","Soziologie"]
"commons-gemeingueter","Commons / Gemeingüter","commons-gemeingueter","","","anschlussbegriff","WÖk-Präzisierungsbegriff",["WÖk-eigener Begriff"]
"conflict-minerals-regulation","Conflict Minerals Regulation","conflict-minerals-regulation","","","Datenbegriff","WÖk-Präzisierungsbegriff",["WÖk-eigener Begriff"]
"contracts-for-difference","Contracts for Difference / CfD","contracts-for-difference","","","Energie, Strommarkt und Systemkosten","Anschlussbegriff",["Klimawissenschaft","Ökonomie","Recht"]
"cooling-off-regel","Cooling-off-Regel","cooling-off-regel","","","Akteure, Einfluss, Ideologien und demokratische Wirkungsräume","Anschlussbegriff",["Politische Theorie","Soziologie","Recht","Psychologie","Ökonomie","WÖk-eigener Begriff"]
"corporate-capture","Corporate Capture","corporate-capture","","","Akteure, Einfluss, Ideologien und demokratische Wirkungsräume","Anschlussbegriff",["Politische Theorie","Soziologie","Recht","Psychologie","Ökonomie","WÖk-eigener Begriff"]
"cradle-to-cradle","Cradle to Cradle","cradle-to-cradle","013","Lieferketten-, Beschaffungs- und Produktionslogik","Produktion, Kreislaufwirtschaft & Produktdesign","Anschlussbegriff / WÖk-Präzisierung",["WÖk-eigener Begriff"]
"cradle-to-gate","Cradle-to-Gate","cradle-to-gate","","","Klima, Lebenszyklus und ökologische Wirkung","Methodenbegriff",["WÖk-eigener Begriff"]
"cradle-to-grave","Cradle-to-Grave","cradle-to-grave","","","Klima, Lebenszyklus und ökologische Wirkung","Methodenbegriff",["WÖk-eigener Begriff"]
"csddd","CSDDD","csddd","","","Datenbegriff","WÖk-Präzisierungsbegriff",["WÖk-eigener Begriff"]
"cso","CSO","cso","","","Akteure, Einfluss, Ideologien und demokratische Wirkungsräume","Anschlussbegriff",["Politische Theorie","Soziologie","Recht","Psychologie","Ökonomie","WÖk-eigener Begriff"]
"csrd","CSRD","csrd","","","Datenbegriff","WÖk-Präzisierungsbegriff",["WÖk-eigener Begriff"]
"dao","Dao / Tao","dao","","","Daoismus, Prozessdenken und Nicht-Erzwingen","Quellen-/Bezugslinienbegriff",["WÖk-eigener Begriff"]
"dark-money","Dark Money","dark-money","","","Akteure, Einfluss, Ideologien und demokratische Wirkungsräume","Anschlussbegriff",["Politische Theorie","Soziologie","Recht","Psychologie","Ökonomie","WÖk-eigener Begriff"]
"daseinsvorsorge","Daseinsvorsorge","daseinsvorsorge","","","anschlussbegriff","WÖk-Präzisierungsbegriff",["WÖk-eigener Begriff"]
"datenluecke","Datenlücke","datenluecke","","","Datenbegriff","WÖk-Präzisierungsbegriff",["WÖk-eigener Begriff"]
"datenqualitaet","Datenqualität","datenqualitaet","006","Daten, Indikatoren & technische Bewertungslogik","Daten, Prüfung & Wirkungsarchitektur","WÖk-Präzisierungsbegriff / technischer Schutzbegriff",["WÖk-eigener Begriff"]
"dc-laden","DC-Laden","dc-laden","","","Batterien, Ladeinfrastruktur, Netzanschluss und Energiespeicher","Anschlussbegriff",["Klimawissenschaft","Recht","Management","Design / Innovation"]
"degradation-batterie","Degradation","degradation-batterie","","","Batterien, Ladeinfrastruktur, Netzanschluss und Energiespeicher","Anschlussbegriff",["Klimawissenschaft","Recht","Management","Design / Innovation"]
"deliberation","Deliberation","deliberation","","","Demokratie, Rechtsstaat und demokratische Wirkungsarchitektur","Anschlussbegriff",["Politische Theorie","Recht","Soziologie","Medienwissenschaft","WÖk-eigener Begriff"]
"deliberative-demokratie","Deliberative Demokratie","deliberative-demokratie","","","Demokratie, Rechtsstaat und demokratische Wirkungsarchitektur","Anschlussbegriff",["Politische Theorie","Recht","Soziologie","Medienwissenschaft","WÖk-eigener Begriff"]
"demand-response","Demand Response","demand-response","","","Energie, Strommarkt und Systemkosten","Anschlussbegriff",["Klimawissenschaft","Ökonomie","Recht"]
"demokratie","Demokratie","demokratie","","","Demokratie, Rechtsstaat und demokratische Wirkungsarchitektur","WÖk-Kernbegriff",["Politische Theorie","Recht","Soziologie","Medienwissenschaft","WÖk-eigener Begriff"]
"demokratiefeindlichkeit","Demokratiefeindlichkeit","demokratiefeindlichkeit","","","Demokratie, Rechtsstaat und demokratische Wirkungsarchitektur","Anschlussbegriff",["Politische Theorie","Recht","Soziologie","Medienwissenschaft","WÖk-eigener Begriff"]
"demokratiekompetenz","Demokratiekompetenz","demokratiekompetenz","","","Demokratie, Rechtsstaat und demokratische Wirkungsarchitektur","WÖk-Präzisierungsbegriff",["Politische Theorie","Recht","Soziologie","Medienwissenschaft","WÖk-eigener Begriff"]
"demokratieprinzip","Demokratieprinzip","demokratieprinzip","","","Akteure, Einfluss, Ideologien und demokratische Wirkungsräume","Anschlussbegriff",["Politische Theorie","Soziologie","Recht","Psychologie","Ökonomie","WÖk-eigener Begriff"]
"demokratiequalitaet","Demokratiequalität","demokratiequalitaet","","","Demokratie, Rechtsstaat und demokratische Wirkungsarchitektur","Anschlussbegriff",["Politische Theorie","Recht","Soziologie","Medienwissenschaft","WÖk-eigener Begriff"]
"demokratieskepsis","Demokratieskepsis","demokratieskepsis","","","Demokratie, Rechtsstaat und demokratische Wirkungsarchitektur","Anschlussbegriff",["Politische Theorie","Recht","Soziologie","Medienwissenschaft","WÖk-eigener Begriff"]
"demokratische-erosion","Demokratische Erosion","demokratische-erosion","","","Demokratie, Rechtsstaat und demokratische Wirkungsarchitektur","Anschlussbegriff",["Politische Theorie","Soziologie","Recht","Psychologie","Ökonomie","WÖk-eigener Begriff","Medienwissenschaft"]
"demokratische-korrekturfaehigkeit","Demokratische Korrekturfähigkeit","demokratische-korrekturfaehigkeit","","","Demokratie, Rechtsstaat und demokratische Wirkungsarchitektur","Anschlussbegriff",["Politische Theorie","Recht","Soziologie","Medienwissenschaft","WÖk-eigener Begriff"]
"demokratische-oeffentlichkeit","Demokratische Öffentlichkeit","demokratische-oeffentlichkeit","","","Demokratie, Rechtsstaat und demokratische Wirkungsarchitektur","Anschlussbegriff",["Politische Theorie","Recht","Soziologie","Medienwissenschaft","WÖk-eigener Begriff"]
"demokratische-resilienz","Demokratische Resilienz","demokratische-resilienz","","","Demokratie, Rechtsstaat und demokratische Wirkungsarchitektur","Anschlussbegriff",["Politische Theorie","Recht","Soziologie","Medienwissenschaft","WÖk-eigener Begriff"]
"demokratische-rueckkopplung","Demokratische Rückkopplung","demokratische-rueckkopplung","","","Demokratie, Rechtsstaat und demokratische Wirkungsarchitektur","WÖk-Präzisierungsbegriff",["Politische Theorie","Recht","Soziologie","Medienwissenschaft","WÖk-eigener Begriff"]
"demokratische-wirkungsarchitektur","Demokratische Wirkungsarchitektur","demokratische-wirkungsarchitektur","","","Demokratie, Rechtsstaat und demokratische Wirkungsarchitektur","WÖk-Präzisierungsbegriff",["Politische Theorie","Recht","Soziologie","Medienwissenschaft","WÖk-eigener Begriff"]
"demokratischer-sozialismus","Demokratischer Sozialismus","demokratischer-sozialismus","","","Wirtschaftssysteme, Kapitalmythen und Verteilungslogiken","Wirtschaftssystem / Gesellschaftsmodell",["Ökonomie","Politische Theorie","Soziologie"]
"demokratisches-mandat","Demokratisches Mandat","demokratisches-mandat","","","Demokratie, Rechtsstaat und demokratische Wirkungsarchitektur","Anschlussbegriff",["Politische Theorie","Recht","Soziologie","Medienwissenschaft","WÖk-eigener Begriff"]
"depotladen","Depotladen","depotladen","","","Batterien, Ladeinfrastruktur, Netzanschluss und Energiespeicher","Anschlussbegriff",["Klimawissenschaft","Recht","Management","Design / Innovation"]
"deregulierung","Deregulierung","deregulierung","","","Liberalismus, Libertarismus, Neoklassik und Marktbegriffe","Anschlussbegriff",["Ökonomie","Philosophie","Politische Theorie","Soziologie","WÖk-eigener Begriff"]
"design-for-disassembly","Design for Disassembly","design-for-disassembly","","","Kreislaufwirtschaft, Circular Design und Materialkreisläufe","Anschlussbegriff",["Design / Innovation","Klimawissenschaft","Management"]
"design-thinking","Design Thinking","design-thinking","","","Design, Geschäftsmodelle und Wertversprechen","Methodenbegriff",["WÖk-eigener Begriff"]
"destruktive-vertrauensbindung","Destruktive Vertrauensbindung","destruktive-vertrauensbindung","","","Psychologische und systemische Wirkmechanismen","WÖk-Präzisierungsbegriff",["WÖk-eigener Begriff"]
"destruktives-narrativ","Destruktives Narrativ","destruktives-narrativ","","","Psychologische und systemische Wirkmechanismen","WÖk-Präzisierungsbegriff",["WÖk-eigener Begriff"]
"dezentralisierung","Dezentralisierung","dezentralisierung","","","Wirtschaftssysteme, Kapitalmythen und Verteilungslogiken","Wirtschaftssystem / Gesellschaftsmodell",["Ökonomie","Politische Theorie","Soziologie"]
"dezentralisierung-von-macht","Dezentralisierung von Macht","dezentralisierung-von-macht","","","Wirtschaftssysteme, Kapitalmythen und Verteilungslogiken","WÖk-Präzisierungsbegriff",["Ökonomie","Politische Theorie","Soziologie"]
"diffusion","Diffusion","diffusion","","","Innovation, Evolution und Unternehmertum","Anschlussbegriff",["WÖk-eigener Begriff"]
"digitale-selbstbestimmung","Digitale Selbstbestimmung","digitale-selbstbestimmung","","","Daten, Digitalisierung und KI","WÖk-Präzisierungsbegriff",["WÖk-eigener Begriff"]
"digitaler-produktpass","Digitaler Produktpass","digitaler-produktpass","002","Produktwirkung & Bewertungsarchitektur","Daten, Standards & Produktwirkung","Anschlussbegriff / WÖk-Präzisierung",["WÖk-eigener Begriff"]
"digitalisierung","Digitalisierung","digitalisierung","","","Daten, Digitalisierung und KI","WÖk-Präzisierungsbegriff",["WÖk-eigener Begriff"]
"diktatur","Diktatur","diktatur","","","Faschismus, faschistoid und autoritäre Wirkungsrisiken","Anschlussbegriff",["Politische Theorie","Soziologie","Recht","Psychologie"]
"direkte-demokratie","Direkte Demokratie","direkte-demokratie","","","Demokratie, Rechtsstaat und demokratische Wirkungsarchitektur","Anschlussbegriff",["Politische Theorie","Recht","Soziologie","Medienwissenschaft","WÖk-eigener Begriff"]
"direktrecycling-batterie","Direktrecycling","direktrecycling-batterie","","","Batterien, Ladeinfrastruktur, Netzanschluss und Energiespeicher","Anschlussbegriff",["Klimawissenschaft","Recht","Management","Design / Innovation"]
"diskriminierungsverbot","Diskriminierungsverbot","diskriminierungsverbot","","","Akteure, Einfluss, Ideologien und demokratische Wirkungsräume","Anschlussbegriff",["Politische Theorie","Soziologie","Recht","Psychologie","Ökonomie","WÖk-eigener Begriff"]
"diskursfaehigkeit","Diskursfähigkeit","diskursfaehigkeit","","","Demokratie, Rechtsstaat und demokratische Wirkungsarchitektur","Anschlussbegriff",["Politische Theorie","Recht","Soziologie","Medienwissenschaft","WÖk-eigener Begriff"]
"dissonanzreduktion","Dissonanzreduktion","dissonanzreduktion","","","Psychologische und systemische Wirkmechanismen","WÖk-Präzisierungsbegriff",["WÖk-eigener Begriff"]
"dnsh","DNSH / Do No Significant Harm","dnsh","","","Datenbegriff","WÖk-Präzisierungsbegriff",["WÖk-eigener Begriff"]
"dominanzlogik","Dominanzlogik","dominanzlogik","","","Feminismus, feministische Ökonomie und Care-Wirkung","WÖk-Präzisierungsbegriff",["Ökonomie","Soziologie","Philosophie","Politische Theorie","WÖk-eigener Begriff"]
"donella-meadows","Donella Meadows","donella-meadows","","","Vordenker:innen und Bezugslinien","Vordenker-/Bezugslinienbegriff",["WÖk-eigener Begriff"]
"donor-dependency","Donor Dependency","donor-dependency","","","Akteure, Einfluss, Ideologien und demokratische Wirkungsräume","Anschlussbegriff",["Politische Theorie","Soziologie","Recht","Psychologie","Ökonomie","WÖk-eigener Begriff"]
"doppelte-wesentlichkeit","Doppelte Wesentlichkeit","doppelte-wesentlichkeit","","","Datenbegriff","WÖk-Präzisierungsbegriff",["WÖk-eigener Begriff"]
"downcycling","Downcycling","downcycling","","","Kreislaufwirtschaft, Circular Design und Materialkreisläufe","Anschlussbegriff",["Design / Innovation","Klimawissenschaft","Management"]
"drehtuer-effekt","Drehtür-Effekt","drehtuer-effekt","","","Akteure, Einfluss, Ideologien und demokratische Wirkungsräume","Anschlussbegriff",["Politische Theorie","Soziologie","Recht","Psychologie","Ökonomie","WÖk-eigener Begriff"]
"dunkelflaute","Dunkelflaute","dunkelflaute","","","Energie, Strommarkt und Systemkosten","Anschlussbegriff",["Klimawissenschaft","Ökonomie","Recht"]
"dynamischer-stromtarif","Dynamischer Stromtarif","dynamischer-stromtarif","","","Energie, Strommarkt und Systemkosten","Anschlussbegriff",["Klimawissenschaft","Ökonomie","Recht"]
"dynamisches-lastmanagement","Dynamisches Lastmanagement","dynamisches-lastmanagement","","","Batterien, Ladeinfrastruktur, Netzanschluss und Energiespeicher","Anschlussbegriff",["Klimawissenschaft","Recht","Management","Design / Innovation"]
"eeg","EEG","eeg","","","Energie, Strommarkt und Systemkosten","Anschlussbegriff",["Klimawissenschaft","Ökonomie","Recht"]
"effektivitaet","Effektivität","effektivitaet","","","Management, Wirksamkeit und Organisation","Anschlussbegriff",["WÖk-eigener Begriff"]
"effektivitaet-vs-effizienz","Effektivität vs. Effizienz","effektivitaet-vs-effizienz","","","Management, Wirksamkeit und Organisation","Anschlussbegriff",["WÖk-eigener Begriff"]
"effizienz","Effizienz","effizienz","","","Liberalismus, Libertarismus, Neoklassik und Marktbegriffe","WÖk-Präzisierungsbegriff",["WÖk-eigener Begriff","Ökonomie","Philosophie","Politische Theorie","Soziologie"]
"efrag","EFRAG","efrag","","","Datenbegriff","WÖk-Präzisierungsbegriff",["WÖk-eigener Begriff"]
"ehrliche-preise","Ehrliche Preise","ehrliche-preise","007","Steuer- und Preislogik","Preise, Märkte & Wirkungswahrheit","WÖk-Prägungsbegriff / Preisbegriff","Glossar-Pack 007"
"eichrecht-ladeinfrastruktur","Eichrecht Ladeinfrastruktur","eichrecht-ladeinfrastruktur","","","Batterien, Ladeinfrastruktur, Netzanschluss und Energiespeicher","Methodenbegriff",["Klimawissenschaft","Recht","Management","Design / Innovation"]
"eigentum-verpflichtet","Eigentum verpflichtet","eigentum-verpflichtet","","","Akteure, Einfluss, Ideologien und demokratische Wirkungsräume","WÖk-Präzisierungsbegriff",["Politische Theorie","Soziologie","Recht","Psychologie","Ökonomie","WÖk-eigener Begriff"]
"eigentumsrechte","Eigentumsrechte","eigentumsrechte","","","Liberalismus, Libertarismus, Neoklassik und Marktbegriffe","Anschlussbegriff",["Ökonomie","Philosophie","Politische Theorie","Soziologie","WÖk-eigener Begriff"]
"eigentumsverantwortung","Eigentumsverantwortung","eigentumsverantwortung","","","Liberalismus, Libertarismus, Neoklassik und Marktbegriffe","WÖk-Präzisierungsbegriff",["Ökonomie","Philosophie","Politische Theorie","Soziologie","WÖk-eigener Begriff"]
"eigenversorgung","Eigenversorgung","eigenversorgung","","","Energie, Strommarkt und Systemkosten","Anschlussbegriff",["Klimawissenschaft","Ökonomie","Recht"]
"einparteienstaat","Einparteienstaat","einparteienstaat","","","Autokratien, Regimeformen und demokratische Erosion","Anschlussbegriff",["Politische Theorie","Soziologie","Recht"]
"einspeisemanagement","Einspeisemanagement","einspeisemanagement","","","Energie, Strommarkt und Systemkosten","Anschlussbegriff",["Klimawissenschaft","Ökonomie","Recht"]
"einspeiseverguetung","Einspeisevergütung","einspeiseverguetung","","","Energie, Strommarkt und Systemkosten","Anschlussbegriff",["Klimawissenschaft","Ökonomie","Recht"]
"elektorale-autokratie","Elektorale Autokratie","elektorale-autokratie","","","Faschismus, faschistoid und autoritäre Wirkungsrisiken","Anschlussbegriff",["Politische Theorie","Soziologie","Recht","Psychologie"]
"elektromobilitaet","Elektromobilität","elektromobilitaet","","","Energie, Strommarkt und Systemkosten","Anschlussbegriff",["Klimawissenschaft","Ökonomie","Recht"]
"elektromobilitaetsdienstleister","Elektromobilitätsdienstleister / EMP","elektromobilitaetsdienstleister","","","Batterien, Ladeinfrastruktur, Netzanschluss und Energiespeicher","Anschlussbegriff",["Klimawissenschaft","Recht","Management","Design / Innovation"]
"elinor-ostrom","Elinor Ostrom","elinor-ostrom","","","Vordenker:innen und Bezugslinien","Vordenker-/Bezugslinienbegriff",["WÖk-eigener Begriff"]
"emergenz","Emergenz","emergenz","","","Psychologische und systemische Wirkmechanismen","WÖk-Präzisierungsbegriff",["WÖk-eigener Begriff"]
"emissionsfaktor","Emissionsfaktor","emissionsfaktor","","","Klima, Lebenszyklus und ökologische Wirkung","Anschlussbegriff",["WÖk-eigener Begriff"]
"emissionshandel","Emissionshandel","emissionshandel","","","Energie, Strommarkt und Systemkosten","Anschlussbegriff",["Klimawissenschaft","Ökonomie","Recht"]
"emotionale-arbeit","Emotionale Arbeit","emotionale-arbeit","","","Feminismus, feministische Ökonomie und Care-Wirkung","WÖk-Präzisierungsbegriff",["Ökonomie","Soziologie","Philosophie","Politische Theorie","WÖk-eigener Begriff"]
"emotionsregulation","Emotionsregulation","emotionsregulation","","","Psychologische und systemische Wirkmechanismen","WÖk-Präzisierungsbegriff",["WÖk-eigener Begriff"]
"empowering-consumers-green-transition","Empowering Consumers for the Green Transition","empowering-consumers-green-transition","","","Datenbegriff","WÖk-Präzisierungsbegriff",["WÖk-eigener Begriff"]
"endenergie","Endenergie","endenergie","","","Energie, Strommarkt und Systemkosten","Anschlussbegriff",["Klimawissenschaft","Ökonomie","Recht"]
"energie","Energie","energie","","","Energie, Strommarkt und Systemkosten","Anschlussbegriff",["Klimawissenschaft","Ökonomie","Recht"]
"energiearmut","Energiearmut","energiearmut","","","anschlussbegriff","WÖk-Präzisierungsbegriff",["WÖk-eigener Begriff"]
"energieautonomie","Energieautonomie","energieautonomie","","","Energie, Strommarkt und Systemkosten","WÖk-Präzisierungsbegriff",["Klimawissenschaft","Ökonomie","Recht"]
"energiedichte","Energiedichte","energiedichte","","","Batterien, Ladeinfrastruktur, Netzanschluss und Energiespeicher","Anschlussbegriff",["Klimawissenschaft","Recht","Management","Design / Innovation"]
"energieeffizienz","Energieeffizienz","energieeffizienz","","","Energie, Strommarkt und Systemkosten","Anschlussbegriff",["Klimawissenschaft","Ökonomie","Recht"]
"energiegemeinschaft","Energiegemeinschaft","energiegemeinschaft","","","Energie, Strommarkt und Systemkosten","Anschlussbegriff",["Energiepolitik","Governance"]
"energiegenossenschaft","Energiegenossenschaft","energiegenossenschaft","","","","",["Genossenschaft","Energiepolitik","Governance"]
"energieinfrastruktur","Energieinfrastruktur","energieinfrastruktur","","","Energie, Strommarkt und Systemkosten","Anschlussbegriff",["Klimawissenschaft","Ökonomie","Recht"]
"energiemanagementsystem","Energiemanagementsystem / EMS","energiemanagementsystem","","","Batterien, Ladeinfrastruktur, Netzanschluss und Energiespeicher","Anschlussbegriff",["Klimawissenschaft","Recht","Management","Design / Innovation"]
"energiesicherheit","Energiesicherheit","energiesicherheit","","","Energie, Strommarkt und Systemkosten","Anschlussbegriff",["Klimawissenschaft","Ökonomie","Recht"]
"energieumwandlung","Energieumwandlung","energieumwandlung","","","Energie, Strommarkt und Systemkosten","Anschlussbegriff",["Klimawissenschaft","Ökonomie","Recht"]
"energiewirtschaft","Energiewirtschaft","energiewirtschaft","","","Energie, Strommarkt und Systemkosten","Anschlussbegriff",["Klimawissenschaft","Ökonomie","Recht"]
"energiewirtschaftsgesetz","Energiewirtschaftsgesetz / EnWG","energiewirtschaftsgesetz","","","Energie, Strommarkt und Systemkosten","Methodenbegriff",["Klimawissenschaft","Ökonomie","Recht"]
"energy-only-markt","Energy-only-Markt","energy-only-markt","","","Energie, Strommarkt und Systemkosten","Anschlussbegriff",["Klimawissenschaft","Ökonomie","Recht"]
"energy-sharing","Energy Sharing","energy-sharing","","","","",["Energiepolitik","Recht","Wirkungsökonomie"]
"enterprise-risk-management-nach-wirkung","Enterprise Risk Management nach Wirkung","enterprise-risk-management-nach-wirkung","014","Risiko-, Resilienz- und Transformationslogik im Unternehmen","Risikomanagement, Governance & Unternehmenssteuerung","Anschlussbegriff / WÖk-Präzisierung","Glossar-Pack 014"
"entfremdung","Entfremdung","entfremdung","","","Kapital, Markt und Eigentum","Anschlussbegriff",["WÖk-eigener Begriff"]
"entmenschlichung","Entmenschlichung","entmenschlichung","","","Faschismus, faschistoid und autoritäre Wirkungsrisiken","Anschlussbegriff",["Politische Theorie","Soziologie","Recht","Psychologie","Ökonomie","WÖk-eigener Begriff"]
"entropie","Entropie","entropie","","","Physik, Energie und Wirkungsmetaphern","Anschlussbegriff",["WÖk-eigener Begriff"]
"environmental-product-declaration","Environmental Product Declaration / EPD","environmental-product-declaration","","","Klima, Lebenszyklus und ökologische Wirkung","Methodenbegriff",["WÖk-eigener Begriff"]
"epd","EPD / Environmental Product Declaration","epd","","","Datenbegriff","WÖk-Präzisierungsbegriff",["WÖk-eigener Begriff"]
"epistemische-gemeinschaft","Epistemische Gemeinschaft","epistemische-gemeinschaft","","","Akteure, Einfluss, Ideologien und demokratische Wirkungsräume","Anschlussbegriff",["Politische Theorie","Soziologie","Recht","Psychologie","Ökonomie","WÖk-eigener Begriff"]
"erfindung","Erfindung","erfindung","","","Innovation, Evolution und Unternehmertum","Anschlussbegriff",["WÖk-eigener Begriff"]
"erlernte-hilflosigkeit","Erlernte Hilflosigkeit","erlernte-hilflosigkeit","","","Psychologische und systemische Wirkmechanismen","WÖk-Präzisierungsbegriff",["WÖk-eigener Begriff"]
"ermoeglichende-taetigkeit","Ermöglichende Tätigkeit","ermoeglichende-taetigkeit","","","Datenbegriff","WÖk-Präzisierungsbegriff",["WÖk-eigener Begriff"]
"ernaehrungssouveraenitaet","Ernährungssouveränität","ernaehrungssouveraenitaet","","","anschlussbegriff","WÖk-Präzisierungsbegriff",["WÖk-eigener Begriff"]
"erneuerbare-energien","Erneuerbare Energien","erneuerbare-energien","","","Energie, Strommarkt und Systemkosten","Anschlussbegriff",["Klimawissenschaft","Ökonomie","Recht"]
"ernst-von-glasersfeld","Ernst von Glasersfeld","ernst-von-glasersfeld","","","Vordenker:innen und Bezugslinien","Vordenker-/Bezugslinienbegriff",["WÖk-eigener Begriff"]
"erweiterte-herstellerverantwortung","Erweiterte Herstellerverantwortung","erweiterte-herstellerverantwortung","","","Kreislaufwirtschaft, Circular Design und Materialkreisläufe","Anschlussbegriff",["Design / Innovation","Klimawissenschaft","Management"]
"erwerbsarbeitslogik","Erwerbsarbeitslogik","erwerbsarbeitslogik","","","Abgrenzungsbegriff","WÖk-Präzisierungsbegriff",["Online-Buch Kapitel 56-58","Arbeitspapiere Einkommen und Rente"]
"erwerbsbiografie","Erwerbsbiografie","erwerbsbiografie","","","Anschlussbegriff","WÖk-Präzisierungsbegriff",["Online-Buch Kapitel 56-58","Arbeitspapiere Einkommen und Rente"]
"esap","ESAP / European Single Access Point","esap","","","Datenbegriff","WÖk-Präzisierungsbegriff",["WÖk-eigener Begriff"]
"esef","ESEF","esef","","","Datenbegriff","WÖk-Präzisierungsbegriff",["WÖk-eigener Begriff"]
"esg","ESG","esg","","","Grundbegriff","WÖk-Präzisierungsbegriff",["WÖk-eigener Begriff"]
"espr","ESPR / Ecodesign for Sustainable Products Regulation","espr","","","Datenbegriff","WÖk-Präzisierungsbegriff",["WÖk-eigener Begriff"]
"esrs","ESRS","esrs","","","Datenbegriff","WÖk-Präzisierungsbegriff",["WÖk-eigener Begriff"]
"esrs-themenstandards","ESRS-Themenstandards","esrs-themenstandards","","","Datenbegriff","WÖk-Präzisierungsbegriff",["WÖk-eigener Begriff"]
"eu-climate-law","EU Climate Law / Europäisches Klimagesetz","eu-climate-law","","","Datenbegriff","WÖk-Präzisierungsbegriff",["WÖk-eigener Begriff"]
"eu-ecolabel","EU Ecolabel","eu-ecolabel","","","Datenbegriff","WÖk-Präzisierungsbegriff",["WÖk-eigener Begriff"]
"eu-green-bond-standard","EU Green Bond Standard","eu-green-bond-standard","","","Datenbegriff","WÖk-Präzisierungsbegriff",["WÖk-eigener Begriff"]
"eu-taxonomie","EU-Taxonomie","eu-taxonomie","","","Grundbegriff","WÖk-Präzisierungsbegriff",["WÖk-eigener Begriff"]
"eudr","EUDR / EU Deforestation Regulation","eudr","","","Datenbegriff","WÖk-Präzisierungsbegriff",["WÖk-eigener Begriff"]
"european-green-deal","European Green Deal / Europäischer Green Deal","european-green-deal","","","Datenbegriff","WÖk-Präzisierungsbegriff",["WÖk-eigener Begriff"]
"evolutorischer-unternehmer","Evolutorischer Unternehmer","evolutorischer-unternehmer","","","Innovation, Evolution und Unternehmertum","Quellen-/Bezugslinienbegriff",["WÖk-eigener Begriff"]
"expertinnenlobbyismus","Expert:innenlobbyismus","expertinnenlobbyismus","","","Akteure, Einfluss, Ideologien und demokratische Wirkungsräume","Anschlussbegriff",["Politische Theorie","Soziologie","Recht","Psychologie","Ökonomie","WÖk-eigener Begriff"]
"exposition","Exposition","exposition","","","Klima, Lebenszyklus und ökologische Wirkung","Anschlussbegriff",["WÖk-eigener Begriff"]
"externalisierung","Externalisierung","externalisierung","","","Kapital, Markt und Eigentum","WÖk-Präzisierungsbegriff",["WÖk-eigener Begriff"]
"externalitaet","Externalität","externalitaet","","","Liberalismus, Libertarismus, Neoklassik und Marktbegriffe","WÖk-Präzisierungsbegriff",["Ökonomie","Philosophie","Politische Theorie","Soziologie","WÖk-eigener Begriff"]
"extraktiver-kapitalismus","Extraktiver Kapitalismus","extraktiver-kapitalismus","","","Wirtschaftssysteme, Kapitalmythen und Verteilungslogiken","Wirtschaftssystem / Gesellschaftsmodell",["Ökonomie","Politische Theorie","Soziologie"]
"extrem","Extrem","extrem","","","Akteure, Einfluss, Ideologien und demokratische Wirkungsräume","Anschlussbegriff",["Politische Theorie","Soziologie","Recht","Psychologie","Ökonomie","WÖk-eigener Begriff"]
"extremismus","Extremismus","extremismus","","","Akteure, Einfluss, Ideologien und demokratische Wirkungsräume","Anschlussbegriff",["Politische Theorie","Soziologie","Recht","Psychologie","Ökonomie","WÖk-eigener Begriff"]
"fakten","Fakten","fakten","","","Sprache, Wirklichkeit und Kommunikation","Anschlussbegriff",["WÖk-eigener Begriff"]
"faktenargumentation","Faktenargumentation","faktenargumentation","","","Psychologische und systemische Wirkmechanismen","WÖk-Präzisierungsbegriff",["WÖk-eigener Begriff"]
"faktencheck","Faktencheck","faktencheck","","","Grundbegriff","Anschlussbegriff",["WÖk-eigener Begriff"]
"faktenreaktanz","Faktenreaktanz","faktenreaktanz","","","Psychologische und systemische Wirkmechanismen","WÖk-Präzisierungsbegriff",["WÖk-eigener Begriff"]
"false-balance","False Balance","false-balance","","","Akteure, Einfluss, Ideologien und demokratische Wirkungsräume","Anschlussbegriff",["Politische Theorie","Soziologie","Recht","Psychologie","Ökonomie","WÖk-eigener Begriff"]
"faschismus","Faschismus","faschismus","","","Faschismus, faschistoid und autoritäre Wirkungsrisiken","Anschlussbegriff / politischer Wirkungsbegriff",["Politische Theorie","Soziologie","Recht","Psychologie","Ökonomie","WÖk-eigener Begriff"]
"faschistoid","Faschistoid","faschistoid","","","Faschismus, faschistoid und autoritäre Wirkungsrisiken","Anschlussbegriff",["Politische Theorie","Soziologie","Recht","Psychologie"]
"faserverbundwerkstoff","Faserverbundwerkstoff","faserverbundwerkstoff","","","Batterien, Ladeinfrastruktur, Netzanschluss und Energiespeicher","Anschlussbegriff",["Klimawissenschaft","Recht","Management","Design / Innovation"]
"feindbildlogik","Feindbildlogik","feindbildlogik","","","Faschismus, faschistoid und autoritäre Wirkungsrisiken","Anschlussbegriff",["Politische Theorie","Soziologie","Recht","Psychologie","Ökonomie","WÖk-eigener Begriff"]
"feminisierung-von-armut","Feminisierung von Armut","feminisierung-von-armut","","","Feminismus, feministische Ökonomie und Care-Wirkung","WÖk-Präzisierungsbegriff",["Ökonomie","Soziologie","Philosophie","Politische Theorie","WÖk-eigener Begriff"]
"feminismus","Feminismus","feminismus","","","Feminismus, feministische Ökonomie und Care-Wirkung","Anschlussbegriff",["Ökonomie","Soziologie","Philosophie","Politische Theorie","WÖk-eigener Begriff"]
"feministische-oekonomie","Feministische Ökonomie","feministische-oekonomie","","","Feminismus, feministische Ökonomie und Care-Wirkung","Anschlussbegriff",["Ökonomie","Politische Theorie","Soziologie","Philosophie","WÖk-eigener Begriff"]
"feministische-transformation","Feministische Transformation","feministische-transformation","","","Feminismus, feministische Ökonomie und Care-Wirkung","WÖk-Präzisierungsbegriff",["Ökonomie","Soziologie","Philosophie","Politische Theorie","WÖk-eigener Begriff"]
"feministische-wirtschaftspolitik","Feministische Wirtschaftspolitik","feministische-wirtschaftspolitik","","","Feminismus, feministische Ökonomie und Care-Wirkung","WÖk-Präzisierungsbegriff",["Ökonomie","Soziologie","Philosophie","Politische Theorie","WÖk-eigener Begriff"]
"fernwirktechnik","Fernwirktechnik","fernwirktechnik","","","Batterien, Ladeinfrastruktur, Netzanschluss und Energiespeicher","Anschlussbegriff",["Klimawissenschaft","Recht","Management","Design / Innovation"]
"feststoffbatterie","Feststoffbatterie","feststoffbatterie","","","Batterien, Ladeinfrastruktur, Netzanschluss und Energiespeicher","Anschlussbegriff",["Klimawissenschaft","Recht","Management","Design / Innovation"]
"finalscore","FinalScore","finalscore","006","Daten, Indikatoren & technische Bewertungslogik","Messung, Bewertung & Scorecards","WÖk-Prägungsbegriff / technischer Bewertungsbegriff",["WÖk-eigener Begriff"]
"finanzmarktkapitalismus","Finanzmarktkapitalismus","finanzmarktkapitalismus","","","Wirtschaftssysteme, Kapitalmythen und Verteilungslogiken","Wirtschaftssystem / Gesellschaftsmodell",["Ökonomie","Politische Theorie","Soziologie"]
"fit-for-55","Fit for 55","fit-for-55","","","Datenbegriff","WÖk-Präzisierungsbegriff",["WÖk-eigener Begriff"]
"flexibilitaet-energiesystem","Flexibilität im Energiesystem","flexibilitaet-energiesystem","","","Energie, Strommarkt und Systemkosten","Anschlussbegriff",["Klimawissenschaft","Ökonomie","Recht"]
"flexibilitaetsmarkt","Flexibilitätsmarkt","flexibilitaetsmarkt","","","Energie, Strommarkt und Systemkosten","Methodenbegriff",["Klimawissenschaft","Ökonomie","Recht"]
"folgencheck","Folgencheck","folgencheck","","","Grundbegriff","WÖk-Präzisierungsbegriff",["WÖk-eigener Begriff"]
"folgewirkung","Folgewirkung","folgewirkung","","","WÖk-Begriff","WÖk-Kernbegriff",["WÖk-eigener Begriff"]
"forced-labour-regulation","Forced Labour Regulation","forced-labour-regulation","","","Datenbegriff","WÖk-Präzisierungsbegriff",["WÖk-eigener Begriff"]
"fossiles-kraftwerk","Fossiles Kraftwerk","fossiles-kraftwerk","","","Energie, Strommarkt und Systemkosten","Anschlussbegriff",["Klimawissenschaft","Ökonomie","Recht"]
"framing","Frame / Framing","framing","","","Psychologische und systemische Wirkmechanismen","WÖk-Präzisierungsbegriff",["WÖk-eigener Begriff"]
"frederic-vester","Frederic Vester","frederic-vester","","","Vordenker:innen und Bezugslinien","Vordenker-/Bezugslinienbegriff",["WÖk-eigener Begriff"]
"fredmund-malik","Fredmund Malik","fredmund-malik","","","Vordenker:innen und Bezugslinien","Vordenker-/Bezugslinienbegriff",["WÖk-eigener Begriff"]
"freie-und-faire-wahlen","Freie und faire Wahlen","freie-und-faire-wahlen","","","Demokratie, Rechtsstaat und demokratische Wirkungsarchitektur","Anschlussbegriff",["Politische Theorie","Recht","Soziologie","Medienwissenschaft","WÖk-eigener Begriff"]
"frequenzhaltung","Frequenzhaltung","frequenzhaltung","","","Energie, Strommarkt und Systemkosten","Anschlussbegriff",["Klimawissenschaft","Ökonomie","Recht"]
"friedlicher-machtwechsel","Friedlicher Machtwechsel","friedlicher-machtwechsel","","","Demokratie, Rechtsstaat und demokratische Wirkungsarchitektur","Anschlussbegriff",["Politische Theorie","Recht","Soziologie","Medienwissenschaft","WÖk-eigener Begriff"]
"friedrich-hayek","Friedrich Hayek","friedrich-hayek","","","Vordenker:innen und Bezugslinien","Vordenker-/Bezugslinienbegriff",["WÖk-eigener Begriff"]
"fuehrerkult","Führerkult","fuehrerkult","","","Autokratien, Regimeformen und demokratische Erosion","Anschlussbegriff",["Politische Theorie","Soziologie","Recht"]
"fuehrerprinzip","Führerprinzip","fuehrerprinzip","","","Faschismus, faschistoid und autoritäre Wirkungsrisiken","Anschlussbegriff",["Politische Theorie","Soziologie","Recht","Psychologie","Ökonomie","WÖk-eigener Begriff"]
"fuenftes-p-planet","5. P = Planet","fuenftes-p-planet","001","Marketing & Produktwirkung","WÖk-Begriff","WÖk-Präzisierungsbegriff",["WÖk-eigener Begriff"]
"gaskraftwerk","Gaskraftwerk","gaskraftwerk","","","Energie, Strommarkt und Systemkosten","Anschlussbegriff",["Klimawissenschaft","Ökonomie","Recht"]
"gebrauchsgueter","Gebrauchsgüter","gebrauchsgueter","","","Kreislaufwirtschaft, Circular Design und Materialkreisläufe","Anschlussbegriff",["Design / Innovation","Klimawissenschaft","Management"]
"gebrauchswert","Gebrauchswert","gebrauchswert","","","Werte, Normativität und Bewertung","Anschlussbegriff",["WÖk-eigener Begriff"]
"gedaechtniskonsolidierung","Gedächtniskonsolidierung","gedaechtniskonsolidierung","","","Neuropsychologische Wirkmechanismen","Anschlussbegriff",["Psychologie","Konstruktivismus"]
"gedankenlosigkeit","Gedankenlosigkeit","gedankenlosigkeit","","","Hannah Arendt und politische Wirkungsbegriffe","Anschlussbegriff",["Philosophie","Politische Theorie","Soziologie"]
"geld","Geld","geld","","","Kapital, Markt und Eigentum","WÖk-Präzisierungsbegriff",["WÖk-eigener Begriff"]
"gemeineigentum","Gemeineigentum","gemeineigentum","","","Wirtschaftssysteme, Kapitalmythen und Verteilungslogiken","Wirtschaftssystem / Gesellschaftsmodell",["Ökonomie","Politische Theorie","Soziologie"]
"gender-budgeting","Gender Budgeting","gender-budgeting","","","Feminismus, feministische Ökonomie und Care-Wirkung","WÖk-Präzisierungsbegriff",["Ökonomie","Soziologie","Philosophie","Politische Theorie","WÖk-eigener Begriff"]
"gender-care-gap","Gender Care Gap","gender-care-gap","","","Feminismus, feministische Ökonomie und Care-Wirkung","WÖk-Präzisierungsbegriff",["Ökonomie","Soziologie","Philosophie","Politische Theorie","WÖk-eigener Begriff"]
"gender-data-gap","Gender Data Gap","gender-data-gap","","","Feminismus, feministische Ökonomie und Care-Wirkung","WÖk-Präzisierungsbegriff",["Ökonomie","Soziologie","Philosophie","Politische Theorie","WÖk-eigener Begriff"]
"gender-mainstreaming","Gender Mainstreaming","gender-mainstreaming","","","Feminismus, feministische Ökonomie und Care-Wirkung","WÖk-Präzisierungsbegriff",["Ökonomie","Soziologie","Philosophie","Politische Theorie","WÖk-eigener Begriff"]
"gender-pay-gap","Gender Pay Gap","gender-pay-gap","","","Feminismus, feministische Ökonomie und Care-Wirkung","WÖk-Präzisierungsbegriff",["Ökonomie","Soziologie","Philosophie","Politische Theorie","WÖk-eigener Begriff"]
"gender-pension-gap","Gender Pension Gap","gender-pension-gap","","","Feminismus, feministische Ökonomie und Care-Wirkung","WÖk-Präzisierungsbegriff",["Ökonomie","Soziologie","Philosophie","Politische Theorie","WÖk-eigener Begriff"]
"generationengerechtigkeit","Generationengerechtigkeit","generationengerechtigkeit","","","anschlussbegriff","WÖk-Präzisierungsbegriff",["WÖk-eigener Begriff"]
"genossenschaft","Genossenschaft","genossenschaft","","","Wirtschaftssysteme, Kapitalmythen und Verteilungslogiken","Wirtschaftssystem / Gesellschaftsmodell",["Ökonomie","Politische Theorie","Soziologie"]
"genossenschaftsblindheit","Genossenschaftsblindheit","genossenschaftsblindheit","","","Wirtschaftssysteme, Kapitalmythen und Verteilungslogiken","WÖk-Präzisierungsbegriff",["Ökonomie","Politische Theorie","Soziologie"]
"geothermie","Geothermie","geothermie","","","Energie, Strommarkt und Systemkosten","Anschlussbegriff",["Klimawissenschaft","Ökonomie","Recht"]
"geplante-obsoleszenz","Geplante Obsoleszenz","geplante-obsoleszenz","","","Kreislaufwirtschaft, Circular Design und Materialkreisläufe","Anschlussbegriff",["Design / Innovation","Klimawissenschaft","Management"]
"geschaeftsmodellpruefung","Geschäftsmodellprüfung","geschaeftsmodellpruefung","014","Risiko-, Resilienz- und Transformationslogik im Unternehmen","Unternehmen, Strategie & Transformation","WÖk-Präzisierungsbegriff / Strategie- und Risikobegriff","Glossar-Pack 014"
"geschlossene-autokratie","Geschlossene Autokratie","geschlossene-autokratie","","","Faschismus, faschistoid und autoritäre Wirkungsrisiken","Anschlussbegriff",["Politische Theorie","Soziologie","Recht","Psychologie"]
"gesellschaft","Gesellschaft","gesellschaft","","","Staat, Regierung, Verwaltung und Gesellschaft","Anschlussbegriff",["Recht","Politische Theorie","Soziologie","WÖk-eigener Begriff"]
"gesellschaftliche-stabilitaet","Gesellschaftliche Stabilität","gesellschaftliche-stabilitaet","","","Psychologische und systemische Wirkmechanismen","WÖk-Präzisierungsbegriff",["WÖk-eigener Begriff"]
"gesetz","Gesetz","gesetz","","","Staat, Regierung, Verwaltung und Gesellschaft","Anschlussbegriff",["Recht","Politische Theorie","Soziologie","WÖk-eigener Begriff"]
"gesicherte-leistung","Gesicherte Leistung","gesicherte-leistung","","","Energie, Strommarkt und Systemkosten","Anschlussbegriff",["Klimawissenschaft","Ökonomie","Recht"]
"gesundheit","Gesundheit","gesundheit","","","Gesundheit & Leben","WÖk-Präzisierungsbegriff",["WÖk-eigener Begriff"]
"gesundheitsdividende","Gesundheitsdividende","gesundheitsdividende","","","Gesundheit & Leben","WÖk-Präzisierungsbegriff",["WÖk-eigener Begriff","Public Health","One Health"]
"gesundheitsgerechtigkeit","Gesundheitsgerechtigkeit","gesundheitsgerechtigkeit","","","anschlussbegriff","WÖk-Präzisierungsbegriff",["WÖk-eigener Begriff"]
"gesundheitskasse","Gesundheitskasse","gesundheitskasse","","","Gesundheit & Leben","WÖk-Präzisierungsbegriff",["WÖk-eigener Begriff","Public Health","One Health"]
"gesundheitssystem","Gesundheitssystem","gesundheitssystem","","","Gesundheit & Leben","WÖk-Präzisierungsbegriff",["WÖk-eigener Begriff","Public Health","One Health"]
"gesundheitswirkung","Gesundheitswirkung","gesundheitswirkung","","","Gesundheit & Leben","WÖk-Präzisierungsbegriff",["WÖk-eigener Begriff","Public Health","One Health"]
"gewaltenteilung","Gewaltenteilung","gewaltenteilung","","","Demokratie, Rechtsstaat und demokratische Wirkungsarchitektur","Anschlussbegriff",["Recht","Politische Theorie","Soziologie","WÖk-eigener Begriff","Medienwissenschaft"]
"gewaltenteilungsabbau","Gewaltenteilungsabbau","gewaltenteilungsabbau","","","Autokratien, Regimeformen und demokratische Erosion","Anschlussbegriff",["Politische Theorie","Soziologie","Recht"]
"gewerbespeicher","Gewerbespeicher","gewerbespeicher","","","Batterien, Ladeinfrastruktur, Netzanschluss und Energiespeicher","Anschlussbegriff",["Klimawissenschaft","Recht","Management","Design / Innovation"]
"gewinn-als-test","Gewinn als Test","gewinn-als-test","","","Management, Wirksamkeit und Organisation","Quellen-/Bezugslinienbegriff",["WÖk-eigener Begriff"]
"gewoehnung","Gewöhnung / Habituation","gewoehnung","","","Neuropsychologische Wirkmechanismen","Anschlussbegriff",["Psychologie","Konstruktivismus"]
"ghg-protocol","GHG Protocol","ghg-protocol","","","Datenbegriff","WÖk-Präzisierungsbegriff",["WÖk-eigener Begriff"]
"glaeserne-decke","Gläserne Decke","glaeserne-decke","","","Feminismus, feministische Ökonomie und Care-Wirkung","WÖk-Präzisierungsbegriff",["Ökonomie","Soziologie","Philosophie","Politische Theorie","WÖk-eigener Begriff"]
"glaeserne-klippe","Gläserne Klippe","glaeserne-klippe","","","Feminismus, feministische Ökonomie und Care-Wirkung","WÖk-Präzisierungsbegriff",["Ökonomie","Soziologie","Philosophie","Politische Theorie","WÖk-eigener Begriff"]
"glasfaserverstaerkter-kunststoff","Glasfaserverstärkter Kunststoff / GFK","glasfaserverstaerkter-kunststoff","","","Batterien, Ladeinfrastruktur, Netzanschluss und Energiespeicher","Anschlussbegriff",["Klimawissenschaft","Recht","Management","Design / Innovation"]
"gleichbehandlung","Gleichbehandlung","gleichbehandlung","","","Akteure, Einfluss, Ideologien und demokratische Wirkungsräume","Anschlussbegriff",["Politische Theorie","Soziologie","Recht","Psychologie","Ökonomie","WÖk-eigener Begriff"]
"gleichberechtigung","Gleichberechtigung","gleichberechtigung","","","Feminismus, feministische Ökonomie und Care-Wirkung","WÖk-Präzisierungsbegriff",["Ökonomie","Soziologie","Philosophie","Politische Theorie","WÖk-eigener Begriff"]
"gleichheit","Gleichheit","gleichheit","","","Akteure, Einfluss, Ideologien und demokratische Wirkungsräume","Anschlussbegriff",["Politische Theorie","Soziologie","Recht","Psychologie","Ökonomie","WÖk-eigener Begriff"]
"gleichstellung","Gleichstellung","gleichstellung","","","Feminismus, feministische Ökonomie und Care-Wirkung","WÖk-Präzisierungsbegriff",["Ökonomie","Soziologie","Philosophie","Politische Theorie","WÖk-eigener Begriff"]
"gleichstellungsfolgenabschaetzung","Gleichstellungsfolgenabschätzung","gleichstellungsfolgenabschaetzung","","","Feminismus, feministische Ökonomie und Care-Wirkung","Methodenbegriff",["Ökonomie","Soziologie","Philosophie","Politische Theorie","WÖk-eigener Begriff"]
"gleichwertigkeit","Gleichwertigkeit","gleichwertigkeit","","","Feminismus, feministische Ökonomie und Care-Wirkung","WÖk-Präzisierungsbegriff",["Ökonomie","Soziologie","Philosophie","Politische Theorie","WÖk-eigener Begriff"]
"gleichzeitigkeit-ladeinfrastruktur","Gleichzeitigkeit","gleichzeitigkeit-ladeinfrastruktur","","","Batterien, Ladeinfrastruktur, Netzanschluss und Energiespeicher","Anschlussbegriff",["Klimawissenschaft","Recht","Management","Design / Innovation"]
"global-warming-potential","Global Warming Potential / GWP","global-warming-potential","","","Klima, Lebenszyklus und ökologische Wirkung","Anschlussbegriff",["WÖk-eigener Begriff"]
"glossar-backlink-audit","Glossar-Backlink-Audit","glossar-backlink-audit","","","Glossar-Publizierungsprozess","Methodenbegriff",["WÖk-eigener Begriff"]
"glossar-publizierungsprozess","Glossar-Publizierungsprozess","glossar-publizierungsprozess","","","Glossar-Publizierungsprozess","Methodenbegriff",["WÖk-eigener Begriff"]
"gongo","GONGO","gongo","","","Akteure, Einfluss, Ideologien und demokratische Wirkungsräume","Anschlussbegriff",["Politische Theorie","Soziologie","Recht","Psychologie","Ökonomie","WÖk-eigener Begriff"]
"grassroots-bewegung","Grassroots-Bewegung","grassroots-bewegung","","","Akteure, Einfluss, Ideologien und demokratische Wirkungsräume","Anschlussbegriff",["Politische Theorie","Soziologie","Recht","Psychologie","Ökonomie","WÖk-eigener Begriff"]
"grauer-wasserstoff","Grauer Wasserstoff","grauer-wasserstoff","","","Energie, Strommarkt und Systemkosten","Anschlussbegriff",["Klimawissenschaft","Ökonomie","Recht"]
"green-claims-directive","Green Claims Directive","green-claims-directive","","","Datenbegriff","WÖk-Präzisierungsbegriff",["WÖk-eigener Begriff"]
"green-deal-industrial-plan","Green Deal Industrial Plan","green-deal-industrial-plan","","","Datenbegriff","WÖk-Präzisierungsbegriff",["WÖk-eigener Begriff"]
"greenwashing","Greenwashing","greenwashing","001","Marketing & Produktwirkung","Datenbegriff","WÖk-Präzisierungsbegriff",["WÖk-eigener Begriff"]
"gregory-bateson","Gregory Bateson","gregory-bateson","","","Vordenker:innen und Bezugslinien","Vordenker-/Bezugslinienbegriff",["WÖk-eigener Begriff"]
"grenzkosten","Grenzkosten","grenzkosten","","","Energie, Strommarkt und Systemkosten","Anschlussbegriff",["Klimawissenschaft","Ökonomie","Recht","Philosophie","Politische Theorie","Soziologie","WÖk-eigener Begriff"]
"grenzkraftwerk","Grenzkraftwerk","grenzkraftwerk","","","Energie, Strommarkt und Systemkosten","Anschlussbegriff",["Klimawissenschaft","Ökonomie","Recht"]
"grenznutzen","Grenznutzen","grenznutzen","","","Liberalismus, Libertarismus, Neoklassik und Marktbegriffe","Anschlussbegriff",["Ökonomie","Philosophie","Politische Theorie","Soziologie","WÖk-eigener Begriff"]
"gri","GRI","gri","","","Datenbegriff","WÖk-Präzisierungsbegriff",["WÖk-eigener Begriff"]
"gruener-kapitalismus","Grüner Kapitalismus","gruener-kapitalismus","","","Wirtschaftssysteme, Kapitalmythen und Verteilungslogiken","Wirtschaftssystem / Gesellschaftsmodell",["Ökonomie","Politische Theorie","Soziologie"]
"gruener-wasserstoff","Grüner Wasserstoff","gruener-wasserstoff","","","Energie, Strommarkt und Systemkosten","Anschlussbegriff",["Klimawissenschaft","Ökonomie","Recht"]
"gruenstrom","Grünstrom","gruenstrom","","","Energie, Strommarkt und Systemkosten","Anschlussbegriff",["Klimawissenschaft","Ökonomie","Recht"]
"grunddividende","Grunddividende","grunddividende","010","Arbeit, Einkommen & soziale Sicherung nach Wirkung","Einkommen, Grundsicherheit & Teilhabe","WÖk-Prägungsbegriff / Sicherheits- und Teilhabebegriff",["Online-Buch Kapitel 56-58","Arbeitspapiere Einkommen und Rente"]
"grundgesetz","Grundgesetz","grundgesetz","","","Akteure, Einfluss, Ideologien und demokratische Wirkungsräume","Anschlussbegriff",["Politische Theorie","Soziologie","Recht","Psychologie","Ökonomie","WÖk-eigener Begriff"]
"grundlast","Grundlast","grundlast","","","Energie, Strommarkt und Systemkosten","Anschlussbegriff",["Klimawissenschaft","Ökonomie","Recht"]
"grundrechte","Grundrechte","grundrechte","","","Demokratie, Rechtsstaat und demokratische Wirkungsarchitektur","Anschlussbegriff",["Politische Theorie","Recht","Soziologie","Medienwissenschaft","WÖk-eigener Begriff"]
"habitatfragmentierung","Habitatfragmentierung","habitatfragmentierung","","","Biodiversitätsbegriff","WÖk-Präzisierungsbegriff",["WÖk-eigener Begriff"]
"habitatverlust","Habitatverlust","habitatverlust","","","Biodiversitätsbegriff","WÖk-Präzisierungsbegriff",["WÖk-eigener Begriff"]
"halbleiter","Halbleiter","halbleiter","","","Quantenphysik, Quantenmaterialien und Zukunftstechnologien","Anschlussbegriff",["Klimawissenschaft","Design / Innovation"]
"haltung","Haltung","haltung","","","WÖk-Begriff","WÖk-Präzisierungsbegriff",["WÖk-eigener Begriff"]
"handeln-arendt","Handeln","handeln-arendt","","","Hannah Arendt und politische Wirkungsbegriffe","Anschlussbegriff",["Philosophie","Politische Theorie","Soziologie"]
"handlung","Handlung","handlung","","","WÖk-Begriff","WÖk-Präzisierungsbegriff",["WÖk-eigener Begriff"]
"handlungsdruck","Handlungsdruck","handlungsdruck","","","WÖk-Begriff","WÖk-Präzisierungsbegriff",["WÖk-eigener Begriff"]
"handlungsfaehigkeit","Handlungsfähigkeit","handlungsfaehigkeit","","","WÖk-Begriff","WÖk-Präzisierungsbegriff",["WÖk-eigener Begriff"]
"handlungspfad","Handlungspfad","handlungspfad","","","WÖk-Begriff","WÖk-Präzisierungsbegriff",["WÖk-eigener Begriff"]
"handlungsspielraum","Handlungsspielraum","handlungsspielraum","","","WÖk-Begriff","WÖk-Präzisierungsbegriff",["WÖk-eigener Begriff"]
"hannah-arendt","Hannah Arendt","hannah-arendt","","","Hannah Arendt und politische Wirkungsbegriffe","Vordenkerin / Bezugslinie",["WÖk-eigener Begriff","Philosophie","Politische Theorie","Soziologie"]
"hans-ulrich","Hans Ulrich","hans-ulrich","","","Vordenker:innen und Bezugslinien","Vordenker-/Bezugslinienbegriff",["WÖk-eigener Begriff"]
"hard-to-abate-sektoren","Hard-to-abate-Sektoren","hard-to-abate-sektoren","","","Klima- und Transformationsbegriff","WÖk-Präzisierungsbegriff",["WÖk-eigener Begriff"]
"haushaltsneutralitaet","Haushaltsneutralität","haushaltsneutralitaet","","","WÖk-Begriff","WÖk-Präzisierungsbegriff",["WÖk-eigener Begriff"]
"hazardous-substances","Hazardous Substances / gefährliche Stoffe","hazardous-substances","","","Chemikalien- und Produktdatenbegriff","WÖk-Präzisierungsbegriff",["WÖk-eigener Begriff"]
"health-co-benefits","Health Co-Benefits / Gesundheits-Co-Benefits","health-co-benefits","","","Gesundheits- und Klimabegriff","WÖk-Präzisierungsbegriff",["WÖk-eigener Begriff"]
"health-impact-assessment","Health Impact Assessment / HIA","health-impact-assessment","","","Gesundheits- und Methodenbegriff","WÖk-Präzisierungsbegriff",["WÖk-eigener Begriff"]
"hebelpunkt","Hebelpunkt","hebelpunkt","","","Physik, Energie und Wirkungsmetaphern","Anschlussbegriff",["WÖk-eigener Begriff"]
"hebelwirkung","Hebelwirkung","hebelwirkung","","","WÖk-Begriff","WÖk-Präzisierungsbegriff",["WÖk-eigener Begriff"]
"heimspeicher","Heimspeicher","heimspeicher","","","Batterien, Ladeinfrastruktur, Netzanschluss und Energiespeicher","Anschlussbegriff",["Klimawissenschaft","Recht","Management","Design / Innovation"]
"heinz-von-foerster","Heinz von Foerster","heinz-von-foerster","","","Vordenker:innen und Bezugslinien","Vordenker-/Bezugslinienbegriff",["WÖk-eigener Begriff"]
"heritage-foundation","Heritage Foundation","heritage-foundation","","","Akteure, Einfluss, Ideologien und demokratische Wirkungsräume","Vordenker-/Akteursbegriff / Beispielbegriff",["Politische Theorie","Soziologie","Recht","Psychologie","Ökonomie","WÖk-eigener Begriff"]
"herkunftsnachweis","Herkunftsnachweis","herkunftsnachweis","","","Energie, Strommarkt und Systemkosten","Anschlussbegriff",["Klimawissenschaft","Ökonomie","Recht"]
"herkunftsnachweis-hkn","Herkunftsnachweis / HKN","herkunftsnachweis-hkn","","","Datenbegriff","WÖk-Präzisierungsbegriff",["WÖk-eigener Begriff"]
"herkunftstransparenz","Herkunftstransparenz","herkunftstransparenz","","","Daten- und Lieferkettenbegriff","WÖk-Präzisierungsbegriff",["WÖk-eigener Begriff"]
"herstellen-arendt","Herstellen","herstellen-arendt","","","Hannah Arendt und politische Wirkungsbegriffe","Anschlussbegriff",["Philosophie","Politische Theorie","Soziologie"]
"hfcs-hydrofluorocarbons","HFCs / Hydrofluorocarbons","hfcs-hydrofluorocarbons","","","Klima- und Stoffbegriff","WÖk-Präzisierungsbegriff",["WÖk-eigener Begriff"]
"hitzeschutz-hitzeaktionsplan","Hitzeschutz / Hitzeaktionsplan","hitzeschutz-hitzeaktionsplan","","","Klima- und Gesundheitsbegriff","WÖk-Präzisierungsbegriff",["WÖk-eigener Begriff"]
"hitzestress","Hitzestress","hitzestress","","","Klima- und Gesundheitsbegriff","WÖk-Präzisierungsbegriff",["WÖk-eigener Begriff"]
"hochspannung","Hochspannung","hochspannung","","","Batterien, Ladeinfrastruktur, Netzanschluss und Energiespeicher","Anschlussbegriff",["Klimawissenschaft","Recht","Management","Design / Innovation"]
"hochwasserrisiko","Hochwasserrisiko","hochwasserrisiko","","","Klima- und Risikobegriff","WÖk-Präzisierungsbegriff",["WÖk-eigener Begriff"]
"hoechstspannung","Höchstspannung","hoechstspannung","","","Batterien, Ladeinfrastruktur, Netzanschluss und Energiespeicher","Anschlussbegriff",["Klimawissenschaft","Recht","Management","Design / Innovation"]
"homo-oeconomicus","Homo oeconomicus","homo-oeconomicus","","","Liberalismus, Libertarismus, Neoklassik und Marktbegriffe","Anschlussbegriff",["Ökonomie","Philosophie","Politische Theorie","Soziologie","WÖk-eigener Begriff"]
"host-wirkungsscore","Host-Wirkungsscore","host-wirkungsscore","","","Messbegriff","WÖk-Präzisierungsbegriff",["WÖk-eigener Begriff"]
"hotspot-analyse","Hotspot-Analyse","hotspot-analyse","","","Methodenbegriff","WÖk-Präzisierungsbegriff",["WÖk-eigener Begriff"]
"hpc-charger","HPC-Charger","hpc-charger","","","Batterien, Ladeinfrastruktur, Netzanschluss und Energiespeicher","Anschlussbegriff",["Klimawissenschaft","Recht","Management","Design / Innovation"]
"human-rights-due-diligence","Human Rights Due Diligence / HRDD","human-rights-due-diligence","","","Menschenrechts- und Lieferkettenbegriff","WÖk-Präzisierungsbegriff",["WÖk-eigener Begriff"]
"human-rights-impact-assessment","Human Rights Impact Assessment / HRIA","human-rights-impact-assessment","","","Menschenrechts- und Methodenbegriff","WÖk-Präzisierungsbegriff",["WÖk-eigener Begriff"]
"humusaufbau","Humusaufbau","humusaufbau","","","Boden- und Landwirtschaftsbegriff","WÖk-Präzisierungsbegriff",["WÖk-eigener Begriff"]
"hunger-hungerbekaempfung","Hunger / Hungerbekämpfung","hunger-hungerbekaempfung","","","SDG- und Ernährungssystembegriff","WÖk-Präzisierungsbegriff",["WÖk-eigener Begriff"]
"hybridregime","Hybridregime","hybridregime","","","Faschismus, faschistoid und autoritäre Wirkungsrisiken","Anschlussbegriff",["Politische Theorie","Soziologie","Recht","Psychologie"]
"hydrologischer-kreislauf","Hydrologischer Kreislauf","hydrologischer-kreislauf","","","Wasser- und Systembegriff","WÖk-Präzisierungsbegriff",["WÖk-eigener Begriff"]
"hydrometallurgie","Hydrometallurgie","hydrometallurgie","","","Batterien, Ladeinfrastruktur, Netzanschluss und Energiespeicher","Anschlussbegriff",["Klimawissenschaft","Recht","Management","Design / Innovation"]
"identitaetsschutz","Identitätsschutz / identitätsschützendes Denken","identitaetsschutz","","","Psychologische und systemische Wirkmechanismen","WÖk-Präzisierungsbegriff",["WÖk-eigener Begriff"]
"idgs","IDGs","idgs","","","Grundbegriff","WÖk-Präzisierungsbegriff",["WÖk-eigener Begriff"]
"illiberale-demokratie","Illiberale Demokratie","illiberale-demokratie","","","Demokratie, Rechtsstaat und demokratische Wirkungsarchitektur","Anschlussbegriff",["Politische Theorie","Soziologie","Recht","Psychologie","Medienwissenschaft","WÖk-eigener Begriff"]
"ilo","ILO","ilo","","","Datenbegriff","WÖk-Präzisierungsbegriff",["WÖk-eigener Begriff"]
"ilo-kernarbeitsnormen","ILO-Kernarbeitsnormen","ilo-kernarbeitsnormen","","","Datenbegriff","WÖk-Präzisierungsbegriff",["WÖk-eigener Begriff"]
"immanuel-kant","Immanuel Kant","immanuel-kant","","","Vordenker:innen und Bezugslinien","Vordenker-/Bezugslinienbegriff",["WÖk-eigener Begriff"]
"impact-fit","Impact Fit","impact-fit","","","Design, Geschäftsmodelle und Wertversprechen","WÖk-Kernbegriff",["WÖk-eigener Begriff"]
"impact-value","Impact Value / Wirkungswert","impact-value","","","Management, Wirksamkeit und Organisation","WÖk-Präzisierungsbegriff",["WÖk-eigener Begriff"]
"impact-washing","Impact-Washing","impact-washing","015","Marketing-, Kommunikations- & Vertrauenslogik","Wirkung, Kommunikation & Missbrauchsschutz","WÖk-Präzisierungsbegriff / Risiko- und Washingbegriff",["WÖk-eigener Begriff"]
"industrielle-dekonstruktion","Industrielle Dekonstruktion","industrielle-dekonstruktion","","","Kreislaufwirtschaft, Circular Design und Materialkreisläufe","Anschlussbegriff",["Design / Innovation","Klimawissenschaft","Management"]
"inertia","Inertia / Trägheit","inertia","","","Energie, Strommarkt und Systemkosten","Anschlussbegriff",["Klimawissenschaft","Ökonomie","Recht"]
"informationsasymmetrie","Informationsasymmetrie","informationsasymmetrie","","","Liberalismus, Libertarismus, Neoklassik und Marktbegriffe","Anschlussbegriff",["Ökonomie","Philosophie","Politische Theorie","Soziologie","WÖk-eigener Begriff"]
"informationsintegritaet","Informationsintegrität","informationsintegritaet","","","Demokratie, Rechtsstaat und demokratische Wirkungsarchitektur","Anschlussbegriff",["Politische Theorie","Recht","Soziologie","Medienwissenschaft","WÖk-eigener Begriff"]
"informationsueberlastung","Informationsüberlastung","informationsueberlastung","","","Neuropsychologische Wirkmechanismen","Anschlussbegriff",["Psychologie","Konstruktivismus"]
"ingroup-outgroup-dynamik","In-Group / Out-Group-Dynamik","ingroup-outgroup-dynamik","","","Psychologische und systemische Wirkmechanismen","WÖk-Präzisierungsbegriff",["WÖk-eigener Begriff"]
"innere-loops","Innere Loops","innere-loops","","","Kreislaufwirtschaft, Circular Design und Materialkreisläufe","Anschlussbegriff",["Design / Innovation","Klimawissenschaft","Management"]
"innovation","Innovation","innovation","","","Innovation, Evolution und Unternehmertum","Anschlussbegriff",["WÖk-eigener Begriff"]
"innovativer-unternehmer","Innovativer Unternehmer","innovativer-unternehmer","","","Innovation, Evolution und Unternehmertum","Quellen-/Bezugslinienbegriff",["WÖk-eigener Begriff"]
"insetting","Insetting","insetting","","","Datenbegriff","WÖk-Präzisierungsbegriff",["WÖk-eigener Begriff"]
"inside-out-outside-in","Inside-out / Outside-in","inside-out-outside-in","","","Datenbegriff","WÖk-Präzisierungsbegriff",["WÖk-eigener Begriff"]
"institutioneller-rassismus","Institutioneller Rassismus","institutioneller-rassismus","","","Akteure, Einfluss, Ideologien und demokratische Wirkungsräume","Anschlussbegriff",["Politische Theorie","Soziologie","Recht","Psychologie","Ökonomie","WÖk-eigener Begriff"]
"institutionendelegitimierung","Institutionendelegitimierung","institutionendelegitimierung","","","Demokratie, Rechtsstaat und demokratische Wirkungsarchitektur","Anschlussbegriff",["Recht","Politische Theorie","Soziologie","WÖk-eigener Begriff","Medienwissenschaft"]
"institutionenkritik","Institutionenkritik","institutionenkritik","","","Demokratie, Rechtsstaat und demokratische Wirkungsarchitektur","Anschlussbegriff",["Recht","Politische Theorie","Soziologie","WÖk-eigener Begriff","Medienwissenschaft"]
"interdependenz","Interdependenz","interdependenz","","","Psychologische und systemische Wirkmechanismen","WÖk-Präzisierungsbegriff",["WÖk-eigener Begriff"]
"interessenkonflikt","Interessenkonflikt","interessenkonflikt","","","Akteure, Einfluss, Ideologien und demokratische Wirkungsräume","Anschlussbegriff",["Politische Theorie","Soziologie","Recht","Psychologie","Ökonomie","WÖk-eigener Begriff"]
"interessenvertretung","Interessenvertretung","interessenvertretung","","","Akteure, Einfluss, Ideologien und demokratische Wirkungsräume","Anschlussbegriff",["Politische Theorie","Soziologie","Recht","Psychologie","Ökonomie","WÖk-eigener Begriff"]
"intersektionalitaet","Intersektionalität","intersektionalitaet","","","Feminismus, feministische Ökonomie und Care-Wirkung","WÖk-Präzisierungsbegriff",["WÖk-eigener Begriff","Ökonomie","Soziologie","Philosophie","Politische Theorie"]
"intertemporale-freiheit","Intertemporale Freiheit","intertemporale-freiheit","","","Akteure, Einfluss, Ideologien und demokratische Wirkungsräume","Anschlussbegriff",["Politische Theorie","Soziologie","Recht","Psychologie","Ökonomie","WÖk-eigener Begriff"]
"ipbes","IPBES","ipbes","","","Datenbegriff","WÖk-Präzisierungsbegriff",["WÖk-eigener Begriff"]
"ipcc","IPCC","ipcc","","","Datenbegriff","WÖk-Präzisierungsbegriff",["WÖk-eigener Begriff"]
"iro","IRO / Impacts, Risks and Opportunities","iro","","","Datenbegriff","WÖk-Präzisierungsbegriff",["WÖk-eigener Begriff"]
"iso-14040-14044","ISO 14040 / ISO 14044","iso-14040-14044","","","Datenbegriff","WÖk-Präzisierungsbegriff",["WÖk-eigener Begriff"]
"issb-ifrs-s1-s2","ISSB / IFRS S1 und IFRS S2","issb-ifrs-s1-s2","","","Datenbegriff","WÖk-Präzisierungsbegriff",["WÖk-eigener Begriff"]
"jobs-to-be-done","Jobs-to-be-Done","jobs-to-be-done","","","Design, Geschäftsmodelle und Wertversprechen","Methodenbegriff",["WÖk-eigener Begriff"]
"jochen-roepke","Jochen Röpke","jochen-roepke","","","Vordenker:innen und Bezugslinien","Vordenker-/Bezugslinienbegriff",["WÖk-eigener Begriff"]
"john-maynard-keynes","John Maynard Keynes","john-maynard-keynes","","","Vordenker:innen und Bezugslinien","Vordenker-/Bezugslinienbegriff",["WÖk-eigener Begriff"]
"joseph-schumpeter","Joseph A. Schumpeter","joseph-schumpeter","","","Vordenker:innen und Bezugslinien","Vordenker-/Bezugslinienbegriff",["WÖk-eigener Begriff"]
"just-transition-mechanism","Just Transition Mechanism","just-transition-mechanism","","","Datenbegriff","WÖk-Präzisierungsbegriff",["WÖk-eigener Begriff"]
"kannibalisierungseffekt","Kannibalisierungseffekt","kannibalisierungseffekt","","","Energie, Strommarkt und Systemkosten","Anschlussbegriff",["Klimawissenschaft","Ökonomie","Recht"]
"kapazitaetsmarkt","Kapazitätsmarkt","kapazitaetsmarkt","","","Energie, Strommarkt und Systemkosten","Anschlussbegriff",["Klimawissenschaft","Ökonomie","Recht"]
"kapazitaetsreserve","Kapazitätsreserve","kapazitaetsreserve","","","Energie, Strommarkt und Systemkosten","Methodenbegriff",["Klimawissenschaft","Ökonomie","Recht"]
"kapital","Kapital","kapital","","","Kapital, Markt und Eigentum","WÖk-Präzisierungsbegriff",["WÖk-eigener Begriff"]
"kapital-als-machtverhaeltnis","Kapital als Machtverhältnis","kapital-als-machtverhaeltnis","","","Kapital, Markt und Eigentum","Anschlussbegriff",["WÖk-eigener Begriff"]
"kapital-als-werkzeug","Kapital als Werkzeug","kapital-als-werkzeug","","","Kapital, Markt und Eigentum","WÖk-Präzisierungsbegriff",["WÖk-eigener Begriff"]
"kapitalfluss","Kapitalfluss","kapitalfluss","","","Kapital, Markt und Eigentum","WÖk-Präzisierungsbegriff",["WÖk-eigener Begriff"]
"kapitalismus","Kapitalismus","kapitalismus","","","Wirtschaftssysteme, Kapitalmythen und Verteilungslogiken","Wirtschaftssystem / Gesellschaftsmodell",["Ökonomie","Politische Theorie","Soziologie"]
"kapitalrendite","Kapitalrendite","kapitalrendite","","","Kapital, Markt und Eigentum","Anschlussbegriff",["WÖk-eigener Begriff"]
"kapitalwirkung","Kapitalwirkung","kapitalwirkung","011","Kapital, Fonds & Versicherbarkeit nach Wirkung","Kapital, Finanzierung & Wirkungsökonomie","WÖk-Prägungsbegriff / Kapitalbegriff",["WÖk-eigener Begriff"]
"karl-marx","Karl Marx","karl-marx","","","Vordenker:innen und Bezugslinien","Vordenker-/Bezugslinienbegriff",["WÖk-eigener Begriff"]
"karl-polanyi","Karl Polanyi","karl-polanyi","","","Vordenker:innen und Bezugslinien","Vordenker-/Bezugslinienbegriff",["WÖk-eigener Begriff"]
"kaskadennutzung","Kaskadennutzung","kaskadennutzung","","","Kreislaufwirtschaft, Circular Design und Materialkreisläufe","Anschlussbegriff",["Design / Innovation","Klimawissenschaft","Management"]
"kernenergie","Kernenergie","kernenergie","","","Energie, Strommarkt und Systemkosten","Anschlussbegriff",["Klimawissenschaft","Ökonomie","Recht"]
"ki-governance","KI-Governance","ki-governance","018","Digitalisierungs-, KI- & Wirkungsdatenraumlogik","Daten, Digitalisierung und KI","WÖk-Präzisierungsbegriff",["WÖk-eigener Begriff"]
"ki-und-arbeit","KI und Arbeit","ki-und-arbeit","","","Anschlussbegriff","Themen- und Anschlussbegriff",["Online-Buch Kapitel 56-58","Arbeitspapiere Einkommen und Rente"]
"kii","KII","kii","012","Unternehmen, Führung & Wirkungskompetenz","Kennzahlen, Controlling & Unternehmenssteuerung","WÖk-Präzisierungsbegriff / Kennzahlenbegriff","Glossar-Pack 012"
"kipppunkt","Kipppunkt / Schwellenwert","kipppunkt","","","Psychologische und systemische Wirkmechanismen","Anschlussbegriff",["WÖk-eigener Begriff"]
"kipppunkt-systemschwelle","Kipppunkt / Systemschwelle","kipppunkt-systemschwelle","","","anschlussbegriff","WÖk-Präzisierungsbegriff",["WÖk-eigener Begriff"]
"klassischer-liberalismus","Klassischer Liberalismus","klassischer-liberalismus","","","Liberalismus, Libertarismus, Neoklassik und Marktbegriffe","Anschlussbegriff",["Ökonomie","Philosophie","Politische Theorie","Soziologie","WÖk-eigener Begriff"]
"kleptokratie","Kleptokratie","kleptokratie","","","Autokratien, Regimeformen und demokratische Erosion","Anschlussbegriff",["Politische Theorie","Soziologie","Recht"]
"klimaanpassung","Klimaanpassung / Adaptation","klimaanpassung","","","Klima, Lebenszyklus und ökologische Wirkung","Anschlussbegriff",["WÖk-eigener Begriff"]
"klimafolgeschaeden","Klimafolgeschäden / Loss and Damage","klimafolgeschaeden","","","Klima, Lebenszyklus und ökologische Wirkung","Anschlussbegriff",["WÖk-eigener Begriff"]
"klimagerechtigkeit","Klimagerechtigkeit","klimagerechtigkeit","","","anschlussbegriff","WÖk-Präzisierungsbegriff",["WÖk-eigener Begriff"]
"klimaneutralitaet","Klimaneutralität","klimaneutralitaet","","","Datenbegriff","WÖk-Präzisierungsbegriff",["WÖk-eigener Begriff"]
"klimarisiko","Klimarisiko","klimarisiko","","","Klima, Lebenszyklus und ökologische Wirkung","Anschlussbegriff",["WÖk-eigener Begriff"]
"klimaschutz","Klimaschutz / Mitigation","klimaschutz","","","Klima, Lebenszyklus und ökologische Wirkung","Anschlussbegriff",["WÖk-eigener Begriff"]
"klimawandel","Klimawandel","klimawandel","","","Klima, Lebenszyklus und ökologische Wirkung","Anschlussbegriff",["WÖk-eigener Begriff"]
"knappheit","Knappheit","knappheit","","","Liberalismus, Libertarismus, Neoklassik und Marktbegriffe","Anschlussbegriff",["Ökonomie","Philosophie","Politische Theorie","Soziologie","WÖk-eigener Begriff"]
"koerperliche-selbstbestimmung","Körperliche Selbstbestimmung","koerperliche-selbstbestimmung","","","Feminismus, feministische Ökonomie und Care-Wirkung","WÖk-Präzisierungsbegriff",["Ökonomie","Soziologie","Philosophie","Politische Theorie","WÖk-eigener Begriff"]
"kognitive-belastung","Kognitive Belastung","kognitive-belastung","","","Neuropsychologische Wirkmechanismen","Anschlussbegriff",["Psychologie","Konstruktivismus"]
"kognitive-dissonanz","Kognitive Dissonanz","kognitive-dissonanz","","","Psychologische und systemische Wirkmechanismen","WÖk-Präzisierungsbegriff",["WÖk-eigener Begriff"]
"kohaerenz","Kohärenz","kohaerenz","","","Psychologische und systemische Wirkmechanismen","WÖk-Präzisierungsbegriff",["WÖk-eigener Begriff"]
"kohlekraftwerk","Kohlekraftwerk","kohlekraftwerk","","","Energie, Strommarkt und Systemkosten","Anschlussbegriff",["Klimawissenschaft","Ökonomie","Recht"]
"kommunale-energie","Kommunale Energie","kommunale-energie","","","Energie, Strommarkt und Systemkosten","WÖk-Präzisierungsbegriff",["Klimawissenschaft","Ökonomie","Recht"]
"kommunismus","Kommunismus","kommunismus","","","Wirtschaftssysteme, Kapitalmythen und Verteilungslogiken","Wirtschaftssystem / Gesellschaftsmodell",["Ökonomie","Politische Theorie","Soziologie"]
"kommunistischer-staat","Kommunistischer Staat","kommunistischer-staat","","","Staat, Regierung, Verwaltung und Gesellschaft","Hinweisbegriff / Präzisierungsbegriff",["Recht","Politische Theorie","Soziologie","WÖk-eigener Begriff"]
"komplexitaetsmanagement","Komplexitätsmanagement","komplexitaetsmanagement","","","Management, Wirksamkeit und Organisation","Anschlussbegriff",["WÖk-eigener Begriff"]
"komponentenrueckgewinnung","Komponentenrückgewinnung","komponentenrueckgewinnung","","","Kreislaufwirtschaft, Circular Design und Materialkreisläufe","Anschlussbegriff",["Design / Innovation","Klimawissenschaft","Management"]
"kompostierung","Kompostierung","kompostierung","","","Kreislaufwirtschaft, Circular Design und Materialkreisläufe","Anschlussbegriff",["Design / Innovation","Klimawissenschaft","Management"]
"kondratieff-zyklus","Kondratieff-Zyklus","kondratieff-zyklus","","","Innovation, Evolution und Unternehmertum","Quellen-/Bezugslinienbegriff",["WÖk-eigener Begriff"]
"konservativ","Konservativ","konservativ","","","Akteure, Einfluss, Ideologien und demokratische Wirkungsräume","Anschlussbegriff",["Politische Theorie","Soziologie","Recht","Psychologie","Ökonomie","WÖk-eigener Begriff"]
"konservative-annahme","Konservative Annahme","konservative-annahme","","","Datenbegriff","WÖk-Präzisierungsbegriff",["WÖk-eigener Begriff"]
"konstruktives-narrativ","Konstruktives Narrativ","konstruktives-narrativ","","","Psychologische und systemische Wirkmechanismen","WÖk-Präzisierungsbegriff",["WÖk-eigener Begriff"]
"konsumentensouveraenitaet","Konsumentensouveränität","konsumentensouveraenitaet","","","Liberalismus, Libertarismus, Neoklassik und Marktbegriffe","Anschlussbegriff",["Ökonomie","Philosophie","Politische Theorie","Soziologie","WÖk-eigener Begriff"]
"konzessionsabgabe","Konzessionsabgabe","konzessionsabgabe","","","Energie, Strommarkt und Systemkosten","Anschlussbegriff",["Klimawissenschaft","Ökonomie","Recht"]
"kooperationslogik","Kooperationslogik","kooperationslogik","","","Feminismus, feministische Ökonomie und Care-Wirkung","WÖk-Präzisierungsbegriff",["Ökonomie","Soziologie","Philosophie","Politische Theorie","WÖk-eigener Begriff"]
"kosten-des-nicht-handelns","Kosten des Nicht-Handelns","kosten-des-nicht-handelns","","","grundbegriff","WÖk-Präzisierungsbegriff",["WÖk-eigener Begriff"]
"kraft-waerme-kopplung","Kraft-Wärme-Kopplung","kraft-waerme-kopplung","","","Energie, Strommarkt und Systemkosten","Anschlussbegriff",["Klimawissenschaft","Ökonomie","Recht"]
"krankheitssystem","Krankheitssystem","krankheitssystem","","","Gesundheit & Leben","WÖk-Präzisierungsbegriff",["WÖk-eigener Begriff","Public Health","One Health"]
"kreative-rekonstruktion","Kreative Rekonstruktion","kreative-rekonstruktion","","","Innovation, Evolution und Unternehmertum","WÖk-Kernbegriff",["WÖk-eigener Begriff"]
"kreislaufblindheit","Kreislaufblindheit","kreislaufblindheit","","","Kreislaufwirtschaft, Circular Design und Materialkreisläufe","Anschlussbegriff",["Design / Innovation","Klimawissenschaft","Management"]
"kreislauffaehigkeit","Kreislauffähigkeit","kreislauffaehigkeit","","","Kreislaufwirtschaft, Circular Design und Materialkreisläufe","Anschlussbegriff",["Design / Innovation","Klimawissenschaft","Management"]
"kreislaufgrad","Kreislaufgrad","kreislaufgrad","","","Kreislaufwirtschaft, Circular Design und Materialkreisläufe","Anschlussbegriff",["Design / Innovation","Klimawissenschaft","Management"]
"kreislaufwirkung","Kreislaufwirkung","kreislaufwirkung","","","Kreislaufwirtschaft, Circular Design und Materialkreisläufe","Anschlussbegriff",["Design / Innovation","Klimawissenschaft","Management"]
"kreislaufwirtschaft","Kreislaufwirtschaft","kreislaufwirtschaft","","","Kreislaufwirtschaft, Circular Design und Materialkreisläufe","WÖk-Präzisierungsbegriff",["Design / Innovation","Klimawissenschaft","Management"]
"kritische-energieinfrastruktur","Kritische Energieinfrastruktur","kritische-energieinfrastruktur","","","Energie, Strommarkt und Systemkosten","Anschlussbegriff",["Klimawissenschaft","Ökonomie","Recht"]
"kritische-rohstoffe","Kritische Rohstoffe","kritische-rohstoffe","","","Batterien, Ladeinfrastruktur, Netzanschluss und Energiespeicher","Anschlussbegriff",["Klimawissenschaft","Recht","Management","Design / Innovation"]
"kuenstliche-intelligenz","Künstliche Intelligenz","kuenstliche-intelligenz","","","Daten, Digitalisierung und KI","WÖk-Präzisierungsbegriff",["WÖk-eigener Begriff"]
"kundenanlage","Kundenanlage","kundenanlage","","","Batterien, Ladeinfrastruktur, Netzanschluss und Energiespeicher","Anschlussbegriff",["Klimawissenschaft","Recht","Management","Design / Innovation"]
"kundennutzen","Kundennutzen","kundennutzen","","","Management, Wirksamkeit und Organisation","Anschlussbegriff",["WÖk-eigener Begriff"]
"kurzzeitspeicher","Kurzzeitspeicher","kurzzeitspeicher","","","Energie, Strommarkt und Systemkosten","Anschlussbegriff",["Klimawissenschaft","Ökonomie","Recht"]
"kybernetik","Kybernetik","kybernetik","","","Systemtheorie, Kybernetik und Konstruktivismus","Anschlussbegriff",["WÖk-eigener Begriff"]
"kybernetik-zweiter-ordnung","Kybernetik zweiter Ordnung","kybernetik-zweiter-ordnung","","","Systemtheorie, Kybernetik und Konstruktivismus","Anschlussbegriff",["WÖk-eigener Begriff"]
"ladeeinrichtung","Ladeeinrichtung","ladeeinrichtung","","","Batterien, Ladeinfrastruktur, Netzanschluss und Energiespeicher","Anschlussbegriff",["Klimawissenschaft","Recht","Management","Design / Innovation"]
"ladehub","Ladehub","ladehub","","","Batterien, Ladeinfrastruktur, Netzanschluss und Energiespeicher","Anschlussbegriff",["Klimawissenschaft","Recht","Management","Design / Innovation"]
"ladeinfrastruktur","Ladeinfrastruktur","ladeinfrastruktur","","","Batterien, Ladeinfrastruktur, Netzanschluss und Energiespeicher","Anschlussbegriff",["Klimawissenschaft","Recht","Management","Design / Innovation"]
"ladeleistung","Ladeleistung","ladeleistung","","","Batterien, Ladeinfrastruktur, Netzanschluss und Energiespeicher","Anschlussbegriff",["Klimawissenschaft","Recht","Management","Design / Innovation"]
"ladepark","Ladepark","ladepark","","","Batterien, Ladeinfrastruktur, Netzanschluss und Energiespeicher","Anschlussbegriff",["Klimawissenschaft","Recht","Management","Design / Innovation"]
"ladepark-mittelspannungsanschluss","Ladepark-Mittelspannungsanschluss","ladepark-mittelspannungsanschluss","","","Batterien, Ladeinfrastruktur, Netzanschluss und Energiespeicher","Methodenbegriff",["Klimawissenschaft","Recht","Management","Design / Innovation"]
"ladepunkt","Ladepunkt","ladepunkt","","","Batterien, Ladeinfrastruktur, Netzanschluss und Energiespeicher","Anschlussbegriff",["Klimawissenschaft","Recht","Management","Design / Innovation"]
"ladepunktbetreiber","Ladepunktbetreiber / CPO","ladepunktbetreiber","","","Batterien, Ladeinfrastruktur, Netzanschluss und Energiespeicher","Anschlussbegriff",["Klimawissenschaft","Recht","Management","Design / Innovation"]
"ladesaeule","Ladesäule","ladesaeule","","","Batterien, Ladeinfrastruktur, Netzanschluss und Energiespeicher","Anschlussbegriff",["Klimawissenschaft","Recht","Management","Design / Innovation"]
"laffer-kurve","Laffer-Kurve","laffer-kurve","","","Liberalismus, Libertarismus, Neoklassik und Marktbegriffe","Anschlussbegriff",["Ökonomie","Philosophie","Politische Theorie","Soziologie","WÖk-eigener Begriff"]
"langzeitspeicher","Langzeitspeicher","langzeitspeicher","","","Energie, Strommarkt und Systemkosten","Anschlussbegriff",["Klimawissenschaft","Ökonomie","Recht"]
"lastgang","Lastgang","lastgang","","","Energie, Strommarkt und Systemkosten","Anschlussbegriff",["Klimawissenschaft","Ökonomie","Recht"]
"lastmanagement","Lastmanagement","lastmanagement","","","Energie, Strommarkt und Systemkosten","Anschlussbegriff",["Klimawissenschaft","Ökonomie","Recht"]
"lca","LCA / Life Cycle Assessment","lca","","","Datenbegriff","WÖk-Präzisierungsbegriff",["WÖk-eigener Begriff"]
"lebensform","Lebensform","lebensform","","","Sprache, Wirklichkeit und Kommunikation","Anschlussbegriff",["WÖk-eigener Begriff"]
"lebenswirkung","Lebenswirkung","lebenswirkung","","","Praxisbegriff","WÖk-Präzisierungsbegriff",["Online-Buch Kapitel 56-58","Arbeitspapiere Einkommen und Rente"]
"lebenszyklusanalyse","Lebenszyklusanalyse / LCA","lebenszyklusanalyse","","","Klima, Lebenszyklus und ökologische Wirkung","Methodenbegriff",["WÖk-eigener Begriff"]
"lebenszyklusinventar","Lebenszyklusinventar / LCI","lebenszyklusinventar","","","Klima, Lebenszyklus und ökologische Wirkung","Methodenbegriff",["WÖk-eigener Begriff"]
"lebenszykluswirkungsabschaetzung","Lebenszykluswirkungsabschätzung / LCIA","lebenszykluswirkungsabschaetzung","","","Klima, Lebenszyklus und ökologische Wirkung","Methodenbegriff",["WÖk-eigener Begriff"]
"legalitaet","Legalität","legalitaet","","","Demokratie, Rechtsstaat und demokratische Wirkungsarchitektur","Anschlussbegriff",["Politische Theorie","Recht","Soziologie","Medienwissenschaft","WÖk-eigener Begriff"]
"legislative-footprint","Legislative Footprint","legislative-footprint","","","Akteure, Einfluss, Ideologien und demokratische Wirkungsräume","Methodenbegriff",["Politische Theorie","Soziologie","Recht","Psychologie","Ökonomie","WÖk-eigener Begriff"]
"legitimer-lobbyismus","Legitimer Lobbyismus","legitimer-lobbyismus","","","Akteure, Einfluss, Ideologien und demokratische Wirkungsräume","Anschlussbegriff",["Politische Theorie","Soziologie","Recht","Psychologie","Ökonomie","WÖk-eigener Begriff"]
"legitimitaet","Legitimität","legitimitaet","","","Demokratie, Rechtsstaat und demokratische Wirkungsarchitektur","Anschlussbegriff",["Politische Theorie","Recht","Soziologie","Medienwissenschaft","WÖk-eigener Begriff"]
"leistungsdichte","Leistungsdichte","leistungsdichte","","","Batterien, Ladeinfrastruktur, Netzanschluss und Energiespeicher","Anschlussbegriff",["Klimawissenschaft","Recht","Management","Design / Innovation"]
"leistungsfaktor","Leistungsfaktor","leistungsfaktor","","","Batterien, Ladeinfrastruktur, Netzanschluss und Energiespeicher","Anschlussbegriff",["Klimawissenschaft","Recht","Management","Design / Innovation"]
"leistungspreis","Leistungspreis","leistungspreis","","","Batterien, Ladeinfrastruktur, Netzanschluss und Energiespeicher","Anschlussbegriff",["Klimawissenschaft","Recht","Management","Design / Innovation"]
"lernebenen","Lernebenen","lernebenen","","","Innovation, Evolution und Unternehmertum","Quellen-/Bezugslinienbegriff",["WÖk-eigener Begriff"]
"lernender-unternehmer","Lernender Unternehmer","lernender-unternehmer","","","Innovation, Evolution und Unternehmertum","Quellen-/Bezugslinienbegriff",["WÖk-eigener Begriff"]
"lfp-batterie","LFP-Batterie","lfp-batterie","","","Batterien, Ladeinfrastruktur, Netzanschluss und Energiespeicher","Anschlussbegriff",["Klimawissenschaft","Recht","Management","Design / Innovation"]
"liability-risk","Liability Risk","liability-risk","","","Datenbegriff","WÖk-Präzisierungsbegriff",["WÖk-eigener Begriff"]
"liberale-demokratie","Liberale Demokratie","liberale-demokratie","","","Demokratie, Rechtsstaat und demokratische Wirkungsarchitektur","Anschlussbegriff",["Politische Theorie","Recht","Soziologie","Medienwissenschaft","WÖk-eigener Begriff"]
"liberalismus","Liberalismus","liberalismus","","","Liberalismus, Libertarismus, Neoklassik und Marktbegriffe","Wirtschaftssystem / Gesellschaftsmodell",["Ökonomie","Philosophie","Politische Theorie","Soziologie","WÖk-eigener Begriff"]
"libertarismus","Libertarismus","libertarismus","","","Liberalismus, Libertarismus, Neoklassik und Marktbegriffe","Wirtschaftssystem / Gesellschaftsmodell",["Ökonomie","Philosophie","Politische Theorie","Soziologie","WÖk-eigener Begriff"]
"lieferantenbewertung","Lieferantenbewertung","lieferantenbewertung","013","Lieferketten-, Beschaffungs- und Produktionslogik","Lieferanten, Beschaffung & Wirkungscontrolling","WÖk-Präzisierungsbegriff / Bewertungs- und Steuerungsbegriff","Glossar-Pack 013"
"lieferkettendaten","Lieferkettendaten","lieferkettendaten","","","Datenbegriff","WÖk-Präzisierungsbegriff",["WÖk-eigener Begriff"]
"lieferkettenwirkung","Lieferkettenwirkung","lieferkettenwirkung","013","Lieferketten-, Beschaffungs- und Produktionslogik","Lieferketten, Wertschöpfung & Produktwirkung","WÖk-Präzisierungsbegriff / Lieferkettenbegriff","Glossar-Pack 013"
"limited-assurance","Limited Assurance","limited-assurance","","","Datenbegriff","WÖk-Präzisierungsbegriff",["WÖk-eigener Begriff"]
"lineare-wirtschaft","Lineare Wirtschaft","lineare-wirtschaft","","","Kreislaufwirtschaft, Circular Design und Materialkreisläufe","Anschlussbegriff",["Design / Innovation","Klimawissenschaft","Management"]
"linker-faschismus","Linker Faschismus","linker-faschismus","","","Faschismus, faschistoid und autoritäre Wirkungsrisiken","Warnhinweis / umstrittener Begriff",["Politische Theorie","Soziologie","Recht","Psychologie"]
"links-politisch","Links","links-politisch","","","Akteure, Einfluss, Ideologien und demokratische Wirkungsräume","Anschlussbegriff",["Politische Theorie","Soziologie","Recht","Psychologie","Ökonomie","WÖk-eigener Begriff"]
"linksextremismus","Linksextremismus","linksextremismus","","","Akteure, Einfluss, Ideologien und demokratische Wirkungsräume","Anschlussbegriff",["Politische Theorie","Soziologie","Recht","Psychologie","Ökonomie","WÖk-eigener Begriff"]
"lithium-ionen-batterie","Lithium-Ionen-Batterie","lithium-ionen-batterie","","","Batterien, Ladeinfrastruktur, Netzanschluss und Energiespeicher","Anschlussbegriff",["Klimawissenschaft","Recht","Management","Design / Innovation"]
"lithium-titanat-batterie","Lithium-Titanat-Batterie / LTO","lithium-titanat-batterie","","","Batterien, Ladeinfrastruktur, Netzanschluss und Energiespeicher","Anschlussbegriff",["Klimawissenschaft","Recht","Management","Design / Innovation"]
"lksg","LkSG / Lieferkettensorgfaltspflichtengesetz","lksg","","","Datenbegriff","WÖk-Präzisierungsbegriff",["WÖk-eigener Begriff"]
"lobbyismus","Lobbyismus","lobbyismus","","","Akteure, Einfluss, Ideologien und demokratische Wirkungsräume","Anschlussbegriff",["Politische Theorie","Soziologie","Recht","Psychologie","Ökonomie","WÖk-eigener Begriff"]
"lobbyregister","Lobbyregister","lobbyregister","","","Akteure, Einfluss, Ideologien und demokratische Wirkungsräume","Anschlussbegriff",["Politische Theorie","Soziologie","Recht","Psychologie","Ökonomie","WÖk-eigener Begriff"]
"lock-in-pfadabhaengigkeit","Lock-in / Pfadabhängigkeit","lock-in-pfadabhaengigkeit","","","anschlussbegriff","WÖk-Präzisierungsbegriff",["WÖk-eigener Begriff"]
"lokale-energie-als-wirkungsinfrastruktur","Lokale Energie als Wirkungsinfrastruktur","lokale-energie-als-wirkungsinfrastruktur","","","","",["Wirkungsökonomie","Energiepolitik","Daseinsvorsorge"]
"ludwig-wittgenstein","Ludwig Wittgenstein","ludwig-wittgenstein","","","Vordenker:innen und Bezugslinien","Vordenker-/Bezugslinienbegriff",["WÖk-eigener Begriff"]
"macht-und-gewalt","Macht und Gewalt","macht-und-gewalt","","","Hannah Arendt und politische Wirkungsbegriffe","Anschlussbegriff",["Philosophie","Politische Theorie","Soziologie"]
"machtbegrenzung","Machtbegrenzung","machtbegrenzung","","","Demokratie, Rechtsstaat und demokratische Wirkungsarchitektur","Anschlussbegriff",["Politische Theorie","Recht","Soziologie","Medienwissenschaft","WÖk-eigener Begriff"]
"machtdezentralisierung","Machtdezentralisierung","machtdezentralisierung","","","Feminismus, feministische Ökonomie und Care-Wirkung","WÖk-Präzisierungsbegriff",["Ökonomie","Soziologie","Philosophie","Politische Theorie","WÖk-eigener Begriff"]
"machtkonzentration","Machtkonzentration","machtkonzentration","","","Wirtschaftssysteme, Kapitalmythen und Verteilungslogiken","WÖk-Präzisierungsbegriff",["Ökonomie","Politische Theorie","Soziologie"]
"maja-goepel","Maja Göpel","maja-goepel","","","Vordenker:innen und Bezugslinien","Vordenker-/Bezugslinienbegriff",["WÖk-eigener Begriff"]
"majoritarismus","Majoritarismus","majoritarismus","","","Demokratie, Rechtsstaat und demokratische Wirkungsarchitektur","Anschlussbegriff",["Politische Theorie","Recht","Soziologie","Medienwissenschaft","WÖk-eigener Begriff"]
"management","Management","management","","","Management, Wirksamkeit und Organisation","Anschlussbegriff",["WÖk-eigener Begriff"]
"marktgleichgewicht","Marktgleichgewicht","marktgleichgewicht","","","Liberalismus, Libertarismus, Neoklassik und Marktbegriffe","Anschlussbegriff",["Ökonomie","Philosophie","Politische Theorie","Soziologie","WÖk-eigener Begriff"]
"marktmacht","Marktmacht","marktmacht","","","Liberalismus, Libertarismus, Neoklassik und Marktbegriffe","Anschlussbegriff",["Ökonomie","Philosophie","Politische Theorie","Soziologie","WÖk-eigener Begriff"]
"marktpraemie","Marktprämie","marktpraemie","","","Energie, Strommarkt und Systemkosten","Anschlussbegriff",["Klimawissenschaft","Ökonomie","Recht"]
"marktversagen","Marktversagen","marktversagen","","","Liberalismus, Libertarismus, Neoklassik und Marktbegriffe","Anschlussbegriff",["Ökonomie","Philosophie","Politische Theorie","Soziologie","WÖk-eigener Begriff"]
"marktwert","Marktwert","marktwert","","","Werte, Normativität und Bewertung","Anschlussbegriff",["WÖk-eigener Begriff"]
"marktwirtschaft","Marktwirtschaft","marktwirtschaft","","","Wirtschaftssysteme, Kapitalmythen und Verteilungslogiken","Wirtschaftssystem / Gesellschaftsmodell",["Ökonomie","Politische Theorie","Soziologie"]
"martha-nussbaum","Martha Nussbaum","martha-nussbaum","","","Vordenker:innen und Bezugslinien","Vordenker-/Bezugslinienbegriff",["WÖk-eigener Begriff"]
"maschinenleistung","Maschinenleistung","maschinenleistung","","","Steuerungsbegriff","WÖk-Präzisierungsbegriff",["Online-Buch Kapitel 56-58","Arbeitspapiere Einkommen und Rente"]
"maschinenleistungsrueckkopplung","Maschinenleistungsrückkopplung","maschinenleistungsrueckkopplung","","","Steuerungsbegriff","WÖk-Präzisierungsbegriff",["Online-Buch Kapitel 56-58","Arbeitspapiere Einkommen und Rente"]
"maschinenwertschoepfungsbeitrag","Maschinenwertschöpfungsbeitrag","maschinenwertschoepfungsbeitrag","","","Arbeit, Kapital und Transformation","WÖk-Präzisierungsbegriff",["WÖk-eigener Begriff"]
"material-footprint","Material Footprint","material-footprint","","","Datenbegriff","WÖk-Präzisierungsbegriff",["WÖk-eigener Begriff"]
"materialgesundheit","Materialgesundheit","materialgesundheit","","","Kreislaufwirtschaft, Circular Design und Materialkreisläufe","Anschlussbegriff",["Design / Innovation","Klimawissenschaft","Management"]
"materialpass","Materialpass","materialpass","","","Kreislaufwirtschaft, Circular Design und Materialkreisläufe","Anschlussbegriff",["Design / Innovation","Klimawissenschaft","Management"]
"maturana-varela","Humberto Maturana und Francisco Varela","maturana-varela","","","Vordenker:innen und Bezugslinien","Vordenker-/Bezugslinienbegriff",["WÖk-eigener Begriff"]
"medienfreiheit","Medienfreiheit","medienfreiheit","","","Demokratie, Rechtsstaat und demokratische Wirkungsarchitektur","Anschlussbegriff",["Politische Theorie","Recht","Soziologie","Medienwissenschaft","WÖk-eigener Begriff"]
"mediengleichschaltung","Mediengleichschaltung","mediengleichschaltung","","","Autokratien, Regimeformen und demokratische Erosion","Anschlussbegriff",["Politische Theorie","Soziologie","Recht"]
"medienqualitaet","Medienqualität","medienqualitaet","","","Demokratie, Rechtsstaat und demokratische Wirkungsarchitektur","Anschlussbegriff",["Politische Theorie","Recht","Soziologie","Medienwissenschaft","WÖk-eigener Begriff"]
"megawatt-charging-system","Megawatt Charging System / MCS","megawatt-charging-system","","","Batterien, Ladeinfrastruktur, Netzanschluss und Energiespeicher","Anschlussbegriff",["Klimawissenschaft","Recht","Management","Design / Innovation"]
"mehrheitsprinzip","Mehrheitsprinzip","mehrheitsprinzip","","","Demokratie, Rechtsstaat und demokratische Wirkungsarchitektur","Anschlussbegriff",["Politische Theorie","Recht","Soziologie","Medienwissenschaft","WÖk-eigener Begriff"]
"mehrwert","Mehrwert","mehrwert","","","Kapital, Markt und Eigentum","Anschlussbegriff",["WÖk-eigener Begriff"]
"meinungsfreiheit","Meinungsfreiheit","meinungsfreiheit","","","Akteure, Einfluss, Ideologien und demokratische Wirkungsräume","Anschlussbegriff",["Politische Theorie","Soziologie","Recht","Psychologie","Ökonomie","WÖk-eigener Begriff"]
"mensch-planet-demokratie","Mensch, Planet und Demokratie","mensch-planet-demokratie","","","Demokratiebegriff","WÖk-Präzisierungsbegriff",["WÖk-eigener Begriff"]
"menschenwuerde","Menschenwürde","menschenwuerde","","","Akteure, Einfluss, Ideologien und demokratische Wirkungsräume","WÖk-Präzisierungsbegriff",["Politische Theorie","Soziologie","Recht","Psychologie","Ökonomie","WÖk-eigener Begriff"]
"mental-load","Mental Load","mental-load","","","Feminismus, feministische Ökonomie und Care-Wirkung","WÖk-Präzisierungsbegriff",["Ökonomie","Soziologie","Philosophie","Politische Theorie","WÖk-eigener Begriff"]
"mentales-modell","Mentales Modell","mentales-modell","","","Neuropsychologische Wirkmechanismen","Anschlussbegriff",["Psychologie","Konstruktivismus"]
"merit-order","Merit Order","merit-order","","","Energie, Strommarkt und Systemkosten","Anschlussbegriff",["Klimawissenschaft","Ökonomie","Recht"]
"messstellenbetrieb","Messstellenbetrieb","messstellenbetrieb","","","Energie, Strommarkt und Systemkosten","Anschlussbegriff",["Klimawissenschaft","Ökonomie","Recht"]
"messwandler","Messwandler","messwandler","","","Batterien, Ladeinfrastruktur, Netzanschluss und Energiespeicher","Anschlussbegriff",["Klimawissenschaft","Recht","Management","Design / Innovation"]
"messwandlerschrank","Messwandlerschrank","messwandlerschrank","","","Batterien, Ladeinfrastruktur, Netzanschluss und Energiespeicher","Methodenbegriff",["Klimawissenschaft","Recht","Management","Design / Innovation"]
"meta-kognitive-intervention","Meta-kognitive Intervention","meta-kognitive-intervention","","","Psychologische und systemische Wirkmechanismen","WÖk-Präzisierungsbegriff",["WÖk-eigener Begriff"]
"metakommunikation","Metakommunikation","metakommunikation","","","Sprache, Wirklichkeit und Kommunikation","Anschlussbegriff",["WÖk-eigener Begriff"]
"mieterstrom","Mieterstrom","mieterstrom","","","Energie, Strommarkt und Systemkosten","Anschlussbegriff",["Klimawissenschaft","Ökonomie","Recht"]
"militaerdiktatur","Militärdiktatur","militaerdiktatur","","","Autokratien, Regimeformen und demokratische Erosion","Anschlussbegriff",["Politische Theorie","Soziologie","Recht"]
"minarchismus","Minarchismus","minarchismus","","","Liberalismus, Libertarismus, Neoklassik und Marktbegriffe","Anschlussbegriff",["Ökonomie","Philosophie","Politische Theorie","Soziologie","WÖk-eigener Begriff"]
"minderheitenschutz","Minderheitenschutz","minderheitenschutz","","","Demokratie, Rechtsstaat und demokratische Wirkungsarchitektur","Anschlussbegriff",["Politische Theorie","Recht","Soziologie","Medienwissenschaft","WÖk-eigener Begriff"]
"mindestschutz-minimum-safeguards","Mindestschutz / Minimum Safeguards","mindestschutz-minimum-safeguards","","","Datenbegriff","WÖk-Präzisierungsbegriff",["WÖk-eigener Begriff"]
"minutenreserve","Minutenreserve","minutenreserve","","","Energie, Strommarkt und Systemkosten","Anschlussbegriff",["Klimawissenschaft","Ökonomie","Recht"]
"mitte","Mitte","mitte","","","Akteure, Einfluss, Ideologien und demokratische Wirkungsräume","Anschlussbegriff",["Politische Theorie","Soziologie","Recht","Psychologie","Ökonomie","WÖk-eigener Begriff"]
"mittelspannung","Mittelspannung","mittelspannung","","","Batterien, Ladeinfrastruktur, Netzanschluss und Energiespeicher","Anschlussbegriff",["Klimawissenschaft","Recht","Management","Design / Innovation"]
"mittelspannungsschaltanlage","Mittelspannungsschaltanlage","mittelspannungsschaltanlage","","","Batterien, Ladeinfrastruktur, Netzanschluss und Energiespeicher","Anschlussbegriff",["Klimawissenschaft","Recht","Management","Design / Innovation"]
"mobilitaetsarmut","Mobilitätsarmut","mobilitaetsarmut","","","anschlussbegriff","WÖk-Präzisierungsbegriff",["WÖk-eigener Begriff"]
"modellannahme","Modellannahme","modellannahme","","","Liberalismus, Libertarismus, Neoklassik und Marktbegriffe","Anschlussbegriff",["Ökonomie","Philosophie","Politische Theorie","Soziologie","WÖk-eigener Begriff"]
"modellblindheit","Modellblindheit","modellblindheit","","","Liberalismus, Libertarismus, Neoklassik und Marktbegriffe","WÖk-Präzisierungsbegriff",["Ökonomie","Philosophie","Politische Theorie","Soziologie","WÖk-eigener Begriff"]
"modularitaet","Modularität","modularitaet","","","Kreislaufwirtschaft, Circular Design und Materialkreisläufe","Anschlussbegriff",["Design / Innovation","Klimawissenschaft","Management"]
"momentanreserve","Momentanreserve","momentanreserve","","","Energie, Strommarkt und Systemkosten","Anschlussbegriff",["Klimawissenschaft","Ökonomie","Recht"]
"monetarismus","Monetarismus","monetarismus","","","Liberalismus, Libertarismus, Neoklassik und Marktbegriffe","Anschlussbegriff",["Ökonomie","Philosophie","Politische Theorie","Soziologie","WÖk-eigener Begriff"]
"monopol","Monopol","monopol","","","Liberalismus, Libertarismus, Neoklassik und Marktbegriffe","Anschlussbegriff",["Ökonomie","Philosophie","Politische Theorie","Soziologie","WÖk-eigener Begriff"]
"moral-hazard","Moral Hazard","moral-hazard","","","Liberalismus, Libertarismus, Neoklassik und Marktbegriffe","Anschlussbegriff",["Ökonomie","Philosophie","Politische Theorie","Soziologie","WÖk-eigener Begriff"]
"moral-licensing","Moral Licensing","moral-licensing","","","Psychologische und systemische Wirkmechanismen","WÖk-Präzisierungsbegriff",["WÖk-eigener Begriff"]
"motiviertes-denken","Motiviertes Denken","motiviertes-denken","","","Psychologische und systemische Wirkmechanismen","WÖk-Präzisierungsbegriff",["WÖk-eigener Begriff"]
"muslimfeindlichkeit","Muslimfeindlichkeit","muslimfeindlichkeit","","","Akteure, Einfluss, Ideologien und demokratische Wirkungsräume","Anschlussbegriff",["Politische Theorie","Soziologie","Recht","Psychologie","Ökonomie","WÖk-eigener Begriff"]
"nace","NACE","nace","","","Datenbegriff","WÖk-Präzisierungsbegriff",["WÖk-eigener Begriff"]
"nachbarschaftsstrom","Nachbarschaftsstrom / Strom vom Nachbarn","nachbarschaftsstrom","","","","",["Energiepolitik","Alltagssprache"]
"nachhaltigkeit","Nachhaltigkeit","nachhaltigkeit","","","Grundbegriff","WÖk-Präzisierungsbegriff",["WÖk-eigener Begriff"]
"nachhaltigkeitslabel","Nachhaltigkeitslabel","nachhaltigkeitslabel","","","Datenbegriff","WÖk-Präzisierungsbegriff",["WÖk-eigener Begriff"]
"nachtwaechterstaat","Nachtwächterstaat","nachtwaechterstaat","","","Liberalismus, Libertarismus, Neoklassik und Marktbegriffe","Anschlussbegriff",["Ökonomie","Philosophie","Politische Theorie","Soziologie","WÖk-eigener Begriff"]
"narrativ","Narrativ","narrativ","","","Psychologische und systemische Wirkmechanismen","WÖk-Präzisierungsbegriff",["WÖk-eigener Begriff"]
"natalitaet","Natalität","natalitaet","","","Hannah Arendt und politische Wirkungsbegriffe","Anschlussbegriff",["Philosophie","Politische Theorie","Soziologie"]
"natrium-ionen-batterie","Natrium-Ionen-Batterie","natrium-ionen-batterie","","","Batterien, Ladeinfrastruktur, Netzanschluss und Energiespeicher","Anschlussbegriff",["Klimawissenschaft","Recht","Management","Design / Innovation"]
"natuerliches-monopol","Natürliches Monopol","natuerliches-monopol","","","Liberalismus, Libertarismus, Neoklassik und Marktbegriffe","Anschlussbegriff",["Ökonomie","Philosophie","Politische Theorie","Soziologie","WÖk-eigener Begriff"]
"naturbasierte-loesungen","Naturbasierte Lösungen","naturbasierte-loesungen","","","anschlussbegriff","WÖk-Präzisierungsbegriff",["WÖk-eigener Begriff"]
"nature-positive","Nature Positive","nature-positive","","","anschlussbegriff","WÖk-Präzisierungsbegriff",["WÖk-eigener Begriff"]
"nature-related-risks","Nature-related Risks","nature-related-risks","","","Datenbegriff","WÖk-Präzisierungsbegriff",["WÖk-eigener Begriff"]
"nca-batterie","NCA-Batterie","nca-batterie","","","Batterien, Ladeinfrastruktur, Netzanschluss und Energiespeicher","Anschlussbegriff",["Klimawissenschaft","Recht","Management","Design / Innovation"]
"negative-externalitaet","Negative Externalität","negative-externalitaet","","","Liberalismus, Libertarismus, Neoklassik und Marktbegriffe","Anschlussbegriff",["Ökonomie","Philosophie","Politische Theorie","Soziologie","WÖk-eigener Begriff"]
"negative-freiheit","Negative Freiheit","negative-freiheit","","","Liberalismus, Libertarismus, Neoklassik und Marktbegriffe","Anschlussbegriff",["Ökonomie","Philosophie","Politische Theorie","Soziologie","WÖk-eigener Begriff"]
"negative-wirkung","negative Wirkung","negative-wirkung","","","Bewertungsbegriff","WÖk-Präzisierungsbegriff",["WÖk-eigener Begriff"]
"negativitaetsbias","Negativitätsbias","negativitaetsbias","","","Neuropsychologische Wirkmechanismen","Anschlussbegriff",["Psychologie","Konstruktivismus"]
"neoklassik","Neoklassik","neoklassik","","","Liberalismus, Libertarismus, Neoklassik und Marktbegriffe","Anschlussbegriff",["Ökonomie","Philosophie","Politische Theorie","Soziologie","WÖk-eigener Begriff"]
"neoliberalismus","Neoliberalismus","neoliberalismus","","","Liberalismus, Libertarismus, Neoklassik und Marktbegriffe","Anschlussbegriff",["Ökonomie","Politische Theorie","Soziologie","Philosophie","WÖk-eigener Begriff"]
"net-zero","Net Zero","net-zero","","","Datenbegriff","WÖk-Präzisierungsbegriff",["WÖk-eigener Begriff"]
"netto-wirkung","Netto-Wirkung","netto-wirkung","003","Wirkungssprache & Kernlogik","Grundbegriffe der Wirkungsökonomie","WÖk-Präzisierungsbegriff / Bewertungsbegriff",["WÖk-eigener Begriff"]
"netzanschluss","Netzanschluss","netzanschluss","","","Energie, Strommarkt und Systemkosten","Anschlussbegriff",["Klimawissenschaft","Ökonomie","Recht"]
"netzanschlussbegehren","Netzanschlussbegehren","netzanschlussbegehren","","","Batterien, Ladeinfrastruktur, Netzanschluss und Energiespeicher","Anschlussbegriff",["Klimawissenschaft","Recht","Management","Design / Innovation"]
"netzanschlussleistung","Netzanschlussleistung","netzanschlussleistung","","","Batterien, Ladeinfrastruktur, Netzanschluss und Energiespeicher","Anschlussbegriff",["Klimawissenschaft","Recht","Management","Design / Innovation"]
"netzanschlusspunkt","Netzanschlusspunkt","netzanschlusspunkt","","","Batterien, Ladeinfrastruktur, Netzanschluss und Energiespeicher","Anschlussbegriff",["Klimawissenschaft","Recht","Management","Design / Innovation"]
"netzausbau","Netzausbau","netzausbau","","","Energie, Strommarkt und Systemkosten","Anschlussbegriff",["Klimawissenschaft","Ökonomie","Recht"]
"netzdienlichkeit","Netzdienlichkeit","netzdienlichkeit","","","Energie, Strommarkt und Systemkosten","Anschlussbegriff",["Klimawissenschaft","Ökonomie","Recht"]
"netzebene","Netzebene","netzebene","","","Energie, Strommarkt und Systemkosten","Methodenbegriff",["Klimawissenschaft","Ökonomie","Recht"]
"netzengpass","Netzengpass","netzengpass","","","Energie, Strommarkt und Systemkosten","Anschlussbegriff",["Klimawissenschaft","Ökonomie","Recht"]
"netzentgelt","Netzentgelt","netzentgelt","","","Energie, Strommarkt und Systemkosten","Anschlussbegriff",["Klimawissenschaft","Ökonomie","Recht"]
"netzentgeltsystematik","Netzentgeltsystematik","netzentgeltsystematik","","","Energie, Strommarkt und Systemkosten","Anschlussbegriff",["Klimawissenschaft","Ökonomie","Recht"]
"netzreserve","Netzreserve","netzreserve","","","Energie, Strommarkt und Systemkosten","Methodenbegriff",["Klimawissenschaft","Ökonomie","Recht"]
"netzspeicher","Netzspeicher","netzspeicher","","","Batterien, Ladeinfrastruktur, Netzanschluss und Energiespeicher","Anschlussbegriff",["Klimawissenschaft","Recht","Management","Design / Innovation"]
"netzverlust","Netzverlust","netzverlust","","","Energie, Strommarkt und Systemkosten","Anschlussbegriff",["Klimawissenschaft","Ökonomie","Recht"]
"netzvertraeglichkeitspruefung","Netzverträglichkeitsprüfung","netzvertraeglichkeitspruefung","","","Batterien, Ladeinfrastruktur, Netzanschluss und Energiespeicher","Methodenbegriff",["Klimawissenschaft","Recht","Management","Design / Innovation"]
"netzwerkeffekt","Netzwerkeffekt","netzwerkeffekt","","","Liberalismus, Libertarismus, Neoklassik und Marktbegriffe","Anschlussbegriff",["Ökonomie","Philosophie","Politische Theorie","Soziologie","WÖk-eigener Begriff"]
"neuigkeitsbias","Neuigkeitsbias","neuigkeitsbias","","","Neuropsychologische Wirkmechanismen","Anschlussbegriff",["Psychologie","Konstruktivismus"]
"neuroplastizitaet","Neuroplastizität","neuroplastizitaet","","","Neuropsychologische Wirkmechanismen","Anschlussbegriff",["Psychologie","Konstruktivismus"]
"neuropsychologische-wirkmechanismen","Neuropsychologische Wirkmechanismen","neuropsychologische-wirkmechanismen","","","Neuropsychologische Wirkmechanismen","Anschlussbegriff",["Psychologie","Konstruktivismus"]
"neutrale-wirkung","neutrale Wirkung","neutrale-wirkung","","","Bewertungsbegriff","WÖk-Präzisierungsbegriff",["WÖk-eigener Begriff"]
"nfrd","NFRD","nfrd","","","Datenbegriff","WÖk-Präzisierungsbegriff",["WÖk-eigener Begriff"]
"ngo","NGO","ngo","","","Akteure, Einfluss, Ideologien und demokratische Wirkungsräume","Anschlussbegriff",["Politische Theorie","Soziologie","Recht","Psychologie","Ökonomie","WÖk-eigener Begriff"]
"ngo-capture","NGO-Capture","ngo-capture","","","Akteure, Einfluss, Ideologien und demokratische Wirkungsräume","Anschlussbegriff",["Politische Theorie","Soziologie","Recht","Psychologie","Ökonomie","WÖk-eigener Begriff"]
"ngo-wirkungspruefung","NGO-Wirkungsprüfung","ngo-wirkungspruefung","","","Akteure, Einfluss, Ideologien und demokratische Wirkungsräume","WÖk-Präzisierungsbegriff",["Politische Theorie","Soziologie","Recht","Psychologie","Ökonomie","WÖk-eigener Begriff"]
"nicht-dualitaet","Nicht-Dualität","nicht-dualitaet","","","Daoismus, Prozessdenken und Nicht-Erzwingen","Quellen-/Bezugslinienbegriff",["WÖk-eigener Begriff"]
"nichtkompensationsprinzip","Nichtkompensationsprinzip","nichtkompensationsprinzip","","","Bewertungsbegriff","WÖk-Präzisierungsbegriff",["WÖk-eigener Begriff"]
"nichttriviale-maschine","Nichttriviale Maschine","nichttriviale-maschine","","","Systemtheorie, Kybernetik und Konstruktivismus","Anschlussbegriff",["WÖk-eigener Begriff"]
"nichttriviales-system","Nichttriviales System","nichttriviales-system","","","Psychologische und systemische Wirkmechanismen","Anschlussbegriff",["WÖk-eigener Begriff"]
"niederspannung","Niederspannung","niederspannung","","","Batterien, Ladeinfrastruktur, Netzanschluss und Energiespeicher","Anschlussbegriff",["Klimawissenschaft","Recht","Management","Design / Innovation"]
"niederspannungshauptverteilung","Niederspannungshauptverteilung / NSHV","niederspannungshauptverteilung","","","Batterien, Ladeinfrastruktur, Netzanschluss und Energiespeicher","Anschlussbegriff",["Klimawissenschaft","Recht","Management","Design / Innovation"]
"niklas-luhmann","Niklas Luhmann","niklas-luhmann","","","Vordenker:innen und Bezugslinien","Vordenker-/Bezugslinienbegriff",["WÖk-eigener Begriff"]
"nikolai-kondratieff","Nikolai Kondratieff","nikolai-kondratieff","","","Vordenker:innen und Bezugslinien","Vordenker-/Bezugslinienbegriff",["WÖk-eigener Begriff"]
"nmc-batterie","NMC-Batterie","nmc-batterie","","","Batterien, Ladeinfrastruktur, Netzanschluss und Energiespeicher","Anschlussbegriff",["Klimawissenschaft","Recht","Management","Design / Innovation"]
"non-aggression-principle","Non-Aggression Principle","non-aggression-principle","","","Liberalismus, Libertarismus, Neoklassik und Marktbegriffe","Anschlussbegriff",["Ökonomie","Philosophie","Politische Theorie","Soziologie","WÖk-eigener Begriff"]
"normalisierung","Normalisierung","normalisierung","","","Psychologische und systemische Wirkmechanismen","WÖk-Präzisierungsbegriff",["WÖk-eigener Begriff"]
"normalladen","Normalladen","normalladen","","","Batterien, Ladeinfrastruktur, Netzanschluss und Energiespeicher","Anschlussbegriff",["Klimawissenschaft","Recht","Management","Design / Innovation"]
"normativer-wert","Normativer Wert","normativer-wert","","","Werte, Normativität und Bewertung","WÖk-Präzisierungsbegriff",["WÖk-eigener Begriff"]
"normatives-management","Normatives Management","normatives-management","","","Management, Wirksamkeit und Organisation","Anschlussbegriff",["WÖk-eigener Begriff"]
"nutzenergie","Nutzenergie","nutzenergie","","","Energie, Strommarkt und Systemkosten","Anschlussbegriff",["Klimawissenschaft","Ökonomie","Recht"]
"nutzenmaximierung","Nutzenmaximierung","nutzenmaximierung","","","Liberalismus, Libertarismus, Neoklassik und Marktbegriffe","Anschlussbegriff",["Ökonomie","Philosophie","Politische Theorie","Soziologie","WÖk-eigener Begriff"]
"nutzungsdauerverlaengerung","Nutzungsdauerverlängerung","nutzungsdauerverlaengerung","","","Kreislaufwirtschaft, Circular Design und Materialkreisläufe","Anschlussbegriff",["Design / Innovation","Klimawissenschaft","Management"]
"nwi","NWI","nwi","009","Volkswirtschaft & neue Wohlstandsmessung","Volkswirtschaft, Messung & Wirkungsmethodik","WÖk-Prägungsbegriff / Kennzahlenbegriff",["WÖk-eigener Begriff"]
"oberschwingungen","Oberschwingungen","oberschwingungen","","","Batterien, Ladeinfrastruktur, Netzanschluss und Energiespeicher","Anschlussbegriff",["Klimawissenschaft","Recht","Management","Design / Innovation"]
"ocpp","OCPP","ocpp","","","Batterien, Ladeinfrastruktur, Netzanschluss und Energiespeicher","Methodenbegriff",["Klimawissenschaft","Recht","Management","Design / Innovation"]
"oecd-leitsaetze","OECD-Leitsätze","oecd-leitsaetze","","","Datenbegriff","WÖk-Präzisierungsbegriff",["WÖk-eigener Begriff"]
"oef-organisation-environmental-footprint","OEF / Organisation Environmental Footprint","oef-organisation-environmental-footprint","","","Datenbegriff","WÖk-Präzisierungsbegriff",["WÖk-eigener Begriff"]
"oeffentliche-beschaffung","Öffentliche Beschaffung","oeffentliche-beschaffung","008","Öffentliche Mittel & Wirkungshaushalt","Staat, Beschaffung & Markttransformation","Anschlussbegriff / WÖk-Präzisierung","Glossar-Pack 008"
"oeffentliche-gueter","Öffentliche Güter","oeffentliche-gueter","","","Liberalismus, Libertarismus, Neoklassik und Marktbegriffe","Anschlussbegriff",["Ökonomie","Philosophie","Politische Theorie","Soziologie","WÖk-eigener Begriff"]
"oeffentlicher-raum-arendt","Öffentlicher Raum / Erscheinungsraum","oeffentlicher-raum-arendt","","","Hannah Arendt und politische Wirkungsbegriffe","Anschlussbegriff",["Philosophie","Politische Theorie","Soziologie"]
"oeffentlichkeit","Öffentlichkeit","oeffentlichkeit","","","Demokratie, Rechtsstaat und demokratische Wirkungsarchitektur","Anschlussbegriff",["Politische Theorie","Recht","Soziologie","Medienwissenschaft","WÖk-eigener Begriff"]
"oekofeminismus","Ökofeminismus","oekofeminismus","","","Feminismus, feministische Ökonomie und Care-Wirkung","WÖk-Präzisierungsbegriff",["Ökonomie","Soziologie","Philosophie","Politische Theorie","WÖk-eigener Begriff"]
"oekosystemleistungen","Ökosystemleistungen / Ökosystemfunktionen","oekosystemleistungen","","","anschlussbegriff","WÖk-Präzisierungsbegriff",["WÖk-eigener Begriff"]
"oelkraftwerk","Ölkraftwerk","oelkraftwerk","","","Energie, Strommarkt und Systemkosten","Anschlussbegriff",["Klimawissenschaft","Ökonomie","Recht"]
"oesterreichische-schule","Österreichische Schule","oesterreichische-schule","","","Liberalismus, Libertarismus, Neoklassik und Marktbegriffe","Anschlussbegriff",["Ökonomie","Philosophie","Politische Theorie","Soziologie","WÖk-eigener Begriff"]
"offsetting-kompensation","Offsetting / Kompensation","offsetting-kompensation","","","Datenbegriff","WÖk-Präzisierungsbegriff",["WÖk-eigener Begriff"]
"offshore-netzumlage","Offshore-Netzumlage","offshore-netzumlage","","","Energie, Strommarkt und Systemkosten","Anschlussbegriff",["Klimawissenschaft","Ökonomie","Recht"]
"offshore-windenergie","Offshore-Windenergie","offshore-windenergie","","","Energie, Strommarkt und Systemkosten","Anschlussbegriff",["Klimawissenschaft","Ökonomie","Recht"]
"oligarchie","Oligarchie","oligarchie","","","Autokratien, Regimeformen und demokratische Erosion","Anschlussbegriff",["Politische Theorie","Soziologie","Recht"]
"oligopol","Oligopol","oligopol","","","Liberalismus, Libertarismus, Neoklassik und Marktbegriffe","Anschlussbegriff",["Ökonomie","Philosophie","Politische Theorie","Soziologie","WÖk-eigener Begriff"]
"on-board-charger","On-Board-Charger","on-board-charger","","","Batterien, Ladeinfrastruktur, Netzanschluss und Energiespeicher","Anschlussbegriff",["Klimawissenschaft","Recht","Management","Design / Innovation"]
"one-health","One Health","one-health","","","Gesundheit & Leben","WÖk-Präzisierungsbegriff",["WÖk-eigener Begriff"]
"onshore-windenergie","Onshore-Windenergie","onshore-windenergie","","","Energie, Strommarkt und Systemkosten","Anschlussbegriff",["Klimawissenschaft","Ökonomie","Recht"]
"operatives-management","Operatives Management","operatives-management","","","Management, Wirksamkeit und Organisation","Anschlussbegriff",["WÖk-eigener Begriff"]
"opportunitaetskosten","Opportunitätskosten","opportunitaetskosten","","","Liberalismus, Libertarismus, Neoklassik und Marktbegriffe","Anschlussbegriff",["Ökonomie","Philosophie","Politische Theorie","Soziologie","WÖk-eigener Begriff"]
"opposition","Opposition","opposition","","","Demokratie, Rechtsstaat und demokratische Wirkungsarchitektur","Anschlussbegriff",["Politische Theorie","Recht","Soziologie","Medienwissenschaft","WÖk-eigener Begriff"]
"oppositionsunterdrueckung","Oppositionsunterdrückung","oppositionsunterdrueckung","","","Autokratien, Regimeformen und demokratische Erosion","Anschlussbegriff",["Politische Theorie","Soziologie","Recht"]
"ordoliberalismus","Ordoliberalismus","ordoliberalismus","","","Liberalismus, Libertarismus, Neoklassik und Marktbegriffe","Anschlussbegriff",["Ökonomie","Politische Theorie","Soziologie","Philosophie","WÖk-eigener Begriff"]
"organisation-environmental-footprint","Organisation Environmental Footprint / OEF","organisation-environmental-footprint","","","Klima, Lebenszyklus und ökologische Wirkung","Methodenbegriff",["WÖk-eigener Begriff"]
"orientierung","Orientierung","orientierung","","","Psychologische und systemische Wirkmechanismen","WÖk-Präzisierungsbegriff",["WÖk-eigener Begriff"]
"pai","PAI / Principal Adverse Impacts","pai","","","Datenbegriff","WÖk-Präzisierungsbegriff",["WÖk-eigener Begriff"]
"pareto-effizienz","Pareto-Effizienz","pareto-effizienz","","","Liberalismus, Libertarismus, Neoklassik und Marktbegriffe","Anschlussbegriff",["Ökonomie","Philosophie","Politische Theorie","Soziologie","WÖk-eigener Begriff"]
"parlament","Parlament","parlament","","","Staat, Regierung, Verwaltung und Gesellschaft","Anschlussbegriff",["Recht","Politische Theorie","Soziologie","WÖk-eigener Begriff"]
"parlamentarische-demokratie","Parlamentarische Demokratie","parlamentarische-demokratie","","","Demokratie, Rechtsstaat und demokratische Wirkungsarchitektur","Anschlussbegriff",["Politische Theorie","Recht","Soziologie","Medienwissenschaft","WÖk-eigener Begriff"]
"parteistaat","Parteistaat","parteistaat","","","Autokratien, Regimeformen und demokratische Erosion","Anschlussbegriff",["Politische Theorie","Soziologie","Recht"]
"partizipation","Partizipation","partizipation","","","Demokratie, Rechtsstaat und demokratische Wirkungsarchitektur","Anschlussbegriff",["Politische Theorie","Recht","Soziologie","Medienwissenschaft","WÖk-eigener Begriff"]
"partizipative-demokratie","Partizipative Demokratie","partizipative-demokratie","","","Demokratie, Rechtsstaat und demokratische Wirkungsarchitektur","Anschlussbegriff",["Politische Theorie","Recht","Soziologie","Medienwissenschaft","WÖk-eigener Begriff"]
"patriarchale-dividende","Patriarchale Dividende","patriarchale-dividende","","","Feminismus, feministische Ökonomie und Care-Wirkung","WÖk-Präzisierungsbegriff",["Ökonomie","Soziologie","Philosophie","Politische Theorie","WÖk-eigener Begriff"]
"patriarchat","Patriarchat","patriarchat","","","Feminismus, feministische Ökonomie und Care-Wirkung","WÖk-Präzisierungsbegriff",["Ökonomie","Politische Theorie","Soziologie","Philosophie","WÖk-eigener Begriff"]
"paul-watzlawick","Paul Watzlawick","paul-watzlawick","","","Vordenker:innen und Bezugslinien","Vordenker-/Bezugslinienbegriff",["WÖk-eigener Begriff"]
"pcf-product-carbon-footprint","PCF / Product Carbon Footprint","pcf-product-carbon-footprint","","","Datenbegriff","WÖk-Präzisierungsbegriff",["WÖk-eigener Begriff"]
"pcr-product-category-rules","PCR / Product Category Rules","pcr-product-category-rules","","","Datenbegriff","WÖk-Präzisierungsbegriff",["WÖk-eigener Begriff"]
"pef-product-environmental-footprint","PEF / Product Environmental Footprint","pef-product-environmental-footprint","","","Datenbegriff","WÖk-Präzisierungsbegriff",["WÖk-eigener Begriff"]
"perowskit-solarzelle","Perowskit-Solarzelle","perowskit-solarzelle","","","Quantenphysik, Quantenmaterialien und Zukunftstechnologien","Anschlussbegriff",["Klimawissenschaft","Design / Innovation"]
"persona","Persona","persona","","","Design, Geschäftsmodelle und Wertversprechen","Methodenbegriff",["WÖk-eigener Begriff"]
"personalisierte-macht","Personalisierte Macht","personalisierte-macht","","","Autokratien, Regimeformen und demokratische Erosion","Anschlussbegriff",["Politische Theorie","Soziologie","Recht"]
"peter-drucker","Peter Drucker","peter-drucker","","","Vordenker:innen und Bezugslinien","Vordenker-/Bezugslinienbegriff",["WÖk-eigener Begriff"]
"pfadabhaengigkeit","Pfadabhängigkeit","pfadabhaengigkeit","","","Psychologische und systemische Wirkmechanismen","WÖk-Präzisierungsbegriff",["WÖk-eigener Begriff"]
"pflege-als-wirkleistung","Pflege als Wirkleistung","pflege-als-wirkleistung","","","Gesundheit & Leben","WÖk-Präzisierungsbegriff",["WÖk-eigener Begriff","Public Health","One Health"]
"photoelektrischer-effekt","Photoelektrischer Effekt","photoelektrischer-effekt","","","Quantenphysik, Quantenmaterialien und Zukunftstechnologien","Anschlussbegriff",["Klimawissenschaft","Design / Innovation"]
"photovoltaik","Photovoltaik","photovoltaik","","","Energie, Strommarkt und Systemkosten","Anschlussbegriff",["Klimawissenschaft","Ökonomie","Recht"]
"physical-climate-risk","Physical Climate Risk","physical-climate-risk","","","Datenbegriff","WÖk-Präzisierungsbegriff",["WÖk-eigener Begriff"]
"pigou-steuer","Pigou-Steuer","pigou-steuer","","","Liberalismus, Libertarismus, Neoklassik und Marktbegriffe","Anschlussbegriff",["Ökonomie","Philosophie","Politische Theorie","Soziologie","WÖk-eigener Begriff"]
"planetare-grenzen","Planetare Grenzen","planetare-grenzen","","","anschlussbegriff","WÖk-Präzisierungsbegriff",["WÖk-eigener Begriff"]
"planetary-health","Planetary Health","planetary-health","","","anschlussbegriff","WÖk-Präzisierungsbegriff",["WÖk-eigener Begriff"]
"planwirtschaft","Planwirtschaft","planwirtschaft","","","Wirtschaftssysteme, Kapitalmythen und Verteilungslogiken","Wirtschaftssystem / Gesellschaftsmodell",["Ökonomie","Politische Theorie","Soziologie"]
"plattformarbeit","Plattformarbeit","plattformarbeit","","","Anschlussbegriff","Themen- und Anschlussbegriff",["Online-Buch Kapitel 56-58","Arbeitspapiere Einkommen und Rente"]
"plattformkapitalismus","Plattformkapitalismus","plattformkapitalismus","","","Wirtschaftssysteme, Kapitalmythen und Verteilungslogiken","Wirtschaftssystem / Gesellschaftsmodell",["Ökonomie","Politische Theorie","Soziologie"]
"plug-and-charge","Plug & Charge","plug-and-charge","","","Batterien, Ladeinfrastruktur, Netzanschluss und Energiespeicher","Anschlussbegriff",["Klimawissenschaft","Recht","Management","Design / Innovation"]
"pluralismus","Pluralismus","pluralismus","","","Demokratie, Rechtsstaat und demokratische Wirkungsarchitektur","Anschlussbegriff",["Politische Theorie","Recht","Soziologie","Medienwissenschaft","WÖk-eigener Begriff"]
"pluralismusfeindlichkeit","Pluralismusfeindlichkeit","pluralismusfeindlichkeit","","","Faschismus, faschistoid und autoritäre Wirkungsrisiken","Anschlussbegriff",["Politische Theorie","Soziologie","Recht","Psychologie","Ökonomie","WÖk-eigener Begriff"]
"pluralitaet","Pluralität","pluralitaet","","","Hannah Arendt und politische Wirkungsbegriffe","Anschlussbegriff",["Philosophie","Politische Theorie","Soziologie"]
"plutokratie","Plutokratie","plutokratie","","","Autokratien, Regimeformen und demokratische Erosion","Anschlussbegriff",["Politische Theorie","Soziologie","Recht"]
"policy-entrepreneurship","Policy Entrepreneurship","policy-entrepreneurship","","","Akteure, Einfluss, Ideologien und demokratische Wirkungsräume","Anschlussbegriff",["Politische Theorie","Soziologie","Recht","Psychologie","Ökonomie","WÖk-eigener Begriff"]
"policy-laundering","Policy-Laundering","policy-laundering","","","Akteure, Einfluss, Ideologien und demokratische Wirkungsräume","WÖk-Präzisierungsbegriff",["Politische Theorie","Soziologie","Recht","Psychologie","Ökonomie","WÖk-eigener Begriff"]
"policy-netzwerk","Policy-Netzwerk","policy-netzwerk","","","Akteure, Einfluss, Ideologien und demokratische Wirkungsräume","Anschlussbegriff",["Politische Theorie","Soziologie","Recht","Psychologie","Ökonomie","WÖk-eigener Begriff"]
"politische-bildung","Politische Bildung","politische-bildung","","","Demokratie, Rechtsstaat und demokratische Wirkungsarchitektur","Anschlussbegriff",["Politische Theorie","Recht","Soziologie","Medienwissenschaft","WÖk-eigener Begriff"]
"politischer-liberalismus","Politischer Liberalismus","politischer-liberalismus","","","Liberalismus, Libertarismus, Neoklassik und Marktbegriffe","Anschlussbegriff",["Ökonomie","Philosophie","Politische Theorie","Soziologie","WÖk-eigener Begriff"]
"politischer-vorraum","Politischer Vorraum","politischer-vorraum","","","Demokratie, Rechtsstaat und demokratische Wirkungsarchitektur","Anschlussbegriff",["Politische Theorie","Recht","Soziologie","Medienwissenschaft","WÖk-eigener Begriff"]
"politisches-system","Politisches System","politisches-system","","","Staat, Regierung, Verwaltung und Gesellschaft","Anschlussbegriff",["Recht","Politische Theorie","Soziologie","WÖk-eigener Begriff"]
"populismus","Populismus","populismus","","","Akteure, Einfluss, Ideologien und demokratische Wirkungsräume","Anschlussbegriff",["Politische Theorie","Soziologie","Recht","Psychologie","Ökonomie","WÖk-eigener Begriff"]
"portfolio-wirkung","Portfolio-Wirkung","portfolio-wirkung","011","Kapital, Fonds & Versicherbarkeit nach Wirkung","Kapital, Portfolios & Wirkungsbewertung","WÖk-Präzisierungsbegriff / Portfoliobegriff","Glossar-Pack 011"
"positive-externalitaet","Positive Externalität","positive-externalitaet","","","Liberalismus, Libertarismus, Neoklassik und Marktbegriffe","Anschlussbegriff",["Ökonomie","Philosophie","Politische Theorie","Soziologie","WÖk-eigener Begriff"]
"positive-freiheit","Positive Freiheit","positive-freiheit","","","Liberalismus, Libertarismus, Neoklassik und Marktbegriffe","Anschlussbegriff",["Ökonomie","Philosophie","Politische Theorie","Soziologie","WÖk-eigener Begriff"]
"positive-netto-wirkung","positive Netto-Wirkung","positive-netto-wirkung","003","Wirkungssprache & Kernlogik","Grundbegriffe der Wirkungsökonomie","WÖk-Prägungsbegriff / Zielbegriff",["WÖk-eigener Begriff"]
"positive-wirkung","positive Wirkung","positive-wirkung","","","Bewertungsbegriff","WÖk-Präzisierungsbegriff",["WÖk-eigener Begriff"]
"power-purchase-agreement","Power Purchase Agreement / PPA","power-purchase-agreement","","","Energie, Strommarkt und Systemkosten","Anschlussbegriff",["Klimawissenschaft","Ökonomie","Recht"]
"power-to-x","Power-to-X","power-to-x","","","Energie, Strommarkt und Systemkosten","Anschlussbegriff",["Klimawissenschaft","Ökonomie","Recht"]
"praediktive-verarbeitung","Prädiktive Verarbeitung","praediktive-verarbeitung","","","Neuropsychologische Wirkmechanismen","Anschlussbegriff",["Psychologie","Konstruktivismus"]
"praeferenzen","Präferenzen","praeferenzen","","","Liberalismus, Libertarismus, Neoklassik und Marktbegriffe","Anschlussbegriff",["Ökonomie","Philosophie","Politische Theorie","Soziologie","WÖk-eigener Begriff"]
"praevention","Prävention","praevention","","","Gesundheit & Leben","WÖk-Präzisierungsbegriff",["WÖk-eigener Begriff"]
"praeventionsoekonomie","Präventionsökonomie","praeventionsoekonomie","","","Gesundheit & Leben","WÖk-Präzisierungsbegriff",["WÖk-eigener Begriff","Public Health","One Health"]
"pressefreiheit","Pressefreiheit","pressefreiheit","","","Demokratie, Rechtsstaat und demokratische Wirkungsarchitektur","Anschlussbegriff",["Politische Theorie","Recht","Soziologie","Medienwissenschaft","WÖk-eigener Begriff"]
"primaerenergie","Primärenergie","primaerenergie","","","Energie, Strommarkt und Systemkosten","Anschlussbegriff",["Klimawissenschaft","Ökonomie","Recht"]
"primaerregelung","Primärregelung","primaerregelung","","","Energie, Strommarkt und Systemkosten","Anschlussbegriff",["Klimawissenschaft","Ökonomie","Recht"]
"priming","Priming","priming","","","Psychologische und systemische Wirkmechanismen","WÖk-Präzisierungsbegriff",["WÖk-eigener Begriff"]
"principal-agent-problem","Principal-Agent-Problem","principal-agent-problem","","","Liberalismus, Libertarismus, Neoklassik und Marktbegriffe","Anschlussbegriff",["Ökonomie","Philosophie","Politische Theorie","Soziologie","WÖk-eigener Begriff"]
"privatisierung","Privatisierung","privatisierung","","","Liberalismus, Libertarismus, Neoklassik und Marktbegriffe","Anschlussbegriff",["Ökonomie","Philosophie","Politische Theorie","Soziologie","WÖk-eigener Begriff"]
"privatwirtschaftliche-planwirtschaft","Privatwirtschaftliche Planwirtschaft","privatwirtschaftliche-planwirtschaft","","","Wirtschaftssysteme, Kapitalmythen und Verteilungslogiken","Wirtschaftssystem / Gesellschaftsmodell",["Ökonomie","Politische Theorie","Soziologie"]
"product-as-a-service","Product-as-a-Service","product-as-a-service","","","Kreislaufwirtschaft, Circular Design und Materialkreisläufe","Anschlussbegriff",["Design / Innovation","Klimawissenschaft","Management"]
"product-carbon-footprint","Product Carbon Footprint / PCF","product-carbon-footprint","","","Klima, Lebenszyklus und ökologische Wirkung","Methodenbegriff",["WÖk-eigener Begriff"]
"product-environmental-footprint","Product Environmental Footprint / PEF","product-environmental-footprint","","","Klima, Lebenszyklus und ökologische Wirkung","Methodenbegriff",["WÖk-eigener Begriff"]
"product-market-fit","Product-Market Fit","product-market-fit","","","Design, Geschäftsmodelle und Wertversprechen","Methodenbegriff",["WÖk-eigener Begriff"]
"produktdaten","Produktdaten","produktdaten","001","Marketing & Produktwirkung","Datenbegriff","WÖk-Präzisierungsbegriff",["WÖk-eigener Begriff"]
"produktivitaetsgewinne","Produktivitätsgewinne","produktivitaetsgewinne","","","Anschlussbegriff","Kontext- und Anschlussbegriff",["Online-Buch Kapitel 56-58","Arbeitspapiere Einkommen und Rente"]
"produktivitaetssteuer","Produktivitätssteuer","produktivitaetssteuer","","","Abgrenzungsbegriff","Such- und Übergangsbegriff",["Online-Buch Kapitel 56-58","Arbeitspapiere Einkommen und Rente"]
"produktscorecard","Produktscorecard","produktscorecard","002","Produktwirkung & Bewertungsarchitektur","Messung, Daten & Produktwirkung","WÖk-Prägungsbegriff / Methodenbegriff","Glossar-Pack 002"
"produktwirkung","Produktwirkung","produktwirkung","002","Produktwirkung & Bewertungsarchitektur","Produkte, Märkte & Preise","WÖk-Präzisierungsbegriff","Glossar-Pack 002"
"progressiv","Progressiv","progressiv","","","Akteure, Einfluss, Ideologien und demokratische Wirkungsräume","Anschlussbegriff",["Politische Theorie","Soziologie","Recht","Psychologie","Ökonomie","WÖk-eigener Begriff"]
"project-2025","Project 2025","project-2025","","","Akteure, Einfluss, Ideologien und demokratische Wirkungsräume","Beispielbegriff / politischer Vorraum",["Politische Theorie","Soziologie","Recht","Psychologie","Ökonomie","WÖk-eigener Begriff"]
"propaganda","Propaganda","propaganda","","","Autokratien, Regimeformen und demokratische Erosion","Anschlussbegriff",["Politische Theorie","Soziologie","Recht"]
"prosumer","Prosumer","prosumer","","","Energie, Strommarkt und Systemkosten","Anschlussbegriff",["Klimawissenschaft","Ökonomie","Recht"]
"prozessdenken","Prozessdenken","prozessdenken","","","Daoismus, Prozessdenken und Nicht-Erzwingen","Anschlussbegriff",["WÖk-eigener Begriff"]
"public-affairs","Public Affairs","public-affairs","","","Akteure, Einfluss, Ideologien und demokratische Wirkungsräume","Anschlussbegriff",["Politische Theorie","Soziologie","Recht","Psychologie","Ökonomie","WÖk-eigener Begriff"]
"pufferspeicher-ladepark","Pufferspeicher im Ladepark","pufferspeicher-ladepark","","","Batterien, Ladeinfrastruktur, Netzanschluss und Energiespeicher","Anschlussbegriff",["Klimawissenschaft","Recht","Management","Design / Innovation"]
"pumpspeicher","Pumpspeicher","pumpspeicher","","","Energie, Strommarkt und Systemkosten","Anschlussbegriff",["Klimawissenschaft","Ökonomie","Recht"]
"purpose-washing","Purpose-Washing","purpose-washing","015","Marketing-, Kommunikations- & Vertrauenslogik","Marketing, Unternehmenszweck & Missbrauchsschutz","WÖk-Präzisierungsbegriff / Risiko- und Washingbegriff","Glossar-Pack 015"
"pyrometallurgie","Pyrometallurgie","pyrometallurgie","","","Batterien, Ladeinfrastruktur, Netzanschluss und Energiespeicher","Anschlussbegriff",["Klimawissenschaft","Recht","Management","Design / Innovation"]
"qualitaetssicherung","Qualitätssicherung","qualitaetssicherung","","","anschlussbegriff","WÖk-Präzisierungsbegriff",["WÖk-eigener Begriff"]
"quango","QUANGO","quango","","","Akteure, Einfluss, Ideologien und demokratische Wirkungsräume","Anschlussbegriff",["Politische Theorie","Soziologie","Recht","Psychologie","Ökonomie","WÖk-eigener Begriff"]
"quantenbatterie","Quantenbatterie","quantenbatterie","","","Quantenphysik, Quantenmaterialien und Zukunftstechnologien","Anschlussbegriff",["Klimawissenschaft","Design / Innovation"]
"quantenmaterialien","Quantenmaterialien","quantenmaterialien","","","Quantenphysik, Quantenmaterialien und Zukunftstechnologien","Anschlussbegriff",["Klimawissenschaft","Design / Innovation"]
"quantenphysik","Quantenphysik","quantenphysik","","","Quantenphysik, Quantenmaterialien und Zukunftstechnologien","Anschlussbegriff",["Klimawissenschaft","Design / Innovation"]
"quantenpunkt","Quantenpunkt","quantenpunkt","","","Quantenphysik, Quantenmaterialien und Zukunftstechnologien","Anschlussbegriff",["Klimawissenschaft","Design / Innovation"]
"quantensimulation","Quantensimulation","quantensimulation","","","Quantenphysik, Quantenmaterialien und Zukunftstechnologien","Anschlussbegriff",["Klimawissenschaft","Design / Innovation"]
"quantensolarzelle","Quantensolarzelle","quantensolarzelle","","","Quantenphysik, Quantenmaterialien und Zukunftstechnologien","Anschlussbegriff",["Klimawissenschaft","Design / Innovation"]
"quantentechnologie","Quantentechnologie","quantentechnologie","","","Quantenphysik, Quantenmaterialien und Zukunftstechnologien","Anschlussbegriff",["Klimawissenschaft","Design / Innovation"]
"quartiersenergie","Quartiersenergie","quartiersenergie","","","Energie, Strommarkt und Systemkosten","Anschlussbegriff",["Klimawissenschaft","Ökonomie","Recht"]
"quartierswirkung","Quartierswirkung","quartierswirkung","","","anschlussbegriff","WÖk-Präzisierungsbegriff",["WÖk-eigener Begriff"]
"quellenklarheit","Quellenklarheit","quellenklarheit","","","anschlussbegriff","WÖk-Präzisierungsbegriff",["WÖk-eigener Begriff"]
"radikal","Radikal","radikal","","","Akteure, Einfluss, Ideologien und demokratische Wirkungsräume","Anschlussbegriff",["Politische Theorie","Soziologie","Recht","Psychologie","Ökonomie","WÖk-eigener Begriff"]
"rassismus","Rassismus","rassismus","","","Akteure, Einfluss, Ideologien und demokratische Wirkungsräume","Anschlussbegriff",["Politische Theorie","Soziologie","Recht","Psychologie","Ökonomie","WÖk-eigener Begriff"]
"rationalitaet","Rationalität","rationalitaet","","","Liberalismus, Libertarismus, Neoklassik und Marktbegriffe","Anschlussbegriff",["Ökonomie","Philosophie","Politische Theorie","Soziologie","WÖk-eigener Begriff"]
"raubtierkapitalismus","Raubtierkapitalismus","raubtierkapitalismus","","","Wirtschaftssysteme, Kapitalmythen und Verteilungslogiken","Wirtschaftssystem / Gesellschaftsmodell",["Ökonomie","Politische Theorie","Soziologie"]
"reaktanz","Reaktanz","reaktanz","","","Psychologische und systemische Wirkmechanismen","WÖk-Präzisierungsbegriff",["WÖk-eigener Begriff"]
"reaktionaer","Reaktionär","reaktionaer","","","Akteure, Einfluss, Ideologien und demokratische Wirkungsräume","Anschlussbegriff",["Politische Theorie","Soziologie","Recht","Psychologie","Ökonomie","WÖk-eigener Begriff"]
"reale-freiheit","Reale Freiheit","reale-freiheit","","","Liberalismus, Libertarismus, Neoklassik und Marktbegriffe","Anschlussbegriff",["Ökonomie","Philosophie","Politische Theorie","Soziologie","WÖk-eigener Begriff"]
"reasonable-assurance","Reasonable Assurance","reasonable-assurance","","","Datenbegriff","WÖk-Präzisierungsbegriff",["WÖk-eigener Begriff"]
"rebound-effekt","Rebound-Effekt","rebound-effekt","","","Psychologische und systemische Wirkmechanismen","WÖk-Präzisierungsbegriff",["WÖk-eigener Begriff"]
"rechenschaft","Rechenschaft","rechenschaft","","","Demokratie, Rechtsstaat und demokratische Wirkungsarchitektur","Anschlussbegriff",["Politische Theorie","Recht","Soziologie","Medienwissenschaft","WÖk-eigener Begriff"]
"recht-auf-reparatur","Recht auf Reparatur","recht-auf-reparatur","","","Kreislaufwirtschaft, Circular Design und Materialkreisläufe","Anschlussbegriff",["Design / Innovation","Klimawissenschaft","Management"]
"rechte-kuenftiger-generationen","Rechte künftiger Generationen","rechte-kuenftiger-generationen","","","anschlussbegriff","WÖk-Präzisierungsbegriff",["WÖk-eigener Begriff"]
"rechts-politisch","Rechts","rechts-politisch","","","Akteure, Einfluss, Ideologien und demokratische Wirkungsräume","Anschlussbegriff",["Politische Theorie","Soziologie","Recht","Psychologie","Ökonomie","WÖk-eigener Begriff"]
"rechtsextremismus","Rechtsextremismus","rechtsextremismus","","","Akteure, Einfluss, Ideologien und demokratische Wirkungsräume","Anschlussbegriff",["Politische Theorie","Soziologie","Recht","Psychologie","Ökonomie","WÖk-eigener Begriff"]
"rechtsschutz","Rechtsschutz","rechtsschutz","","","Demokratie, Rechtsstaat und demokratische Wirkungsarchitektur","Anschlussbegriff",["Politische Theorie","Soziologie","Recht","Psychologie","Ökonomie","WÖk-eigener Begriff","Medienwissenschaft"]
"rechtsstaatlichkeit","Rechtsstaatlichkeit","rechtsstaatlichkeit","","","Demokratie, Rechtsstaat und demokratische Wirkungsarchitektur","Anschlussbegriff",["Politische Theorie","Recht","Soziologie","Medienwissenschaft","WÖk-eigener Begriff"]
"rechtsstaatsabbau","Rechtsstaatsabbau","rechtsstaatsabbau","","","Autokratien, Regimeformen und demokratische Erosion","Anschlussbegriff",["Politische Theorie","Soziologie","Recht"]
"rechtsstaatsprinzip","Rechtsstaatsprinzip","rechtsstaatsprinzip","","","Akteure, Einfluss, Ideologien und demokratische Wirkungsräume","Anschlussbegriff",["Politische Theorie","Soziologie","Recht","Psychologie","Ökonomie","WÖk-eigener Begriff"]
"recycling","Recycling","recycling","","","Kreislaufwirtschaft, Circular Design und Materialkreisläufe","Anschlussbegriff",["Design / Innovation","Klimawissenschaft","Management"]
"recyclingeffizienz","Recyclingeffizienz","recyclingeffizienz","","","Batterien, Ladeinfrastruktur, Netzanschluss und Energiespeicher","Anschlussbegriff",["Klimawissenschaft","Recht","Management","Design / Innovation"]
"recyclingquote","Recyclingquote","recyclingquote","","","Kreislaufwirtschaft, Circular Design und Materialkreisläufe","Anschlussbegriff",["Design / Innovation","Klimawissenschaft","Management"]
"redispatch","Redispatch","redispatch","","","Energie, Strommarkt und Systemkosten","Anschlussbegriff",["Klimawissenschaft","Ökonomie","Recht"]
"redispatch-2-0","Redispatch 2.0","redispatch-2-0","","","Energie, Strommarkt und Systemkosten","Methodenbegriff",["Klimawissenschaft","Ökonomie","Recht"]
"redox-flow-batterie","Redox-Flow-Batterie","redox-flow-batterie","","","Batterien, Ladeinfrastruktur, Netzanschluss und Energiespeicher","Anschlussbegriff",["Klimawissenschaft","Recht","Management","Design / Innovation"]
"reform","Reform","reform","","","Akteure, Einfluss, Ideologien und demokratische Wirkungsräume","Anschlussbegriff",["Politische Theorie","Soziologie","Recht","Psychologie","Ökonomie","WÖk-eigener Begriff"]
"reframing","Reframing","reframing","","","Psychologische und systemische Wirkmechanismen","WÖk-Präzisierungsbegriff",["WÖk-eigener Begriff"]
"refurbishment","Refurbishment / Aufarbeitung","refurbishment","","","Kreislaufwirtschaft, Circular Design und Materialkreisläufe","Anschlussbegriff",["Design / Innovation","Klimawissenschaft","Management"]
"regelenergie","Regelenergie","regelenergie","","","Energie, Strommarkt und Systemkosten","Anschlussbegriff",["Klimawissenschaft","Ökonomie","Recht"]
"regelenergiemarkt","Regelenergiemarkt","regelenergiemarkt","","","Energie, Strommarkt und Systemkosten","Methodenbegriff",["Klimawissenschaft","Ökonomie","Recht"]
"regeneration","Regeneration / regenerative Wirkung","regeneration","","","anschlussbegriff","WÖk-Präzisierungsbegriff",["WÖk-eigener Begriff"]
"regenerative-landwirtschaft","Regenerative Landwirtschaft","regenerative-landwirtschaft","","","Kreislaufwirtschaft, Circular Design und Materialkreisläufe","Anschlussbegriff",["Design / Innovation","Klimawissenschaft","Management"]
"regierung","Regierung","regierung","","","Staat, Regierung, Verwaltung und Gesellschaft","Anschlussbegriff",["Recht","Politische Theorie","Soziologie","WÖk-eigener Begriff"]
"regierungsform","Regierungsform","regierungsform","","","Staat, Regierung, Verwaltung und Gesellschaft","Anschlussbegriff",["Recht","Politische Theorie","Soziologie","WÖk-eigener Begriff"]
"regierungskritik","Regierungskritik","regierungskritik","","","Demokratie, Rechtsstaat und demokratische Wirkungsarchitektur","Anschlussbegriff",["Recht","Politische Theorie","Soziologie","WÖk-eigener Begriff","Medienwissenschaft"]
"regime","Regime","regime","","","Staat, Regierung, Verwaltung und Gesellschaft","Anschlussbegriff",["Recht","Politische Theorie","Soziologie","WÖk-eigener Begriff"]
"regulatory-capture","Regulatory Capture","regulatory-capture","","","Liberalismus, Libertarismus, Neoklassik und Marktbegriffe","Anschlussbegriff",["Ökonomie","Philosophie","Politische Theorie","Soziologie","WÖk-eigener Begriff"]
"regulierungsversagen","Regulierungsversagen","regulierungsversagen","","","Liberalismus, Libertarismus, Neoklassik und Marktbegriffe","Anschlussbegriff",["Ökonomie","Philosophie","Politische Theorie","Soziologie","WÖk-eigener Begriff"]
"rekombination","Rekombination / neue Kombination","rekombination","","","Innovation, Evolution und Unternehmertum","Anschlussbegriff",["WÖk-eigener Begriff"]
"rekursion","Rekursion","rekursion","","","Systemtheorie, Kybernetik und Konstruktivismus","Anschlussbegriff",["WÖk-eigener Begriff"]
"remanufacturing","Remanufacturing / Wiederaufbereitung","remanufacturing","","","Kreislaufwirtschaft, Circular Design und Materialkreisläufe","Anschlussbegriff",["Design / Innovation","Klimawissenschaft","Management"]
"renaturierung","Renaturierung","renaturierung","","","anschlussbegriff","WÖk-Präzisierungsbegriff",["WÖk-eigener Begriff"]
"rent-seeking","Rent Seeking","rent-seeking","","","Liberalismus, Libertarismus, Neoklassik und Marktbegriffe","Anschlussbegriff",["Ökonomie","Philosophie","Politische Theorie","Soziologie","WÖk-eigener Begriff"]
"rentenfinanzierung","Rentenfinanzierung","rentenfinanzierung","","","Anschlussbegriff","Kontext- und Anschlussbegriff",["Online-Buch Kapitel 56-58","Arbeitspapiere Einkommen und Rente"]
"reparatur","Reparatur","reparatur","","","Kreislaufwirtschaft, Circular Design und Materialkreisläufe","Anschlussbegriff",["Design / Innovation","Klimawissenschaft","Management"]
"reparierbarkeit","Reparierbarkeit","reparierbarkeit","","","Kreislaufwirtschaft, Circular Design und Materialkreisläufe","Anschlussbegriff",["Design / Innovation","Klimawissenschaft","Management"]
"reparierbarkeit-recht-auf-reparatur","Reparierbarkeit / Recht auf Reparatur","reparierbarkeit-recht-auf-reparatur","","","anschlussbegriff","WÖk-Präzisierungsbegriff",["WÖk-eigener Begriff"]
"repowering","Repowering","repowering","","","Batterien, Ladeinfrastruktur, Netzanschluss und Energiespeicher","Anschlussbegriff",["Klimawissenschaft","Recht","Management","Design / Innovation"]
"repraesentation","Repräsentation","repraesentation","","","Demokratie, Rechtsstaat und demokratische Wirkungsarchitektur","Anschlussbegriff",["Politische Theorie","Recht","Soziologie","Medienwissenschaft","WÖk-eigener Begriff"]
"repraesentationsanspruch","Repräsentationsanspruch","repraesentationsanspruch","","","Akteure, Einfluss, Ideologien und demokratische Wirkungsräume","Anschlussbegriff",["Politische Theorie","Soziologie","Recht","Psychologie","Ökonomie","WÖk-eigener Begriff"]
"repraesentative-demokratie","Repräsentative Demokratie","repraesentative-demokratie","","","Demokratie, Rechtsstaat und demokratische Wirkungsarchitektur","Anschlussbegriff",["Politische Theorie","Recht","Soziologie","Medienwissenschaft","WÖk-eigener Begriff"]
"reproduktive-arbeit","Reproduktive Arbeit","reproduktive-arbeit","","","Feminismus, feministische Ökonomie und Care-Wirkung","WÖk-Präzisierungsbegriff",["Ökonomie","Politische Theorie","Soziologie","Philosophie","WÖk-eigener Begriff"]
"reproduktive-gerechtigkeit","Reproduktive Gerechtigkeit","reproduktive-gerechtigkeit","","","Feminismus, feministische Ökonomie und Care-Wirkung","WÖk-Präzisierungsbegriff",["Ökonomie","Soziologie","Philosophie","Politische Theorie","WÖk-eigener Begriff"]
"reproduktive-rechte","Reproduktive Rechte","reproduktive-rechte","","","Feminismus, feministische Ökonomie und Care-Wirkung","WÖk-Präzisierungsbegriff",["Ökonomie","Soziologie","Philosophie","Politische Theorie","WÖk-eigener Begriff"]
"reservekraftwerk","Reservekraftwerk","reservekraftwerk","","","Energie, Strommarkt und Systemkosten","Anschlussbegriff",["Klimawissenschaft","Ökonomie","Recht"]
"residual-emissions","Residual Emissions","residual-emissions","","","Datenbegriff","WÖk-Präzisierungsbegriff",["WÖk-eigener Begriff"]
"residuallast","Residuallast","residuallast","","","Energie, Strommarkt und Systemkosten","Anschlussbegriff",["Klimawissenschaft","Ökonomie","Recht"]
"resilienz","Resilienz","resilienz","","","Psychologische und systemische Wirkmechanismen","WÖk-Präzisierungsbegriff",["WÖk-eigener Begriff"]
"resonanz","Resonanz","resonanz","","","Physik, Energie und Wirkungsmetaphern","WÖk-Präzisierungsbegriff",["WÖk-eigener Begriff"]
"resonanzarchitektur","Resonanzarchitektur","resonanzarchitektur","","","Architekturbegriff","WÖk-Präzisierungsbegriff",["WÖk-eigener Begriff"]
"resonanzraum","Resonanzraum","resonanzraum","","","Psychologische und systemische Wirkmechanismen","WÖk-Präzisierungsbegriff",["WÖk-eigener Begriff"]
"resonanzrisiko","Resonanzrisiko","resonanzrisiko","","","Psychologische und systemische Wirkmechanismen","WÖk-Präzisierungsbegriff",["WÖk-eigener Begriff"]
"responsible-marketing","Responsible Marketing","responsible-marketing","001","Marketing-, Kommunikations- & Vertrauenslogik","Marketing, Kommunikation & Verbraucherinformation","Anschlussbegriff / WÖk-Präzisierung",["WÖk-eigener Begriff"]
"responsivitaet","Responsivität","responsivitaet","","","Demokratie, Rechtsstaat und demokratische Wirkungsarchitektur","Anschlussbegriff",["Politische Theorie","Recht","Soziologie","Medienwissenschaft","WÖk-eigener Begriff"]
"ressourcenallokation","Ressourcenallokation","ressourcenallokation","","","Liberalismus, Libertarismus, Neoklassik und Marktbegriffe","Anschlussbegriff",["Ökonomie","Philosophie","Politische Theorie","Soziologie","WÖk-eigener Begriff"]
"reststrom","Reststrom","reststrom","","","","",["Energiepolitik","Systemgrenze"]
"reverse-logistics","Reverse Logistics","reverse-logistics","","","Kreislaufwirtschaft, Circular Design und Materialkreisläufe","Anschlussbegriff",["Design / Innovation","Klimawissenschaft","Management"]
"reverse-merit-order","Reverse Merit Order","reverse-merit-order","002","Produktwirkung & Bewertungsarchitektur","Messung, Bewertung & Steuerung","WÖk-Prägungsbegriff / Bewertungsprinzip",["WÖk-eigener Begriff"]
"rezyklatanteil","Rezyklatanteil","rezyklatanteil","","","Kreislaufwirtschaft, Circular Design und Materialkreisläufe","Anschlussbegriff",["Design / Innovation","Klimawissenschaft","Management"]
"rezyklatquote-batterie","Rezyklatquote Batterie","rezyklatquote-batterie","","","Batterien, Ladeinfrastruktur, Netzanschluss und Energiespeicher","Anschlussbegriff",["Klimawissenschaft","Recht","Management","Design / Innovation"]
"rlm-messung","RLM-Messung","rlm-messung","","","Batterien, Ladeinfrastruktur, Netzanschluss und Energiespeicher","Methodenbegriff",["Klimawissenschaft","Recht","Management","Design / Innovation"]
"roaming-ladeinfrastruktur","Roaming Ladeinfrastruktur","roaming-ladeinfrastruktur","","","Batterien, Ladeinfrastruktur, Netzanschluss und Energiespeicher","Anschlussbegriff",["Klimawissenschaft","Recht","Management","Design / Innovation"]
"roboteroekonomie","Roboterökonomie","roboteroekonomie","","","Abgrenzungsbegriff","Such- und Kontextbegriff",["Online-Buch Kapitel 56-58","Arbeitspapiere Einkommen und Rente"]
"robotersteuer","Robotersteuer","robotersteuer","","","Abgrenzungsbegriff","Abgrenzungs- und Kritikbegriff",["Online-Buch Kapitel 56-58","Arbeitspapiere Einkommen und Rente"]
"robotik","Robotik","robotik","","","Daten, Digitalisierung und KI","WÖk-Präzisierungsbegriff",["WÖk-eigener Begriff"]
"rohstoffkritikalitaet","Rohstoffkritikalität","rohstoffkritikalitaet","","","anschlussbegriff","WÖk-Präzisierungsbegriff",["WÖk-eigener Begriff"]
"rotorblatt-recycling","Rotorblatt-Recycling","rotorblatt-recycling","","","Batterien, Ladeinfrastruktur, Netzanschluss und Energiespeicher","Anschlussbegriff",["Klimawissenschaft","Recht","Management","Design / Innovation"]
"routineunternehmer","Routineunternehmer / Homo oeconomicus","routineunternehmer","","","Innovation, Evolution und Unternehmertum","Quellen-/Bezugslinienbegriff",["WÖk-eigener Begriff"]
"rueckbau-windenergieanlagen","Rückbau von Windenergieanlagen","rueckbau-windenergieanlagen","","","Batterien, Ladeinfrastruktur, Netzanschluss und Energiespeicher","Anschlussbegriff",["Klimawissenschaft","Recht","Management","Design / Innovation"]
"rueckbaustandard","Rückbaustandard","rueckbaustandard","","","Batterien, Ladeinfrastruktur, Netzanschluss und Energiespeicher","Methodenbegriff",["Klimawissenschaft","Recht","Management","Design / Innovation"]
"rueckbauverpflichtung","Rückbauverpflichtung","rueckbauverpflichtung","","","Batterien, Ladeinfrastruktur, Netzanschluss und Energiespeicher","Anschlussbegriff",["Klimawissenschaft","Recht","Management","Design / Innovation"]
"rueckkopplung","Rückkopplung","rueckkopplung","","","Psychologische und systemische Wirkmechanismen","Anschlussbegriff",["WÖk-eigener Begriff"]
"ruecknahmefaehigkeit","Rücknahmefähigkeit","ruecknahmefaehigkeit","","","Kreislaufwirtschaft, Circular Design und Materialkreisläufe","Anschlussbegriff",["Design / Innovation","Klimawissenschaft","Management"]
"ruecknahmesystem","Rücknahmesystem","ruecknahmesystem","","","Kreislaufwirtschaft, Circular Design und Materialkreisläufe","Anschlussbegriff",["Design / Innovation","Klimawissenschaft","Management"]
"salienz","Salienz","salienz","","","Psychologische und systemische Wirkmechanismen","WÖk-Präzisierungsbegriff",["WÖk-eigener Begriff"]
"salienzsteuerung","Salienzsteuerung","salienzsteuerung","","","Psychologische und systemische Wirkmechanismen","WÖk-Präzisierungsbegriff",["WÖk-eigener Begriff"]
"sbti","SBTi","sbti","","","Datenbegriff","WÖk-Präzisierungsbegriff",["WÖk-eigener Begriff"]
"scheindemokratie","Scheindemokratie","scheindemokratie","","","Autokratien, Regimeformen und demokratische Erosion","Anschlussbegriff",["Politische Theorie","Soziologie","Recht"]
"scheinentlastung","Scheinentlastung","scheinentlastung","","","Psychologische und systemische Wirkmechanismen","WÖk-Präzisierungsbegriff",["WÖk-eigener Begriff"]
"scheinleistung","Scheinleistung","scheinleistung","009","Volkswirtschaft & neue Wohlstandsmessung","Leistung, Wohlstandsmessung & Systemkritik","WÖk-Prägungsbegriff / Diagnosebegriff",["WÖk-eigener Begriff"]
"scheinwahrheit","Scheinwahrheit","scheinwahrheit","","","Sprache, Wirklichkeit und Kommunikation","WÖk-Präzisierungsbegriff",["WÖk-eigener Begriff"]
"schnellladen","Schnellladen","schnellladen","","","Batterien, Ladeinfrastruktur, Netzanschluss und Energiespeicher","Anschlussbegriff",["Klimawissenschaft","Recht","Management","Design / Innovation"]
"schoepferische-zerstoerung","Schöpferische Zerstörung","schoepferische-zerstoerung","","","Innovation, Evolution und Unternehmertum","Quellen-/Bezugslinienbegriff",["WÖk-eigener Begriff"]
"schuldenbremse","Schuldenbremse","schuldenbremse","","","Liberalismus, Libertarismus, Neoklassik und Marktbegriffe","Anschlussbegriff",["Ökonomie","Philosophie","Politische Theorie","Soziologie","WÖk-eigener Begriff"]
"schutzpflicht","Schutzpflicht","schutzpflicht","","","Akteure, Einfluss, Ideologien und demokratische Wirkungsräume","Anschlussbegriff",["Politische Theorie","Soziologie","Recht","Psychologie","Ökonomie","WÖk-eigener Begriff"]
"schutztechnik","Schutztechnik","schutztechnik","","","Batterien, Ladeinfrastruktur, Netzanschluss und Energiespeicher","Anschlussbegriff",["Klimawissenschaft","Recht","Management","Design / Innovation"]
"schwarzstartfaehigkeit","Schwarzstartfähigkeit","schwarzstartfaehigkeit","","","Energie, Strommarkt und Systemkosten","Anschlussbegriff",["Klimawissenschaft","Ökonomie","Recht"]
"schwellenwert","Schwellenwert","schwellenwert","","","Physik, Energie und Wirkungsmetaphern","Anschlussbegriff",["WÖk-eigener Begriff"]
"scope-1","Scope 1","scope-1","","","Klima, Lebenszyklus und ökologische Wirkung","Methodenbegriff",["WÖk-eigener Begriff"]
"scope-1-2-3","Scope 1, Scope 2, Scope 3","scope-1-2-3","","","Klima, Lebenszyklus und ökologische Wirkung","Anschlussbegriff",["WÖk-eigener Begriff"]
"scope-2","Scope 2","scope-2","","","Klima, Lebenszyklus und ökologische Wirkung","Methodenbegriff",["WÖk-eigener Begriff"]
"scope-3","Scope 3","scope-3","","","Klima, Lebenszyklus und ökologische Wirkung","Methodenbegriff",["WÖk-eigener Begriff"]
"scope-3-datenqualitaet","Scope-3-Datenqualität","scope-3-datenqualitaet","","","Klima, Lebenszyklus und ökologische Wirkung","WÖk-Präzisierungsbegriff",["WÖk-eigener Begriff"]
"scorecard","Scorecard","scorecard","","","Messbegriff","WÖk-Präzisierungsbegriff",["WÖk-eigener Begriff"]
"sdg-plus","SDG+","sdg-plus","","","Demokratiebegriff","WÖk-Präzisierungsbegriff",["WÖk-eigener Begriff"]
"sdg-sdgplus-referenzrahmen","SDG-/SDG+-Referenzrahmen","sdg-sdgplus-referenzrahmen","","","Grundbegriff","WÖk-Präzisierungsbegriff",["WÖk-eigener Begriff"]
"sdg-washing","SDG-Washing","sdg-washing","015","Marketing-, Kommunikations- & Vertrauenslogik","SDGs, Kommunikation & Missbrauchsschutz","WÖk-Präzisierungsbegriff / Risiko- und Washingbegriff",["WÖk-eigener Begriff"]
"sdgs","SDGs","sdgs","","","Grundbegriff","WÖk-Präzisierungsbegriff",["WÖk-eigener Begriff"]
"sechster-kondratieff","6. Kondratieff","sechster-kondratieff","","","Transformation, Innovation und wirtschaftliche Entwicklung","WÖk-Präzisierungsbegriff",["WÖk-eigener Begriff"]
"second-life-batterie","Second-Life-Batterie","second-life-batterie","","","Batterien, Ladeinfrastruktur, Netzanschluss und Energiespeicher","Anschlussbegriff",["Klimawissenschaft","Recht","Management","Design / Innovation"]
"sektorkopplung","Sektorkopplung","sektorkopplung","","","Energie, Strommarkt und Systemkosten","Anschlussbegriff",["Klimawissenschaft","Ökonomie","Recht"]
"sekundaerregelung","Sekundärregelung","sekundaerregelung","","","Energie, Strommarkt und Systemkosten","Anschlussbegriff",["Klimawissenschaft","Ökonomie","Recht"]
"sekundaerrohstoff","Sekundärrohstoff","sekundaerrohstoff","","","Kreislaufwirtschaft, Circular Design und Materialkreisläufe","Anschlussbegriff",["Design / Innovation","Klimawissenschaft","Management"]
"selbstorganisation","Selbstorganisation","selbstorganisation","","","Psychologische und systemische Wirkmechanismen","WÖk-Präzisierungsbegriff",["WÖk-eigener Begriff"]
"selbstreferenz","Selbstreferenz","selbstreferenz","","","Systemtheorie, Kybernetik und Konstruktivismus","Anschlussbegriff",["WÖk-eigener Begriff"]
"selbstverantwortung","Selbstverantwortung","selbstverantwortung","","","Liberalismus, Libertarismus, Neoklassik und Marktbegriffe","Anschlussbegriff",["Ökonomie","Philosophie","Politische Theorie","Soziologie","WÖk-eigener Begriff"]
"selbstwirksamkeit","Selbstwirksamkeit","selbstwirksamkeit","","","Psychologische und systemische Wirkmechanismen","WÖk-Präzisierungsbegriff",["WÖk-eigener Begriff"]
"selektive-evidenz","Selektive Evidenz","selektive-evidenz","","","Akteure, Einfluss, Ideologien und demokratische Wirkungsräume","Anschlussbegriff",["Politische Theorie","Soziologie","Recht","Psychologie","Ökonomie","WÖk-eigener Begriff"]
"self-ownership","Self-Ownership","self-ownership","","","Liberalismus, Libertarismus, Neoklassik und Marktbegriffe","Anschlussbegriff",["Ökonomie","Philosophie","Politische Theorie","Soziologie","WÖk-eigener Begriff"]
"sensemaking","Sensemaking","sensemaking","","","Psychologische und systemische Wirkmechanismen","WÖk-Präzisierungsbegriff",["WÖk-eigener Begriff"]
"sensibilisierung","Sensibilisierung","sensibilisierung","","","Neuropsychologische Wirkmechanismen","Anschlussbegriff",["Psychologie","Konstruktivismus"]
"service-ngo","Service-NGO","service-ngo","","","Akteure, Einfluss, Ideologien und demokratische Wirkungsräume","Anschlussbegriff",["Politische Theorie","Soziologie","Recht","Psychologie","Ökonomie","WÖk-eigener Begriff"]
"sexarbeit","Sexarbeit","sexarbeit","","","Soziale Infrastruktur, Arbeit, Körper & Selbstbestimmung","sensibler gesellschaftlicher Anschlussbegriff","WÖk-Begriffsleitfaden"
"sfdr","SFDR","sfdr","","","Datenbegriff","WÖk-Präzisierungsbegriff",["WÖk-eigener Begriff"]
"sharing","Teilen / Sharing","sharing","","","Kreislaufwirtschaft, Circular Design und Materialkreisläufe","Anschlussbegriff",["Design / Innovation","Klimawissenschaft","Management"]
"skandinavisches-modell","Skandinavisches Modell / Nordic Model","skandinavisches-modell","","","Wirtschaftssysteme, Kapitalmythen und Verteilungslogiken","Wirtschaftssystem / Gesellschaftsmodell",["Ökonomie","Politische Theorie","Soziologie"]
"smart-charging","Smart Charging","smart-charging","","","Batterien, Ladeinfrastruktur, Netzanschluss und Energiespeicher","Anschlussbegriff",["Klimawissenschaft","Recht","Management","Design / Innovation"]
"smart-grid","Smart Grid","smart-grid","","","Energie, Strommarkt und Systemkosten","Anschlussbegriff",["Klimawissenschaft","Ökonomie","Recht"]
"smart-meter","Smart Meter","smart-meter","","","Energie, Strommarkt und Systemkosten","Anschlussbegriff",["Klimawissenschaft","Ökonomie","Recht"]
"smart-meter-gateway","Smart Meter Gateway","smart-meter-gateway","","","Energie, Strommarkt und Systemkosten","Methodenbegriff",["Klimawissenschaft","Ökonomie","Recht"]
"social-credit","Social Credit","social-credit","","","Schutzbegriff","WÖk-Präzisierungsbegriff",["WÖk-eigener Begriff"]
"social-taxonomy","Social Taxonomy / Sozialtaxonomie","social-taxonomy","","","Datenbegriff","WÖk-Präzisierungsbegriff",["WÖk-eigener Begriff"]
"solarthermie","Solarthermie","solarthermie","","","Energie, Strommarkt und Systemkosten","Anschlussbegriff",["Klimawissenschaft","Ökonomie","Recht"]
"sorgearbeit","Sorgearbeit","sorgearbeit","","","Feminismus, feministische Ökonomie und Care-Wirkung","WÖk-Präzisierungsbegriff",["Ökonomie","Politische Theorie","Soziologie","Philosophie","WÖk-eigener Begriff"]
"sozialabgaben","Sozialabgaben","sozialabgaben","","","Anschlussbegriff","Such- und Erklärbegriff",["Online-Buch Kapitel 56-58","Arbeitspapiere Einkommen und Rente"]
"soziale-bewaehrtheit","Soziale Bewährtheit / Social Proof","soziale-bewaehrtheit","","","Psychologische und systemische Wirkmechanismen","WÖk-Präzisierungsbegriff",["WÖk-eigener Begriff"]
"soziale-infrastruktur","Soziale Infrastruktur","soziale-infrastruktur","","","Gesellschaft, Soziales & Wirkungsarchitektur","WÖk-Präzisierungsbegriff / Architekturbegriff","WÖk-Begriffsleitfaden"
"soziale-marktwirtschaft","Soziale Marktwirtschaft","soziale-marktwirtschaft","","","Wirtschaftssysteme, Kapitalmythen und Verteilungslogiken","Wirtschaftssystem / Gesellschaftsmodell",["Ökonomie","Politische Theorie","Soziologie"]
"soziale-reproduktion","Soziale Reproduktion","soziale-reproduktion","","","Feminismus, feministische Ökonomie und Care-Wirkung","WÖk-Präzisierungsbegriff",["Ökonomie","Soziologie","Philosophie","Politische Theorie","WÖk-eigener Begriff"]
"sozialfinanzierung","Sozialfinanzierung","sozialfinanzierung","","","Anschlussbegriff","WÖk-Präzisierungsbegriff",["Online-Buch Kapitel 56-58","Arbeitspapiere Einkommen und Rente"]
"sozialisation","Sozialisation","sozialisation","","","Akteure, Einfluss, Ideologien und demokratische Wirkungsräume","Anschlussbegriff",["Politische Theorie","Soziologie","Recht","Psychologie","Ökonomie","WÖk-eigener Begriff"]
"sozialisierung-vergesellschaftung","Sozialisierung / Vergesellschaftung","sozialisierung-vergesellschaftung","","","Akteure, Einfluss, Ideologien und demokratische Wirkungsräume","Anschlussbegriff",["Politische Theorie","Soziologie","Recht","Psychologie","Ökonomie","WÖk-eigener Begriff"]
"sozialismus","Sozialismus","sozialismus","","","Wirtschaftssysteme, Kapitalmythen und Verteilungslogiken","Wirtschaftssystem / Gesellschaftsmodell",["Ökonomie","Politische Theorie","Soziologie"]
"sozialliberalismus","Sozialliberalismus","sozialliberalismus","","","Liberalismus, Libertarismus, Neoklassik und Marktbegriffe","Anschlussbegriff",["Ökonomie","Philosophie","Politische Theorie","Soziologie","WÖk-eigener Begriff"]
"sozialstaatsprinzip","Sozialstaatsprinzip","sozialstaatsprinzip","","","Akteure, Einfluss, Ideologien und demokratische Wirkungsräume","Anschlussbegriff",["Politische Theorie","Soziologie","Recht","Psychologie","Ökonomie","WÖk-eigener Begriff"]
"spannungshaltung","Spannungshaltung","spannungshaltung","","","Energie, Strommarkt und Systemkosten","Anschlussbegriff",["Klimawissenschaft","Ökonomie","Recht"]
"spannungsqualitaet","Power Quality / Spannungsqualität","spannungsqualitaet","","","Batterien, Ladeinfrastruktur, Netzanschluss und Energiespeicher","Anschlussbegriff",["Klimawissenschaft","Recht","Management","Design / Innovation"]
"speicher-energie","Speicher","speicher-energie","","","Energie, Strommarkt und Systemkosten","Anschlussbegriff",["Klimawissenschaft","Ökonomie","Recht"]
"spekulationslogik","Spekulationslogik","spekulationslogik","","","Grundbegriff","WÖk-Präzisierungsbegriff",["WÖk-eigener Begriff"]
"spitzenlast","Spitzenlast","spitzenlast","","","Energie, Strommarkt und Systemkosten","Anschlussbegriff",["Klimawissenschaft","Ökonomie","Recht"]
"sprachspiel","Sprachspiel","sprachspiel","","","Sprache, Wirklichkeit und Kommunikation","Anschlussbegriff",["WÖk-eigener Begriff"]
"st-galler-management-modell","St. Galler Management-Modell","st-galler-management-modell","","","Management, Wirksamkeit und Organisation","Quellen-/Bezugslinienbegriff",["WÖk-eigener Begriff"]
"staat","Staat","staat","","","Staat, Regierung, Verwaltung und Gesellschaft","Anschlussbegriff",["Recht","Politische Theorie","Soziologie","WÖk-eigener Begriff"]
"staatsdelegitimierung","Staatsdelegitimierung","staatsdelegitimierung","","","Demokratie, Rechtsstaat und demokratische Wirkungsarchitektur","Anschlussbegriff",["Recht","Politische Theorie","Soziologie","WÖk-eigener Begriff","Medienwissenschaft"]
"staatsform","Staatsform","staatsform","","","Staat, Regierung, Verwaltung und Gesellschaft","Anschlussbegriff",["Recht","Politische Theorie","Soziologie","WÖk-eigener Begriff"]
"staatsgebiet","Staatsgebiet","staatsgebiet","","","Staat, Regierung, Verwaltung und Gesellschaft","Anschlussbegriff",["Recht","Politische Theorie","Soziologie","WÖk-eigener Begriff"]
"staatsgewalt","Staatsgewalt","staatsgewalt","","","Staat, Regierung, Verwaltung und Gesellschaft","Anschlussbegriff",["Recht","Politische Theorie","Soziologie","WÖk-eigener Begriff"]
"staatskapitalismus","Staatskapitalismus","staatskapitalismus","","","Wirtschaftssysteme, Kapitalmythen und Verteilungslogiken","Wirtschaftssystem / Gesellschaftsmodell",["Ökonomie","Politische Theorie","Soziologie"]
"staatspropaganda","Staatspropaganda","staatspropaganda","","","Autokratien, Regimeformen und demokratische Erosion","Anschlussbegriff",["Politische Theorie","Soziologie","Recht"]
"staatssozialismus","Staatssozialismus","staatssozialismus","","","Wirtschaftssysteme, Kapitalmythen und Verteilungslogiken","Wirtschaftssystem / Gesellschaftsmodell",["Ökonomie","Politische Theorie","Soziologie"]
"staatsversagen","Staatsversagen","staatsversagen","","","Liberalismus, Libertarismus, Neoklassik und Marktbegriffe","Anschlussbegriff",["Ökonomie","Philosophie","Politische Theorie","Soziologie","WÖk-eigener Begriff"]
"staatsvolk","Staatsvolk","staatsvolk","","","Staat, Regierung, Verwaltung und Gesellschaft","Anschlussbegriff",["Recht","Politische Theorie","Soziologie","WÖk-eigener Begriff"]
"stadtwerke","Stadtwerke","stadtwerke","","","Energie, Strommarkt und Systemkosten","Anschlussbegriff",["Klimawissenschaft","Ökonomie","Recht"]
"stafford-beer","Stafford Beer","stafford-beer","","","Vordenker:innen und Bezugslinien","Vordenker-/Bezugslinienbegriff",["WÖk-eigener Begriff"]
"stakeholder-kapitalismus","Stakeholder-Kapitalismus","stakeholder-kapitalismus","","","Wirtschaftssysteme, Kapitalmythen und Verteilungslogiken","Wirtschaftssystem / Gesellschaftsmodell",["Ökonomie","Politische Theorie","Soziologie"]
"standardlastprofil","Standardlastprofil / SLP","standardlastprofil","","","Batterien, Ladeinfrastruktur, Netzanschluss und Energiespeicher","Methodenbegriff",["Klimawissenschaft","Recht","Management","Design / Innovation"]
"state-capture","State Capture","state-capture","","","Akteure, Einfluss, Ideologien und demokratische Wirkungsräume","Anschlussbegriff",["Politische Theorie","Soziologie","Recht","Psychologie","Ökonomie","WÖk-eigener Begriff"]
"state-of-charge","State of Charge / SOC","state-of-charge","","","Batterien, Ladeinfrastruktur, Netzanschluss und Energiespeicher","Anschlussbegriff",["Klimawissenschaft","Recht","Management","Design / Innovation"]
"state-of-health","State of Health / SOH","state-of-health","","","Batterien, Ladeinfrastruktur, Netzanschluss und Energiespeicher","Anschlussbegriff",["Klimawissenschaft","Recht","Management","Design / Innovation"]
"stationaerer-batteriespeicher","Stationärer Batteriespeicher","stationaerer-batteriespeicher","","","Batterien, Ladeinfrastruktur, Netzanschluss und Energiespeicher","Anschlussbegriff",["Klimawissenschaft","Recht","Management","Design / Innovation"]
"status-quo-bias","Status-quo-Bias","status-quo-bias","","","Psychologische und systemische Wirkmechanismen","WÖk-Präzisierungsbegriff",["WÖk-eigener Begriff"]
"steuerkritik","Steuerkritik","steuerkritik","","","Liberalismus, Libertarismus, Neoklassik und Marktbegriffe","Anschlussbegriff",["Ökonomie","Philosophie","Politische Theorie","Soziologie","WÖk-eigener Begriff"]
"steuerungsdaten","Steuerungsdaten","steuerungsdaten","","","Datenbegriff","WÖk-Präzisierungsbegriff",["WÖk-eigener Begriff"]
"stiftung","Stiftung","stiftung","","","Akteure, Einfluss, Ideologien und demokratische Wirkungsräume","Anschlussbegriff",["Politische Theorie","Soziologie","Recht","Psychologie","Ökonomie","WÖk-eigener Begriff"]
"stranded-assets","Stranded Assets","stranded-assets","","","Grundbegriff","WÖk-Präzisierungsbegriff",["WÖk-eigener Begriff"]
"strategische-reserve","Strategische Reserve","strategische-reserve","","","Energie, Strommarkt und Systemkosten","Methodenbegriff",["Klimawissenschaft","Ökonomie","Recht"]
"strategisches-management","Strategisches Management","strategisches-management","","","Management, Wirksamkeit und Organisation","Anschlussbegriff",["WÖk-eigener Begriff"]
"streitfaehigkeit","Streitfähigkeit","streitfaehigkeit","","","Demokratie, Rechtsstaat und demokratische Wirkungsarchitektur","Anschlussbegriff",["Politische Theorie","Recht","Soziologie","Medienwissenschaft","WÖk-eigener Begriff"]
"stressreaktion","Stressreaktion","stressreaktion","","","Neuropsychologische Wirkmechanismen","Anschlussbegriff",["Psychologie","Konstruktivismus"]
"stromgestehungskosten","Stromgestehungskosten","stromgestehungskosten","","","Energie, Strommarkt und Systemkosten","Anschlussbegriff",["Klimawissenschaft","Ökonomie","Recht"]
"strommarkt","Strommarkt","strommarkt","","","Energie, Strommarkt und Systemkosten","Anschlussbegriff",["Klimawissenschaft","Ökonomie","Recht"]
"strommarktdesign","Strommarktdesign","strommarktdesign","","","Energie, Strommarkt und Systemkosten","Anschlussbegriff",["Klimawissenschaft","Ökonomie","Recht"]
"stromnetz","Stromnetz","stromnetz","","","Energie, Strommarkt und Systemkosten","Anschlussbegriff",["Klimawissenschaft","Ökonomie","Recht"]
"stromnev","StromNEV","stromnev","","","Energie, Strommarkt und Systemkosten","Methodenbegriff",["Klimawissenschaft","Ökonomie","Recht"]
"strompreisbestandteile","Strompreisbestandteile","strompreisbestandteile","","","Energie, Strommarkt und Systemkosten","Anschlussbegriff",["Klimawissenschaft","Ökonomie","Recht"]
"stromsteuer","Stromsteuer","stromsteuer","","","Energie, Strommarkt und Systemkosten","Anschlussbegriff",["Klimawissenschaft","Ökonomie","Recht"]
"strukturdeterminiertheit","Strukturdeterminiertheit","strukturdeterminiertheit","","","Systemtheorie, Kybernetik und Konstruktivismus","Anschlussbegriff",["WÖk-eigener Begriff"]
"strukturelle-kopplung","Strukturelle Kopplung","strukturelle-kopplung","","","Psychologische und systemische Wirkmechanismen","Anschlussbegriff",["WÖk-eigener Begriff"]
"struktureller-rassismus","Struktureller Rassismus","struktureller-rassismus","","","Akteure, Einfluss, Ideologien und demokratische Wirkungsräume","Anschlussbegriff",["Politische Theorie","Soziologie","Recht","Psychologie","Ökonomie","WÖk-eigener Begriff"]
"strukturelles-driften","Strukturelles Driften","strukturelles-driften","","","Psychologische und systemische Wirkmechanismen","Anschlussbegriff",["WÖk-eigener Begriff"]
"studienfinanzierung","Studienfinanzierung","studienfinanzierung","","","Akteure, Einfluss, Ideologien und demokratische Wirkungsräume","Anschlussbegriff",["Politische Theorie","Soziologie","Recht","Psychologie","Ökonomie","WÖk-eigener Begriff"]
"suendenbockmechanismus","Sündenbockmechanismus","suendenbockmechanismus","","","Faschismus, faschistoid und autoritäre Wirkungsrisiken","Anschlussbegriff",["Politische Theorie","Soziologie","Recht","Psychologie","Ökonomie","WÖk-eigener Begriff"]
"suffizienz","Suffizienz","suffizienz","","","anschlussbegriff","WÖk-Präzisierungsbegriff",["WÖk-eigener Begriff"]
"superkondensator","Superkondensator","superkondensator","","","Batterien, Ladeinfrastruktur, Netzanschluss und Energiespeicher","Anschlussbegriff",["Klimawissenschaft","Recht","Management","Design / Innovation"]
"supply-chain-resilienz","Supply-Chain-Resilienz","supply-chain-resilienz","013","Lieferketten-, Beschaffungs- und Produktionslogik","Lieferketten, Risiko & Resilienz","Anschlussbegriff / WÖk-Präzisierung","Glossar-Pack 013"
"supply-side-economics","Supply-side Economics","supply-side-economics","","","Liberalismus, Libertarismus, Neoklassik und Marktbegriffe","Anschlussbegriff",["Ökonomie","Philosophie","Politische Theorie","Soziologie","WÖk-eigener Begriff"]
"supraleitung","Supraleitung","supraleitung","","","Quantenphysik, Quantenmaterialien und Zukunftstechnologien","Anschlussbegriff",["Klimawissenschaft","Design / Innovation"]
"sustainable-finance","Sustainable Finance","sustainable-finance","","","Datenbegriff","WÖk-Präzisierungsbegriff",["WÖk-eigener Begriff"]
"systemdienstleistungen","Systemdienstleistungen","systemdienstleistungen","","","Energie, Strommarkt und Systemkosten","Anschlussbegriff",["Klimawissenschaft","Ökonomie","Recht"]
"systemgrenze","Systemgrenze","systemgrenze","","","Physik, Energie und Wirkungsmetaphern","Methodenbegriff",["WÖk-eigener Begriff"]
"systemische-kohaerenz","Systemische Kohärenz","systemische-kohaerenz","","","Psychologische und systemische Wirkmechanismen","WÖk-Präzisierungsbegriff",["WÖk-eigener Begriff"]
"systemischer-wert","Systemischer Wert","systemischer-wert","","","Werte, Normativität und Bewertung","WÖk-Präzisierungsbegriff",["WÖk-eigener Begriff"]
"systemkosten","Systemkosten","systemkosten","","","Energie, Strommarkt und Systemkosten","Anschlussbegriff",["Klimawissenschaft","Ökonomie","Recht"]
"systemorientiertes-management","Systemorientiertes Management","systemorientiertes-management","","","Management, Wirksamkeit und Organisation","Anschlussbegriff",["WÖk-eigener Begriff"]
"systemverzerrender-lobbyismus","Systemverzerrender Lobbyismus","systemverzerrender-lobbyismus","","","Akteure, Einfluss, Ideologien und demokratische Wirkungsräume","Anschlussbegriff",["Politische Theorie","Soziologie","Recht","Psychologie","Ökonomie","WÖk-eigener Begriff"]
"t-sroi","T-SROI","t-sroi","","","Messbegriff","WÖk-Präzisierungsbegriff",["WÖk-eigener Begriff"]
"tab-mittelspannung","TAB Mittelspannung","tab-mittelspannung","","","Batterien, Ladeinfrastruktur, Netzanschluss und Energiespeicher","Methodenbegriff",["Klimawissenschaft","Recht","Management","Design / Innovation"]
"tandem-solarzelle","Tandem-Solarzelle","tandem-solarzelle","","","Quantenphysik, Quantenmaterialien und Zukunftstechnologien","Anschlussbegriff",["Klimawissenschaft","Design / Innovation"]
"tank-to-wheel","Tank-to-Wheel","tank-to-wheel","","","Klima, Lebenszyklus und ökologische Wirkung","Methodenbegriff",["WÖk-eigener Begriff"]
"tar-mittelspannung","TAR Mittelspannung / VDE-AR-N 4110","tar-mittelspannung","","","Batterien, Ladeinfrastruktur, Netzanschluss und Energiespeicher","Methodenbegriff",["Klimawissenschaft","Recht","Management","Design / Innovation"]
"tauschwert","Tauschwert","tauschwert","","","Werte, Normativität und Bewertung","Anschlussbegriff",["WÖk-eigener Begriff"]
"taxonomiefaehigkeit","Taxonomiefähigkeit","taxonomiefaehigkeit","","","Datenbegriff","WÖk-Präzisierungsbegriff",["WÖk-eigener Begriff"]
"taxonomiekonformitaet","Taxonomiekonformität","taxonomiekonformitaet","","","Datenbegriff","WÖk-Präzisierungsbegriff",["WÖk-eigener Begriff"]
"taxonomy-kpis","Taxonomie-KPIs","taxonomy-kpis","","","Datenbegriff","WÖk-Präzisierungsbegriff",["WÖk-eigener Begriff"]
"taxonomy-navigator","Taxonomy Navigator / Taxonomy Compass","taxonomy-navigator","","","Datenbegriff","WÖk-Präzisierungsbegriff",["WÖk-eigener Begriff"]
"tcfd","TCFD","tcfd","","","Datenbegriff","WÖk-Präzisierungsbegriff",["WÖk-eigener Begriff"]
"technische-anschlussregel","Technische Anschlussregel / TAR","technische-anschlussregel","","","Batterien, Ladeinfrastruktur, Netzanschluss und Energiespeicher","Methodenbegriff",["Klimawissenschaft","Recht","Management","Design / Innovation"]
"technische-bewertungskriterien","Technische Bewertungskriterien","technische-bewertungskriterien","","","Datenbegriff","WÖk-Präzisierungsbegriff",["WÖk-eigener Begriff"]
"technischer-kreislauf","Technischer Kreislauf","technischer-kreislauf","","","Kreislaufwirtschaft, Circular Design und Materialkreisläufe","Anschlussbegriff",["Design / Innovation","Klimawissenschaft","Management"]
"technischer-naehrstoff","Technischer Nährstoff","technischer-naehrstoff","","","Kreislaufwirtschaft, Circular Design und Materialkreisläufe","Anschlussbegriff",["Design / Innovation","Klimawissenschaft","Management"]
"theokratie","Theokratie","theokratie","","","Autokratien, Regimeformen und demokratische Erosion","Anschlussbegriff",["Politische Theorie","Soziologie","Recht"]
"thermal-runaway","Thermal Runaway","thermal-runaway","","","Batterien, Ladeinfrastruktur, Netzanschluss und Energiespeicher","Anschlussbegriff",["Klimawissenschaft","Recht","Management","Design / Innovation"]
"thermisches-kraftwerk","Thermisches Kraftwerk","thermisches-kraftwerk","","","Energie, Strommarkt und Systemkosten","Anschlussbegriff",["Klimawissenschaft","Ökonomie","Recht"]
"thg-emissions-scopes","THG-Emissions-Scopes","thg-emissions-scopes","","","Klima, Lebenszyklus und ökologische Wirkung","Methodenbegriff",["WÖk-eigener Begriff"]
"thinktank","Thinktank","thinktank","","","Akteure, Einfluss, Ideologien und demokratische Wirkungsräume","Anschlussbegriff / Akteurstyp",["Politische Theorie","Soziologie","Recht","Psychologie","Ökonomie","WÖk-eigener Begriff"]
"thinktank-netzwerk","Thinktank-Netzwerk","thinktank-netzwerk","","","Akteure, Einfluss, Ideologien und demokratische Wirkungsräume","Anschlussbegriff",["Politische Theorie","Soziologie","Recht","Psychologie","Ökonomie","WÖk-eigener Begriff"]
"tnfd","TNFD","tnfd","","","Datenbegriff","WÖk-Präzisierungsbegriff",["WÖk-eigener Begriff"]
"totalitarismus","Totalitarismus","totalitarismus","","","Faschismus, faschistoid und autoritäre Wirkungsrisiken","Anschlussbegriff",["Politische Theorie","Soziologie","Recht","Psychologie","Ökonomie","WÖk-eigener Begriff"]
"totalitarismus-arendt","Totalitarismus nach Arendt","totalitarismus-arendt","","","Hannah Arendt und politische Wirkungsbegriffe","Anschlussbegriff",["Philosophie","Politische Theorie","Soziologie"]
"trafostation","Trafostation","trafostation","","","Batterien, Ladeinfrastruktur, Netzanschluss und Energiespeicher","Anschlussbegriff",["Klimawissenschaft","Recht","Management","Design / Innovation"]
"transaktionskosten","Transaktionskosten","transaktionskosten","","","Liberalismus, Libertarismus, Neoklassik und Marktbegriffe","Anschlussbegriff",["Ökonomie","Philosophie","Politische Theorie","Soziologie","WÖk-eigener Begriff"]
"transformationsbonus","Transformationsbonus","transformationsbonus","","","Praxisbegriff","WÖk-Präzisierungsbegriff",["Online-Buch Kapitel 56-58","Arbeitspapiere Einkommen und Rente"]
"transformationspfad","Transformationspfad","transformationspfad","014","Risiko-, Resilienz- und Transformationslogik im Unternehmen","Transformation, Strategie & Unternehmensentwicklung","WÖk-Präzisierungsbegriff / Transformationsbegriff","Glossar-Pack 014"
"transformationswelle","Transformationswelle","transformationswelle","","","Innovation, Evolution und Unternehmertum","WÖk-Präzisierungsbegriff",["WÖk-eigener Begriff"]
"transformationswirkung","Transformationswirkung","transformationswirkung","003","Wirkungssprache & Kernlogik","Grundbegriffe der Wirkungsökonomie","WÖk-Präzisierungsbegriff / Transformationsbegriff",["WÖk-eigener Begriff"]
"transformator","Transformator / Trafo","transformator","","","Batterien, Ladeinfrastruktur, Netzanschluss und Energiespeicher","Anschlussbegriff",["Klimawissenschaft","Recht","Management","Design / Innovation"]
"transition-finance","Transition Finance","transition-finance","","","Datenbegriff","WÖk-Präzisierungsbegriff",["WÖk-eigener Begriff"]
"transition-plan","Transition Plan","transition-plan","","","Datenbegriff","WÖk-Präzisierungsbegriff",["WÖk-eigener Begriff"]
"transition-risk","Transition Risk","transition-risk","","","Datenbegriff","WÖk-Präzisierungsbegriff",["WÖk-eigener Begriff"]
"transparenz","Transparenz","transparenz","","","Demokratie, Rechtsstaat und demokratische Wirkungsarchitektur","Anschlussbegriff",["Politische Theorie","Recht","Soziologie","Medienwissenschaft","WÖk-eigener Begriff"]
"transparenzregister-lobbyismus","Transparenzregister","transparenzregister-lobbyismus","","","Akteure, Einfluss, Ideologien und demokratische Wirkungsräume","Anschlussbegriff",["Politische Theorie","Soziologie","Recht","Psychologie","Ökonomie","WÖk-eigener Begriff"]
"treibhausgasemissionen","Treibhausgasemissionen","treibhausgasemissionen","","","Klima, Lebenszyklus und ökologische Wirkung","Anschlussbegriff",["WÖk-eigener Begriff"]
"trickle-down-oekonomie","Trickle-down-Ökonomie","trickle-down-oekonomie","","","Liberalismus, Libertarismus, Neoklassik und Marktbegriffe","Anschlussbegriff / Systemmythos / wirtschaftspolitischer Wirkpfad",["Ökonomie","Politische Theorie","Soziologie","Philosophie","WÖk-eigener Begriff"]
"trittbrettfahrerproblem","Trittbrettfahrerproblem","trittbrettfahrerproblem","","","Liberalismus, Libertarismus, Neoklassik und Marktbegriffe","Anschlussbegriff",["Ökonomie","Philosophie","Politische Theorie","Soziologie","WÖk-eigener Begriff"]
"triviale-maschine","Triviale Maschine","triviale-maschine","","","Systemtheorie, Kybernetik und Konstruktivismus","Anschlussbegriff",["WÖk-eigener Begriff"]
"typ-2-stecker","Typ-2-Stecker","typ-2-stecker","","","Batterien, Ladeinfrastruktur, Netzanschluss und Energiespeicher","Anschlussbegriff",["Klimawissenschaft","Recht","Management","Design / Innovation"]
"uebergabestation","Übergabestation","uebergabestation","","","Batterien, Ladeinfrastruktur, Netzanschluss und Energiespeicher","Anschlussbegriff",["Klimawissenschaft","Recht","Management","Design / Innovation"]
"uebergangstaetigkeit","Übergangstätigkeit","uebergangstaetigkeit","","","Datenbegriff","WÖk-Präzisierungsbegriff",["WÖk-eigener Begriff"]
"uebertragungsnetz","Übertragungsnetz","uebertragungsnetz","","","Energie, Strommarkt und Systemkosten","Anschlussbegriff",["Klimawissenschaft","Ökonomie","Recht"]
"ueberwachungskapitalismus","Überwachungskapitalismus","ueberwachungskapitalismus","","","Wirtschaftssysteme, Kapitalmythen und Verteilungslogiken","Wirtschaftssystem / Gesellschaftsmodell",["Ökonomie","Politische Theorie","Soziologie"]
"umspannstation","Umspannstation","umspannstation","","","Batterien, Ladeinfrastruktur, Netzanschluss und Energiespeicher","Anschlussbegriff",["Klimawissenschaft","Recht","Management","Design / Innovation"]
"umspannwerk","Umspannwerk","umspannwerk","","","Batterien, Ladeinfrastruktur, Netzanschluss und Energiespeicher","Anschlussbegriff",["Klimawissenschaft","Recht","Management","Design / Innovation"]
"umweltgerechtigkeit","Umweltgerechtigkeit","umweltgerechtigkeit","","","anschlussbegriff","WÖk-Präzisierungsbegriff",["WÖk-eigener Begriff"]
"un-guiding-principles","UN Guiding Principles on Business and Human Rights","un-guiding-principles","","","Datenbegriff","WÖk-Präzisierungsbegriff",["WÖk-eigener Begriff"]
"unbezahlte-arbeit","Unbezahlte Arbeit","unbezahlte-arbeit","","","Feminismus, feministische Ökonomie und Care-Wirkung","WÖk-Präzisierungsbegriff",["Ökonomie","Soziologie","Philosophie","Politische Theorie","WÖk-eigener Begriff"]
"unsichtbare-arbeit","Unsichtbare Arbeit","unsichtbare-arbeit","","","Feminismus, feministische Ökonomie und Care-Wirkung","WÖk-Präzisierungsbegriff",["Ökonomie","Soziologie","Philosophie","Politische Theorie","WÖk-eigener Begriff"]
"unternehmen-als-wirkungssystem","Unternehmen als Wirkungssystem","unternehmen-als-wirkungssystem","012","Unternehmen, Führung & Wirkungskompetenz","Unternehmen, Strategie & Wirkungsökonomie","WÖk-Prägungsbegriff / Unternehmensbegriff","Glossar-Pack 012"
"unternehmerfunktion","Unternehmerfunktion","unternehmerfunktion","","","Innovation, Evolution und Unternehmertum","Anschlussbegriff",["WÖk-eigener Begriff"]
"unternehmerisches-lernen","Unternehmerisches Lernen","unternehmerisches-lernen","","","Innovation, Evolution und Unternehmertum","Quellen-/Bezugslinienbegriff",["WÖk-eigener Begriff"]
"upcycling","Upcycling","upcycling","","","Kreislaufwirtschaft, Circular Design und Materialkreisläufe","Anschlussbegriff",["Design / Innovation","Klimawissenschaft","Management"]
"urban-mining","Urban Mining","urban-mining","","","Kreislaufwirtschaft, Circular Design und Materialkreisläufe","Anschlussbegriff",["Design / Innovation","Klimawissenschaft","Management"]
"urban-mining-batterien","Urban Mining Batterien","urban-mining-batterien","","","Batterien, Ladeinfrastruktur, Netzanschluss und Energiespeicher","Anschlussbegriff",["Klimawissenschaft","Recht","Management","Design / Innovation"]
"urteilskraft","Urteilskraft","urteilskraft","","","Hannah Arendt und politische Wirkungsbegriffe","Anschlussbegriff",["Philosophie","Politische Theorie","Soziologie"]
"value-proposition","Value Proposition","value-proposition","","","Design, Geschäftsmodelle und Wertversprechen","Methodenbegriff",["WÖk-eigener Begriff"]
"value-proposition-canvas","Value Proposition Canvas","value-proposition-canvas","","","Design, Geschäftsmodelle und Wertversprechen","Methodenbegriff",["WÖk-eigener Begriff"]
"varietaet","Varietät","varietaet","","","Systemtheorie, Kybernetik und Konstruktivismus","Anschlussbegriff",["WÖk-eigener Begriff"]
"vehicle-to-grid","Vehicle-to-Grid","vehicle-to-grid","","","Energie, Strommarkt und Systemkosten","Anschlussbegriff",["Klimawissenschaft","Ökonomie","Recht"]
"vehicle-to-home","Vehicle-to-Home","vehicle-to-home","","","Batterien, Ladeinfrastruktur, Netzanschluss und Energiespeicher","Anschlussbegriff",["Klimawissenschaft","Recht","Management","Design / Innovation"]
"vehicle-to-load","Vehicle-to-Load","vehicle-to-load","","","Batterien, Ladeinfrastruktur, Netzanschluss und Energiespeicher","Anschlussbegriff",["Klimawissenschaft","Recht","Management","Design / Innovation"]
"verbrauchsgueter","Verbrauchsgüter","verbrauchsgueter","","","Kreislaufwirtschaft, Circular Design und Materialkreisläufe","Anschlussbegriff",["Design / Innovation","Klimawissenschaft","Management"]
"verfassung","Verfassung","verfassung","","","Staat, Regierung, Verwaltung und Gesellschaft","Anschlussbegriff",["Recht","Politische Theorie","Soziologie","WÖk-eigener Begriff"]
"verfassungsgerichtsbarkeit","Verfassungsgerichtsbarkeit","verfassungsgerichtsbarkeit","","","Demokratie, Rechtsstaat und demokratische Wirkungsarchitektur","Anschlussbegriff",["Politische Theorie","Recht","Soziologie","Medienwissenschaft","WÖk-eigener Begriff"]
"verfassungsmaessige-wirkungsarchitektur","Verfassungsmäßige Wirkungsarchitektur","verfassungsmaessige-wirkungsarchitektur","","","Akteure, Einfluss, Ideologien und demokratische Wirkungsräume","WÖk-Präzisierungsbegriff",["Politische Theorie","Soziologie","Recht","Psychologie","Ökonomie","WÖk-eigener Begriff"]
"verfassungsorgan","Verfassungsorgan","verfassungsorgan","","","Staat, Regierung, Verwaltung und Gesellschaft","Anschlussbegriff",["Recht","Politische Theorie","Soziologie","WÖk-eigener Begriff"]
"verfuegbarkeitsheuristik","Verfügbarkeitsheuristik","verfuegbarkeitsheuristik","","","Psychologische und systemische Wirkmechanismen","WÖk-Präzisierungsbegriff",["WÖk-eigener Begriff"]
"verhaeltnismaessigkeit","Verhältnismäßigkeit","verhaeltnismaessigkeit","","","Akteure, Einfluss, Ideologien und demokratische Wirkungsräume","Methodenbegriff",["Politische Theorie","Soziologie","Recht","Psychologie","Ökonomie","WÖk-eigener Begriff"]
"verlustaversion","Verlustaversion","verlustaversion","","","Psychologische und systemische Wirkmechanismen","WÖk-Präzisierungsbegriff",["WÖk-eigener Begriff"]
"verlustleistung","Verlustleistung","verlustleistung","","","Physik, Energie und Wirkungsmetaphern","WÖk-Präzisierungsbegriff",["WÖk-eigener Begriff"]
"vermeidene-schaeden-folgekosten","Vermeidene Schäden / vermiedene Folgekosten","vermeidene-schaeden-folgekosten","","","grundbegriff","WÖk-Präzisierungsbegriff",["WÖk-eigener Begriff"]
"versicherbarkeit","Versicherbarkeit","versicherbarkeit","011","Kapital, Fonds & Versicherbarkeit nach Wirkung","Risiko, Versicherung & Wirkungsresilienz","Anschlussbegriff / WÖk-Präzisierung","Glossar-Pack 011"
"versorgungssicherheit","Versorgungssicherheit","versorgungssicherheit","","","Energie, Strommarkt und Systemkosten","Anschlussbegriff",["Klimawissenschaft","Ökonomie","Recht"]
"verstaerkungslernen","Verstärkungslernen","verstaerkungslernen","","","Neuropsychologische Wirkmechanismen","Anschlussbegriff",["Psychologie","Konstruktivismus"]
"verteilnetz","Verteilnetz","verteilnetz","","","Energie, Strommarkt und Systemkosten","Anschlussbegriff",["Klimawissenschaft","Ökonomie","Recht"]
"vertragsfreiheit","Vertragsfreiheit","vertragsfreiheit","","","Liberalismus, Libertarismus, Neoklassik und Marktbegriffe","Anschlussbegriff",["Ökonomie","Philosophie","Politische Theorie","Soziologie","WÖk-eigener Begriff"]
"vertrauen","Vertrauen","vertrauen","","","Demokratiebegriff","WÖk-Präzisierungsbegriff",["WÖk-eigener Begriff"]
"vertrauensverschiebung","Vertrauensverschiebung","vertrauensverschiebung","","","Psychologische und systemische Wirkmechanismen","WÖk-Präzisierungsbegriff",["WÖk-eigener Begriff"]
"vertrautheitseffekt","Vertrautheitseffekt","vertrautheitseffekt","","","Neuropsychologische Wirkmechanismen","Anschlussbegriff",["Psychologie","Konstruktivismus"]
"verwaltung","Verwaltung","verwaltung","","","Staat, Regierung, Verwaltung und Gesellschaft","Anschlussbegriff",["Recht","Politische Theorie","Soziologie","WÖk-eigener Begriff"]
"viabilitaet","Viabilität","viabilitaet","","","Systemtheorie, Kybernetik und Konstruktivismus","Anschlussbegriff",["WÖk-eigener Begriff"]
"viable-system-model","Viable System Model","viable-system-model","","","Systemtheorie, Kybernetik und Konstruktivismus","Methodenbegriff",["WÖk-eigener Begriff"]
"vita-activa","Vita activa","vita-activa","","","Hannah Arendt und politische Wirkungsbegriffe","Anschlussbegriff",["Philosophie","Politische Theorie","Soziologie"]
"volkssouveraenitaet","Volkssouveränität","volkssouveraenitaet","","","Demokratie, Rechtsstaat und demokratische Wirkungsarchitektur","Anschlussbegriff",["Politische Theorie","Recht","Soziologie","Medienwissenschaft","WÖk-eigener Begriff"]
"vollstaendige-information","Vollständige Information","vollstaendige-information","","","Liberalismus, Libertarismus, Neoklassik und Marktbegriffe","Anschlussbegriff",["Ökonomie","Philosophie","Politische Theorie","Soziologie","WÖk-eigener Begriff"]
"vsme","VSME","vsme","","","Datenbegriff","WÖk-Präzisierungsbegriff",["WÖk-eigener Begriff"]
"vulnerabilitaet","Vulnerabilität","vulnerabilitaet","","","Klima, Lebenszyklus und ökologische Wirkung","Anschlussbegriff",["WÖk-eigener Begriff"]
"waermepumpe","Wärmepumpe","waermepumpe","","","Energie, Strommarkt und Systemkosten","Anschlussbegriff",["Klimawissenschaft","Ökonomie","Recht"]
"waermespeicher","Wärmespeicher","waermespeicher","","","Energie, Strommarkt und Systemkosten","Anschlussbegriff",["Klimawissenschaft","Ökonomie","Recht"]
"wahlintegritaet","Wahlintegrität","wahlintegritaet","","","Demokratie, Rechtsstaat und demokratische Wirkungsarchitektur","Anschlussbegriff",["Politische Theorie","Recht","Soziologie","Medienwissenschaft","WÖk-eigener Begriff"]
"wahlmanipulation","Wahlmanipulation","wahlmanipulation","","","Autokratien, Regimeformen und demokratische Erosion","Anschlussbegriff",["Politische Theorie","Soziologie","Recht"]
"wahrhaftigkeit","Wahrhaftigkeit","wahrhaftigkeit","","","Sprache, Wirklichkeit und Kommunikation","WÖk-Präzisierungsbegriff",["WÖk-eigener Begriff"]
"wahrheit","Wahrheit","wahrheit","","","Sprache, Wirklichkeit und Kommunikation","WÖk-Präzisierungsbegriff",["WÖk-eigener Begriff"]
"wahrheitsillusionseffekt","Wahrheitsillusionseffekt","wahrheitsillusionseffekt","","","Neuropsychologische Wirkmechanismen","Anschlussbegriff",["Psychologie","Konstruktivismus"]
"wahrnehmung","Wahrnehmung","wahrnehmung","","","Neuropsychologische Wirkmechanismen","Anschlussbegriff",["Psychologie","Konstruktivismus"]
"wallbox","Wallbox","wallbox","","","Batterien, Ladeinfrastruktur, Netzanschluss und Energiespeicher","Anschlussbegriff",["Klimawissenschaft","Recht","Management","Design / Innovation"]
"wandlermessung","Wandlermessung","wandlermessung","","","Batterien, Ladeinfrastruktur, Netzanschluss und Energiespeicher","Methodenbegriff",["Klimawissenschaft","Recht","Management","Design / Innovation"]
"warenfetisch","Warenfetisch","warenfetisch","","","Kapital, Markt und Eigentum","Anschlussbegriff",["WÖk-eigener Begriff"]
"warmmietenneutralitaet","Warmmietenneutralität","warmmietenneutralitaet","","","Grundbegriff","WÖk-Präzisierungsbegriff",["WÖk-eigener Begriff"]
"wartung","Wartung / Maintenance","wartung","","","Kreislaufwirtschaft, Circular Design und Materialkreisläufe","Anschlussbegriff",["Design / Innovation","Klimawissenschaft","Management"]
"wasserkraft","Wasserkraft","wasserkraft","","","Energie, Strommarkt und Systemkosten","Anschlussbegriff",["Klimawissenschaft","Ökonomie","Recht"]
"wasserstoff","Wasserstoff","wasserstoff","","","Energie, Strommarkt und Systemkosten","Anschlussbegriff",["Klimawissenschaft","Ökonomie","Recht"]
"wasserstoffspeicher","Wasserstoffspeicher","wasserstoffspeicher","","","Energie, Strommarkt und Systemkosten","Anschlussbegriff",["Klimawissenschaft","Ökonomie","Recht"]
"wasserstress","Wasserstress","wasserstress","","","Datenbegriff","WÖk-Präzisierungsbegriff",["WÖk-eigener Begriff"]
"watchdog-organisation","Watchdog-Organisation","watchdog-organisation","","","Akteure, Einfluss, Ideologien und demokratische Wirkungsräume","Anschlussbegriff",["Politische Theorie","Soziologie","Recht","Psychologie","Ökonomie","WÖk-eigener Begriff"]
"wehrhafte-demokratie","Wehrhafte Demokratie","wehrhafte-demokratie","","","Demokratie, Rechtsstaat und demokratische Wirkungsarchitektur","Anschlussbegriff",["Politische Theorie","Recht","Soziologie","Medienwissenschaft","WÖk-eigener Begriff"]
"weiterverteilung","Weiterverteilung / Redistribute","weiterverteilung","","","Kreislaufwirtschaft, Circular Design und Materialkreisläufe","Anschlussbegriff",["Design / Innovation","Klimawissenschaft","Management"]
"well-to-tank","Well-to-Tank","well-to-tank","","","Klima, Lebenszyklus und ökologische Wirkung","Methodenbegriff",["WÖk-eigener Begriff"]
"well-to-wheel","Well-to-Wheel","well-to-wheel","","","Klima, Lebenszyklus und ökologische Wirkung","Methodenbegriff",["WÖk-eigener Begriff"]
"weltlosigkeit","Weltlosigkeit","weltlosigkeit","","","Hannah Arendt und politische Wirkungsbegriffe","Anschlussbegriff",["Philosophie","Politische Theorie","Soziologie"]
"wert","Wert","wert","","","Werte, Normativität und Bewertung","WÖk-Präzisierungsbegriff",["WÖk-eigener Begriff"]
"werte","Werte","werte","","","Werte, Normativität und Bewertung","WÖk-Präzisierungsbegriff",["WÖk-eigener Begriff"]
"wertekonflikt","Wertekonflikt","wertekonflikt","","","Werte, Normativität und Bewertung","Anschlussbegriff",["WÖk-eigener Begriff"]
"werterhalt","Werterhalt","werterhalt","","","Kreislaufwirtschaft, Circular Design und Materialkreisläufe","Anschlussbegriff",["Design / Innovation","Klimawissenschaft","Management"]
"wertewandel","Wertewandel","wertewandel","","","Werte, Normativität und Bewertung","Anschlussbegriff",["WÖk-eigener Begriff"]
"wertschoepfung","Wertschöpfung","wertschoepfung","","","Kapital, Markt und Eigentum","Anschlussbegriff",["WÖk-eigener Begriff"]
"wesentlicher-beitrag","Wesentlicher Beitrag","wesentlicher-beitrag","","","Datenbegriff","WÖk-Präzisierungsbegriff",["WÖk-eigener Begriff"]
"who","WHO","who","","","Datenbegriff","WÖk-Präzisierungsbegriff",["WÖk-eigener Begriff"]
"wiedergeburtsnarrativ","Wiedergeburtsnarrativ","wiedergeburtsnarrativ","","","Faschismus, faschistoid und autoritäre Wirkungsrisiken","Anschlussbegriff",["Politische Theorie","Soziologie","Recht","Psychologie"]
"wiederverwendung","Wiederverwendung","wiederverwendung","","","Kreislaufwirtschaft, Circular Design und Materialkreisläufe","Anschlussbegriff",["Design / Innovation","Klimawissenschaft","Management"]
"windenergie","Windenergie","windenergie","","","Energie, Strommarkt und Systemkosten","Anschlussbegriff",["Klimawissenschaft","Ökonomie","Recht"]
"windenergieanlage-lebenszyklus","Windenergieanlage Lebenszyklus","windenergieanlage-lebenszyklus","","","Batterien, Ladeinfrastruktur, Netzanschluss und Energiespeicher","Anschlussbegriff",["Klimawissenschaft","Recht","Management","Design / Innovation"]
"windrad-recycling","Windrad-Recycling","windrad-recycling","","","Batterien, Ladeinfrastruktur, Netzanschluss und Energiespeicher","Anschlussbegriff",["Klimawissenschaft","Recht","Management","Design / Innovation"]
"wirkleistung","Wirkleistung","wirkleistung","009","Volkswirtschaft & neue Wohlstandsmessung","Leistung, Arbeit & Wohlstandsmessung","WÖk-Prägungsbegriff / Leistungsbegriff",["WÖk-eigener Begriff"]
"wirklichkeitsbindung","Wirklichkeitsbindung","wirklichkeitsbindung","","","Liberalismus, Libertarismus, Neoklassik und Marktbegriffe","WÖk-Präzisierungsbegriff",["Ökonomie","Philosophie","Politische Theorie","Soziologie","WÖk-eigener Begriff"]
"wirklichkeitskonstruktion","Wirklichkeitskonstruktion","wirklichkeitskonstruktion","","","Psychologische und systemische Wirkmechanismen","WÖk-Präzisierungsbegriff",["WÖk-eigener Begriff"]
"wirkmechanismus","Wirkmechanismus","wirkmechanismus","","","Grundbegriff","WÖk-Präzisierungsbegriff",["WÖk-eigener Begriff"]
"wirksames-management","Wirksames Management","wirksames-management","","","Management, Wirksamkeit und Organisation","Anschlussbegriff",["WÖk-eigener Begriff"]
"wirksamkeit","Wirksamkeit","wirksamkeit","","","Management, Wirksamkeit und Organisation","WÖk-Präzisierungsbegriff",["WÖk-eigener Begriff"]
"wirkstoff","Wirkstoff","wirkstoff","","","Psychologische und systemische Wirkmechanismen","WÖk-Präzisierungsbegriff",["WÖk-eigener Begriff"]
"wirkung","Wirkung","wirkung","003","Wirkungssprache & Kernlogik","Grundbegriffe der Wirkungsökonomie","WÖk-Präzisierungsbegriff / Kernbegriff",["WÖk-eigener Begriff"]
"wirkung-im-preisschild","Wirkung im Preisschild","wirkung-im-preisschild","007","Steuer- und Preislogik","Verbraucherinformation, Preise & Produktwirkung","WÖk-Prägungsbegriff / Verbraucher- und Transparenzbegriff","Glossar-Pack 007"
"wirkungs-bip","Wirkungs-BIP","wirkungs-bip","009","Volkswirtschaft & neue Wohlstandsmessung","Volkswirtschaft, Wohlstand & Systemzustand","WÖk-Prägungsbegriff / volkswirtschaftlicher Ordnungsbegriff","Glossar-Pack 009"
"wirkungsarchitektur","Wirkungsarchitektur","wirkungsarchitektur","004","Bewertungs- und Steuerungslogik","Systemmodell & Steuerungsarchitektur","WÖk-Prägungsbegriff / Systembegriff",["WÖk-eigener Begriff"]
"wirkungsassurance","Wirkungsassurance","wirkungsassurance","005","Institutionelle Sicherung & Prüfarchitektur","Prüfung, Assurance & Vertrauen","Anschlussbegriff / WÖk-Präzisierung","Glossar-Pack 005"
"wirkungsaudit","Wirkungsaudit","wirkungsaudit","005","Institutionelle Sicherung & Prüfarchitektur","Prüfung, Audit & Qualitätssicherung","WÖk-Präzisierungsbegriff / Prüfbegriff","Glossar-Pack 005"
"wirkungsbewertung","Wirkungsbewertung","wirkungsbewertung","004","Bewertungs- und Steuerungslogik","Bewertungs- und Steuerungslogik","WÖk-Prägungsbegriff / Bewertungsbegriff",["WÖk-eigener Begriff"]
"wirkungsbiografie","Wirkungsbiografie","wirkungsbiografie","","","Praxisbegriff","WÖk-Präzisierungsbegriff",["Online-Buch Kapitel 56-58","Arbeitspapiere Einkommen und Rente"]
"wirkungsblindheit","Wirkungsblindheit","wirkungsblindheit","004","Bewertungs- und Steuerungslogik","Wirkungssprache & Systemkritik","WÖk-Prägungsbegriff / Problembefund",["WÖk-eigener Begriff"]
"wirkungsbonus","Wirkungsbonus","wirkungsbonus","010","Arbeit, Einkommen & soziale Sicherung nach Wirkung","Bonuslogik, Wirkleistung & Rückkopplung","WÖk-Prägungsbegriff / Anerkennungs- und Steuerungsbegriff",["Online-Buch Kapitel 56-58","Arbeitspapiere Einkommen und Rente"]
"wirkungsbudget","Wirkungsbudget","wirkungsbudget","008","Öffentliche Mittel & Wirkungshaushalt","Haushalt, Programme & Mittelsteuerung","WÖk-Prägungsbegriff / Budgetbegriff","Glossar-Pack 008"
"wirkungscontrolling","Wirkungscontrolling","wirkungscontrolling","012","Unternehmen, Führung & Wirkungskompetenz","Controlling, Management & Wirkungsdaten","WÖk-Präzisierungsbegriff / Controllingbegriff","Glossar-Pack 012"
"wirkungsdaten","Wirkungsdaten","wirkungsdaten","","","Datenbegriff","WÖk-Präzisierungsbegriff",["WÖk-eigener Begriff"]
"wirkungsdatenraeume","Wirkungsdatenräume","wirkungsdatenraeume","018","Digitalisierungs-, KI- & Wirkungsdatenraumlogik","Daten, Digitalisierung und KI","WÖk-Präzisierungsbegriff",["WÖk-eigener Begriff"]
"wirkungsdatenraum","Wirkungsdatenraum","wirkungsdatenraum","","","Datenbegriff","WÖk-Präzisierungsbegriff",["WÖk-eigener Begriff"]
"wirkungseinkommen","Wirkungseinkommen","wirkungseinkommen","010","Arbeit, Einkommen & soziale Sicherung nach Wirkung","Einkommen, Arbeit & Wirkungsarchitektur","WÖk-Prägungsbegriff / Architekturbegriff",["WÖk-eigener Begriff"]
"wirkungseinkommensteuer","Wirkungseinkommensteuer","wirkungseinkommensteuer","","","Steuerungsbegriff","Modell- und Gesetzesbegriff",["Online-Buch Kapitel 56-58","Arbeitspapiere Einkommen und Rente"]
"wirkungsempfaenger","Wirkungsempfänger","wirkungsempfaenger","","","Grundbegriff","WÖk-Präzisierungsbegriff",["WÖk-eigener Begriff"]
"wirkungsethik","Wirkungsethik","wirkungsethik","","","Ethik, Würde und Verantwortung","WÖk-Kernbegriff",["WÖk-eigener Begriff"]
"wirkungsfonds","Wirkungsfonds","wirkungsfonds","011","Kapital, Fonds & Versicherbarkeit nach Wirkung","Kapital, Fonds & Transformationsfinanzierung","WÖk-Prägungsbegriff / Fondsbegriff",["WÖk-eigener Begriff"]
"wirkungsfreiheit","Wirkungsfreiheit","wirkungsfreiheit","","","Liberalismus, Libertarismus, Neoklassik und Marktbegriffe","WÖk-Präzisierungsbegriff",["Ökonomie","Philosophie","Politische Theorie","Soziologie","WÖk-eigener Begriff"]
"wirkungsgrad","Wirkungsgrad","wirkungsgrad","","","Physik, Energie und Wirkungsmetaphern","WÖk-Präzisierungsbegriff",["WÖk-eigener Begriff"]
"wirkungsgrenze","Wirkungsgrenze","wirkungsgrenze","005","Institutionelle Sicherung & Prüfarchitektur","Bewertung, Grenzen & Missbrauchsschutz","WÖk-Prägungsbegriff / Schutzbegriff",["WÖk-eigener Begriff"]
"wirkungsgutschrift","Wirkungsgutschrift","wirkungsgutschrift","007","Steuer- und Preislogik","Bonuslogik, Steuern & Verbraucher:innenwirkung","WÖk-Prägungsbegriff / Bonus- und Rückkopplungsbegriff","Glossar-Pack 007"
"wirkungshaushalt","Wirkungshaushalt","wirkungshaushalt","008","Öffentliche Mittel & Wirkungshaushalt","Staat, Haushalt & öffentliche Mittel","WÖk-Prägungsbegriff / Haushalts- und Steuerungsbegriff",["WÖk-eigener Begriff"]
"wirkungsindikator","Wirkungsindikator","wirkungsindikator","006","Daten, Indikatoren & technische Bewertungslogik","Daten, Messung & Indikatoren","WÖk-Präzisierungsbegriff / technischer Grundbegriff",["WÖk-eigener Begriff"]
"wirkungsinnovation","Wirkungsinnovation","wirkungsinnovation","019","Wissens-, Wissenschafts-, Forschungs- & Innovationslogik","Innovation, Transformation & Wirkungsökonomie","WÖk-Prägungsbegriff / Innovationsbegriff",["WÖk-eigener Begriff"]
"wirkungsintegration","Wirkungsintegration","wirkungsintegration","","","Psychologische und systemische Wirkmechanismen","WÖk-Präzisierungsbegriff",["WÖk-eigener Begriff"]
"wirkungskapital","Wirkungskapital","wirkungskapital","","","Kapital, Markt und Eigentum","WÖk-Präzisierungsbegriff",["WÖk-eigener Begriff"]
"wirkungskommunikation","Wirkungskommunikation","wirkungskommunikation","015","Marketing-, Kommunikations- & Vertrauenslogik","Kommunikation, Wirkung & Vertrauen","WÖk-Präzisierungsbegriff / Kommunikationsbegriff","Glossar-Pack 015"
"wirkungskompetenz","Wirkungskompetenz","wirkungskompetenz","012","Unternehmen, Führung & Wirkungskompetenz","Kompetenz, Bildung & Organisationsentwicklung","WÖk-Präzisierungsbegriff / Kompetenzbegriff",["WÖk-eigener Begriff"]
"wirkungslenkung","Wirkungslenkung","wirkungslenkung","004","Bewertungs- und Steuerungslogik","Steuerungsbegriff","WÖk-Prägungsbegriff / Steuerungsbegriff",["WÖk-eigener Begriff"]
"wirkungsnetz","Wirkungsnetz","wirkungsnetz","","","Architekturbegriff","WÖk-Präzisierungsbegriff",["WÖk-eigener Begriff"]
"wirkungsorientierte-unternehmensfuehrung","Wirkungsorientierte Unternehmensführung","wirkungsorientierte-unternehmensfuehrung","012","Unternehmen, Führung & Wirkungskompetenz","Führung, Management & Unternehmenssteuerung","WÖk-Präzisierungsbegriff / Managementbegriff","Glossar-Pack 012"
"wirkungsorientiertes-hosting","Wirkungsorientiertes Hosting","wirkungsorientiertes-hosting","","","Praxisbegriff","WÖk-Präzisierungsbegriff",["WÖk-eigener Begriff"]
"wirkungspaedagogik","Wirkungspädagogik","wirkungspaedagogik","","","Grundbegriff","WÖk-Präzisierungsbegriff",["WÖk-eigener Begriff"]
"wirkungspfad","Wirkungspfad","wirkungspfad","","","Grundbegriff","WÖk-Kernbegriff",["WÖk-eigener Begriff"]
"wirkungspflicht-eigentum","Wirkungspflicht des Eigentums","wirkungspflicht-des-eigentums","","","Grundbegriff","WÖk-Präzisierungsbegriff",["WÖk-eigener Begriff"]
"wirkungspotenzial","Wirkungspotenzial","wirkungspotenzial","003","Wirkungssprache & Kernlogik","Grundbegriffe der Wirkungsökonomie","WÖk-Präzisierungsbegriff / Kernbegriff",["WÖk-eigener Begriff"]
"wirkungspruefung","Wirkungsprüfung","wirkungspruefung","008","Öffentliche Mittel & Wirkungshaushalt","Staat, Prüfung & politische Steuerung","WÖk-Präzisierungsbegriff / Methodenbegriff","Glossar-Pack 008"
"wirkungspunkte","Wirkungspunkte","wirkungspunkte","010","Arbeit, Einkommen & soziale Sicherung nach Wirkung","Verbraucherinformation, Bonuslogik & Alltag","WÖk-Prägungsbegriff / Verbraucher- und Schutzbegriff",["WÖk-eigener Begriff"]
"wirkungsradar","Wirkungsradar","wirkungsradar","","","Grundbegriff","WÖk-Präzisierungsbegriff",["WÖk-eigener Begriff"]
"wirkungsrat","Wirkungsrat","wirkungsrat","005","Institutionelle Sicherung & Prüfarchitektur","Institutionen, Governance & Wirkungsarchitektur","WÖk-Prägungsbegriff / Institutionenbegriff",["WÖk-eigener Begriff"]
"wirkungsraum","Wirkungsraum","wirkungsraum","","","Architekturbegriff","WÖk-Präzisierungsbegriff",["WÖk-eigener Begriff"]
"wirkungsregister","Wirkungsregister","wirkungsregister","005","Institutionelle Sicherung & Prüfarchitektur","Daten, Register & Wirkungsarchitektur","WÖk-Prägungsbegriff / Infrastrukturbegriff",["WÖk-eigener Begriff"]
"wirkungsrendite","Wirkungsrendite","wirkungsrendite","011","Kapital, Fonds & Versicherbarkeit nach Wirkung","Kapital, Rendite & Wirkungsmessung","WÖk-Prägungsbegriff / Renditebegriff","Glossar-Pack 011"
"wirkungsrente","Wirkungsrente","wirkungsrente","010","Arbeit, Einkommen & soziale Sicherung nach Wirkung","Rente, Lebenswirkung & soziale Sicherung","WÖk-Prägungsbegriff / Renten- und Lebenswirkungsbegriff",["WÖk-eigener Begriff"]
"wirkungsresilienz","Wirkungsresilienz","wirkungsresilienz","014","Risiko-, Resilienz- und Transformationslogik im Unternehmen","Risiko, Resilienz & Lernfähigkeit","WÖk-Präzisierungsbegriff / Resilienzbegriff",["WÖk-eigener Begriff"]
"wirkungsrisiko","Wirkungsrisiko","wirkungsrisiko","014","Risiko-, Resilienz- und Transformationslogik im Unternehmen","Risiko, Wirkung & Unternehmenssteuerung","WÖk-Präzisierungsbegriff / Risikobegriff",["WÖk-eigener Begriff"]
"wirkungsrueckkopplung","Wirkungsrückkopplung","wirkungsrueckkopplung","001","Marketing & Produktwirkung","Grundbegriff","WÖk-Kernbegriff",["WÖk-eigener Begriff"]
"wirkungsschule","Wirkungsschule","wirkungsschule","","","Grundbegriff","WÖk-Präzisierungsbegriff",["WÖk-eigener Begriff"]
"wirkungssteuer","Wirkungssteuer","wirkungssteuer","007","Steuer- und Preislogik","Steuern, Preise & Rückkopplung","WÖk-Prägungsbegriff / Steuerungsbegriff",["WÖk-eigener Begriff"]
"wirkungssteuergesetz","Wirkungssteuergesetz","wirkungssteuergesetz","007","Steuer- und Preislogik","Recht, Steuern & Wirkungsarchitektur","WÖk-Prägungsbegriff / Rechts- und Steuerungsbegriff",["WÖk-eigener Begriff"]
"wirkungstraeger","Wirkungsträger","wirkungstraeger","","","Grundbegriff","WÖk-Präzisierungsbegriff",["WÖk-eigener Begriff"]
"wirkungstransparenzbericht","Wirkungstransparenzbericht","wirkungstransparenzbericht","008","Öffentliche Mittel & Wirkungshaushalt","Transparenz, Rechenschaft & öffentliche Wirkung","WÖk-Prägungsbegriff / Transparenz- und Rechenschaftsbegriff","Glossar-Pack 008"
"wirkungsumsatzsteuer","Wirkungsumsatzsteuer","wirkungsumsatzsteuer","","","Messbegriff","WÖk-Präzisierungsbegriff",["WÖk-eigener Begriff"]
"wirkungsverantwortung","Wirkungsverantwortung","wirkungsverantwortung","","","Ethik, Würde und Verantwortung","WÖk-Kernbegriff",["WÖk-eigener Begriff"]
"wirkungsvermietung","Wirkungsvermietung","wirkungsvermietung","","","Grundbegriff","WÖk-Präzisierungsbegriff",["WÖk-eigener Begriff"]
"wirkungswahrheit","Wirkungswahrheit","wirkungswahrheit","004","Bewertungs- und Steuerungslogik","Wirkungssprache & Missbrauchsschutz","WÖk-Prägungsbegriff / Schutzbegriff",["WÖk-eigener Begriff"]
"wirkungswert","Wirkungswert","wirkungswert","","","Werte, Normativität und Bewertung","WÖk-Präzisierungsbegriff",["WÖk-eigener Begriff"]
"wirkungswertschoepfung","Wirkungswertschöpfung","wirkungswertschoepfung","","","Kapital, Markt und Eigentum","WÖk-Präzisierungsbegriff",["WÖk-eigener Begriff"]
"wirkungszurechnung","Wirkungszurechnung","wirkungszurechnung","","","Grundbegriff","","WOeK_Begriffsleitfaden_fuehrend_v1.0.md"
"wirtschaftsliberalismus","Wirtschaftsliberalismus","wirtschaftsliberalismus","","","Liberalismus, Libertarismus, Neoklassik und Marktbegriffe","Anschlussbegriff",["Ökonomie","Philosophie","Politische Theorie","Soziologie","WÖk-eigener Begriff"]
"wix-vi","WIX-VI","wix-vi","","","Grundbegriff","WÖk-Präzisierungsbegriff",["WÖk-eigener Begriff"]
"woek-id","WÖk-ID","woek-id","002","Produktwirkung & Bewertungsarchitektur","Messung, Daten & Standards","WÖk-Prägungsbegriff / technischer Kernbegriff",["WÖk-eigener Begriff"]
"wohlfahrtsoekonomie","Wohlfahrtsökonomie","wohlfahrtsoekonomie","","","Liberalismus, Libertarismus, Neoklassik und Marktbegriffe","Anschlussbegriff",["Ökonomie","Philosophie","Politische Theorie","Soziologie","WÖk-eigener Begriff"]
"wohlfahrtsstaat","Wohlfahrtsstaat","wohlfahrtsstaat","","","Wirtschaftssysteme, Kapitalmythen und Verteilungslogiken","Wirtschaftssystem / Gesellschaftsmodell",["Ökonomie","Politische Theorie","Soziologie"]
"wohnwirkung","Wohnwirkung","wohnwirkung","","","Grundbegriff","WÖk-Präzisierungsbegriff",["WÖk-eigener Begriff"]
"wstg","WStG","wstg","","","Messbegriff","WÖk-Präzisierungsbegriff",["WÖk-eigener Begriff"]
"wu-wei","Wu Wei / Nicht-Erzwingen","wu-wei","","","Daoismus, Prozessdenken und Nicht-Erzwingen","Quellen-/Bezugslinienbegriff",["WÖk-eigener Begriff"]
"wustg","WUStG","wustg","","","Messbegriff","WÖk-Präzisierungsbegriff",["WÖk-eigener Begriff"]
"xbrl","XBRL","xbrl","","","Datenbegriff","WÖk-Präzisierungsbegriff",["WÖk-eigener Begriff"]
"xenophobie","Xenophobie","xenophobie","","","Akteure, Einfluss, Ideologien und demokratische Wirkungsräume","Anschlussbegriff",["Politische Theorie","Soziologie","Recht","Psychologie","Ökonomie","WÖk-eigener Begriff"]
"youth-jugendbeteiligung","Youth / Jugendbeteiligung","youth-jugendbeteiligung","","","anschlussbegriff","WÖk-Präzisierungsbegriff",["WÖk-eigener Begriff"]
"zeitwirkung","Zeitwirkung","zeitwirkung","","","grundbegriff","WÖk-Präzisierungsbegriff",["WÖk-eigener Begriff"]
"zementverwertung-rotorblaetter","Zementverwertung Rotorblätter","zementverwertung-rotorblaetter","","","Batterien, Ladeinfrastruktur, Netzanschluss und Energiespeicher","Anschlussbegriff",["Klimawissenschaft","Recht","Management","Design / Innovation"]
"zentralverwaltungswirtschaft","Zentralverwaltungswirtschaft","zentralverwaltungswirtschaft","","","Wirtschaftssysteme, Kapitalmythen und Verteilungslogiken","Wirtschaftssystem / Gesellschaftsmodell",["Ökonomie","Politische Theorie","Soziologie"]
"zero-waste","Null-Abfall / Zero Waste","zero-waste","","","Kreislaufwirtschaft, Circular Design und Materialkreisläufe","Anschlussbegriff",["Design / Innovation","Klimawissenschaft","Management"]
"zielkonflikt","Zielkonflikt","zielkonflikt","","","grundbegriff","WÖk-Präzisierungsbegriff",["WÖk-eigener Begriff"]
"zirkulaeres-geschaeftsmodell","Zirkuläres Geschäftsmodell","zirkulaeres-geschaeftsmodell","","","Kreislaufwirtschaft, Circular Design und Materialkreisläufe","Anschlussbegriff",["Design / Innovation","Klimawissenschaft","Management"]
"zirkularitaet","Zirkularität","zirkularitaet","","","anschlussbegriff","WÖk-Präzisierungsbegriff",["WÖk-eigener Begriff"]
"zirkularitaetsindikator","Circularity Indicator / Zirkularitätsindikator","zirkularitaetsindikator","","","Kreislaufwirtschaft, Circular Design und Materialkreisläufe","Anschlussbegriff",["Design / Innovation","Klimawissenschaft","Management"]
"zivilgesellschaft","Zivilgesellschaft","zivilgesellschaft","","","Demokratie, Rechtsstaat und demokratische Wirkungsarchitektur","Anschlussbegriff",["Politische Theorie","Soziologie","Recht","Psychologie","Ökonomie","WÖk-eigener Begriff","Medienwissenschaft"]
"zivilgesellschaftsrepression","Zivilgesellschaftsrepression","zivilgesellschaftsrepression","","","Autokratien, Regimeformen und demokratische Erosion","Anschlussbegriff",["Politische Theorie","Soziologie","Recht"]
"zugangsgerechtigkeit","Zugangsgerechtigkeit","zugangsgerechtigkeit","","","anschlussbegriff","WÖk-Präzisierungsbegriff",["WÖk-eigener Begriff"]
"zukunftsbild","Zukunftsbild","zukunftsbild","","","Psychologische und systemische Wirkmechanismen","WÖk-Präzisierungsbegriff",["WÖk-eigener Begriff"]
"zukunftsfaehigkeit","Zukunftsfähigkeit","zukunftsfaehigkeit","","","grundbegriff","WÖk-Präzisierungsbegriff",["WÖk-eigener Begriff"]
"zurechnung-ohne-scheingenauigkeit","Zurechnung ohne Scheingenauigkeit","zurechnung-ohne-scheingenauigkeit","","","Schutzbegriff","","WOeK_Begriffsleitfaden_fuehrend_v1.0.md"
"zyklenfestigkeit","Zyklenfestigkeit","zyklenfestigkeit","","","Batterien, Ladeinfrastruktur, Netzanschluss und Energiespeicher","Anschlussbegriff",["Klimawissenschaft","Recht","Management","Design / Innovation"]
"oeffentlichkeit-als-wirkungsraum","Öffentlichkeit als Wirkungsraum","oeffentlichkeit-als-wirkungsraum","016","Medien-, Öffentlichkeits- & Plattformlogik","Medien, Demokratie & Wirkungsräume","WÖk-Prägungsbegriff / Demokratie- und Medienbegriff","Glossar-Pack 016"
"plattformlogik-und-algorithmen","Plattformlogik und Algorithmen","plattformlogik-und-algorithmen","016","Medien-, Öffentlichkeits- & Plattformlogik","Digitale Öffentlichkeit, Plattformen & Algorithmen","WÖk-Präzisierungsbegriff / Digital- und Medienbegriff","Glossar-Pack 016"
"framing-sprache-tonalitaet","Framing / Sprache / Tonalität","framing-sprache-tonalitaet","016","Medien-, Öffentlichkeits- & Plattformlogik","Kommunikation, Sprache & Wirkungsräume","WÖk-Präzisierungsbegriff / Kommunikations- und Medienbegriff","Glossar-Pack 016"
"desinformation","Desinformation","desinformation","016","Medien-, Öffentlichkeits- & Plattformlogik","Medien, Demokratie & Wirkungsrisiko","Anschlussbegriff / WÖk-Präzisierung","Glossar-Pack 016"
"diskurskultur","Diskurskultur","diskurskultur","016","Medien-, Öffentlichkeits- & Plattformlogik","Demokratie, Öffentlichkeit & Kultur","WÖk-Präzisierungsbegriff / Demokratie- und Kommunikationsbegriff","Glossar-Pack 016"
"creator-als-oeffentliche-akteure","Creator als öffentliche Akteure","creator-als-oeffentliche-akteure","017","Creator-, Host-, Kultur- & Resonanzlogik","Medien, Öffentlichkeit & digitale Verantwortung","WÖk-Prägungsbegriff / Medien- und Demokratiebegriff","Glossar-Pack 017"
"host-wirkung","Host-Wirkung","host-wirkung","017","Creator-, Host-, Kultur- & Resonanzlogik","Medien, Gesprächsräume & öffentliche Resonanz","WÖk-Prägungsbegriff / Medien- und Kommunikationsbegriff","Glossar-Pack 017"
"moderation-und-community-dynamik","Moderation und Community-Dynamik","moderation-und-community-dynamik","017","Creator-, Host-, Kultur- & Resonanzlogik","Digitale Öffentlichkeit, Communities & Moderation","WÖk-Präzisierungsbegriff / Community- und Medienbegriff","Glossar-Pack 017"
"kultur-als-resonanzsystem","Kultur als Resonanzsystem","kultur-als-resonanzsystem","017","Creator-, Host-, Kultur- & Resonanzlogik","Kultur, Demokratie & gesellschaftliche Resonanz","WÖk-Prägungsbegriff / Kultur- und Demokratiebegriff","Glossar-Pack 017"
"erinnerungskultur","Erinnerungskultur","erinnerungskultur","017","Creator-, Host-, Kultur- & Resonanzlogik","Kultur, Demokratie & historische Verantwortung","WÖk-Präzisierungsbegriff / Kultur- und Demokratiebegriff","Glossar-Pack 017"
"digitalisierung-als-infrastruktur-der-wirkungsoekonomie","Digitalisierung als Infrastruktur der Wirkungsökonomie","digitalisierung-als-infrastruktur-der-wirkungsoekonomie","018","Digitalisierungs-, KI- & Wirkungsdatenraumlogik","Daten, Digitalisierung und KI","WÖk-Präzisierungsbegriff",["WÖk-eigener Begriff"]
"cyberresilienz","Cyberresilienz","cyberresilienz","018","Digitalisierungs-, KI- & Wirkungsdatenraumlogik","Daten, Digitalisierung und KI","WÖk-Präzisierungsbegriff",["WÖk-eigener Begriff"]
"wissenschaft-als-wirkungsinfrastruktur","Wissenschaft als Wirkungsinfrastruktur","wissenschaft-als-wirkungsinfrastruktur","019","Wissens-, Wissenschafts-, Forschungs- & Innovationslogik","Wissenschaft, Wahrheit & Wirkungsökonomie","WÖk-Prägungsbegriff / Wissenschafts- und Infrastrukturbegriff",["WÖk-eigener Begriff"]
"wirkungsorientierte-forschung-und-innovation","Wirkungsorientierte Forschung und Innovation","wirkungsorientierte-forschung-und-innovation","019","Wissens-, Wissenschafts-, Forschungs- & Innovationslogik","Forschung, Innovation & Transformation","WÖk-Präzisierungsbegriff / Forschungs- und Innovationsbegriff",["WÖk-eigener Begriff"]
"open-science","Open Science","open-science","019","Wissens-, Wissenschafts-, Forschungs- & Innovationslogik","Wissenschaft, Daten & Transparenz","Anschlussbegriff / WÖk-Präzisierung",["WÖk-eigener Begriff"]
"wissensrat","Wissensrat","wissensrat","019","Wissens-, Wissenschafts-, Forschungs- & Innovationslogik","Wissenschaft, Institutionen & Governance","WÖk-Prägungsbegriff / Institutionenbegriff",["WÖk-eigener Begriff"]
"wirkungsrecht","Wirkungsrecht","wirkungsrecht","020","Rechts-, Justiz-, Politikberatungs- & Statistiklogik","Recht, Staat & Wirkungsökonomie","WÖk-Prägungsbegriff / Rechtsbegriff",["WÖk-eigener Begriff"]
"rechtsprechung-als-korrekturinstanz","Rechtsprechung als Korrekturinstanz","rechtsprechung-als-korrekturinstanz","020","Rechts-, Justiz-, Politikberatungs- & Statistiklogik","Justiz, Rechtsschutz & Wirkungsökonomie","WÖk-Präzisierungsbegriff / Justiz- und Rechtsstaatsbegriff",["WÖk-eigener Begriff"]
"wissenschaftliche-politikberatung","Wissenschaftliche Politikberatung","wissenschaftliche-politikberatung","020","Rechts-, Justiz-, Politikberatungs- & Statistiklogik","Wissenschaft, Politik & demokratische Entscheidung","Anschlussbegriff / WÖk-Präzisierung",["WÖk-eigener Begriff"]
"oeffentliche-statistik","Öffentliche Statistik","oeffentliche-statistik","020","Rechts-, Justiz-, Politikberatungs- & Statistiklogik","Statistik, Datenqualität & öffentliche Wahrheit","Anschlussbegriff / WÖk-Präzisierung",["WÖk-eigener Begriff"]
"verhaeltnismaessigkeit-nach-wirkung","Verhältnismäßigkeit nach Wirkung","verhaeltnismaessigkeit-nach-wirkung","020","Rechts-, Justiz-, Politikberatungs- & Statistiklogik","Recht, Grundrechte & Wirkungsprüfung","WÖk-Präzisierungsbegriff / Rechtsstaats- und Prüfbegriff",["WÖk-eigener Begriff"]
"europa-als-wirkungsraum","Europa als Wirkungsraum","europa-als-wirkungsraum","021","Europäische & internationale Ordnungslogik","Europa, Recht & internationale Wirkungsordnung","WÖk-Präzisierungsbegriff / Europa- und Ordnungsbegriff",["WÖk-Begriffsleitfaden","Die neue Ordnung des Wohlstands","Systemmodell","EU/UN/OECD/WTO-Anschlussquellen"]
"wirkungsbasierter-handel","Wirkungsbasierter Handel","wirkungsbasierter-handel","021","Europäische & internationale Ordnungslogik","Handel, Lieferketten & globale Wirkung","WÖk-Prägungsbegriff / Handels- und Lieferkettenbegriff",["WÖk-Begriffsleitfaden","Die neue Ordnung des Wohlstands","Systemmodell","EU/UN/OECD/WTO-Anschlussquellen"]
"cbam-und-grenzausgleich","CBAM und Grenzausgleich","cbam-und-grenzausgleich","021","Europäische & internationale Ordnungslogik","Handel, Klima & Grenzausgleich","Anschlussbegriff / WÖk-Präzisierung",["WÖk-Begriffsleitfaden","Die neue Ordnung des Wohlstands","Systemmodell","EU/UN/OECD/WTO-Anschlussquellen"]
"wirkungsgovernance","Wirkungsgovernance","wirkungsgovernance","021","Europäische & internationale Ordnungslogik","Globale Governance, Institutionen & Wirkungsökonomie","WÖk-Prägungsbegriff / Governance- und Institutionenbegriff",["WÖk-Begriffsleitfaden","Die neue Ordnung des Wohlstands","Systemmodell","EU/UN/OECD/WTO-Anschlussquellen"]
"kulturelle-anschlussfaehigkeit","Kulturelle Anschlussfähigkeit","kulturelle-anschlussfaehigkeit","021","Europäische & internationale Ordnungslogik","Kultur, internationale Ordnung & Wirkungsökonomie","WÖk-Präzisierungsbegriff / Kultur- und Ordnungsbegriff",["WÖk-Begriffsleitfaden","Die neue Ordnung des Wohlstands","Systemmodell","EU/UN/OECD/WTO-Anschlussquellen"]
"globale-resilienz","Globale Resilienz","globale-resilienz","022","Globale Resilienz-, Sicherheits- & Kooperationslogik","Globale Ordnung, Resilienz & Sicherheit","WÖk-Präzisierungsbegriff / Global- und Resilienzbegriff","Globale Ordnung, Resilienz & Sicherheit"
"internationale-krisenvorsorge","Internationale Krisenvorsorge","internationale-krisenvorsorge","022","Globale Resilienz-, Sicherheits- & Kooperationslogik","Krisenvorsorge, Prävention & internationale Kooperation","WÖk-Präzisierungsbegriff / Vorsorge- und Sicherheitsbegriff","Globale Ordnung, Resilienz & Sicherheit"
"daten-und-fruehwarnkooperation","Daten- und Frühwarnkooperation","daten-und-fruehwarnkooperation","022","Globale Resilienz-, Sicherheits- & Kooperationslogik","Daten, Frühwarnung & internationale Kooperation","WÖk-Präzisierungsbegriff / Daten- und Frühwarnbegriff","Globale Ordnung, Resilienz & Sicherheit"
"gemeinsame-zukunftssicherung","Gemeinsame Zukunftssicherung","gemeinsame-zukunftssicherung","022","Globale Resilienz-, Sicherheits- & Kooperationslogik","Zukunft, Generationenverantwortung & globale Kooperation","WÖk-Prägungsbegriff / Zukunfts- und Kooperationsbegriff","Globale Ordnung, Resilienz & Sicherheit"
"globale-makro-wirkungsrisiken","Globale Makro-Wirkungsrisiken","globale-makro-wirkungsrisiken","022","Globale Resilienz-, Sicherheits- & Kooperationslogik","Globale Risiken, Systemstabilität & Wirkungsökonomie","WÖk-Prägungsbegriff / Risiko- und Makrobegriff","Globale Ordnung, Resilienz & Sicherheit"
"umsetzungspfad","Umsetzungspfad","umsetzungspfad","023","Transformations-, Übergangs- & Implementierungslogik","Transformation, Implementierung & Governance","WÖk-Präzisierungsbegriff / Implementierungsbegriff","Transformation, Übergänge & Implementierung"
"pilotprojekte","Pilotprojekte","pilotprojekte","023","Transformations-, Übergangs- & Implementierungslogik","Pilotierung, Reallabore & Skalierung","WÖk-Präzisierungsbegriff / Implementierungs- und Lernbegriff","Transformation, Übergänge & Implementierung"
"wirkungsoekonomie-im-alltag","Wirkungsökonomie im Alltag","wirkungsoekonomie-im-alltag","023","Transformations-, Übergangs- & Implementierungslogik","Alltag, Bürger:innen & Wirkungskompetenz","WÖk-Präzisierungsbegriff / Alltags- und Beteiligungsbegriff","Transformation, Übergänge & Implementierung"
"politische-uebergangspfade","Politische Übergangspfade","politische-uebergangspfade","023","Transformations-, Übergangs- & Implementierungslogik","Politik, Demokratie & Umsetzung","WÖk-Präzisierungsbegriff / Politik- und Übergangsbegriff","Transformation, Übergänge & Implementierung"
"wirkungs-konversion-von-altkapital","Wirkungs-Konversion von Altkapital","wirkungs-konversion-von-altkapital","023","Transformations-, Übergangs- & Implementierungslogik","Kapital, Transformation & Übergangsfinanzierung","WÖk-Prägungsbegriff / Kapital- und Transformationsbegriff","Transformation, Übergänge & Implementierung"
"widerstand-gegen-neue-massstaebe","Widerstand gegen neue Maßstäbe","widerstand-gegen-neue-massstaebe","024","Kritik-, Missverständnis- & Schutzlogik","Kritik, Macht & Transformation","WÖk-Präzisierungsbegriff / Kritik- und Transformationsbegriff",["WÖk-eigener Begriff"]
"sdgs-und-verschwoerungsnarrative","SDGs und Verschwörungsnarrative","sdgs-und-verschwoerungsnarrative","024","Kritik-, Missverständnis- & Schutzlogik","SDGs, Demokratie & Desinformation","WÖk-Präzisierungsbegriff / Kritik- und Demokratiebegriff",["WÖk-eigener Begriff"]
"technokratie-ueberwachung-social-credit","Technokratie / Überwachung / Social Credit","technokratie-ueberwachung-social-credit","024","Kritik-, Missverständnis- & Schutzlogik","Digitale Rechte, Demokratie & Missbrauchsschutz","WÖk-Schutzbegriff / Kritik- und Grundrechtsbegriff",["WÖk-eigener Begriff"]
"wirkungssimulation","Wirkungssimulation","wirkungssimulation","024","Kritik-, Missverständnis- & Schutzlogik","Wirkungsmessung, Manipulation & Missbrauchsschutz","WÖk-Prägungsbegriff / Anti-Washing- und Prüfbegriff",["WÖk-eigener Begriff"]
"freiheit-markt-planwirtschaftsvorwurf","Freiheit / Markt / Planwirtschaftsvorwurf","freiheit-markt-planwirtschaftsvorwurf","024","Kritik-, Missverständnis- & Schutzlogik","Markt, Freiheit & ordnungspolitische Kritik","WÖk-Schutzbegriff / Ordnungs- und Kritikbegriff",["WÖk-eigener Begriff"]
"fehlbarkeit-der-wirkungsoekonomie","Fehlbarkeit der Wirkungsökonomie","fehlbarkeit-der-wirkungsoekonomie","025","Fehlbarkeits-, Lern- & Revisionslogik","Fehlbarkeit, Lernen & demokratische Korrektur","WÖk-Schutzbegriff / Lern- und Revisionsbegriff",["WÖk-eigener Begriff"]
"messgrenzen-und-unsicherheit","Messgrenzen und Unsicherheit","messgrenzen-und-unsicherheit","025","Fehlbarkeits-, Lern- & Revisionslogik","Wirkungsmessung, Datenqualität & Unsicherheit","WÖk-Präzisierungsbegriff / Mess- und Methodikbegriff",["WÖk-eigener Begriff"]
"zielkonflikte","Zielkonflikte","zielkonflikte","025","Fehlbarkeits-, Lern- & Revisionslogik","Wirkungsbewertung, Demokratie & Systemsteuerung","WÖk-Präzisierungsbegriff / Bewertungs- und Abwägungsbegriff",["WÖk-eigener Begriff"]
"versionierung-statt-dogma","Versionierung statt Dogma","versionierung-statt-dogma","025","Fehlbarkeits-, Lern- & Revisionslogik","Governance, Revision & lernende Systeme","WÖk-Schutzbegriff / Governance- und Revisionsbegriff",["WÖk-eigener Begriff"]
"evaluation-und-reversibilitaet","Evaluation und Reversibilität","evaluation-und-reversibilitaet","025","Fehlbarkeits-, Lern- & Revisionslogik","Evaluation, Pilotierung & lernende Wirkungssteuerung","WÖk-Schutzbegriff / Implementierungs- und Lernbegriff",["WÖk-eigener Begriff"]
"alltag-2035","Alltag 2035","alltag-2035","026","Zukunftsbild-, Wohlstands- & Schlusslogik","Zukunftsbild, Alltag & Wirkungskompetenz","WÖk-Zukunftsbild / Szenario- und Alltagsbegriff",["WÖk-eigener Begriff"]
"unternehmen-2035","Unternehmen 2035","unternehmen-2035","026","Zukunftsbild-, Wohlstands- & Schlusslogik","Zukunftsbild, Unternehmen & Wertschöpfung","WÖk-Zukunftsbild / Unternehmens- und Transformationsbegriff",["WÖk-eigener Begriff"]
"staat-2035","Staat 2035","staat-2035","026","Zukunftsbild-, Wohlstands- & Schlusslogik","Zukunftsbild, Staat & Demokratie","WÖk-Zukunftsbild / Staats- und Governancebegriff",["WÖk-eigener Begriff"]
"globale-ordnung-2050","Globale Ordnung 2050","globale-ordnung-2050","026","Zukunftsbild-, Wohlstands- & Schlusslogik","Zukunftsbild, globale Ordnung & Wirkungsgovernance","WÖk-Zukunftsbild / Global- und Ordnungsbegriff",["WÖk-eigener Begriff"]
"neue-ordnung-des-wohlstands","Neue Ordnung des Wohlstands","neue-ordnung-des-wohlstands","026","Zukunftsbild-, Wohlstands- & Schlusslogik","Wohlstand, Schlusslogik & Wirkungsökonomie","WÖk-Kernbegriff / Abschluss- und Ordnungsbegriff",["WÖk-eigener Begriff"]
