rang,source_package,path,file_name,extension,document_type,size_kb,active_package,qa_status,online_target,notes
15,WÖk_Rang15_Migration-und-Vielfalt_Gesamtpaket_v1.0.zip,rang15_migration_vielfalt_paket/daten/rang15_content_index.json,rang15_content_index.json,json,Sonstiges,5.5,ja,Import pruefen,/downloads/rang-15/rang15_content_index.json,Aus aktivem Rangpaket erkannt.
15,WÖk_Rang15_Migration-und-Vielfalt_Gesamtpaket_v1.0.zip,rang15_migration_vielfalt_paket/daten/toolcards_rang15.json,toolcards_rang15.json,json,Toolkarten,1.7,ja,Import pruefen,/downloads/rang-15/toolcards_rang15.json,Aus aktivem Rangpaket erkannt.
15,WÖk_Rang15_Migration-und-Vielfalt_Gesamtpaket_v1.0.zip,rang15_migration_vielfalt_paket/markdown/00_Bestands-und-Nachlieferliste_Rang15.md,00_Bestands-und-Nachlieferliste_Rang15.md,md,Sonstiges,2.8,ja,Import pruefen,/downloads/rang-15/00_Bestands-und-Nachlieferliste_Rang15.md,Aus aktivem Rangpaket erkannt.
15,WÖk_Rang15_Migration-und-Vielfalt_Gesamtpaket_v1.0.zip,rang15_migration_vielfalt_paket/markdown/01_Portalstartseite_Migration-und-Vielfalt.md,01_Portalstartseite_Migration-und-Vielfalt.md,md,Portalstartseite,9.0,ja,Import pruefen,/downloads/rang-15/01_Portalstartseite_Migration-und-Vielfalt.md,Aus aktivem Rangpaket erkannt.
15,WÖk_Rang15_Migration-und-Vielfalt_Gesamtpaket_v1.0.zip,rang15_migration_vielfalt_paket/markdown/02_Konzeptpapier_Migration-und-Vielfalt.md,02_Konzeptpapier_Migration-und-Vielfalt.md,md,Konzeptpapier,13.1,ja,Import pruefen,/downloads/rang-15/02_Konzeptpapier_Migration-und-Vielfalt.md,Aus aktivem Rangpaket erkannt.
15,WÖk_Rang15_Migration-und-Vielfalt_Gesamtpaket_v1.0.zip,rang15_migration_vielfalt_paket/markdown/03_Gesamtdossier_Migration-und-Vielfalt.md,03_Gesamtdossier_Migration-und-Vielfalt.md,md,Gesamtdossier,15.7,ja,Import pruefen,/downloads/rang-15/03_Gesamtdossier_Migration-und-Vielfalt.md,Aus aktivem Rangpaket erkannt.
15,WÖk_Rang15_Migration-und-Vielfalt_Gesamtpaket_v1.0.zip,rang15_migration_vielfalt_paket/markdown/04_Detailkonzept_Migration-als-Wirkungsfeld.md,04_Detailkonzept_Migration-als-Wirkungsfeld.md,md,Detailkonzept,15.3,ja,Import pruefen,/downloads/rang-15/04_Detailkonzept_Migration-als-Wirkungsfeld.md,Aus aktivem Rangpaket erkannt.
15,WÖk_Rang15_Migration-und-Vielfalt_Gesamtpaket_v1.0.zip,rang15_migration_vielfalt_paket/markdown/05_Detailkonzept_Integration-als-Infrastruktur.md,05_Detailkonzept_Integration-als-Infrastruktur.md,md,Detailkonzept,15.0,ja,Import pruefen,/downloads/rang-15/05_Detailkonzept_Integration-als-Infrastruktur.md,Aus aktivem Rangpaket erkannt.
15,WÖk_Rang15_Migration-und-Vielfalt_Gesamtpaket_v1.0.zip,rang15_migration_vielfalt_paket/markdown/06_Detailkonzept_Vielfalt-als-Resilienzfaktor.md,06_Detailkonzept_Vielfalt-als-Resilienzfaktor.md,md,Detailkonzept,14.8,ja,Import pruefen,/downloads/rang-15/06_Detailkonzept_Vielfalt-als-Resilienzfaktor.md,Aus aktivem Rangpaket erkannt.
15,WÖk_Rang15_Migration-und-Vielfalt_Gesamtpaket_v1.0.zip,rang15_migration_vielfalt_paket/markdown/07_Detailkonzept_Zugehoerigkeit-und-Teilgabe.md,07_Detailkonzept_Zugehoerigkeit-und-Teilgabe.md,md,Detailkonzept,14.5,ja,Import pruefen,/downloads/rang-15/07_Detailkonzept_Zugehoerigkeit-und-Teilgabe.md,Aus aktivem Rangpaket erkannt.
15,WÖk_Rang15_Migration-und-Vielfalt_Gesamtpaket_v1.0.zip,rang15_migration_vielfalt_paket/markdown/08_Detailkonzept_Arbeitsmarkt-Fachkraefte-Demografie.md,08_Detailkonzept_Arbeitsmarkt-Fachkraefte-Demografie.md,md,Detailkonzept,14.5,ja,Import pruefen,/downloads/rang-15/08_Detailkonzept_Arbeitsmarkt-Fachkraefte-Demografie.md,Aus aktivem Rangpaket erkannt.
15,WÖk_Rang15_Migration-und-Vielfalt_Gesamtpaket_v1.0.zip,rang15_migration_vielfalt_paket/markdown/09_Detailkonzept_Bildung-Sprache-Wirkungskompetenz.md,09_Detailkonzept_Bildung-Sprache-Wirkungskompetenz.md,md,Detailkonzept,14.3,ja,Import pruefen,/downloads/rang-15/09_Detailkonzept_Bildung-Sprache-Wirkungskompetenz.md,Aus aktivem Rangpaket erkannt.
15,WÖk_Rang15_Migration-und-Vielfalt_Gesamtpaket_v1.0.zip,rang15_migration_vielfalt_paket/markdown/10_Detailkonzept_Wohnen-Quartiere-Sozialraeume.md,10_Detailkonzept_Wohnen-Quartiere-Sozialraeume.md,md,Detailkonzept,14.2,ja,Import pruefen,/downloads/rang-15/10_Detailkonzept_Wohnen-Quartiere-Sozialraeume.md,Aus aktivem Rangpaket erkannt.
15,WÖk_Rang15_Migration-und-Vielfalt_Gesamtpaket_v1.0.zip,rang15_migration_vielfalt_paket/markdown/11_Detailkonzept_Gesundheit-Trauma-Stabilitaet.md,11_Detailkonzept_Gesundheit-Trauma-Stabilitaet.md,md,Detailkonzept,14.4,ja,Import pruefen,/downloads/rang-15/11_Detailkonzept_Gesundheit-Trauma-Stabilitaet.md,Aus aktivem Rangpaket erkannt.
15,WÖk_Rang15_Migration-und-Vielfalt_Gesamtpaket_v1.0.zip,rang15_migration_vielfalt_paket/markdown/12_Detailkonzept_Diskurs-Medien-Polarisierung.md,12_Detailkonzept_Diskurs-Medien-Polarisierung.md,md,Detailkonzept,14.4,ja,Import pruefen,/downloads/rang-15/12_Detailkonzept_Diskurs-Medien-Polarisierung.md,Aus aktivem Rangpaket erkannt.
15,WÖk_Rang15_Migration-und-Vielfalt_Gesamtpaket_v1.0.zip,rang15_migration_vielfalt_paket/markdown/13_Detailkonzept_Kommunale-Integrationsarchitektur.md,13_Detailkonzept_Kommunale-Integrationsarchitektur.md,md,Detailkonzept,14.3,ja,Import pruefen,/downloads/rang-15/13_Detailkonzept_Kommunale-Integrationsarchitektur.md,Aus aktivem Rangpaket erkannt.
15,WÖk_Rang15_Migration-und-Vielfalt_Gesamtpaket_v1.0.zip,rang15_migration_vielfalt_paket/markdown/14_Wirkungsindikatoren_Migration-und-Vielfalt.md,14_Wirkungsindikatoren_Migration-und-Vielfalt.md,md,Sonstiges,10.1,ja,Import pruefen,/downloads/rang-15/14_Wirkungsindikatoren_Migration-und-Vielfalt.md,Aus aktivem Rangpaket erkannt.
15,WÖk_Rang15_Migration-und-Vielfalt_Gesamtpaket_v1.0.zip,rang15_migration_vielfalt_paket/markdown/15_Toolkarten_Migration-und-Vielfalt.md,15_Toolkarten_Migration-und-Vielfalt.md,md,Toolkarten,2.5,ja,Import pruefen,/downloads/rang-15/15_Toolkarten_Migration-und-Vielfalt.md,Aus aktivem Rangpaket erkannt.
15,WÖk_Rang15_Migration-und-Vielfalt_Gesamtpaket_v1.0.zip,rang15_migration_vielfalt_paket/markdown/16_Politische-Anschlussfaehigkeit_Migration-und-Vielfalt.md,16_Politische-Anschlussfaehigkeit_Migration-und-Vielfalt.md,md,Politische Anschlussfaehigkeit,6.0,ja,Import pruefen,/downloads/rang-15/16_Politische-Anschlussfaehigkeit_Migration-und-Vielfalt.md,Aus aktivem Rangpaket erkannt.
15,WÖk_Rang15_Migration-und-Vielfalt_Gesamtpaket_v1.0.zip,rang15_migration_vielfalt_paket/markdown/17_SDG-SDGplus-Block_Migration-und-Vielfalt.md,17_SDG-SDGplus-Block_Migration-und-Vielfalt.md,md,SDG-/SDG+-Block,4.0,ja,Import pruefen,/downloads/rang-15/17_SDG-SDGplus-Block_Migration-und-Vielfalt.md,Aus aktivem Rangpaket erkannt.
15,WÖk_Rang15_Migration-und-Vielfalt_Gesamtpaket_v1.0.zip,rang15_migration_vielfalt_paket/markdown/18_Quellen-und-Glossarlinks_Migration-und-Vielfalt.md,18_Quellen-und-Glossarlinks_Migration-und-Vielfalt.md,md,Quellen/Glossar,3.0,ja,Import pruefen,/downloads/rang-15/18_Quellen-und-Glossarlinks_Migration-und-Vielfalt.md,Aus aktivem Rangpaket erkannt.
15,WÖk_Rang15_Migration-und-Vielfalt_Gesamtpaket_v1.0.zip,rang15_migration_vielfalt_paket/markdown/README_Rang15_Migration-und-Vielfalt.md,README_Rang15_Migration-und-Vielfalt.md,md,Sonstiges,1.0,ja,Import pruefen,/downloads/rang-15/README_Rang15_Migration-und-Vielfalt.md,Aus aktivem Rangpaket erkannt.
15,WÖk_Rang15_Migration-und-Vielfalt_Gesamtpaket_v1.0.zip,rang15_migration_vielfalt_paket/markdown/WÖk_Rang15_Gesamtpaket_Migration-und-Vielfalt.md,WÖk_Rang15_Gesamtpaket_Migration-und-Vielfalt.md,md,Gesamtpaket,213.1,ja,Import pruefen,/downloads/rang-15/WÖk_Rang15_Gesamtpaket_Migration-und-Vielfalt.md,Aus aktivem Rangpaket erkannt.
15,WÖk_Rang15_Migration-und-Vielfalt_Gesamtpaket_v1.0.zip,rang15_migration_vielfalt_paket/onlinefassungen/00_Bestands-und-Nachlieferliste_Rang15.html,00_Bestands-und-Nachlieferliste_Rang15.html,html,Sonstiges,4.0,ja,Import pruefen,/downloads/rang-15/00_Bestands-und-Nachlieferliste_Rang15.html,Aus aktivem Rangpaket erkannt.
15,WÖk_Rang15_Migration-und-Vielfalt_Gesamtpaket_v1.0.zip,rang15_migration_vielfalt_paket/onlinefassungen/01_Portalstartseite_Migration-und-Vielfalt.html,01_Portalstartseite_Migration-und-Vielfalt.html,html,Portalstartseite,10.0,ja,Import pruefen,/downloads/rang-15/01_Portalstartseite_Migration-und-Vielfalt.html,Aus aktivem Rangpaket erkannt.
15,WÖk_Rang15_Migration-und-Vielfalt_Gesamtpaket_v1.0.zip,rang15_migration_vielfalt_paket/onlinefassungen/02_Konzeptpapier_Migration-und-Vielfalt.html,02_Konzeptpapier_Migration-und-Vielfalt.html,html,Konzeptpapier,14.3,ja,Import pruefen,/downloads/rang-15/02_Konzeptpapier_Migration-und-Vielfalt.html,Aus aktivem Rangpaket erkannt.
15,WÖk_Rang15_Migration-und-Vielfalt_Gesamtpaket_v1.0.zip,rang15_migration_vielfalt_paket/onlinefassungen/03_Gesamtdossier_Migration-und-Vielfalt.html,03_Gesamtdossier_Migration-und-Vielfalt.html,html,Gesamtdossier,16.9,ja,Import pruefen,/downloads/rang-15/03_Gesamtdossier_Migration-und-Vielfalt.html,Aus aktivem Rangpaket erkannt.
15,WÖk_Rang15_Migration-und-Vielfalt_Gesamtpaket_v1.0.zip,rang15_migration_vielfalt_paket/onlinefassungen/04_Detailkonzept_Migration-als-Wirkungsfeld.html,04_Detailkonzept_Migration-als-Wirkungsfeld.html,html,Detailkonzept,16.8,ja,Import pruefen,/downloads/rang-15/04_Detailkonzept_Migration-als-Wirkungsfeld.html,Aus aktivem Rangpaket erkannt.
15,WÖk_Rang15_Migration-und-Vielfalt_Gesamtpaket_v1.0.zip,rang15_migration_vielfalt_paket/onlinefassungen/05_Detailkonzept_Integration-als-Infrastruktur.html,05_Detailkonzept_Integration-als-Infrastruktur.html,html,Detailkonzept,16.5,ja,Import pruefen,/downloads/rang-15/05_Detailkonzept_Integration-als-Infrastruktur.html,Aus aktivem Rangpaket erkannt.
15,WÖk_Rang15_Migration-und-Vielfalt_Gesamtpaket_v1.0.zip,rang15_migration_vielfalt_paket/onlinefassungen/06_Detailkonzept_Vielfalt-als-Resilienzfaktor.html,06_Detailkonzept_Vielfalt-als-Resilienzfaktor.html,html,Detailkonzept,16.2,ja,Import pruefen,/downloads/rang-15/06_Detailkonzept_Vielfalt-als-Resilienzfaktor.html,Aus aktivem Rangpaket erkannt.
15,WÖk_Rang15_Migration-und-Vielfalt_Gesamtpaket_v1.0.zip,rang15_migration_vielfalt_paket/onlinefassungen/07_Detailkonzept_Zugehoerigkeit-und-Teilgabe.html,07_Detailkonzept_Zugehoerigkeit-und-Teilgabe.html,html,Detailkonzept,15.9,ja,Import pruefen,/downloads/rang-15/07_Detailkonzept_Zugehoerigkeit-und-Teilgabe.html,Aus aktivem Rangpaket erkannt.
15,WÖk_Rang15_Migration-und-Vielfalt_Gesamtpaket_v1.0.zip,rang15_migration_vielfalt_paket/onlinefassungen/08_Detailkonzept_Arbeitsmarkt-Fachkraefte-Demografie.html,08_Detailkonzept_Arbeitsmarkt-Fachkraefte-Demografie.html,html,Detailkonzept,15.9,ja,Import pruefen,/downloads/rang-15/08_Detailkonzept_Arbeitsmarkt-Fachkraefte-Demografie.html,Aus aktivem Rangpaket erkannt.
15,WÖk_Rang15_Migration-und-Vielfalt_Gesamtpaket_v1.0.zip,rang15_migration_vielfalt_paket/onlinefassungen/09_Detailkonzept_Bildung-Sprache-Wirkungskompetenz.html,09_Detailkonzept_Bildung-Sprache-Wirkungskompetenz.html,html,Detailkonzept,15.7,ja,Import pruefen,/downloads/rang-15/09_Detailkonzept_Bildung-Sprache-Wirkungskompetenz.html,Aus aktivem Rangpaket erkannt.
15,WÖk_Rang15_Migration-und-Vielfalt_Gesamtpaket_v1.0.zip,rang15_migration_vielfalt_paket/onlinefassungen/10_Detailkonzept_Wohnen-Quartiere-Sozialraeume.html,10_Detailkonzept_Wohnen-Quartiere-Sozialraeume.html,html,Detailkonzept,15.6,ja,Import pruefen,/downloads/rang-15/10_Detailkonzept_Wohnen-Quartiere-Sozialraeume.html,Aus aktivem Rangpaket erkannt.
15,WÖk_Rang15_Migration-und-Vielfalt_Gesamtpaket_v1.0.zip,rang15_migration_vielfalt_paket/onlinefassungen/11_Detailkonzept_Gesundheit-Trauma-Stabilitaet.html,11_Detailkonzept_Gesundheit-Trauma-Stabilitaet.html,html,Detailkonzept,15.8,ja,Import pruefen,/downloads/rang-15/11_Detailkonzept_Gesundheit-Trauma-Stabilitaet.html,Aus aktivem Rangpaket erkannt.
15,WÖk_Rang15_Migration-und-Vielfalt_Gesamtpaket_v1.0.zip,rang15_migration_vielfalt_paket/onlinefassungen/12_Detailkonzept_Diskurs-Medien-Polarisierung.html,12_Detailkonzept_Diskurs-Medien-Polarisierung.html,html,Detailkonzept,15.9,ja,Import pruefen,/downloads/rang-15/12_Detailkonzept_Diskurs-Medien-Polarisierung.html,Aus aktivem Rangpaket erkannt.
15,WÖk_Rang15_Migration-und-Vielfalt_Gesamtpaket_v1.0.zip,rang15_migration_vielfalt_paket/onlinefassungen/13_Detailkonzept_Kommunale-Integrationsarchitektur.html,13_Detailkonzept_Kommunale-Integrationsarchitektur.html,html,Detailkonzept,15.7,ja,Import pruefen,/downloads/rang-15/13_Detailkonzept_Kommunale-Integrationsarchitektur.html,Aus aktivem Rangpaket erkannt.
15,WÖk_Rang15_Migration-und-Vielfalt_Gesamtpaket_v1.0.zip,rang15_migration_vielfalt_paket/onlinefassungen/14_Wirkungsindikatoren_Migration-und-Vielfalt.html,14_Wirkungsindikatoren_Migration-und-Vielfalt.html,html,Sonstiges,11.3,ja,Import pruefen,/downloads/rang-15/14_Wirkungsindikatoren_Migration-und-Vielfalt.html,Aus aktivem Rangpaket erkannt.
15,WÖk_Rang15_Migration-und-Vielfalt_Gesamtpaket_v1.0.zip,rang15_migration_vielfalt_paket/onlinefassungen/15_Toolkarten_Migration-und-Vielfalt.html,15_Toolkarten_Migration-und-Vielfalt.html,html,Toolkarten,3.2,ja,Import pruefen,/downloads/rang-15/15_Toolkarten_Migration-und-Vielfalt.html,Aus aktivem Rangpaket erkannt.
15,WÖk_Rang15_Migration-und-Vielfalt_Gesamtpaket_v1.0.zip,rang15_migration_vielfalt_paket/onlinefassungen/16_Politische-Anschlussfaehigkeit_Migration-und-Vielfalt.html,16_Politische-Anschlussfaehigkeit_Migration-und-Vielfalt.html,html,Politische Anschlussfaehigkeit,6.8,ja,Import pruefen,/downloads/rang-15/16_Politische-Anschlussfaehigkeit_Migration-und-Vielfalt.html,Aus aktivem Rangpaket erkannt.
15,WÖk_Rang15_Migration-und-Vielfalt_Gesamtpaket_v1.0.zip,rang15_migration_vielfalt_paket/onlinefassungen/17_SDG-SDGplus-Block_Migration-und-Vielfalt.html,17_SDG-SDGplus-Block_Migration-und-Vielfalt.html,html,SDG-/SDG+-Block,4.8,ja,Import pruefen,/downloads/rang-15/17_SDG-SDGplus-Block_Migration-und-Vielfalt.html,Aus aktivem Rangpaket erkannt.
15,WÖk_Rang15_Migration-und-Vielfalt_Gesamtpaket_v1.0.zip,rang15_migration_vielfalt_paket/onlinefassungen/18_Quellen-und-Glossarlinks_Migration-und-Vielfalt.html,18_Quellen-und-Glossarlinks_Migration-und-Vielfalt.html,html,Quellen/Glossar,3.8,ja,Import pruefen,/downloads/rang-15/18_Quellen-und-Glossarlinks_Migration-und-Vielfalt.html,Aus aktivem Rangpaket erkannt.
15,WÖk_Rang15_Migration-und-Vielfalt_Gesamtpaket_v1.0.zip,rang15_migration_vielfalt_paket/onlinefassungen/README_Rang15_Migration-und-Vielfalt.html,README_Rang15_Migration-und-Vielfalt.html,html,Sonstiges,1.7,ja,Import pruefen,/downloads/rang-15/README_Rang15_Migration-und-Vielfalt.html,Aus aktivem Rangpaket erkannt.
15,WÖk_Rang15_Migration-und-Vielfalt_Gesamtpaket_v1.0.zip,rang15_migration_vielfalt_paket/onlinefassungen/index.html,index.html,html,Sonstiges,2.8,ja,Import pruefen,/downloads/rang-15/index.html,Aus aktivem Rangpaket erkannt.
15,WÖk_Rang15_Migration-und-Vielfalt_Gesamtpaket_v1.0.zip,rang15_migration_vielfalt_paket/onlinefassungen/style.css,style.css,css,Sonstiges,1.5,ja,Import pruefen,/downloads/rang-15/style.css,Aus aktivem Rangpaket erkannt.
15,WÖk_Rang15_Migration-und-Vielfalt_Gesamtpaket_v1.0.zip,rang15_migration_vielfalt_paket/pdf/00_Bestands-und-Nachlieferliste_Rang15.pdf,00_Bestands-und-Nachlieferliste_Rang15.pdf,pdf,Sonstiges,45.0,ja,Import pruefen,/downloads/rang-15/00_Bestands-und-Nachlieferliste_Rang15.pdf,Aus aktivem Rangpaket erkannt.
15,WÖk_Rang15_Migration-und-Vielfalt_Gesamtpaket_v1.0.zip,rang15_migration_vielfalt_paket/pdf/01_Portalstartseite_Migration-und-Vielfalt.pdf,01_Portalstartseite_Migration-und-Vielfalt.pdf,pdf,Portalstartseite,51.5,ja,Import pruefen,/downloads/rang-15/01_Portalstartseite_Migration-und-Vielfalt.pdf,Aus aktivem Rangpaket erkannt.
15,WÖk_Rang15_Migration-und-Vielfalt_Gesamtpaket_v1.0.zip,rang15_migration_vielfalt_paket/pdf/02_Konzeptpapier_Migration-und-Vielfalt.pdf,02_Konzeptpapier_Migration-und-Vielfalt.pdf,pdf,Konzeptpapier,55.3,ja,Import pruefen,/downloads/rang-15/02_Konzeptpapier_Migration-und-Vielfalt.pdf,Aus aktivem Rangpaket erkannt.
15,WÖk_Rang15_Migration-und-Vielfalt_Gesamtpaket_v1.0.zip,rang15_migration_vielfalt_paket/pdf/03_Gesamtdossier_Migration-und-Vielfalt.pdf,03_Gesamtdossier_Migration-und-Vielfalt.pdf,pdf,Gesamtdossier,58.0,ja,Import pruefen,/downloads/rang-15/03_Gesamtdossier_Migration-und-Vielfalt.pdf,Aus aktivem Rangpaket erkannt.
15,WÖk_Rang15_Migration-und-Vielfalt_Gesamtpaket_v1.0.zip,rang15_migration_vielfalt_paket/pdf/04_Detailkonzept_Migration-als-Wirkungsfeld.pdf,04_Detailkonzept_Migration-als-Wirkungsfeld.pdf,pdf,Detailkonzept,56.5,ja,Import pruefen,/downloads/rang-15/04_Detailkonzept_Migration-als-Wirkungsfeld.pdf,Aus aktivem Rangpaket erkannt.
15,WÖk_Rang15_Migration-und-Vielfalt_Gesamtpaket_v1.0.zip,rang15_migration_vielfalt_paket/pdf/05_Detailkonzept_Integration-als-Infrastruktur.pdf,05_Detailkonzept_Integration-als-Infrastruktur.pdf,pdf,Detailkonzept,56.8,ja,Import pruefen,/downloads/rang-15/05_Detailkonzept_Integration-als-Infrastruktur.pdf,Aus aktivem Rangpaket erkannt.
15,WÖk_Rang15_Migration-und-Vielfalt_Gesamtpaket_v1.0.zip,rang15_migration_vielfalt_paket/pdf/06_Detailkonzept_Vielfalt-als-Resilienzfaktor.pdf,06_Detailkonzept_Vielfalt-als-Resilienzfaktor.pdf,pdf,Detailkonzept,56.4,ja,Import pruefen,/downloads/rang-15/06_Detailkonzept_Vielfalt-als-Resilienzfaktor.pdf,Aus aktivem Rangpaket erkannt.
15,WÖk_Rang15_Migration-und-Vielfalt_Gesamtpaket_v1.0.zip,rang15_migration_vielfalt_paket/pdf/07_Detailkonzept_Zugehoerigkeit-und-Teilgabe.pdf,07_Detailkonzept_Zugehoerigkeit-und-Teilgabe.pdf,pdf,Detailkonzept,56.0,ja,Import pruefen,/downloads/rang-15/07_Detailkonzept_Zugehoerigkeit-und-Teilgabe.pdf,Aus aktivem Rangpaket erkannt.
15,WÖk_Rang15_Migration-und-Vielfalt_Gesamtpaket_v1.0.zip,rang15_migration_vielfalt_paket/pdf/08_Detailkonzept_Arbeitsmarkt-Fachkraefte-Demografie.pdf,08_Detailkonzept_Arbeitsmarkt-Fachkraefte-Demografie.pdf,pdf,Detailkonzept,56.3,ja,Import pruefen,/downloads/rang-15/08_Detailkonzept_Arbeitsmarkt-Fachkraefte-Demografie.pdf,Aus aktivem Rangpaket erkannt.
15,WÖk_Rang15_Migration-und-Vielfalt_Gesamtpaket_v1.0.zip,rang15_migration_vielfalt_paket/pdf/09_Detailkonzept_Bildung-Sprache-Wirkungskompetenz.pdf,09_Detailkonzept_Bildung-Sprache-Wirkungskompetenz.pdf,pdf,Detailkonzept,56.1,ja,Import pruefen,/downloads/rang-15/09_Detailkonzept_Bildung-Sprache-Wirkungskompetenz.pdf,Aus aktivem Rangpaket erkannt.
15,WÖk_Rang15_Migration-und-Vielfalt_Gesamtpaket_v1.0.zip,rang15_migration_vielfalt_paket/pdf/10_Detailkonzept_Wohnen-Quartiere-Sozialraeume.pdf,10_Detailkonzept_Wohnen-Quartiere-Sozialraeume.pdf,pdf,Detailkonzept,56.0,ja,Import pruefen,/downloads/rang-15/10_Detailkonzept_Wohnen-Quartiere-Sozialraeume.pdf,Aus aktivem Rangpaket erkannt.
15,WÖk_Rang15_Migration-und-Vielfalt_Gesamtpaket_v1.0.zip,rang15_migration_vielfalt_paket/pdf/11_Detailkonzept_Gesundheit-Trauma-Stabilitaet.pdf,11_Detailkonzept_Gesundheit-Trauma-Stabilitaet.pdf,pdf,Detailkonzept,56.1,ja,Import pruefen,/downloads/rang-15/11_Detailkonzept_Gesundheit-Trauma-Stabilitaet.pdf,Aus aktivem Rangpaket erkannt.
15,WÖk_Rang15_Migration-und-Vielfalt_Gesamtpaket_v1.0.zip,rang15_migration_vielfalt_paket/pdf/12_Detailkonzept_Diskurs-Medien-Polarisierung.pdf,12_Detailkonzept_Diskurs-Medien-Polarisierung.pdf,pdf,Detailkonzept,56.1,ja,Import pruefen,/downloads/rang-15/12_Detailkonzept_Diskurs-Medien-Polarisierung.pdf,Aus aktivem Rangpaket erkannt.
15,WÖk_Rang15_Migration-und-Vielfalt_Gesamtpaket_v1.0.zip,rang15_migration_vielfalt_paket/pdf/13_Detailkonzept_Kommunale-Integrationsarchitektur.pdf,13_Detailkonzept_Kommunale-Integrationsarchitektur.pdf,pdf,Detailkonzept,56.0,ja,Import pruefen,/downloads/rang-15/13_Detailkonzept_Kommunale-Integrationsarchitektur.pdf,Aus aktivem Rangpaket erkannt.
15,WÖk_Rang15_Migration-und-Vielfalt_Gesamtpaket_v1.0.zip,rang15_migration_vielfalt_paket/pdf/14_Wirkungsindikatoren_Migration-und-Vielfalt.pdf,14_Wirkungsindikatoren_Migration-und-Vielfalt.pdf,pdf,Sonstiges,52.6,ja,Import pruefen,/downloads/rang-15/14_Wirkungsindikatoren_Migration-und-Vielfalt.pdf,Aus aktivem Rangpaket erkannt.
15,WÖk_Rang15_Migration-und-Vielfalt_Gesamtpaket_v1.0.zip,rang15_migration_vielfalt_paket/pdf/15_Toolkarten_Migration-und-Vielfalt.pdf,15_Toolkarten_Migration-und-Vielfalt.pdf,pdf,Toolkarten,45.2,ja,Import pruefen,/downloads/rang-15/15_Toolkarten_Migration-und-Vielfalt.pdf,Aus aktivem Rangpaket erkannt.
15,WÖk_Rang15_Migration-und-Vielfalt_Gesamtpaket_v1.0.zip,rang15_migration_vielfalt_paket/pdf/16_Politische-Anschlussfaehigkeit_Migration-und-Vielfalt.pdf,16_Politische-Anschlussfaehigkeit_Migration-und-Vielfalt.pdf,pdf,Politische Anschlussfaehigkeit,48.5,ja,Import pruefen,/downloads/rang-15/16_Politische-Anschlussfaehigkeit_Migration-und-Vielfalt.pdf,Aus aktivem Rangpaket erkannt.
15,WÖk_Rang15_Migration-und-Vielfalt_Gesamtpaket_v1.0.zip,rang15_migration_vielfalt_paket/pdf/17_SDG-SDGplus-Block_Migration-und-Vielfalt.pdf,17_SDG-SDGplus-Block_Migration-und-Vielfalt.pdf,pdf,SDG-/SDG+-Block,46.6,ja,Import pruefen,/downloads/rang-15/17_SDG-SDGplus-Block_Migration-und-Vielfalt.pdf,Aus aktivem Rangpaket erkannt.
15,WÖk_Rang15_Migration-und-Vielfalt_Gesamtpaket_v1.0.zip,rang15_migration_vielfalt_paket/pdf/18_Quellen-und-Glossarlinks_Migration-und-Vielfalt.pdf,18_Quellen-und-Glossarlinks_Migration-und-Vielfalt.pdf,pdf,Quellen/Glossar,45.7,ja,Import pruefen,/downloads/rang-15/18_Quellen-und-Glossarlinks_Migration-und-Vielfalt.pdf,Aus aktivem Rangpaket erkannt.
15,WÖk_Rang15_Migration-und-Vielfalt_Gesamtpaket_v1.0.zip,rang15_migration_vielfalt_paket/pdf/README_Rang15_Migration-und-Vielfalt.pdf,README_Rang15_Migration-und-Vielfalt.pdf,pdf,Sonstiges,43.6,ja,Import pruefen,/downloads/rang-15/README_Rang15_Migration-und-Vielfalt.pdf,Aus aktivem Rangpaket erkannt.
15,WÖk_Rang15_Migration-und-Vielfalt_Gesamtpaket_v1.0.zip,rang15_migration_vielfalt_paket/pdf/WÖk_Rang15_Gesamtpaket_Migration-und-Vielfalt.pdf,WÖk_Rang15_Gesamtpaket_Migration-und-Vielfalt.pdf,pdf,Gesamtpaket,259.3,ja,Import pruefen,/downloads/rang-15/WÖk_Rang15_Gesamtpaket_Migration-und-Vielfalt.pdf,Aus aktivem Rangpaket erkannt.
16,WÖk_Rang16_Sicherheit-Resilienz_Gesamtpaket_v1.0.zip,WÖk_Rang16_Sicherheit-Resilienz_Gesamtpaket_v1.0/README.md,README.md,md,Gesamtpaket,0.8,ja,Import pruefen,/downloads/rang-16/README.md,Aus aktivem Rangpaket erkannt.
16,WÖk_Rang16_Sicherheit-Resilienz_Gesamtpaket_v1.0.zip,WÖk_Rang16_Sicherheit-Resilienz_Gesamtpaket_v1.0/pdf/00_portalstartseite.pdf,00_portalstartseite.pdf,pdf,Gesamtpaket,7.6,ja,Import pruefen,/downloads/rang-16/00_portalstartseite.pdf,Aus aktivem Rangpaket erkannt.
16,WÖk_Rang16_Sicherheit-Resilienz_Gesamtpaket_v1.0.zip,WÖk_Rang16_Sicherheit-Resilienz_Gesamtpaket_v1.0/pdf/01_bestands_und_nachlieferliste.pdf,01_bestands_und_nachlieferliste.pdf,pdf,Gesamtpaket,6.3,ja,Import pruefen,/downloads/rang-16/01_bestands_und_nachlieferliste.pdf,Aus aktivem Rangpaket erkannt.
16,WÖk_Rang16_Sicherheit-Resilienz_Gesamtpaket_v1.0.zip,WÖk_Rang16_Sicherheit-Resilienz_Gesamtpaket_v1.0/pdf/02_konzeptpapier.pdf,02_konzeptpapier.pdf,pdf,Konzeptpapier,9.4,ja,Import pruefen,/downloads/rang-16/02_konzeptpapier.pdf,Aus aktivem Rangpaket erkannt.
16,WÖk_Rang16_Sicherheit-Resilienz_Gesamtpaket_v1.0.zip,WÖk_Rang16_Sicherheit-Resilienz_Gesamtpaket_v1.0/pdf/03_gesamtdossier.pdf,03_gesamtdossier.pdf,pdf,Gesamtdossier,38.3,ja,Import pruefen,/downloads/rang-16/03_gesamtdossier.pdf,Aus aktivem Rangpaket erkannt.
16,WÖk_Rang16_Sicherheit-Resilienz_Gesamtpaket_v1.0.zip,WÖk_Rang16_Sicherheit-Resilienz_Gesamtpaket_v1.0/pdf/01_detail_sicherheit_als_wirkungsfrage.pdf,01_detail_sicherheit_als_wirkungsfrage.pdf,pdf,Gesamtpaket,18.4,ja,Import pruefen,/downloads/rang-16/01_detail_sicherheit_als_wirkungsfrage.pdf,Aus aktivem Rangpaket erkannt.
16,WÖk_Rang16_Sicherheit-Resilienz_Gesamtpaket_v1.0.zip,WÖk_Rang16_Sicherheit-Resilienz_Gesamtpaket_v1.0/pdf/02_detail_resilienzstaat_kritische_funktionen.pdf,02_detail_resilienzstaat_kritische_funktionen.pdf,pdf,Gesamtpaket,18.3,ja,Import pruefen,/downloads/rang-16/02_detail_resilienzstaat_kritische_funktionen.pdf,Aus aktivem Rangpaket erkannt.
16,WÖk_Rang16_Sicherheit-Resilienz_Gesamtpaket_v1.0.zip,WÖk_Rang16_Sicherheit-Resilienz_Gesamtpaket_v1.0/pdf/03_detail_kritische_infrastruktur_demokratische_infrastruktur.pdf,03_detail_kritische_infrastruktur_demokratische_infrastruktur.pdf,pdf,Gesamtpaket,18.2,ja,Import pruefen,/downloads/rang-16/03_detail_kritische_infrastruktur_demokratische_infrastruktur.pdf,Aus aktivem Rangpaket erkannt.
16,WÖk_Rang16_Sicherheit-Resilienz_Gesamtpaket_v1.0.zip,WÖk_Rang16_Sicherheit-Resilienz_Gesamtpaket_v1.0/pdf/04_detail_cyberresilienz_digitale_verwundbarkeit.pdf,04_detail_cyberresilienz_digitale_verwundbarkeit.pdf,pdf,Gesamtpaket,18.2,ja,Import pruefen,/downloads/rang-16/04_detail_cyberresilienz_digitale_verwundbarkeit.pdf,Aus aktivem Rangpaket erkannt.
16,WÖk_Rang16_Sicherheit-Resilienz_Gesamtpaket_v1.0.zip,WÖk_Rang16_Sicherheit-Resilienz_Gesamtpaket_v1.0/pdf/05_detail_hybride_risiken_demokratieverteidigung.pdf,05_detail_hybride_risiken_demokratieverteidigung.pdf,pdf,Gesamtpaket,18.3,ja,Import pruefen,/downloads/rang-16/05_detail_hybride_risiken_demokratieverteidigung.pdf,Aus aktivem Rangpaket erkannt.
16,WÖk_Rang16_Sicherheit-Resilienz_Gesamtpaket_v1.0.zip,WÖk_Rang16_Sicherheit-Resilienz_Gesamtpaket_v1.0/pdf/06_detail_katastrophenschutz_bevoelkerungsvorsorge.pdf,06_detail_katastrophenschutz_bevoelkerungsvorsorge.pdf,pdf,Gesamtpaket,18.2,ja,Import pruefen,/downloads/rang-16/06_detail_katastrophenschutz_bevoelkerungsvorsorge.pdf,Aus aktivem Rangpaket erkannt.
16,WÖk_Rang16_Sicherheit-Resilienz_Gesamtpaket_v1.0.zip,WÖk_Rang16_Sicherheit-Resilienz_Gesamtpaket_v1.0/pdf/07_detail_energie_wasser_ernaehrung_gesundheit.pdf,07_detail_energie_wasser_ernaehrung_gesundheit.pdf,pdf,Gesamtpaket,18.2,ja,Import pruefen,/downloads/rang-16/07_detail_energie_wasser_ernaehrung_gesundheit.pdf,Aus aktivem Rangpaket erkannt.
16,WÖk_Rang16_Sicherheit-Resilienz_Gesamtpaket_v1.0.zip,WÖk_Rang16_Sicherheit-Resilienz_Gesamtpaket_v1.0/pdf/08_detail_lieferketten_rohstoffe_finanzresilienz.pdf,08_detail_lieferketten_rohstoffe_finanzresilienz.pdf,pdf,Gesamtpaket,18.2,ja,Import pruefen,/downloads/rang-16/08_detail_lieferketten_rohstoffe_finanzresilienz.pdf,Aus aktivem Rangpaket erkannt.
16,WÖk_Rang16_Sicherheit-Resilienz_Gesamtpaket_v1.0.zip,WÖk_Rang16_Sicherheit-Resilienz_Gesamtpaket_v1.0/pdf/09_detail_kommunale_resilienz_sozialraeume.pdf,09_detail_kommunale_resilienz_sozialraeume.pdf,pdf,Gesamtpaket,18.2,ja,Import pruefen,/downloads/rang-16/09_detail_kommunale_resilienz_sozialraeume.pdf,Aus aktivem Rangpaket erkannt.
16,WÖk_Rang16_Sicherheit-Resilienz_Gesamtpaket_v1.0.zip,WÖk_Rang16_Sicherheit-Resilienz_Gesamtpaket_v1.0/pdf/10_detail_dienstjahr_fuer_wirkung.pdf,10_detail_dienstjahr_fuer_wirkung.pdf,pdf,Gesamtpaket,18.1,ja,Import pruefen,/downloads/rang-16/10_detail_dienstjahr_fuer_wirkung.pdf,Aus aktivem Rangpaket erkannt.
16,WÖk_Rang16_Sicherheit-Resilienz_Gesamtpaket_v1.0.zip,WÖk_Rang16_Sicherheit-Resilienz_Gesamtpaket_v1.0/pdf/11_detail_aussenpolitik_globale_resilienz.pdf,11_detail_aussenpolitik_globale_resilienz.pdf,pdf,Gesamtpaket,18.2,ja,Import pruefen,/downloads/rang-16/11_detail_aussenpolitik_globale_resilienz.pdf,Aus aktivem Rangpaket erkannt.
16,WÖk_Rang16_Sicherheit-Resilienz_Gesamtpaket_v1.0.zip,WÖk_Rang16_Sicherheit-Resilienz_Gesamtpaket_v1.0/pdf/12_detail_wirkungsindikatoren_resilienz.pdf,12_detail_wirkungsindikatoren_resilienz.pdf,pdf,Gesamtpaket,18.2,ja,Import pruefen,/downloads/rang-16/12_detail_wirkungsindikatoren_resilienz.pdf,Aus aktivem Rangpaket erkannt.
16,WÖk_Rang16_Sicherheit-Resilienz_Gesamtpaket_v1.0.zip,WÖk_Rang16_Sicherheit-Resilienz_Gesamtpaket_v1.0/pdf/16_sdg_sdgplus_block.pdf,16_sdg_sdgplus_block.pdf,pdf,Gesamtpaket,4.8,ja,Import pruefen,/downloads/rang-16/16_sdg_sdgplus_block.pdf,Aus aktivem Rangpaket erkannt.
16,WÖk_Rang16_Sicherheit-Resilienz_Gesamtpaket_v1.0.zip,WÖk_Rang16_Sicherheit-Resilienz_Gesamtpaket_v1.0/pdf/17_politische_anschlussfaehigkeit.pdf,17_politische_anschlussfaehigkeit.pdf,pdf,Gesamtpaket,6.1,ja,Import pruefen,/downloads/rang-16/17_politische_anschlussfaehigkeit.pdf,Aus aktivem Rangpaket erkannt.
16,WÖk_Rang16_Sicherheit-Resilienz_Gesamtpaket_v1.0.zip,WÖk_Rang16_Sicherheit-Resilienz_Gesamtpaket_v1.0/pdf/18_toolkarten.pdf,18_toolkarten.pdf,pdf,Toolkarten,5.4,ja,Import pruefen,/downloads/rang-16/18_toolkarten.pdf,Aus aktivem Rangpaket erkannt.
16,WÖk_Rang16_Sicherheit-Resilienz_Gesamtpaket_v1.0.zip,WÖk_Rang16_Sicherheit-Resilienz_Gesamtpaket_v1.0/pdf/19_quellen_und_glossarlinks.pdf,19_quellen_und_glossarlinks.pdf,pdf,Gesamtpaket,5.5,ja,Import pruefen,/downloads/rang-16/19_quellen_und_glossarlinks.pdf,Aus aktivem Rangpaket erkannt.
16,WÖk_Rang16_Sicherheit-Resilienz_Gesamtpaket_v1.0.zip,WÖk_Rang16_Sicherheit-Resilienz_Gesamtpaket_v1.0/pdf/20_downloadstruktur.pdf,20_downloadstruktur.pdf,pdf,Gesamtpaket,5.6,ja,Import pruefen,/downloads/rang-16/20_downloadstruktur.pdf,Aus aktivem Rangpaket erkannt.
16,WÖk_Rang16_Sicherheit-Resilienz_Gesamtpaket_v1.0.zip,WÖk_Rang16_Sicherheit-Resilienz_Gesamtpaket_v1.0/pdf/WÖk_Rang16_Gesamtpaket_Alle_Inhalte_v1.0.pdf,WÖk_Rang16_Gesamtpaket_Alle_Inhalte_v1.0.pdf,pdf,Gesamtpaket,293.0,ja,Import pruefen,/downloads/rang-16/WÖk_Rang16_Gesamtpaket_Alle_Inhalte_v1.0.pdf,Aus aktivem Rangpaket erkannt.
16,WÖk_Rang16_Sicherheit-Resilienz_Gesamtpaket_v1.0.zip,WÖk_Rang16_Sicherheit-Resilienz_Gesamtpaket_v1.0/markdown/00_portalstartseite.md,00_portalstartseite.md,md,Gesamtpaket,6.2,ja,Import pruefen,/downloads/rang-16/00_portalstartseite.md,Aus aktivem Rangpaket erkannt.
16,WÖk_Rang16_Sicherheit-Resilienz_Gesamtpaket_v1.0.zip,WÖk_Rang16_Sicherheit-Resilienz_Gesamtpaket_v1.0/markdown/01_bestands_und_nachlieferliste.md,01_bestands_und_nachlieferliste.md,md,Gesamtpaket,3.1,ja,Import pruefen,/downloads/rang-16/01_bestands_und_nachlieferliste.md,Aus aktivem Rangpaket erkannt.
16,WÖk_Rang16_Sicherheit-Resilienz_Gesamtpaket_v1.0.zip,WÖk_Rang16_Sicherheit-Resilienz_Gesamtpaket_v1.0/markdown/02_konzeptpapier.md,02_konzeptpapier.md,md,Konzeptpapier,7.8,ja,Import pruefen,/downloads/rang-16/02_konzeptpapier.md,Aus aktivem Rangpaket erkannt.
16,WÖk_Rang16_Sicherheit-Resilienz_Gesamtpaket_v1.0.zip,WÖk_Rang16_Sicherheit-Resilienz_Gesamtpaket_v1.0/markdown/03_gesamtdossier.md,03_gesamtdossier.md,md,Gesamtdossier,36.9,ja,Import pruefen,/downloads/rang-16/03_gesamtdossier.md,Aus aktivem Rangpaket erkannt.
16,WÖk_Rang16_Sicherheit-Resilienz_Gesamtpaket_v1.0.zip,WÖk_Rang16_Sicherheit-Resilienz_Gesamtpaket_v1.0/markdown/01_detail_sicherheit_als_wirkungsfrage.md,01_detail_sicherheit_als_wirkungsfrage.md,md,Gesamtpaket,17.5,ja,Import pruefen,/downloads/rang-16/01_detail_sicherheit_als_wirkungsfrage.md,Aus aktivem Rangpaket erkannt.
16,WÖk_Rang16_Sicherheit-Resilienz_Gesamtpaket_v1.0.zip,WÖk_Rang16_Sicherheit-Resilienz_Gesamtpaket_v1.0/markdown/02_detail_resilienzstaat_kritische_funktionen.md,02_detail_resilienzstaat_kritische_funktionen.md,md,Gesamtpaket,17.2,ja,Import pruefen,/downloads/rang-16/02_detail_resilienzstaat_kritische_funktionen.md,Aus aktivem Rangpaket erkannt.
16,WÖk_Rang16_Sicherheit-Resilienz_Gesamtpaket_v1.0.zip,WÖk_Rang16_Sicherheit-Resilienz_Gesamtpaket_v1.0/markdown/03_detail_kritische_infrastruktur_demokratische_infrastruktur.md,03_detail_kritische_infrastruktur_demokratische_infrastruktur.md,md,Gesamtpaket,17.2,ja,Import pruefen,/downloads/rang-16/03_detail_kritische_infrastruktur_demokratische_infrastruktur.md,Aus aktivem Rangpaket erkannt.
16,WÖk_Rang16_Sicherheit-Resilienz_Gesamtpaket_v1.0.zip,WÖk_Rang16_Sicherheit-Resilienz_Gesamtpaket_v1.0/markdown/04_detail_cyberresilienz_digitale_verwundbarkeit.md,04_detail_cyberresilienz_digitale_verwundbarkeit.md,md,Gesamtpaket,17.2,ja,Import pruefen,/downloads/rang-16/04_detail_cyberresilienz_digitale_verwundbarkeit.md,Aus aktivem Rangpaket erkannt.
16,WÖk_Rang16_Sicherheit-Resilienz_Gesamtpaket_v1.0.zip,WÖk_Rang16_Sicherheit-Resilienz_Gesamtpaket_v1.0/markdown/05_detail_hybride_risiken_demokratieverteidigung.md,05_detail_hybride_risiken_demokratieverteidigung.md,md,Gesamtpaket,17.2,ja,Import pruefen,/downloads/rang-16/05_detail_hybride_risiken_demokratieverteidigung.md,Aus aktivem Rangpaket erkannt.
16,WÖk_Rang16_Sicherheit-Resilienz_Gesamtpaket_v1.0.zip,WÖk_Rang16_Sicherheit-Resilienz_Gesamtpaket_v1.0/markdown/06_detail_katastrophenschutz_bevoelkerungsvorsorge.md,06_detail_katastrophenschutz_bevoelkerungsvorsorge.md,md,Gesamtpaket,17.1,ja,Import pruefen,/downloads/rang-16/06_detail_katastrophenschutz_bevoelkerungsvorsorge.md,Aus aktivem Rangpaket erkannt.
16,WÖk_Rang16_Sicherheit-Resilienz_Gesamtpaket_v1.0.zip,WÖk_Rang16_Sicherheit-Resilienz_Gesamtpaket_v1.0/markdown/07_detail_energie_wasser_ernaehrung_gesundheit.md,07_detail_energie_wasser_ernaehrung_gesundheit.md,md,Gesamtpaket,17.0,ja,Import pruefen,/downloads/rang-16/07_detail_energie_wasser_ernaehrung_gesundheit.md,Aus aktivem Rangpaket erkannt.
16,WÖk_Rang16_Sicherheit-Resilienz_Gesamtpaket_v1.0.zip,WÖk_Rang16_Sicherheit-Resilienz_Gesamtpaket_v1.0/markdown/08_detail_lieferketten_rohstoffe_finanzresilienz.md,08_detail_lieferketten_rohstoffe_finanzresilienz.md,md,Gesamtpaket,17.1,ja,Import pruefen,/downloads/rang-16/08_detail_lieferketten_rohstoffe_finanzresilienz.md,Aus aktivem Rangpaket erkannt.
16,WÖk_Rang16_Sicherheit-Resilienz_Gesamtpaket_v1.0.zip,WÖk_Rang16_Sicherheit-Resilienz_Gesamtpaket_v1.0/markdown/09_detail_kommunale_resilienz_sozialraeume.md,09_detail_kommunale_resilienz_sozialraeume.md,md,Gesamtpaket,17.0,ja,Import pruefen,/downloads/rang-16/09_detail_kommunale_resilienz_sozialraeume.md,Aus aktivem Rangpaket erkannt.
16,WÖk_Rang16_Sicherheit-Resilienz_Gesamtpaket_v1.0.zip,WÖk_Rang16_Sicherheit-Resilienz_Gesamtpaket_v1.0/markdown/10_detail_dienstjahr_fuer_wirkung.md,10_detail_dienstjahr_fuer_wirkung.md,md,Gesamtpaket,17.0,ja,Import pruefen,/downloads/rang-16/10_detail_dienstjahr_fuer_wirkung.md,Aus aktivem Rangpaket erkannt.
16,WÖk_Rang16_Sicherheit-Resilienz_Gesamtpaket_v1.0.zip,WÖk_Rang16_Sicherheit-Resilienz_Gesamtpaket_v1.0/markdown/11_detail_aussenpolitik_globale_resilienz.md,11_detail_aussenpolitik_globale_resilienz.md,md,Gesamtpaket,17.1,ja,Import pruefen,/downloads/rang-16/11_detail_aussenpolitik_globale_resilienz.md,Aus aktivem Rangpaket erkannt.
16,WÖk_Rang16_Sicherheit-Resilienz_Gesamtpaket_v1.0.zip,WÖk_Rang16_Sicherheit-Resilienz_Gesamtpaket_v1.0/markdown/12_detail_wirkungsindikatoren_resilienz.md,12_detail_wirkungsindikatoren_resilienz.md,md,Gesamtpaket,17.0,ja,Import pruefen,/downloads/rang-16/12_detail_wirkungsindikatoren_resilienz.md,Aus aktivem Rangpaket erkannt.
16,WÖk_Rang16_Sicherheit-Resilienz_Gesamtpaket_v1.0.zip,WÖk_Rang16_Sicherheit-Resilienz_Gesamtpaket_v1.0/markdown/16_sdg_sdgplus_block.md,16_sdg_sdgplus_block.md,md,Gesamtpaket,2.4,ja,Import pruefen,/downloads/rang-16/16_sdg_sdgplus_block.md,Aus aktivem Rangpaket erkannt.
16,WÖk_Rang16_Sicherheit-Resilienz_Gesamtpaket_v1.0.zip,WÖk_Rang16_Sicherheit-Resilienz_Gesamtpaket_v1.0/markdown/17_politische_anschlussfaehigkeit.md,17_politische_anschlussfaehigkeit.md,md,Gesamtpaket,4.1,ja,Import pruefen,/downloads/rang-16/17_politische_anschlussfaehigkeit.md,Aus aktivem Rangpaket erkannt.
16,WÖk_Rang16_Sicherheit-Resilienz_Gesamtpaket_v1.0.zip,WÖk_Rang16_Sicherheit-Resilienz_Gesamtpaket_v1.0/markdown/18_toolkarten.md,18_toolkarten.md,md,Toolkarten,3.0,ja,Import pruefen,/downloads/rang-16/18_toolkarten.md,Aus aktivem Rangpaket erkannt.
16,WÖk_Rang16_Sicherheit-Resilienz_Gesamtpaket_v1.0.zip,WÖk_Rang16_Sicherheit-Resilienz_Gesamtpaket_v1.0/markdown/19_quellen_und_glossarlinks.md,19_quellen_und_glossarlinks.md,md,Gesamtpaket,2.4,ja,Import pruefen,/downloads/rang-16/19_quellen_und_glossarlinks.md,Aus aktivem Rangpaket erkannt.
16,WÖk_Rang16_Sicherheit-Resilienz_Gesamtpaket_v1.0.zip,WÖk_Rang16_Sicherheit-Resilienz_Gesamtpaket_v1.0/markdown/20_downloadstruktur.md,20_downloadstruktur.md,md,Gesamtpaket,3.0,ja,Import pruefen,/downloads/rang-16/20_downloadstruktur.md,Aus aktivem Rangpaket erkannt.
16,WÖk_Rang16_Sicherheit-Resilienz_Gesamtpaket_v1.0.zip,WÖk_Rang16_Sicherheit-Resilienz_Gesamtpaket_v1.0/html/00_portalstartseite.html,00_portalstartseite.html,html,Gesamtpaket,7.5,ja,Import pruefen,/downloads/rang-16/00_portalstartseite.html,Aus aktivem Rangpaket erkannt.
16,WÖk_Rang16_Sicherheit-Resilienz_Gesamtpaket_v1.0.zip,WÖk_Rang16_Sicherheit-Resilienz_Gesamtpaket_v1.0/html/01_bestands_und_nachlieferliste.html,01_bestands_und_nachlieferliste.html,html,Gesamtpaket,4.7,ja,Import pruefen,/downloads/rang-16/01_bestands_und_nachlieferliste.html,Aus aktivem Rangpaket erkannt.
16,WÖk_Rang16_Sicherheit-Resilienz_Gesamtpaket_v1.0.zip,WÖk_Rang16_Sicherheit-Resilienz_Gesamtpaket_v1.0/html/02_konzeptpapier.html,02_konzeptpapier.html,html,Konzeptpapier,9.2,ja,Import pruefen,/downloads/rang-16/02_konzeptpapier.html,Aus aktivem Rangpaket erkannt.
16,WÖk_Rang16_Sicherheit-Resilienz_Gesamtpaket_v1.0.zip,WÖk_Rang16_Sicherheit-Resilienz_Gesamtpaket_v1.0/html/03_gesamtdossier.html,03_gesamtdossier.html,html,Gesamtdossier,39.5,ja,Import pruefen,/downloads/rang-16/03_gesamtdossier.html,Aus aktivem Rangpaket erkannt.
16,WÖk_Rang16_Sicherheit-Resilienz_Gesamtpaket_v1.0.zip,WÖk_Rang16_Sicherheit-Resilienz_Gesamtpaket_v1.0/html/01_detail_sicherheit_als_wirkungsfrage.html,01_detail_sicherheit_als_wirkungsfrage.html,html,Gesamtpaket,19.3,ja,Import pruefen,/downloads/rang-16/01_detail_sicherheit_als_wirkungsfrage.html,Aus aktivem Rangpaket erkannt.
16,WÖk_Rang16_Sicherheit-Resilienz_Gesamtpaket_v1.0.zip,WÖk_Rang16_Sicherheit-Resilienz_Gesamtpaket_v1.0/html/02_detail_resilienzstaat_kritische_funktionen.html,02_detail_resilienzstaat_kritische_funktionen.html,html,Gesamtpaket,19.0,ja,Import pruefen,/downloads/rang-16/02_detail_resilienzstaat_kritische_funktionen.html,Aus aktivem Rangpaket erkannt.
16,WÖk_Rang16_Sicherheit-Resilienz_Gesamtpaket_v1.0.zip,WÖk_Rang16_Sicherheit-Resilienz_Gesamtpaket_v1.0/html/03_detail_kritische_infrastruktur_demokratische_infrastruktur.html,03_detail_kritische_infrastruktur_demokratische_infrastruktur.html,html,Gesamtpaket,19.0,ja,Import pruefen,/downloads/rang-16/03_detail_kritische_infrastruktur_demokratische_infrastruktur.html,Aus aktivem Rangpaket erkannt.
16,WÖk_Rang16_Sicherheit-Resilienz_Gesamtpaket_v1.0.zip,WÖk_Rang16_Sicherheit-Resilienz_Gesamtpaket_v1.0/html/04_detail_cyberresilienz_digitale_verwundbarkeit.html,04_detail_cyberresilienz_digitale_verwundbarkeit.html,html,Gesamtpaket,19.0,ja,Import pruefen,/downloads/rang-16/04_detail_cyberresilienz_digitale_verwundbarkeit.html,Aus aktivem Rangpaket erkannt.
16,WÖk_Rang16_Sicherheit-Resilienz_Gesamtpaket_v1.0.zip,WÖk_Rang16_Sicherheit-Resilienz_Gesamtpaket_v1.0/html/05_detail_hybride_risiken_demokratieverteidigung.html,05_detail_hybride_risiken_demokratieverteidigung.html,html,Gesamtpaket,19.1,ja,Import pruefen,/downloads/rang-16/05_detail_hybride_risiken_demokratieverteidigung.html,Aus aktivem Rangpaket erkannt.
16,WÖk_Rang16_Sicherheit-Resilienz_Gesamtpaket_v1.0.zip,WÖk_Rang16_Sicherheit-Resilienz_Gesamtpaket_v1.0/html/06_detail_katastrophenschutz_bevoelkerungsvorsorge.html,06_detail_katastrophenschutz_bevoelkerungsvorsorge.html,html,Gesamtpaket,18.9,ja,Import pruefen,/downloads/rang-16/06_detail_katastrophenschutz_bevoelkerungsvorsorge.html,Aus aktivem Rangpaket erkannt.
16,WÖk_Rang16_Sicherheit-Resilienz_Gesamtpaket_v1.0.zip,WÖk_Rang16_Sicherheit-Resilienz_Gesamtpaket_v1.0/html/07_detail_energie_wasser_ernaehrung_gesundheit.html,07_detail_energie_wasser_ernaehrung_gesundheit.html,html,Gesamtpaket,18.9,ja,Import pruefen,/downloads/rang-16/07_detail_energie_wasser_ernaehrung_gesundheit.html,Aus aktivem Rangpaket erkannt.
16,WÖk_Rang16_Sicherheit-Resilienz_Gesamtpaket_v1.0.zip,WÖk_Rang16_Sicherheit-Resilienz_Gesamtpaket_v1.0/html/08_detail_lieferketten_rohstoffe_finanzresilienz.html,08_detail_lieferketten_rohstoffe_finanzresilienz.html,html,Gesamtpaket,18.9,ja,Import pruefen,/downloads/rang-16/08_detail_lieferketten_rohstoffe_finanzresilienz.html,Aus aktivem Rangpaket erkannt.
16,WÖk_Rang16_Sicherheit-Resilienz_Gesamtpaket_v1.0.zip,WÖk_Rang16_Sicherheit-Resilienz_Gesamtpaket_v1.0/html/09_detail_kommunale_resilienz_sozialraeume.html,09_detail_kommunale_resilienz_sozialraeume.html,html,Gesamtpaket,18.8,ja,Import pruefen,/downloads/rang-16/09_detail_kommunale_resilienz_sozialraeume.html,Aus aktivem Rangpaket erkannt.
16,WÖk_Rang16_Sicherheit-Resilienz_Gesamtpaket_v1.0.zip,WÖk_Rang16_Sicherheit-Resilienz_Gesamtpaket_v1.0/html/10_detail_dienstjahr_fuer_wirkung.html,10_detail_dienstjahr_fuer_wirkung.html,html,Gesamtpaket,18.8,ja,Import pruefen,/downloads/rang-16/10_detail_dienstjahr_fuer_wirkung.html,Aus aktivem Rangpaket erkannt.
16,WÖk_Rang16_Sicherheit-Resilienz_Gesamtpaket_v1.0.zip,WÖk_Rang16_Sicherheit-Resilienz_Gesamtpaket_v1.0/html/11_detail_aussenpolitik_globale_resilienz.html,11_detail_aussenpolitik_globale_resilienz.html,html,Gesamtpaket,18.9,ja,Import pruefen,/downloads/rang-16/11_detail_aussenpolitik_globale_resilienz.html,Aus aktivem Rangpaket erkannt.
16,WÖk_Rang16_Sicherheit-Resilienz_Gesamtpaket_v1.0.zip,WÖk_Rang16_Sicherheit-Resilienz_Gesamtpaket_v1.0/html/12_detail_wirkungsindikatoren_resilienz.html,12_detail_wirkungsindikatoren_resilienz.html,html,Gesamtpaket,18.9,ja,Import pruefen,/downloads/rang-16/12_detail_wirkungsindikatoren_resilienz.html,Aus aktivem Rangpaket erkannt.
16,WÖk_Rang16_Sicherheit-Resilienz_Gesamtpaket_v1.0.zip,WÖk_Rang16_Sicherheit-Resilienz_Gesamtpaket_v1.0/html/16_sdg_sdgplus_block.html,16_sdg_sdgplus_block.html,html,Gesamtpaket,3.8,ja,Import pruefen,/downloads/rang-16/16_sdg_sdgplus_block.html,Aus aktivem Rangpaket erkannt.
16,WÖk_Rang16_Sicherheit-Resilienz_Gesamtpaket_v1.0.zip,WÖk_Rang16_Sicherheit-Resilienz_Gesamtpaket_v1.0/html/17_politische_anschlussfaehigkeit.html,17_politische_anschlussfaehigkeit.html,html,Gesamtpaket,5.3,ja,Import pruefen,/downloads/rang-16/17_politische_anschlussfaehigkeit.html,Aus aktivem Rangpaket erkannt.
16,WÖk_Rang16_Sicherheit-Resilienz_Gesamtpaket_v1.0.zip,WÖk_Rang16_Sicherheit-Resilienz_Gesamtpaket_v1.0/html/18_toolkarten.html,18_toolkarten.html,html,Toolkarten,4.8,ja,Import pruefen,/downloads/rang-16/18_toolkarten.html,Aus aktivem Rangpaket erkannt.
16,WÖk_Rang16_Sicherheit-Resilienz_Gesamtpaket_v1.0.zip,WÖk_Rang16_Sicherheit-Resilienz_Gesamtpaket_v1.0/html/19_quellen_und_glossarlinks.html,19_quellen_und_glossarlinks.html,html,Gesamtpaket,3.8,ja,Import pruefen,/downloads/rang-16/19_quellen_und_glossarlinks.html,Aus aktivem Rangpaket erkannt.
16,WÖk_Rang16_Sicherheit-Resilienz_Gesamtpaket_v1.0.zip,WÖk_Rang16_Sicherheit-Resilienz_Gesamtpaket_v1.0/html/20_downloadstruktur.html,20_downloadstruktur.html,html,Gesamtpaket,4.4,ja,Import pruefen,/downloads/rang-16/20_downloadstruktur.html,Aus aktivem Rangpaket erkannt.
16,WÖk_Rang16_Sicherheit-Resilienz_Gesamtpaket_v1.0.zip,WÖk_Rang16_Sicherheit-Resilienz_Gesamtpaket_v1.0/daten/rang16_toolkarten.json,rang16_toolkarten.json,json,Toolkarten,2.9,ja,Import pruefen,/downloads/rang-16/rang16_toolkarten.json,Aus aktivem Rangpaket erkannt.
16,WÖk_Rang16_Sicherheit-Resilienz_Gesamtpaket_v1.0.zip,WÖk_Rang16_Sicherheit-Resilienz_Gesamtpaket_v1.0/daten/rang16_index.json,rang16_index.json,json,Sonstiges,9.3,ja,Import pruefen,/downloads/rang-16/rang16_index.json,Aus aktivem Rangpaket erkannt.
17,WÖk_Rang17_Digitalisierung-KI-Wirkungsdatenraeume_Gesamtpaket_v2.1_LANGFASSUNG.zip,WÖk_Rang17_Digitalisierung-KI-Wirkungsdatenraeume_Gesamtpaket_v2.1_LANGFASSUNG/README.txt,README.txt,txt,Sonstiges,0.4,ja,Import pruefen,/downloads/rang-17/README.txt,Aus aktivem Rangpaket erkannt.
17,WÖk_Rang17_Digitalisierung-KI-Wirkungsdatenraeume_Gesamtpaket_v2.1_LANGFASSUNG.zip,WÖk_Rang17_Digitalisierung-KI-Wirkungsdatenraeume_Gesamtpaket_v2.1_LANGFASSUNG/docx/WÖk_Rang17_Portalstartseite_v2.0.docx,WÖk_Rang17_Portalstartseite_v2.0.docx,docx,Gesamtpaket,45.8,ja,Import pruefen,/downloads/rang-17/WÖk_Rang17_Portalstartseite_v2.0.docx,Aus aktivem Rangpaket erkannt.
17,WÖk_Rang17_Digitalisierung-KI-Wirkungsdatenraeume_Gesamtpaket_v2.1_LANGFASSUNG.zip,WÖk_Rang17_Digitalisierung-KI-Wirkungsdatenraeume_Gesamtpaket_v2.1_LANGFASSUNG/docx/WÖk_Rang17_Konzeptpapier_v2.0.docx,WÖk_Rang17_Konzeptpapier_v2.0.docx,docx,Konzeptpapier,45.8,ja,Import pruefen,/downloads/rang-17/WÖk_Rang17_Konzeptpapier_v2.0.docx,Aus aktivem Rangpaket erkannt.
17,WÖk_Rang17_Digitalisierung-KI-Wirkungsdatenraeume_Gesamtpaket_v2.1_LANGFASSUNG.zip,WÖk_Rang17_Digitalisierung-KI-Wirkungsdatenraeume_Gesamtpaket_v2.1_LANGFASSUNG/docx/WÖk_Rang17_Gesamtdossier_v2.0.docx,WÖk_Rang17_Gesamtdossier_v2.0.docx,docx,Gesamtdossier,47.4,ja,Import pruefen,/downloads/rang-17/WÖk_Rang17_Gesamtdossier_v2.0.docx,Aus aktivem Rangpaket erkannt.
17,WÖk_Rang17_Digitalisierung-KI-Wirkungsdatenraeume_Gesamtpaket_v2.1_LANGFASSUNG.zip,WÖk_Rang17_Digitalisierung-KI-Wirkungsdatenraeume_Gesamtpaket_v2.1_LANGFASSUNG/docx/WÖk_Rang17_Detailkonzept_digitale-produktpaesse-und-dpp-infrastruktur_v2.0.docx,WÖk_Rang17_Detailkonzept_digitale-produktpaesse-und-dpp-infrastruktur_v2.0.docx,docx,Detailkonzept,45.9,ja,Import pruefen,/downloads/rang-17/WÖk_Rang17_Detailkonzept_digitale-produktpaesse-und-dpp-infrastruktur_v2.0.docx,Aus aktivem Rangpaket erkannt.
17,WÖk_Rang17_Digitalisierung-KI-Wirkungsdatenraeume_Gesamtpaket_v2.1_LANGFASSUNG.zip,WÖk_Rang17_Digitalisierung-KI-Wirkungsdatenraeume_Gesamtpaket_v2.1_LANGFASSUNG/docx/WÖk_Rang17_Detailkonzept_wirkungsdatenraeume_v2.0.docx,WÖk_Rang17_Detailkonzept_wirkungsdatenraeume_v2.0.docx,docx,Detailkonzept,45.8,ja,Import pruefen,/downloads/rang-17/WÖk_Rang17_Detailkonzept_wirkungsdatenraeume_v2.0.docx,Aus aktivem Rangpaket erkannt.
17,WÖk_Rang17_Digitalisierung-KI-Wirkungsdatenraeume_Gesamtpaket_v2.1_LANGFASSUNG.zip,WÖk_Rang17_Digitalisierung-KI-Wirkungsdatenraeume_Gesamtpaket_v2.1_LANGFASSUNG/docx/WÖk_Rang17_Detailkonzept_ki-governance-in-der-wirkungsoekonomie_v2.0.docx,WÖk_Rang17_Detailkonzept_ki-governance-in-der-wirkungsoekonomie_v2.0.docx,docx,Detailkonzept,45.8,ja,Import pruefen,/downloads/rang-17/WÖk_Rang17_Detailkonzept_ki-governance-in-der-wirkungsoekonomie_v2.0.docx,Aus aktivem Rangpaket erkannt.
17,WÖk_Rang17_Digitalisierung-KI-Wirkungsdatenraeume_Gesamtpaket_v2.1_LANGFASSUNG.zip,WÖk_Rang17_Digitalisierung-KI-Wirkungsdatenraeume_Gesamtpaket_v2.1_LANGFASSUNG/docx/WÖk_Rang17_Detailkonzept_algorithmische-fairness-und-digitale-rechte_v2.0.docx,WÖk_Rang17_Detailkonzept_algorithmische-fairness-und-digitale-rechte_v2.0.docx,docx,Detailkonzept,45.8,ja,Import pruefen,/downloads/rang-17/WÖk_Rang17_Detailkonzept_algorithmische-fairness-und-digitale-rechte_v2.0.docx,Aus aktivem Rangpaket erkannt.
17,WÖk_Rang17_Digitalisierung-KI-Wirkungsdatenraeume_Gesamtpaket_v2.1_LANGFASSUNG.zip,WÖk_Rang17_Digitalisierung-KI-Wirkungsdatenraeume_Gesamtpaket_v2.1_LANGFASSUNG/docx/WÖk_Rang17_Detailkonzept_digitale-souveraenitaet-und-datenrechte_v2.0.docx,WÖk_Rang17_Detailkonzept_digitale-souveraenitaet-und-datenrechte_v2.0.docx,docx,Detailkonzept,45.8,ja,Import pruefen,/downloads/rang-17/WÖk_Rang17_Detailkonzept_digitale-souveraenitaet-und-datenrechte_v2.0.docx,Aus aktivem Rangpaket erkannt.
17,WÖk_Rang17_Digitalisierung-KI-Wirkungsdatenraeume_Gesamtpaket_v2.1_LANGFASSUNG.zip,WÖk_Rang17_Digitalisierung-KI-Wirkungsdatenraeume_Gesamtpaket_v2.1_LANGFASSUNG/docx/WÖk_Rang17_Detailkonzept_cyberresilienz-und-operative-stabilitaet_v2.0.docx,WÖk_Rang17_Detailkonzept_cyberresilienz-und-operative-stabilitaet_v2.0.docx,docx,Detailkonzept,45.9,ja,Import pruefen,/downloads/rang-17/WÖk_Rang17_Detailkonzept_cyberresilienz-und-operative-stabilitaet_v2.0.docx,Aus aktivem Rangpaket erkannt.
17,WÖk_Rang17_Digitalisierung-KI-Wirkungsdatenraeume_Gesamtpaket_v2.1_LANGFASSUNG.zip,WÖk_Rang17_Digitalisierung-KI-Wirkungsdatenraeume_Gesamtpaket_v2.1_LANGFASSUNG/docx/WÖk_Rang17_Detailkonzept_plattformlogik-und-resonanzraeume_v2.0.docx,WÖk_Rang17_Detailkonzept_plattformlogik-und-resonanzraeume_v2.0.docx,docx,Detailkonzept,45.8,ja,Import pruefen,/downloads/rang-17/WÖk_Rang17_Detailkonzept_plattformlogik-und-resonanzraeume_v2.0.docx,Aus aktivem Rangpaket erkannt.
17,WÖk_Rang17_Digitalisierung-KI-Wirkungsdatenraeume_Gesamtpaket_v2.1_LANGFASSUNG.zip,WÖk_Rang17_Digitalisierung-KI-Wirkungsdatenraeume_Gesamtpaket_v2.1_LANGFASSUNG/docx/WÖk_Rang17_Detailkonzept_wirkungsscanner-und-buergerinstrumente_v2.0.docx,WÖk_Rang17_Detailkonzept_wirkungsscanner-und-buergerinstrumente_v2.0.docx,docx,Detailkonzept,45.8,ja,Import pruefen,/downloads/rang-17/WÖk_Rang17_Detailkonzept_wirkungsscanner-und-buergerinstrumente_v2.0.docx,Aus aktivem Rangpaket erkannt.
17,WÖk_Rang17_Digitalisierung-KI-Wirkungsdatenraeume_Gesamtpaket_v2.1_LANGFASSUNG.zip,WÖk_Rang17_Digitalisierung-KI-Wirkungsdatenraeume_Gesamtpaket_v2.1_LANGFASSUNG/docx/WÖk_Rang17_Detailkonzept_interoperabilitaet-register-und-schnittstellen_v2.0.docx,WÖk_Rang17_Detailkonzept_interoperabilitaet-register-und-schnittstellen_v2.0.docx,docx,Detailkonzept,45.8,ja,Import pruefen,/downloads/rang-17/WÖk_Rang17_Detailkonzept_interoperabilitaet-register-und-schnittstellen_v2.0.docx,Aus aktivem Rangpaket erkannt.
17,WÖk_Rang17_Digitalisierung-KI-Wirkungsdatenraeume_Gesamtpaket_v2.1_LANGFASSUNG.zip,WÖk_Rang17_Digitalisierung-KI-Wirkungsdatenraeume_Gesamtpaket_v2.1_LANGFASSUNG/docx/WÖk_Rang17_Detailkonzept_datenqualitaet-audit-und-wirkungswahrheit_v2.0.docx,WÖk_Rang17_Detailkonzept_datenqualitaet-audit-und-wirkungswahrheit_v2.0.docx,docx,Detailkonzept,45.8,ja,Import pruefen,/downloads/rang-17/WÖk_Rang17_Detailkonzept_datenqualitaet-audit-und-wirkungswahrheit_v2.0.docx,Aus aktivem Rangpaket erkannt.
17,WÖk_Rang17_Digitalisierung-KI-Wirkungsdatenraeume_Gesamtpaket_v2.1_LANGFASSUNG.zip,WÖk_Rang17_Digitalisierung-KI-Wirkungsdatenraeume_Gesamtpaket_v2.1_LANGFASSUNG/docx/WÖk_Rang17_Detailkonzept_digitale-wirkungsarchitektur-in-unternehmen-und-kapitalmaerkten_v2.0.docx,WÖk_Rang17_Detailkonzept_digitale-wirkungsarchitektur-in-unternehmen-und-kapitalmaerkten_v2.0.docx,docx,Detailkonzept,45.9,ja,Import pruefen,/downloads/rang-17/WÖk_Rang17_Detailkonzept_digitale-wirkungsarchitektur-in-unternehmen-und-kapitalmaerkten_v2.0.docx,Aus aktivem Rangpaket erkannt.
17,WÖk_Rang17_Digitalisierung-KI-Wirkungsdatenraeume_Gesamtpaket_v2.1_LANGFASSUNG.zip,WÖk_Rang17_Digitalisierung-KI-Wirkungsdatenraeume_Gesamtpaket_v2.1_LANGFASSUNG/docx/WÖk_Rang17_Detailkonzept_oeffentliche-verwaltung-und-wirkungsdaten_v2.0.docx,WÖk_Rang17_Detailkonzept_oeffentliche-verwaltung-und-wirkungsdaten_v2.0.docx,docx,Detailkonzept,45.8,ja,Import pruefen,/downloads/rang-17/WÖk_Rang17_Detailkonzept_oeffentliche-verwaltung-und-wirkungsdaten_v2.0.docx,Aus aktivem Rangpaket erkannt.
17,WÖk_Rang17_Digitalisierung-KI-Wirkungsdatenraeume_Gesamtpaket_v2.1_LANGFASSUNG.zip,WÖk_Rang17_Digitalisierung-KI-Wirkungsdatenraeume_Gesamtpaket_v2.1_LANGFASSUNG/docx/WÖk_Rang17_SDG_SDGplus_Block_v2.0.docx,WÖk_Rang17_SDG_SDGplus_Block_v2.0.docx,docx,Gesamtpaket,38.5,ja,Import pruefen,/downloads/rang-17/WÖk_Rang17_SDG_SDGplus_Block_v2.0.docx,Aus aktivem Rangpaket erkannt.
17,WÖk_Rang17_Digitalisierung-KI-Wirkungsdatenraeume_Gesamtpaket_v2.1_LANGFASSUNG.zip,WÖk_Rang17_Digitalisierung-KI-Wirkungsdatenraeume_Gesamtpaket_v2.1_LANGFASSUNG/docx/WÖk_Rang17_Politische_Anschlussfaehigkeit_v2.0.docx,WÖk_Rang17_Politische_Anschlussfaehigkeit_v2.0.docx,docx,Gesamtpaket,39.0,ja,Import pruefen,/downloads/rang-17/WÖk_Rang17_Politische_Anschlussfaehigkeit_v2.0.docx,Aus aktivem Rangpaket erkannt.
17,WÖk_Rang17_Digitalisierung-KI-Wirkungsdatenraeume_Gesamtpaket_v2.1_LANGFASSUNG.zip,WÖk_Rang17_Digitalisierung-KI-Wirkungsdatenraeume_Gesamtpaket_v2.1_LANGFASSUNG/docx/WÖk_Rang17_Toolkarten_v2.0.docx,WÖk_Rang17_Toolkarten_v2.0.docx,docx,Toolkarten,38.8,ja,Import pruefen,/downloads/rang-17/WÖk_Rang17_Toolkarten_v2.0.docx,Aus aktivem Rangpaket erkannt.
17,WÖk_Rang17_Digitalisierung-KI-Wirkungsdatenraeume_Gesamtpaket_v2.1_LANGFASSUNG.zip,WÖk_Rang17_Digitalisierung-KI-Wirkungsdatenraeume_Gesamtpaket_v2.1_LANGFASSUNG/docx/WÖk_Rang17_Quellen_Glossarlinks_v2.0.docx,WÖk_Rang17_Quellen_Glossarlinks_v2.0.docx,docx,Gesamtpaket,38.2,ja,Import pruefen,/downloads/rang-17/WÖk_Rang17_Quellen_Glossarlinks_v2.0.docx,Aus aktivem Rangpaket erkannt.
17,WÖk_Rang17_Digitalisierung-KI-Wirkungsdatenraeume_Gesamtpaket_v2.1_LANGFASSUNG.zip,WÖk_Rang17_Digitalisierung-KI-Wirkungsdatenraeume_Gesamtpaket_v2.1_LANGFASSUNG/docx/WÖk_Rang17_Gesamtpaket_Alle_Inhalte_v2.0.docx,WÖk_Rang17_Gesamtpaket_Alle_Inhalte_v2.0.docx,docx,Gesamtpaket,40.0,ja,Import pruefen,/downloads/rang-17/WÖk_Rang17_Gesamtpaket_Alle_Inhalte_v2.0.docx,Aus aktivem Rangpaket erkannt.
17,WÖk_Rang17_Digitalisierung-KI-Wirkungsdatenraeume_Gesamtpaket_v2.1_LANGFASSUNG.zip,WÖk_Rang17_Digitalisierung-KI-Wirkungsdatenraeume_Gesamtpaket_v2.1_LANGFASSUNG/pdf/WÖk_Rang17_Portalstartseite_v2.0.pdf,WÖk_Rang17_Portalstartseite_v2.0.pdf,pdf,Gesamtpaket,64.4,ja,Import pruefen,/downloads/rang-17/WÖk_Rang17_Portalstartseite_v2.0.pdf,Aus aktivem Rangpaket erkannt.
17,WÖk_Rang17_Digitalisierung-KI-Wirkungsdatenraeume_Gesamtpaket_v2.1_LANGFASSUNG.zip,WÖk_Rang17_Digitalisierung-KI-Wirkungsdatenraeume_Gesamtpaket_v2.1_LANGFASSUNG/pdf/WÖk_Rang17_Konzeptpapier_v2.0.pdf,WÖk_Rang17_Konzeptpapier_v2.0.pdf,pdf,Konzeptpapier,64.3,ja,Import pruefen,/downloads/rang-17/WÖk_Rang17_Konzeptpapier_v2.0.pdf,Aus aktivem Rangpaket erkannt.
17,WÖk_Rang17_Digitalisierung-KI-Wirkungsdatenraeume_Gesamtpaket_v2.1_LANGFASSUNG.zip,WÖk_Rang17_Digitalisierung-KI-Wirkungsdatenraeume_Gesamtpaket_v2.1_LANGFASSUNG/pdf/WÖk_Rang17_Gesamtdossier_v2.0.pdf,WÖk_Rang17_Gesamtdossier_v2.0.pdf,pdf,Gesamtdossier,85.8,ja,Import pruefen,/downloads/rang-17/WÖk_Rang17_Gesamtdossier_v2.0.pdf,Aus aktivem Rangpaket erkannt.
17,WÖk_Rang17_Digitalisierung-KI-Wirkungsdatenraeume_Gesamtpaket_v2.1_LANGFASSUNG.zip,WÖk_Rang17_Digitalisierung-KI-Wirkungsdatenraeume_Gesamtpaket_v2.1_LANGFASSUNG/pdf/WÖk_Rang17_Detailkonzept_digitale-produktpaesse-und-dpp-infrastruktur_v2.0.pdf,WÖk_Rang17_Detailkonzept_digitale-produktpaesse-und-dpp-infrastruktur_v2.0.pdf,pdf,Detailkonzept,64.5,ja,Import pruefen,/downloads/rang-17/WÖk_Rang17_Detailkonzept_digitale-produktpaesse-und-dpp-infrastruktur_v2.0.pdf,Aus aktivem Rangpaket erkannt.
17,WÖk_Rang17_Digitalisierung-KI-Wirkungsdatenraeume_Gesamtpaket_v2.1_LANGFASSUNG.zip,WÖk_Rang17_Digitalisierung-KI-Wirkungsdatenraeume_Gesamtpaket_v2.1_LANGFASSUNG/pdf/WÖk_Rang17_Detailkonzept_wirkungsdatenraeume_v2.0.pdf,WÖk_Rang17_Detailkonzept_wirkungsdatenraeume_v2.0.pdf,pdf,Detailkonzept,64.2,ja,Import pruefen,/downloads/rang-17/WÖk_Rang17_Detailkonzept_wirkungsdatenraeume_v2.0.pdf,Aus aktivem Rangpaket erkannt.
17,WÖk_Rang17_Digitalisierung-KI-Wirkungsdatenraeume_Gesamtpaket_v2.1_LANGFASSUNG.zip,WÖk_Rang17_Digitalisierung-KI-Wirkungsdatenraeume_Gesamtpaket_v2.1_LANGFASSUNG/pdf/WÖk_Rang17_Detailkonzept_ki-governance-in-der-wirkungsoekonomie_v2.0.pdf,WÖk_Rang17_Detailkonzept_ki-governance-in-der-wirkungsoekonomie_v2.0.pdf,pdf,Detailkonzept,64.3,ja,Import pruefen,/downloads/rang-17/WÖk_Rang17_Detailkonzept_ki-governance-in-der-wirkungsoekonomie_v2.0.pdf,Aus aktivem Rangpaket erkannt.
17,WÖk_Rang17_Digitalisierung-KI-Wirkungsdatenraeume_Gesamtpaket_v2.1_LANGFASSUNG.zip,WÖk_Rang17_Digitalisierung-KI-Wirkungsdatenraeume_Gesamtpaket_v2.1_LANGFASSUNG/pdf/WÖk_Rang17_Detailkonzept_algorithmische-fairness-und-digitale-rechte_v2.0.pdf,WÖk_Rang17_Detailkonzept_algorithmische-fairness-und-digitale-rechte_v2.0.pdf,pdf,Detailkonzept,64.5,ja,Import pruefen,/downloads/rang-17/WÖk_Rang17_Detailkonzept_algorithmische-fairness-und-digitale-rechte_v2.0.pdf,Aus aktivem Rangpaket erkannt.
17,WÖk_Rang17_Digitalisierung-KI-Wirkungsdatenraeume_Gesamtpaket_v2.1_LANGFASSUNG.zip,WÖk_Rang17_Digitalisierung-KI-Wirkungsdatenraeume_Gesamtpaket_v2.1_LANGFASSUNG/pdf/WÖk_Rang17_Detailkonzept_digitale-souveraenitaet-und-datenrechte_v2.0.pdf,WÖk_Rang17_Detailkonzept_digitale-souveraenitaet-und-datenrechte_v2.0.pdf,pdf,Detailkonzept,64.4,ja,Import pruefen,/downloads/rang-17/WÖk_Rang17_Detailkonzept_digitale-souveraenitaet-und-datenrechte_v2.0.pdf,Aus aktivem Rangpaket erkannt.
17,WÖk_Rang17_Digitalisierung-KI-Wirkungsdatenraeume_Gesamtpaket_v2.1_LANGFASSUNG.zip,WÖk_Rang17_Digitalisierung-KI-Wirkungsdatenraeume_Gesamtpaket_v2.1_LANGFASSUNG/pdf/WÖk_Rang17_Detailkonzept_cyberresilienz-und-operative-stabilitaet_v2.0.pdf,WÖk_Rang17_Detailkonzept_cyberresilienz-und-operative-stabilitaet_v2.0.pdf,pdf,Detailkonzept,64.4,ja,Import pruefen,/downloads/rang-17/WÖk_Rang17_Detailkonzept_cyberresilienz-und-operative-stabilitaet_v2.0.pdf,Aus aktivem Rangpaket erkannt.
17,WÖk_Rang17_Digitalisierung-KI-Wirkungsdatenraeume_Gesamtpaket_v2.1_LANGFASSUNG.zip,WÖk_Rang17_Digitalisierung-KI-Wirkungsdatenraeume_Gesamtpaket_v2.1_LANGFASSUNG/pdf/WÖk_Rang17_Detailkonzept_plattformlogik-und-resonanzraeume_v2.0.pdf,WÖk_Rang17_Detailkonzept_plattformlogik-und-resonanzraeume_v2.0.pdf,pdf,Detailkonzept,64.4,ja,Import pruefen,/downloads/rang-17/WÖk_Rang17_Detailkonzept_plattformlogik-und-resonanzraeume_v2.0.pdf,Aus aktivem Rangpaket erkannt.
17,WÖk_Rang17_Digitalisierung-KI-Wirkungsdatenraeume_Gesamtpaket_v2.1_LANGFASSUNG.zip,WÖk_Rang17_Digitalisierung-KI-Wirkungsdatenraeume_Gesamtpaket_v2.1_LANGFASSUNG/pdf/WÖk_Rang17_Detailkonzept_wirkungsscanner-und-buergerinstrumente_v2.0.pdf,WÖk_Rang17_Detailkonzept_wirkungsscanner-und-buergerinstrumente_v2.0.pdf,pdf,Detailkonzept,64.4,ja,Import pruefen,/downloads/rang-17/WÖk_Rang17_Detailkonzept_wirkungsscanner-und-buergerinstrumente_v2.0.pdf,Aus aktivem Rangpaket erkannt.
17,WÖk_Rang17_Digitalisierung-KI-Wirkungsdatenraeume_Gesamtpaket_v2.1_LANGFASSUNG.zip,WÖk_Rang17_Digitalisierung-KI-Wirkungsdatenraeume_Gesamtpaket_v2.1_LANGFASSUNG/pdf/WÖk_Rang17_Detailkonzept_interoperabilitaet-register-und-schnittstellen_v2.0.pdf,WÖk_Rang17_Detailkonzept_interoperabilitaet-register-und-schnittstellen_v2.0.pdf,pdf,Detailkonzept,64.4,ja,Import pruefen,/downloads/rang-17/WÖk_Rang17_Detailkonzept_interoperabilitaet-register-und-schnittstellen_v2.0.pdf,Aus aktivem Rangpaket erkannt.
17,WÖk_Rang17_Digitalisierung-KI-Wirkungsdatenraeume_Gesamtpaket_v2.1_LANGFASSUNG.zip,WÖk_Rang17_Digitalisierung-KI-Wirkungsdatenraeume_Gesamtpaket_v2.1_LANGFASSUNG/pdf/WÖk_Rang17_Detailkonzept_datenqualitaet-audit-und-wirkungswahrheit_v2.0.pdf,WÖk_Rang17_Detailkonzept_datenqualitaet-audit-und-wirkungswahrheit_v2.0.pdf,pdf,Detailkonzept,64.3,ja,Import pruefen,/downloads/rang-17/WÖk_Rang17_Detailkonzept_datenqualitaet-audit-und-wirkungswahrheit_v2.0.pdf,Aus aktivem Rangpaket erkannt.
17,WÖk_Rang17_Digitalisierung-KI-Wirkungsdatenraeume_Gesamtpaket_v2.1_LANGFASSUNG.zip,WÖk_Rang17_Digitalisierung-KI-Wirkungsdatenraeume_Gesamtpaket_v2.1_LANGFASSUNG/pdf/WÖk_Rang17_Detailkonzept_digitale-wirkungsarchitektur-in-unternehmen-und-kapitalmaerkten_v2.0.pdf,WÖk_Rang17_Detailkonzept_digitale-wirkungsarchitektur-in-unternehmen-und-kapitalmaerkten_v2.0.pdf,pdf,Detailkonzept,64.5,ja,Import pruefen,/downloads/rang-17/WÖk_Rang17_Detailkonzept_digitale-wirkungsarchitektur-in-unternehmen-und-kapitalmaerkten_v2.0.pdf,Aus aktivem Rangpaket erkannt.
17,WÖk_Rang17_Digitalisierung-KI-Wirkungsdatenraeume_Gesamtpaket_v2.1_LANGFASSUNG.zip,WÖk_Rang17_Digitalisierung-KI-Wirkungsdatenraeume_Gesamtpaket_v2.1_LANGFASSUNG/pdf/WÖk_Rang17_Detailkonzept_oeffentliche-verwaltung-und-wirkungsdaten_v2.0.pdf,WÖk_Rang17_Detailkonzept_oeffentliche-verwaltung-und-wirkungsdaten_v2.0.pdf,pdf,Detailkonzept,64.4,ja,Import pruefen,/downloads/rang-17/WÖk_Rang17_Detailkonzept_oeffentliche-verwaltung-und-wirkungsdaten_v2.0.pdf,Aus aktivem Rangpaket erkannt.
17,WÖk_Rang17_Digitalisierung-KI-Wirkungsdatenraeume_Gesamtpaket_v2.1_LANGFASSUNG.zip,WÖk_Rang17_Digitalisierung-KI-Wirkungsdatenraeume_Gesamtpaket_v2.1_LANGFASSUNG/pdf/WÖk_Rang17_SDG_SDGplus_Block_v2.0.pdf,WÖk_Rang17_SDG_SDGplus_Block_v2.0.pdf,pdf,Gesamtpaket,45.8,ja,Import pruefen,/downloads/rang-17/WÖk_Rang17_SDG_SDGplus_Block_v2.0.pdf,Aus aktivem Rangpaket erkannt.
17,WÖk_Rang17_Digitalisierung-KI-Wirkungsdatenraeume_Gesamtpaket_v2.1_LANGFASSUNG.zip,WÖk_Rang17_Digitalisierung-KI-Wirkungsdatenraeume_Gesamtpaket_v2.1_LANGFASSUNG/pdf/WÖk_Rang17_Politische_Anschlussfaehigkeit_v2.0.pdf,WÖk_Rang17_Politische_Anschlussfaehigkeit_v2.0.pdf,pdf,Gesamtpaket,46.9,ja,Import pruefen,/downloads/rang-17/WÖk_Rang17_Politische_Anschlussfaehigkeit_v2.0.pdf,Aus aktivem Rangpaket erkannt.
17,WÖk_Rang17_Digitalisierung-KI-Wirkungsdatenraeume_Gesamtpaket_v2.1_LANGFASSUNG.zip,WÖk_Rang17_Digitalisierung-KI-Wirkungsdatenraeume_Gesamtpaket_v2.1_LANGFASSUNG/pdf/WÖk_Rang17_Toolkarten_v2.0.pdf,WÖk_Rang17_Toolkarten_v2.0.pdf,pdf,Toolkarten,46.5,ja,Import pruefen,/downloads/rang-17/WÖk_Rang17_Toolkarten_v2.0.pdf,Aus aktivem Rangpaket erkannt.
17,WÖk_Rang17_Digitalisierung-KI-Wirkungsdatenraeume_Gesamtpaket_v2.1_LANGFASSUNG.zip,WÖk_Rang17_Digitalisierung-KI-Wirkungsdatenraeume_Gesamtpaket_v2.1_LANGFASSUNG/pdf/WÖk_Rang17_Quellen_Glossarlinks_v2.0.pdf,WÖk_Rang17_Quellen_Glossarlinks_v2.0.pdf,pdf,Gesamtpaket,45.5,ja,Import pruefen,/downloads/rang-17/WÖk_Rang17_Quellen_Glossarlinks_v2.0.pdf,Aus aktivem Rangpaket erkannt.
17,WÖk_Rang17_Digitalisierung-KI-Wirkungsdatenraeume_Gesamtpaket_v2.1_LANGFASSUNG.zip,WÖk_Rang17_Digitalisierung-KI-Wirkungsdatenraeume_Gesamtpaket_v2.1_LANGFASSUNG/pdf/WÖk_Rang17_Gesamtpaket_Alle_Inhalte_v2.0.pdf,WÖk_Rang17_Gesamtpaket_Alle_Inhalte_v2.0.pdf,pdf,Gesamtpaket,51.0,ja,Import pruefen,/downloads/rang-17/WÖk_Rang17_Gesamtpaket_Alle_Inhalte_v2.0.pdf,Aus aktivem Rangpaket erkannt.
17,WÖk_Rang17_Digitalisierung-KI-Wirkungsdatenraeume_Gesamtpaket_v2.1_LANGFASSUNG.zip,WÖk_Rang17_Digitalisierung-KI-Wirkungsdatenraeume_Gesamtpaket_v2.1_LANGFASSUNG/markdown/WÖk_Rang17_Portalstartseite_v2.0.md,WÖk_Rang17_Portalstartseite_v2.0.md,md,Gesamtpaket,24.0,ja,Import pruefen,/downloads/rang-17/WÖk_Rang17_Portalstartseite_v2.0.md,Aus aktivem Rangpaket erkannt.
17,WÖk_Rang17_Digitalisierung-KI-Wirkungsdatenraeume_Gesamtpaket_v2.1_LANGFASSUNG.zip,WÖk_Rang17_Digitalisierung-KI-Wirkungsdatenraeume_Gesamtpaket_v2.1_LANGFASSUNG/markdown/WÖk_Rang17_Konzeptpapier_v2.0.md,WÖk_Rang17_Konzeptpapier_v2.0.md,md,Konzeptpapier,23.2,ja,Import pruefen,/downloads/rang-17/WÖk_Rang17_Konzeptpapier_v2.0.md,Aus aktivem Rangpaket erkannt.
17,WÖk_Rang17_Digitalisierung-KI-Wirkungsdatenraeume_Gesamtpaket_v2.1_LANGFASSUNG.zip,WÖk_Rang17_Digitalisierung-KI-Wirkungsdatenraeume_Gesamtpaket_v2.1_LANGFASSUNG/markdown/WÖk_Rang17_Gesamtdossier_v2.0.md,WÖk_Rang17_Gesamtdossier_v2.0.md,md,Gesamtdossier,58.2,ja,Import pruefen,/downloads/rang-17/WÖk_Rang17_Gesamtdossier_v2.0.md,Aus aktivem Rangpaket erkannt.
17,WÖk_Rang17_Digitalisierung-KI-Wirkungsdatenraeume_Gesamtpaket_v2.1_LANGFASSUNG.zip,WÖk_Rang17_Digitalisierung-KI-Wirkungsdatenraeume_Gesamtpaket_v2.1_LANGFASSUNG/markdown/WÖk_Rang17_Detailkonzept_digitale-produktpaesse-und-dpp-infrastruktur_v2.0.md,WÖk_Rang17_Detailkonzept_digitale-produktpaesse-und-dpp-infrastruktur_v2.0.md,md,Detailkonzept,23.8,ja,Import pruefen,/downloads/rang-17/WÖk_Rang17_Detailkonzept_digitale-produktpaesse-und-dpp-infrastruktur_v2.0.md,Aus aktivem Rangpaket erkannt.
17,WÖk_Rang17_Digitalisierung-KI-Wirkungsdatenraeume_Gesamtpaket_v2.1_LANGFASSUNG.zip,WÖk_Rang17_Digitalisierung-KI-Wirkungsdatenraeume_Gesamtpaket_v2.1_LANGFASSUNG/markdown/WÖk_Rang17_Detailkonzept_wirkungsdatenraeume_v2.0.md,WÖk_Rang17_Detailkonzept_wirkungsdatenraeume_v2.0.md,md,Detailkonzept,23.2,ja,Import pruefen,/downloads/rang-17/WÖk_Rang17_Detailkonzept_wirkungsdatenraeume_v2.0.md,Aus aktivem Rangpaket erkannt.
17,WÖk_Rang17_Digitalisierung-KI-Wirkungsdatenraeume_Gesamtpaket_v2.1_LANGFASSUNG.zip,WÖk_Rang17_Digitalisierung-KI-Wirkungsdatenraeume_Gesamtpaket_v2.1_LANGFASSUNG/markdown/WÖk_Rang17_Detailkonzept_ki-governance-in-der-wirkungsoekonomie_v2.0.md,WÖk_Rang17_Detailkonzept_ki-governance-in-der-wirkungsoekonomie_v2.0.md,md,Detailkonzept,23.6,ja,Import pruefen,/downloads/rang-17/WÖk_Rang17_Detailkonzept_ki-governance-in-der-wirkungsoekonomie_v2.0.md,Aus aktivem Rangpaket erkannt.
17,WÖk_Rang17_Digitalisierung-KI-Wirkungsdatenraeume_Gesamtpaket_v2.1_LANGFASSUNG.zip,WÖk_Rang17_Digitalisierung-KI-Wirkungsdatenraeume_Gesamtpaket_v2.1_LANGFASSUNG/markdown/WÖk_Rang17_Detailkonzept_algorithmische-fairness-und-digitale-rechte_v2.0.md,WÖk_Rang17_Detailkonzept_algorithmische-fairness-und-digitale-rechte_v2.0.md,md,Detailkonzept,23.7,ja,Import pruefen,/downloads/rang-17/WÖk_Rang17_Detailkonzept_algorithmische-fairness-und-digitale-rechte_v2.0.md,Aus aktivem Rangpaket erkannt.
17,WÖk_Rang17_Digitalisierung-KI-Wirkungsdatenraeume_Gesamtpaket_v2.1_LANGFASSUNG.zip,WÖk_Rang17_Digitalisierung-KI-Wirkungsdatenraeume_Gesamtpaket_v2.1_LANGFASSUNG/markdown/WÖk_Rang17_Detailkonzept_digitale-souveraenitaet-und-datenrechte_v2.0.md,WÖk_Rang17_Detailkonzept_digitale-souveraenitaet-und-datenrechte_v2.0.md,md,Detailkonzept,23.6,ja,Import pruefen,/downloads/rang-17/WÖk_Rang17_Detailkonzept_digitale-souveraenitaet-und-datenrechte_v2.0.md,Aus aktivem Rangpaket erkannt.
17,WÖk_Rang17_Digitalisierung-KI-Wirkungsdatenraeume_Gesamtpaket_v2.1_LANGFASSUNG.zip,WÖk_Rang17_Digitalisierung-KI-Wirkungsdatenraeume_Gesamtpaket_v2.1_LANGFASSUNG/markdown/WÖk_Rang17_Detailkonzept_cyberresilienz-und-operative-stabilitaet_v2.0.md,WÖk_Rang17_Detailkonzept_cyberresilienz-und-operative-stabilitaet_v2.0.md,md,Detailkonzept,23.6,ja,Import pruefen,/downloads/rang-17/WÖk_Rang17_Detailkonzept_cyberresilienz-und-operative-stabilitaet_v2.0.md,Aus aktivem Rangpaket erkannt.
17,WÖk_Rang17_Digitalisierung-KI-Wirkungsdatenraeume_Gesamtpaket_v2.1_LANGFASSUNG.zip,WÖk_Rang17_Digitalisierung-KI-Wirkungsdatenraeume_Gesamtpaket_v2.1_LANGFASSUNG/markdown/WÖk_Rang17_Detailkonzept_plattformlogik-und-resonanzraeume_v2.0.md,WÖk_Rang17_Detailkonzept_plattformlogik-und-resonanzraeume_v2.0.md,md,Detailkonzept,23.5,ja,Import pruefen,/downloads/rang-17/WÖk_Rang17_Detailkonzept_plattformlogik-und-resonanzraeume_v2.0.md,Aus aktivem Rangpaket erkannt.
17,WÖk_Rang17_Digitalisierung-KI-Wirkungsdatenraeume_Gesamtpaket_v2.1_LANGFASSUNG.zip,WÖk_Rang17_Digitalisierung-KI-Wirkungsdatenraeume_Gesamtpaket_v2.1_LANGFASSUNG/markdown/WÖk_Rang17_Detailkonzept_wirkungsscanner-und-buergerinstrumente_v2.0.md,WÖk_Rang17_Detailkonzept_wirkungsscanner-und-buergerinstrumente_v2.0.md,md,Detailkonzept,23.6,ja,Import pruefen,/downloads/rang-17/WÖk_Rang17_Detailkonzept_wirkungsscanner-und-buergerinstrumente_v2.0.md,Aus aktivem Rangpaket erkannt.
17,WÖk_Rang17_Digitalisierung-KI-Wirkungsdatenraeume_Gesamtpaket_v2.1_LANGFASSUNG.zip,WÖk_Rang17_Digitalisierung-KI-Wirkungsdatenraeume_Gesamtpaket_v2.1_LANGFASSUNG/markdown/WÖk_Rang17_Detailkonzept_interoperabilitaet-register-und-schnittstellen_v2.0.md,WÖk_Rang17_Detailkonzept_interoperabilitaet-register-und-schnittstellen_v2.0.md,md,Detailkonzept,23.7,ja,Import pruefen,/downloads/rang-17/WÖk_Rang17_Detailkonzept_interoperabilitaet-register-und-schnittstellen_v2.0.md,Aus aktivem Rangpaket erkannt.
17,WÖk_Rang17_Digitalisierung-KI-Wirkungsdatenraeume_Gesamtpaket_v2.1_LANGFASSUNG.zip,WÖk_Rang17_Digitalisierung-KI-Wirkungsdatenraeume_Gesamtpaket_v2.1_LANGFASSUNG/markdown/WÖk_Rang17_Detailkonzept_datenqualitaet-audit-und-wirkungswahrheit_v2.0.md,WÖk_Rang17_Detailkonzept_datenqualitaet-audit-und-wirkungswahrheit_v2.0.md,md,Detailkonzept,23.7,ja,Import pruefen,/downloads/rang-17/WÖk_Rang17_Detailkonzept_datenqualitaet-audit-und-wirkungswahrheit_v2.0.md,Aus aktivem Rangpaket erkannt.
17,WÖk_Rang17_Digitalisierung-KI-Wirkungsdatenraeume_Gesamtpaket_v2.1_LANGFASSUNG.zip,WÖk_Rang17_Digitalisierung-KI-Wirkungsdatenraeume_Gesamtpaket_v2.1_LANGFASSUNG/markdown/WÖk_Rang17_Detailkonzept_digitale-wirkungsarchitektur-in-unternehmen-und-kapitalmaerkten_v2.0.md,WÖk_Rang17_Detailkonzept_digitale-wirkungsarchitektur-in-unternehmen-und-kapitalmaerkten_v2.0.md,md,Detailkonzept,24.1,ja,Import pruefen,/downloads/rang-17/WÖk_Rang17_Detailkonzept_digitale-wirkungsarchitektur-in-unternehmen-und-kapitalmaerkten_v2.0.md,Aus aktivem Rangpaket erkannt.
17,WÖk_Rang17_Digitalisierung-KI-Wirkungsdatenraeume_Gesamtpaket_v2.1_LANGFASSUNG.zip,WÖk_Rang17_Digitalisierung-KI-Wirkungsdatenraeume_Gesamtpaket_v2.1_LANGFASSUNG/markdown/WÖk_Rang17_Detailkonzept_oeffentliche-verwaltung-und-wirkungsdaten_v2.0.md,WÖk_Rang17_Detailkonzept_oeffentliche-verwaltung-und-wirkungsdaten_v2.0.md,md,Detailkonzept,23.6,ja,Import pruefen,/downloads/rang-17/WÖk_Rang17_Detailkonzept_oeffentliche-verwaltung-und-wirkungsdaten_v2.0.md,Aus aktivem Rangpaket erkannt.
17,WÖk_Rang17_Digitalisierung-KI-Wirkungsdatenraeume_Gesamtpaket_v2.1_LANGFASSUNG.zip,WÖk_Rang17_Digitalisierung-KI-Wirkungsdatenraeume_Gesamtpaket_v2.1_LANGFASSUNG/markdown/WÖk_Rang17_SDG_SDGplus_Block_v2.0.md,WÖk_Rang17_SDG_SDGplus_Block_v2.0.md,md,Gesamtpaket,2.6,ja,Import pruefen,/downloads/rang-17/WÖk_Rang17_SDG_SDGplus_Block_v2.0.md,Aus aktivem Rangpaket erkannt.
17,WÖk_Rang17_Digitalisierung-KI-Wirkungsdatenraeume_Gesamtpaket_v2.1_LANGFASSUNG.zip,WÖk_Rang17_Digitalisierung-KI-Wirkungsdatenraeume_Gesamtpaket_v2.1_LANGFASSUNG/markdown/WÖk_Rang17_Politische_Anschlussfaehigkeit_v2.0.md,WÖk_Rang17_Politische_Anschlussfaehigkeit_v2.0.md,md,Gesamtpaket,3.8,ja,Import pruefen,/downloads/rang-17/WÖk_Rang17_Politische_Anschlussfaehigkeit_v2.0.md,Aus aktivem Rangpaket erkannt.
17,WÖk_Rang17_Digitalisierung-KI-Wirkungsdatenraeume_Gesamtpaket_v2.1_LANGFASSUNG.zip,WÖk_Rang17_Digitalisierung-KI-Wirkungsdatenraeume_Gesamtpaket_v2.1_LANGFASSUNG/markdown/WÖk_Rang17_Toolkarten_v2.0.md,WÖk_Rang17_Toolkarten_v2.0.md,md,Toolkarten,3.2,ja,Import pruefen,/downloads/rang-17/WÖk_Rang17_Toolkarten_v2.0.md,Aus aktivem Rangpaket erkannt.
17,WÖk_Rang17_Digitalisierung-KI-Wirkungsdatenraeume_Gesamtpaket_v2.1_LANGFASSUNG.zip,WÖk_Rang17_Digitalisierung-KI-Wirkungsdatenraeume_Gesamtpaket_v2.1_LANGFASSUNG/markdown/WÖk_Rang17_Quellen_Glossarlinks_v2.0.md,WÖk_Rang17_Quellen_Glossarlinks_v2.0.md,md,Gesamtpaket,2.1,ja,Import pruefen,/downloads/rang-17/WÖk_Rang17_Quellen_Glossarlinks_v2.0.md,Aus aktivem Rangpaket erkannt.
17,WÖk_Rang17_Digitalisierung-KI-Wirkungsdatenraeume_Gesamtpaket_v2.1_LANGFASSUNG.zip,WÖk_Rang17_Digitalisierung-KI-Wirkungsdatenraeume_Gesamtpaket_v2.1_LANGFASSUNG/markdown/WÖk_Rang17_Gesamtpaket_Alle_Inhalte_v2.0.md,WÖk_Rang17_Gesamtpaket_Alle_Inhalte_v2.0.md,md,Gesamtpaket,7.7,ja,Import pruefen,/downloads/rang-17/WÖk_Rang17_Gesamtpaket_Alle_Inhalte_v2.0.md,Aus aktivem Rangpaket erkannt.
17,WÖk_Rang17_Digitalisierung-KI-Wirkungsdatenraeume_Gesamtpaket_v2.1_LANGFASSUNG.zip,WÖk_Rang17_Digitalisierung-KI-Wirkungsdatenraeume_Gesamtpaket_v2.1_LANGFASSUNG/html/WÖk_Rang17_Portalstartseite_v2.0.html,WÖk_Rang17_Portalstartseite_v2.0.html,html,Gesamtpaket,25.0,ja,Import pruefen,/downloads/rang-17/WÖk_Rang17_Portalstartseite_v2.0.html,Aus aktivem Rangpaket erkannt.
17,WÖk_Rang17_Digitalisierung-KI-Wirkungsdatenraeume_Gesamtpaket_v2.1_LANGFASSUNG.zip,WÖk_Rang17_Digitalisierung-KI-Wirkungsdatenraeume_Gesamtpaket_v2.1_LANGFASSUNG/html/WÖk_Rang17_Konzeptpapier_v2.0.html,WÖk_Rang17_Konzeptpapier_v2.0.html,html,Konzeptpapier,24.2,ja,Import pruefen,/downloads/rang-17/WÖk_Rang17_Konzeptpapier_v2.0.html,Aus aktivem Rangpaket erkannt.
17,WÖk_Rang17_Digitalisierung-KI-Wirkungsdatenraeume_Gesamtpaket_v2.1_LANGFASSUNG.zip,WÖk_Rang17_Digitalisierung-KI-Wirkungsdatenraeume_Gesamtpaket_v2.1_LANGFASSUNG/html/WÖk_Rang17_Gesamtdossier_v2.0.html,WÖk_Rang17_Gesamtdossier_v2.0.html,html,Gesamtdossier,59.9,ja,Import pruefen,/downloads/rang-17/WÖk_Rang17_Gesamtdossier_v2.0.html,Aus aktivem Rangpaket erkannt.
17,WÖk_Rang17_Digitalisierung-KI-Wirkungsdatenraeume_Gesamtpaket_v2.1_LANGFASSUNG.zip,WÖk_Rang17_Digitalisierung-KI-Wirkungsdatenraeume_Gesamtpaket_v2.1_LANGFASSUNG/html/WÖk_Rang17_Detailkonzept_digitale-produktpaesse-und-dpp-infrastruktur_v2.0.html,WÖk_Rang17_Detailkonzept_digitale-produktpaesse-und-dpp-infrastruktur_v2.0.html,html,Detailkonzept,24.8,ja,Import pruefen,/downloads/rang-17/WÖk_Rang17_Detailkonzept_digitale-produktpaesse-und-dpp-infrastruktur_v2.0.html,Aus aktivem Rangpaket erkannt.
17,WÖk_Rang17_Digitalisierung-KI-Wirkungsdatenraeume_Gesamtpaket_v2.1_LANGFASSUNG.zip,WÖk_Rang17_Digitalisierung-KI-Wirkungsdatenraeume_Gesamtpaket_v2.1_LANGFASSUNG/html/WÖk_Rang17_Detailkonzept_wirkungsdatenraeume_v2.0.html,WÖk_Rang17_Detailkonzept_wirkungsdatenraeume_v2.0.html,html,Detailkonzept,24.1,ja,Import pruefen,/downloads/rang-17/WÖk_Rang17_Detailkonzept_wirkungsdatenraeume_v2.0.html,Aus aktivem Rangpaket erkannt.
17,WÖk_Rang17_Digitalisierung-KI-Wirkungsdatenraeume_Gesamtpaket_v2.1_LANGFASSUNG.zip,WÖk_Rang17_Digitalisierung-KI-Wirkungsdatenraeume_Gesamtpaket_v2.1_LANGFASSUNG/html/WÖk_Rang17_Detailkonzept_ki-governance-in-der-wirkungsoekonomie_v2.0.html,WÖk_Rang17_Detailkonzept_ki-governance-in-der-wirkungsoekonomie_v2.0.html,html,Detailkonzept,24.6,ja,Import pruefen,/downloads/rang-17/WÖk_Rang17_Detailkonzept_ki-governance-in-der-wirkungsoekonomie_v2.0.html,Aus aktivem Rangpaket erkannt.
17,WÖk_Rang17_Digitalisierung-KI-Wirkungsdatenraeume_Gesamtpaket_v2.1_LANGFASSUNG.zip,WÖk_Rang17_Digitalisierung-KI-Wirkungsdatenraeume_Gesamtpaket_v2.1_LANGFASSUNG/html/WÖk_Rang17_Detailkonzept_algorithmische-fairness-und-digitale-rechte_v2.0.html,WÖk_Rang17_Detailkonzept_algorithmische-fairness-und-digitale-rechte_v2.0.html,html,Detailkonzept,24.7,ja,Import pruefen,/downloads/rang-17/WÖk_Rang17_Detailkonzept_algorithmische-fairness-und-digitale-rechte_v2.0.html,Aus aktivem Rangpaket erkannt.
17,WÖk_Rang17_Digitalisierung-KI-Wirkungsdatenraeume_Gesamtpaket_v2.1_LANGFASSUNG.zip,WÖk_Rang17_Digitalisierung-KI-Wirkungsdatenraeume_Gesamtpaket_v2.1_LANGFASSUNG/html/WÖk_Rang17_Detailkonzept_digitale-souveraenitaet-und-datenrechte_v2.0.html,WÖk_Rang17_Detailkonzept_digitale-souveraenitaet-und-datenrechte_v2.0.html,html,Detailkonzept,24.6,ja,Import pruefen,/downloads/rang-17/WÖk_Rang17_Detailkonzept_digitale-souveraenitaet-und-datenrechte_v2.0.html,Aus aktivem Rangpaket erkannt.
17,WÖk_Rang17_Digitalisierung-KI-Wirkungsdatenraeume_Gesamtpaket_v2.1_LANGFASSUNG.zip,WÖk_Rang17_Digitalisierung-KI-Wirkungsdatenraeume_Gesamtpaket_v2.1_LANGFASSUNG/html/WÖk_Rang17_Detailkonzept_cyberresilienz-und-operative-stabilitaet_v2.0.html,WÖk_Rang17_Detailkonzept_cyberresilienz-und-operative-stabilitaet_v2.0.html,html,Detailkonzept,24.6,ja,Import pruefen,/downloads/rang-17/WÖk_Rang17_Detailkonzept_cyberresilienz-und-operative-stabilitaet_v2.0.html,Aus aktivem Rangpaket erkannt.
17,WÖk_Rang17_Digitalisierung-KI-Wirkungsdatenraeume_Gesamtpaket_v2.1_LANGFASSUNG.zip,WÖk_Rang17_Digitalisierung-KI-Wirkungsdatenraeume_Gesamtpaket_v2.1_LANGFASSUNG/html/WÖk_Rang17_Detailkonzept_plattformlogik-und-resonanzraeume_v2.0.html,WÖk_Rang17_Detailkonzept_plattformlogik-und-resonanzraeume_v2.0.html,html,Detailkonzept,24.5,ja,Import pruefen,/downloads/rang-17/WÖk_Rang17_Detailkonzept_plattformlogik-und-resonanzraeume_v2.0.html,Aus aktivem Rangpaket erkannt.
17,WÖk_Rang17_Digitalisierung-KI-Wirkungsdatenraeume_Gesamtpaket_v2.1_LANGFASSUNG.zip,WÖk_Rang17_Digitalisierung-KI-Wirkungsdatenraeume_Gesamtpaket_v2.1_LANGFASSUNG/html/WÖk_Rang17_Detailkonzept_wirkungsscanner-und-buergerinstrumente_v2.0.html,WÖk_Rang17_Detailkonzept_wirkungsscanner-und-buergerinstrumente_v2.0.html,html,Detailkonzept,24.5,ja,Import pruefen,/downloads/rang-17/WÖk_Rang17_Detailkonzept_wirkungsscanner-und-buergerinstrumente_v2.0.html,Aus aktivem Rangpaket erkannt.
17,WÖk_Rang17_Digitalisierung-KI-Wirkungsdatenraeume_Gesamtpaket_v2.1_LANGFASSUNG.zip,WÖk_Rang17_Digitalisierung-KI-Wirkungsdatenraeume_Gesamtpaket_v2.1_LANGFASSUNG/html/WÖk_Rang17_Detailkonzept_interoperabilitaet-register-und-schnittstellen_v2.0.html,WÖk_Rang17_Detailkonzept_interoperabilitaet-register-und-schnittstellen_v2.0.html,html,Detailkonzept,24.7,ja,Import pruefen,/downloads/rang-17/WÖk_Rang17_Detailkonzept_interoperabilitaet-register-und-schnittstellen_v2.0.html,Aus aktivem Rangpaket erkannt.
17,WÖk_Rang17_Digitalisierung-KI-Wirkungsdatenraeume_Gesamtpaket_v2.1_LANGFASSUNG.zip,WÖk_Rang17_Digitalisierung-KI-Wirkungsdatenraeume_Gesamtpaket_v2.1_LANGFASSUNG/html/WÖk_Rang17_Detailkonzept_datenqualitaet-audit-und-wirkungswahrheit_v2.0.html,WÖk_Rang17_Detailkonzept_datenqualitaet-audit-und-wirkungswahrheit_v2.0.html,html,Detailkonzept,24.6,ja,Import pruefen,/downloads/rang-17/WÖk_Rang17_Detailkonzept_datenqualitaet-audit-und-wirkungswahrheit_v2.0.html,Aus aktivem Rangpaket erkannt.
17,WÖk_Rang17_Digitalisierung-KI-Wirkungsdatenraeume_Gesamtpaket_v2.1_LANGFASSUNG.zip,WÖk_Rang17_Digitalisierung-KI-Wirkungsdatenraeume_Gesamtpaket_v2.1_LANGFASSUNG/html/WÖk_Rang17_Detailkonzept_digitale-wirkungsarchitektur-in-unternehmen-und-kapitalmaerkten_v2.0.html,WÖk_Rang17_Detailkonzept_digitale-wirkungsarchitektur-in-unternehmen-und-kapitalmaerkten_v2.0.html,html,Detailkonzept,25.1,ja,Import pruefen,/downloads/rang-17/WÖk_Rang17_Detailkonzept_digitale-wirkungsarchitektur-in-unternehmen-und-kapitalmaerkten_v2.0.html,Aus aktivem Rangpaket erkannt.
17,WÖk_Rang17_Digitalisierung-KI-Wirkungsdatenraeume_Gesamtpaket_v2.1_LANGFASSUNG.zip,WÖk_Rang17_Digitalisierung-KI-Wirkungsdatenraeume_Gesamtpaket_v2.1_LANGFASSUNG/html/WÖk_Rang17_Detailkonzept_oeffentliche-verwaltung-und-wirkungsdaten_v2.0.html,WÖk_Rang17_Detailkonzept_oeffentliche-verwaltung-und-wirkungsdaten_v2.0.html,html,Detailkonzept,24.6,ja,Import pruefen,/downloads/rang-17/WÖk_Rang17_Detailkonzept_oeffentliche-verwaltung-und-wirkungsdaten_v2.0.html,Aus aktivem Rangpaket erkannt.
17,WÖk_Rang17_Digitalisierung-KI-Wirkungsdatenraeume_Gesamtpaket_v2.1_LANGFASSUNG.zip,WÖk_Rang17_Digitalisierung-KI-Wirkungsdatenraeume_Gesamtpaket_v2.1_LANGFASSUNG/html/WÖk_Rang17_SDG_SDGplus_Block_v2.0.html,WÖk_Rang17_SDG_SDGplus_Block_v2.0.html,html,Gesamtpaket,3.1,ja,Import pruefen,/downloads/rang-17/WÖk_Rang17_SDG_SDGplus_Block_v2.0.html,Aus aktivem Rangpaket erkannt.
17,WÖk_Rang17_Digitalisierung-KI-Wirkungsdatenraeume_Gesamtpaket_v2.1_LANGFASSUNG.zip,WÖk_Rang17_Digitalisierung-KI-Wirkungsdatenraeume_Gesamtpaket_v2.1_LANGFASSUNG/html/WÖk_Rang17_Politische_Anschlussfaehigkeit_v2.0.html,WÖk_Rang17_Politische_Anschlussfaehigkeit_v2.0.html,html,Gesamtpaket,4.3,ja,Import pruefen,/downloads/rang-17/WÖk_Rang17_Politische_Anschlussfaehigkeit_v2.0.html,Aus aktivem Rangpaket erkannt.
17,WÖk_Rang17_Digitalisierung-KI-Wirkungsdatenraeume_Gesamtpaket_v2.1_LANGFASSUNG.zip,WÖk_Rang17_Digitalisierung-KI-Wirkungsdatenraeume_Gesamtpaket_v2.1_LANGFASSUNG/html/WÖk_Rang17_Toolkarten_v2.0.html,WÖk_Rang17_Toolkarten_v2.0.html,html,Toolkarten,3.7,ja,Import pruefen,/downloads/rang-17/WÖk_Rang17_Toolkarten_v2.0.html,Aus aktivem Rangpaket erkannt.
17,WÖk_Rang17_Digitalisierung-KI-Wirkungsdatenraeume_Gesamtpaket_v2.1_LANGFASSUNG.zip,WÖk_Rang17_Digitalisierung-KI-Wirkungsdatenraeume_Gesamtpaket_v2.1_LANGFASSUNG/html/WÖk_Rang17_Quellen_Glossarlinks_v2.0.html,WÖk_Rang17_Quellen_Glossarlinks_v2.0.html,html,Gesamtpaket,2.5,ja,Import pruefen,/downloads/rang-17/WÖk_Rang17_Quellen_Glossarlinks_v2.0.html,Aus aktivem Rangpaket erkannt.
17,WÖk_Rang17_Digitalisierung-KI-Wirkungsdatenraeume_Gesamtpaket_v2.1_LANGFASSUNG.zip,WÖk_Rang17_Digitalisierung-KI-Wirkungsdatenraeume_Gesamtpaket_v2.1_LANGFASSUNG/html/WÖk_Rang17_Gesamtpaket_Alle_Inhalte_v2.0.html,WÖk_Rang17_Gesamtpaket_Alle_Inhalte_v2.0.html,html,Gesamtpaket,8.4,ja,Import pruefen,/downloads/rang-17/WÖk_Rang17_Gesamtpaket_Alle_Inhalte_v2.0.html,Aus aktivem Rangpaket erkannt.
17,WÖk_Rang17_Digitalisierung-KI-Wirkungsdatenraeume_Gesamtpaket_v2.1_LANGFASSUNG.zip,WÖk_Rang17_Digitalisierung-KI-Wirkungsdatenraeume_Gesamtpaket_v2.1_LANGFASSUNG/json/index.json,index.json,json,Sonstiges,10.9,ja,Import pruefen,/downloads/rang-17/index.json,Aus aktivem Rangpaket erkannt.
17,WÖk_Rang17_Digitalisierung-KI-Wirkungsdatenraeume_Gesamtpaket_v2.1_LANGFASSUNG.zip,WÖk_Rang17_Digitalisierung-KI-Wirkungsdatenraeume_Gesamtpaket_v2.1_LANGFASSUNG/json/toolkarten.json,toolkarten.json,json,Toolkarten,0.7,ja,Import pruefen,/downloads/rang-17/toolkarten.json,Aus aktivem Rangpaket erkannt.
18,WÖk_Rang18_Wissen-Wissenschaft-Forschung-Wirkungsinnovation_Gesamtpaket_v1.0.zip,WÖk_Rang18_Wissen-Wissenschaft-Forschung-Wirkungsinnovation_Gesamtpaket_v1.0/README.txt,README.txt,txt,Sonstiges,0.4,ja,Import pruefen,/downloads/rang-18/README.txt,Aus aktivem Rangpaket erkannt.
18,WÖk_Rang18_Wissen-Wissenschaft-Forschung-Wirkungsinnovation_Gesamtpaket_v1.0.zip,WÖk_Rang18_Wissen-Wissenschaft-Forschung-Wirkungsinnovation_Gesamtpaket_v1.0/pdf/WÖk_Rang18_portalstartseite_v1.0.pdf,WÖk_Rang18_portalstartseite_v1.0.pdf,pdf,Gesamtpaket,48.9,ja,Import pruefen,/downloads/rang-18/WÖk_Rang18_portalstartseite_v1.0.pdf,Aus aktivem Rangpaket erkannt.
18,WÖk_Rang18_Wissen-Wissenschaft-Forschung-Wirkungsinnovation_Gesamtpaket_v1.0.zip,WÖk_Rang18_Wissen-Wissenschaft-Forschung-Wirkungsinnovation_Gesamtpaket_v1.0/pdf/WÖk_Rang18_bestands_und_nachlieferliste_v1.0.pdf,WÖk_Rang18_bestands_und_nachlieferliste_v1.0.pdf,pdf,Gesamtpaket,50.3,ja,Import pruefen,/downloads/rang-18/WÖk_Rang18_bestands_und_nachlieferliste_v1.0.pdf,Aus aktivem Rangpaket erkannt.
18,WÖk_Rang18_Wissen-Wissenschaft-Forschung-Wirkungsinnovation_Gesamtpaket_v1.0.zip,WÖk_Rang18_Wissen-Wissenschaft-Forschung-Wirkungsinnovation_Gesamtpaket_v1.0/pdf/WÖk_Rang18_Konzeptpapier_Wissen-Wissenschaft-Forschung-Wirkungsinnovation_v1.0.pdf,WÖk_Rang18_Konzeptpapier_Wissen-Wissenschaft-Forschung-Wirkungsinnovation_v1.0.pdf,pdf,Konzeptpapier,60.2,ja,Import pruefen,/downloads/rang-18/WÖk_Rang18_Konzeptpapier_Wissen-Wissenschaft-Forschung-Wirkungsinnovation_v1.0.pdf,Aus aktivem Rangpaket erkannt.
18,WÖk_Rang18_Wissen-Wissenschaft-Forschung-Wirkungsinnovation_Gesamtpaket_v1.0.zip,WÖk_Rang18_Wissen-Wissenschaft-Forschung-Wirkungsinnovation_Gesamtpaket_v1.0/pdf/WÖk_Rang18_Gesamtdossier_Wissen-Wissenschaft-Forschung-Wirkungsinnovation_v1.0.pdf,WÖk_Rang18_Gesamtdossier_Wissen-Wissenschaft-Forschung-Wirkungsinnovation_v1.0.pdf,pdf,Gesamtdossier,61.8,ja,Import pruefen,/downloads/rang-18/WÖk_Rang18_Gesamtdossier_Wissen-Wissenschaft-Forschung-Wirkungsinnovation_v1.0.pdf,Aus aktivem Rangpaket erkannt.
18,WÖk_Rang18_Wissen-Wissenschaft-Forschung-Wirkungsinnovation_Gesamtpaket_v1.0.zip,WÖk_Rang18_Wissen-Wissenschaft-Forschung-Wirkungsinnovation_Gesamtpaket_v1.0/pdf/WÖk_Rang18_detail_01_v1.0.pdf,WÖk_Rang18_detail_01_v1.0.pdf,pdf,Gesamtpaket,63.0,ja,Import pruefen,/downloads/rang-18/WÖk_Rang18_detail_01_v1.0.pdf,Aus aktivem Rangpaket erkannt.
18,WÖk_Rang18_Wissen-Wissenschaft-Forschung-Wirkungsinnovation_Gesamtpaket_v1.0.zip,WÖk_Rang18_Wissen-Wissenschaft-Forschung-Wirkungsinnovation_Gesamtpaket_v1.0/pdf/WÖk_Rang18_detail_02_v1.0.pdf,WÖk_Rang18_detail_02_v1.0.pdf,pdf,Gesamtpaket,63.0,ja,Import pruefen,/downloads/rang-18/WÖk_Rang18_detail_02_v1.0.pdf,Aus aktivem Rangpaket erkannt.
18,WÖk_Rang18_Wissen-Wissenschaft-Forschung-Wirkungsinnovation_Gesamtpaket_v1.0.zip,WÖk_Rang18_Wissen-Wissenschaft-Forschung-Wirkungsinnovation_Gesamtpaket_v1.0/pdf/WÖk_Rang18_detail_03_v1.0.pdf,WÖk_Rang18_detail_03_v1.0.pdf,pdf,Gesamtpaket,63.0,ja,Import pruefen,/downloads/rang-18/WÖk_Rang18_detail_03_v1.0.pdf,Aus aktivem Rangpaket erkannt.
18,WÖk_Rang18_Wissen-Wissenschaft-Forschung-Wirkungsinnovation_Gesamtpaket_v1.0.zip,WÖk_Rang18_Wissen-Wissenschaft-Forschung-Wirkungsinnovation_Gesamtpaket_v1.0/pdf/WÖk_Rang18_detail_04_v1.0.pdf,WÖk_Rang18_detail_04_v1.0.pdf,pdf,Gesamtpaket,63.0,ja,Import pruefen,/downloads/rang-18/WÖk_Rang18_detail_04_v1.0.pdf,Aus aktivem Rangpaket erkannt.
18,WÖk_Rang18_Wissen-Wissenschaft-Forschung-Wirkungsinnovation_Gesamtpaket_v1.0.zip,WÖk_Rang18_Wissen-Wissenschaft-Forschung-Wirkungsinnovation_Gesamtpaket_v1.0/pdf/WÖk_Rang18_detail_05_v1.0.pdf,WÖk_Rang18_detail_05_v1.0.pdf,pdf,Gesamtpaket,63.0,ja,Import pruefen,/downloads/rang-18/WÖk_Rang18_detail_05_v1.0.pdf,Aus aktivem Rangpaket erkannt.
18,WÖk_Rang18_Wissen-Wissenschaft-Forschung-Wirkungsinnovation_Gesamtpaket_v1.0.zip,WÖk_Rang18_Wissen-Wissenschaft-Forschung-Wirkungsinnovation_Gesamtpaket_v1.0/pdf/WÖk_Rang18_detail_06_v1.0.pdf,WÖk_Rang18_detail_06_v1.0.pdf,pdf,Gesamtpaket,63.0,ja,Import pruefen,/downloads/rang-18/WÖk_Rang18_detail_06_v1.0.pdf,Aus aktivem Rangpaket erkannt.
18,WÖk_Rang18_Wissen-Wissenschaft-Forschung-Wirkungsinnovation_Gesamtpaket_v1.0.zip,WÖk_Rang18_Wissen-Wissenschaft-Forschung-Wirkungsinnovation_Gesamtpaket_v1.0/pdf/WÖk_Rang18_detail_07_v1.0.pdf,WÖk_Rang18_detail_07_v1.0.pdf,pdf,Gesamtpaket,63.0,ja,Import pruefen,/downloads/rang-18/WÖk_Rang18_detail_07_v1.0.pdf,Aus aktivem Rangpaket erkannt.
18,WÖk_Rang18_Wissen-Wissenschaft-Forschung-Wirkungsinnovation_Gesamtpaket_v1.0.zip,WÖk_Rang18_Wissen-Wissenschaft-Forschung-Wirkungsinnovation_Gesamtpaket_v1.0/pdf/WÖk_Rang18_detail_08_v1.0.pdf,WÖk_Rang18_detail_08_v1.0.pdf,pdf,Gesamtpaket,63.0,ja,Import pruefen,/downloads/rang-18/WÖk_Rang18_detail_08_v1.0.pdf,Aus aktivem Rangpaket erkannt.
18,WÖk_Rang18_Wissen-Wissenschaft-Forschung-Wirkungsinnovation_Gesamtpaket_v1.0.zip,WÖk_Rang18_Wissen-Wissenschaft-Forschung-Wirkungsinnovation_Gesamtpaket_v1.0/pdf/WÖk_Rang18_detail_09_v1.0.pdf,WÖk_Rang18_detail_09_v1.0.pdf,pdf,Gesamtpaket,63.2,ja,Import pruefen,/downloads/rang-18/WÖk_Rang18_detail_09_v1.0.pdf,Aus aktivem Rangpaket erkannt.
18,WÖk_Rang18_Wissen-Wissenschaft-Forschung-Wirkungsinnovation_Gesamtpaket_v1.0.zip,WÖk_Rang18_Wissen-Wissenschaft-Forschung-Wirkungsinnovation_Gesamtpaket_v1.0/pdf/WÖk_Rang18_detail_10_v1.0.pdf,WÖk_Rang18_detail_10_v1.0.pdf,pdf,Gesamtpaket,63.0,ja,Import pruefen,/downloads/rang-18/WÖk_Rang18_detail_10_v1.0.pdf,Aus aktivem Rangpaket erkannt.
18,WÖk_Rang18_Wissen-Wissenschaft-Forschung-Wirkungsinnovation_Gesamtpaket_v1.0.zip,WÖk_Rang18_Wissen-Wissenschaft-Forschung-Wirkungsinnovation_Gesamtpaket_v1.0/pdf/WÖk_Rang18_wirkungsindikatoren_v1.0.pdf,WÖk_Rang18_wirkungsindikatoren_v1.0.pdf,pdf,Gesamtpaket,49.4,ja,Import pruefen,/downloads/rang-18/WÖk_Rang18_wirkungsindikatoren_v1.0.pdf,Aus aktivem Rangpaket erkannt.
18,WÖk_Rang18_Wissen-Wissenschaft-Forschung-Wirkungsinnovation_Gesamtpaket_v1.0.zip,WÖk_Rang18_Wissen-Wissenschaft-Forschung-Wirkungsinnovation_Gesamtpaket_v1.0/pdf/WÖk_Rang18_toolkarten_v1.0.pdf,WÖk_Rang18_toolkarten_v1.0.pdf,pdf,Toolkarten,50.9,ja,Import pruefen,/downloads/rang-18/WÖk_Rang18_toolkarten_v1.0.pdf,Aus aktivem Rangpaket erkannt.
18,WÖk_Rang18_Wissen-Wissenschaft-Forschung-Wirkungsinnovation_Gesamtpaket_v1.0.zip,WÖk_Rang18_Wissen-Wissenschaft-Forschung-Wirkungsinnovation_Gesamtpaket_v1.0/pdf/WÖk_Rang18_sdg_sdgplus_v1.0.pdf,WÖk_Rang18_sdg_sdgplus_v1.0.pdf,pdf,Gesamtpaket,49.4,ja,Import pruefen,/downloads/rang-18/WÖk_Rang18_sdg_sdgplus_v1.0.pdf,Aus aktivem Rangpaket erkannt.
18,WÖk_Rang18_Wissen-Wissenschaft-Forschung-Wirkungsinnovation_Gesamtpaket_v1.0.zip,WÖk_Rang18_Wissen-Wissenschaft-Forschung-Wirkungsinnovation_Gesamtpaket_v1.0/pdf/WÖk_Rang18_politische_anschlussfaehigkeit_v1.0.pdf,WÖk_Rang18_politische_anschlussfaehigkeit_v1.0.pdf,pdf,Gesamtpaket,49.7,ja,Import pruefen,/downloads/rang-18/WÖk_Rang18_politische_anschlussfaehigkeit_v1.0.pdf,Aus aktivem Rangpaket erkannt.
18,WÖk_Rang18_Wissen-Wissenschaft-Forschung-Wirkungsinnovation_Gesamtpaket_v1.0.zip,WÖk_Rang18_Wissen-Wissenschaft-Forschung-Wirkungsinnovation_Gesamtpaket_v1.0/pdf/WÖk_Rang18_quellen_glossar_v1.0.pdf,WÖk_Rang18_quellen_glossar_v1.0.pdf,pdf,Gesamtpaket,51.5,ja,Import pruefen,/downloads/rang-18/WÖk_Rang18_quellen_glossar_v1.0.pdf,Aus aktivem Rangpaket erkannt.
18,WÖk_Rang18_Wissen-Wissenschaft-Forschung-Wirkungsinnovation_Gesamtpaket_v1.0.zip,WÖk_Rang18_Wissen-Wissenschaft-Forschung-Wirkungsinnovation_Gesamtpaket_v1.0/pdf/WÖk_Rang18_Gesamtpaket_Alle_Inhalte_v1.0.pdf,WÖk_Rang18_Gesamtpaket_Alle_Inhalte_v1.0.pdf,pdf,Gesamtpaket,288.2,ja,Import pruefen,/downloads/rang-18/WÖk_Rang18_Gesamtpaket_Alle_Inhalte_v1.0.pdf,Aus aktivem Rangpaket erkannt.
18,WÖk_Rang18_Wissen-Wissenschaft-Forschung-Wirkungsinnovation_Gesamtpaket_v1.0.zip,WÖk_Rang18_Wissen-Wissenschaft-Forschung-Wirkungsinnovation_Gesamtpaket_v1.0/docx/WÖk_Rang18_portalstartseite_v1.0.docx,WÖk_Rang18_portalstartseite_v1.0.docx,docx,Gesamtpaket,38.1,ja,Import pruefen,/downloads/rang-18/WÖk_Rang18_portalstartseite_v1.0.docx,Aus aktivem Rangpaket erkannt.
18,WÖk_Rang18_Wissen-Wissenschaft-Forschung-Wirkungsinnovation_Gesamtpaket_v1.0.zip,WÖk_Rang18_Wissen-Wissenschaft-Forschung-Wirkungsinnovation_Gesamtpaket_v1.0/docx/WÖk_Rang18_bestands_und_nachlieferliste_v1.0.docx,WÖk_Rang18_bestands_und_nachlieferliste_v1.0.docx,docx,Gesamtpaket,38.2,ja,Import pruefen,/downloads/rang-18/WÖk_Rang18_bestands_und_nachlieferliste_v1.0.docx,Aus aktivem Rangpaket erkannt.
18,WÖk_Rang18_Wissen-Wissenschaft-Forschung-Wirkungsinnovation_Gesamtpaket_v1.0.zip,WÖk_Rang18_Wissen-Wissenschaft-Forschung-Wirkungsinnovation_Gesamtpaket_v1.0/docx/WÖk_Rang18_Konzeptpapier_Wissen-Wissenschaft-Forschung-Wirkungsinnovation_v1.0.docx,WÖk_Rang18_Konzeptpapier_Wissen-Wissenschaft-Forschung-Wirkungsinnovation_v1.0.docx,docx,Konzeptpapier,41.5,ja,Import pruefen,/downloads/rang-18/WÖk_Rang18_Konzeptpapier_Wissen-Wissenschaft-Forschung-Wirkungsinnovation_v1.0.docx,Aus aktivem Rangpaket erkannt.
18,WÖk_Rang18_Wissen-Wissenschaft-Forschung-Wirkungsinnovation_Gesamtpaket_v1.0.zip,WÖk_Rang18_Wissen-Wissenschaft-Forschung-Wirkungsinnovation_Gesamtpaket_v1.0/docx/WÖk_Rang18_Gesamtdossier_Wissen-Wissenschaft-Forschung-Wirkungsinnovation_v1.0.docx,WÖk_Rang18_Gesamtdossier_Wissen-Wissenschaft-Forschung-Wirkungsinnovation_v1.0.docx,docx,Gesamtdossier,41.4,ja,Import pruefen,/downloads/rang-18/WÖk_Rang18_Gesamtdossier_Wissen-Wissenschaft-Forschung-Wirkungsinnovation_v1.0.docx,Aus aktivem Rangpaket erkannt.
18,WÖk_Rang18_Wissen-Wissenschaft-Forschung-Wirkungsinnovation_Gesamtpaket_v1.0.zip,WÖk_Rang18_Wissen-Wissenschaft-Forschung-Wirkungsinnovation_Gesamtpaket_v1.0/docx/WÖk_Rang18_detail_01_v1.0.docx,WÖk_Rang18_detail_01_v1.0.docx,docx,Gesamtpaket,42.6,ja,Import pruefen,/downloads/rang-18/WÖk_Rang18_detail_01_v1.0.docx,Aus aktivem Rangpaket erkannt.
18,WÖk_Rang18_Wissen-Wissenschaft-Forschung-Wirkungsinnovation_Gesamtpaket_v1.0.zip,WÖk_Rang18_Wissen-Wissenschaft-Forschung-Wirkungsinnovation_Gesamtpaket_v1.0/docx/WÖk_Rang18_detail_02_v1.0.docx,WÖk_Rang18_detail_02_v1.0.docx,docx,Gesamtpaket,42.6,ja,Import pruefen,/downloads/rang-18/WÖk_Rang18_detail_02_v1.0.docx,Aus aktivem Rangpaket erkannt.
18,WÖk_Rang18_Wissen-Wissenschaft-Forschung-Wirkungsinnovation_Gesamtpaket_v1.0.zip,WÖk_Rang18_Wissen-Wissenschaft-Forschung-Wirkungsinnovation_Gesamtpaket_v1.0/docx/WÖk_Rang18_detail_03_v1.0.docx,WÖk_Rang18_detail_03_v1.0.docx,docx,Gesamtpaket,42.6,ja,Import pruefen,/downloads/rang-18/WÖk_Rang18_detail_03_v1.0.docx,Aus aktivem Rangpaket erkannt.
18,WÖk_Rang18_Wissen-Wissenschaft-Forschung-Wirkungsinnovation_Gesamtpaket_v1.0.zip,WÖk_Rang18_Wissen-Wissenschaft-Forschung-Wirkungsinnovation_Gesamtpaket_v1.0/docx/WÖk_Rang18_detail_04_v1.0.docx,WÖk_Rang18_detail_04_v1.0.docx,docx,Gesamtpaket,42.6,ja,Import pruefen,/downloads/rang-18/WÖk_Rang18_detail_04_v1.0.docx,Aus aktivem Rangpaket erkannt.
18,WÖk_Rang18_Wissen-Wissenschaft-Forschung-Wirkungsinnovation_Gesamtpaket_v1.0.zip,WÖk_Rang18_Wissen-Wissenschaft-Forschung-Wirkungsinnovation_Gesamtpaket_v1.0/docx/WÖk_Rang18_detail_05_v1.0.docx,WÖk_Rang18_detail_05_v1.0.docx,docx,Gesamtpaket,42.6,ja,Import pruefen,/downloads/rang-18/WÖk_Rang18_detail_05_v1.0.docx,Aus aktivem Rangpaket erkannt.
18,WÖk_Rang18_Wissen-Wissenschaft-Forschung-Wirkungsinnovation_Gesamtpaket_v1.0.zip,WÖk_Rang18_Wissen-Wissenschaft-Forschung-Wirkungsinnovation_Gesamtpaket_v1.0/docx/WÖk_Rang18_detail_06_v1.0.docx,WÖk_Rang18_detail_06_v1.0.docx,docx,Gesamtpaket,42.6,ja,Import pruefen,/downloads/rang-18/WÖk_Rang18_detail_06_v1.0.docx,Aus aktivem Rangpaket erkannt.
18,WÖk_Rang18_Wissen-Wissenschaft-Forschung-Wirkungsinnovation_Gesamtpaket_v1.0.zip,WÖk_Rang18_Wissen-Wissenschaft-Forschung-Wirkungsinnovation_Gesamtpaket_v1.0/docx/WÖk_Rang18_detail_07_v1.0.docx,WÖk_Rang18_detail_07_v1.0.docx,docx,Gesamtpaket,42.6,ja,Import pruefen,/downloads/rang-18/WÖk_Rang18_detail_07_v1.0.docx,Aus aktivem Rangpaket erkannt.
18,WÖk_Rang18_Wissen-Wissenschaft-Forschung-Wirkungsinnovation_Gesamtpaket_v1.0.zip,WÖk_Rang18_Wissen-Wissenschaft-Forschung-Wirkungsinnovation_Gesamtpaket_v1.0/docx/WÖk_Rang18_detail_08_v1.0.docx,WÖk_Rang18_detail_08_v1.0.docx,docx,Gesamtpaket,42.6,ja,Import pruefen,/downloads/rang-18/WÖk_Rang18_detail_08_v1.0.docx,Aus aktivem Rangpaket erkannt.
18,WÖk_Rang18_Wissen-Wissenschaft-Forschung-Wirkungsinnovation_Gesamtpaket_v1.0.zip,WÖk_Rang18_Wissen-Wissenschaft-Forschung-Wirkungsinnovation_Gesamtpaket_v1.0/docx/WÖk_Rang18_detail_09_v1.0.docx,WÖk_Rang18_detail_09_v1.0.docx,docx,Gesamtpaket,42.6,ja,Import pruefen,/downloads/rang-18/WÖk_Rang18_detail_09_v1.0.docx,Aus aktivem Rangpaket erkannt.
18,WÖk_Rang18_Wissen-Wissenschaft-Forschung-Wirkungsinnovation_Gesamtpaket_v1.0.zip,WÖk_Rang18_Wissen-Wissenschaft-Forschung-Wirkungsinnovation_Gesamtpaket_v1.0/docx/WÖk_Rang18_detail_10_v1.0.docx,WÖk_Rang18_detail_10_v1.0.docx,docx,Gesamtpaket,42.6,ja,Import pruefen,/downloads/rang-18/WÖk_Rang18_detail_10_v1.0.docx,Aus aktivem Rangpaket erkannt.
18,WÖk_Rang18_Wissen-Wissenschaft-Forschung-Wirkungsinnovation_Gesamtpaket_v1.0.zip,WÖk_Rang18_Wissen-Wissenschaft-Forschung-Wirkungsinnovation_Gesamtpaket_v1.0/docx/WÖk_Rang18_wirkungsindikatoren_v1.0.docx,WÖk_Rang18_wirkungsindikatoren_v1.0.docx,docx,Gesamtpaket,38.2,ja,Import pruefen,/downloads/rang-18/WÖk_Rang18_wirkungsindikatoren_v1.0.docx,Aus aktivem Rangpaket erkannt.
18,WÖk_Rang18_Wissen-Wissenschaft-Forschung-Wirkungsinnovation_Gesamtpaket_v1.0.zip,WÖk_Rang18_Wissen-Wissenschaft-Forschung-Wirkungsinnovation_Gesamtpaket_v1.0/docx/WÖk_Rang18_toolkarten_v1.0.docx,WÖk_Rang18_toolkarten_v1.0.docx,docx,Toolkarten,38.5,ja,Import pruefen,/downloads/rang-18/WÖk_Rang18_toolkarten_v1.0.docx,Aus aktivem Rangpaket erkannt.
18,WÖk_Rang18_Wissen-Wissenschaft-Forschung-Wirkungsinnovation_Gesamtpaket_v1.0.zip,WÖk_Rang18_Wissen-Wissenschaft-Forschung-Wirkungsinnovation_Gesamtpaket_v1.0/docx/WÖk_Rang18_sdg_sdgplus_v1.0.docx,WÖk_Rang18_sdg_sdgplus_v1.0.docx,docx,Gesamtpaket,38.3,ja,Import pruefen,/downloads/rang-18/WÖk_Rang18_sdg_sdgplus_v1.0.docx,Aus aktivem Rangpaket erkannt.
18,WÖk_Rang18_Wissen-Wissenschaft-Forschung-Wirkungsinnovation_Gesamtpaket_v1.0.zip,WÖk_Rang18_Wissen-Wissenschaft-Forschung-Wirkungsinnovation_Gesamtpaket_v1.0/docx/WÖk_Rang18_politische_anschlussfaehigkeit_v1.0.docx,WÖk_Rang18_politische_anschlussfaehigkeit_v1.0.docx,docx,Gesamtpaket,38.4,ja,Import pruefen,/downloads/rang-18/WÖk_Rang18_politische_anschlussfaehigkeit_v1.0.docx,Aus aktivem Rangpaket erkannt.
18,WÖk_Rang18_Wissen-Wissenschaft-Forschung-Wirkungsinnovation_Gesamtpaket_v1.0.zip,WÖk_Rang18_Wissen-Wissenschaft-Forschung-Wirkungsinnovation_Gesamtpaket_v1.0/docx/WÖk_Rang18_quellen_glossar_v1.0.docx,WÖk_Rang18_quellen_glossar_v1.0.docx,docx,Gesamtpaket,38.2,ja,Import pruefen,/downloads/rang-18/WÖk_Rang18_quellen_glossar_v1.0.docx,Aus aktivem Rangpaket erkannt.
18,WÖk_Rang18_Wissen-Wissenschaft-Forschung-Wirkungsinnovation_Gesamtpaket_v1.0.zip,WÖk_Rang18_Wissen-Wissenschaft-Forschung-Wirkungsinnovation_Gesamtpaket_v1.0/docx/WÖk_Rang18_Gesamtpaket_Alle_Inhalte_v1.0.docx,WÖk_Rang18_Gesamtpaket_Alle_Inhalte_v1.0.docx,docx,Gesamtpaket,62.6,ja,Import pruefen,/downloads/rang-18/WÖk_Rang18_Gesamtpaket_Alle_Inhalte_v1.0.docx,Aus aktivem Rangpaket erkannt.
18,WÖk_Rang18_Wissen-Wissenschaft-Forschung-Wirkungsinnovation_Gesamtpaket_v1.0.zip,WÖk_Rang18_Wissen-Wissenschaft-Forschung-Wirkungsinnovation_Gesamtpaket_v1.0/md/WÖk_Rang18_portalstartseite_v1.0.md,WÖk_Rang18_portalstartseite_v1.0.md,md,Gesamtpaket,5.3,ja,Import pruefen,/downloads/rang-18/WÖk_Rang18_portalstartseite_v1.0.md,Aus aktivem Rangpaket erkannt.
18,WÖk_Rang18_Wissen-Wissenschaft-Forschung-Wirkungsinnovation_Gesamtpaket_v1.0.zip,WÖk_Rang18_Wissen-Wissenschaft-Forschung-Wirkungsinnovation_Gesamtpaket_v1.0/md/WÖk_Rang18_bestands_und_nachlieferliste_v1.0.md,WÖk_Rang18_bestands_und_nachlieferliste_v1.0.md,md,Gesamtpaket,7.1,ja,Import pruefen,/downloads/rang-18/WÖk_Rang18_bestands_und_nachlieferliste_v1.0.md,Aus aktivem Rangpaket erkannt.
18,WÖk_Rang18_Wissen-Wissenschaft-Forschung-Wirkungsinnovation_Gesamtpaket_v1.0.zip,WÖk_Rang18_Wissen-Wissenschaft-Forschung-Wirkungsinnovation_Gesamtpaket_v1.0/md/WÖk_Rang18_Konzeptpapier_Wissen-Wissenschaft-Forschung-Wirkungsinnovation_v1.0.md,WÖk_Rang18_Konzeptpapier_Wissen-Wissenschaft-Forschung-Wirkungsinnovation_v1.0.md,md,Konzeptpapier,15.5,ja,Import pruefen,/downloads/rang-18/WÖk_Rang18_Konzeptpapier_Wissen-Wissenschaft-Forschung-Wirkungsinnovation_v1.0.md,Aus aktivem Rangpaket erkannt.
18,WÖk_Rang18_Wissen-Wissenschaft-Forschung-Wirkungsinnovation_Gesamtpaket_v1.0.zip,WÖk_Rang18_Wissen-Wissenschaft-Forschung-Wirkungsinnovation_Gesamtpaket_v1.0/md/WÖk_Rang18_Gesamtdossier_Wissen-Wissenschaft-Forschung-Wirkungsinnovation_v1.0.md,WÖk_Rang18_Gesamtdossier_Wissen-Wissenschaft-Forschung-Wirkungsinnovation_v1.0.md,md,Gesamtdossier,17.0,ja,Import pruefen,/downloads/rang-18/WÖk_Rang18_Gesamtdossier_Wissen-Wissenschaft-Forschung-Wirkungsinnovation_v1.0.md,Aus aktivem Rangpaket erkannt.
18,WÖk_Rang18_Wissen-Wissenschaft-Forschung-Wirkungsinnovation_Gesamtpaket_v1.0.zip,WÖk_Rang18_Wissen-Wissenschaft-Forschung-Wirkungsinnovation_Gesamtpaket_v1.0/md/WÖk_Rang18_detail_01_v1.0.md,WÖk_Rang18_detail_01_v1.0.md,md,Gesamtpaket,19.5,ja,Import pruefen,/downloads/rang-18/WÖk_Rang18_detail_01_v1.0.md,Aus aktivem Rangpaket erkannt.
18,WÖk_Rang18_Wissen-Wissenschaft-Forschung-Wirkungsinnovation_Gesamtpaket_v1.0.zip,WÖk_Rang18_Wissen-Wissenschaft-Forschung-Wirkungsinnovation_Gesamtpaket_v1.0/md/WÖk_Rang18_detail_02_v1.0.md,WÖk_Rang18_detail_02_v1.0.md,md,Gesamtpaket,19.4,ja,Import pruefen,/downloads/rang-18/WÖk_Rang18_detail_02_v1.0.md,Aus aktivem Rangpaket erkannt.
18,WÖk_Rang18_Wissen-Wissenschaft-Forschung-Wirkungsinnovation_Gesamtpaket_v1.0.zip,WÖk_Rang18_Wissen-Wissenschaft-Forschung-Wirkungsinnovation_Gesamtpaket_v1.0/md/WÖk_Rang18_detail_03_v1.0.md,WÖk_Rang18_detail_03_v1.0.md,md,Gesamtpaket,19.4,ja,Import pruefen,/downloads/rang-18/WÖk_Rang18_detail_03_v1.0.md,Aus aktivem Rangpaket erkannt.
18,WÖk_Rang18_Wissen-Wissenschaft-Forschung-Wirkungsinnovation_Gesamtpaket_v1.0.zip,WÖk_Rang18_Wissen-Wissenschaft-Forschung-Wirkungsinnovation_Gesamtpaket_v1.0/md/WÖk_Rang18_detail_04_v1.0.md,WÖk_Rang18_detail_04_v1.0.md,md,Gesamtpaket,19.5,ja,Import pruefen,/downloads/rang-18/WÖk_Rang18_detail_04_v1.0.md,Aus aktivem Rangpaket erkannt.
18,WÖk_Rang18_Wissen-Wissenschaft-Forschung-Wirkungsinnovation_Gesamtpaket_v1.0.zip,WÖk_Rang18_Wissen-Wissenschaft-Forschung-Wirkungsinnovation_Gesamtpaket_v1.0/md/WÖk_Rang18_detail_05_v1.0.md,WÖk_Rang18_detail_05_v1.0.md,md,Gesamtpaket,19.4,ja,Import pruefen,/downloads/rang-18/WÖk_Rang18_detail_05_v1.0.md,Aus aktivem Rangpaket erkannt.
18,WÖk_Rang18_Wissen-Wissenschaft-Forschung-Wirkungsinnovation_Gesamtpaket_v1.0.zip,WÖk_Rang18_Wissen-Wissenschaft-Forschung-Wirkungsinnovation_Gesamtpaket_v1.0/md/WÖk_Rang18_detail_06_v1.0.md,WÖk_Rang18_detail_06_v1.0.md,md,Gesamtpaket,19.4,ja,Import pruefen,/downloads/rang-18/WÖk_Rang18_detail_06_v1.0.md,Aus aktivem Rangpaket erkannt.
18,WÖk_Rang18_Wissen-Wissenschaft-Forschung-Wirkungsinnovation_Gesamtpaket_v1.0.zip,WÖk_Rang18_Wissen-Wissenschaft-Forschung-Wirkungsinnovation_Gesamtpaket_v1.0/md/WÖk_Rang18_detail_07_v1.0.md,WÖk_Rang18_detail_07_v1.0.md,md,Gesamtpaket,19.4,ja,Import pruefen,/downloads/rang-18/WÖk_Rang18_detail_07_v1.0.md,Aus aktivem Rangpaket erkannt.
18,WÖk_Rang18_Wissen-Wissenschaft-Forschung-Wirkungsinnovation_Gesamtpaket_v1.0.zip,WÖk_Rang18_Wissen-Wissenschaft-Forschung-Wirkungsinnovation_Gesamtpaket_v1.0/md/WÖk_Rang18_detail_08_v1.0.md,WÖk_Rang18_detail_08_v1.0.md,md,Gesamtpaket,19.5,ja,Import pruefen,/downloads/rang-18/WÖk_Rang18_detail_08_v1.0.md,Aus aktivem Rangpaket erkannt.
18,WÖk_Rang18_Wissen-Wissenschaft-Forschung-Wirkungsinnovation_Gesamtpaket_v1.0.zip,WÖk_Rang18_Wissen-Wissenschaft-Forschung-Wirkungsinnovation_Gesamtpaket_v1.0/md/WÖk_Rang18_detail_09_v1.0.md,WÖk_Rang18_detail_09_v1.0.md,md,Gesamtpaket,19.5,ja,Import pruefen,/downloads/rang-18/WÖk_Rang18_detail_09_v1.0.md,Aus aktivem Rangpaket erkannt.
18,WÖk_Rang18_Wissen-Wissenschaft-Forschung-Wirkungsinnovation_Gesamtpaket_v1.0.zip,WÖk_Rang18_Wissen-Wissenschaft-Forschung-Wirkungsinnovation_Gesamtpaket_v1.0/md/WÖk_Rang18_detail_10_v1.0.md,WÖk_Rang18_detail_10_v1.0.md,md,Gesamtpaket,19.5,ja,Import pruefen,/downloads/rang-18/WÖk_Rang18_detail_10_v1.0.md,Aus aktivem Rangpaket erkannt.
18,WÖk_Rang18_Wissen-Wissenschaft-Forschung-Wirkungsinnovation_Gesamtpaket_v1.0.zip,WÖk_Rang18_Wissen-Wissenschaft-Forschung-Wirkungsinnovation_Gesamtpaket_v1.0/md/WÖk_Rang18_wirkungsindikatoren_v1.0.md,WÖk_Rang18_wirkungsindikatoren_v1.0.md,md,Gesamtpaket,6.2,ja,Import pruefen,/downloads/rang-18/WÖk_Rang18_wirkungsindikatoren_v1.0.md,Aus aktivem Rangpaket erkannt.
18,WÖk_Rang18_Wissen-Wissenschaft-Forschung-Wirkungsinnovation_Gesamtpaket_v1.0.zip,WÖk_Rang18_Wissen-Wissenschaft-Forschung-Wirkungsinnovation_Gesamtpaket_v1.0/md/WÖk_Rang18_toolkarten_v1.0.md,WÖk_Rang18_toolkarten_v1.0.md,md,Toolkarten,6.9,ja,Import pruefen,/downloads/rang-18/WÖk_Rang18_toolkarten_v1.0.md,Aus aktivem Rangpaket erkannt.
18,WÖk_Rang18_Wissen-Wissenschaft-Forschung-Wirkungsinnovation_Gesamtpaket_v1.0.zip,WÖk_Rang18_Wissen-Wissenschaft-Forschung-Wirkungsinnovation_Gesamtpaket_v1.0/md/WÖk_Rang18_sdg_sdgplus_v1.0.md,WÖk_Rang18_sdg_sdgplus_v1.0.md,md,Gesamtpaket,5.8,ja,Import pruefen,/downloads/rang-18/WÖk_Rang18_sdg_sdgplus_v1.0.md,Aus aktivem Rangpaket erkannt.
18,WÖk_Rang18_Wissen-Wissenschaft-Forschung-Wirkungsinnovation_Gesamtpaket_v1.0.zip,WÖk_Rang18_Wissen-Wissenschaft-Forschung-Wirkungsinnovation_Gesamtpaket_v1.0/md/WÖk_Rang18_politische_anschlussfaehigkeit_v1.0.md,WÖk_Rang18_politische_anschlussfaehigkeit_v1.0.md,md,Gesamtpaket,6.0,ja,Import pruefen,/downloads/rang-18/WÖk_Rang18_politische_anschlussfaehigkeit_v1.0.md,Aus aktivem Rangpaket erkannt.
18,WÖk_Rang18_Wissen-Wissenschaft-Forschung-Wirkungsinnovation_Gesamtpaket_v1.0.zip,WÖk_Rang18_Wissen-Wissenschaft-Forschung-Wirkungsinnovation_Gesamtpaket_v1.0/md/WÖk_Rang18_quellen_glossar_v1.0.md,WÖk_Rang18_quellen_glossar_v1.0.md,md,Gesamtpaket,7.2,ja,Import pruefen,/downloads/rang-18/WÖk_Rang18_quellen_glossar_v1.0.md,Aus aktivem Rangpaket erkannt.
18,WÖk_Rang18_Wissen-Wissenschaft-Forschung-Wirkungsinnovation_Gesamtpaket_v1.0.zip,WÖk_Rang18_Wissen-Wissenschaft-Forschung-Wirkungsinnovation_Gesamtpaket_v1.0/md/WÖk_Rang18_Gesamtpaket_Alle_Inhalte_v1.0.md,WÖk_Rang18_Gesamtpaket_Alle_Inhalte_v1.0.md,md,Gesamtpaket,247.9,ja,Import pruefen,/downloads/rang-18/WÖk_Rang18_Gesamtpaket_Alle_Inhalte_v1.0.md,Aus aktivem Rangpaket erkannt.
18,WÖk_Rang18_Wissen-Wissenschaft-Forschung-Wirkungsinnovation_Gesamtpaket_v1.0.zip,WÖk_Rang18_Wissen-Wissenschaft-Forschung-Wirkungsinnovation_Gesamtpaket_v1.0/html/WÖk_Rang18_portalstartseite_v1.0.html,WÖk_Rang18_portalstartseite_v1.0.html,html,Gesamtpaket,6.4,ja,Import pruefen,/downloads/rang-18/WÖk_Rang18_portalstartseite_v1.0.html,Aus aktivem Rangpaket erkannt.
18,WÖk_Rang18_Wissen-Wissenschaft-Forschung-Wirkungsinnovation_Gesamtpaket_v1.0.zip,WÖk_Rang18_Wissen-Wissenschaft-Forschung-Wirkungsinnovation_Gesamtpaket_v1.0/html/WÖk_Rang18_bestands_und_nachlieferliste_v1.0.html,WÖk_Rang18_bestands_und_nachlieferliste_v1.0.html,html,Gesamtpaket,8.7,ja,Import pruefen,/downloads/rang-18/WÖk_Rang18_bestands_und_nachlieferliste_v1.0.html,Aus aktivem Rangpaket erkannt.
18,WÖk_Rang18_Wissen-Wissenschaft-Forschung-Wirkungsinnovation_Gesamtpaket_v1.0.zip,WÖk_Rang18_Wissen-Wissenschaft-Forschung-Wirkungsinnovation_Gesamtpaket_v1.0/html/WÖk_Rang18_Konzeptpapier_Wissen-Wissenschaft-Forschung-Wirkungsinnovation_v1.0.html,WÖk_Rang18_Konzeptpapier_Wissen-Wissenschaft-Forschung-Wirkungsinnovation_v1.0.html,html,Konzeptpapier,17.9,ja,Import pruefen,/downloads/rang-18/WÖk_Rang18_Konzeptpapier_Wissen-Wissenschaft-Forschung-Wirkungsinnovation_v1.0.html,Aus aktivem Rangpaket erkannt.
18,WÖk_Rang18_Wissen-Wissenschaft-Forschung-Wirkungsinnovation_Gesamtpaket_v1.0.zip,WÖk_Rang18_Wissen-Wissenschaft-Forschung-Wirkungsinnovation_Gesamtpaket_v1.0/html/WÖk_Rang18_Gesamtdossier_Wissen-Wissenschaft-Forschung-Wirkungsinnovation_v1.0.html,WÖk_Rang18_Gesamtdossier_Wissen-Wissenschaft-Forschung-Wirkungsinnovation_v1.0.html,html,Gesamtdossier,19.8,ja,Import pruefen,/downloads/rang-18/WÖk_Rang18_Gesamtdossier_Wissen-Wissenschaft-Forschung-Wirkungsinnovation_v1.0.html,Aus aktivem Rangpaket erkannt.
18,WÖk_Rang18_Wissen-Wissenschaft-Forschung-Wirkungsinnovation_Gesamtpaket_v1.0.zip,WÖk_Rang18_Wissen-Wissenschaft-Forschung-Wirkungsinnovation_Gesamtpaket_v1.0/html/WÖk_Rang18_detail_01_v1.0.html,WÖk_Rang18_detail_01_v1.0.html,html,Gesamtpaket,21.9,ja,Import pruefen,/downloads/rang-18/WÖk_Rang18_detail_01_v1.0.html,Aus aktivem Rangpaket erkannt.
18,WÖk_Rang18_Wissen-Wissenschaft-Forschung-Wirkungsinnovation_Gesamtpaket_v1.0.zip,WÖk_Rang18_Wissen-Wissenschaft-Forschung-Wirkungsinnovation_Gesamtpaket_v1.0/html/WÖk_Rang18_detail_02_v1.0.html,WÖk_Rang18_detail_02_v1.0.html,html,Gesamtpaket,21.8,ja,Import pruefen,/downloads/rang-18/WÖk_Rang18_detail_02_v1.0.html,Aus aktivem Rangpaket erkannt.
18,WÖk_Rang18_Wissen-Wissenschaft-Forschung-Wirkungsinnovation_Gesamtpaket_v1.0.zip,WÖk_Rang18_Wissen-Wissenschaft-Forschung-Wirkungsinnovation_Gesamtpaket_v1.0/html/WÖk_Rang18_detail_03_v1.0.html,WÖk_Rang18_detail_03_v1.0.html,html,Gesamtpaket,21.8,ja,Import pruefen,/downloads/rang-18/WÖk_Rang18_detail_03_v1.0.html,Aus aktivem Rangpaket erkannt.
18,WÖk_Rang18_Wissen-Wissenschaft-Forschung-Wirkungsinnovation_Gesamtpaket_v1.0.zip,WÖk_Rang18_Wissen-Wissenschaft-Forschung-Wirkungsinnovation_Gesamtpaket_v1.0/html/WÖk_Rang18_detail_04_v1.0.html,WÖk_Rang18_detail_04_v1.0.html,html,Gesamtpaket,21.9,ja,Import pruefen,/downloads/rang-18/WÖk_Rang18_detail_04_v1.0.html,Aus aktivem Rangpaket erkannt.
18,WÖk_Rang18_Wissen-Wissenschaft-Forschung-Wirkungsinnovation_Gesamtpaket_v1.0.zip,WÖk_Rang18_Wissen-Wissenschaft-Forschung-Wirkungsinnovation_Gesamtpaket_v1.0/html/WÖk_Rang18_detail_05_v1.0.html,WÖk_Rang18_detail_05_v1.0.html,html,Gesamtpaket,21.8,ja,Import pruefen,/downloads/rang-18/WÖk_Rang18_detail_05_v1.0.html,Aus aktivem Rangpaket erkannt.
18,WÖk_Rang18_Wissen-Wissenschaft-Forschung-Wirkungsinnovation_Gesamtpaket_v1.0.zip,WÖk_Rang18_Wissen-Wissenschaft-Forschung-Wirkungsinnovation_Gesamtpaket_v1.0/html/WÖk_Rang18_detail_06_v1.0.html,WÖk_Rang18_detail_06_v1.0.html,html,Gesamtpaket,21.7,ja,Import pruefen,/downloads/rang-18/WÖk_Rang18_detail_06_v1.0.html,Aus aktivem Rangpaket erkannt.
18,WÖk_Rang18_Wissen-Wissenschaft-Forschung-Wirkungsinnovation_Gesamtpaket_v1.0.zip,WÖk_Rang18_Wissen-Wissenschaft-Forschung-Wirkungsinnovation_Gesamtpaket_v1.0/html/WÖk_Rang18_detail_07_v1.0.html,WÖk_Rang18_detail_07_v1.0.html,html,Gesamtpaket,21.7,ja,Import pruefen,/downloads/rang-18/WÖk_Rang18_detail_07_v1.0.html,Aus aktivem Rangpaket erkannt.
18,WÖk_Rang18_Wissen-Wissenschaft-Forschung-Wirkungsinnovation_Gesamtpaket_v1.0.zip,WÖk_Rang18_Wissen-Wissenschaft-Forschung-Wirkungsinnovation_Gesamtpaket_v1.0/html/WÖk_Rang18_detail_08_v1.0.html,WÖk_Rang18_detail_08_v1.0.html,html,Gesamtpaket,21.9,ja,Import pruefen,/downloads/rang-18/WÖk_Rang18_detail_08_v1.0.html,Aus aktivem Rangpaket erkannt.
18,WÖk_Rang18_Wissen-Wissenschaft-Forschung-Wirkungsinnovation_Gesamtpaket_v1.0.zip,WÖk_Rang18_Wissen-Wissenschaft-Forschung-Wirkungsinnovation_Gesamtpaket_v1.0/html/WÖk_Rang18_detail_09_v1.0.html,WÖk_Rang18_detail_09_v1.0.html,html,Gesamtpaket,21.8,ja,Import pruefen,/downloads/rang-18/WÖk_Rang18_detail_09_v1.0.html,Aus aktivem Rangpaket erkannt.
18,WÖk_Rang18_Wissen-Wissenschaft-Forschung-Wirkungsinnovation_Gesamtpaket_v1.0.zip,WÖk_Rang18_Wissen-Wissenschaft-Forschung-Wirkungsinnovation_Gesamtpaket_v1.0/html/WÖk_Rang18_detail_10_v1.0.html,WÖk_Rang18_detail_10_v1.0.html,html,Gesamtpaket,21.8,ja,Import pruefen,/downloads/rang-18/WÖk_Rang18_detail_10_v1.0.html,Aus aktivem Rangpaket erkannt.
18,WÖk_Rang18_Wissen-Wissenschaft-Forschung-Wirkungsinnovation_Gesamtpaket_v1.0.zip,WÖk_Rang18_Wissen-Wissenschaft-Forschung-Wirkungsinnovation_Gesamtpaket_v1.0/html/WÖk_Rang18_wirkungsindikatoren_v1.0.html,WÖk_Rang18_wirkungsindikatoren_v1.0.html,html,Gesamtpaket,7.6,ja,Import pruefen,/downloads/rang-18/WÖk_Rang18_wirkungsindikatoren_v1.0.html,Aus aktivem Rangpaket erkannt.
18,WÖk_Rang18_Wissen-Wissenschaft-Forschung-Wirkungsinnovation_Gesamtpaket_v1.0.zip,WÖk_Rang18_Wissen-Wissenschaft-Forschung-Wirkungsinnovation_Gesamtpaket_v1.0/html/WÖk_Rang18_toolkarten_v1.0.html,WÖk_Rang18_toolkarten_v1.0.html,html,Toolkarten,8.3,ja,Import pruefen,/downloads/rang-18/WÖk_Rang18_toolkarten_v1.0.html,Aus aktivem Rangpaket erkannt.
18,WÖk_Rang18_Wissen-Wissenschaft-Forschung-Wirkungsinnovation_Gesamtpaket_v1.0.zip,WÖk_Rang18_Wissen-Wissenschaft-Forschung-Wirkungsinnovation_Gesamtpaket_v1.0/html/WÖk_Rang18_sdg_sdgplus_v1.0.html,WÖk_Rang18_sdg_sdgplus_v1.0.html,html,Gesamtpaket,7.2,ja,Import pruefen,/downloads/rang-18/WÖk_Rang18_sdg_sdgplus_v1.0.html,Aus aktivem Rangpaket erkannt.
18,WÖk_Rang18_Wissen-Wissenschaft-Forschung-Wirkungsinnovation_Gesamtpaket_v1.0.zip,WÖk_Rang18_Wissen-Wissenschaft-Forschung-Wirkungsinnovation_Gesamtpaket_v1.0/html/WÖk_Rang18_politische_anschlussfaehigkeit_v1.0.html,WÖk_Rang18_politische_anschlussfaehigkeit_v1.0.html,html,Gesamtpaket,7.3,ja,Import pruefen,/downloads/rang-18/WÖk_Rang18_politische_anschlussfaehigkeit_v1.0.html,Aus aktivem Rangpaket erkannt.
18,WÖk_Rang18_Wissen-Wissenschaft-Forschung-Wirkungsinnovation_Gesamtpaket_v1.0.zip,WÖk_Rang18_Wissen-Wissenschaft-Forschung-Wirkungsinnovation_Gesamtpaket_v1.0/html/WÖk_Rang18_quellen_glossar_v1.0.html,WÖk_Rang18_quellen_glossar_v1.0.html,html,Gesamtpaket,8.9,ja,Import pruefen,/downloads/rang-18/WÖk_Rang18_quellen_glossar_v1.0.html,Aus aktivem Rangpaket erkannt.
18,WÖk_Rang18_Wissen-Wissenschaft-Forschung-Wirkungsinnovation_Gesamtpaket_v1.0.zip,WÖk_Rang18_Wissen-Wissenschaft-Forschung-Wirkungsinnovation_Gesamtpaket_v1.0/html/WÖk_Rang18_Gesamtpaket_Alle_Inhalte_v1.0.html,WÖk_Rang18_Gesamtpaket_Alle_Inhalte_v1.0.html,html,Gesamtpaket,273.0,ja,Import pruefen,/downloads/rang-18/WÖk_Rang18_Gesamtpaket_Alle_Inhalte_v1.0.html,Aus aktivem Rangpaket erkannt.
18,WÖk_Rang18_Wissen-Wissenschaft-Forschung-Wirkungsinnovation_Gesamtpaket_v1.0.zip,WÖk_Rang18_Wissen-Wissenschaft-Forschung-Wirkungsinnovation_Gesamtpaket_v1.0/json/WÖk_Rang18_Index_v1.0.json,WÖk_Rang18_Index_v1.0.json,json,Sonstiges,8.3,ja,Import pruefen,/downloads/rang-18/WÖk_Rang18_Index_v1.0.json,Aus aktivem Rangpaket erkannt.
18,WÖk_Rang18_Wissen-Wissenschaft-Forschung-Wirkungsinnovation_Gesamtpaket_v1.0.zip,WÖk_Rang18_Wissen-Wissenschaft-Forschung-Wirkungsinnovation_Gesamtpaket_v1.0/json/WÖk_Rang18_Toolkarten_v1.0.json,WÖk_Rang18_Toolkarten_v1.0.json,json,Toolkarten,2.4,ja,Import pruefen,/downloads/rang-18/WÖk_Rang18_Toolkarten_v1.0.json,Aus aktivem Rangpaket erkannt.
19,WÖk_Rang19_Internationale-Ordnung-Globalisierung-Geopolitik_Gesamtpaket_v1.0.zip,WÖk_Rang19_Internationale-Ordnung-Globalisierung-Geopolitik_Gesamtpaket_v1.0/README.txt,README.txt,txt,Sonstiges,0.8,ja,Import pruefen,/downloads/rang-19/README.txt,Aus aktivem Rangpaket erkannt.
19,WÖk_Rang19_Internationale-Ordnung-Globalisierung-Geopolitik_Gesamtpaket_v1.0.zip,WÖk_Rang19_Internationale-Ordnung-Globalisierung-Geopolitik_Gesamtpaket_v1.0/pdf/WÖk_Rang19_portalstartseite_v1.0.pdf,WÖk_Rang19_portalstartseite_v1.0.pdf,pdf,Gesamtpaket,6.7,ja,Import pruefen,/downloads/rang-19/WÖk_Rang19_portalstartseite_v1.0.pdf,Aus aktivem Rangpaket erkannt.
19,WÖk_Rang19_Internationale-Ordnung-Globalisierung-Geopolitik_Gesamtpaket_v1.0.zip,WÖk_Rang19_Internationale-Ordnung-Globalisierung-Geopolitik_Gesamtpaket_v1.0/pdf/WÖk_Rang19_bestands-und-nachlieferliste_v1.0.pdf,WÖk_Rang19_bestands-und-nachlieferliste_v1.0.pdf,pdf,Gesamtpaket,6.0,ja,Import pruefen,/downloads/rang-19/WÖk_Rang19_bestands-und-nachlieferliste_v1.0.pdf,Aus aktivem Rangpaket erkannt.
19,WÖk_Rang19_Internationale-Ordnung-Globalisierung-Geopolitik_Gesamtpaket_v1.0.zip,WÖk_Rang19_Internationale-Ordnung-Globalisierung-Geopolitik_Gesamtpaket_v1.0/pdf/WÖk_Rang19_konzeptpapier_v1.0.pdf,WÖk_Rang19_konzeptpapier_v1.0.pdf,pdf,Konzeptpapier,14.3,ja,Import pruefen,/downloads/rang-19/WÖk_Rang19_konzeptpapier_v1.0.pdf,Aus aktivem Rangpaket erkannt.
19,WÖk_Rang19_Internationale-Ordnung-Globalisierung-Geopolitik_Gesamtpaket_v1.0.zip,WÖk_Rang19_Internationale-Ordnung-Globalisierung-Geopolitik_Gesamtpaket_v1.0/pdf/WÖk_Rang19_gesamtdossier_v1.0.pdf,WÖk_Rang19_gesamtdossier_v1.0.pdf,pdf,Gesamtdossier,14.9,ja,Import pruefen,/downloads/rang-19/WÖk_Rang19_gesamtdossier_v1.0.pdf,Aus aktivem Rangpaket erkannt.
19,WÖk_Rang19_Internationale-Ordnung-Globalisierung-Geopolitik_Gesamtpaket_v1.0.zip,WÖk_Rang19_Internationale-Ordnung-Globalisierung-Geopolitik_Gesamtpaket_v1.0/pdf/WÖk_Rang19_detail-europa-als-wirkungsraum_v1.0.pdf,WÖk_Rang19_detail-europa-als-wirkungsraum_v1.0.pdf,pdf,Gesamtpaket,35.2,ja,Import pruefen,/downloads/rang-19/WÖk_Rang19_detail-europa-als-wirkungsraum_v1.0.pdf,Aus aktivem Rangpaket erkannt.
19,WÖk_Rang19_Internationale-Ordnung-Globalisierung-Geopolitik_Gesamtpaket_v1.0.zip,WÖk_Rang19_Internationale-Ordnung-Globalisierung-Geopolitik_Gesamtpaket_v1.0/pdf/WÖk_Rang19_detail-wirkungsbasierter-handel-und-lieferketten_v1.0.pdf,WÖk_Rang19_detail-wirkungsbasierter-handel-und-lieferketten_v1.0.pdf,pdf,Gesamtpaket,35.4,ja,Import pruefen,/downloads/rang-19/WÖk_Rang19_detail-wirkungsbasierter-handel-und-lieferketten_v1.0.pdf,Aus aktivem Rangpaket erkannt.
19,WÖk_Rang19_Internationale-Ordnung-Globalisierung-Geopolitik_Gesamtpaket_v1.0.zip,WÖk_Rang19_Internationale-Ordnung-Globalisierung-Geopolitik_Gesamtpaket_v1.0/pdf/WÖk_Rang19_detail-cbam-grenzausgleich-und-externe-kosten_v1.0.pdf,WÖk_Rang19_detail-cbam-grenzausgleich-und-externe-kosten_v1.0.pdf,pdf,Gesamtpaket,35.5,ja,Import pruefen,/downloads/rang-19/WÖk_Rang19_detail-cbam-grenzausgleich-und-externe-kosten_v1.0.pdf,Aus aktivem Rangpaket erkannt.
19,WÖk_Rang19_Internationale-Ordnung-Globalisierung-Geopolitik_Gesamtpaket_v1.0.zip,WÖk_Rang19_Internationale-Ordnung-Globalisierung-Geopolitik_Gesamtpaket_v1.0/pdf/WÖk_Rang19_detail-globale-wirkungsgovernance-ohne-weltregierung_v1.0.pdf,WÖk_Rang19_detail-globale-wirkungsgovernance-ohne-weltregierung_v1.0.pdf,pdf,Gesamtpaket,35.4,ja,Import pruefen,/downloads/rang-19/WÖk_Rang19_detail-globale-wirkungsgovernance-ohne-weltregierung_v1.0.pdf,Aus aktivem Rangpaket erkannt.
19,WÖk_Rang19_Internationale-Ordnung-Globalisierung-Geopolitik_Gesamtpaket_v1.0.zip,WÖk_Rang19_Internationale-Ordnung-Globalisierung-Geopolitik_Gesamtpaket_v1.0/pdf/WÖk_Rang19_detail-klimagerechtigkeit-und-ressourcenfairness_v1.0.pdf,WÖk_Rang19_detail-klimagerechtigkeit-und-ressourcenfairness_v1.0.pdf,pdf,Gesamtpaket,35.5,ja,Import pruefen,/downloads/rang-19/WÖk_Rang19_detail-klimagerechtigkeit-und-ressourcenfairness_v1.0.pdf,Aus aktivem Rangpaket erkannt.
19,WÖk_Rang19_Internationale-Ordnung-Globalisierung-Geopolitik_Gesamtpaket_v1.0.zip,WÖk_Rang19_Internationale-Ordnung-Globalisierung-Geopolitik_Gesamtpaket_v1.0/pdf/WÖk_Rang19_detail-multipolare-ordnung-und-kulturelle-anschlussfaehigkeit_v1.0.pdf,WÖk_Rang19_detail-multipolare-ordnung-und-kulturelle-anschlussfaehigkeit_v1.0.pdf,pdf,Gesamtpaket,35.5,ja,Import pruefen,/downloads/rang-19/WÖk_Rang19_detail-multipolare-ordnung-und-kulturelle-anschlussfaehigkeit_v1.0.pdf,Aus aktivem Rangpaket erkannt.
19,WÖk_Rang19_Internationale-Ordnung-Globalisierung-Geopolitik_Gesamtpaket_v1.0.zip,WÖk_Rang19_Internationale-Ordnung-Globalisierung-Geopolitik_Gesamtpaket_v1.0/pdf/WÖk_Rang19_detail-globale-resilienz-und-fruehwarnkooperation_v1.0.pdf,WÖk_Rang19_detail-globale-resilienz-und-fruehwarnkooperation_v1.0.pdf,pdf,Gesamtpaket,35.4,ja,Import pruefen,/downloads/rang-19/WÖk_Rang19_detail-globale-resilienz-und-fruehwarnkooperation_v1.0.pdf,Aus aktivem Rangpaket erkannt.
19,WÖk_Rang19_Internationale-Ordnung-Globalisierung-Geopolitik_Gesamtpaket_v1.0.zip,WÖk_Rang19_Internationale-Ordnung-Globalisierung-Geopolitik_Gesamtpaket_v1.0/pdf/WÖk_Rang19_detail-entwicklungspartnerschaften-und-wirkungsfonds_v1.0.pdf,WÖk_Rang19_detail-entwicklungspartnerschaften-und-wirkungsfonds_v1.0.pdf,pdf,Gesamtpaket,35.4,ja,Import pruefen,/downloads/rang-19/WÖk_Rang19_detail-entwicklungspartnerschaften-und-wirkungsfonds_v1.0.pdf,Aus aktivem Rangpaket erkannt.
19,WÖk_Rang19_Internationale-Ordnung-Globalisierung-Geopolitik_Gesamtpaket_v1.0.zip,WÖk_Rang19_Internationale-Ordnung-Globalisierung-Geopolitik_Gesamtpaket_v1.0/pdf/WÖk_Rang19_detail-globale-woek-ids-datenstandards-und-interoperabilitaet_v1.0.pdf,WÖk_Rang19_detail-globale-woek-ids-datenstandards-und-interoperabilitaet_v1.0.pdf,pdf,Gesamtpaket,35.5,ja,Import pruefen,/downloads/rang-19/WÖk_Rang19_detail-globale-woek-ids-datenstandards-und-interoperabilitaet_v1.0.pdf,Aus aktivem Rangpaket erkannt.
19,WÖk_Rang19_Internationale-Ordnung-Globalisierung-Geopolitik_Gesamtpaket_v1.0.zip,WÖk_Rang19_Internationale-Ordnung-Globalisierung-Geopolitik_Gesamtpaket_v1.0/pdf/WÖk_Rang19_detail-geopolitische-wirkungsrisiken-desinformation-und-demokratie_v1.0.pdf,WÖk_Rang19_detail-geopolitische-wirkungsrisiken-desinformation-und-demokratie_v1.0.pdf,pdf,Gesamtpaket,35.4,ja,Import pruefen,/downloads/rang-19/WÖk_Rang19_detail-geopolitische-wirkungsrisiken-desinformation-und-demokratie_v1.0.pdf,Aus aktivem Rangpaket erkannt.
19,WÖk_Rang19_Internationale-Ordnung-Globalisierung-Geopolitik_Gesamtpaket_v1.0.zip,WÖk_Rang19_Internationale-Ordnung-Globalisierung-Geopolitik_Gesamtpaket_v1.0/pdf/WÖk_Rang19_wirkungsindikatoren_v1.0.pdf,WÖk_Rang19_wirkungsindikatoren_v1.0.pdf,pdf,Gesamtpaket,7.3,ja,Import pruefen,/downloads/rang-19/WÖk_Rang19_wirkungsindikatoren_v1.0.pdf,Aus aktivem Rangpaket erkannt.
19,WÖk_Rang19_Internationale-Ordnung-Globalisierung-Geopolitik_Gesamtpaket_v1.0.zip,WÖk_Rang19_Internationale-Ordnung-Globalisierung-Geopolitik_Gesamtpaket_v1.0/pdf/WÖk_Rang19_toolkarten_v1.0.pdf,WÖk_Rang19_toolkarten_v1.0.pdf,pdf,Toolkarten,6.0,ja,Import pruefen,/downloads/rang-19/WÖk_Rang19_toolkarten_v1.0.pdf,Aus aktivem Rangpaket erkannt.
19,WÖk_Rang19_Internationale-Ordnung-Globalisierung-Geopolitik_Gesamtpaket_v1.0.zip,WÖk_Rang19_Internationale-Ordnung-Globalisierung-Geopolitik_Gesamtpaket_v1.0/pdf/WÖk_Rang19_sdg-sdgplus_v1.0.pdf,WÖk_Rang19_sdg-sdgplus_v1.0.pdf,pdf,Gesamtpaket,3.8,ja,Import pruefen,/downloads/rang-19/WÖk_Rang19_sdg-sdgplus_v1.0.pdf,Aus aktivem Rangpaket erkannt.
19,WÖk_Rang19_Internationale-Ordnung-Globalisierung-Geopolitik_Gesamtpaket_v1.0.zip,WÖk_Rang19_Internationale-Ordnung-Globalisierung-Geopolitik_Gesamtpaket_v1.0/pdf/WÖk_Rang19_politische-anschlussfaehigkeit_v1.0.pdf,WÖk_Rang19_politische-anschlussfaehigkeit_v1.0.pdf,pdf,Gesamtpaket,3.9,ja,Import pruefen,/downloads/rang-19/WÖk_Rang19_politische-anschlussfaehigkeit_v1.0.pdf,Aus aktivem Rangpaket erkannt.
19,WÖk_Rang19_Internationale-Ordnung-Globalisierung-Geopolitik_Gesamtpaket_v1.0.zip,WÖk_Rang19_Internationale-Ordnung-Globalisierung-Geopolitik_Gesamtpaket_v1.0/pdf/WÖk_Rang19_quellen-und-glossarlinks_v1.0.pdf,WÖk_Rang19_quellen-und-glossarlinks_v1.0.pdf,pdf,Gesamtpaket,3.2,ja,Import pruefen,/downloads/rang-19/WÖk_Rang19_quellen-und-glossarlinks_v1.0.pdf,Aus aktivem Rangpaket erkannt.
19,WÖk_Rang19_Internationale-Ordnung-Globalisierung-Geopolitik_Gesamtpaket_v1.0.zip,WÖk_Rang19_Internationale-Ordnung-Globalisierung-Geopolitik_Gesamtpaket_v1.0/pdf/WÖk_Rang19_buchanker-und-querverlinkungen_v1.0.pdf,WÖk_Rang19_buchanker-und-querverlinkungen_v1.0.pdf,pdf,Gesamtpaket,3.4,ja,Import pruefen,/downloads/rang-19/WÖk_Rang19_buchanker-und-querverlinkungen_v1.0.pdf,Aus aktivem Rangpaket erkannt.
19,WÖk_Rang19_Internationale-Ordnung-Globalisierung-Geopolitik_Gesamtpaket_v1.0.zip,WÖk_Rang19_Internationale-Ordnung-Globalisierung-Geopolitik_Gesamtpaket_v1.0/pdf/WÖk_Rang19_Gesamtpaket_Alle_Inhalte_v1.0.pdf,WÖk_Rang19_Gesamtpaket_Alle_Inhalte_v1.0.pdf,pdf,Gesamtpaket,395.9,ja,Import pruefen,/downloads/rang-19/WÖk_Rang19_Gesamtpaket_Alle_Inhalte_v1.0.pdf,Aus aktivem Rangpaket erkannt.
19,WÖk_Rang19_Internationale-Ordnung-Globalisierung-Geopolitik_Gesamtpaket_v1.0.zip,WÖk_Rang19_Internationale-Ordnung-Globalisierung-Geopolitik_Gesamtpaket_v1.0/pdf/WÖk_Rang19_Konzeptpapier_Internationale-Ordnung-Globalisierung-Geopolitik_v1.0.pdf,WÖk_Rang19_Konzeptpapier_Internationale-Ordnung-Globalisierung-Geopolitik_v1.0.pdf,pdf,Konzeptpapier,14.3,ja,Import pruefen,/downloads/rang-19/WÖk_Rang19_Konzeptpapier_Internationale-Ordnung-Globalisierung-Geopolitik_v1.0.pdf,Aus aktivem Rangpaket erkannt.
19,WÖk_Rang19_Internationale-Ordnung-Globalisierung-Geopolitik_Gesamtpaket_v1.0.zip,WÖk_Rang19_Internationale-Ordnung-Globalisierung-Geopolitik_Gesamtpaket_v1.0/pdf/WÖk_Rang19_Gesamtdossier_Internationale-Ordnung-Globalisierung-Geopolitik_v1.0.pdf,WÖk_Rang19_Gesamtdossier_Internationale-Ordnung-Globalisierung-Geopolitik_v1.0.pdf,pdf,Gesamtdossier,14.9,ja,Import pruefen,/downloads/rang-19/WÖk_Rang19_Gesamtdossier_Internationale-Ordnung-Globalisierung-Geopolitik_v1.0.pdf,Aus aktivem Rangpaket erkannt.
19,WÖk_Rang19_Internationale-Ordnung-Globalisierung-Geopolitik_Gesamtpaket_v1.0.zip,WÖk_Rang19_Internationale-Ordnung-Globalisierung-Geopolitik_Gesamtpaket_v1.0/docx/WÖk_Rang19_portalstartseite_v1.0.docx,WÖk_Rang19_portalstartseite_v1.0.docx,docx,Gesamtpaket,38.5,ja,Import pruefen,/downloads/rang-19/WÖk_Rang19_portalstartseite_v1.0.docx,Aus aktivem Rangpaket erkannt.
19,WÖk_Rang19_Internationale-Ordnung-Globalisierung-Geopolitik_Gesamtpaket_v1.0.zip,WÖk_Rang19_Internationale-Ordnung-Globalisierung-Geopolitik_Gesamtpaket_v1.0/docx/WÖk_Rang19_bestands-und-nachlieferliste_v1.0.docx,WÖk_Rang19_bestands-und-nachlieferliste_v1.0.docx,docx,Gesamtpaket,38.1,ja,Import pruefen,/downloads/rang-19/WÖk_Rang19_bestands-und-nachlieferliste_v1.0.docx,Aus aktivem Rangpaket erkannt.
19,WÖk_Rang19_Internationale-Ordnung-Globalisierung-Geopolitik_Gesamtpaket_v1.0.zip,WÖk_Rang19_Internationale-Ordnung-Globalisierung-Geopolitik_Gesamtpaket_v1.0/docx/WÖk_Rang19_konzeptpapier_v1.0.docx,WÖk_Rang19_konzeptpapier_v1.0.docx,docx,Konzeptpapier,42.0,ja,Import pruefen,/downloads/rang-19/WÖk_Rang19_konzeptpapier_v1.0.docx,Aus aktivem Rangpaket erkannt.
19,WÖk_Rang19_Internationale-Ordnung-Globalisierung-Geopolitik_Gesamtpaket_v1.0.zip,WÖk_Rang19_Internationale-Ordnung-Globalisierung-Geopolitik_Gesamtpaket_v1.0/docx/WÖk_Rang19_gesamtdossier_v1.0.docx,WÖk_Rang19_gesamtdossier_v1.0.docx,docx,Gesamtdossier,41.5,ja,Import pruefen,/downloads/rang-19/WÖk_Rang19_gesamtdossier_v1.0.docx,Aus aktivem Rangpaket erkannt.
19,WÖk_Rang19_Internationale-Ordnung-Globalisierung-Geopolitik_Gesamtpaket_v1.0.zip,WÖk_Rang19_Internationale-Ordnung-Globalisierung-Geopolitik_Gesamtpaket_v1.0/docx/WÖk_Rang19_detail-europa-als-wirkungsraum_v1.0.docx,WÖk_Rang19_detail-europa-als-wirkungsraum_v1.0.docx,docx,Gesamtpaket,49.3,ja,Import pruefen,/downloads/rang-19/WÖk_Rang19_detail-europa-als-wirkungsraum_v1.0.docx,Aus aktivem Rangpaket erkannt.
19,WÖk_Rang19_Internationale-Ordnung-Globalisierung-Geopolitik_Gesamtpaket_v1.0.zip,WÖk_Rang19_Internationale-Ordnung-Globalisierung-Geopolitik_Gesamtpaket_v1.0/docx/WÖk_Rang19_detail-wirkungsbasierter-handel-und-lieferketten_v1.0.docx,WÖk_Rang19_detail-wirkungsbasierter-handel-und-lieferketten_v1.0.docx,docx,Gesamtpaket,49.3,ja,Import pruefen,/downloads/rang-19/WÖk_Rang19_detail-wirkungsbasierter-handel-und-lieferketten_v1.0.docx,Aus aktivem Rangpaket erkannt.
19,WÖk_Rang19_Internationale-Ordnung-Globalisierung-Geopolitik_Gesamtpaket_v1.0.zip,WÖk_Rang19_Internationale-Ordnung-Globalisierung-Geopolitik_Gesamtpaket_v1.0/docx/WÖk_Rang19_detail-cbam-grenzausgleich-und-externe-kosten_v1.0.docx,WÖk_Rang19_detail-cbam-grenzausgleich-und-externe-kosten_v1.0.docx,docx,Gesamtpaket,49.3,ja,Import pruefen,/downloads/rang-19/WÖk_Rang19_detail-cbam-grenzausgleich-und-externe-kosten_v1.0.docx,Aus aktivem Rangpaket erkannt.
19,WÖk_Rang19_Internationale-Ordnung-Globalisierung-Geopolitik_Gesamtpaket_v1.0.zip,WÖk_Rang19_Internationale-Ordnung-Globalisierung-Geopolitik_Gesamtpaket_v1.0/docx/WÖk_Rang19_detail-globale-wirkungsgovernance-ohne-weltregierung_v1.0.docx,WÖk_Rang19_detail-globale-wirkungsgovernance-ohne-weltregierung_v1.0.docx,docx,Gesamtpaket,49.2,ja,Import pruefen,/downloads/rang-19/WÖk_Rang19_detail-globale-wirkungsgovernance-ohne-weltregierung_v1.0.docx,Aus aktivem Rangpaket erkannt.
19,WÖk_Rang19_Internationale-Ordnung-Globalisierung-Geopolitik_Gesamtpaket_v1.0.zip,WÖk_Rang19_Internationale-Ordnung-Globalisierung-Geopolitik_Gesamtpaket_v1.0/docx/WÖk_Rang19_detail-klimagerechtigkeit-und-ressourcenfairness_v1.0.docx,WÖk_Rang19_detail-klimagerechtigkeit-und-ressourcenfairness_v1.0.docx,docx,Gesamtpaket,49.2,ja,Import pruefen,/downloads/rang-19/WÖk_Rang19_detail-klimagerechtigkeit-und-ressourcenfairness_v1.0.docx,Aus aktivem Rangpaket erkannt.
19,WÖk_Rang19_Internationale-Ordnung-Globalisierung-Geopolitik_Gesamtpaket_v1.0.zip,WÖk_Rang19_Internationale-Ordnung-Globalisierung-Geopolitik_Gesamtpaket_v1.0/docx/WÖk_Rang19_detail-multipolare-ordnung-und-kulturelle-anschlussfaehigkeit_v1.0.docx,WÖk_Rang19_detail-multipolare-ordnung-und-kulturelle-anschlussfaehigkeit_v1.0.docx,docx,Gesamtpaket,49.2,ja,Import pruefen,/downloads/rang-19/WÖk_Rang19_detail-multipolare-ordnung-und-kulturelle-anschlussfaehigkeit_v1.0.docx,Aus aktivem Rangpaket erkannt.
19,WÖk_Rang19_Internationale-Ordnung-Globalisierung-Geopolitik_Gesamtpaket_v1.0.zip,WÖk_Rang19_Internationale-Ordnung-Globalisierung-Geopolitik_Gesamtpaket_v1.0/docx/WÖk_Rang19_detail-globale-resilienz-und-fruehwarnkooperation_v1.0.docx,WÖk_Rang19_detail-globale-resilienz-und-fruehwarnkooperation_v1.0.docx,docx,Gesamtpaket,49.3,ja,Import pruefen,/downloads/rang-19/WÖk_Rang19_detail-globale-resilienz-und-fruehwarnkooperation_v1.0.docx,Aus aktivem Rangpaket erkannt.
19,WÖk_Rang19_Internationale-Ordnung-Globalisierung-Geopolitik_Gesamtpaket_v1.0.zip,WÖk_Rang19_Internationale-Ordnung-Globalisierung-Geopolitik_Gesamtpaket_v1.0/docx/WÖk_Rang19_detail-entwicklungspartnerschaften-und-wirkungsfonds_v1.0.docx,WÖk_Rang19_detail-entwicklungspartnerschaften-und-wirkungsfonds_v1.0.docx,docx,Gesamtpaket,49.2,ja,Import pruefen,/downloads/rang-19/WÖk_Rang19_detail-entwicklungspartnerschaften-und-wirkungsfonds_v1.0.docx,Aus aktivem Rangpaket erkannt.
19,WÖk_Rang19_Internationale-Ordnung-Globalisierung-Geopolitik_Gesamtpaket_v1.0.zip,WÖk_Rang19_Internationale-Ordnung-Globalisierung-Geopolitik_Gesamtpaket_v1.0/docx/WÖk_Rang19_detail-globale-woek-ids-datenstandards-und-interoperabilitaet_v1.0.docx,WÖk_Rang19_detail-globale-woek-ids-datenstandards-und-interoperabilitaet_v1.0.docx,docx,Gesamtpaket,49.2,ja,Import pruefen,/downloads/rang-19/WÖk_Rang19_detail-globale-woek-ids-datenstandards-und-interoperabilitaet_v1.0.docx,Aus aktivem Rangpaket erkannt.
19,WÖk_Rang19_Internationale-Ordnung-Globalisierung-Geopolitik_Gesamtpaket_v1.0.zip,WÖk_Rang19_Internationale-Ordnung-Globalisierung-Geopolitik_Gesamtpaket_v1.0/docx/WÖk_Rang19_detail-geopolitische-wirkungsrisiken-desinformation-und-demokratie_v1.0.docx,WÖk_Rang19_detail-geopolitische-wirkungsrisiken-desinformation-und-demokratie_v1.0.docx,docx,Gesamtpaket,49.2,ja,Import pruefen,/downloads/rang-19/WÖk_Rang19_detail-geopolitische-wirkungsrisiken-desinformation-und-demokratie_v1.0.docx,Aus aktivem Rangpaket erkannt.
19,WÖk_Rang19_Internationale-Ordnung-Globalisierung-Geopolitik_Gesamtpaket_v1.0.zip,WÖk_Rang19_Internationale-Ordnung-Globalisierung-Geopolitik_Gesamtpaket_v1.0/docx/WÖk_Rang19_wirkungsindikatoren_v1.0.docx,WÖk_Rang19_wirkungsindikatoren_v1.0.docx,docx,Gesamtpaket,38.9,ja,Import pruefen,/downloads/rang-19/WÖk_Rang19_wirkungsindikatoren_v1.0.docx,Aus aktivem Rangpaket erkannt.
19,WÖk_Rang19_Internationale-Ordnung-Globalisierung-Geopolitik_Gesamtpaket_v1.0.zip,WÖk_Rang19_Internationale-Ordnung-Globalisierung-Geopolitik_Gesamtpaket_v1.0/docx/WÖk_Rang19_toolkarten_v1.0.docx,WÖk_Rang19_toolkarten_v1.0.docx,docx,Toolkarten,37.8,ja,Import pruefen,/downloads/rang-19/WÖk_Rang19_toolkarten_v1.0.docx,Aus aktivem Rangpaket erkannt.
19,WÖk_Rang19_Internationale-Ordnung-Globalisierung-Geopolitik_Gesamtpaket_v1.0.zip,WÖk_Rang19_Internationale-Ordnung-Globalisierung-Geopolitik_Gesamtpaket_v1.0/docx/WÖk_Rang19_sdg-sdgplus_v1.0.docx,WÖk_Rang19_sdg-sdgplus_v1.0.docx,docx,Gesamtpaket,37.2,ja,Import pruefen,/downloads/rang-19/WÖk_Rang19_sdg-sdgplus_v1.0.docx,Aus aktivem Rangpaket erkannt.
19,WÖk_Rang19_Internationale-Ordnung-Globalisierung-Geopolitik_Gesamtpaket_v1.0.zip,WÖk_Rang19_Internationale-Ordnung-Globalisierung-Geopolitik_Gesamtpaket_v1.0/docx/WÖk_Rang19_politische-anschlussfaehigkeit_v1.0.docx,WÖk_Rang19_politische-anschlussfaehigkeit_v1.0.docx,docx,Gesamtpaket,37.3,ja,Import pruefen,/downloads/rang-19/WÖk_Rang19_politische-anschlussfaehigkeit_v1.0.docx,Aus aktivem Rangpaket erkannt.
19,WÖk_Rang19_Internationale-Ordnung-Globalisierung-Geopolitik_Gesamtpaket_v1.0.zip,WÖk_Rang19_Internationale-Ordnung-Globalisierung-Geopolitik_Gesamtpaket_v1.0/docx/WÖk_Rang19_quellen-und-glossarlinks_v1.0.docx,WÖk_Rang19_quellen-und-glossarlinks_v1.0.docx,docx,Gesamtpaket,36.7,ja,Import pruefen,/downloads/rang-19/WÖk_Rang19_quellen-und-glossarlinks_v1.0.docx,Aus aktivem Rangpaket erkannt.
19,WÖk_Rang19_Internationale-Ordnung-Globalisierung-Geopolitik_Gesamtpaket_v1.0.zip,WÖk_Rang19_Internationale-Ordnung-Globalisierung-Geopolitik_Gesamtpaket_v1.0/docx/WÖk_Rang19_buchanker-und-querverlinkungen_v1.0.docx,WÖk_Rang19_buchanker-und-querverlinkungen_v1.0.docx,docx,Gesamtpaket,36.9,ja,Import pruefen,/downloads/rang-19/WÖk_Rang19_buchanker-und-querverlinkungen_v1.0.docx,Aus aktivem Rangpaket erkannt.
19,WÖk_Rang19_Internationale-Ordnung-Globalisierung-Geopolitik_Gesamtpaket_v1.0.zip,WÖk_Rang19_Internationale-Ordnung-Globalisierung-Geopolitik_Gesamtpaket_v1.0/docx/WÖk_Rang19_Gesamtpaket_Alle_Inhalte_v1.0.docx,WÖk_Rang19_Gesamtpaket_Alle_Inhalte_v1.0.docx,docx,Gesamtpaket,173.8,ja,Import pruefen,/downloads/rang-19/WÖk_Rang19_Gesamtpaket_Alle_Inhalte_v1.0.docx,Aus aktivem Rangpaket erkannt.
19,WÖk_Rang19_Internationale-Ordnung-Globalisierung-Geopolitik_Gesamtpaket_v1.0.zip,WÖk_Rang19_Internationale-Ordnung-Globalisierung-Geopolitik_Gesamtpaket_v1.0/docx/WÖk_Rang19_Konzeptpapier_Internationale-Ordnung-Globalisierung-Geopolitik_v1.0.docx,WÖk_Rang19_Konzeptpapier_Internationale-Ordnung-Globalisierung-Geopolitik_v1.0.docx,docx,Konzeptpapier,42.0,ja,Import pruefen,/downloads/rang-19/WÖk_Rang19_Konzeptpapier_Internationale-Ordnung-Globalisierung-Geopolitik_v1.0.docx,Aus aktivem Rangpaket erkannt.
19,WÖk_Rang19_Internationale-Ordnung-Globalisierung-Geopolitik_Gesamtpaket_v1.0.zip,WÖk_Rang19_Internationale-Ordnung-Globalisierung-Geopolitik_Gesamtpaket_v1.0/docx/WÖk_Rang19_Gesamtdossier_Internationale-Ordnung-Globalisierung-Geopolitik_v1.0.docx,WÖk_Rang19_Gesamtdossier_Internationale-Ordnung-Globalisierung-Geopolitik_v1.0.docx,docx,Gesamtdossier,41.5,ja,Import pruefen,/downloads/rang-19/WÖk_Rang19_Gesamtdossier_Internationale-Ordnung-Globalisierung-Geopolitik_v1.0.docx,Aus aktivem Rangpaket erkannt.
19,WÖk_Rang19_Internationale-Ordnung-Globalisierung-Geopolitik_Gesamtpaket_v1.0.zip,WÖk_Rang19_Internationale-Ordnung-Globalisierung-Geopolitik_Gesamtpaket_v1.0/markdown/WÖk_Rang19_portalstartseite_v1.0.md,WÖk_Rang19_portalstartseite_v1.0.md,md,Gesamtpaket,5.8,ja,Import pruefen,/downloads/rang-19/WÖk_Rang19_portalstartseite_v1.0.md,Aus aktivem Rangpaket erkannt.
19,WÖk_Rang19_Internationale-Ordnung-Globalisierung-Geopolitik_Gesamtpaket_v1.0.zip,WÖk_Rang19_Internationale-Ordnung-Globalisierung-Geopolitik_Gesamtpaket_v1.0/markdown/WÖk_Rang19_bestands-und-nachlieferliste_v1.0.md,WÖk_Rang19_bestands-und-nachlieferliste_v1.0.md,md,Gesamtpaket,4.3,ja,Import pruefen,/downloads/rang-19/WÖk_Rang19_bestands-und-nachlieferliste_v1.0.md,Aus aktivem Rangpaket erkannt.
19,WÖk_Rang19_Internationale-Ordnung-Globalisierung-Geopolitik_Gesamtpaket_v1.0.zip,WÖk_Rang19_Internationale-Ordnung-Globalisierung-Geopolitik_Gesamtpaket_v1.0/markdown/WÖk_Rang19_konzeptpapier_v1.0.md,WÖk_Rang19_konzeptpapier_v1.0.md,md,Konzeptpapier,14.8,ja,Import pruefen,/downloads/rang-19/WÖk_Rang19_konzeptpapier_v1.0.md,Aus aktivem Rangpaket erkannt.
19,WÖk_Rang19_Internationale-Ordnung-Globalisierung-Geopolitik_Gesamtpaket_v1.0.zip,WÖk_Rang19_Internationale-Ordnung-Globalisierung-Geopolitik_Gesamtpaket_v1.0/markdown/WÖk_Rang19_gesamtdossier_v1.0.md,WÖk_Rang19_gesamtdossier_v1.0.md,md,Gesamtdossier,14.0,ja,Import pruefen,/downloads/rang-19/WÖk_Rang19_gesamtdossier_v1.0.md,Aus aktivem Rangpaket erkannt.
19,WÖk_Rang19_Internationale-Ordnung-Globalisierung-Geopolitik_Gesamtpaket_v1.0.zip,WÖk_Rang19_Internationale-Ordnung-Globalisierung-Geopolitik_Gesamtpaket_v1.0/markdown/WÖk_Rang19_detail-europa-als-wirkungsraum_v1.0.md,WÖk_Rang19_detail-europa-als-wirkungsraum_v1.0.md,md,Gesamtpaket,34.5,ja,Import pruefen,/downloads/rang-19/WÖk_Rang19_detail-europa-als-wirkungsraum_v1.0.md,Aus aktivem Rangpaket erkannt.
19,WÖk_Rang19_Internationale-Ordnung-Globalisierung-Geopolitik_Gesamtpaket_v1.0.zip,WÖk_Rang19_Internationale-Ordnung-Globalisierung-Geopolitik_Gesamtpaket_v1.0/markdown/WÖk_Rang19_detail-wirkungsbasierter-handel-und-lieferketten_v1.0.md,WÖk_Rang19_detail-wirkungsbasierter-handel-und-lieferketten_v1.0.md,md,Gesamtpaket,34.7,ja,Import pruefen,/downloads/rang-19/WÖk_Rang19_detail-wirkungsbasierter-handel-und-lieferketten_v1.0.md,Aus aktivem Rangpaket erkannt.
19,WÖk_Rang19_Internationale-Ordnung-Globalisierung-Geopolitik_Gesamtpaket_v1.0.zip,WÖk_Rang19_Internationale-Ordnung-Globalisierung-Geopolitik_Gesamtpaket_v1.0/markdown/WÖk_Rang19_detail-cbam-grenzausgleich-und-externe-kosten_v1.0.md,WÖk_Rang19_detail-cbam-grenzausgleich-und-externe-kosten_v1.0.md,md,Gesamtpaket,34.6,ja,Import pruefen,/downloads/rang-19/WÖk_Rang19_detail-cbam-grenzausgleich-und-externe-kosten_v1.0.md,Aus aktivem Rangpaket erkannt.
19,WÖk_Rang19_Internationale-Ordnung-Globalisierung-Geopolitik_Gesamtpaket_v1.0.zip,WÖk_Rang19_Internationale-Ordnung-Globalisierung-Geopolitik_Gesamtpaket_v1.0/markdown/WÖk_Rang19_detail-globale-wirkungsgovernance-ohne-weltregierung_v1.0.md,WÖk_Rang19_detail-globale-wirkungsgovernance-ohne-weltregierung_v1.0.md,md,Gesamtpaket,34.6,ja,Import pruefen,/downloads/rang-19/WÖk_Rang19_detail-globale-wirkungsgovernance-ohne-weltregierung_v1.0.md,Aus aktivem Rangpaket erkannt.
19,WÖk_Rang19_Internationale-Ordnung-Globalisierung-Geopolitik_Gesamtpaket_v1.0.zip,WÖk_Rang19_Internationale-Ordnung-Globalisierung-Geopolitik_Gesamtpaket_v1.0/markdown/WÖk_Rang19_detail-klimagerechtigkeit-und-ressourcenfairness_v1.0.md,WÖk_Rang19_detail-klimagerechtigkeit-und-ressourcenfairness_v1.0.md,md,Gesamtpaket,34.6,ja,Import pruefen,/downloads/rang-19/WÖk_Rang19_detail-klimagerechtigkeit-und-ressourcenfairness_v1.0.md,Aus aktivem Rangpaket erkannt.
19,WÖk_Rang19_Internationale-Ordnung-Globalisierung-Geopolitik_Gesamtpaket_v1.0.zip,WÖk_Rang19_Internationale-Ordnung-Globalisierung-Geopolitik_Gesamtpaket_v1.0/markdown/WÖk_Rang19_detail-multipolare-ordnung-und-kulturelle-anschlussfaehigkeit_v1.0.md,WÖk_Rang19_detail-multipolare-ordnung-und-kulturelle-anschlussfaehigkeit_v1.0.md,md,Gesamtpaket,34.8,ja,Import pruefen,/downloads/rang-19/WÖk_Rang19_detail-multipolare-ordnung-und-kulturelle-anschlussfaehigkeit_v1.0.md,Aus aktivem Rangpaket erkannt.
19,WÖk_Rang19_Internationale-Ordnung-Globalisierung-Geopolitik_Gesamtpaket_v1.0.zip,WÖk_Rang19_Internationale-Ordnung-Globalisierung-Geopolitik_Gesamtpaket_v1.0/markdown/WÖk_Rang19_detail-globale-resilienz-und-fruehwarnkooperation_v1.0.md,WÖk_Rang19_detail-globale-resilienz-und-fruehwarnkooperation_v1.0.md,md,Gesamtpaket,34.6,ja,Import pruefen,/downloads/rang-19/WÖk_Rang19_detail-globale-resilienz-und-fruehwarnkooperation_v1.0.md,Aus aktivem Rangpaket erkannt.
19,WÖk_Rang19_Internationale-Ordnung-Globalisierung-Geopolitik_Gesamtpaket_v1.0.zip,WÖk_Rang19_Internationale-Ordnung-Globalisierung-Geopolitik_Gesamtpaket_v1.0/markdown/WÖk_Rang19_detail-entwicklungspartnerschaften-und-wirkungsfonds_v1.0.md,WÖk_Rang19_detail-entwicklungspartnerschaften-und-wirkungsfonds_v1.0.md,md,Gesamtpaket,34.6,ja,Import pruefen,/downloads/rang-19/WÖk_Rang19_detail-entwicklungspartnerschaften-und-wirkungsfonds_v1.0.md,Aus aktivem Rangpaket erkannt.
19,WÖk_Rang19_Internationale-Ordnung-Globalisierung-Geopolitik_Gesamtpaket_v1.0.zip,WÖk_Rang19_Internationale-Ordnung-Globalisierung-Geopolitik_Gesamtpaket_v1.0/markdown/WÖk_Rang19_detail-globale-woek-ids-datenstandards-und-interoperabilitaet_v1.0.md,WÖk_Rang19_detail-globale-woek-ids-datenstandards-und-interoperabilitaet_v1.0.md,md,Gesamtpaket,34.6,ja,Import pruefen,/downloads/rang-19/WÖk_Rang19_detail-globale-woek-ids-datenstandards-und-interoperabilitaet_v1.0.md,Aus aktivem Rangpaket erkannt.
19,WÖk_Rang19_Internationale-Ordnung-Globalisierung-Geopolitik_Gesamtpaket_v1.0.zip,WÖk_Rang19_Internationale-Ordnung-Globalisierung-Geopolitik_Gesamtpaket_v1.0/markdown/WÖk_Rang19_detail-geopolitische-wirkungsrisiken-desinformation-und-demokratie_v1.0.md,WÖk_Rang19_detail-geopolitische-wirkungsrisiken-desinformation-und-demokratie_v1.0.md,md,Gesamtpaket,34.8,ja,Import pruefen,/downloads/rang-19/WÖk_Rang19_detail-geopolitische-wirkungsrisiken-desinformation-und-demokratie_v1.0.md,Aus aktivem Rangpaket erkannt.
19,WÖk_Rang19_Internationale-Ordnung-Globalisierung-Geopolitik_Gesamtpaket_v1.0.zip,WÖk_Rang19_Internationale-Ordnung-Globalisierung-Geopolitik_Gesamtpaket_v1.0/markdown/WÖk_Rang19_wirkungsindikatoren_v1.0.md,WÖk_Rang19_wirkungsindikatoren_v1.0.md,md,Gesamtpaket,6.0,ja,Import pruefen,/downloads/rang-19/WÖk_Rang19_wirkungsindikatoren_v1.0.md,Aus aktivem Rangpaket erkannt.
19,WÖk_Rang19_Internationale-Ordnung-Globalisierung-Geopolitik_Gesamtpaket_v1.0.zip,WÖk_Rang19_Internationale-Ordnung-Globalisierung-Geopolitik_Gesamtpaket_v1.0/markdown/WÖk_Rang19_toolkarten_v1.0.md,WÖk_Rang19_toolkarten_v1.0.md,md,Toolkarten,4.4,ja,Import pruefen,/downloads/rang-19/WÖk_Rang19_toolkarten_v1.0.md,Aus aktivem Rangpaket erkannt.
19,WÖk_Rang19_Internationale-Ordnung-Globalisierung-Geopolitik_Gesamtpaket_v1.0.zip,WÖk_Rang19_Internationale-Ordnung-Globalisierung-Geopolitik_Gesamtpaket_v1.0/markdown/WÖk_Rang19_sdg-sdgplus_v1.0.md,WÖk_Rang19_sdg-sdgplus_v1.0.md,md,Gesamtpaket,2.8,ja,Import pruefen,/downloads/rang-19/WÖk_Rang19_sdg-sdgplus_v1.0.md,Aus aktivem Rangpaket erkannt.
19,WÖk_Rang19_Internationale-Ordnung-Globalisierung-Geopolitik_Gesamtpaket_v1.0.zip,WÖk_Rang19_Internationale-Ordnung-Globalisierung-Geopolitik_Gesamtpaket_v1.0/markdown/WÖk_Rang19_politische-anschlussfaehigkeit_v1.0.md,WÖk_Rang19_politische-anschlussfaehigkeit_v1.0.md,md,Gesamtpaket,2.9,ja,Import pruefen,/downloads/rang-19/WÖk_Rang19_politische-anschlussfaehigkeit_v1.0.md,Aus aktivem Rangpaket erkannt.
19,WÖk_Rang19_Internationale-Ordnung-Globalisierung-Geopolitik_Gesamtpaket_v1.0.zip,WÖk_Rang19_Internationale-Ordnung-Globalisierung-Geopolitik_Gesamtpaket_v1.0/markdown/WÖk_Rang19_quellen-und-glossarlinks_v1.0.md,WÖk_Rang19_quellen-und-glossarlinks_v1.0.md,md,Gesamtpaket,1.7,ja,Import pruefen,/downloads/rang-19/WÖk_Rang19_quellen-und-glossarlinks_v1.0.md,Aus aktivem Rangpaket erkannt.
19,WÖk_Rang19_Internationale-Ordnung-Globalisierung-Geopolitik_Gesamtpaket_v1.0.zip,WÖk_Rang19_Internationale-Ordnung-Globalisierung-Geopolitik_Gesamtpaket_v1.0/markdown/WÖk_Rang19_buchanker-und-querverlinkungen_v1.0.md,WÖk_Rang19_buchanker-und-querverlinkungen_v1.0.md,md,Gesamtpaket,2.0,ja,Import pruefen,/downloads/rang-19/WÖk_Rang19_buchanker-und-querverlinkungen_v1.0.md,Aus aktivem Rangpaket erkannt.
19,WÖk_Rang19_Internationale-Ordnung-Globalisierung-Geopolitik_Gesamtpaket_v1.0.zip,WÖk_Rang19_Internationale-Ordnung-Globalisierung-Geopolitik_Gesamtpaket_v1.0/markdown/WÖk_Rang19_Konzeptpapier_Internationale-Ordnung-Globalisierung-Geopolitik_v1.0.md,WÖk_Rang19_Konzeptpapier_Internationale-Ordnung-Globalisierung-Geopolitik_v1.0.md,md,Konzeptpapier,14.8,ja,Import pruefen,/downloads/rang-19/WÖk_Rang19_Konzeptpapier_Internationale-Ordnung-Globalisierung-Geopolitik_v1.0.md,Aus aktivem Rangpaket erkannt.
19,WÖk_Rang19_Internationale-Ordnung-Globalisierung-Geopolitik_Gesamtpaket_v1.0.zip,WÖk_Rang19_Internationale-Ordnung-Globalisierung-Geopolitik_Gesamtpaket_v1.0/markdown/WÖk_Rang19_Gesamtdossier_Internationale-Ordnung-Globalisierung-Geopolitik_v1.0.md,WÖk_Rang19_Gesamtdossier_Internationale-Ordnung-Globalisierung-Geopolitik_v1.0.md,md,Gesamtdossier,14.0,ja,Import pruefen,/downloads/rang-19/WÖk_Rang19_Gesamtdossier_Internationale-Ordnung-Globalisierung-Geopolitik_v1.0.md,Aus aktivem Rangpaket erkannt.
19,WÖk_Rang19_Internationale-Ordnung-Globalisierung-Geopolitik_Gesamtpaket_v1.0.zip,WÖk_Rang19_Internationale-Ordnung-Globalisierung-Geopolitik_Gesamtpaket_v1.0/html/WÖk_Rang19_portalstartseite_v1.0.html,WÖk_Rang19_portalstartseite_v1.0.html,html,Gesamtpaket,6.9,ja,Import pruefen,/downloads/rang-19/WÖk_Rang19_portalstartseite_v1.0.html,Aus aktivem Rangpaket erkannt.
19,WÖk_Rang19_Internationale-Ordnung-Globalisierung-Geopolitik_Gesamtpaket_v1.0.zip,WÖk_Rang19_Internationale-Ordnung-Globalisierung-Geopolitik_Gesamtpaket_v1.0/html/WÖk_Rang19_bestands-und-nachlieferliste_v1.0.html,WÖk_Rang19_bestands-und-nachlieferliste_v1.0.html,html,Gesamtpaket,5.5,ja,Import pruefen,/downloads/rang-19/WÖk_Rang19_bestands-und-nachlieferliste_v1.0.html,Aus aktivem Rangpaket erkannt.
19,WÖk_Rang19_Internationale-Ordnung-Globalisierung-Geopolitik_Gesamtpaket_v1.0.zip,WÖk_Rang19_Internationale-Ordnung-Globalisierung-Geopolitik_Gesamtpaket_v1.0/html/WÖk_Rang19_konzeptpapier_v1.0.html,WÖk_Rang19_konzeptpapier_v1.0.html,html,Konzeptpapier,16.2,ja,Import pruefen,/downloads/rang-19/WÖk_Rang19_konzeptpapier_v1.0.html,Aus aktivem Rangpaket erkannt.
19,WÖk_Rang19_Internationale-Ordnung-Globalisierung-Geopolitik_Gesamtpaket_v1.0.zip,WÖk_Rang19_Internationale-Ordnung-Globalisierung-Geopolitik_Gesamtpaket_v1.0/html/WÖk_Rang19_gesamtdossier_v1.0.html,WÖk_Rang19_gesamtdossier_v1.0.html,html,Gesamtdossier,15.8,ja,Import pruefen,/downloads/rang-19/WÖk_Rang19_gesamtdossier_v1.0.html,Aus aktivem Rangpaket erkannt.
19,WÖk_Rang19_Internationale-Ordnung-Globalisierung-Geopolitik_Gesamtpaket_v1.0.zip,WÖk_Rang19_Internationale-Ordnung-Globalisierung-Geopolitik_Gesamtpaket_v1.0/html/WÖk_Rang19_detail-europa-als-wirkungsraum_v1.0.html,WÖk_Rang19_detail-europa-als-wirkungsraum_v1.0.html,html,Gesamtpaket,38.1,ja,Import pruefen,/downloads/rang-19/WÖk_Rang19_detail-europa-als-wirkungsraum_v1.0.html,Aus aktivem Rangpaket erkannt.
19,WÖk_Rang19_Internationale-Ordnung-Globalisierung-Geopolitik_Gesamtpaket_v1.0.zip,WÖk_Rang19_Internationale-Ordnung-Globalisierung-Geopolitik_Gesamtpaket_v1.0/html/WÖk_Rang19_detail-wirkungsbasierter-handel-und-lieferketten_v1.0.html,WÖk_Rang19_detail-wirkungsbasierter-handel-und-lieferketten_v1.0.html,html,Gesamtpaket,38.3,ja,Import pruefen,/downloads/rang-19/WÖk_Rang19_detail-wirkungsbasierter-handel-und-lieferketten_v1.0.html,Aus aktivem Rangpaket erkannt.
19,WÖk_Rang19_Internationale-Ordnung-Globalisierung-Geopolitik_Gesamtpaket_v1.0.zip,WÖk_Rang19_Internationale-Ordnung-Globalisierung-Geopolitik_Gesamtpaket_v1.0/html/WÖk_Rang19_detail-cbam-grenzausgleich-und-externe-kosten_v1.0.html,WÖk_Rang19_detail-cbam-grenzausgleich-und-externe-kosten_v1.0.html,html,Gesamtpaket,38.2,ja,Import pruefen,/downloads/rang-19/WÖk_Rang19_detail-cbam-grenzausgleich-und-externe-kosten_v1.0.html,Aus aktivem Rangpaket erkannt.
19,WÖk_Rang19_Internationale-Ordnung-Globalisierung-Geopolitik_Gesamtpaket_v1.0.zip,WÖk_Rang19_Internationale-Ordnung-Globalisierung-Geopolitik_Gesamtpaket_v1.0/html/WÖk_Rang19_detail-globale-wirkungsgovernance-ohne-weltregierung_v1.0.html,WÖk_Rang19_detail-globale-wirkungsgovernance-ohne-weltregierung_v1.0.html,html,Gesamtpaket,38.3,ja,Import pruefen,/downloads/rang-19/WÖk_Rang19_detail-globale-wirkungsgovernance-ohne-weltregierung_v1.0.html,Aus aktivem Rangpaket erkannt.
19,WÖk_Rang19_Internationale-Ordnung-Globalisierung-Geopolitik_Gesamtpaket_v1.0.zip,WÖk_Rang19_Internationale-Ordnung-Globalisierung-Geopolitik_Gesamtpaket_v1.0/html/WÖk_Rang19_detail-klimagerechtigkeit-und-ressourcenfairness_v1.0.html,WÖk_Rang19_detail-klimagerechtigkeit-und-ressourcenfairness_v1.0.html,html,Gesamtpaket,38.2,ja,Import pruefen,/downloads/rang-19/WÖk_Rang19_detail-klimagerechtigkeit-und-ressourcenfairness_v1.0.html,Aus aktivem Rangpaket erkannt.
19,WÖk_Rang19_Internationale-Ordnung-Globalisierung-Geopolitik_Gesamtpaket_v1.0.zip,WÖk_Rang19_Internationale-Ordnung-Globalisierung-Geopolitik_Gesamtpaket_v1.0/html/WÖk_Rang19_detail-multipolare-ordnung-und-kulturelle-anschlussfaehigkeit_v1.0.html,WÖk_Rang19_detail-multipolare-ordnung-und-kulturelle-anschlussfaehigkeit_v1.0.html,html,Gesamtpaket,38.5,ja,Import pruefen,/downloads/rang-19/WÖk_Rang19_detail-multipolare-ordnung-und-kulturelle-anschlussfaehigkeit_v1.0.html,Aus aktivem Rangpaket erkannt.
19,WÖk_Rang19_Internationale-Ordnung-Globalisierung-Geopolitik_Gesamtpaket_v1.0.zip,WÖk_Rang19_Internationale-Ordnung-Globalisierung-Geopolitik_Gesamtpaket_v1.0/html/WÖk_Rang19_detail-globale-resilienz-und-fruehwarnkooperation_v1.0.html,WÖk_Rang19_detail-globale-resilienz-und-fruehwarnkooperation_v1.0.html,html,Gesamtpaket,38.2,ja,Import pruefen,/downloads/rang-19/WÖk_Rang19_detail-globale-resilienz-und-fruehwarnkooperation_v1.0.html,Aus aktivem Rangpaket erkannt.
19,WÖk_Rang19_Internationale-Ordnung-Globalisierung-Geopolitik_Gesamtpaket_v1.0.zip,WÖk_Rang19_Internationale-Ordnung-Globalisierung-Geopolitik_Gesamtpaket_v1.0/html/WÖk_Rang19_detail-entwicklungspartnerschaften-und-wirkungsfonds_v1.0.html,WÖk_Rang19_detail-entwicklungspartnerschaften-und-wirkungsfonds_v1.0.html,html,Gesamtpaket,38.2,ja,Import pruefen,/downloads/rang-19/WÖk_Rang19_detail-entwicklungspartnerschaften-und-wirkungsfonds_v1.0.html,Aus aktivem Rangpaket erkannt.
19,WÖk_Rang19_Internationale-Ordnung-Globalisierung-Geopolitik_Gesamtpaket_v1.0.zip,WÖk_Rang19_Internationale-Ordnung-Globalisierung-Geopolitik_Gesamtpaket_v1.0/html/WÖk_Rang19_detail-globale-woek-ids-datenstandards-und-interoperabilitaet_v1.0.html,WÖk_Rang19_detail-globale-woek-ids-datenstandards-und-interoperabilitaet_v1.0.html,html,Gesamtpaket,38.3,ja,Import pruefen,/downloads/rang-19/WÖk_Rang19_detail-globale-woek-ids-datenstandards-und-interoperabilitaet_v1.0.html,Aus aktivem Rangpaket erkannt.
19,WÖk_Rang19_Internationale-Ordnung-Globalisierung-Geopolitik_Gesamtpaket_v1.0.zip,WÖk_Rang19_Internationale-Ordnung-Globalisierung-Geopolitik_Gesamtpaket_v1.0/html/WÖk_Rang19_detail-geopolitische-wirkungsrisiken-desinformation-und-demokratie_v1.0.html,WÖk_Rang19_detail-geopolitische-wirkungsrisiken-desinformation-und-demokratie_v1.0.html,html,Gesamtpaket,38.4,ja,Import pruefen,/downloads/rang-19/WÖk_Rang19_detail-geopolitische-wirkungsrisiken-desinformation-und-demokratie_v1.0.html,Aus aktivem Rangpaket erkannt.
19,WÖk_Rang19_Internationale-Ordnung-Globalisierung-Geopolitik_Gesamtpaket_v1.0.zip,WÖk_Rang19_Internationale-Ordnung-Globalisierung-Geopolitik_Gesamtpaket_v1.0/html/WÖk_Rang19_wirkungsindikatoren_v1.0.html,WÖk_Rang19_wirkungsindikatoren_v1.0.html,html,Gesamtpaket,7.3,ja,Import pruefen,/downloads/rang-19/WÖk_Rang19_wirkungsindikatoren_v1.0.html,Aus aktivem Rangpaket erkannt.
19,WÖk_Rang19_Internationale-Ordnung-Globalisierung-Geopolitik_Gesamtpaket_v1.0.zip,WÖk_Rang19_Internationale-Ordnung-Globalisierung-Geopolitik_Gesamtpaket_v1.0/html/WÖk_Rang19_toolkarten_v1.0.html,WÖk_Rang19_toolkarten_v1.0.html,html,Toolkarten,6.2,ja,Import pruefen,/downloads/rang-19/WÖk_Rang19_toolkarten_v1.0.html,Aus aktivem Rangpaket erkannt.
19,WÖk_Rang19_Internationale-Ordnung-Globalisierung-Geopolitik_Gesamtpaket_v1.0.zip,WÖk_Rang19_Internationale-Ordnung-Globalisierung-Geopolitik_Gesamtpaket_v1.0/html/WÖk_Rang19_sdg-sdgplus_v1.0.html,WÖk_Rang19_sdg-sdgplus_v1.0.html,html,Gesamtpaket,3.6,ja,Import pruefen,/downloads/rang-19/WÖk_Rang19_sdg-sdgplus_v1.0.html,Aus aktivem Rangpaket erkannt.
19,WÖk_Rang19_Internationale-Ordnung-Globalisierung-Geopolitik_Gesamtpaket_v1.0.zip,WÖk_Rang19_Internationale-Ordnung-Globalisierung-Geopolitik_Gesamtpaket_v1.0/html/WÖk_Rang19_politische-anschlussfaehigkeit_v1.0.html,WÖk_Rang19_politische-anschlussfaehigkeit_v1.0.html,html,Gesamtpaket,3.8,ja,Import pruefen,/downloads/rang-19/WÖk_Rang19_politische-anschlussfaehigkeit_v1.0.html,Aus aktivem Rangpaket erkannt.
19,WÖk_Rang19_Internationale-Ordnung-Globalisierung-Geopolitik_Gesamtpaket_v1.0.zip,WÖk_Rang19_Internationale-Ordnung-Globalisierung-Geopolitik_Gesamtpaket_v1.0/html/WÖk_Rang19_quellen-und-glossarlinks_v1.0.html,WÖk_Rang19_quellen-und-glossarlinks_v1.0.html,html,Gesamtpaket,2.6,ja,Import pruefen,/downloads/rang-19/WÖk_Rang19_quellen-und-glossarlinks_v1.0.html,Aus aktivem Rangpaket erkannt.
19,WÖk_Rang19_Internationale-Ordnung-Globalisierung-Geopolitik_Gesamtpaket_v1.0.zip,WÖk_Rang19_Internationale-Ordnung-Globalisierung-Geopolitik_Gesamtpaket_v1.0/html/WÖk_Rang19_buchanker-und-querverlinkungen_v1.0.html,WÖk_Rang19_buchanker-und-querverlinkungen_v1.0.html,html,Gesamtpaket,3.0,ja,Import pruefen,/downloads/rang-19/WÖk_Rang19_buchanker-und-querverlinkungen_v1.0.html,Aus aktivem Rangpaket erkannt.
19,WÖk_Rang19_Internationale-Ordnung-Globalisierung-Geopolitik_Gesamtpaket_v1.0.zip,WÖk_Rang19_Internationale-Ordnung-Globalisierung-Geopolitik_Gesamtpaket_v1.0/html/WÖk_Rang19_Konzeptpapier_Internationale-Ordnung-Globalisierung-Geopolitik_v1.0.html,WÖk_Rang19_Konzeptpapier_Internationale-Ordnung-Globalisierung-Geopolitik_v1.0.html,html,Konzeptpapier,16.2,ja,Import pruefen,/downloads/rang-19/WÖk_Rang19_Konzeptpapier_Internationale-Ordnung-Globalisierung-Geopolitik_v1.0.html,Aus aktivem Rangpaket erkannt.
19,WÖk_Rang19_Internationale-Ordnung-Globalisierung-Geopolitik_Gesamtpaket_v1.0.zip,WÖk_Rang19_Internationale-Ordnung-Globalisierung-Geopolitik_Gesamtpaket_v1.0/html/WÖk_Rang19_Gesamtdossier_Internationale-Ordnung-Globalisierung-Geopolitik_v1.0.html,WÖk_Rang19_Gesamtdossier_Internationale-Ordnung-Globalisierung-Geopolitik_v1.0.html,html,Gesamtdossier,15.8,ja,Import pruefen,/downloads/rang-19/WÖk_Rang19_Gesamtdossier_Internationale-Ordnung-Globalisierung-Geopolitik_v1.0.html,Aus aktivem Rangpaket erkannt.
19,WÖk_Rang19_Internationale-Ordnung-Globalisierung-Geopolitik_Gesamtpaket_v1.0.zip,WÖk_Rang19_Internationale-Ordnung-Globalisierung-Geopolitik_Gesamtpaket_v1.0/json/manifest.json,manifest.json,json,Sonstiges,11.8,ja,Import pruefen,/downloads/rang-19/manifest.json,Aus aktivem Rangpaket erkannt.
19,WÖk_Rang19_Internationale-Ordnung-Globalisierung-Geopolitik_Gesamtpaket_v1.0.zip,WÖk_Rang19_Internationale-Ordnung-Globalisierung-Geopolitik_Gesamtpaket_v1.0/json/toolkarten.json,toolkarten.json,json,Toolkarten,2.2,ja,Import pruefen,/downloads/rang-19/toolkarten.json,Aus aktivem Rangpaket erkannt.
20,WÖk_Rang20_Transformation-Uebergaenge-Implementierung_Gesamtpaket_v1.0_FINAL.zip,WÖk_Rang20_Transformation-Uebergaenge-Implementierung_Gesamtpaket_v1.0_FINAL/README.txt,README.txt,txt,Sonstiges,0.7,ja,Import pruefen,/downloads/rang-20/README.txt,Aus aktivem Rangpaket erkannt.
20,WÖk_Rang20_Transformation-Uebergaenge-Implementierung_Gesamtpaket_v1.0_FINAL.zip,WÖk_Rang20_Transformation-Uebergaenge-Implementierung_Gesamtpaket_v1.0_FINAL/pdf/WÖk_Rang20_Portalstartseite_Portal-Rang-20-Transformation-Uebergaenge-und-Implementierung_v1.0.pdf,WÖk_Rang20_Portalstartseite_Portal-Rang-20-Transformation-Uebergaenge-und-Implementierung_v1.0.pdf,pdf,Gesamtpaket,49.9,ja,Import pruefen,/downloads/rang-20/WÖk_Rang20_Portalstartseite_Portal-Rang-20-Transformation-Uebergaenge-und-Implementierung_v1.0.pdf,Aus aktivem Rangpaket erkannt.
20,WÖk_Rang20_Transformation-Uebergaenge-Implementierung_Gesamtpaket_v1.0_FINAL.zip,WÖk_Rang20_Transformation-Uebergaenge-Implementierung_Gesamtpaket_v1.0_FINAL/pdf/WÖk_Rang20_Bestands-und-Nachlieferliste_Bestands-und-Nachlieferliste-Rang-20_v1.0.pdf,WÖk_Rang20_Bestands-und-Nachlieferliste_Bestands-und-Nachlieferliste-Rang-20_v1.0.pdf,pdf,Gesamtpaket,50.0,ja,Import pruefen,/downloads/rang-20/WÖk_Rang20_Bestands-und-Nachlieferliste_Bestands-und-Nachlieferliste-Rang-20_v1.0.pdf,Aus aktivem Rangpaket erkannt.
20,WÖk_Rang20_Transformation-Uebergaenge-Implementierung_Gesamtpaket_v1.0_FINAL.zip,WÖk_Rang20_Transformation-Uebergaenge-Implementierung_Gesamtpaket_v1.0_FINAL/pdf/WÖk_Rang20_Konzeptpapier_Konzeptpapier-Rang-20-Transformation-Uebergaenge-und-Implementierung_v1.0.pdf,WÖk_Rang20_Konzeptpapier_Konzeptpapier-Rang-20-Transformation-Uebergaenge-und-Implementierung_v1.0.pdf,pdf,Konzeptpapier,48.8,ja,Import pruefen,/downloads/rang-20/WÖk_Rang20_Konzeptpapier_Konzeptpapier-Rang-20-Transformation-Uebergaenge-und-Implementierung_v1.0.pdf,Aus aktivem Rangpaket erkannt.
20,WÖk_Rang20_Transformation-Uebergaenge-Implementierung_Gesamtpaket_v1.0_FINAL.zip,WÖk_Rang20_Transformation-Uebergaenge-Implementierung_Gesamtpaket_v1.0_FINAL/pdf/WÖk_Rang20_Gesamtdossier_Gesamtdossier-Rang-20-Transformation-Uebergaenge-und-Implementierung_v1.0.pdf,WÖk_Rang20_Gesamtdossier_Gesamtdossier-Rang-20-Transformation-Uebergaenge-und-Implementierung_v1.0.pdf,pdf,Gesamtdossier,49.7,ja,Import pruefen,/downloads/rang-20/WÖk_Rang20_Gesamtdossier_Gesamtdossier-Rang-20-Transformation-Uebergaenge-und-Implementierung_v1.0.pdf,Aus aktivem Rangpaket erkannt.
20,WÖk_Rang20_Transformation-Uebergaenge-Implementierung_Gesamtpaket_v1.0_FINAL.zip,WÖk_Rang20_Transformation-Uebergaenge-Implementierung_Gesamtpaket_v1.0_FINAL/pdf/WÖk_Rang20_Detailkonzept_Detailkonzept-Rang-201-Umsetzungspfad-der-Wirkungsökonomie_v1.0.pdf,WÖk_Rang20_Detailkonzept_Detailkonzept-Rang-201-Umsetzungspfad-der-Wirkungsökonomie_v1.0.pdf,pdf,Detailkonzept,49.5,ja,Import pruefen,/downloads/rang-20/WÖk_Rang20_Detailkonzept_Detailkonzept-Rang-201-Umsetzungspfad-der-Wirkungsökonomie_v1.0.pdf,Aus aktivem Rangpaket erkannt.
20,WÖk_Rang20_Transformation-Uebergaenge-Implementierung_Gesamtpaket_v1.0_FINAL.zip,WÖk_Rang20_Transformation-Uebergaenge-Implementierung_Gesamtpaket_v1.0_FINAL/pdf/WÖk_Rang20_Detailkonzept_Detailkonzept-Rang-202-Pilotprojekte-Reallabore-und-Wirkungsreife_v1.0.pdf,WÖk_Rang20_Detailkonzept_Detailkonzept-Rang-202-Pilotprojekte-Reallabore-und-Wirkungsreife_v1.0.pdf,pdf,Detailkonzept,49.5,ja,Import pruefen,/downloads/rang-20/WÖk_Rang20_Detailkonzept_Detailkonzept-Rang-202-Pilotprojekte-Reallabore-und-Wirkungsreife_v1.0.pdf,Aus aktivem Rangpaket erkannt.
20,WÖk_Rang20_Transformation-Uebergaenge-Implementierung_Gesamtpaket_v1.0_FINAL.zip,WÖk_Rang20_Transformation-Uebergaenge-Implementierung_Gesamtpaket_v1.0_FINAL/pdf/WÖk_Rang20_Detailkonzept_Detailkonzept-Rang-203-Reihenfolge-der-Einfuehrung-und-Stufenmodell_v1.0.pdf,WÖk_Rang20_Detailkonzept_Detailkonzept-Rang-203-Reihenfolge-der-Einfuehrung-und-Stufenmodell_v1.0.pdf,pdf,Detailkonzept,49.4,ja,Import pruefen,/downloads/rang-20/WÖk_Rang20_Detailkonzept_Detailkonzept-Rang-203-Reihenfolge-der-Einfuehrung-und-Stufenmodell_v1.0.pdf,Aus aktivem Rangpaket erkannt.
20,WÖk_Rang20_Transformation-Uebergaenge-Implementierung_Gesamtpaket_v1.0_FINAL.zip,WÖk_Rang20_Transformation-Uebergaenge-Implementierung_Gesamtpaket_v1.0_FINAL/pdf/WÖk_Rang20_Detailkonzept_Detailkonzept-Rang-204-Lernschleifen-Evaluation-und-Versionierung_v1.0.pdf,WÖk_Rang20_Detailkonzept_Detailkonzept-Rang-204-Lernschleifen-Evaluation-und-Versionierung_v1.0.pdf,pdf,Detailkonzept,49.4,ja,Import pruefen,/downloads/rang-20/WÖk_Rang20_Detailkonzept_Detailkonzept-Rang-204-Lernschleifen-Evaluation-und-Versionierung_v1.0.pdf,Aus aktivem Rangpaket erkannt.
20,WÖk_Rang20_Transformation-Uebergaenge-Implementierung_Gesamtpaket_v1.0_FINAL.zip,WÖk_Rang20_Transformation-Uebergaenge-Implementierung_Gesamtpaket_v1.0_FINAL/pdf/WÖk_Rang20_Detailkonzept_Detailkonzept-Rang-205-Uebergang-ohne-Systembruch-und-sozialer-Schutz_v1.0.pdf,WÖk_Rang20_Detailkonzept_Detailkonzept-Rang-205-Uebergang-ohne-Systembruch-und-sozialer-Schutz_v1.0.pdf,pdf,Detailkonzept,49.5,ja,Import pruefen,/downloads/rang-20/WÖk_Rang20_Detailkonzept_Detailkonzept-Rang-205-Uebergang-ohne-Systembruch-und-sozialer-Schutz_v1.0.pdf,Aus aktivem Rangpaket erkannt.
20,WÖk_Rang20_Transformation-Uebergaenge-Implementierung_Gesamtpaket_v1.0_FINAL.zip,WÖk_Rang20_Transformation-Uebergaenge-Implementierung_Gesamtpaket_v1.0_FINAL/pdf/WÖk_Rang20_Detailkonzept_Detailkonzept-Rang-206-Brueckenfinanzierung-und-Wirkungs-Konversion-von-Altkapital_v1.0.pdf,WÖk_Rang20_Detailkonzept_Detailkonzept-Rang-206-Brueckenfinanzierung-und-Wirkungs-Konversion-von-Altkapital_v1.0.pdf,pdf,Detailkonzept,49.5,ja,Import pruefen,/downloads/rang-20/WÖk_Rang20_Detailkonzept_Detailkonzept-Rang-206-Brueckenfinanzierung-und-Wirkungs-Konversion-von-Altkapital_v1.0.pdf,Aus aktivem Rangpaket erkannt.
20,WÖk_Rang20_Transformation-Uebergaenge-Implementierung_Gesamtpaket_v1.0_FINAL.zip,WÖk_Rang20_Transformation-Uebergaenge-Implementierung_Gesamtpaket_v1.0_FINAL/pdf/WÖk_Rang20_Detailkonzept_Detailkonzept-Rang-207-Kommunale-Transformationsarchitektur_v1.0.pdf,WÖk_Rang20_Detailkonzept_Detailkonzept-Rang-207-Kommunale-Transformationsarchitektur_v1.0.pdf,pdf,Detailkonzept,49.4,ja,Import pruefen,/downloads/rang-20/WÖk_Rang20_Detailkonzept_Detailkonzept-Rang-207-Kommunale-Transformationsarchitektur_v1.0.pdf,Aus aktivem Rangpaket erkannt.
20,WÖk_Rang20_Transformation-Uebergaenge-Implementierung_Gesamtpaket_v1.0_FINAL.zip,WÖk_Rang20_Transformation-Uebergaenge-Implementierung_Gesamtpaket_v1.0_FINAL/pdf/WÖk_Rang20_Detailkonzept_Detailkonzept-Rang-208-Unternehmenspfade-Beschaffung-und-Lieferketten_v1.0.pdf,WÖk_Rang20_Detailkonzept_Detailkonzept-Rang-208-Unternehmenspfade-Beschaffung-und-Lieferketten_v1.0.pdf,pdf,Detailkonzept,49.5,ja,Import pruefen,/downloads/rang-20/WÖk_Rang20_Detailkonzept_Detailkonzept-Rang-208-Unternehmenspfade-Beschaffung-und-Lieferketten_v1.0.pdf,Aus aktivem Rangpaket erkannt.
20,WÖk_Rang20_Transformation-Uebergaenge-Implementierung_Gesamtpaket_v1.0_FINAL.zip,WÖk_Rang20_Transformation-Uebergaenge-Implementierung_Gesamtpaket_v1.0_FINAL/pdf/WÖk_Rang20_Detailkonzept_Detailkonzept-Rang-209-Wirkungsfonds-Datenraeume-und-Kapitalzugang_v1.0.pdf,WÖk_Rang20_Detailkonzept_Detailkonzept-Rang-209-Wirkungsfonds-Datenraeume-und-Kapitalzugang_v1.0.pdf,pdf,Detailkonzept,49.4,ja,Import pruefen,/downloads/rang-20/WÖk_Rang20_Detailkonzept_Detailkonzept-Rang-209-Wirkungsfonds-Datenraeume-und-Kapitalzugang_v1.0.pdf,Aus aktivem Rangpaket erkannt.
20,WÖk_Rang20_Transformation-Uebergaenge-Implementierung_Gesamtpaket_v1.0_FINAL.zip,WÖk_Rang20_Transformation-Uebergaenge-Implementierung_Gesamtpaket_v1.0_FINAL/pdf/WÖk_Rang20_Detailkonzept_Detailkonzept-Rang-2010-Transformationskommunikation-Konflikt-und-demokratische-Akzeptanz_v1.0.pdf,WÖk_Rang20_Detailkonzept_Detailkonzept-Rang-2010-Transformationskommunikation-Konflikt-und-demokratische-Akzeptanz_v1.0.pdf,pdf,Detailkonzept,49.5,ja,Import pruefen,/downloads/rang-20/WÖk_Rang20_Detailkonzept_Detailkonzept-Rang-2010-Transformationskommunikation-Konflikt-und-demokratische-Akzeptanz_v1.0.pdf,Aus aktivem Rangpaket erkannt.
20,WÖk_Rang20_Transformation-Uebergaenge-Implementierung_Gesamtpaket_v1.0_FINAL.zip,WÖk_Rang20_Transformation-Uebergaenge-Implementierung_Gesamtpaket_v1.0_FINAL/pdf/WÖk_Rang20_Wirkungsindikatoren_Wirkungsindikatoren-Rang-20_v1.0.pdf,WÖk_Rang20_Wirkungsindikatoren_Wirkungsindikatoren-Rang-20_v1.0.pdf,pdf,Gesamtpaket,50.0,ja,Import pruefen,/downloads/rang-20/WÖk_Rang20_Wirkungsindikatoren_Wirkungsindikatoren-Rang-20_v1.0.pdf,Aus aktivem Rangpaket erkannt.
20,WÖk_Rang20_Transformation-Uebergaenge-Implementierung_Gesamtpaket_v1.0_FINAL.zip,WÖk_Rang20_Transformation-Uebergaenge-Implementierung_Gesamtpaket_v1.0_FINAL/pdf/WÖk_Rang20_Toolkarten_Toolkarten-Rang-20_v1.0.pdf,WÖk_Rang20_Toolkarten_Toolkarten-Rang-20_v1.0.pdf,pdf,Toolkarten,49.9,ja,Import pruefen,/downloads/rang-20/WÖk_Rang20_Toolkarten_Toolkarten-Rang-20_v1.0.pdf,Aus aktivem Rangpaket erkannt.
20,WÖk_Rang20_Transformation-Uebergaenge-Implementierung_Gesamtpaket_v1.0_FINAL.zip,WÖk_Rang20_Transformation-Uebergaenge-Implementierung_Gesamtpaket_v1.0_FINAL/pdf/WÖk_Rang20_SDG-SDG-Block_SDG-SDG-Block-Rang-20_v1.0.pdf,WÖk_Rang20_SDG-SDG-Block_SDG-SDG-Block-Rang-20_v1.0.pdf,pdf,Gesamtpaket,49.4,ja,Import pruefen,/downloads/rang-20/WÖk_Rang20_SDG-SDG-Block_SDG-SDG-Block-Rang-20_v1.0.pdf,Aus aktivem Rangpaket erkannt.
20,WÖk_Rang20_Transformation-Uebergaenge-Implementierung_Gesamtpaket_v1.0_FINAL.zip,WÖk_Rang20_Transformation-Uebergaenge-Implementierung_Gesamtpaket_v1.0_FINAL/pdf/WÖk_Rang20_Politische-Anschlussfaehigkeit_Politische-Anschlussfaehigkeit-Rang-20_v1.0.pdf,WÖk_Rang20_Politische-Anschlussfaehigkeit_Politische-Anschlussfaehigkeit-Rang-20_v1.0.pdf,pdf,Gesamtpaket,49.9,ja,Import pruefen,/downloads/rang-20/WÖk_Rang20_Politische-Anschlussfaehigkeit_Politische-Anschlussfaehigkeit-Rang-20_v1.0.pdf,Aus aktivem Rangpaket erkannt.
20,WÖk_Rang20_Transformation-Uebergaenge-Implementierung_Gesamtpaket_v1.0_FINAL.zip,WÖk_Rang20_Transformation-Uebergaenge-Implementierung_Gesamtpaket_v1.0_FINAL/pdf/WÖk_Rang20_Quellen-und-Glossarlinks_Quellen-und-Glossarlinks-Rang-20_v1.0.pdf,WÖk_Rang20_Quellen-und-Glossarlinks_Quellen-und-Glossarlinks-Rang-20_v1.0.pdf,pdf,Gesamtpaket,49.1,ja,Import pruefen,/downloads/rang-20/WÖk_Rang20_Quellen-und-Glossarlinks_Quellen-und-Glossarlinks-Rang-20_v1.0.pdf,Aus aktivem Rangpaket erkannt.
20,WÖk_Rang20_Transformation-Uebergaenge-Implementierung_Gesamtpaket_v1.0_FINAL.zip,WÖk_Rang20_Transformation-Uebergaenge-Implementierung_Gesamtpaket_v1.0_FINAL/pdf/WÖk_Rang20_Gesamtpaket_Alle_Inhalte_v1.0.pdf,WÖk_Rang20_Gesamtpaket_Alle_Inhalte_v1.0.pdf,pdf,Gesamtpaket,269.5,ja,Import pruefen,/downloads/rang-20/WÖk_Rang20_Gesamtpaket_Alle_Inhalte_v1.0.pdf,Aus aktivem Rangpaket erkannt.
20,WÖk_Rang20_Transformation-Uebergaenge-Implementierung_Gesamtpaket_v1.0_FINAL.zip,WÖk_Rang20_Transformation-Uebergaenge-Implementierung_Gesamtpaket_v1.0_FINAL/docx/WÖk_Rang20_Portalstartseite_Portal-Rang-20-Transformation-Uebergaenge-und-Implementierung_v1.0.docx,WÖk_Rang20_Portalstartseite_Portal-Rang-20-Transformation-Uebergaenge-und-Implementierung_v1.0.docx,docx,Gesamtpaket,43.7,ja,Import pruefen,/downloads/rang-20/WÖk_Rang20_Portalstartseite_Portal-Rang-20-Transformation-Uebergaenge-und-Implementierung_v1.0.docx,Aus aktivem Rangpaket erkannt.
20,WÖk_Rang20_Transformation-Uebergaenge-Implementierung_Gesamtpaket_v1.0_FINAL.zip,WÖk_Rang20_Transformation-Uebergaenge-Implementierung_Gesamtpaket_v1.0_FINAL/docx/WÖk_Rang20_Bestands-und-Nachlieferliste_Bestands-und-Nachlieferliste-Rang-20_v1.0.docx,WÖk_Rang20_Bestands-und-Nachlieferliste_Bestands-und-Nachlieferliste-Rang-20_v1.0.docx,docx,Gesamtpaket,43.5,ja,Import pruefen,/downloads/rang-20/WÖk_Rang20_Bestands-und-Nachlieferliste_Bestands-und-Nachlieferliste-Rang-20_v1.0.docx,Aus aktivem Rangpaket erkannt.
20,WÖk_Rang20_Transformation-Uebergaenge-Implementierung_Gesamtpaket_v1.0_FINAL.zip,WÖk_Rang20_Transformation-Uebergaenge-Implementierung_Gesamtpaket_v1.0_FINAL/docx/WÖk_Rang20_Konzeptpapier_Konzeptpapier-Rang-20-Transformation-Uebergaenge-und-Implementierung_v1.0.docx,WÖk_Rang20_Konzeptpapier_Konzeptpapier-Rang-20-Transformation-Uebergaenge-und-Implementierung_v1.0.docx,docx,Konzeptpapier,43.2,ja,Import pruefen,/downloads/rang-20/WÖk_Rang20_Konzeptpapier_Konzeptpapier-Rang-20-Transformation-Uebergaenge-und-Implementierung_v1.0.docx,Aus aktivem Rangpaket erkannt.
20,WÖk_Rang20_Transformation-Uebergaenge-Implementierung_Gesamtpaket_v1.0_FINAL.zip,WÖk_Rang20_Transformation-Uebergaenge-Implementierung_Gesamtpaket_v1.0_FINAL/docx/WÖk_Rang20_Gesamtdossier_Gesamtdossier-Rang-20-Transformation-Uebergaenge-und-Implementierung_v1.0.docx,WÖk_Rang20_Gesamtdossier_Gesamtdossier-Rang-20-Transformation-Uebergaenge-und-Implementierung_v1.0.docx,docx,Gesamtdossier,43.6,ja,Import pruefen,/downloads/rang-20/WÖk_Rang20_Gesamtdossier_Gesamtdossier-Rang-20-Transformation-Uebergaenge-und-Implementierung_v1.0.docx,Aus aktivem Rangpaket erkannt.
20,WÖk_Rang20_Transformation-Uebergaenge-Implementierung_Gesamtpaket_v1.0_FINAL.zip,WÖk_Rang20_Transformation-Uebergaenge-Implementierung_Gesamtpaket_v1.0_FINAL/docx/WÖk_Rang20_Detailkonzept_Detailkonzept-Rang-201-Umsetzungspfad-der-Wirkungsökonomie_v1.0.docx,WÖk_Rang20_Detailkonzept_Detailkonzept-Rang-201-Umsetzungspfad-der-Wirkungsökonomie_v1.0.docx,docx,Detailkonzept,43.4,ja,Import pruefen,/downloads/rang-20/WÖk_Rang20_Detailkonzept_Detailkonzept-Rang-201-Umsetzungspfad-der-Wirkungsökonomie_v1.0.docx,Aus aktivem Rangpaket erkannt.
20,WÖk_Rang20_Transformation-Uebergaenge-Implementierung_Gesamtpaket_v1.0_FINAL.zip,WÖk_Rang20_Transformation-Uebergaenge-Implementierung_Gesamtpaket_v1.0_FINAL/docx/WÖk_Rang20_Detailkonzept_Detailkonzept-Rang-202-Pilotprojekte-Reallabore-und-Wirkungsreife_v1.0.docx,WÖk_Rang20_Detailkonzept_Detailkonzept-Rang-202-Pilotprojekte-Reallabore-und-Wirkungsreife_v1.0.docx,docx,Detailkonzept,43.4,ja,Import pruefen,/downloads/rang-20/WÖk_Rang20_Detailkonzept_Detailkonzept-Rang-202-Pilotprojekte-Reallabore-und-Wirkungsreife_v1.0.docx,Aus aktivem Rangpaket erkannt.
20,WÖk_Rang20_Transformation-Uebergaenge-Implementierung_Gesamtpaket_v1.0_FINAL.zip,WÖk_Rang20_Transformation-Uebergaenge-Implementierung_Gesamtpaket_v1.0_FINAL/docx/WÖk_Rang20_Detailkonzept_Detailkonzept-Rang-203-Reihenfolge-der-Einfuehrung-und-Stufenmodell_v1.0.docx,WÖk_Rang20_Detailkonzept_Detailkonzept-Rang-203-Reihenfolge-der-Einfuehrung-und-Stufenmodell_v1.0.docx,docx,Detailkonzept,43.4,ja,Import pruefen,/downloads/rang-20/WÖk_Rang20_Detailkonzept_Detailkonzept-Rang-203-Reihenfolge-der-Einfuehrung-und-Stufenmodell_v1.0.docx,Aus aktivem Rangpaket erkannt.
20,WÖk_Rang20_Transformation-Uebergaenge-Implementierung_Gesamtpaket_v1.0_FINAL.zip,WÖk_Rang20_Transformation-Uebergaenge-Implementierung_Gesamtpaket_v1.0_FINAL/docx/WÖk_Rang20_Detailkonzept_Detailkonzept-Rang-204-Lernschleifen-Evaluation-und-Versionierung_v1.0.docx,WÖk_Rang20_Detailkonzept_Detailkonzept-Rang-204-Lernschleifen-Evaluation-und-Versionierung_v1.0.docx,docx,Detailkonzept,43.4,ja,Import pruefen,/downloads/rang-20/WÖk_Rang20_Detailkonzept_Detailkonzept-Rang-204-Lernschleifen-Evaluation-und-Versionierung_v1.0.docx,Aus aktivem Rangpaket erkannt.
20,WÖk_Rang20_Transformation-Uebergaenge-Implementierung_Gesamtpaket_v1.0_FINAL.zip,WÖk_Rang20_Transformation-Uebergaenge-Implementierung_Gesamtpaket_v1.0_FINAL/docx/WÖk_Rang20_Detailkonzept_Detailkonzept-Rang-205-Uebergang-ohne-Systembruch-und-sozialer-Schutz_v1.0.docx,WÖk_Rang20_Detailkonzept_Detailkonzept-Rang-205-Uebergang-ohne-Systembruch-und-sozialer-Schutz_v1.0.docx,docx,Detailkonzept,43.4,ja,Import pruefen,/downloads/rang-20/WÖk_Rang20_Detailkonzept_Detailkonzept-Rang-205-Uebergang-ohne-Systembruch-und-sozialer-Schutz_v1.0.docx,Aus aktivem Rangpaket erkannt.
20,WÖk_Rang20_Transformation-Uebergaenge-Implementierung_Gesamtpaket_v1.0_FINAL.zip,WÖk_Rang20_Transformation-Uebergaenge-Implementierung_Gesamtpaket_v1.0_FINAL/docx/WÖk_Rang20_Detailkonzept_Detailkonzept-Rang-206-Brueckenfinanzierung-und-Wirkungs-Konversion-von-Altkapital_v1.0.docx,WÖk_Rang20_Detailkonzept_Detailkonzept-Rang-206-Brueckenfinanzierung-und-Wirkungs-Konversion-von-Altkapital_v1.0.docx,docx,Detailkonzept,43.4,ja,Import pruefen,/downloads/rang-20/WÖk_Rang20_Detailkonzept_Detailkonzept-Rang-206-Brueckenfinanzierung-und-Wirkungs-Konversion-von-Altkapital_v1.0.docx,Aus aktivem Rangpaket erkannt.
20,WÖk_Rang20_Transformation-Uebergaenge-Implementierung_Gesamtpaket_v1.0_FINAL.zip,WÖk_Rang20_Transformation-Uebergaenge-Implementierung_Gesamtpaket_v1.0_FINAL/docx/WÖk_Rang20_Detailkonzept_Detailkonzept-Rang-207-Kommunale-Transformationsarchitektur_v1.0.docx,WÖk_Rang20_Detailkonzept_Detailkonzept-Rang-207-Kommunale-Transformationsarchitektur_v1.0.docx,docx,Detailkonzept,43.4,ja,Import pruefen,/downloads/rang-20/WÖk_Rang20_Detailkonzept_Detailkonzept-Rang-207-Kommunale-Transformationsarchitektur_v1.0.docx,Aus aktivem Rangpaket erkannt.
20,WÖk_Rang20_Transformation-Uebergaenge-Implementierung_Gesamtpaket_v1.0_FINAL.zip,WÖk_Rang20_Transformation-Uebergaenge-Implementierung_Gesamtpaket_v1.0_FINAL/docx/WÖk_Rang20_Detailkonzept_Detailkonzept-Rang-208-Unternehmenspfade-Beschaffung-und-Lieferketten_v1.0.docx,WÖk_Rang20_Detailkonzept_Detailkonzept-Rang-208-Unternehmenspfade-Beschaffung-und-Lieferketten_v1.0.docx,docx,Detailkonzept,43.4,ja,Import pruefen,/downloads/rang-20/WÖk_Rang20_Detailkonzept_Detailkonzept-Rang-208-Unternehmenspfade-Beschaffung-und-Lieferketten_v1.0.docx,Aus aktivem Rangpaket erkannt.
20,WÖk_Rang20_Transformation-Uebergaenge-Implementierung_Gesamtpaket_v1.0_FINAL.zip,WÖk_Rang20_Transformation-Uebergaenge-Implementierung_Gesamtpaket_v1.0_FINAL/docx/WÖk_Rang20_Detailkonzept_Detailkonzept-Rang-209-Wirkungsfonds-Datenraeume-und-Kapitalzugang_v1.0.docx,WÖk_Rang20_Detailkonzept_Detailkonzept-Rang-209-Wirkungsfonds-Datenraeume-und-Kapitalzugang_v1.0.docx,docx,Detailkonzept,43.4,ja,Import pruefen,/downloads/rang-20/WÖk_Rang20_Detailkonzept_Detailkonzept-Rang-209-Wirkungsfonds-Datenraeume-und-Kapitalzugang_v1.0.docx,Aus aktivem Rangpaket erkannt.
20,WÖk_Rang20_Transformation-Uebergaenge-Implementierung_Gesamtpaket_v1.0_FINAL.zip,WÖk_Rang20_Transformation-Uebergaenge-Implementierung_Gesamtpaket_v1.0_FINAL/docx/WÖk_Rang20_Detailkonzept_Detailkonzept-Rang-2010-Transformationskommunikation-Konflikt-und-demokratische-Akzeptanz_v1.0.docx,WÖk_Rang20_Detailkonzept_Detailkonzept-Rang-2010-Transformationskommunikation-Konflikt-und-demokratische-Akzeptanz_v1.0.docx,docx,Detailkonzept,43.4,ja,Import pruefen,/downloads/rang-20/WÖk_Rang20_Detailkonzept_Detailkonzept-Rang-2010-Transformationskommunikation-Konflikt-und-demokratische-Akzeptanz_v1.0.docx,Aus aktivem Rangpaket erkannt.
20,WÖk_Rang20_Transformation-Uebergaenge-Implementierung_Gesamtpaket_v1.0_FINAL.zip,WÖk_Rang20_Transformation-Uebergaenge-Implementierung_Gesamtpaket_v1.0_FINAL/docx/WÖk_Rang20_Wirkungsindikatoren_Wirkungsindikatoren-Rang-20_v1.0.docx,WÖk_Rang20_Wirkungsindikatoren_Wirkungsindikatoren-Rang-20_v1.0.docx,docx,Gesamtpaket,43.5,ja,Import pruefen,/downloads/rang-20/WÖk_Rang20_Wirkungsindikatoren_Wirkungsindikatoren-Rang-20_v1.0.docx,Aus aktivem Rangpaket erkannt.
20,WÖk_Rang20_Transformation-Uebergaenge-Implementierung_Gesamtpaket_v1.0_FINAL.zip,WÖk_Rang20_Transformation-Uebergaenge-Implementierung_Gesamtpaket_v1.0_FINAL/docx/WÖk_Rang20_Toolkarten_Toolkarten-Rang-20_v1.0.docx,WÖk_Rang20_Toolkarten_Toolkarten-Rang-20_v1.0.docx,docx,Toolkarten,43.6,ja,Import pruefen,/downloads/rang-20/WÖk_Rang20_Toolkarten_Toolkarten-Rang-20_v1.0.docx,Aus aktivem Rangpaket erkannt.
20,WÖk_Rang20_Transformation-Uebergaenge-Implementierung_Gesamtpaket_v1.0_FINAL.zip,WÖk_Rang20_Transformation-Uebergaenge-Implementierung_Gesamtpaket_v1.0_FINAL/docx/WÖk_Rang20_SDG-SDG-Block_SDG-SDG-Block-Rang-20_v1.0.docx,WÖk_Rang20_SDG-SDG-Block_SDG-SDG-Block-Rang-20_v1.0.docx,docx,Gesamtpaket,43.5,ja,Import pruefen,/downloads/rang-20/WÖk_Rang20_SDG-SDG-Block_SDG-SDG-Block-Rang-20_v1.0.docx,Aus aktivem Rangpaket erkannt.
20,WÖk_Rang20_Transformation-Uebergaenge-Implementierung_Gesamtpaket_v1.0_FINAL.zip,WÖk_Rang20_Transformation-Uebergaenge-Implementierung_Gesamtpaket_v1.0_FINAL/docx/WÖk_Rang20_Politische-Anschlussfaehigkeit_Politische-Anschlussfaehigkeit-Rang-20_v1.0.docx,WÖk_Rang20_Politische-Anschlussfaehigkeit_Politische-Anschlussfaehigkeit-Rang-20_v1.0.docx,docx,Gesamtpaket,43.5,ja,Import pruefen,/downloads/rang-20/WÖk_Rang20_Politische-Anschlussfaehigkeit_Politische-Anschlussfaehigkeit-Rang-20_v1.0.docx,Aus aktivem Rangpaket erkannt.
20,WÖk_Rang20_Transformation-Uebergaenge-Implementierung_Gesamtpaket_v1.0_FINAL.zip,WÖk_Rang20_Transformation-Uebergaenge-Implementierung_Gesamtpaket_v1.0_FINAL/docx/WÖk_Rang20_Quellen-und-Glossarlinks_Quellen-und-Glossarlinks-Rang-20_v1.0.docx,WÖk_Rang20_Quellen-und-Glossarlinks_Quellen-und-Glossarlinks-Rang-20_v1.0.docx,docx,Gesamtpaket,43.3,ja,Import pruefen,/downloads/rang-20/WÖk_Rang20_Quellen-und-Glossarlinks_Quellen-und-Glossarlinks-Rang-20_v1.0.docx,Aus aktivem Rangpaket erkannt.
20,WÖk_Rang20_Transformation-Uebergaenge-Implementierung_Gesamtpaket_v1.0_FINAL.zip,WÖk_Rang20_Transformation-Uebergaenge-Implementierung_Gesamtpaket_v1.0_FINAL/docx/WÖk_Rang20_Gesamtpaket_Alle_Inhalte_v1.0.docx,WÖk_Rang20_Gesamtpaket_Alle_Inhalte_v1.0.docx,docx,Gesamtpaket,53.6,ja,Import pruefen,/downloads/rang-20/WÖk_Rang20_Gesamtpaket_Alle_Inhalte_v1.0.docx,Aus aktivem Rangpaket erkannt.
20,WÖk_Rang20_Transformation-Uebergaenge-Implementierung_Gesamtpaket_v1.0_FINAL.zip,WÖk_Rang20_Transformation-Uebergaenge-Implementierung_Gesamtpaket_v1.0_FINAL/md/WÖk_Rang20_Portalstartseite_Portal-Rang-20-Transformation-Uebergaenge-und-Implementierung_v1.0.md,WÖk_Rang20_Portalstartseite_Portal-Rang-20-Transformation-Uebergaenge-und-Implementierung_v1.0.md,md,Gesamtpaket,18.1,ja,Import pruefen,/downloads/rang-20/WÖk_Rang20_Portalstartseite_Portal-Rang-20-Transformation-Uebergaenge-und-Implementierung_v1.0.md,Aus aktivem Rangpaket erkannt.
20,WÖk_Rang20_Transformation-Uebergaenge-Implementierung_Gesamtpaket_v1.0_FINAL.zip,WÖk_Rang20_Transformation-Uebergaenge-Implementierung_Gesamtpaket_v1.0_FINAL/md/WÖk_Rang20_Bestands-und-Nachlieferliste_Bestands-und-Nachlieferliste-Rang-20_v1.0.md,WÖk_Rang20_Bestands-und-Nachlieferliste_Bestands-und-Nachlieferliste-Rang-20_v1.0.md,md,Gesamtpaket,17.7,ja,Import pruefen,/downloads/rang-20/WÖk_Rang20_Bestands-und-Nachlieferliste_Bestands-und-Nachlieferliste-Rang-20_v1.0.md,Aus aktivem Rangpaket erkannt.
20,WÖk_Rang20_Transformation-Uebergaenge-Implementierung_Gesamtpaket_v1.0_FINAL.zip,WÖk_Rang20_Transformation-Uebergaenge-Implementierung_Gesamtpaket_v1.0_FINAL/md/WÖk_Rang20_Konzeptpapier_Konzeptpapier-Rang-20-Transformation-Uebergaenge-und-Implementierung_v1.0.md,WÖk_Rang20_Konzeptpapier_Konzeptpapier-Rang-20-Transformation-Uebergaenge-und-Implementierung_v1.0.md,md,Konzeptpapier,17.1,ja,Import pruefen,/downloads/rang-20/WÖk_Rang20_Konzeptpapier_Konzeptpapier-Rang-20-Transformation-Uebergaenge-und-Implementierung_v1.0.md,Aus aktivem Rangpaket erkannt.
20,WÖk_Rang20_Transformation-Uebergaenge-Implementierung_Gesamtpaket_v1.0_FINAL.zip,WÖk_Rang20_Transformation-Uebergaenge-Implementierung_Gesamtpaket_v1.0_FINAL/md/WÖk_Rang20_Gesamtdossier_Gesamtdossier-Rang-20-Transformation-Uebergaenge-und-Implementierung_v1.0.md,WÖk_Rang20_Gesamtdossier_Gesamtdossier-Rang-20-Transformation-Uebergaenge-und-Implementierung_v1.0.md,md,Gesamtdossier,18.3,ja,Import pruefen,/downloads/rang-20/WÖk_Rang20_Gesamtdossier_Gesamtdossier-Rang-20-Transformation-Uebergaenge-und-Implementierung_v1.0.md,Aus aktivem Rangpaket erkannt.
20,WÖk_Rang20_Transformation-Uebergaenge-Implementierung_Gesamtpaket_v1.0_FINAL.zip,WÖk_Rang20_Transformation-Uebergaenge-Implementierung_Gesamtpaket_v1.0_FINAL/md/WÖk_Rang20_Detailkonzept_Detailkonzept-Rang-201-Umsetzungspfad-der-Wirkungsökonomie_v1.0.md,WÖk_Rang20_Detailkonzept_Detailkonzept-Rang-201-Umsetzungspfad-der-Wirkungsökonomie_v1.0.md,md,Detailkonzept,17.6,ja,Import pruefen,/downloads/rang-20/WÖk_Rang20_Detailkonzept_Detailkonzept-Rang-201-Umsetzungspfad-der-Wirkungsökonomie_v1.0.md,Aus aktivem Rangpaket erkannt.
20,WÖk_Rang20_Transformation-Uebergaenge-Implementierung_Gesamtpaket_v1.0_FINAL.zip,WÖk_Rang20_Transformation-Uebergaenge-Implementierung_Gesamtpaket_v1.0_FINAL/md/WÖk_Rang20_Detailkonzept_Detailkonzept-Rang-202-Pilotprojekte-Reallabore-und-Wirkungsreife_v1.0.md,WÖk_Rang20_Detailkonzept_Detailkonzept-Rang-202-Pilotprojekte-Reallabore-und-Wirkungsreife_v1.0.md,md,Detailkonzept,17.6,ja,Import pruefen,/downloads/rang-20/WÖk_Rang20_Detailkonzept_Detailkonzept-Rang-202-Pilotprojekte-Reallabore-und-Wirkungsreife_v1.0.md,Aus aktivem Rangpaket erkannt.
20,WÖk_Rang20_Transformation-Uebergaenge-Implementierung_Gesamtpaket_v1.0_FINAL.zip,WÖk_Rang20_Transformation-Uebergaenge-Implementierung_Gesamtpaket_v1.0_FINAL/md/WÖk_Rang20_Detailkonzept_Detailkonzept-Rang-203-Reihenfolge-der-Einfuehrung-und-Stufenmodell_v1.0.md,WÖk_Rang20_Detailkonzept_Detailkonzept-Rang-203-Reihenfolge-der-Einfuehrung-und-Stufenmodell_v1.0.md,md,Detailkonzept,17.5,ja,Import pruefen,/downloads/rang-20/WÖk_Rang20_Detailkonzept_Detailkonzept-Rang-203-Reihenfolge-der-Einfuehrung-und-Stufenmodell_v1.0.md,Aus aktivem Rangpaket erkannt.
20,WÖk_Rang20_Transformation-Uebergaenge-Implementierung_Gesamtpaket_v1.0_FINAL.zip,WÖk_Rang20_Transformation-Uebergaenge-Implementierung_Gesamtpaket_v1.0_FINAL/md/WÖk_Rang20_Detailkonzept_Detailkonzept-Rang-204-Lernschleifen-Evaluation-und-Versionierung_v1.0.md,WÖk_Rang20_Detailkonzept_Detailkonzept-Rang-204-Lernschleifen-Evaluation-und-Versionierung_v1.0.md,md,Detailkonzept,17.5,ja,Import pruefen,/downloads/rang-20/WÖk_Rang20_Detailkonzept_Detailkonzept-Rang-204-Lernschleifen-Evaluation-und-Versionierung_v1.0.md,Aus aktivem Rangpaket erkannt.
20,WÖk_Rang20_Transformation-Uebergaenge-Implementierung_Gesamtpaket_v1.0_FINAL.zip,WÖk_Rang20_Transformation-Uebergaenge-Implementierung_Gesamtpaket_v1.0_FINAL/md/WÖk_Rang20_Detailkonzept_Detailkonzept-Rang-205-Uebergang-ohne-Systembruch-und-sozialer-Schutz_v1.0.md,WÖk_Rang20_Detailkonzept_Detailkonzept-Rang-205-Uebergang-ohne-Systembruch-und-sozialer-Schutz_v1.0.md,md,Detailkonzept,17.5,ja,Import pruefen,/downloads/rang-20/WÖk_Rang20_Detailkonzept_Detailkonzept-Rang-205-Uebergang-ohne-Systembruch-und-sozialer-Schutz_v1.0.md,Aus aktivem Rangpaket erkannt.
20,WÖk_Rang20_Transformation-Uebergaenge-Implementierung_Gesamtpaket_v1.0_FINAL.zip,WÖk_Rang20_Transformation-Uebergaenge-Implementierung_Gesamtpaket_v1.0_FINAL/md/WÖk_Rang20_Detailkonzept_Detailkonzept-Rang-206-Brueckenfinanzierung-und-Wirkungs-Konversion-von-Altkapital_v1.0.md,WÖk_Rang20_Detailkonzept_Detailkonzept-Rang-206-Brueckenfinanzierung-und-Wirkungs-Konversion-von-Altkapital_v1.0.md,md,Detailkonzept,17.6,ja,Import pruefen,/downloads/rang-20/WÖk_Rang20_Detailkonzept_Detailkonzept-Rang-206-Brueckenfinanzierung-und-Wirkungs-Konversion-von-Altkapital_v1.0.md,Aus aktivem Rangpaket erkannt.
20,WÖk_Rang20_Transformation-Uebergaenge-Implementierung_Gesamtpaket_v1.0_FINAL.zip,WÖk_Rang20_Transformation-Uebergaenge-Implementierung_Gesamtpaket_v1.0_FINAL/md/WÖk_Rang20_Detailkonzept_Detailkonzept-Rang-207-Kommunale-Transformationsarchitektur_v1.0.md,WÖk_Rang20_Detailkonzept_Detailkonzept-Rang-207-Kommunale-Transformationsarchitektur_v1.0.md,md,Detailkonzept,17.5,ja,Import pruefen,/downloads/rang-20/WÖk_Rang20_Detailkonzept_Detailkonzept-Rang-207-Kommunale-Transformationsarchitektur_v1.0.md,Aus aktivem Rangpaket erkannt.
20,WÖk_Rang20_Transformation-Uebergaenge-Implementierung_Gesamtpaket_v1.0_FINAL.zip,WÖk_Rang20_Transformation-Uebergaenge-Implementierung_Gesamtpaket_v1.0_FINAL/md/WÖk_Rang20_Detailkonzept_Detailkonzept-Rang-208-Unternehmenspfade-Beschaffung-und-Lieferketten_v1.0.md,WÖk_Rang20_Detailkonzept_Detailkonzept-Rang-208-Unternehmenspfade-Beschaffung-und-Lieferketten_v1.0.md,md,Detailkonzept,17.6,ja,Import pruefen,/downloads/rang-20/WÖk_Rang20_Detailkonzept_Detailkonzept-Rang-208-Unternehmenspfade-Beschaffung-und-Lieferketten_v1.0.md,Aus aktivem Rangpaket erkannt.
20,WÖk_Rang20_Transformation-Uebergaenge-Implementierung_Gesamtpaket_v1.0_FINAL.zip,WÖk_Rang20_Transformation-Uebergaenge-Implementierung_Gesamtpaket_v1.0_FINAL/md/WÖk_Rang20_Detailkonzept_Detailkonzept-Rang-209-Wirkungsfonds-Datenraeume-und-Kapitalzugang_v1.0.md,WÖk_Rang20_Detailkonzept_Detailkonzept-Rang-209-Wirkungsfonds-Datenraeume-und-Kapitalzugang_v1.0.md,md,Detailkonzept,17.5,ja,Import pruefen,/downloads/rang-20/WÖk_Rang20_Detailkonzept_Detailkonzept-Rang-209-Wirkungsfonds-Datenraeume-und-Kapitalzugang_v1.0.md,Aus aktivem Rangpaket erkannt.
20,WÖk_Rang20_Transformation-Uebergaenge-Implementierung_Gesamtpaket_v1.0_FINAL.zip,WÖk_Rang20_Transformation-Uebergaenge-Implementierung_Gesamtpaket_v1.0_FINAL/md/WÖk_Rang20_Detailkonzept_Detailkonzept-Rang-2010-Transformationskommunikation-Konflikt-und-demokratische-Akzeptanz_v1.0.md,WÖk_Rang20_Detailkonzept_Detailkonzept-Rang-2010-Transformationskommunikation-Konflikt-und-demokratische-Akzeptanz_v1.0.md,md,Detailkonzept,17.6,ja,Import pruefen,/downloads/rang-20/WÖk_Rang20_Detailkonzept_Detailkonzept-Rang-2010-Transformationskommunikation-Konflikt-und-demokratische-Akzeptanz_v1.0.md,Aus aktivem Rangpaket erkannt.
20,WÖk_Rang20_Transformation-Uebergaenge-Implementierung_Gesamtpaket_v1.0_FINAL.zip,WÖk_Rang20_Transformation-Uebergaenge-Implementierung_Gesamtpaket_v1.0_FINAL/md/WÖk_Rang20_Wirkungsindikatoren_Wirkungsindikatoren-Rang-20_v1.0.md,WÖk_Rang20_Wirkungsindikatoren_Wirkungsindikatoren-Rang-20_v1.0.md,md,Gesamtpaket,17.8,ja,Import pruefen,/downloads/rang-20/WÖk_Rang20_Wirkungsindikatoren_Wirkungsindikatoren-Rang-20_v1.0.md,Aus aktivem Rangpaket erkannt.
20,WÖk_Rang20_Transformation-Uebergaenge-Implementierung_Gesamtpaket_v1.0_FINAL.zip,WÖk_Rang20_Transformation-Uebergaenge-Implementierung_Gesamtpaket_v1.0_FINAL/md/WÖk_Rang20_Toolkarten_Toolkarten-Rang-20_v1.0.md,WÖk_Rang20_Toolkarten_Toolkarten-Rang-20_v1.0.md,md,Toolkarten,18.0,ja,Import pruefen,/downloads/rang-20/WÖk_Rang20_Toolkarten_Toolkarten-Rang-20_v1.0.md,Aus aktivem Rangpaket erkannt.
20,WÖk_Rang20_Transformation-Uebergaenge-Implementierung_Gesamtpaket_v1.0_FINAL.zip,WÖk_Rang20_Transformation-Uebergaenge-Implementierung_Gesamtpaket_v1.0_FINAL/md/WÖk_Rang20_SDG-SDG-Block_SDG-SDG-Block-Rang-20_v1.0.md,WÖk_Rang20_SDG-SDG-Block_SDG-SDG-Block-Rang-20_v1.0.md,md,Gesamtpaket,17.6,ja,Import pruefen,/downloads/rang-20/WÖk_Rang20_SDG-SDG-Block_SDG-SDG-Block-Rang-20_v1.0.md,Aus aktivem Rangpaket erkannt.
20,WÖk_Rang20_Transformation-Uebergaenge-Implementierung_Gesamtpaket_v1.0_FINAL.zip,WÖk_Rang20_Transformation-Uebergaenge-Implementierung_Gesamtpaket_v1.0_FINAL/md/WÖk_Rang20_Politische-Anschlussfaehigkeit_Politische-Anschlussfaehigkeit-Rang-20_v1.0.md,WÖk_Rang20_Politische-Anschlussfaehigkeit_Politische-Anschlussfaehigkeit-Rang-20_v1.0.md,md,Gesamtpaket,17.9,ja,Import pruefen,/downloads/rang-20/WÖk_Rang20_Politische-Anschlussfaehigkeit_Politische-Anschlussfaehigkeit-Rang-20_v1.0.md,Aus aktivem Rangpaket erkannt.
20,WÖk_Rang20_Transformation-Uebergaenge-Implementierung_Gesamtpaket_v1.0_FINAL.zip,WÖk_Rang20_Transformation-Uebergaenge-Implementierung_Gesamtpaket_v1.0_FINAL/md/WÖk_Rang20_Quellen-und-Glossarlinks_Quellen-und-Glossarlinks-Rang-20_v1.0.md,WÖk_Rang20_Quellen-und-Glossarlinks_Quellen-und-Glossarlinks-Rang-20_v1.0.md,md,Gesamtpaket,17.3,ja,Import pruefen,/downloads/rang-20/WÖk_Rang20_Quellen-und-Glossarlinks_Quellen-und-Glossarlinks-Rang-20_v1.0.md,Aus aktivem Rangpaket erkannt.
20,WÖk_Rang20_Transformation-Uebergaenge-Implementierung_Gesamtpaket_v1.0_FINAL.zip,WÖk_Rang20_Transformation-Uebergaenge-Implementierung_Gesamtpaket_v1.0_FINAL/md/WÖk_Rang20_Gesamtpaket_Alle_Inhalte_v1.0.md,WÖk_Rang20_Gesamtpaket_Alle_Inhalte_v1.0.md,md,Gesamtpaket,221.8,ja,Import pruefen,/downloads/rang-20/WÖk_Rang20_Gesamtpaket_Alle_Inhalte_v1.0.md,Aus aktivem Rangpaket erkannt.
20,WÖk_Rang20_Transformation-Uebergaenge-Implementierung_Gesamtpaket_v1.0_FINAL.zip,WÖk_Rang20_Transformation-Uebergaenge-Implementierung_Gesamtpaket_v1.0_FINAL/html/WÖk_Rang20_Portalstartseite_Portal-Rang-20-Transformation-Uebergaenge-und-Implementierung_v1.0.html,WÖk_Rang20_Portalstartseite_Portal-Rang-20-Transformation-Uebergaenge-und-Implementierung_v1.0.html,html,Gesamtpaket,22.2,ja,Import pruefen,/downloads/rang-20/WÖk_Rang20_Portalstartseite_Portal-Rang-20-Transformation-Uebergaenge-und-Implementierung_v1.0.html,Aus aktivem Rangpaket erkannt.
20,WÖk_Rang20_Transformation-Uebergaenge-Implementierung_Gesamtpaket_v1.0_FINAL.zip,WÖk_Rang20_Transformation-Uebergaenge-Implementierung_Gesamtpaket_v1.0_FINAL/html/WÖk_Rang20_Bestands-und-Nachlieferliste_Bestands-und-Nachlieferliste-Rang-20_v1.0.html,WÖk_Rang20_Bestands-und-Nachlieferliste_Bestands-und-Nachlieferliste-Rang-20_v1.0.html,html,Gesamtpaket,21.8,ja,Import pruefen,/downloads/rang-20/WÖk_Rang20_Bestands-und-Nachlieferliste_Bestands-und-Nachlieferliste-Rang-20_v1.0.html,Aus aktivem Rangpaket erkannt.
20,WÖk_Rang20_Transformation-Uebergaenge-Implementierung_Gesamtpaket_v1.0_FINAL.zip,WÖk_Rang20_Transformation-Uebergaenge-Implementierung_Gesamtpaket_v1.0_FINAL/html/WÖk_Rang20_Konzeptpapier_Konzeptpapier-Rang-20-Transformation-Uebergaenge-und-Implementierung_v1.0.html,WÖk_Rang20_Konzeptpapier_Konzeptpapier-Rang-20-Transformation-Uebergaenge-und-Implementierung_v1.0.html,html,Konzeptpapier,20.8,ja,Import pruefen,/downloads/rang-20/WÖk_Rang20_Konzeptpapier_Konzeptpapier-Rang-20-Transformation-Uebergaenge-und-Implementierung_v1.0.html,Aus aktivem Rangpaket erkannt.
20,WÖk_Rang20_Transformation-Uebergaenge-Implementierung_Gesamtpaket_v1.0_FINAL.zip,WÖk_Rang20_Transformation-Uebergaenge-Implementierung_Gesamtpaket_v1.0_FINAL/html/WÖk_Rang20_Gesamtdossier_Gesamtdossier-Rang-20-Transformation-Uebergaenge-und-Implementierung_v1.0.html,WÖk_Rang20_Gesamtdossier_Gesamtdossier-Rang-20-Transformation-Uebergaenge-und-Implementierung_v1.0.html,html,Gesamtdossier,22.3,ja,Import pruefen,/downloads/rang-20/WÖk_Rang20_Gesamtdossier_Gesamtdossier-Rang-20-Transformation-Uebergaenge-und-Implementierung_v1.0.html,Aus aktivem Rangpaket erkannt.
20,WÖk_Rang20_Transformation-Uebergaenge-Implementierung_Gesamtpaket_v1.0_FINAL.zip,WÖk_Rang20_Transformation-Uebergaenge-Implementierung_Gesamtpaket_v1.0_FINAL/html/WÖk_Rang20_Detailkonzept_Detailkonzept-Rang-201-Umsetzungspfad-der-Wirkungsökonomie_v1.0.html,WÖk_Rang20_Detailkonzept_Detailkonzept-Rang-201-Umsetzungspfad-der-Wirkungsökonomie_v1.0.html,html,Detailkonzept,21.4,ja,Import pruefen,/downloads/rang-20/WÖk_Rang20_Detailkonzept_Detailkonzept-Rang-201-Umsetzungspfad-der-Wirkungsökonomie_v1.0.html,Aus aktivem Rangpaket erkannt.
20,WÖk_Rang20_Transformation-Uebergaenge-Implementierung_Gesamtpaket_v1.0_FINAL.zip,WÖk_Rang20_Transformation-Uebergaenge-Implementierung_Gesamtpaket_v1.0_FINAL/html/WÖk_Rang20_Detailkonzept_Detailkonzept-Rang-202-Pilotprojekte-Reallabore-und-Wirkungsreife_v1.0.html,WÖk_Rang20_Detailkonzept_Detailkonzept-Rang-202-Pilotprojekte-Reallabore-und-Wirkungsreife_v1.0.html,html,Detailkonzept,21.4,ja,Import pruefen,/downloads/rang-20/WÖk_Rang20_Detailkonzept_Detailkonzept-Rang-202-Pilotprojekte-Reallabore-und-Wirkungsreife_v1.0.html,Aus aktivem Rangpaket erkannt.
20,WÖk_Rang20_Transformation-Uebergaenge-Implementierung_Gesamtpaket_v1.0_FINAL.zip,WÖk_Rang20_Transformation-Uebergaenge-Implementierung_Gesamtpaket_v1.0_FINAL/html/WÖk_Rang20_Detailkonzept_Detailkonzept-Rang-203-Reihenfolge-der-Einfuehrung-und-Stufenmodell_v1.0.html,WÖk_Rang20_Detailkonzept_Detailkonzept-Rang-203-Reihenfolge-der-Einfuehrung-und-Stufenmodell_v1.0.html,html,Detailkonzept,21.4,ja,Import pruefen,/downloads/rang-20/WÖk_Rang20_Detailkonzept_Detailkonzept-Rang-203-Reihenfolge-der-Einfuehrung-und-Stufenmodell_v1.0.html,Aus aktivem Rangpaket erkannt.
20,WÖk_Rang20_Transformation-Uebergaenge-Implementierung_Gesamtpaket_v1.0_FINAL.zip,WÖk_Rang20_Transformation-Uebergaenge-Implementierung_Gesamtpaket_v1.0_FINAL/html/WÖk_Rang20_Detailkonzept_Detailkonzept-Rang-204-Lernschleifen-Evaluation-und-Versionierung_v1.0.html,WÖk_Rang20_Detailkonzept_Detailkonzept-Rang-204-Lernschleifen-Evaluation-und-Versionierung_v1.0.html,html,Detailkonzept,21.4,ja,Import pruefen,/downloads/rang-20/WÖk_Rang20_Detailkonzept_Detailkonzept-Rang-204-Lernschleifen-Evaluation-und-Versionierung_v1.0.html,Aus aktivem Rangpaket erkannt.
20,WÖk_Rang20_Transformation-Uebergaenge-Implementierung_Gesamtpaket_v1.0_FINAL.zip,WÖk_Rang20_Transformation-Uebergaenge-Implementierung_Gesamtpaket_v1.0_FINAL/html/WÖk_Rang20_Detailkonzept_Detailkonzept-Rang-205-Uebergang-ohne-Systembruch-und-sozialer-Schutz_v1.0.html,WÖk_Rang20_Detailkonzept_Detailkonzept-Rang-205-Uebergang-ohne-Systembruch-und-sozialer-Schutz_v1.0.html,html,Detailkonzept,21.4,ja,Import pruefen,/downloads/rang-20/WÖk_Rang20_Detailkonzept_Detailkonzept-Rang-205-Uebergang-ohne-Systembruch-und-sozialer-Schutz_v1.0.html,Aus aktivem Rangpaket erkannt.
20,WÖk_Rang20_Transformation-Uebergaenge-Implementierung_Gesamtpaket_v1.0_FINAL.zip,WÖk_Rang20_Transformation-Uebergaenge-Implementierung_Gesamtpaket_v1.0_FINAL/html/WÖk_Rang20_Detailkonzept_Detailkonzept-Rang-206-Brueckenfinanzierung-und-Wirkungs-Konversion-von-Altkapital_v1.0.html,WÖk_Rang20_Detailkonzept_Detailkonzept-Rang-206-Brueckenfinanzierung-und-Wirkungs-Konversion-von-Altkapital_v1.0.html,html,Detailkonzept,21.5,ja,Import pruefen,/downloads/rang-20/WÖk_Rang20_Detailkonzept_Detailkonzept-Rang-206-Brueckenfinanzierung-und-Wirkungs-Konversion-von-Altkapital_v1.0.html,Aus aktivem Rangpaket erkannt.
20,WÖk_Rang20_Transformation-Uebergaenge-Implementierung_Gesamtpaket_v1.0_FINAL.zip,WÖk_Rang20_Transformation-Uebergaenge-Implementierung_Gesamtpaket_v1.0_FINAL/html/WÖk_Rang20_Detailkonzept_Detailkonzept-Rang-207-Kommunale-Transformationsarchitektur_v1.0.html,WÖk_Rang20_Detailkonzept_Detailkonzept-Rang-207-Kommunale-Transformationsarchitektur_v1.0.html,html,Detailkonzept,21.3,ja,Import pruefen,/downloads/rang-20/WÖk_Rang20_Detailkonzept_Detailkonzept-Rang-207-Kommunale-Transformationsarchitektur_v1.0.html,Aus aktivem Rangpaket erkannt.
20,WÖk_Rang20_Transformation-Uebergaenge-Implementierung_Gesamtpaket_v1.0_FINAL.zip,WÖk_Rang20_Transformation-Uebergaenge-Implementierung_Gesamtpaket_v1.0_FINAL/html/WÖk_Rang20_Detailkonzept_Detailkonzept-Rang-208-Unternehmenspfade-Beschaffung-und-Lieferketten_v1.0.html,WÖk_Rang20_Detailkonzept_Detailkonzept-Rang-208-Unternehmenspfade-Beschaffung-und-Lieferketten_v1.0.html,html,Detailkonzept,21.4,ja,Import pruefen,/downloads/rang-20/WÖk_Rang20_Detailkonzept_Detailkonzept-Rang-208-Unternehmenspfade-Beschaffung-und-Lieferketten_v1.0.html,Aus aktivem Rangpaket erkannt.
20,WÖk_Rang20_Transformation-Uebergaenge-Implementierung_Gesamtpaket_v1.0_FINAL.zip,WÖk_Rang20_Transformation-Uebergaenge-Implementierung_Gesamtpaket_v1.0_FINAL/html/WÖk_Rang20_Detailkonzept_Detailkonzept-Rang-209-Wirkungsfonds-Datenraeume-und-Kapitalzugang_v1.0.html,WÖk_Rang20_Detailkonzept_Detailkonzept-Rang-209-Wirkungsfonds-Datenraeume-und-Kapitalzugang_v1.0.html,html,Detailkonzept,21.4,ja,Import pruefen,/downloads/rang-20/WÖk_Rang20_Detailkonzept_Detailkonzept-Rang-209-Wirkungsfonds-Datenraeume-und-Kapitalzugang_v1.0.html,Aus aktivem Rangpaket erkannt.
20,WÖk_Rang20_Transformation-Uebergaenge-Implementierung_Gesamtpaket_v1.0_FINAL.zip,WÖk_Rang20_Transformation-Uebergaenge-Implementierung_Gesamtpaket_v1.0_FINAL/html/WÖk_Rang20_Detailkonzept_Detailkonzept-Rang-2010-Transformationskommunikation-Konflikt-und-demokratische-Akzeptanz_v1.0.html,WÖk_Rang20_Detailkonzept_Detailkonzept-Rang-2010-Transformationskommunikation-Konflikt-und-demokratische-Akzeptanz_v1.0.html,html,Detailkonzept,21.5,ja,Import pruefen,/downloads/rang-20/WÖk_Rang20_Detailkonzept_Detailkonzept-Rang-2010-Transformationskommunikation-Konflikt-und-demokratische-Akzeptanz_v1.0.html,Aus aktivem Rangpaket erkannt.
20,WÖk_Rang20_Transformation-Uebergaenge-Implementierung_Gesamtpaket_v1.0_FINAL.zip,WÖk_Rang20_Transformation-Uebergaenge-Implementierung_Gesamtpaket_v1.0_FINAL/html/WÖk_Rang20_Wirkungsindikatoren_Wirkungsindikatoren-Rang-20_v1.0.html,WÖk_Rang20_Wirkungsindikatoren_Wirkungsindikatoren-Rang-20_v1.0.html,html,Gesamtpaket,21.8,ja,Import pruefen,/downloads/rang-20/WÖk_Rang20_Wirkungsindikatoren_Wirkungsindikatoren-Rang-20_v1.0.html,Aus aktivem Rangpaket erkannt.
20,WÖk_Rang20_Transformation-Uebergaenge-Implementierung_Gesamtpaket_v1.0_FINAL.zip,WÖk_Rang20_Transformation-Uebergaenge-Implementierung_Gesamtpaket_v1.0_FINAL/html/WÖk_Rang20_Toolkarten_Toolkarten-Rang-20_v1.0.html,WÖk_Rang20_Toolkarten_Toolkarten-Rang-20_v1.0.html,html,Toolkarten,22.1,ja,Import pruefen,/downloads/rang-20/WÖk_Rang20_Toolkarten_Toolkarten-Rang-20_v1.0.html,Aus aktivem Rangpaket erkannt.
20,WÖk_Rang20_Transformation-Uebergaenge-Implementierung_Gesamtpaket_v1.0_FINAL.zip,WÖk_Rang20_Transformation-Uebergaenge-Implementierung_Gesamtpaket_v1.0_FINAL/html/WÖk_Rang20_SDG-SDG-Block_SDG-SDG-Block-Rang-20_v1.0.html,WÖk_Rang20_SDG-SDG-Block_SDG-SDG-Block-Rang-20_v1.0.html,html,Gesamtpaket,21.6,ja,Import pruefen,/downloads/rang-20/WÖk_Rang20_SDG-SDG-Block_SDG-SDG-Block-Rang-20_v1.0.html,Aus aktivem Rangpaket erkannt.
20,WÖk_Rang20_Transformation-Uebergaenge-Implementierung_Gesamtpaket_v1.0_FINAL.zip,WÖk_Rang20_Transformation-Uebergaenge-Implementierung_Gesamtpaket_v1.0_FINAL/html/WÖk_Rang20_Politische-Anschlussfaehigkeit_Politische-Anschlussfaehigkeit-Rang-20_v1.0.html,WÖk_Rang20_Politische-Anschlussfaehigkeit_Politische-Anschlussfaehigkeit-Rang-20_v1.0.html,html,Gesamtpaket,21.9,ja,Import pruefen,/downloads/rang-20/WÖk_Rang20_Politische-Anschlussfaehigkeit_Politische-Anschlussfaehigkeit-Rang-20_v1.0.html,Aus aktivem Rangpaket erkannt.
20,WÖk_Rang20_Transformation-Uebergaenge-Implementierung_Gesamtpaket_v1.0_FINAL.zip,WÖk_Rang20_Transformation-Uebergaenge-Implementierung_Gesamtpaket_v1.0_FINAL/html/WÖk_Rang20_Quellen-und-Glossarlinks_Quellen-und-Glossarlinks-Rang-20_v1.0.html,WÖk_Rang20_Quellen-und-Glossarlinks_Quellen-und-Glossarlinks-Rang-20_v1.0.html,html,Gesamtpaket,21.1,ja,Import pruefen,/downloads/rang-20/WÖk_Rang20_Quellen-und-Glossarlinks_Quellen-und-Glossarlinks-Rang-20_v1.0.html,Aus aktivem Rangpaket erkannt.
20,WÖk_Rang20_Transformation-Uebergaenge-Implementierung_Gesamtpaket_v1.0_FINAL.zip,WÖk_Rang20_Transformation-Uebergaenge-Implementierung_Gesamtpaket_v1.0_FINAL/html/WÖk_Rang20_Gesamtpaket_Alle_Inhalte_v1.0.html,WÖk_Rang20_Gesamtpaket_Alle_Inhalte_v1.0.html,html,Gesamtpaket,257.6,ja,Import pruefen,/downloads/rang-20/WÖk_Rang20_Gesamtpaket_Alle_Inhalte_v1.0.html,Aus aktivem Rangpaket erkannt.
20,WÖk_Rang20_Transformation-Uebergaenge-Implementierung_Gesamtpaket_v1.0_FINAL.zip,WÖk_Rang20_Transformation-Uebergaenge-Implementierung_Gesamtpaket_v1.0_FINAL/json/index.json,index.json,json,Sonstiges,15.7,ja,Import pruefen,/downloads/rang-20/index.json,Aus aktivem Rangpaket erkannt.
20,WÖk_Rang20_Transformation-Uebergaenge-Implementierung_Gesamtpaket_v1.0_FINAL.zip,WÖk_Rang20_Transformation-Uebergaenge-Implementierung_Gesamtpaket_v1.0_FINAL/json/toolkarten.json,toolkarten.json,json,Toolkarten,1.8,ja,Import pruefen,/downloads/rang-20/toolkarten.json,Aus aktivem Rangpaket erkannt.
21,WÖk_Rang21_Kritik-Missverstaendnisse-Schutzarchitektur_Gesamtpaket_v1.0.zip,WÖk_Rang21_Kritik-Missverstaendnisse-Schutzarchitektur_Gesamtpaket_v1.0/README.txt,README.txt,txt,Sonstiges,0.3,ja,Import pruefen,/downloads/rang-21/README.txt,Aus aktivem Rangpaket erkannt.
21,WÖk_Rang21_Kritik-Missverstaendnisse-Schutzarchitektur_Gesamtpaket_v1.0.zip,WÖk_Rang21_Kritik-Missverstaendnisse-Schutzarchitektur_Gesamtpaket_v1.0/pdf/WÖk_Rang21_portalstartseite_v1.0.pdf,WÖk_Rang21_portalstartseite_v1.0.pdf,pdf,Gesamtpaket,48.4,ja,Import pruefen,/downloads/rang-21/WÖk_Rang21_portalstartseite_v1.0.pdf,Aus aktivem Rangpaket erkannt.
21,WÖk_Rang21_Kritik-Missverstaendnisse-Schutzarchitektur_Gesamtpaket_v1.0.zip,WÖk_Rang21_Kritik-Missverstaendnisse-Schutzarchitektur_Gesamtpaket_v1.0/pdf/WÖk_Rang21_bestands-und-nachlieferliste_v1.0.pdf,WÖk_Rang21_bestands-und-nachlieferliste_v1.0.pdf,pdf,Gesamtpaket,43.9,ja,Import pruefen,/downloads/rang-21/WÖk_Rang21_bestands-und-nachlieferliste_v1.0.pdf,Aus aktivem Rangpaket erkannt.
21,WÖk_Rang21_Kritik-Missverstaendnisse-Schutzarchitektur_Gesamtpaket_v1.0.zip,WÖk_Rang21_Kritik-Missverstaendnisse-Schutzarchitektur_Gesamtpaket_v1.0/pdf/WÖk_Rang21_konzeptpapier_v1.0.pdf,WÖk_Rang21_konzeptpapier_v1.0.pdf,pdf,Konzeptpapier,53.5,ja,Import pruefen,/downloads/rang-21/WÖk_Rang21_konzeptpapier_v1.0.pdf,Aus aktivem Rangpaket erkannt.
21,WÖk_Rang21_Kritik-Missverstaendnisse-Schutzarchitektur_Gesamtpaket_v1.0.zip,WÖk_Rang21_Kritik-Missverstaendnisse-Schutzarchitektur_Gesamtpaket_v1.0/pdf/WÖk_Rang21_gesamtdossier_v1.0.pdf,WÖk_Rang21_gesamtdossier_v1.0.pdf,pdf,Gesamtdossier,57.8,ja,Import pruefen,/downloads/rang-21/WÖk_Rang21_gesamtdossier_v1.0.pdf,Aus aktivem Rangpaket erkannt.
21,WÖk_Rang21_Kritik-Missverstaendnisse-Schutzarchitektur_Gesamtpaket_v1.0.zip,WÖk_Rang21_Kritik-Missverstaendnisse-Schutzarchitektur_Gesamtpaket_v1.0/pdf/WÖk_Rang21_detailkonzept-01-widerstand-gegen-neue-massstaebe_v1.0.pdf,WÖk_Rang21_detailkonzept-01-widerstand-gegen-neue-massstaebe_v1.0.pdf,pdf,Detailkonzept,61.2,ja,Import pruefen,/downloads/rang-21/WÖk_Rang21_detailkonzept-01-widerstand-gegen-neue-massstaebe_v1.0.pdf,Aus aktivem Rangpaket erkannt.
21,WÖk_Rang21_Kritik-Missverstaendnisse-Schutzarchitektur_Gesamtpaket_v1.0.zip,WÖk_Rang21_Kritik-Missverstaendnisse-Schutzarchitektur_Gesamtpaket_v1.0/pdf/WÖk_Rang21_detailkonzept-02-sdgs-zwischen-kooperation-und-verschwoerungsnarrativ_v1.0.pdf,WÖk_Rang21_detailkonzept-02-sdgs-zwischen-kooperation-und-verschwoerungsnarrativ_v1.0.pdf,pdf,Detailkonzept,61.3,ja,Import pruefen,/downloads/rang-21/WÖk_Rang21_detailkonzept-02-sdgs-zwischen-kooperation-und-verschwoerungsnarrativ_v1.0.pdf,Aus aktivem Rangpaket erkannt.
21,WÖk_Rang21_Kritik-Missverstaendnisse-Schutzarchitektur_Gesamtpaket_v1.0.zip,WÖk_Rang21_Kritik-Missverstaendnisse-Schutzarchitektur_Gesamtpaket_v1.0/pdf/WÖk_Rang21_detailkonzept-03-technokratie-ueberwachung-und-social-credit-als-rote-linie_v1.0.pdf,WÖk_Rang21_detailkonzept-03-technokratie-ueberwachung-und-social-credit-als-rote-linie_v1.0.pdf,pdf,Detailkonzept,61.2,ja,Import pruefen,/downloads/rang-21/WÖk_Rang21_detailkonzept-03-technokratie-ueberwachung-und-social-credit-als-rote-linie_v1.0.pdf,Aus aktivem Rangpaket erkannt.
21,WÖk_Rang21_Kritik-Missverstaendnisse-Schutzarchitektur_Gesamtpaket_v1.0.zip,WÖk_Rang21_Kritik-Missverstaendnisse-Schutzarchitektur_Gesamtpaket_v1.0/pdf/WÖk_Rang21_detailkonzept-04-wirkungsmessung-manipulation-und-wirkungssimulation_v1.0.pdf,WÖk_Rang21_detailkonzept-04-wirkungsmessung-manipulation-und-wirkungssimulation_v1.0.pdf,pdf,Detailkonzept,61.2,ja,Import pruefen,/downloads/rang-21/WÖk_Rang21_detailkonzept-04-wirkungsmessung-manipulation-und-wirkungssimulation_v1.0.pdf,Aus aktivem Rangpaket erkannt.
21,WÖk_Rang21_Kritik-Missverstaendnisse-Schutzarchitektur_Gesamtpaket_v1.0.zip,WÖk_Rang21_Kritik-Missverstaendnisse-Schutzarchitektur_Gesamtpaket_v1.0/pdf/WÖk_Rang21_detailkonzept-05-freiheit-markt-und-der-vorwurf-der-planwirtschaft_v1.0.pdf,WÖk_Rang21_detailkonzept-05-freiheit-markt-und-der-vorwurf-der-planwirtschaft_v1.0.pdf,pdf,Detailkonzept,61.2,ja,Import pruefen,/downloads/rang-21/WÖk_Rang21_detailkonzept-05-freiheit-markt-und-der-vorwurf-der-planwirtschaft_v1.0.pdf,Aus aktivem Rangpaket erkannt.
21,WÖk_Rang21_Kritik-Missverstaendnisse-Schutzarchitektur_Gesamtpaket_v1.0.zip,WÖk_Rang21_Kritik-Missverstaendnisse-Schutzarchitektur_Gesamtpaket_v1.0/pdf/WÖk_Rang21_detailkonzept-06-fehlbarkeit-unsicherheit-und-lernende-korrektur_v1.0.pdf,WÖk_Rang21_detailkonzept-06-fehlbarkeit-unsicherheit-und-lernende-korrektur_v1.0.pdf,pdf,Detailkonzept,61.2,ja,Import pruefen,/downloads/rang-21/WÖk_Rang21_detailkonzept-06-fehlbarkeit-unsicherheit-und-lernende-korrektur_v1.0.pdf,Aus aktivem Rangpaket erkannt.
21,WÖk_Rang21_Kritik-Missverstaendnisse-Schutzarchitektur_Gesamtpaket_v1.0.zip,WÖk_Rang21_Kritik-Missverstaendnisse-Schutzarchitektur_Gesamtpaket_v1.0/pdf/WÖk_Rang21_detailkonzept-07-datenmacht-datenschutz-und-demokratische-begrenzung_v1.0.pdf,WÖk_Rang21_detailkonzept-07-datenmacht-datenschutz-und-demokratische-begrenzung_v1.0.pdf,pdf,Detailkonzept,61.2,ja,Import pruefen,/downloads/rang-21/WÖk_Rang21_detailkonzept-07-datenmacht-datenschutz-und-demokratische-begrenzung_v1.0.pdf,Aus aktivem Rangpaket erkannt.
21,WÖk_Rang21_Kritik-Missverstaendnisse-Schutzarchitektur_Gesamtpaket_v1.0.zip,WÖk_Rang21_Kritik-Missverstaendnisse-Schutzarchitektur_Gesamtpaket_v1.0/pdf/WÖk_Rang21_detailkonzept-08-kommunikation-framing-und-akzeptanz_v1.0.pdf,WÖk_Rang21_detailkonzept-08-kommunikation-framing-und-akzeptanz_v1.0.pdf,pdf,Detailkonzept,61.1,ja,Import pruefen,/downloads/rang-21/WÖk_Rang21_detailkonzept-08-kommunikation-framing-und-akzeptanz_v1.0.pdf,Aus aktivem Rangpaket erkannt.
21,WÖk_Rang21_Kritik-Missverstaendnisse-Schutzarchitektur_Gesamtpaket_v1.0.zip,WÖk_Rang21_Kritik-Missverstaendnisse-Schutzarchitektur_Gesamtpaket_v1.0/pdf/WÖk_Rang21_detailkonzept-09-missbrauchsschutz-rechtsschutz-und-governance_v1.0.pdf,WÖk_Rang21_detailkonzept-09-missbrauchsschutz-rechtsschutz-und-governance_v1.0.pdf,pdf,Detailkonzept,61.2,ja,Import pruefen,/downloads/rang-21/WÖk_Rang21_detailkonzept-09-missbrauchsschutz-rechtsschutz-und-governance_v1.0.pdf,Aus aktivem Rangpaket erkannt.
21,WÖk_Rang21_Kritik-Missverstaendnisse-Schutzarchitektur_Gesamtpaket_v1.0.zip,WÖk_Rang21_Kritik-Missverstaendnisse-Schutzarchitektur_Gesamtpaket_v1.0/pdf/WÖk_Rang21_detailkonzept-10-kritikwerkstatt-beteiligung-und-oeffentliche-rueckkopplung_v1.0.pdf,WÖk_Rang21_detailkonzept-10-kritikwerkstatt-beteiligung-und-oeffentliche-rueckkopplung_v1.0.pdf,pdf,Detailkonzept,61.3,ja,Import pruefen,/downloads/rang-21/WÖk_Rang21_detailkonzept-10-kritikwerkstatt-beteiligung-und-oeffentliche-rueckkopplung_v1.0.pdf,Aus aktivem Rangpaket erkannt.
21,WÖk_Rang21_Kritik-Missverstaendnisse-Schutzarchitektur_Gesamtpaket_v1.0.zip,WÖk_Rang21_Kritik-Missverstaendnisse-Schutzarchitektur_Gesamtpaket_v1.0/pdf/WÖk_Rang21_wirkungsindikatoren_v1.0.pdf,WÖk_Rang21_wirkungsindikatoren_v1.0.pdf,pdf,Gesamtpaket,46.0,ja,Import pruefen,/downloads/rang-21/WÖk_Rang21_wirkungsindikatoren_v1.0.pdf,Aus aktivem Rangpaket erkannt.
21,WÖk_Rang21_Kritik-Missverstaendnisse-Schutzarchitektur_Gesamtpaket_v1.0.zip,WÖk_Rang21_Kritik-Missverstaendnisse-Schutzarchitektur_Gesamtpaket_v1.0/pdf/WÖk_Rang21_toolkarten_v1.0.pdf,WÖk_Rang21_toolkarten_v1.0.pdf,pdf,Toolkarten,45.6,ja,Import pruefen,/downloads/rang-21/WÖk_Rang21_toolkarten_v1.0.pdf,Aus aktivem Rangpaket erkannt.
21,WÖk_Rang21_Kritik-Missverstaendnisse-Schutzarchitektur_Gesamtpaket_v1.0.zip,WÖk_Rang21_Kritik-Missverstaendnisse-Schutzarchitektur_Gesamtpaket_v1.0/pdf/WÖk_Rang21_sdg-sdgplus-block_v1.0.pdf,WÖk_Rang21_sdg-sdgplus-block_v1.0.pdf,pdf,Gesamtpaket,44.6,ja,Import pruefen,/downloads/rang-21/WÖk_Rang21_sdg-sdgplus-block_v1.0.pdf,Aus aktivem Rangpaket erkannt.
21,WÖk_Rang21_Kritik-Missverstaendnisse-Schutzarchitektur_Gesamtpaket_v1.0.zip,WÖk_Rang21_Kritik-Missverstaendnisse-Schutzarchitektur_Gesamtpaket_v1.0/pdf/WÖk_Rang21_politische-anschlussfaehigkeit_v1.0.pdf,WÖk_Rang21_politische-anschlussfaehigkeit_v1.0.pdf,pdf,Gesamtpaket,44.5,ja,Import pruefen,/downloads/rang-21/WÖk_Rang21_politische-anschlussfaehigkeit_v1.0.pdf,Aus aktivem Rangpaket erkannt.
21,WÖk_Rang21_Kritik-Missverstaendnisse-Schutzarchitektur_Gesamtpaket_v1.0.zip,WÖk_Rang21_Kritik-Missverstaendnisse-Schutzarchitektur_Gesamtpaket_v1.0/pdf/WÖk_Rang21_quellen-und-glossarlinks_v1.0.pdf,WÖk_Rang21_quellen-und-glossarlinks_v1.0.pdf,pdf,Gesamtpaket,45.6,ja,Import pruefen,/downloads/rang-21/WÖk_Rang21_quellen-und-glossarlinks_v1.0.pdf,Aus aktivem Rangpaket erkannt.
21,WÖk_Rang21_Kritik-Missverstaendnisse-Schutzarchitektur_Gesamtpaket_v1.0.zip,WÖk_Rang21_Kritik-Missverstaendnisse-Schutzarchitektur_Gesamtpaket_v1.0/pdf/WÖk_Rang21_faq-missverstaendnisse_v1.0.pdf,WÖk_Rang21_faq-missverstaendnisse_v1.0.pdf,pdf,Gesamtpaket,44.2,ja,Import pruefen,/downloads/rang-21/WÖk_Rang21_faq-missverstaendnisse_v1.0.pdf,Aus aktivem Rangpaket erkannt.
21,WÖk_Rang21_Kritik-Missverstaendnisse-Schutzarchitektur_Gesamtpaket_v1.0.zip,WÖk_Rang21_Kritik-Missverstaendnisse-Schutzarchitektur_Gesamtpaket_v1.0/pdf/WÖk_Rang21_risiko-und-schutzmatrix_v1.0.pdf,WÖk_Rang21_risiko-und-schutzmatrix_v1.0.pdf,pdf,Gesamtpaket,43.8,ja,Import pruefen,/downloads/rang-21/WÖk_Rang21_risiko-und-schutzmatrix_v1.0.pdf,Aus aktivem Rangpaket erkannt.
21,WÖk_Rang21_Kritik-Missverstaendnisse-Schutzarchitektur_Gesamtpaket_v1.0.zip,WÖk_Rang21_Kritik-Missverstaendnisse-Schutzarchitektur_Gesamtpaket_v1.0/pdf/WÖk_Rang21_Gesamtpaket_Alle_Inhalte_v1.0.pdf,WÖk_Rang21_Gesamtpaket_Alle_Inhalte_v1.0.pdf,pdf,Gesamtpaket,273.3,ja,Import pruefen,/downloads/rang-21/WÖk_Rang21_Gesamtpaket_Alle_Inhalte_v1.0.pdf,Aus aktivem Rangpaket erkannt.
21,WÖk_Rang21_Kritik-Missverstaendnisse-Schutzarchitektur_Gesamtpaket_v1.0.zip,WÖk_Rang21_Kritik-Missverstaendnisse-Schutzarchitektur_Gesamtpaket_v1.0/pdf/WÖk_Rang21_Konzeptpapier_Kritik-Missverstaendnisse-Schutzarchitektur_v1.0.pdf,WÖk_Rang21_Konzeptpapier_Kritik-Missverstaendnisse-Schutzarchitektur_v1.0.pdf,pdf,Konzeptpapier,53.5,ja,Import pruefen,/downloads/rang-21/WÖk_Rang21_Konzeptpapier_Kritik-Missverstaendnisse-Schutzarchitektur_v1.0.pdf,Aus aktivem Rangpaket erkannt.
21,WÖk_Rang21_Kritik-Missverstaendnisse-Schutzarchitektur_Gesamtpaket_v1.0.zip,WÖk_Rang21_Kritik-Missverstaendnisse-Schutzarchitektur_Gesamtpaket_v1.0/pdf/WÖk_Rang21_Gesamtdossier_Kritik-Missverstaendnisse-Schutzarchitektur_v1.0.pdf,WÖk_Rang21_Gesamtdossier_Kritik-Missverstaendnisse-Schutzarchitektur_v1.0.pdf,pdf,Gesamtdossier,57.8,ja,Import pruefen,/downloads/rang-21/WÖk_Rang21_Gesamtdossier_Kritik-Missverstaendnisse-Schutzarchitektur_v1.0.pdf,Aus aktivem Rangpaket erkannt.
21,WÖk_Rang21_Kritik-Missverstaendnisse-Schutzarchitektur_Gesamtpaket_v1.0.zip,WÖk_Rang21_Kritik-Missverstaendnisse-Schutzarchitektur_Gesamtpaket_v1.0/docx/WÖk_Rang21_portalstartseite_v1.0.docx,WÖk_Rang21_portalstartseite_v1.0.docx,docx,Gesamtpaket,38.3,ja,Import pruefen,/downloads/rang-21/WÖk_Rang21_portalstartseite_v1.0.docx,Aus aktivem Rangpaket erkannt.
21,WÖk_Rang21_Kritik-Missverstaendnisse-Schutzarchitektur_Gesamtpaket_v1.0.zip,WÖk_Rang21_Kritik-Missverstaendnisse-Schutzarchitektur_Gesamtpaket_v1.0/docx/WÖk_Rang21_bestands-und-nachlieferliste_v1.0.docx,WÖk_Rang21_bestands-und-nachlieferliste_v1.0.docx,docx,Gesamtpaket,36.5,ja,Import pruefen,/downloads/rang-21/WÖk_Rang21_bestands-und-nachlieferliste_v1.0.docx,Aus aktivem Rangpaket erkannt.
21,WÖk_Rang21_Kritik-Missverstaendnisse-Schutzarchitektur_Gesamtpaket_v1.0.zip,WÖk_Rang21_Kritik-Missverstaendnisse-Schutzarchitektur_Gesamtpaket_v1.0/docx/WÖk_Rang21_konzeptpapier_v1.0.docx,WÖk_Rang21_konzeptpapier_v1.0.docx,docx,Konzeptpapier,40.3,ja,Import pruefen,/downloads/rang-21/WÖk_Rang21_konzeptpapier_v1.0.docx,Aus aktivem Rangpaket erkannt.
21,WÖk_Rang21_Kritik-Missverstaendnisse-Schutzarchitektur_Gesamtpaket_v1.0.zip,WÖk_Rang21_Kritik-Missverstaendnisse-Schutzarchitektur_Gesamtpaket_v1.0/docx/WÖk_Rang21_gesamtdossier_v1.0.docx,WÖk_Rang21_gesamtdossier_v1.0.docx,docx,Gesamtdossier,39.3,ja,Import pruefen,/downloads/rang-21/WÖk_Rang21_gesamtdossier_v1.0.docx,Aus aktivem Rangpaket erkannt.
21,WÖk_Rang21_Kritik-Missverstaendnisse-Schutzarchitektur_Gesamtpaket_v1.0.zip,WÖk_Rang21_Kritik-Missverstaendnisse-Schutzarchitektur_Gesamtpaket_v1.0/docx/WÖk_Rang21_detailkonzept-01-widerstand-gegen-neue-massstaebe_v1.0.docx,WÖk_Rang21_detailkonzept-01-widerstand-gegen-neue-massstaebe_v1.0.docx,docx,Detailkonzept,43.4,ja,Import pruefen,/downloads/rang-21/WÖk_Rang21_detailkonzept-01-widerstand-gegen-neue-massstaebe_v1.0.docx,Aus aktivem Rangpaket erkannt.
21,WÖk_Rang21_Kritik-Missverstaendnisse-Schutzarchitektur_Gesamtpaket_v1.0.zip,WÖk_Rang21_Kritik-Missverstaendnisse-Schutzarchitektur_Gesamtpaket_v1.0/docx/WÖk_Rang21_detailkonzept-02-sdgs-zwischen-kooperation-und-verschwoerungsnarrativ_v1.0.docx,WÖk_Rang21_detailkonzept-02-sdgs-zwischen-kooperation-und-verschwoerungsnarrativ_v1.0.docx,docx,Detailkonzept,43.4,ja,Import pruefen,/downloads/rang-21/WÖk_Rang21_detailkonzept-02-sdgs-zwischen-kooperation-und-verschwoerungsnarrativ_v1.0.docx,Aus aktivem Rangpaket erkannt.
21,WÖk_Rang21_Kritik-Missverstaendnisse-Schutzarchitektur_Gesamtpaket_v1.0.zip,WÖk_Rang21_Kritik-Missverstaendnisse-Schutzarchitektur_Gesamtpaket_v1.0/docx/WÖk_Rang21_detailkonzept-03-technokratie-ueberwachung-und-social-credit-als-rote-linie_v1.0.docx,WÖk_Rang21_detailkonzept-03-technokratie-ueberwachung-und-social-credit-als-rote-linie_v1.0.docx,docx,Detailkonzept,43.4,ja,Import pruefen,/downloads/rang-21/WÖk_Rang21_detailkonzept-03-technokratie-ueberwachung-und-social-credit-als-rote-linie_v1.0.docx,Aus aktivem Rangpaket erkannt.
21,WÖk_Rang21_Kritik-Missverstaendnisse-Schutzarchitektur_Gesamtpaket_v1.0.zip,WÖk_Rang21_Kritik-Missverstaendnisse-Schutzarchitektur_Gesamtpaket_v1.0/docx/WÖk_Rang21_detailkonzept-04-wirkungsmessung-manipulation-und-wirkungssimulation_v1.0.docx,WÖk_Rang21_detailkonzept-04-wirkungsmessung-manipulation-und-wirkungssimulation_v1.0.docx,docx,Detailkonzept,43.4,ja,Import pruefen,/downloads/rang-21/WÖk_Rang21_detailkonzept-04-wirkungsmessung-manipulation-und-wirkungssimulation_v1.0.docx,Aus aktivem Rangpaket erkannt.
21,WÖk_Rang21_Kritik-Missverstaendnisse-Schutzarchitektur_Gesamtpaket_v1.0.zip,WÖk_Rang21_Kritik-Missverstaendnisse-Schutzarchitektur_Gesamtpaket_v1.0/docx/WÖk_Rang21_detailkonzept-05-freiheit-markt-und-der-vorwurf-der-planwirtschaft_v1.0.docx,WÖk_Rang21_detailkonzept-05-freiheit-markt-und-der-vorwurf-der-planwirtschaft_v1.0.docx,docx,Detailkonzept,43.5,ja,Import pruefen,/downloads/rang-21/WÖk_Rang21_detailkonzept-05-freiheit-markt-und-der-vorwurf-der-planwirtschaft_v1.0.docx,Aus aktivem Rangpaket erkannt.
21,WÖk_Rang21_Kritik-Missverstaendnisse-Schutzarchitektur_Gesamtpaket_v1.0.zip,WÖk_Rang21_Kritik-Missverstaendnisse-Schutzarchitektur_Gesamtpaket_v1.0/docx/WÖk_Rang21_detailkonzept-06-fehlbarkeit-unsicherheit-und-lernende-korrektur_v1.0.docx,WÖk_Rang21_detailkonzept-06-fehlbarkeit-unsicherheit-und-lernende-korrektur_v1.0.docx,docx,Detailkonzept,43.4,ja,Import pruefen,/downloads/rang-21/WÖk_Rang21_detailkonzept-06-fehlbarkeit-unsicherheit-und-lernende-korrektur_v1.0.docx,Aus aktivem Rangpaket erkannt.
21,WÖk_Rang21_Kritik-Missverstaendnisse-Schutzarchitektur_Gesamtpaket_v1.0.zip,WÖk_Rang21_Kritik-Missverstaendnisse-Schutzarchitektur_Gesamtpaket_v1.0/docx/WÖk_Rang21_detailkonzept-07-datenmacht-datenschutz-und-demokratische-begrenzung_v1.0.docx,WÖk_Rang21_detailkonzept-07-datenmacht-datenschutz-und-demokratische-begrenzung_v1.0.docx,docx,Detailkonzept,43.4,ja,Import pruefen,/downloads/rang-21/WÖk_Rang21_detailkonzept-07-datenmacht-datenschutz-und-demokratische-begrenzung_v1.0.docx,Aus aktivem Rangpaket erkannt.
21,WÖk_Rang21_Kritik-Missverstaendnisse-Schutzarchitektur_Gesamtpaket_v1.0.zip,WÖk_Rang21_Kritik-Missverstaendnisse-Schutzarchitektur_Gesamtpaket_v1.0/docx/WÖk_Rang21_detailkonzept-08-kommunikation-framing-und-akzeptanz_v1.0.docx,WÖk_Rang21_detailkonzept-08-kommunikation-framing-und-akzeptanz_v1.0.docx,docx,Detailkonzept,43.4,ja,Import pruefen,/downloads/rang-21/WÖk_Rang21_detailkonzept-08-kommunikation-framing-und-akzeptanz_v1.0.docx,Aus aktivem Rangpaket erkannt.
21,WÖk_Rang21_Kritik-Missverstaendnisse-Schutzarchitektur_Gesamtpaket_v1.0.zip,WÖk_Rang21_Kritik-Missverstaendnisse-Schutzarchitektur_Gesamtpaket_v1.0/docx/WÖk_Rang21_detailkonzept-09-missbrauchsschutz-rechtsschutz-und-governance_v1.0.docx,WÖk_Rang21_detailkonzept-09-missbrauchsschutz-rechtsschutz-und-governance_v1.0.docx,docx,Detailkonzept,43.4,ja,Import pruefen,/downloads/rang-21/WÖk_Rang21_detailkonzept-09-missbrauchsschutz-rechtsschutz-und-governance_v1.0.docx,Aus aktivem Rangpaket erkannt.
21,WÖk_Rang21_Kritik-Missverstaendnisse-Schutzarchitektur_Gesamtpaket_v1.0.zip,WÖk_Rang21_Kritik-Missverstaendnisse-Schutzarchitektur_Gesamtpaket_v1.0/docx/WÖk_Rang21_detailkonzept-10-kritikwerkstatt-beteiligung-und-oeffentliche-rueckkopplung_v1.0.docx,WÖk_Rang21_detailkonzept-10-kritikwerkstatt-beteiligung-und-oeffentliche-rueckkopplung_v1.0.docx,docx,Detailkonzept,43.4,ja,Import pruefen,/downloads/rang-21/WÖk_Rang21_detailkonzept-10-kritikwerkstatt-beteiligung-und-oeffentliche-rueckkopplung_v1.0.docx,Aus aktivem Rangpaket erkannt.
21,WÖk_Rang21_Kritik-Missverstaendnisse-Schutzarchitektur_Gesamtpaket_v1.0.zip,WÖk_Rang21_Kritik-Missverstaendnisse-Schutzarchitektur_Gesamtpaket_v1.0/docx/WÖk_Rang21_wirkungsindikatoren_v1.0.docx,WÖk_Rang21_wirkungsindikatoren_v1.0.docx,docx,Gesamtpaket,37.4,ja,Import pruefen,/downloads/rang-21/WÖk_Rang21_wirkungsindikatoren_v1.0.docx,Aus aktivem Rangpaket erkannt.
21,WÖk_Rang21_Kritik-Missverstaendnisse-Schutzarchitektur_Gesamtpaket_v1.0.zip,WÖk_Rang21_Kritik-Missverstaendnisse-Schutzarchitektur_Gesamtpaket_v1.0/docx/WÖk_Rang21_toolkarten_v1.0.docx,WÖk_Rang21_toolkarten_v1.0.docx,docx,Toolkarten,37.0,ja,Import pruefen,/downloads/rang-21/WÖk_Rang21_toolkarten_v1.0.docx,Aus aktivem Rangpaket erkannt.
21,WÖk_Rang21_Kritik-Missverstaendnisse-Schutzarchitektur_Gesamtpaket_v1.0.zip,WÖk_Rang21_Kritik-Missverstaendnisse-Schutzarchitektur_Gesamtpaket_v1.0/docx/WÖk_Rang21_sdg-sdgplus-block_v1.0.docx,WÖk_Rang21_sdg-sdgplus-block_v1.0.docx,docx,Gesamtpaket,36.9,ja,Import pruefen,/downloads/rang-21/WÖk_Rang21_sdg-sdgplus-block_v1.0.docx,Aus aktivem Rangpaket erkannt.
21,WÖk_Rang21_Kritik-Missverstaendnisse-Schutzarchitektur_Gesamtpaket_v1.0.zip,WÖk_Rang21_Kritik-Missverstaendnisse-Schutzarchitektur_Gesamtpaket_v1.0/docx/WÖk_Rang21_politische-anschlussfaehigkeit_v1.0.docx,WÖk_Rang21_politische-anschlussfaehigkeit_v1.0.docx,docx,Gesamtpaket,36.8,ja,Import pruefen,/downloads/rang-21/WÖk_Rang21_politische-anschlussfaehigkeit_v1.0.docx,Aus aktivem Rangpaket erkannt.
21,WÖk_Rang21_Kritik-Missverstaendnisse-Schutzarchitektur_Gesamtpaket_v1.0.zip,WÖk_Rang21_Kritik-Missverstaendnisse-Schutzarchitektur_Gesamtpaket_v1.0/docx/WÖk_Rang21_quellen-und-glossarlinks_v1.0.docx,WÖk_Rang21_quellen-und-glossarlinks_v1.0.docx,docx,Gesamtpaket,37.1,ja,Import pruefen,/downloads/rang-21/WÖk_Rang21_quellen-und-glossarlinks_v1.0.docx,Aus aktivem Rangpaket erkannt.
21,WÖk_Rang21_Kritik-Missverstaendnisse-Schutzarchitektur_Gesamtpaket_v1.0.zip,WÖk_Rang21_Kritik-Missverstaendnisse-Schutzarchitektur_Gesamtpaket_v1.0/docx/WÖk_Rang21_faq-missverstaendnisse_v1.0.docx,WÖk_Rang21_faq-missverstaendnisse_v1.0.docx,docx,Gesamtpaket,36.5,ja,Import pruefen,/downloads/rang-21/WÖk_Rang21_faq-missverstaendnisse_v1.0.docx,Aus aktivem Rangpaket erkannt.
21,WÖk_Rang21_Kritik-Missverstaendnisse-Schutzarchitektur_Gesamtpaket_v1.0.zip,WÖk_Rang21_Kritik-Missverstaendnisse-Schutzarchitektur_Gesamtpaket_v1.0/docx/WÖk_Rang21_risiko-und-schutzmatrix_v1.0.docx,WÖk_Rang21_risiko-und-schutzmatrix_v1.0.docx,docx,Gesamtpaket,36.4,ja,Import pruefen,/downloads/rang-21/WÖk_Rang21_risiko-und-schutzmatrix_v1.0.docx,Aus aktivem Rangpaket erkannt.
21,WÖk_Rang21_Kritik-Missverstaendnisse-Schutzarchitektur_Gesamtpaket_v1.0.zip,WÖk_Rang21_Kritik-Missverstaendnisse-Schutzarchitektur_Gesamtpaket_v1.0/docx/WÖk_Rang21_Gesamtpaket_Alle_Inhalte_v1.0.docx,WÖk_Rang21_Gesamtpaket_Alle_Inhalte_v1.0.docx,docx,Gesamtpaket,54.3,ja,Import pruefen,/downloads/rang-21/WÖk_Rang21_Gesamtpaket_Alle_Inhalte_v1.0.docx,Aus aktivem Rangpaket erkannt.
21,WÖk_Rang21_Kritik-Missverstaendnisse-Schutzarchitektur_Gesamtpaket_v1.0.zip,WÖk_Rang21_Kritik-Missverstaendnisse-Schutzarchitektur_Gesamtpaket_v1.0/docx/WÖk_Rang21_Konzeptpapier_Kritik-Missverstaendnisse-Schutzarchitektur_v1.0.docx,WÖk_Rang21_Konzeptpapier_Kritik-Missverstaendnisse-Schutzarchitektur_v1.0.docx,docx,Konzeptpapier,40.3,ja,Import pruefen,/downloads/rang-21/WÖk_Rang21_Konzeptpapier_Kritik-Missverstaendnisse-Schutzarchitektur_v1.0.docx,Aus aktivem Rangpaket erkannt.
21,WÖk_Rang21_Kritik-Missverstaendnisse-Schutzarchitektur_Gesamtpaket_v1.0.zip,WÖk_Rang21_Kritik-Missverstaendnisse-Schutzarchitektur_Gesamtpaket_v1.0/docx/WÖk_Rang21_Gesamtdossier_Kritik-Missverstaendnisse-Schutzarchitektur_v1.0.docx,WÖk_Rang21_Gesamtdossier_Kritik-Missverstaendnisse-Schutzarchitektur_v1.0.docx,docx,Gesamtdossier,39.3,ja,Import pruefen,/downloads/rang-21/WÖk_Rang21_Gesamtdossier_Kritik-Missverstaendnisse-Schutzarchitektur_v1.0.docx,Aus aktivem Rangpaket erkannt.
21,WÖk_Rang21_Kritik-Missverstaendnisse-Schutzarchitektur_Gesamtpaket_v1.0.zip,WÖk_Rang21_Kritik-Missverstaendnisse-Schutzarchitektur_Gesamtpaket_v1.0/md/WÖk_Rang21_portalstartseite_v1.0.md,WÖk_Rang21_portalstartseite_v1.0.md,md,Gesamtpaket,5.4,ja,Import pruefen,/downloads/rang-21/WÖk_Rang21_portalstartseite_v1.0.md,Aus aktivem Rangpaket erkannt.
21,WÖk_Rang21_Kritik-Missverstaendnisse-Schutzarchitektur_Gesamtpaket_v1.0.zip,WÖk_Rang21_Kritik-Missverstaendnisse-Schutzarchitektur_Gesamtpaket_v1.0/md/WÖk_Rang21_bestands-und-nachlieferliste_v1.0.md,WÖk_Rang21_bestands-und-nachlieferliste_v1.0.md,md,Gesamtpaket,1.1,ja,Import pruefen,/downloads/rang-21/WÖk_Rang21_bestands-und-nachlieferliste_v1.0.md,Aus aktivem Rangpaket erkannt.
21,WÖk_Rang21_Kritik-Missverstaendnisse-Schutzarchitektur_Gesamtpaket_v1.0.zip,WÖk_Rang21_Kritik-Missverstaendnisse-Schutzarchitektur_Gesamtpaket_v1.0/md/WÖk_Rang21_konzeptpapier_v1.0.md,WÖk_Rang21_konzeptpapier_v1.0.md,md,Konzeptpapier,10.7,ja,Import pruefen,/downloads/rang-21/WÖk_Rang21_konzeptpapier_v1.0.md,Aus aktivem Rangpaket erkannt.
21,WÖk_Rang21_Kritik-Missverstaendnisse-Schutzarchitektur_Gesamtpaket_v1.0.zip,WÖk_Rang21_Kritik-Missverstaendnisse-Schutzarchitektur_Gesamtpaket_v1.0/md/WÖk_Rang21_gesamtdossier_v1.0.md,WÖk_Rang21_gesamtdossier_v1.0.md,md,Gesamtdossier,20.8,ja,Import pruefen,/downloads/rang-21/WÖk_Rang21_gesamtdossier_v1.0.md,Aus aktivem Rangpaket erkannt.
21,WÖk_Rang21_Kritik-Missverstaendnisse-Schutzarchitektur_Gesamtpaket_v1.0.zip,WÖk_Rang21_Kritik-Missverstaendnisse-Schutzarchitektur_Gesamtpaket_v1.0/md/WÖk_Rang21_detailkonzept-01-widerstand-gegen-neue-massstaebe_v1.0.md,WÖk_Rang21_detailkonzept-01-widerstand-gegen-neue-massstaebe_v1.0.md,md,Detailkonzept,19.1,ja,Import pruefen,/downloads/rang-21/WÖk_Rang21_detailkonzept-01-widerstand-gegen-neue-massstaebe_v1.0.md,Aus aktivem Rangpaket erkannt.
21,WÖk_Rang21_Kritik-Missverstaendnisse-Schutzarchitektur_Gesamtpaket_v1.0.zip,WÖk_Rang21_Kritik-Missverstaendnisse-Schutzarchitektur_Gesamtpaket_v1.0/md/WÖk_Rang21_detailkonzept-02-sdgs-zwischen-kooperation-und-verschwoerungsnarrativ_v1.0.md,WÖk_Rang21_detailkonzept-02-sdgs-zwischen-kooperation-und-verschwoerungsnarrativ_v1.0.md,md,Detailkonzept,19.1,ja,Import pruefen,/downloads/rang-21/WÖk_Rang21_detailkonzept-02-sdgs-zwischen-kooperation-und-verschwoerungsnarrativ_v1.0.md,Aus aktivem Rangpaket erkannt.
21,WÖk_Rang21_Kritik-Missverstaendnisse-Schutzarchitektur_Gesamtpaket_v1.0.zip,WÖk_Rang21_Kritik-Missverstaendnisse-Schutzarchitektur_Gesamtpaket_v1.0/md/WÖk_Rang21_detailkonzept-03-technokratie-ueberwachung-und-social-credit-als-rote-linie_v1.0.md,WÖk_Rang21_detailkonzept-03-technokratie-ueberwachung-und-social-credit-als-rote-linie_v1.0.md,md,Detailkonzept,19.1,ja,Import pruefen,/downloads/rang-21/WÖk_Rang21_detailkonzept-03-technokratie-ueberwachung-und-social-credit-als-rote-linie_v1.0.md,Aus aktivem Rangpaket erkannt.
21,WÖk_Rang21_Kritik-Missverstaendnisse-Schutzarchitektur_Gesamtpaket_v1.0.zip,WÖk_Rang21_Kritik-Missverstaendnisse-Schutzarchitektur_Gesamtpaket_v1.0/md/WÖk_Rang21_detailkonzept-04-wirkungsmessung-manipulation-und-wirkungssimulation_v1.0.md,WÖk_Rang21_detailkonzept-04-wirkungsmessung-manipulation-und-wirkungssimulation_v1.0.md,md,Detailkonzept,19.1,ja,Import pruefen,/downloads/rang-21/WÖk_Rang21_detailkonzept-04-wirkungsmessung-manipulation-und-wirkungssimulation_v1.0.md,Aus aktivem Rangpaket erkannt.
21,WÖk_Rang21_Kritik-Missverstaendnisse-Schutzarchitektur_Gesamtpaket_v1.0.zip,WÖk_Rang21_Kritik-Missverstaendnisse-Schutzarchitektur_Gesamtpaket_v1.0/md/WÖk_Rang21_detailkonzept-05-freiheit-markt-und-der-vorwurf-der-planwirtschaft_v1.0.md,WÖk_Rang21_detailkonzept-05-freiheit-markt-und-der-vorwurf-der-planwirtschaft_v1.0.md,md,Detailkonzept,19.0,ja,Import pruefen,/downloads/rang-21/WÖk_Rang21_detailkonzept-05-freiheit-markt-und-der-vorwurf-der-planwirtschaft_v1.0.md,Aus aktivem Rangpaket erkannt.
21,WÖk_Rang21_Kritik-Missverstaendnisse-Schutzarchitektur_Gesamtpaket_v1.0.zip,WÖk_Rang21_Kritik-Missverstaendnisse-Schutzarchitektur_Gesamtpaket_v1.0/md/WÖk_Rang21_detailkonzept-06-fehlbarkeit-unsicherheit-und-lernende-korrektur_v1.0.md,WÖk_Rang21_detailkonzept-06-fehlbarkeit-unsicherheit-und-lernende-korrektur_v1.0.md,md,Detailkonzept,19.1,ja,Import pruefen,/downloads/rang-21/WÖk_Rang21_detailkonzept-06-fehlbarkeit-unsicherheit-und-lernende-korrektur_v1.0.md,Aus aktivem Rangpaket erkannt.
21,WÖk_Rang21_Kritik-Missverstaendnisse-Schutzarchitektur_Gesamtpaket_v1.0.zip,WÖk_Rang21_Kritik-Missverstaendnisse-Schutzarchitektur_Gesamtpaket_v1.0/md/WÖk_Rang21_detailkonzept-07-datenmacht-datenschutz-und-demokratische-begrenzung_v1.0.md,WÖk_Rang21_detailkonzept-07-datenmacht-datenschutz-und-demokratische-begrenzung_v1.0.md,md,Detailkonzept,19.0,ja,Import pruefen,/downloads/rang-21/WÖk_Rang21_detailkonzept-07-datenmacht-datenschutz-und-demokratische-begrenzung_v1.0.md,Aus aktivem Rangpaket erkannt.
21,WÖk_Rang21_Kritik-Missverstaendnisse-Schutzarchitektur_Gesamtpaket_v1.0.zip,WÖk_Rang21_Kritik-Missverstaendnisse-Schutzarchitektur_Gesamtpaket_v1.0/md/WÖk_Rang21_detailkonzept-08-kommunikation-framing-und-akzeptanz_v1.0.md,WÖk_Rang21_detailkonzept-08-kommunikation-framing-und-akzeptanz_v1.0.md,md,Detailkonzept,19.0,ja,Import pruefen,/downloads/rang-21/WÖk_Rang21_detailkonzept-08-kommunikation-framing-und-akzeptanz_v1.0.md,Aus aktivem Rangpaket erkannt.
21,WÖk_Rang21_Kritik-Missverstaendnisse-Schutzarchitektur_Gesamtpaket_v1.0.zip,WÖk_Rang21_Kritik-Missverstaendnisse-Schutzarchitektur_Gesamtpaket_v1.0/md/WÖk_Rang21_detailkonzept-09-missbrauchsschutz-rechtsschutz-und-governance_v1.0.md,WÖk_Rang21_detailkonzept-09-missbrauchsschutz-rechtsschutz-und-governance_v1.0.md,md,Detailkonzept,19.1,ja,Import pruefen,/downloads/rang-21/WÖk_Rang21_detailkonzept-09-missbrauchsschutz-rechtsschutz-und-governance_v1.0.md,Aus aktivem Rangpaket erkannt.
21,WÖk_Rang21_Kritik-Missverstaendnisse-Schutzarchitektur_Gesamtpaket_v1.0.zip,WÖk_Rang21_Kritik-Missverstaendnisse-Schutzarchitektur_Gesamtpaket_v1.0/md/WÖk_Rang21_detailkonzept-10-kritikwerkstatt-beteiligung-und-oeffentliche-rueckkopplung_v1.0.md,WÖk_Rang21_detailkonzept-10-kritikwerkstatt-beteiligung-und-oeffentliche-rueckkopplung_v1.0.md,md,Detailkonzept,19.1,ja,Import pruefen,/downloads/rang-21/WÖk_Rang21_detailkonzept-10-kritikwerkstatt-beteiligung-und-oeffentliche-rueckkopplung_v1.0.md,Aus aktivem Rangpaket erkannt.
21,WÖk_Rang21_Kritik-Missverstaendnisse-Schutzarchitektur_Gesamtpaket_v1.0.zip,WÖk_Rang21_Kritik-Missverstaendnisse-Schutzarchitektur_Gesamtpaket_v1.0/md/WÖk_Rang21_wirkungsindikatoren_v1.0.md,WÖk_Rang21_wirkungsindikatoren_v1.0.md,md,Gesamtpaket,3.1,ja,Import pruefen,/downloads/rang-21/WÖk_Rang21_wirkungsindikatoren_v1.0.md,Aus aktivem Rangpaket erkannt.
21,WÖk_Rang21_Kritik-Missverstaendnisse-Schutzarchitektur_Gesamtpaket_v1.0.zip,WÖk_Rang21_Kritik-Missverstaendnisse-Schutzarchitektur_Gesamtpaket_v1.0/md/WÖk_Rang21_toolkarten_v1.0.md,WÖk_Rang21_toolkarten_v1.0.md,md,Toolkarten,2.5,ja,Import pruefen,/downloads/rang-21/WÖk_Rang21_toolkarten_v1.0.md,Aus aktivem Rangpaket erkannt.
21,WÖk_Rang21_Kritik-Missverstaendnisse-Schutzarchitektur_Gesamtpaket_v1.0.zip,WÖk_Rang21_Kritik-Missverstaendnisse-Schutzarchitektur_Gesamtpaket_v1.0/md/WÖk_Rang21_sdg-sdgplus-block_v1.0.md,WÖk_Rang21_sdg-sdgplus-block_v1.0.md,md,Gesamtpaket,2.0,ja,Import pruefen,/downloads/rang-21/WÖk_Rang21_sdg-sdgplus-block_v1.0.md,Aus aktivem Rangpaket erkannt.
21,WÖk_Rang21_Kritik-Missverstaendnisse-Schutzarchitektur_Gesamtpaket_v1.0.zip,WÖk_Rang21_Kritik-Missverstaendnisse-Schutzarchitektur_Gesamtpaket_v1.0/md/WÖk_Rang21_politische-anschlussfaehigkeit_v1.0.md,WÖk_Rang21_politische-anschlussfaehigkeit_v1.0.md,md,Gesamtpaket,1.9,ja,Import pruefen,/downloads/rang-21/WÖk_Rang21_politische-anschlussfaehigkeit_v1.0.md,Aus aktivem Rangpaket erkannt.
21,WÖk_Rang21_Kritik-Missverstaendnisse-Schutzarchitektur_Gesamtpaket_v1.0.zip,WÖk_Rang21_Kritik-Missverstaendnisse-Schutzarchitektur_Gesamtpaket_v1.0/md/WÖk_Rang21_quellen-und-glossarlinks_v1.0.md,WÖk_Rang21_quellen-und-glossarlinks_v1.0.md,md,Gesamtpaket,2.4,ja,Import pruefen,/downloads/rang-21/WÖk_Rang21_quellen-und-glossarlinks_v1.0.md,Aus aktivem Rangpaket erkannt.
21,WÖk_Rang21_Kritik-Missverstaendnisse-Schutzarchitektur_Gesamtpaket_v1.0.zip,WÖk_Rang21_Kritik-Missverstaendnisse-Schutzarchitektur_Gesamtpaket_v1.0/md/WÖk_Rang21_faq-missverstaendnisse_v1.0.md,WÖk_Rang21_faq-missverstaendnisse_v1.0.md,md,Gesamtpaket,1.2,ja,Import pruefen,/downloads/rang-21/WÖk_Rang21_faq-missverstaendnisse_v1.0.md,Aus aktivem Rangpaket erkannt.
21,WÖk_Rang21_Kritik-Missverstaendnisse-Schutzarchitektur_Gesamtpaket_v1.0.zip,WÖk_Rang21_Kritik-Missverstaendnisse-Schutzarchitektur_Gesamtpaket_v1.0/md/WÖk_Rang21_risiko-und-schutzmatrix_v1.0.md,WÖk_Rang21_risiko-und-schutzmatrix_v1.0.md,md,Gesamtpaket,1.0,ja,Import pruefen,/downloads/rang-21/WÖk_Rang21_risiko-und-schutzmatrix_v1.0.md,Aus aktivem Rangpaket erkannt.
21,WÖk_Rang21_Kritik-Missverstaendnisse-Schutzarchitektur_Gesamtpaket_v1.0.zip,WÖk_Rang21_Kritik-Missverstaendnisse-Schutzarchitektur_Gesamtpaket_v1.0/md/WÖk_Rang21_Gesamtpaket_Alle_Inhalte_v1.0.md,WÖk_Rang21_Gesamtpaket_Alle_Inhalte_v1.0.md,md,Gesamtpaket,239.3,ja,Import pruefen,/downloads/rang-21/WÖk_Rang21_Gesamtpaket_Alle_Inhalte_v1.0.md,Aus aktivem Rangpaket erkannt.
21,WÖk_Rang21_Kritik-Missverstaendnisse-Schutzarchitektur_Gesamtpaket_v1.0.zip,WÖk_Rang21_Kritik-Missverstaendnisse-Schutzarchitektur_Gesamtpaket_v1.0/html/WÖk_Rang21_portalstartseite_v1.0.html,WÖk_Rang21_portalstartseite_v1.0.html,html,Gesamtpaket,6.2,ja,Import pruefen,/downloads/rang-21/WÖk_Rang21_portalstartseite_v1.0.html,Aus aktivem Rangpaket erkannt.
21,WÖk_Rang21_Kritik-Missverstaendnisse-Schutzarchitektur_Gesamtpaket_v1.0.zip,WÖk_Rang21_Kritik-Missverstaendnisse-Schutzarchitektur_Gesamtpaket_v1.0/html/WÖk_Rang21_bestands-und-nachlieferliste_v1.0.html,WÖk_Rang21_bestands-und-nachlieferliste_v1.0.html,html,Gesamtpaket,1.9,ja,Import pruefen,/downloads/rang-21/WÖk_Rang21_bestands-und-nachlieferliste_v1.0.html,Aus aktivem Rangpaket erkannt.
21,WÖk_Rang21_Kritik-Missverstaendnisse-Schutzarchitektur_Gesamtpaket_v1.0.zip,WÖk_Rang21_Kritik-Missverstaendnisse-Schutzarchitektur_Gesamtpaket_v1.0/html/WÖk_Rang21_konzeptpapier_v1.0.html,WÖk_Rang21_konzeptpapier_v1.0.html,html,Konzeptpapier,11.7,ja,Import pruefen,/downloads/rang-21/WÖk_Rang21_konzeptpapier_v1.0.html,Aus aktivem Rangpaket erkannt.
21,WÖk_Rang21_Kritik-Missverstaendnisse-Schutzarchitektur_Gesamtpaket_v1.0.zip,WÖk_Rang21_Kritik-Missverstaendnisse-Schutzarchitektur_Gesamtpaket_v1.0/html/WÖk_Rang21_gesamtdossier_v1.0.html,WÖk_Rang21_gesamtdossier_v1.0.html,html,Gesamtdossier,22.1,ja,Import pruefen,/downloads/rang-21/WÖk_Rang21_gesamtdossier_v1.0.html,Aus aktivem Rangpaket erkannt.
21,WÖk_Rang21_Kritik-Missverstaendnisse-Schutzarchitektur_Gesamtpaket_v1.0.zip,WÖk_Rang21_Kritik-Missverstaendnisse-Schutzarchitektur_Gesamtpaket_v1.0/html/WÖk_Rang21_detailkonzept-01-widerstand-gegen-neue-massstaebe_v1.0.html,WÖk_Rang21_detailkonzept-01-widerstand-gegen-neue-massstaebe_v1.0.html,html,Detailkonzept,20.3,ja,Import pruefen,/downloads/rang-21/WÖk_Rang21_detailkonzept-01-widerstand-gegen-neue-massstaebe_v1.0.html,Aus aktivem Rangpaket erkannt.
21,WÖk_Rang21_Kritik-Missverstaendnisse-Schutzarchitektur_Gesamtpaket_v1.0.zip,WÖk_Rang21_Kritik-Missverstaendnisse-Schutzarchitektur_Gesamtpaket_v1.0/html/WÖk_Rang21_detailkonzept-02-sdgs-zwischen-kooperation-und-verschwoerungsnarrativ_v1.0.html,WÖk_Rang21_detailkonzept-02-sdgs-zwischen-kooperation-und-verschwoerungsnarrativ_v1.0.html,html,Detailkonzept,20.3,ja,Import pruefen,/downloads/rang-21/WÖk_Rang21_detailkonzept-02-sdgs-zwischen-kooperation-und-verschwoerungsnarrativ_v1.0.html,Aus aktivem Rangpaket erkannt.
21,WÖk_Rang21_Kritik-Missverstaendnisse-Schutzarchitektur_Gesamtpaket_v1.0.zip,WÖk_Rang21_Kritik-Missverstaendnisse-Schutzarchitektur_Gesamtpaket_v1.0/html/WÖk_Rang21_detailkonzept-03-technokratie-ueberwachung-und-social-credit-als-rote-linie_v1.0.html,WÖk_Rang21_detailkonzept-03-technokratie-ueberwachung-und-social-credit-als-rote-linie_v1.0.html,html,Detailkonzept,20.3,ja,Import pruefen,/downloads/rang-21/WÖk_Rang21_detailkonzept-03-technokratie-ueberwachung-und-social-credit-als-rote-linie_v1.0.html,Aus aktivem Rangpaket erkannt.
21,WÖk_Rang21_Kritik-Missverstaendnisse-Schutzarchitektur_Gesamtpaket_v1.0.zip,WÖk_Rang21_Kritik-Missverstaendnisse-Schutzarchitektur_Gesamtpaket_v1.0/html/WÖk_Rang21_detailkonzept-04-wirkungsmessung-manipulation-und-wirkungssimulation_v1.0.html,WÖk_Rang21_detailkonzept-04-wirkungsmessung-manipulation-und-wirkungssimulation_v1.0.html,html,Detailkonzept,20.3,ja,Import pruefen,/downloads/rang-21/WÖk_Rang21_detailkonzept-04-wirkungsmessung-manipulation-und-wirkungssimulation_v1.0.html,Aus aktivem Rangpaket erkannt.
21,WÖk_Rang21_Kritik-Missverstaendnisse-Schutzarchitektur_Gesamtpaket_v1.0.zip,WÖk_Rang21_Kritik-Missverstaendnisse-Schutzarchitektur_Gesamtpaket_v1.0/html/WÖk_Rang21_detailkonzept-05-freiheit-markt-und-der-vorwurf-der-planwirtschaft_v1.0.html,WÖk_Rang21_detailkonzept-05-freiheit-markt-und-der-vorwurf-der-planwirtschaft_v1.0.html,html,Detailkonzept,20.3,ja,Import pruefen,/downloads/rang-21/WÖk_Rang21_detailkonzept-05-freiheit-markt-und-der-vorwurf-der-planwirtschaft_v1.0.html,Aus aktivem Rangpaket erkannt.
21,WÖk_Rang21_Kritik-Missverstaendnisse-Schutzarchitektur_Gesamtpaket_v1.0.zip,WÖk_Rang21_Kritik-Missverstaendnisse-Schutzarchitektur_Gesamtpaket_v1.0/html/WÖk_Rang21_detailkonzept-06-fehlbarkeit-unsicherheit-und-lernende-korrektur_v1.0.html,WÖk_Rang21_detailkonzept-06-fehlbarkeit-unsicherheit-und-lernende-korrektur_v1.0.html,html,Detailkonzept,20.3,ja,Import pruefen,/downloads/rang-21/WÖk_Rang21_detailkonzept-06-fehlbarkeit-unsicherheit-und-lernende-korrektur_v1.0.html,Aus aktivem Rangpaket erkannt.
21,WÖk_Rang21_Kritik-Missverstaendnisse-Schutzarchitektur_Gesamtpaket_v1.0.zip,WÖk_Rang21_Kritik-Missverstaendnisse-Schutzarchitektur_Gesamtpaket_v1.0/html/WÖk_Rang21_detailkonzept-07-datenmacht-datenschutz-und-demokratische-begrenzung_v1.0.html,WÖk_Rang21_detailkonzept-07-datenmacht-datenschutz-und-demokratische-begrenzung_v1.0.html,html,Detailkonzept,20.3,ja,Import pruefen,/downloads/rang-21/WÖk_Rang21_detailkonzept-07-datenmacht-datenschutz-und-demokratische-begrenzung_v1.0.html,Aus aktivem Rangpaket erkannt.
21,WÖk_Rang21_Kritik-Missverstaendnisse-Schutzarchitektur_Gesamtpaket_v1.0.zip,WÖk_Rang21_Kritik-Missverstaendnisse-Schutzarchitektur_Gesamtpaket_v1.0/html/WÖk_Rang21_detailkonzept-08-kommunikation-framing-und-akzeptanz_v1.0.html,WÖk_Rang21_detailkonzept-08-kommunikation-framing-und-akzeptanz_v1.0.html,html,Detailkonzept,20.2,ja,Import pruefen,/downloads/rang-21/WÖk_Rang21_detailkonzept-08-kommunikation-framing-und-akzeptanz_v1.0.html,Aus aktivem Rangpaket erkannt.
21,WÖk_Rang21_Kritik-Missverstaendnisse-Schutzarchitektur_Gesamtpaket_v1.0.zip,WÖk_Rang21_Kritik-Missverstaendnisse-Schutzarchitektur_Gesamtpaket_v1.0/html/WÖk_Rang21_detailkonzept-09-missbrauchsschutz-rechtsschutz-und-governance_v1.0.html,WÖk_Rang21_detailkonzept-09-missbrauchsschutz-rechtsschutz-und-governance_v1.0.html,html,Detailkonzept,20.3,ja,Import pruefen,/downloads/rang-21/WÖk_Rang21_detailkonzept-09-missbrauchsschutz-rechtsschutz-und-governance_v1.0.html,Aus aktivem Rangpaket erkannt.
21,WÖk_Rang21_Kritik-Missverstaendnisse-Schutzarchitektur_Gesamtpaket_v1.0.zip,WÖk_Rang21_Kritik-Missverstaendnisse-Schutzarchitektur_Gesamtpaket_v1.0/html/WÖk_Rang21_detailkonzept-10-kritikwerkstatt-beteiligung-und-oeffentliche-rueckkopplung_v1.0.html,WÖk_Rang21_detailkonzept-10-kritikwerkstatt-beteiligung-und-oeffentliche-rueckkopplung_v1.0.html,html,Detailkonzept,20.4,ja,Import pruefen,/downloads/rang-21/WÖk_Rang21_detailkonzept-10-kritikwerkstatt-beteiligung-und-oeffentliche-rueckkopplung_v1.0.html,Aus aktivem Rangpaket erkannt.
21,WÖk_Rang21_Kritik-Missverstaendnisse-Schutzarchitektur_Gesamtpaket_v1.0.zip,WÖk_Rang21_Kritik-Missverstaendnisse-Schutzarchitektur_Gesamtpaket_v1.0/html/WÖk_Rang21_wirkungsindikatoren_v1.0.html,WÖk_Rang21_wirkungsindikatoren_v1.0.html,html,Gesamtpaket,3.9,ja,Import pruefen,/downloads/rang-21/WÖk_Rang21_wirkungsindikatoren_v1.0.html,Aus aktivem Rangpaket erkannt.
21,WÖk_Rang21_Kritik-Missverstaendnisse-Schutzarchitektur_Gesamtpaket_v1.0.zip,WÖk_Rang21_Kritik-Missverstaendnisse-Schutzarchitektur_Gesamtpaket_v1.0/html/WÖk_Rang21_toolkarten_v1.0.html,WÖk_Rang21_toolkarten_v1.0.html,html,Toolkarten,3.4,ja,Import pruefen,/downloads/rang-21/WÖk_Rang21_toolkarten_v1.0.html,Aus aktivem Rangpaket erkannt.
21,WÖk_Rang21_Kritik-Missverstaendnisse-Schutzarchitektur_Gesamtpaket_v1.0.zip,WÖk_Rang21_Kritik-Missverstaendnisse-Schutzarchitektur_Gesamtpaket_v1.0/html/WÖk_Rang21_sdg-sdgplus-block_v1.0.html,WÖk_Rang21_sdg-sdgplus-block_v1.0.html,html,Gesamtpaket,2.8,ja,Import pruefen,/downloads/rang-21/WÖk_Rang21_sdg-sdgplus-block_v1.0.html,Aus aktivem Rangpaket erkannt.
21,WÖk_Rang21_Kritik-Missverstaendnisse-Schutzarchitektur_Gesamtpaket_v1.0.zip,WÖk_Rang21_Kritik-Missverstaendnisse-Schutzarchitektur_Gesamtpaket_v1.0/html/WÖk_Rang21_politische-anschlussfaehigkeit_v1.0.html,WÖk_Rang21_politische-anschlussfaehigkeit_v1.0.html,html,Gesamtpaket,2.6,ja,Import pruefen,/downloads/rang-21/WÖk_Rang21_politische-anschlussfaehigkeit_v1.0.html,Aus aktivem Rangpaket erkannt.
21,WÖk_Rang21_Kritik-Missverstaendnisse-Schutzarchitektur_Gesamtpaket_v1.0.zip,WÖk_Rang21_Kritik-Missverstaendnisse-Schutzarchitektur_Gesamtpaket_v1.0/html/WÖk_Rang21_quellen-und-glossarlinks_v1.0.html,WÖk_Rang21_quellen-und-glossarlinks_v1.0.html,html,Gesamtpaket,3.2,ja,Import pruefen,/downloads/rang-21/WÖk_Rang21_quellen-und-glossarlinks_v1.0.html,Aus aktivem Rangpaket erkannt.
21,WÖk_Rang21_Kritik-Missverstaendnisse-Schutzarchitektur_Gesamtpaket_v1.0.zip,WÖk_Rang21_Kritik-Missverstaendnisse-Schutzarchitektur_Gesamtpaket_v1.0/html/WÖk_Rang21_faq-missverstaendnisse_v1.0.html,WÖk_Rang21_faq-missverstaendnisse_v1.0.html,html,Gesamtpaket,1.9,ja,Import pruefen,/downloads/rang-21/WÖk_Rang21_faq-missverstaendnisse_v1.0.html,Aus aktivem Rangpaket erkannt.
21,WÖk_Rang21_Kritik-Missverstaendnisse-Schutzarchitektur_Gesamtpaket_v1.0.zip,WÖk_Rang21_Kritik-Missverstaendnisse-Schutzarchitektur_Gesamtpaket_v1.0/html/WÖk_Rang21_risiko-und-schutzmatrix_v1.0.html,WÖk_Rang21_risiko-und-schutzmatrix_v1.0.html,html,Gesamtpaket,1.8,ja,Import pruefen,/downloads/rang-21/WÖk_Rang21_risiko-und-schutzmatrix_v1.0.html,Aus aktivem Rangpaket erkannt.
21,WÖk_Rang21_Kritik-Missverstaendnisse-Schutzarchitektur_Gesamtpaket_v1.0.zip,WÖk_Rang21_Kritik-Missverstaendnisse-Schutzarchitektur_Gesamtpaket_v1.0/html/WÖk_Rang21_Gesamtpaket_Alle_Inhalte_v1.0.html,WÖk_Rang21_Gesamtpaket_Alle_Inhalte_v1.0.html,html,Gesamtpaket,248.2,ja,Import pruefen,/downloads/rang-21/WÖk_Rang21_Gesamtpaket_Alle_Inhalte_v1.0.html,Aus aktivem Rangpaket erkannt.
21,WÖk_Rang21_Kritik-Missverstaendnisse-Schutzarchitektur_Gesamtpaket_v1.0.zip,WÖk_Rang21_Kritik-Missverstaendnisse-Schutzarchitektur_Gesamtpaket_v1.0/json/index_rang21.json,index_rang21.json,json,Sonstiges,6.5,ja,Import pruefen,/downloads/rang-21/index_rang21.json,Aus aktivem Rangpaket erkannt.
21,WÖk_Rang21_Kritik-Missverstaendnisse-Schutzarchitektur_Gesamtpaket_v1.0.zip,WÖk_Rang21_Kritik-Missverstaendnisse-Schutzarchitektur_Gesamtpaket_v1.0/json/toolkarten_rang21.json,toolkarten_rang21.json,json,Toolkarten,2.5,ja,Import pruefen,/downloads/rang-21/toolkarten_rang21.json,Aus aktivem Rangpaket erkannt.
22,WÖk_Rang22_Zukunftsbilder-Wirkungswohlstand-Zivilisatorische-Perspektive_Gesamtpaket_v1.0.zip,WÖk_Rang22_Zukunftsbilder-Wirkungswohlstand-Zivilisatorische-Perspektive_Gesamtpaket_v1.0/README.txt,README.txt,txt,Sonstiges,0.3,ja,Import pruefen,/downloads/rang-22/README.txt,Aus aktivem Rangpaket erkannt.
22,WÖk_Rang22_Zukunftsbilder-Wirkungswohlstand-Zivilisatorische-Perspektive_Gesamtpaket_v1.0.zip,WÖk_Rang22_Zukunftsbilder-Wirkungswohlstand-Zivilisatorische-Perspektive_Gesamtpaket_v1.0/docx/WÖk_Rang22_Portalstartseite_Zukunftsbilder-Wirkungswohlstand_v1.0.docx,WÖk_Rang22_Portalstartseite_Zukunftsbilder-Wirkungswohlstand_v1.0.docx,docx,Gesamtpaket,41.4,ja,Import pruefen,/downloads/rang-22/WÖk_Rang22_Portalstartseite_Zukunftsbilder-Wirkungswohlstand_v1.0.docx,Aus aktivem Rangpaket erkannt.
22,WÖk_Rang22_Zukunftsbilder-Wirkungswohlstand-Zivilisatorische-Perspektive_Gesamtpaket_v1.0.zip,WÖk_Rang22_Zukunftsbilder-Wirkungswohlstand-Zivilisatorische-Perspektive_Gesamtpaket_v1.0/docx/WÖk_Rang22_Bestands-und-Nachlieferliste_v1.0.docx,WÖk_Rang22_Bestands-und-Nachlieferliste_v1.0.docx,docx,Gesamtpaket,40.9,ja,Import pruefen,/downloads/rang-22/WÖk_Rang22_Bestands-und-Nachlieferliste_v1.0.docx,Aus aktivem Rangpaket erkannt.
22,WÖk_Rang22_Zukunftsbilder-Wirkungswohlstand-Zivilisatorische-Perspektive_Gesamtpaket_v1.0.zip,WÖk_Rang22_Zukunftsbilder-Wirkungswohlstand-Zivilisatorische-Perspektive_Gesamtpaket_v1.0/docx/WÖk_Rang22_Konzeptpapier_Zukunftsbilder-Wirkungswohlstand_v1.0.docx,WÖk_Rang22_Konzeptpapier_Zukunftsbilder-Wirkungswohlstand_v1.0.docx,docx,Konzeptpapier,40.9,ja,Import pruefen,/downloads/rang-22/WÖk_Rang22_Konzeptpapier_Zukunftsbilder-Wirkungswohlstand_v1.0.docx,Aus aktivem Rangpaket erkannt.
22,WÖk_Rang22_Zukunftsbilder-Wirkungswohlstand-Zivilisatorische-Perspektive_Gesamtpaket_v1.0.zip,WÖk_Rang22_Zukunftsbilder-Wirkungswohlstand-Zivilisatorische-Perspektive_Gesamtpaket_v1.0/docx/WÖk_Rang22_Gesamtdossier_Zukunftsbilder-Wirkungswohlstand_v1.0.docx,WÖk_Rang22_Gesamtdossier_Zukunftsbilder-Wirkungswohlstand_v1.0.docx,docx,Gesamtdossier,41.3,ja,Import pruefen,/downloads/rang-22/WÖk_Rang22_Gesamtdossier_Zukunftsbilder-Wirkungswohlstand_v1.0.docx,Aus aktivem Rangpaket erkannt.
22,WÖk_Rang22_Zukunftsbilder-Wirkungswohlstand-Zivilisatorische-Perspektive_Gesamtpaket_v1.0.zip,WÖk_Rang22_Zukunftsbilder-Wirkungswohlstand-Zivilisatorische-Perspektive_Gesamtpaket_v1.0/docx/WÖk_Rang22_Detailkonzept_01_Alltag-2035-und-wirkungsfaehiger-Alltag_v1.0.docx,WÖk_Rang22_Detailkonzept_01_Alltag-2035-und-wirkungsfaehiger-Alltag_v1.0.docx,docx,Detailkonzept,42.0,ja,Import pruefen,/downloads/rang-22/WÖk_Rang22_Detailkonzept_01_Alltag-2035-und-wirkungsfaehiger-Alltag_v1.0.docx,Aus aktivem Rangpaket erkannt.
22,WÖk_Rang22_Zukunftsbilder-Wirkungswohlstand-Zivilisatorische-Perspektive_Gesamtpaket_v1.0.zip,WÖk_Rang22_Zukunftsbilder-Wirkungswohlstand-Zivilisatorische-Perspektive_Gesamtpaket_v1.0/docx/WÖk_Rang22_Detailkonzept_02_Unternehmen-2035-und-wirkungsorientierte-Fuehrung_v1.0.docx,WÖk_Rang22_Detailkonzept_02_Unternehmen-2035-und-wirkungsorientierte-Fuehrung_v1.0.docx,docx,Detailkonzept,42.0,ja,Import pruefen,/downloads/rang-22/WÖk_Rang22_Detailkonzept_02_Unternehmen-2035-und-wirkungsorientierte-Fuehrung_v1.0.docx,Aus aktivem Rangpaket erkannt.
22,WÖk_Rang22_Zukunftsbilder-Wirkungswohlstand-Zivilisatorische-Perspektive_Gesamtpaket_v1.0.zip,WÖk_Rang22_Zukunftsbilder-Wirkungswohlstand-Zivilisatorische-Perspektive_Gesamtpaket_v1.0/docx/WÖk_Rang22_Detailkonzept_03_Staat-2035-Wirkungshaushalt-und-lernende-Verwaltung_v1.0.docx,WÖk_Rang22_Detailkonzept_03_Staat-2035-Wirkungshaushalt-und-lernende-Verwaltung_v1.0.docx,docx,Detailkonzept,42.0,ja,Import pruefen,/downloads/rang-22/WÖk_Rang22_Detailkonzept_03_Staat-2035-Wirkungshaushalt-und-lernende-Verwaltung_v1.0.docx,Aus aktivem Rangpaket erkannt.
22,WÖk_Rang22_Zukunftsbilder-Wirkungswohlstand-Zivilisatorische-Perspektive_Gesamtpaket_v1.0.zip,WÖk_Rang22_Zukunftsbilder-Wirkungswohlstand-Zivilisatorische-Perspektive_Gesamtpaket_v1.0/docx/WÖk_Rang22_Detailkonzept_04_Globale-Ordnung-2050-und-weltfaehige-Rueckkopplung_v1.0.docx,WÖk_Rang22_Detailkonzept_04_Globale-Ordnung-2050-und-weltfaehige-Rueckkopplung_v1.0.docx,docx,Detailkonzept,42.0,ja,Import pruefen,/downloads/rang-22/WÖk_Rang22_Detailkonzept_04_Globale-Ordnung-2050-und-weltfaehige-Rueckkopplung_v1.0.docx,Aus aktivem Rangpaket erkannt.
22,WÖk_Rang22_Zukunftsbilder-Wirkungswohlstand-Zivilisatorische-Perspektive_Gesamtpaket_v1.0.zip,WÖk_Rang22_Zukunftsbilder-Wirkungswohlstand-Zivilisatorische-Perspektive_Gesamtpaket_v1.0/docx/WÖk_Rang22_Detailkonzept_05_Wirkungswohlstand-und-Wohlstand-ohne-Zerstoerung_v1.0.docx,WÖk_Rang22_Detailkonzept_05_Wirkungswohlstand-und-Wohlstand-ohne-Zerstoerung_v1.0.docx,docx,Detailkonzept,42.0,ja,Import pruefen,/downloads/rang-22/WÖk_Rang22_Detailkonzept_05_Wirkungswohlstand-und-Wohlstand-ohne-Zerstoerung_v1.0.docx,Aus aktivem Rangpaket erkannt.
22,WÖk_Rang22_Zukunftsbilder-Wirkungswohlstand-Zivilisatorische-Perspektive_Gesamtpaket_v1.0.zip,WÖk_Rang22_Zukunftsbilder-Wirkungswohlstand-Zivilisatorische-Perspektive_Gesamtpaket_v1.0/docx/WÖk_Rang22_Detailkonzept_06_Buerger-innen-als-Co-Autor-innen-der-Wirkung_v1.0.docx,WÖk_Rang22_Detailkonzept_06_Buerger-innen-als-Co-Autor-innen-der-Wirkung_v1.0.docx,docx,Detailkonzept,42.0,ja,Import pruefen,/downloads/rang-22/WÖk_Rang22_Detailkonzept_06_Buerger-innen-als-Co-Autor-innen-der-Wirkung_v1.0.docx,Aus aktivem Rangpaket erkannt.
22,WÖk_Rang22_Zukunftsbilder-Wirkungswohlstand-Zivilisatorische-Perspektive_Gesamtpaket_v1.0.zip,WÖk_Rang22_Zukunftsbilder-Wirkungswohlstand-Zivilisatorische-Perspektive_Gesamtpaket_v1.0/docx/WÖk_Rang22_Detailkonzept_07_Wirkungspraxis-in-Konsum-Arbeit-Wohnen-und-Mobilitaet_v1.0.docx,WÖk_Rang22_Detailkonzept_07_Wirkungspraxis-in-Konsum-Arbeit-Wohnen-und-Mobilitaet_v1.0.docx,docx,Detailkonzept,42.0,ja,Import pruefen,/downloads/rang-22/WÖk_Rang22_Detailkonzept_07_Wirkungspraxis-in-Konsum-Arbeit-Wohnen-und-Mobilitaet_v1.0.docx,Aus aktivem Rangpaket erkannt.
22,WÖk_Rang22_Zukunftsbilder-Wirkungswohlstand-Zivilisatorische-Perspektive_Gesamtpaket_v1.0.zip,WÖk_Rang22_Zukunftsbilder-Wirkungswohlstand-Zivilisatorische-Perspektive_Gesamtpaket_v1.0/docx/WÖk_Rang22_Detailkonzept_08_Zukunftskommunikation-Narrative-und-Resonanzraeume_v1.0.docx,WÖk_Rang22_Detailkonzept_08_Zukunftskommunikation-Narrative-und-Resonanzraeume_v1.0.docx,docx,Detailkonzept,42.0,ja,Import pruefen,/downloads/rang-22/WÖk_Rang22_Detailkonzept_08_Zukunftskommunikation-Narrative-und-Resonanzraeume_v1.0.docx,Aus aktivem Rangpaket erkannt.
22,WÖk_Rang22_Zukunftsbilder-Wirkungswohlstand-Zivilisatorische-Perspektive_Gesamtpaket_v1.0.zip,WÖk_Rang22_Zukunftsbilder-Wirkungswohlstand-Zivilisatorische-Perspektive_Gesamtpaket_v1.0/docx/WÖk_Rang22_Detailkonzept_09_Wohlstandsmessung-Wirkungs-BIP-und-Verlustleistung_v1.0.docx,WÖk_Rang22_Detailkonzept_09_Wohlstandsmessung-Wirkungs-BIP-und-Verlustleistung_v1.0.docx,docx,Detailkonzept,42.0,ja,Import pruefen,/downloads/rang-22/WÖk_Rang22_Detailkonzept_09_Wohlstandsmessung-Wirkungs-BIP-und-Verlustleistung_v1.0.docx,Aus aktivem Rangpaket erkannt.
22,WÖk_Rang22_Zukunftsbilder-Wirkungswohlstand-Zivilisatorische-Perspektive_Gesamtpaket_v1.0.zip,WÖk_Rang22_Zukunftsbilder-Wirkungswohlstand-Zivilisatorische-Perspektive_Gesamtpaket_v1.0/docx/WÖk_Rang22_Detailkonzept_10_Schlussbild-und-zivilisatorische-Perspektive_v1.0.docx,WÖk_Rang22_Detailkonzept_10_Schlussbild-und-zivilisatorische-Perspektive_v1.0.docx,docx,Detailkonzept,42.0,ja,Import pruefen,/downloads/rang-22/WÖk_Rang22_Detailkonzept_10_Schlussbild-und-zivilisatorische-Perspektive_v1.0.docx,Aus aktivem Rangpaket erkannt.
22,WÖk_Rang22_Zukunftsbilder-Wirkungswohlstand-Zivilisatorische-Perspektive_Gesamtpaket_v1.0.zip,WÖk_Rang22_Zukunftsbilder-Wirkungswohlstand-Zivilisatorische-Perspektive_Gesamtpaket_v1.0/docx/WÖk_Rang22_Wirkungsindikatoren_v1.0.docx,WÖk_Rang22_Wirkungsindikatoren_v1.0.docx,docx,Gesamtpaket,40.8,ja,Import pruefen,/downloads/rang-22/WÖk_Rang22_Wirkungsindikatoren_v1.0.docx,Aus aktivem Rangpaket erkannt.
22,WÖk_Rang22_Zukunftsbilder-Wirkungswohlstand-Zivilisatorische-Perspektive_Gesamtpaket_v1.0.zip,WÖk_Rang22_Zukunftsbilder-Wirkungswohlstand-Zivilisatorische-Perspektive_Gesamtpaket_v1.0/docx/WÖk_Rang22_Toolkarten_v1.0.docx,WÖk_Rang22_Toolkarten_v1.0.docx,docx,Toolkarten,41.2,ja,Import pruefen,/downloads/rang-22/WÖk_Rang22_Toolkarten_v1.0.docx,Aus aktivem Rangpaket erkannt.
22,WÖk_Rang22_Zukunftsbilder-Wirkungswohlstand-Zivilisatorische-Perspektive_Gesamtpaket_v1.0.zip,WÖk_Rang22_Zukunftsbilder-Wirkungswohlstand-Zivilisatorische-Perspektive_Gesamtpaket_v1.0/docx/WÖk_Rang22_SDG-SDGplus-Block_v1.0.docx,WÖk_Rang22_SDG-SDGplus-Block_v1.0.docx,docx,Gesamtpaket,40.6,ja,Import pruefen,/downloads/rang-22/WÖk_Rang22_SDG-SDGplus-Block_v1.0.docx,Aus aktivem Rangpaket erkannt.
22,WÖk_Rang22_Zukunftsbilder-Wirkungswohlstand-Zivilisatorische-Perspektive_Gesamtpaket_v1.0.zip,WÖk_Rang22_Zukunftsbilder-Wirkungswohlstand-Zivilisatorische-Perspektive_Gesamtpaket_v1.0/docx/WÖk_Rang22_Politische-Anschlussfaehigkeit_v1.0.docx,WÖk_Rang22_Politische-Anschlussfaehigkeit_v1.0.docx,docx,Gesamtpaket,38.9,ja,Import pruefen,/downloads/rang-22/WÖk_Rang22_Politische-Anschlussfaehigkeit_v1.0.docx,Aus aktivem Rangpaket erkannt.
22,WÖk_Rang22_Zukunftsbilder-Wirkungswohlstand-Zivilisatorische-Perspektive_Gesamtpaket_v1.0.zip,WÖk_Rang22_Zukunftsbilder-Wirkungswohlstand-Zivilisatorische-Perspektive_Gesamtpaket_v1.0/docx/WÖk_Rang22_Quellen-und-Glossarlinks_v1.0.docx,WÖk_Rang22_Quellen-und-Glossarlinks_v1.0.docx,docx,Gesamtpaket,40.7,ja,Import pruefen,/downloads/rang-22/WÖk_Rang22_Quellen-und-Glossarlinks_v1.0.docx,Aus aktivem Rangpaket erkannt.
22,WÖk_Rang22_Zukunftsbilder-Wirkungswohlstand-Zivilisatorische-Perspektive_Gesamtpaket_v1.0.zip,WÖk_Rang22_Zukunftsbilder-Wirkungswohlstand-Zivilisatorische-Perspektive_Gesamtpaket_v1.0/docx/WÖk_Rang22_Downloadstruktur_v1.0.docx,WÖk_Rang22_Downloadstruktur_v1.0.docx,docx,Gesamtpaket,40.7,ja,Import pruefen,/downloads/rang-22/WÖk_Rang22_Downloadstruktur_v1.0.docx,Aus aktivem Rangpaket erkannt.
22,WÖk_Rang22_Zukunftsbilder-Wirkungswohlstand-Zivilisatorische-Perspektive_Gesamtpaket_v1.0.zip,WÖk_Rang22_Zukunftsbilder-Wirkungswohlstand-Zivilisatorische-Perspektive_Gesamtpaket_v1.0/docx/WÖk_Rang22_Gesamtpaket_Alle_Inhalte_v1.0.docx,WÖk_Rang22_Gesamtpaket_Alle_Inhalte_v1.0.docx,docx,Gesamtpaket,55.2,ja,Import pruefen,/downloads/rang-22/WÖk_Rang22_Gesamtpaket_Alle_Inhalte_v1.0.docx,Aus aktivem Rangpaket erkannt.
22,WÖk_Rang22_Zukunftsbilder-Wirkungswohlstand-Zivilisatorische-Perspektive_Gesamtpaket_v1.0.zip,WÖk_Rang22_Zukunftsbilder-Wirkungswohlstand-Zivilisatorische-Perspektive_Gesamtpaket_v1.0/pdf/WÖk_Rang22_Bestands-und-Nachlieferliste_v1.0.pdf,WÖk_Rang22_Bestands-und-Nachlieferliste_v1.0.pdf,pdf,Gesamtpaket,92.7,ja,Import pruefen,/downloads/rang-22/WÖk_Rang22_Bestands-und-Nachlieferliste_v1.0.pdf,Aus aktivem Rangpaket erkannt.
22,WÖk_Rang22_Zukunftsbilder-Wirkungswohlstand-Zivilisatorische-Perspektive_Gesamtpaket_v1.0.zip,WÖk_Rang22_Zukunftsbilder-Wirkungswohlstand-Zivilisatorische-Perspektive_Gesamtpaket_v1.0/pdf/WÖk_Rang22_Detailkonzept_01_Alltag-2035-und-wirkungsfaehiger-Alltag_v1.0.pdf,WÖk_Rang22_Detailkonzept_01_Alltag-2035-und-wirkungsfaehiger-Alltag_v1.0.pdf,pdf,Detailkonzept,103.7,ja,Import pruefen,/downloads/rang-22/WÖk_Rang22_Detailkonzept_01_Alltag-2035-und-wirkungsfaehiger-Alltag_v1.0.pdf,Aus aktivem Rangpaket erkannt.
22,WÖk_Rang22_Zukunftsbilder-Wirkungswohlstand-Zivilisatorische-Perspektive_Gesamtpaket_v1.0.zip,WÖk_Rang22_Zukunftsbilder-Wirkungswohlstand-Zivilisatorische-Perspektive_Gesamtpaket_v1.0/pdf/WÖk_Rang22_Detailkonzept_02_Unternehmen-2035-und-wirkungsorientierte-Fuehrung_v1.0.pdf,WÖk_Rang22_Detailkonzept_02_Unternehmen-2035-und-wirkungsorientierte-Fuehrung_v1.0.pdf,pdf,Detailkonzept,103.5,ja,Import pruefen,/downloads/rang-22/WÖk_Rang22_Detailkonzept_02_Unternehmen-2035-und-wirkungsorientierte-Fuehrung_v1.0.pdf,Aus aktivem Rangpaket erkannt.
22,WÖk_Rang22_Zukunftsbilder-Wirkungswohlstand-Zivilisatorische-Perspektive_Gesamtpaket_v1.0.zip,WÖk_Rang22_Zukunftsbilder-Wirkungswohlstand-Zivilisatorische-Perspektive_Gesamtpaket_v1.0/pdf/WÖk_Rang22_Detailkonzept_03_Staat-2035-Wirkungshaushalt-und-lernende-Verwaltung_v1.0.pdf,WÖk_Rang22_Detailkonzept_03_Staat-2035-Wirkungshaushalt-und-lernende-Verwaltung_v1.0.pdf,pdf,Detailkonzept,103.5,ja,Import pruefen,/downloads/rang-22/WÖk_Rang22_Detailkonzept_03_Staat-2035-Wirkungshaushalt-und-lernende-Verwaltung_v1.0.pdf,Aus aktivem Rangpaket erkannt.
22,WÖk_Rang22_Zukunftsbilder-Wirkungswohlstand-Zivilisatorische-Perspektive_Gesamtpaket_v1.0.zip,WÖk_Rang22_Zukunftsbilder-Wirkungswohlstand-Zivilisatorische-Perspektive_Gesamtpaket_v1.0/pdf/WÖk_Rang22_Detailkonzept_04_Globale-Ordnung-2050-und-weltfaehige-Rueckkopplung_v1.0.pdf,WÖk_Rang22_Detailkonzept_04_Globale-Ordnung-2050-und-weltfaehige-Rueckkopplung_v1.0.pdf,pdf,Detailkonzept,103.7,ja,Import pruefen,/downloads/rang-22/WÖk_Rang22_Detailkonzept_04_Globale-Ordnung-2050-und-weltfaehige-Rueckkopplung_v1.0.pdf,Aus aktivem Rangpaket erkannt.
22,WÖk_Rang22_Zukunftsbilder-Wirkungswohlstand-Zivilisatorische-Perspektive_Gesamtpaket_v1.0.zip,WÖk_Rang22_Zukunftsbilder-Wirkungswohlstand-Zivilisatorische-Perspektive_Gesamtpaket_v1.0/pdf/WÖk_Rang22_Detailkonzept_05_Wirkungswohlstand-und-Wohlstand-ohne-Zerstoerung_v1.0.pdf,WÖk_Rang22_Detailkonzept_05_Wirkungswohlstand-und-Wohlstand-ohne-Zerstoerung_v1.0.pdf,pdf,Detailkonzept,102.8,ja,Import pruefen,/downloads/rang-22/WÖk_Rang22_Detailkonzept_05_Wirkungswohlstand-und-Wohlstand-ohne-Zerstoerung_v1.0.pdf,Aus aktivem Rangpaket erkannt.
22,WÖk_Rang22_Zukunftsbilder-Wirkungswohlstand-Zivilisatorische-Perspektive_Gesamtpaket_v1.0.zip,WÖk_Rang22_Zukunftsbilder-Wirkungswohlstand-Zivilisatorische-Perspektive_Gesamtpaket_v1.0/pdf/WÖk_Rang22_Detailkonzept_06_Buerger-innen-als-Co-Autor-innen-der-Wirkung_v1.0.pdf,WÖk_Rang22_Detailkonzept_06_Buerger-innen-als-Co-Autor-innen-der-Wirkung_v1.0.pdf,pdf,Detailkonzept,103.1,ja,Import pruefen,/downloads/rang-22/WÖk_Rang22_Detailkonzept_06_Buerger-innen-als-Co-Autor-innen-der-Wirkung_v1.0.pdf,Aus aktivem Rangpaket erkannt.
22,WÖk_Rang22_Zukunftsbilder-Wirkungswohlstand-Zivilisatorische-Perspektive_Gesamtpaket_v1.0.zip,WÖk_Rang22_Zukunftsbilder-Wirkungswohlstand-Zivilisatorische-Perspektive_Gesamtpaket_v1.0/pdf/WÖk_Rang22_Detailkonzept_07_Wirkungspraxis-in-Konsum-Arbeit-Wohnen-und-Mobilitaet_v1.0.pdf,WÖk_Rang22_Detailkonzept_07_Wirkungspraxis-in-Konsum-Arbeit-Wohnen-und-Mobilitaet_v1.0.pdf,pdf,Detailkonzept,103.3,ja,Import pruefen,/downloads/rang-22/WÖk_Rang22_Detailkonzept_07_Wirkungspraxis-in-Konsum-Arbeit-Wohnen-und-Mobilitaet_v1.0.pdf,Aus aktivem Rangpaket erkannt.
22,WÖk_Rang22_Zukunftsbilder-Wirkungswohlstand-Zivilisatorische-Perspektive_Gesamtpaket_v1.0.zip,WÖk_Rang22_Zukunftsbilder-Wirkungswohlstand-Zivilisatorische-Perspektive_Gesamtpaket_v1.0/pdf/WÖk_Rang22_Detailkonzept_08_Zukunftskommunikation-Narrative-und-Resonanzraeume_v1.0.pdf,WÖk_Rang22_Detailkonzept_08_Zukunftskommunikation-Narrative-und-Resonanzraeume_v1.0.pdf,pdf,Detailkonzept,103.2,ja,Import pruefen,/downloads/rang-22/WÖk_Rang22_Detailkonzept_08_Zukunftskommunikation-Narrative-und-Resonanzraeume_v1.0.pdf,Aus aktivem Rangpaket erkannt.
22,WÖk_Rang22_Zukunftsbilder-Wirkungswohlstand-Zivilisatorische-Perspektive_Gesamtpaket_v1.0.zip,WÖk_Rang22_Zukunftsbilder-Wirkungswohlstand-Zivilisatorische-Perspektive_Gesamtpaket_v1.0/pdf/WÖk_Rang22_Detailkonzept_09_Wohlstandsmessung-Wirkungs-BIP-und-Verlustleistung_v1.0.pdf,WÖk_Rang22_Detailkonzept_09_Wohlstandsmessung-Wirkungs-BIP-und-Verlustleistung_v1.0.pdf,pdf,Detailkonzept,103.0,ja,Import pruefen,/downloads/rang-22/WÖk_Rang22_Detailkonzept_09_Wohlstandsmessung-Wirkungs-BIP-und-Verlustleistung_v1.0.pdf,Aus aktivem Rangpaket erkannt.
22,WÖk_Rang22_Zukunftsbilder-Wirkungswohlstand-Zivilisatorische-Perspektive_Gesamtpaket_v1.0.zip,WÖk_Rang22_Zukunftsbilder-Wirkungswohlstand-Zivilisatorische-Perspektive_Gesamtpaket_v1.0/pdf/WÖk_Rang22_Detailkonzept_10_Schlussbild-und-zivilisatorische-Perspektive_v1.0.pdf,WÖk_Rang22_Detailkonzept_10_Schlussbild-und-zivilisatorische-Perspektive_v1.0.pdf,pdf,Detailkonzept,103.3,ja,Import pruefen,/downloads/rang-22/WÖk_Rang22_Detailkonzept_10_Schlussbild-und-zivilisatorische-Perspektive_v1.0.pdf,Aus aktivem Rangpaket erkannt.
22,WÖk_Rang22_Zukunftsbilder-Wirkungswohlstand-Zivilisatorische-Perspektive_Gesamtpaket_v1.0.zip,WÖk_Rang22_Zukunftsbilder-Wirkungswohlstand-Zivilisatorische-Perspektive_Gesamtpaket_v1.0/pdf/WÖk_Rang22_Downloadstruktur_v1.0.pdf,WÖk_Rang22_Downloadstruktur_v1.0.pdf,pdf,Gesamtpaket,90.8,ja,Import pruefen,/downloads/rang-22/WÖk_Rang22_Downloadstruktur_v1.0.pdf,Aus aktivem Rangpaket erkannt.
22,WÖk_Rang22_Zukunftsbilder-Wirkungswohlstand-Zivilisatorische-Perspektive_Gesamtpaket_v1.0.zip,WÖk_Rang22_Zukunftsbilder-Wirkungswohlstand-Zivilisatorische-Perspektive_Gesamtpaket_v1.0/pdf/WÖk_Rang22_Gesamtdossier_Zukunftsbilder-Wirkungswohlstand_v1.0.pdf,WÖk_Rang22_Gesamtdossier_Zukunftsbilder-Wirkungswohlstand_v1.0.pdf,pdf,Gesamtdossier,98.2,ja,Import pruefen,/downloads/rang-22/WÖk_Rang22_Gesamtdossier_Zukunftsbilder-Wirkungswohlstand_v1.0.pdf,Aus aktivem Rangpaket erkannt.
22,WÖk_Rang22_Zukunftsbilder-Wirkungswohlstand-Zivilisatorische-Perspektive_Gesamtpaket_v1.0.zip,WÖk_Rang22_Zukunftsbilder-Wirkungswohlstand-Zivilisatorische-Perspektive_Gesamtpaket_v1.0/pdf/WÖk_Rang22_Konzeptpapier_Zukunftsbilder-Wirkungswohlstand_v1.0.pdf,WÖk_Rang22_Konzeptpapier_Zukunftsbilder-Wirkungswohlstand_v1.0.pdf,pdf,Konzeptpapier,93.2,ja,Import pruefen,/downloads/rang-22/WÖk_Rang22_Konzeptpapier_Zukunftsbilder-Wirkungswohlstand_v1.0.pdf,Aus aktivem Rangpaket erkannt.
22,WÖk_Rang22_Zukunftsbilder-Wirkungswohlstand-Zivilisatorische-Perspektive_Gesamtpaket_v1.0.zip,WÖk_Rang22_Zukunftsbilder-Wirkungswohlstand-Zivilisatorische-Perspektive_Gesamtpaket_v1.0/pdf/WÖk_Rang22_Politische-Anschlussfaehigkeit_v1.0.pdf,WÖk_Rang22_Politische-Anschlussfaehigkeit_v1.0.pdf,pdf,Gesamtpaket,60.9,ja,Import pruefen,/downloads/rang-22/WÖk_Rang22_Politische-Anschlussfaehigkeit_v1.0.pdf,Aus aktivem Rangpaket erkannt.
22,WÖk_Rang22_Zukunftsbilder-Wirkungswohlstand-Zivilisatorische-Perspektive_Gesamtpaket_v1.0.zip,WÖk_Rang22_Zukunftsbilder-Wirkungswohlstand-Zivilisatorische-Perspektive_Gesamtpaket_v1.0/pdf/WÖk_Rang22_Portalstartseite_Zukunftsbilder-Wirkungswohlstand_v1.0.pdf,WÖk_Rang22_Portalstartseite_Zukunftsbilder-Wirkungswohlstand_v1.0.pdf,pdf,Gesamtpaket,101.0,ja,Import pruefen,/downloads/rang-22/WÖk_Rang22_Portalstartseite_Zukunftsbilder-Wirkungswohlstand_v1.0.pdf,Aus aktivem Rangpaket erkannt.
22,WÖk_Rang22_Zukunftsbilder-Wirkungswohlstand-Zivilisatorische-Perspektive_Gesamtpaket_v1.0.zip,WÖk_Rang22_Zukunftsbilder-Wirkungswohlstand-Zivilisatorische-Perspektive_Gesamtpaket_v1.0/pdf/WÖk_Rang22_Quellen-und-Glossarlinks_v1.0.pdf,WÖk_Rang22_Quellen-und-Glossarlinks_v1.0.pdf,pdf,Gesamtpaket,91.2,ja,Import pruefen,/downloads/rang-22/WÖk_Rang22_Quellen-und-Glossarlinks_v1.0.pdf,Aus aktivem Rangpaket erkannt.
22,WÖk_Rang22_Zukunftsbilder-Wirkungswohlstand-Zivilisatorische-Perspektive_Gesamtpaket_v1.0.zip,WÖk_Rang22_Zukunftsbilder-Wirkungswohlstand-Zivilisatorische-Perspektive_Gesamtpaket_v1.0/pdf/WÖk_Rang22_SDG-SDGplus-Block_v1.0.pdf,WÖk_Rang22_SDG-SDGplus-Block_v1.0.pdf,pdf,Gesamtpaket,89.8,ja,Import pruefen,/downloads/rang-22/WÖk_Rang22_SDG-SDGplus-Block_v1.0.pdf,Aus aktivem Rangpaket erkannt.
22,WÖk_Rang22_Zukunftsbilder-Wirkungswohlstand-Zivilisatorische-Perspektive_Gesamtpaket_v1.0.zip,WÖk_Rang22_Zukunftsbilder-Wirkungswohlstand-Zivilisatorische-Perspektive_Gesamtpaket_v1.0/pdf/WÖk_Rang22_Toolkarten_v1.0.pdf,WÖk_Rang22_Toolkarten_v1.0.pdf,pdf,Toolkarten,97.8,ja,Import pruefen,/downloads/rang-22/WÖk_Rang22_Toolkarten_v1.0.pdf,Aus aktivem Rangpaket erkannt.
22,WÖk_Rang22_Zukunftsbilder-Wirkungswohlstand-Zivilisatorische-Perspektive_Gesamtpaket_v1.0.zip,WÖk_Rang22_Zukunftsbilder-Wirkungswohlstand-Zivilisatorische-Perspektive_Gesamtpaket_v1.0/pdf/WÖk_Rang22_Wirkungsindikatoren_v1.0.pdf,WÖk_Rang22_Wirkungsindikatoren_v1.0.pdf,pdf,Gesamtpaket,91.7,ja,Import pruefen,/downloads/rang-22/WÖk_Rang22_Wirkungsindikatoren_v1.0.pdf,Aus aktivem Rangpaket erkannt.
22,WÖk_Rang22_Zukunftsbilder-Wirkungswohlstand-Zivilisatorische-Perspektive_Gesamtpaket_v1.0.zip,WÖk_Rang22_Zukunftsbilder-Wirkungswohlstand-Zivilisatorische-Perspektive_Gesamtpaket_v1.0/pdf/WÖk_Rang22_Gesamtpaket_Alle_Inhalte_v1.0.pdf,WÖk_Rang22_Gesamtpaket_Alle_Inhalte_v1.0.pdf,pdf,Gesamtpaket,920.3,ja,Import pruefen,/downloads/rang-22/WÖk_Rang22_Gesamtpaket_Alle_Inhalte_v1.0.pdf,Aus aktivem Rangpaket erkannt.
22,WÖk_Rang22_Zukunftsbilder-Wirkungswohlstand-Zivilisatorische-Perspektive_Gesamtpaket_v1.0.zip,WÖk_Rang22_Zukunftsbilder-Wirkungswohlstand-Zivilisatorische-Perspektive_Gesamtpaket_v1.0/markdown/WÖk_Rang22_Portalstartseite_Zukunftsbilder-Wirkungswohlstand_v1.0.md,WÖk_Rang22_Portalstartseite_Zukunftsbilder-Wirkungswohlstand_v1.0.md,md,Gesamtpaket,13.0,ja,Import pruefen,/downloads/rang-22/WÖk_Rang22_Portalstartseite_Zukunftsbilder-Wirkungswohlstand_v1.0.md,Aus aktivem Rangpaket erkannt.
22,WÖk_Rang22_Zukunftsbilder-Wirkungswohlstand-Zivilisatorische-Perspektive_Gesamtpaket_v1.0.zip,WÖk_Rang22_Zukunftsbilder-Wirkungswohlstand-Zivilisatorische-Perspektive_Gesamtpaket_v1.0/markdown/WÖk_Rang22_Bestands-und-Nachlieferliste_v1.0.md,WÖk_Rang22_Bestands-und-Nachlieferliste_v1.0.md,md,Gesamtpaket,9.6,ja,Import pruefen,/downloads/rang-22/WÖk_Rang22_Bestands-und-Nachlieferliste_v1.0.md,Aus aktivem Rangpaket erkannt.
22,WÖk_Rang22_Zukunftsbilder-Wirkungswohlstand-Zivilisatorische-Perspektive_Gesamtpaket_v1.0.zip,WÖk_Rang22_Zukunftsbilder-Wirkungswohlstand-Zivilisatorische-Perspektive_Gesamtpaket_v1.0/markdown/WÖk_Rang22_Konzeptpapier_Zukunftsbilder-Wirkungswohlstand_v1.0.md,WÖk_Rang22_Konzeptpapier_Zukunftsbilder-Wirkungswohlstand_v1.0.md,md,Konzeptpapier,10.0,ja,Import pruefen,/downloads/rang-22/WÖk_Rang22_Konzeptpapier_Zukunftsbilder-Wirkungswohlstand_v1.0.md,Aus aktivem Rangpaket erkannt.
22,WÖk_Rang22_Zukunftsbilder-Wirkungswohlstand-Zivilisatorische-Perspektive_Gesamtpaket_v1.0.zip,WÖk_Rang22_Zukunftsbilder-Wirkungswohlstand-Zivilisatorische-Perspektive_Gesamtpaket_v1.0/markdown/WÖk_Rang22_Gesamtdossier_Zukunftsbilder-Wirkungswohlstand_v1.0.md,WÖk_Rang22_Gesamtdossier_Zukunftsbilder-Wirkungswohlstand_v1.0.md,md,Gesamtdossier,11.4,ja,Import pruefen,/downloads/rang-22/WÖk_Rang22_Gesamtdossier_Zukunftsbilder-Wirkungswohlstand_v1.0.md,Aus aktivem Rangpaket erkannt.
22,WÖk_Rang22_Zukunftsbilder-Wirkungswohlstand-Zivilisatorische-Perspektive_Gesamtpaket_v1.0.zip,WÖk_Rang22_Zukunftsbilder-Wirkungswohlstand-Zivilisatorische-Perspektive_Gesamtpaket_v1.0/markdown/WÖk_Rang22_Detailkonzept_01_Alltag-2035-und-wirkungsfaehiger-Alltag_v1.0.md,WÖk_Rang22_Detailkonzept_01_Alltag-2035-und-wirkungsfaehiger-Alltag_v1.0.md,md,Detailkonzept,13.0,ja,Import pruefen,/downloads/rang-22/WÖk_Rang22_Detailkonzept_01_Alltag-2035-und-wirkungsfaehiger-Alltag_v1.0.md,Aus aktivem Rangpaket erkannt.
22,WÖk_Rang22_Zukunftsbilder-Wirkungswohlstand-Zivilisatorische-Perspektive_Gesamtpaket_v1.0.zip,WÖk_Rang22_Zukunftsbilder-Wirkungswohlstand-Zivilisatorische-Perspektive_Gesamtpaket_v1.0/markdown/WÖk_Rang22_Detailkonzept_02_Unternehmen-2035-und-wirkungsorientierte-Fuehrung_v1.0.md,WÖk_Rang22_Detailkonzept_02_Unternehmen-2035-und-wirkungsorientierte-Fuehrung_v1.0.md,md,Detailkonzept,13.1,ja,Import pruefen,/downloads/rang-22/WÖk_Rang22_Detailkonzept_02_Unternehmen-2035-und-wirkungsorientierte-Fuehrung_v1.0.md,Aus aktivem Rangpaket erkannt.
22,WÖk_Rang22_Zukunftsbilder-Wirkungswohlstand-Zivilisatorische-Perspektive_Gesamtpaket_v1.0.zip,WÖk_Rang22_Zukunftsbilder-Wirkungswohlstand-Zivilisatorische-Perspektive_Gesamtpaket_v1.0/markdown/WÖk_Rang22_Detailkonzept_03_Staat-2035-Wirkungshaushalt-und-lernende-Verwaltung_v1.0.md,WÖk_Rang22_Detailkonzept_03_Staat-2035-Wirkungshaushalt-und-lernende-Verwaltung_v1.0.md,md,Detailkonzept,13.0,ja,Import pruefen,/downloads/rang-22/WÖk_Rang22_Detailkonzept_03_Staat-2035-Wirkungshaushalt-und-lernende-Verwaltung_v1.0.md,Aus aktivem Rangpaket erkannt.
22,WÖk_Rang22_Zukunftsbilder-Wirkungswohlstand-Zivilisatorische-Perspektive_Gesamtpaket_v1.0.zip,WÖk_Rang22_Zukunftsbilder-Wirkungswohlstand-Zivilisatorische-Perspektive_Gesamtpaket_v1.0/markdown/WÖk_Rang22_Detailkonzept_04_Globale-Ordnung-2050-und-weltfaehige-Rueckkopplung_v1.0.md,WÖk_Rang22_Detailkonzept_04_Globale-Ordnung-2050-und-weltfaehige-Rueckkopplung_v1.0.md,md,Detailkonzept,13.0,ja,Import pruefen,/downloads/rang-22/WÖk_Rang22_Detailkonzept_04_Globale-Ordnung-2050-und-weltfaehige-Rueckkopplung_v1.0.md,Aus aktivem Rangpaket erkannt.
22,WÖk_Rang22_Zukunftsbilder-Wirkungswohlstand-Zivilisatorische-Perspektive_Gesamtpaket_v1.0.zip,WÖk_Rang22_Zukunftsbilder-Wirkungswohlstand-Zivilisatorische-Perspektive_Gesamtpaket_v1.0/markdown/WÖk_Rang22_Detailkonzept_05_Wirkungswohlstand-und-Wohlstand-ohne-Zerstoerung_v1.0.md,WÖk_Rang22_Detailkonzept_05_Wirkungswohlstand-und-Wohlstand-ohne-Zerstoerung_v1.0.md,md,Detailkonzept,13.0,ja,Import pruefen,/downloads/rang-22/WÖk_Rang22_Detailkonzept_05_Wirkungswohlstand-und-Wohlstand-ohne-Zerstoerung_v1.0.md,Aus aktivem Rangpaket erkannt.
22,WÖk_Rang22_Zukunftsbilder-Wirkungswohlstand-Zivilisatorische-Perspektive_Gesamtpaket_v1.0.zip,WÖk_Rang22_Zukunftsbilder-Wirkungswohlstand-Zivilisatorische-Perspektive_Gesamtpaket_v1.0/markdown/WÖk_Rang22_Detailkonzept_06_Buerger-innen-als-Co-Autor-innen-der-Wirkung_v1.0.md,WÖk_Rang22_Detailkonzept_06_Buerger-innen-als-Co-Autor-innen-der-Wirkung_v1.0.md,md,Detailkonzept,13.1,ja,Import pruefen,/downloads/rang-22/WÖk_Rang22_Detailkonzept_06_Buerger-innen-als-Co-Autor-innen-der-Wirkung_v1.0.md,Aus aktivem Rangpaket erkannt.
22,WÖk_Rang22_Zukunftsbilder-Wirkungswohlstand-Zivilisatorische-Perspektive_Gesamtpaket_v1.0.zip,WÖk_Rang22_Zukunftsbilder-Wirkungswohlstand-Zivilisatorische-Perspektive_Gesamtpaket_v1.0/markdown/WÖk_Rang22_Detailkonzept_07_Wirkungspraxis-in-Konsum-Arbeit-Wohnen-und-Mobilitaet_v1.0.md,WÖk_Rang22_Detailkonzept_07_Wirkungspraxis-in-Konsum-Arbeit-Wohnen-und-Mobilitaet_v1.0.md,md,Detailkonzept,13.0,ja,Import pruefen,/downloads/rang-22/WÖk_Rang22_Detailkonzept_07_Wirkungspraxis-in-Konsum-Arbeit-Wohnen-und-Mobilitaet_v1.0.md,Aus aktivem Rangpaket erkannt.
22,WÖk_Rang22_Zukunftsbilder-Wirkungswohlstand-Zivilisatorische-Perspektive_Gesamtpaket_v1.0.zip,WÖk_Rang22_Zukunftsbilder-Wirkungswohlstand-Zivilisatorische-Perspektive_Gesamtpaket_v1.0/markdown/WÖk_Rang22_Detailkonzept_08_Zukunftskommunikation-Narrative-und-Resonanzraeume_v1.0.md,WÖk_Rang22_Detailkonzept_08_Zukunftskommunikation-Narrative-und-Resonanzraeume_v1.0.md,md,Detailkonzept,13.0,ja,Import pruefen,/downloads/rang-22/WÖk_Rang22_Detailkonzept_08_Zukunftskommunikation-Narrative-und-Resonanzraeume_v1.0.md,Aus aktivem Rangpaket erkannt.
22,WÖk_Rang22_Zukunftsbilder-Wirkungswohlstand-Zivilisatorische-Perspektive_Gesamtpaket_v1.0.zip,WÖk_Rang22_Zukunftsbilder-Wirkungswohlstand-Zivilisatorische-Perspektive_Gesamtpaket_v1.0/markdown/WÖk_Rang22_Detailkonzept_09_Wohlstandsmessung-Wirkungs-BIP-und-Verlustleistung_v1.0.md,WÖk_Rang22_Detailkonzept_09_Wohlstandsmessung-Wirkungs-BIP-und-Verlustleistung_v1.0.md,md,Detailkonzept,13.0,ja,Import pruefen,/downloads/rang-22/WÖk_Rang22_Detailkonzept_09_Wohlstandsmessung-Wirkungs-BIP-und-Verlustleistung_v1.0.md,Aus aktivem Rangpaket erkannt.
22,WÖk_Rang22_Zukunftsbilder-Wirkungswohlstand-Zivilisatorische-Perspektive_Gesamtpaket_v1.0.zip,WÖk_Rang22_Zukunftsbilder-Wirkungswohlstand-Zivilisatorische-Perspektive_Gesamtpaket_v1.0/markdown/WÖk_Rang22_Detailkonzept_10_Schlussbild-und-zivilisatorische-Perspektive_v1.0.md,WÖk_Rang22_Detailkonzept_10_Schlussbild-und-zivilisatorische-Perspektive_v1.0.md,md,Detailkonzept,13.0,ja,Import pruefen,/downloads/rang-22/WÖk_Rang22_Detailkonzept_10_Schlussbild-und-zivilisatorische-Perspektive_v1.0.md,Aus aktivem Rangpaket erkannt.
22,WÖk_Rang22_Zukunftsbilder-Wirkungswohlstand-Zivilisatorische-Perspektive_Gesamtpaket_v1.0.zip,WÖk_Rang22_Zukunftsbilder-Wirkungswohlstand-Zivilisatorische-Perspektive_Gesamtpaket_v1.0/markdown/WÖk_Rang22_Wirkungsindikatoren_v1.0.md,WÖk_Rang22_Wirkungsindikatoren_v1.0.md,md,Gesamtpaket,9.6,ja,Import pruefen,/downloads/rang-22/WÖk_Rang22_Wirkungsindikatoren_v1.0.md,Aus aktivem Rangpaket erkannt.
22,WÖk_Rang22_Zukunftsbilder-Wirkungswohlstand-Zivilisatorische-Perspektive_Gesamtpaket_v1.0.zip,WÖk_Rang22_Zukunftsbilder-Wirkungswohlstand-Zivilisatorische-Perspektive_Gesamtpaket_v1.0/markdown/WÖk_Rang22_Toolkarten_v1.0.md,WÖk_Rang22_Toolkarten_v1.0.md,md,Toolkarten,10.9,ja,Import pruefen,/downloads/rang-22/WÖk_Rang22_Toolkarten_v1.0.md,Aus aktivem Rangpaket erkannt.
22,WÖk_Rang22_Zukunftsbilder-Wirkungswohlstand-Zivilisatorische-Perspektive_Gesamtpaket_v1.0.zip,WÖk_Rang22_Zukunftsbilder-Wirkungswohlstand-Zivilisatorische-Perspektive_Gesamtpaket_v1.0/markdown/WÖk_Rang22_SDG-SDGplus-Block_v1.0.md,WÖk_Rang22_SDG-SDGplus-Block_v1.0.md,md,Gesamtpaket,8.8,ja,Import pruefen,/downloads/rang-22/WÖk_Rang22_SDG-SDGplus-Block_v1.0.md,Aus aktivem Rangpaket erkannt.
22,WÖk_Rang22_Zukunftsbilder-Wirkungswohlstand-Zivilisatorische-Perspektive_Gesamtpaket_v1.0.zip,WÖk_Rang22_Zukunftsbilder-Wirkungswohlstand-Zivilisatorische-Perspektive_Gesamtpaket_v1.0/markdown/WÖk_Rang22_Politische-Anschlussfaehigkeit_v1.0.md,WÖk_Rang22_Politische-Anschlussfaehigkeit_v1.0.md,md,Gesamtpaket,4.5,ja,Import pruefen,/downloads/rang-22/WÖk_Rang22_Politische-Anschlussfaehigkeit_v1.0.md,Aus aktivem Rangpaket erkannt.
22,WÖk_Rang22_Zukunftsbilder-Wirkungswohlstand-Zivilisatorische-Perspektive_Gesamtpaket_v1.0.zip,WÖk_Rang22_Zukunftsbilder-Wirkungswohlstand-Zivilisatorische-Perspektive_Gesamtpaket_v1.0/markdown/WÖk_Rang22_Quellen-und-Glossarlinks_v1.0.md,WÖk_Rang22_Quellen-und-Glossarlinks_v1.0.md,md,Gesamtpaket,9.5,ja,Import pruefen,/downloads/rang-22/WÖk_Rang22_Quellen-und-Glossarlinks_v1.0.md,Aus aktivem Rangpaket erkannt.
22,WÖk_Rang22_Zukunftsbilder-Wirkungswohlstand-Zivilisatorische-Perspektive_Gesamtpaket_v1.0.zip,WÖk_Rang22_Zukunftsbilder-Wirkungswohlstand-Zivilisatorische-Perspektive_Gesamtpaket_v1.0/markdown/WÖk_Rang22_Downloadstruktur_v1.0.md,WÖk_Rang22_Downloadstruktur_v1.0.md,md,Gesamtpaket,9.0,ja,Import pruefen,/downloads/rang-22/WÖk_Rang22_Downloadstruktur_v1.0.md,Aus aktivem Rangpaket erkannt.
22,WÖk_Rang22_Zukunftsbilder-Wirkungswohlstand-Zivilisatorische-Perspektive_Gesamtpaket_v1.0.zip,WÖk_Rang22_Zukunftsbilder-Wirkungswohlstand-Zivilisatorische-Perspektive_Gesamtpaket_v1.0/markdown/WÖk_Rang22_Gesamtpaket_Alle_Inhalte_v1.0.md,WÖk_Rang22_Gesamtpaket_Alle_Inhalte_v1.0.md,md,Gesamtpaket,229.0,ja,Import pruefen,/downloads/rang-22/WÖk_Rang22_Gesamtpaket_Alle_Inhalte_v1.0.md,Aus aktivem Rangpaket erkannt.
22,WÖk_Rang22_Zukunftsbilder-Wirkungswohlstand-Zivilisatorische-Perspektive_Gesamtpaket_v1.0.zip,WÖk_Rang22_Zukunftsbilder-Wirkungswohlstand-Zivilisatorische-Perspektive_Gesamtpaket_v1.0/html/WÖk_Rang22_Portalstartseite_Zukunftsbilder-Wirkungswohlstand_v1.0.html,WÖk_Rang22_Portalstartseite_Zukunftsbilder-Wirkungswohlstand_v1.0.html,html,Gesamtpaket,14.1,ja,Import pruefen,/downloads/rang-22/WÖk_Rang22_Portalstartseite_Zukunftsbilder-Wirkungswohlstand_v1.0.html,Aus aktivem Rangpaket erkannt.
22,WÖk_Rang22_Zukunftsbilder-Wirkungswohlstand-Zivilisatorische-Perspektive_Gesamtpaket_v1.0.zip,WÖk_Rang22_Zukunftsbilder-Wirkungswohlstand-Zivilisatorische-Perspektive_Gesamtpaket_v1.0/html/WÖk_Rang22_Bestands-und-Nachlieferliste_v1.0.html,WÖk_Rang22_Bestands-und-Nachlieferliste_v1.0.html,html,Gesamtpaket,10.6,ja,Import pruefen,/downloads/rang-22/WÖk_Rang22_Bestands-und-Nachlieferliste_v1.0.html,Aus aktivem Rangpaket erkannt.
22,WÖk_Rang22_Zukunftsbilder-Wirkungswohlstand-Zivilisatorische-Perspektive_Gesamtpaket_v1.0.zip,WÖk_Rang22_Zukunftsbilder-Wirkungswohlstand-Zivilisatorische-Perspektive_Gesamtpaket_v1.0/html/WÖk_Rang22_Konzeptpapier_Zukunftsbilder-Wirkungswohlstand_v1.0.html,WÖk_Rang22_Konzeptpapier_Zukunftsbilder-Wirkungswohlstand_v1.0.html,html,Konzeptpapier,11.0,ja,Import pruefen,/downloads/rang-22/WÖk_Rang22_Konzeptpapier_Zukunftsbilder-Wirkungswohlstand_v1.0.html,Aus aktivem Rangpaket erkannt.
22,WÖk_Rang22_Zukunftsbilder-Wirkungswohlstand-Zivilisatorische-Perspektive_Gesamtpaket_v1.0.zip,WÖk_Rang22_Zukunftsbilder-Wirkungswohlstand-Zivilisatorische-Perspektive_Gesamtpaket_v1.0/html/WÖk_Rang22_Gesamtdossier_Zukunftsbilder-Wirkungswohlstand_v1.0.html,WÖk_Rang22_Gesamtdossier_Zukunftsbilder-Wirkungswohlstand_v1.0.html,html,Gesamtdossier,12.5,ja,Import pruefen,/downloads/rang-22/WÖk_Rang22_Gesamtdossier_Zukunftsbilder-Wirkungswohlstand_v1.0.html,Aus aktivem Rangpaket erkannt.
22,WÖk_Rang22_Zukunftsbilder-Wirkungswohlstand-Zivilisatorische-Perspektive_Gesamtpaket_v1.0.zip,WÖk_Rang22_Zukunftsbilder-Wirkungswohlstand-Zivilisatorische-Perspektive_Gesamtpaket_v1.0/html/WÖk_Rang22_Detailkonzept_01_Alltag-2035-und-wirkungsfaehiger-Alltag_v1.0.html,WÖk_Rang22_Detailkonzept_01_Alltag-2035-und-wirkungsfaehiger-Alltag_v1.0.html,html,Detailkonzept,14.2,ja,Import pruefen,/downloads/rang-22/WÖk_Rang22_Detailkonzept_01_Alltag-2035-und-wirkungsfaehiger-Alltag_v1.0.html,Aus aktivem Rangpaket erkannt.
22,WÖk_Rang22_Zukunftsbilder-Wirkungswohlstand-Zivilisatorische-Perspektive_Gesamtpaket_v1.0.zip,WÖk_Rang22_Zukunftsbilder-Wirkungswohlstand-Zivilisatorische-Perspektive_Gesamtpaket_v1.0/html/WÖk_Rang22_Detailkonzept_02_Unternehmen-2035-und-wirkungsorientierte-Fuehrung_v1.0.html,WÖk_Rang22_Detailkonzept_02_Unternehmen-2035-und-wirkungsorientierte-Fuehrung_v1.0.html,html,Detailkonzept,14.2,ja,Import pruefen,/downloads/rang-22/WÖk_Rang22_Detailkonzept_02_Unternehmen-2035-und-wirkungsorientierte-Fuehrung_v1.0.html,Aus aktivem Rangpaket erkannt.
22,WÖk_Rang22_Zukunftsbilder-Wirkungswohlstand-Zivilisatorische-Perspektive_Gesamtpaket_v1.0.zip,WÖk_Rang22_Zukunftsbilder-Wirkungswohlstand-Zivilisatorische-Perspektive_Gesamtpaket_v1.0/html/WÖk_Rang22_Detailkonzept_03_Staat-2035-Wirkungshaushalt-und-lernende-Verwaltung_v1.0.html,WÖk_Rang22_Detailkonzept_03_Staat-2035-Wirkungshaushalt-und-lernende-Verwaltung_v1.0.html,html,Detailkonzept,14.1,ja,Import pruefen,/downloads/rang-22/WÖk_Rang22_Detailkonzept_03_Staat-2035-Wirkungshaushalt-und-lernende-Verwaltung_v1.0.html,Aus aktivem Rangpaket erkannt.
22,WÖk_Rang22_Zukunftsbilder-Wirkungswohlstand-Zivilisatorische-Perspektive_Gesamtpaket_v1.0.zip,WÖk_Rang22_Zukunftsbilder-Wirkungswohlstand-Zivilisatorische-Perspektive_Gesamtpaket_v1.0/html/WÖk_Rang22_Detailkonzept_04_Globale-Ordnung-2050-und-weltfaehige-Rueckkopplung_v1.0.html,WÖk_Rang22_Detailkonzept_04_Globale-Ordnung-2050-und-weltfaehige-Rueckkopplung_v1.0.html,html,Detailkonzept,14.2,ja,Import pruefen,/downloads/rang-22/WÖk_Rang22_Detailkonzept_04_Globale-Ordnung-2050-und-weltfaehige-Rueckkopplung_v1.0.html,Aus aktivem Rangpaket erkannt.
22,WÖk_Rang22_Zukunftsbilder-Wirkungswohlstand-Zivilisatorische-Perspektive_Gesamtpaket_v1.0.zip,WÖk_Rang22_Zukunftsbilder-Wirkungswohlstand-Zivilisatorische-Perspektive_Gesamtpaket_v1.0/html/WÖk_Rang22_Detailkonzept_05_Wirkungswohlstand-und-Wohlstand-ohne-Zerstoerung_v1.0.html,WÖk_Rang22_Detailkonzept_05_Wirkungswohlstand-und-Wohlstand-ohne-Zerstoerung_v1.0.html,html,Detailkonzept,14.1,ja,Import pruefen,/downloads/rang-22/WÖk_Rang22_Detailkonzept_05_Wirkungswohlstand-und-Wohlstand-ohne-Zerstoerung_v1.0.html,Aus aktivem Rangpaket erkannt.
22,WÖk_Rang22_Zukunftsbilder-Wirkungswohlstand-Zivilisatorische-Perspektive_Gesamtpaket_v1.0.zip,WÖk_Rang22_Zukunftsbilder-Wirkungswohlstand-Zivilisatorische-Perspektive_Gesamtpaket_v1.0/html/WÖk_Rang22_Detailkonzept_06_Buerger-innen-als-Co-Autor-innen-der-Wirkung_v1.0.html,WÖk_Rang22_Detailkonzept_06_Buerger-innen-als-Co-Autor-innen-der-Wirkung_v1.0.html,html,Detailkonzept,14.2,ja,Import pruefen,/downloads/rang-22/WÖk_Rang22_Detailkonzept_06_Buerger-innen-als-Co-Autor-innen-der-Wirkung_v1.0.html,Aus aktivem Rangpaket erkannt.
22,WÖk_Rang22_Zukunftsbilder-Wirkungswohlstand-Zivilisatorische-Perspektive_Gesamtpaket_v1.0.zip,WÖk_Rang22_Zukunftsbilder-Wirkungswohlstand-Zivilisatorische-Perspektive_Gesamtpaket_v1.0/html/WÖk_Rang22_Detailkonzept_07_Wirkungspraxis-in-Konsum-Arbeit-Wohnen-und-Mobilitaet_v1.0.html,WÖk_Rang22_Detailkonzept_07_Wirkungspraxis-in-Konsum-Arbeit-Wohnen-und-Mobilitaet_v1.0.html,html,Detailkonzept,14.1,ja,Import pruefen,/downloads/rang-22/WÖk_Rang22_Detailkonzept_07_Wirkungspraxis-in-Konsum-Arbeit-Wohnen-und-Mobilitaet_v1.0.html,Aus aktivem Rangpaket erkannt.
22,WÖk_Rang22_Zukunftsbilder-Wirkungswohlstand-Zivilisatorische-Perspektive_Gesamtpaket_v1.0.zip,WÖk_Rang22_Zukunftsbilder-Wirkungswohlstand-Zivilisatorische-Perspektive_Gesamtpaket_v1.0/html/WÖk_Rang22_Detailkonzept_08_Zukunftskommunikation-Narrative-und-Resonanzraeume_v1.0.html,WÖk_Rang22_Detailkonzept_08_Zukunftskommunikation-Narrative-und-Resonanzraeume_v1.0.html,html,Detailkonzept,14.1,ja,Import pruefen,/downloads/rang-22/WÖk_Rang22_Detailkonzept_08_Zukunftskommunikation-Narrative-und-Resonanzraeume_v1.0.html,Aus aktivem Rangpaket erkannt.
22,WÖk_Rang22_Zukunftsbilder-Wirkungswohlstand-Zivilisatorische-Perspektive_Gesamtpaket_v1.0.zip,WÖk_Rang22_Zukunftsbilder-Wirkungswohlstand-Zivilisatorische-Perspektive_Gesamtpaket_v1.0/html/WÖk_Rang22_Detailkonzept_09_Wohlstandsmessung-Wirkungs-BIP-und-Verlustleistung_v1.0.html,WÖk_Rang22_Detailkonzept_09_Wohlstandsmessung-Wirkungs-BIP-und-Verlustleistung_v1.0.html,html,Detailkonzept,14.2,ja,Import pruefen,/downloads/rang-22/WÖk_Rang22_Detailkonzept_09_Wohlstandsmessung-Wirkungs-BIP-und-Verlustleistung_v1.0.html,Aus aktivem Rangpaket erkannt.
22,WÖk_Rang22_Zukunftsbilder-Wirkungswohlstand-Zivilisatorische-Perspektive_Gesamtpaket_v1.0.zip,WÖk_Rang22_Zukunftsbilder-Wirkungswohlstand-Zivilisatorische-Perspektive_Gesamtpaket_v1.0/html/WÖk_Rang22_Detailkonzept_10_Schlussbild-und-zivilisatorische-Perspektive_v1.0.html,WÖk_Rang22_Detailkonzept_10_Schlussbild-und-zivilisatorische-Perspektive_v1.0.html,html,Detailkonzept,14.1,ja,Import pruefen,/downloads/rang-22/WÖk_Rang22_Detailkonzept_10_Schlussbild-und-zivilisatorische-Perspektive_v1.0.html,Aus aktivem Rangpaket erkannt.
22,WÖk_Rang22_Zukunftsbilder-Wirkungswohlstand-Zivilisatorische-Perspektive_Gesamtpaket_v1.0.zip,WÖk_Rang22_Zukunftsbilder-Wirkungswohlstand-Zivilisatorische-Perspektive_Gesamtpaket_v1.0/html/WÖk_Rang22_Wirkungsindikatoren_v1.0.html,WÖk_Rang22_Wirkungsindikatoren_v1.0.html,html,Gesamtpaket,10.6,ja,Import pruefen,/downloads/rang-22/WÖk_Rang22_Wirkungsindikatoren_v1.0.html,Aus aktivem Rangpaket erkannt.
22,WÖk_Rang22_Zukunftsbilder-Wirkungswohlstand-Zivilisatorische-Perspektive_Gesamtpaket_v1.0.zip,WÖk_Rang22_Zukunftsbilder-Wirkungswohlstand-Zivilisatorische-Perspektive_Gesamtpaket_v1.0/html/WÖk_Rang22_Toolkarten_v1.0.html,WÖk_Rang22_Toolkarten_v1.0.html,html,Toolkarten,12.0,ja,Import pruefen,/downloads/rang-22/WÖk_Rang22_Toolkarten_v1.0.html,Aus aktivem Rangpaket erkannt.
22,WÖk_Rang22_Zukunftsbilder-Wirkungswohlstand-Zivilisatorische-Perspektive_Gesamtpaket_v1.0.zip,WÖk_Rang22_Zukunftsbilder-Wirkungswohlstand-Zivilisatorische-Perspektive_Gesamtpaket_v1.0/html/WÖk_Rang22_SDG-SDGplus-Block_v1.0.html,WÖk_Rang22_SDG-SDGplus-Block_v1.0.html,html,Gesamtpaket,9.7,ja,Import pruefen,/downloads/rang-22/WÖk_Rang22_SDG-SDGplus-Block_v1.0.html,Aus aktivem Rangpaket erkannt.
22,WÖk_Rang22_Zukunftsbilder-Wirkungswohlstand-Zivilisatorische-Perspektive_Gesamtpaket_v1.0.zip,WÖk_Rang22_Zukunftsbilder-Wirkungswohlstand-Zivilisatorische-Perspektive_Gesamtpaket_v1.0/html/WÖk_Rang22_Politische-Anschlussfaehigkeit_v1.0.html,WÖk_Rang22_Politische-Anschlussfaehigkeit_v1.0.html,html,Gesamtpaket,5.2,ja,Import pruefen,/downloads/rang-22/WÖk_Rang22_Politische-Anschlussfaehigkeit_v1.0.html,Aus aktivem Rangpaket erkannt.
22,WÖk_Rang22_Zukunftsbilder-Wirkungswohlstand-Zivilisatorische-Perspektive_Gesamtpaket_v1.0.zip,WÖk_Rang22_Zukunftsbilder-Wirkungswohlstand-Zivilisatorische-Perspektive_Gesamtpaket_v1.0/html/WÖk_Rang22_Quellen-und-Glossarlinks_v1.0.html,WÖk_Rang22_Quellen-und-Glossarlinks_v1.0.html,html,Gesamtpaket,10.5,ja,Import pruefen,/downloads/rang-22/WÖk_Rang22_Quellen-und-Glossarlinks_v1.0.html,Aus aktivem Rangpaket erkannt.
22,WÖk_Rang22_Zukunftsbilder-Wirkungswohlstand-Zivilisatorische-Perspektive_Gesamtpaket_v1.0.zip,WÖk_Rang22_Zukunftsbilder-Wirkungswohlstand-Zivilisatorische-Perspektive_Gesamtpaket_v1.0/html/WÖk_Rang22_Downloadstruktur_v1.0.html,WÖk_Rang22_Downloadstruktur_v1.0.html,html,Gesamtpaket,10.0,ja,Import pruefen,/downloads/rang-22/WÖk_Rang22_Downloadstruktur_v1.0.html,Aus aktivem Rangpaket erkannt.
22,WÖk_Rang22_Zukunftsbilder-Wirkungswohlstand-Zivilisatorische-Perspektive_Gesamtpaket_v1.0.zip,WÖk_Rang22_Zukunftsbilder-Wirkungswohlstand-Zivilisatorische-Perspektive_Gesamtpaket_v1.0/html/WÖk_Rang22_Gesamtpaket_Alle_Inhalte_v1.0.html,WÖk_Rang22_Gesamtpaket_Alle_Inhalte_v1.0.html,html,Gesamtpaket,240.8,ja,Import pruefen,/downloads/rang-22/WÖk_Rang22_Gesamtpaket_Alle_Inhalte_v1.0.html,Aus aktivem Rangpaket erkannt.
22,WÖk_Rang22_Zukunftsbilder-Wirkungswohlstand-Zivilisatorische-Perspektive_Gesamtpaket_v1.0.zip,WÖk_Rang22_Zukunftsbilder-Wirkungswohlstand-Zivilisatorische-Perspektive_Gesamtpaket_v1.0/json/index.json,index.json,json,Sonstiges,6.1,ja,Import pruefen,/downloads/rang-22/index.json,Aus aktivem Rangpaket erkannt.
22,WÖk_Rang22_Zukunftsbilder-Wirkungswohlstand-Zivilisatorische-Perspektive_Gesamtpaket_v1.0.zip,WÖk_Rang22_Zukunftsbilder-Wirkungswohlstand-Zivilisatorische-Perspektive_Gesamtpaket_v1.0/json/toolkarten.json,toolkarten.json,json,Toolkarten,2.4,ja,Import pruefen,/downloads/rang-22/toolkarten.json,Aus aktivem Rangpaket erkannt.
22,WÖk_Rang22_Zukunftsbilder-Wirkungswohlstand-Zivilisatorische-Perspektive_Gesamtpaket_v1.0.zip,WÖk_Rang22_Zukunftsbilder-Wirkungswohlstand-Zivilisatorische-Perspektive_Gesamtpaket_v1.0/assets/manifest.txt,manifest.txt,txt,Sonstiges,0.1,ja,Import pruefen,/downloads/rang-22/manifest.txt,Aus aktivem Rangpaket erkannt.
23,WÖk_Rang23_Wirkungsakademie-Fachbibliothek-Wirkungskompetenz_Gesamtpaket_v1.0.zip,WÖk_Rang23_Wirkungsakademie-Fachbibliothek-Wirkungskompetenz_Gesamtpaket_v1.0/MANIFEST.txt,MANIFEST.txt,txt,Sonstiges,4.6,ja,Import pruefen,/downloads/rang-23/MANIFEST.txt,Aus aktivem Rangpaket erkannt.
23,WÖk_Rang23_Wirkungsakademie-Fachbibliothek-Wirkungskompetenz_Gesamtpaket_v1.0.zip,WÖk_Rang23_Wirkungsakademie-Fachbibliothek-Wirkungskompetenz_Gesamtpaket_v1.0/README.txt,README.txt,txt,Sonstiges,0.5,ja,Import pruefen,/downloads/rang-23/README.txt,Aus aktivem Rangpaket erkannt.
23,WÖk_Rang23_Wirkungsakademie-Fachbibliothek-Wirkungskompetenz_Gesamtpaket_v1.0.zip,WÖk_Rang23_Wirkungsakademie-Fachbibliothek-Wirkungskompetenz_Gesamtpaket_v1.0/data/index.json,index.json,json,Sonstiges,13.1,ja,Import pruefen,/downloads/rang-23/index.json,Aus aktivem Rangpaket erkannt.
23,WÖk_Rang23_Wirkungsakademie-Fachbibliothek-Wirkungskompetenz_Gesamtpaket_v1.0.zip,WÖk_Rang23_Wirkungsakademie-Fachbibliothek-Wirkungskompetenz_Gesamtpaket_v1.0/data/toolkarten.json,toolkarten.json,json,Toolkarten,2.3,ja,Import pruefen,/downloads/rang-23/toolkarten.json,Aus aktivem Rangpaket erkannt.
23,WÖk_Rang23_Wirkungsakademie-Fachbibliothek-Wirkungskompetenz_Gesamtpaket_v1.0.zip,WÖk_Rang23_Wirkungsakademie-Fachbibliothek-Wirkungskompetenz_Gesamtpaket_v1.0/docx/WÖk_Rang23_Gesamtpaket_Alle_Inhalte_v1.0.docx,WÖk_Rang23_Gesamtpaket_Alle_Inhalte_v1.0.docx,docx,Gesamtpaket,57.1,ja,Import pruefen,/downloads/rang-23/WÖk_Rang23_Gesamtpaket_Alle_Inhalte_v1.0.docx,Aus aktivem Rangpaket erkannt.
23,WÖk_Rang23_Wirkungsakademie-Fachbibliothek-Wirkungskompetenz_Gesamtpaket_v1.0.zip,WÖk_Rang23_Wirkungsakademie-Fachbibliothek-Wirkungskompetenz_Gesamtpaket_v1.0/docx/WÖk_Rang23_bestands-und-nachlieferliste_v1.0.docx,WÖk_Rang23_bestands-und-nachlieferliste_v1.0.docx,docx,Gesamtpaket,44.2,ja,Import pruefen,/downloads/rang-23/WÖk_Rang23_bestands-und-nachlieferliste_v1.0.docx,Aus aktivem Rangpaket erkannt.
23,WÖk_Rang23_Wirkungsakademie-Fachbibliothek-Wirkungskompetenz_Gesamtpaket_v1.0.zip,WÖk_Rang23_Wirkungsakademie-Fachbibliothek-Wirkungskompetenz_Gesamtpaket_v1.0/docx/WÖk_Rang23_detail-community-beteiligung-kritikwerkstatt_v1.0.docx,WÖk_Rang23_detail-community-beteiligung-kritikwerkstatt_v1.0.docx,docx,Gesamtpaket,44.0,ja,Import pruefen,/downloads/rang-23/WÖk_Rang23_detail-community-beteiligung-kritikwerkstatt_v1.0.docx,Aus aktivem Rangpaket erkannt.
23,WÖk_Rang23_Wirkungsakademie-Fachbibliothek-Wirkungskompetenz_Gesamtpaket_v1.0.zip,WÖk_Rang23_Wirkungsakademie-Fachbibliothek-Wirkungskompetenz_Gesamtpaket_v1.0/docx/WÖk_Rang23_detail-didaktik-lernpfade-zertifikate_v1.0.docx,WÖk_Rang23_detail-didaktik-lernpfade-zertifikate_v1.0.docx,docx,Gesamtpaket,43.9,ja,Import pruefen,/downloads/rang-23/WÖk_Rang23_detail-didaktik-lernpfade-zertifikate_v1.0.docx,Aus aktivem Rangpaket erkannt.
23,WÖk_Rang23_Wirkungsakademie-Fachbibliothek-Wirkungskompetenz_Gesamtpaket_v1.0.zip,WÖk_Rang23_Wirkungsakademie-Fachbibliothek-Wirkungskompetenz_Gesamtpaket_v1.0/docx/WÖk_Rang23_detail-fachbibliothek-wissensarchiv_v1.0.docx,WÖk_Rang23_detail-fachbibliothek-wissensarchiv_v1.0.docx,docx,Gesamtpaket,44.0,ja,Import pruefen,/downloads/rang-23/WÖk_Rang23_detail-fachbibliothek-wissensarchiv_v1.0.docx,Aus aktivem Rangpaket erkannt.
23,WÖk_Rang23_Wirkungsakademie-Fachbibliothek-Wirkungskompetenz_Gesamtpaket_v1.0.zip,WÖk_Rang23_Wirkungsakademie-Fachbibliothek-Wirkungskompetenz_Gesamtpaket_v1.0/docx/WÖk_Rang23_detail-glossar-begriffe-versionierung_v1.0.docx,WÖk_Rang23_detail-glossar-begriffe-versionierung_v1.0.docx,docx,Gesamtpaket,43.9,ja,Import pruefen,/downloads/rang-23/WÖk_Rang23_detail-glossar-begriffe-versionierung_v1.0.docx,Aus aktivem Rangpaket erkannt.
23,WÖk_Rang23_Wirkungsakademie-Fachbibliothek-Wirkungskompetenz_Gesamtpaket_v1.0.zip,WÖk_Rang23_Wirkungsakademie-Fachbibliothek-Wirkungskompetenz_Gesamtpaket_v1.0/docx/WÖk_Rang23_detail-online-volltexte-download-governance_v1.0.docx,WÖk_Rang23_detail-online-volltexte-download-governance_v1.0.docx,docx,Gesamtpaket,44.0,ja,Import pruefen,/downloads/rang-23/WÖk_Rang23_detail-online-volltexte-download-governance_v1.0.docx,Aus aktivem Rangpaket erkannt.
23,WÖk_Rang23_Wirkungsakademie-Fachbibliothek-Wirkungskompetenz_Gesamtpaket_v1.0.zip,WÖk_Rang23_Wirkungsakademie-Fachbibliothek-Wirkungskompetenz_Gesamtpaket_v1.0/docx/WÖk_Rang23_detail-publikationsworkflow-website-betrieb_v1.0.docx,WÖk_Rang23_detail-publikationsworkflow-website-betrieb_v1.0.docx,docx,Gesamtpaket,44.0,ja,Import pruefen,/downloads/rang-23/WÖk_Rang23_detail-publikationsworkflow-website-betrieb_v1.0.docx,Aus aktivem Rangpaket erkannt.
23,WÖk_Rang23_Wirkungsakademie-Fachbibliothek-Wirkungskompetenz_Gesamtpaket_v1.0.zip,WÖk_Rang23_Wirkungsakademie-Fachbibliothek-Wirkungskompetenz_Gesamtpaket_v1.0/docx/WÖk_Rang23_detail-quellen-evidenz-qualitaetspruefung_v1.0.docx,WÖk_Rang23_detail-quellen-evidenz-qualitaetspruefung_v1.0.docx,docx,Gesamtpaket,44.0,ja,Import pruefen,/downloads/rang-23/WÖk_Rang23_detail-quellen-evidenz-qualitaetspruefung_v1.0.docx,Aus aktivem Rangpaket erkannt.
23,WÖk_Rang23_Wirkungsakademie-Fachbibliothek-Wirkungskompetenz_Gesamtpaket_v1.0.zip,WÖk_Rang23_Wirkungsakademie-Fachbibliothek-Wirkungskompetenz_Gesamtpaket_v1.0/docx/WÖk_Rang23_detail-toolkarten-demo-governance_v1.0.docx,WÖk_Rang23_detail-toolkarten-demo-governance_v1.0.docx,docx,Toolkarten,44.0,ja,Import pruefen,/downloads/rang-23/WÖk_Rang23_detail-toolkarten-demo-governance_v1.0.docx,Aus aktivem Rangpaket erkannt.
23,WÖk_Rang23_Wirkungsakademie-Fachbibliothek-Wirkungskompetenz_Gesamtpaket_v1.0.zip,WÖk_Rang23_Wirkungsakademie-Fachbibliothek-Wirkungskompetenz_Gesamtpaket_v1.0/docx/WÖk_Rang23_detail-wirkungsakademie-curricula_v1.0.docx,WÖk_Rang23_detail-wirkungsakademie-curricula_v1.0.docx,docx,Gesamtpaket,43.9,ja,Import pruefen,/downloads/rang-23/WÖk_Rang23_detail-wirkungsakademie-curricula_v1.0.docx,Aus aktivem Rangpaket erkannt.
23,WÖk_Rang23_Wirkungsakademie-Fachbibliothek-Wirkungskompetenz_Gesamtpaket_v1.0.zip,WÖk_Rang23_Wirkungsakademie-Fachbibliothek-Wirkungskompetenz_Gesamtpaket_v1.0/docx/WÖk_Rang23_detail-wirkungskompetenz-querschnitt_v1.0.docx,WÖk_Rang23_detail-wirkungskompetenz-querschnitt_v1.0.docx,docx,Gesamtpaket,44.0,ja,Import pruefen,/downloads/rang-23/WÖk_Rang23_detail-wirkungskompetenz-querschnitt_v1.0.docx,Aus aktivem Rangpaket erkannt.
23,WÖk_Rang23_Wirkungsakademie-Fachbibliothek-Wirkungskompetenz_Gesamtpaket_v1.0.zip,WÖk_Rang23_Wirkungsakademie-Fachbibliothek-Wirkungskompetenz_Gesamtpaket_v1.0/docx/WÖk_Rang23_gesamtdossier_v1.0.docx,WÖk_Rang23_gesamtdossier_v1.0.docx,docx,Gesamtdossier,44.7,ja,Import pruefen,/downloads/rang-23/WÖk_Rang23_gesamtdossier_v1.0.docx,Aus aktivem Rangpaket erkannt.
23,WÖk_Rang23_Wirkungsakademie-Fachbibliothek-Wirkungskompetenz_Gesamtpaket_v1.0.zip,WÖk_Rang23_Wirkungsakademie-Fachbibliothek-Wirkungskompetenz_Gesamtpaket_v1.0/docx/WÖk_Rang23_konzeptpapier_v1.0.docx,WÖk_Rang23_konzeptpapier_v1.0.docx,docx,Konzeptpapier,44.5,ja,Import pruefen,/downloads/rang-23/WÖk_Rang23_konzeptpapier_v1.0.docx,Aus aktivem Rangpaket erkannt.
23,WÖk_Rang23_Wirkungsakademie-Fachbibliothek-Wirkungskompetenz_Gesamtpaket_v1.0.zip,WÖk_Rang23_Wirkungsakademie-Fachbibliothek-Wirkungskompetenz_Gesamtpaket_v1.0/docx/WÖk_Rang23_politische-anschlussfaehigkeit_v1.0.docx,WÖk_Rang23_politische-anschlussfaehigkeit_v1.0.docx,docx,Gesamtpaket,44.0,ja,Import pruefen,/downloads/rang-23/WÖk_Rang23_politische-anschlussfaehigkeit_v1.0.docx,Aus aktivem Rangpaket erkannt.
23,WÖk_Rang23_Wirkungsakademie-Fachbibliothek-Wirkungskompetenz_Gesamtpaket_v1.0.zip,WÖk_Rang23_Wirkungsakademie-Fachbibliothek-Wirkungskompetenz_Gesamtpaket_v1.0/docx/WÖk_Rang23_portalstartseite_v1.0.docx,WÖk_Rang23_portalstartseite_v1.0.docx,docx,Gesamtpaket,44.3,ja,Import pruefen,/downloads/rang-23/WÖk_Rang23_portalstartseite_v1.0.docx,Aus aktivem Rangpaket erkannt.
23,WÖk_Rang23_Wirkungsakademie-Fachbibliothek-Wirkungskompetenz_Gesamtpaket_v1.0.zip,WÖk_Rang23_Wirkungsakademie-Fachbibliothek-Wirkungskompetenz_Gesamtpaket_v1.0/docx/WÖk_Rang23_quellen-und-glossarlinks_v1.0.docx,WÖk_Rang23_quellen-und-glossarlinks_v1.0.docx,docx,Gesamtpaket,37.5,ja,Import pruefen,/downloads/rang-23/WÖk_Rang23_quellen-und-glossarlinks_v1.0.docx,Aus aktivem Rangpaket erkannt.
23,WÖk_Rang23_Wirkungsakademie-Fachbibliothek-Wirkungskompetenz_Gesamtpaket_v1.0.zip,WÖk_Rang23_Wirkungsakademie-Fachbibliothek-Wirkungskompetenz_Gesamtpaket_v1.0/docx/WÖk_Rang23_sdg-sdgplus-block_v1.0.docx,WÖk_Rang23_sdg-sdgplus-block_v1.0.docx,docx,Gesamtpaket,44.0,ja,Import pruefen,/downloads/rang-23/WÖk_Rang23_sdg-sdgplus-block_v1.0.docx,Aus aktivem Rangpaket erkannt.
23,WÖk_Rang23_Wirkungsakademie-Fachbibliothek-Wirkungskompetenz_Gesamtpaket_v1.0.zip,WÖk_Rang23_Wirkungsakademie-Fachbibliothek-Wirkungskompetenz_Gesamtpaket_v1.0/docx/WÖk_Rang23_toolkarten_v1.0.docx,WÖk_Rang23_toolkarten_v1.0.docx,docx,Toolkarten,43.9,ja,Import pruefen,/downloads/rang-23/WÖk_Rang23_toolkarten_v1.0.docx,Aus aktivem Rangpaket erkannt.
23,WÖk_Rang23_Wirkungsakademie-Fachbibliothek-Wirkungskompetenz_Gesamtpaket_v1.0.zip,WÖk_Rang23_Wirkungsakademie-Fachbibliothek-Wirkungskompetenz_Gesamtpaket_v1.0/docx/WÖk_Rang23_wirkungsindikatoren_v1.0.docx,WÖk_Rang23_wirkungsindikatoren_v1.0.docx,docx,Gesamtpaket,44.0,ja,Import pruefen,/downloads/rang-23/WÖk_Rang23_wirkungsindikatoren_v1.0.docx,Aus aktivem Rangpaket erkannt.
23,WÖk_Rang23_Wirkungsakademie-Fachbibliothek-Wirkungskompetenz_Gesamtpaket_v1.0.zip,WÖk_Rang23_Wirkungsakademie-Fachbibliothek-Wirkungskompetenz_Gesamtpaket_v1.0/html/WÖk_Rang23_bestands-und-nachlieferliste_v1.0.html,WÖk_Rang23_bestands-und-nachlieferliste_v1.0.html,html,Gesamtpaket,23.6,ja,Import pruefen,/downloads/rang-23/WÖk_Rang23_bestands-und-nachlieferliste_v1.0.html,Aus aktivem Rangpaket erkannt.
23,WÖk_Rang23_Wirkungsakademie-Fachbibliothek-Wirkungskompetenz_Gesamtpaket_v1.0.zip,WÖk_Rang23_Wirkungsakademie-Fachbibliothek-Wirkungskompetenz_Gesamtpaket_v1.0/html/WÖk_Rang23_detail-community-beteiligung-kritikwerkstatt_v1.0.html,WÖk_Rang23_detail-community-beteiligung-kritikwerkstatt_v1.0.html,html,Gesamtpaket,22.8,ja,Import pruefen,/downloads/rang-23/WÖk_Rang23_detail-community-beteiligung-kritikwerkstatt_v1.0.html,Aus aktivem Rangpaket erkannt.
23,WÖk_Rang23_Wirkungsakademie-Fachbibliothek-Wirkungskompetenz_Gesamtpaket_v1.0.zip,WÖk_Rang23_Wirkungsakademie-Fachbibliothek-Wirkungskompetenz_Gesamtpaket_v1.0/html/WÖk_Rang23_detail-didaktik-lernpfade-zertifikate_v1.0.html,WÖk_Rang23_detail-didaktik-lernpfade-zertifikate_v1.0.html,html,Gesamtpaket,22.7,ja,Import pruefen,/downloads/rang-23/WÖk_Rang23_detail-didaktik-lernpfade-zertifikate_v1.0.html,Aus aktivem Rangpaket erkannt.
23,WÖk_Rang23_Wirkungsakademie-Fachbibliothek-Wirkungskompetenz_Gesamtpaket_v1.0.zip,WÖk_Rang23_Wirkungsakademie-Fachbibliothek-Wirkungskompetenz_Gesamtpaket_v1.0/html/WÖk_Rang23_detail-fachbibliothek-wissensarchiv_v1.0.html,WÖk_Rang23_detail-fachbibliothek-wissensarchiv_v1.0.html,html,Gesamtpaket,22.9,ja,Import pruefen,/downloads/rang-23/WÖk_Rang23_detail-fachbibliothek-wissensarchiv_v1.0.html,Aus aktivem Rangpaket erkannt.
23,WÖk_Rang23_Wirkungsakademie-Fachbibliothek-Wirkungskompetenz_Gesamtpaket_v1.0.zip,WÖk_Rang23_Wirkungsakademie-Fachbibliothek-Wirkungskompetenz_Gesamtpaket_v1.0/html/WÖk_Rang23_detail-glossar-begriffe-versionierung_v1.0.html,WÖk_Rang23_detail-glossar-begriffe-versionierung_v1.0.html,html,Gesamtpaket,22.8,ja,Import pruefen,/downloads/rang-23/WÖk_Rang23_detail-glossar-begriffe-versionierung_v1.0.html,Aus aktivem Rangpaket erkannt.
23,WÖk_Rang23_Wirkungsakademie-Fachbibliothek-Wirkungskompetenz_Gesamtpaket_v1.0.zip,WÖk_Rang23_Wirkungsakademie-Fachbibliothek-Wirkungskompetenz_Gesamtpaket_v1.0/html/WÖk_Rang23_detail-online-volltexte-download-governance_v1.0.html,WÖk_Rang23_detail-online-volltexte-download-governance_v1.0.html,html,Gesamtpaket,22.8,ja,Import pruefen,/downloads/rang-23/WÖk_Rang23_detail-online-volltexte-download-governance_v1.0.html,Aus aktivem Rangpaket erkannt.
23,WÖk_Rang23_Wirkungsakademie-Fachbibliothek-Wirkungskompetenz_Gesamtpaket_v1.0.zip,WÖk_Rang23_Wirkungsakademie-Fachbibliothek-Wirkungskompetenz_Gesamtpaket_v1.0/html/WÖk_Rang23_detail-publikationsworkflow-website-betrieb_v1.0.html,WÖk_Rang23_detail-publikationsworkflow-website-betrieb_v1.0.html,html,Gesamtpaket,22.8,ja,Import pruefen,/downloads/rang-23/WÖk_Rang23_detail-publikationsworkflow-website-betrieb_v1.0.html,Aus aktivem Rangpaket erkannt.
23,WÖk_Rang23_Wirkungsakademie-Fachbibliothek-Wirkungskompetenz_Gesamtpaket_v1.0.zip,WÖk_Rang23_Wirkungsakademie-Fachbibliothek-Wirkungskompetenz_Gesamtpaket_v1.0/html/WÖk_Rang23_detail-quellen-evidenz-qualitaetspruefung_v1.0.html,WÖk_Rang23_detail-quellen-evidenz-qualitaetspruefung_v1.0.html,html,Gesamtpaket,22.7,ja,Import pruefen,/downloads/rang-23/WÖk_Rang23_detail-quellen-evidenz-qualitaetspruefung_v1.0.html,Aus aktivem Rangpaket erkannt.
23,WÖk_Rang23_Wirkungsakademie-Fachbibliothek-Wirkungskompetenz_Gesamtpaket_v1.0.zip,WÖk_Rang23_Wirkungsakademie-Fachbibliothek-Wirkungskompetenz_Gesamtpaket_v1.0/html/WÖk_Rang23_detail-toolkarten-demo-governance_v1.0.html,WÖk_Rang23_detail-toolkarten-demo-governance_v1.0.html,html,Toolkarten,22.7,ja,Import pruefen,/downloads/rang-23/WÖk_Rang23_detail-toolkarten-demo-governance_v1.0.html,Aus aktivem Rangpaket erkannt.
23,WÖk_Rang23_Wirkungsakademie-Fachbibliothek-Wirkungskompetenz_Gesamtpaket_v1.0.zip,WÖk_Rang23_Wirkungsakademie-Fachbibliothek-Wirkungskompetenz_Gesamtpaket_v1.0/html/WÖk_Rang23_detail-wirkungsakademie-curricula_v1.0.html,WÖk_Rang23_detail-wirkungsakademie-curricula_v1.0.html,html,Gesamtpaket,22.7,ja,Import pruefen,/downloads/rang-23/WÖk_Rang23_detail-wirkungsakademie-curricula_v1.0.html,Aus aktivem Rangpaket erkannt.
23,WÖk_Rang23_Wirkungsakademie-Fachbibliothek-Wirkungskompetenz_Gesamtpaket_v1.0.zip,WÖk_Rang23_Wirkungsakademie-Fachbibliothek-Wirkungskompetenz_Gesamtpaket_v1.0/html/WÖk_Rang23_detail-wirkungskompetenz-querschnitt_v1.0.html,WÖk_Rang23_detail-wirkungskompetenz-querschnitt_v1.0.html,html,Gesamtpaket,22.9,ja,Import pruefen,/downloads/rang-23/WÖk_Rang23_detail-wirkungskompetenz-querschnitt_v1.0.html,Aus aktivem Rangpaket erkannt.
23,WÖk_Rang23_Wirkungsakademie-Fachbibliothek-Wirkungskompetenz_Gesamtpaket_v1.0.zip,WÖk_Rang23_Wirkungsakademie-Fachbibliothek-Wirkungskompetenz_Gesamtpaket_v1.0/html/WÖk_Rang23_gesamtdossier_v1.0.html,WÖk_Rang23_gesamtdossier_v1.0.html,html,Gesamtdossier,25.9,ja,Import pruefen,/downloads/rang-23/WÖk_Rang23_gesamtdossier_v1.0.html,Aus aktivem Rangpaket erkannt.
23,WÖk_Rang23_Wirkungsakademie-Fachbibliothek-Wirkungskompetenz_Gesamtpaket_v1.0.zip,WÖk_Rang23_Wirkungsakademie-Fachbibliothek-Wirkungskompetenz_Gesamtpaket_v1.0/html/WÖk_Rang23_konzeptpapier_v1.0.html,WÖk_Rang23_konzeptpapier_v1.0.html,html,Konzeptpapier,25.1,ja,Import pruefen,/downloads/rang-23/WÖk_Rang23_konzeptpapier_v1.0.html,Aus aktivem Rangpaket erkannt.
23,WÖk_Rang23_Wirkungsakademie-Fachbibliothek-Wirkungskompetenz_Gesamtpaket_v1.0.zip,WÖk_Rang23_Wirkungsakademie-Fachbibliothek-Wirkungskompetenz_Gesamtpaket_v1.0/html/WÖk_Rang23_politische-anschlussfaehigkeit_v1.0.html,WÖk_Rang23_politische-anschlussfaehigkeit_v1.0.html,html,Gesamtpaket,23.9,ja,Import pruefen,/downloads/rang-23/WÖk_Rang23_politische-anschlussfaehigkeit_v1.0.html,Aus aktivem Rangpaket erkannt.
23,WÖk_Rang23_Wirkungsakademie-Fachbibliothek-Wirkungskompetenz_Gesamtpaket_v1.0.zip,WÖk_Rang23_Wirkungsakademie-Fachbibliothek-Wirkungskompetenz_Gesamtpaket_v1.0/html/WÖk_Rang23_portalstartseite_v1.0.html,WÖk_Rang23_portalstartseite_v1.0.html,html,Gesamtpaket,24.2,ja,Import pruefen,/downloads/rang-23/WÖk_Rang23_portalstartseite_v1.0.html,Aus aktivem Rangpaket erkannt.
23,WÖk_Rang23_Wirkungsakademie-Fachbibliothek-Wirkungskompetenz_Gesamtpaket_v1.0.zip,WÖk_Rang23_Wirkungsakademie-Fachbibliothek-Wirkungskompetenz_Gesamtpaket_v1.0/html/WÖk_Rang23_quellen-und-glossarlinks_v1.0.html,WÖk_Rang23_quellen-und-glossarlinks_v1.0.html,html,Gesamtpaket,2.9,ja,Import pruefen,/downloads/rang-23/WÖk_Rang23_quellen-und-glossarlinks_v1.0.html,Aus aktivem Rangpaket erkannt.
23,WÖk_Rang23_Wirkungsakademie-Fachbibliothek-Wirkungskompetenz_Gesamtpaket_v1.0.zip,WÖk_Rang23_Wirkungsakademie-Fachbibliothek-Wirkungskompetenz_Gesamtpaket_v1.0/html/WÖk_Rang23_sdg-sdgplus-block_v1.0.html,WÖk_Rang23_sdg-sdgplus-block_v1.0.html,html,Gesamtpaket,22.8,ja,Import pruefen,/downloads/rang-23/WÖk_Rang23_sdg-sdgplus-block_v1.0.html,Aus aktivem Rangpaket erkannt.
23,WÖk_Rang23_Wirkungsakademie-Fachbibliothek-Wirkungskompetenz_Gesamtpaket_v1.0.zip,WÖk_Rang23_Wirkungsakademie-Fachbibliothek-Wirkungskompetenz_Gesamtpaket_v1.0/html/WÖk_Rang23_toolkarten_v1.0.html,WÖk_Rang23_toolkarten_v1.0.html,html,Toolkarten,22.3,ja,Import pruefen,/downloads/rang-23/WÖk_Rang23_toolkarten_v1.0.html,Aus aktivem Rangpaket erkannt.
23,WÖk_Rang23_Wirkungsakademie-Fachbibliothek-Wirkungskompetenz_Gesamtpaket_v1.0.zip,WÖk_Rang23_Wirkungsakademie-Fachbibliothek-Wirkungskompetenz_Gesamtpaket_v1.0/html/WÖk_Rang23_wirkungsindikatoren_v1.0.html,WÖk_Rang23_wirkungsindikatoren_v1.0.html,html,Gesamtpaket,23.0,ja,Import pruefen,/downloads/rang-23/WÖk_Rang23_wirkungsindikatoren_v1.0.html,Aus aktivem Rangpaket erkannt.
23,WÖk_Rang23_Wirkungsakademie-Fachbibliothek-Wirkungskompetenz_Gesamtpaket_v1.0.zip,WÖk_Rang23_Wirkungsakademie-Fachbibliothek-Wirkungskompetenz_Gesamtpaket_v1.0/md/WÖk_Rang23_bestands-und-nachlieferliste_v1.0.md,WÖk_Rang23_bestands-und-nachlieferliste_v1.0.md,md,Gesamtpaket,19.6,ja,Import pruefen,/downloads/rang-23/WÖk_Rang23_bestands-und-nachlieferliste_v1.0.md,Aus aktivem Rangpaket erkannt.
23,WÖk_Rang23_Wirkungsakademie-Fachbibliothek-Wirkungskompetenz_Gesamtpaket_v1.0.zip,WÖk_Rang23_Wirkungsakademie-Fachbibliothek-Wirkungskompetenz_Gesamtpaket_v1.0/md/WÖk_Rang23_detail-community-beteiligung-kritikwerkstatt_v1.0.md,WÖk_Rang23_detail-community-beteiligung-kritikwerkstatt_v1.0.md,md,Gesamtpaket,18.8,ja,Import pruefen,/downloads/rang-23/WÖk_Rang23_detail-community-beteiligung-kritikwerkstatt_v1.0.md,Aus aktivem Rangpaket erkannt.
23,WÖk_Rang23_Wirkungsakademie-Fachbibliothek-Wirkungskompetenz_Gesamtpaket_v1.0.zip,WÖk_Rang23_Wirkungsakademie-Fachbibliothek-Wirkungskompetenz_Gesamtpaket_v1.0/md/WÖk_Rang23_detail-didaktik-lernpfade-zertifikate_v1.0.md,WÖk_Rang23_detail-didaktik-lernpfade-zertifikate_v1.0.md,md,Gesamtpaket,18.8,ja,Import pruefen,/downloads/rang-23/WÖk_Rang23_detail-didaktik-lernpfade-zertifikate_v1.0.md,Aus aktivem Rangpaket erkannt.
23,WÖk_Rang23_Wirkungsakademie-Fachbibliothek-Wirkungskompetenz_Gesamtpaket_v1.0.zip,WÖk_Rang23_Wirkungsakademie-Fachbibliothek-Wirkungskompetenz_Gesamtpaket_v1.0/md/WÖk_Rang23_detail-fachbibliothek-wissensarchiv_v1.0.md,WÖk_Rang23_detail-fachbibliothek-wissensarchiv_v1.0.md,md,Gesamtpaket,19.0,ja,Import pruefen,/downloads/rang-23/WÖk_Rang23_detail-fachbibliothek-wissensarchiv_v1.0.md,Aus aktivem Rangpaket erkannt.
23,WÖk_Rang23_Wirkungsakademie-Fachbibliothek-Wirkungskompetenz_Gesamtpaket_v1.0.zip,WÖk_Rang23_Wirkungsakademie-Fachbibliothek-Wirkungskompetenz_Gesamtpaket_v1.0/md/WÖk_Rang23_detail-glossar-begriffe-versionierung_v1.0.md,WÖk_Rang23_detail-glossar-begriffe-versionierung_v1.0.md,md,Gesamtpaket,18.8,ja,Import pruefen,/downloads/rang-23/WÖk_Rang23_detail-glossar-begriffe-versionierung_v1.0.md,Aus aktivem Rangpaket erkannt.
23,WÖk_Rang23_Wirkungsakademie-Fachbibliothek-Wirkungskompetenz_Gesamtpaket_v1.0.zip,WÖk_Rang23_Wirkungsakademie-Fachbibliothek-Wirkungskompetenz_Gesamtpaket_v1.0/md/WÖk_Rang23_detail-online-volltexte-download-governance_v1.0.md,WÖk_Rang23_detail-online-volltexte-download-governance_v1.0.md,md,Gesamtpaket,18.8,ja,Import pruefen,/downloads/rang-23/WÖk_Rang23_detail-online-volltexte-download-governance_v1.0.md,Aus aktivem Rangpaket erkannt.
23,WÖk_Rang23_Wirkungsakademie-Fachbibliothek-Wirkungskompetenz_Gesamtpaket_v1.0.zip,WÖk_Rang23_Wirkungsakademie-Fachbibliothek-Wirkungskompetenz_Gesamtpaket_v1.0/md/WÖk_Rang23_detail-publikationsworkflow-website-betrieb_v1.0.md,WÖk_Rang23_detail-publikationsworkflow-website-betrieb_v1.0.md,md,Gesamtpaket,18.9,ja,Import pruefen,/downloads/rang-23/WÖk_Rang23_detail-publikationsworkflow-website-betrieb_v1.0.md,Aus aktivem Rangpaket erkannt.
23,WÖk_Rang23_Wirkungsakademie-Fachbibliothek-Wirkungskompetenz_Gesamtpaket_v1.0.zip,WÖk_Rang23_Wirkungsakademie-Fachbibliothek-Wirkungskompetenz_Gesamtpaket_v1.0/md/WÖk_Rang23_detail-quellen-evidenz-qualitaetspruefung_v1.0.md,WÖk_Rang23_detail-quellen-evidenz-qualitaetspruefung_v1.0.md,md,Gesamtpaket,18.8,ja,Import pruefen,/downloads/rang-23/WÖk_Rang23_detail-quellen-evidenz-qualitaetspruefung_v1.0.md,Aus aktivem Rangpaket erkannt.
23,WÖk_Rang23_Wirkungsakademie-Fachbibliothek-Wirkungskompetenz_Gesamtpaket_v1.0.zip,WÖk_Rang23_Wirkungsakademie-Fachbibliothek-Wirkungskompetenz_Gesamtpaket_v1.0/md/WÖk_Rang23_detail-toolkarten-demo-governance_v1.0.md,WÖk_Rang23_detail-toolkarten-demo-governance_v1.0.md,md,Toolkarten,18.8,ja,Import pruefen,/downloads/rang-23/WÖk_Rang23_detail-toolkarten-demo-governance_v1.0.md,Aus aktivem Rangpaket erkannt.
23,WÖk_Rang23_Wirkungsakademie-Fachbibliothek-Wirkungskompetenz_Gesamtpaket_v1.0.zip,WÖk_Rang23_Wirkungsakademie-Fachbibliothek-Wirkungskompetenz_Gesamtpaket_v1.0/md/WÖk_Rang23_detail-wirkungsakademie-curricula_v1.0.md,WÖk_Rang23_detail-wirkungsakademie-curricula_v1.0.md,md,Gesamtpaket,18.8,ja,Import pruefen,/downloads/rang-23/WÖk_Rang23_detail-wirkungsakademie-curricula_v1.0.md,Aus aktivem Rangpaket erkannt.
23,WÖk_Rang23_Wirkungsakademie-Fachbibliothek-Wirkungskompetenz_Gesamtpaket_v1.0.zip,WÖk_Rang23_Wirkungsakademie-Fachbibliothek-Wirkungskompetenz_Gesamtpaket_v1.0/md/WÖk_Rang23_detail-wirkungskompetenz-querschnitt_v1.0.md,WÖk_Rang23_detail-wirkungskompetenz-querschnitt_v1.0.md,md,Gesamtpaket,18.9,ja,Import pruefen,/downloads/rang-23/WÖk_Rang23_detail-wirkungskompetenz-querschnitt_v1.0.md,Aus aktivem Rangpaket erkannt.
23,WÖk_Rang23_Wirkungsakademie-Fachbibliothek-Wirkungskompetenz_Gesamtpaket_v1.0.zip,WÖk_Rang23_Wirkungsakademie-Fachbibliothek-Wirkungskompetenz_Gesamtpaket_v1.0/md/WÖk_Rang23_gesamtdossier_v1.0.md,WÖk_Rang23_gesamtdossier_v1.0.md,md,Gesamtdossier,21.5,ja,Import pruefen,/downloads/rang-23/WÖk_Rang23_gesamtdossier_v1.0.md,Aus aktivem Rangpaket erkannt.
23,WÖk_Rang23_Wirkungsakademie-Fachbibliothek-Wirkungskompetenz_Gesamtpaket_v1.0.zip,WÖk_Rang23_Wirkungsakademie-Fachbibliothek-Wirkungskompetenz_Gesamtpaket_v1.0/md/WÖk_Rang23_konzeptpapier_v1.0.md,WÖk_Rang23_konzeptpapier_v1.0.md,md,Konzeptpapier,20.8,ja,Import pruefen,/downloads/rang-23/WÖk_Rang23_konzeptpapier_v1.0.md,Aus aktivem Rangpaket erkannt.
23,WÖk_Rang23_Wirkungsakademie-Fachbibliothek-Wirkungskompetenz_Gesamtpaket_v1.0.zip,WÖk_Rang23_Wirkungsakademie-Fachbibliothek-Wirkungskompetenz_Gesamtpaket_v1.0/md/WÖk_Rang23_politische-anschlussfaehigkeit_v1.0.md,WÖk_Rang23_politische-anschlussfaehigkeit_v1.0.md,md,Gesamtpaket,20.0,ja,Import pruefen,/downloads/rang-23/WÖk_Rang23_politische-anschlussfaehigkeit_v1.0.md,Aus aktivem Rangpaket erkannt.
23,WÖk_Rang23_Wirkungsakademie-Fachbibliothek-Wirkungskompetenz_Gesamtpaket_v1.0.zip,WÖk_Rang23_Wirkungsakademie-Fachbibliothek-Wirkungskompetenz_Gesamtpaket_v1.0/md/WÖk_Rang23_portalstartseite_v1.0.md,WÖk_Rang23_portalstartseite_v1.0.md,md,Gesamtpaket,20.2,ja,Import pruefen,/downloads/rang-23/WÖk_Rang23_portalstartseite_v1.0.md,Aus aktivem Rangpaket erkannt.
23,WÖk_Rang23_Wirkungsakademie-Fachbibliothek-Wirkungskompetenz_Gesamtpaket_v1.0.zip,WÖk_Rang23_Wirkungsakademie-Fachbibliothek-Wirkungskompetenz_Gesamtpaket_v1.0/md/WÖk_Rang23_quellen-und-glossarlinks_v1.0.md,WÖk_Rang23_quellen-und-glossarlinks_v1.0.md,md,Gesamtpaket,1.9,ja,Import pruefen,/downloads/rang-23/WÖk_Rang23_quellen-und-glossarlinks_v1.0.md,Aus aktivem Rangpaket erkannt.
23,WÖk_Rang23_Wirkungsakademie-Fachbibliothek-Wirkungskompetenz_Gesamtpaket_v1.0.zip,WÖk_Rang23_Wirkungsakademie-Fachbibliothek-Wirkungskompetenz_Gesamtpaket_v1.0/md/WÖk_Rang23_sdg-sdgplus-block_v1.0.md,WÖk_Rang23_sdg-sdgplus-block_v1.0.md,md,Gesamtpaket,19.0,ja,Import pruefen,/downloads/rang-23/WÖk_Rang23_sdg-sdgplus-block_v1.0.md,Aus aktivem Rangpaket erkannt.
23,WÖk_Rang23_Wirkungsakademie-Fachbibliothek-Wirkungskompetenz_Gesamtpaket_v1.0.zip,WÖk_Rang23_Wirkungsakademie-Fachbibliothek-Wirkungskompetenz_Gesamtpaket_v1.0/md/WÖk_Rang23_toolkarten_v1.0.md,WÖk_Rang23_toolkarten_v1.0.md,md,Toolkarten,18.6,ja,Import pruefen,/downloads/rang-23/WÖk_Rang23_toolkarten_v1.0.md,Aus aktivem Rangpaket erkannt.
23,WÖk_Rang23_Wirkungsakademie-Fachbibliothek-Wirkungskompetenz_Gesamtpaket_v1.0.zip,WÖk_Rang23_Wirkungsakademie-Fachbibliothek-Wirkungskompetenz_Gesamtpaket_v1.0/md/WÖk_Rang23_wirkungsindikatoren_v1.0.md,WÖk_Rang23_wirkungsindikatoren_v1.0.md,md,Gesamtpaket,19.1,ja,Import pruefen,/downloads/rang-23/WÖk_Rang23_wirkungsindikatoren_v1.0.md,Aus aktivem Rangpaket erkannt.
23,WÖk_Rang23_Wirkungsakademie-Fachbibliothek-Wirkungskompetenz_Gesamtpaket_v1.0.zip,WÖk_Rang23_Wirkungsakademie-Fachbibliothek-Wirkungskompetenz_Gesamtpaket_v1.0/pdf/WÖk_Rang23_Gesamtpaket_Alle_Inhalte_v1.0.pdf,WÖk_Rang23_Gesamtpaket_Alle_Inhalte_v1.0.pdf,pdf,Gesamtpaket,346.2,ja,Import pruefen,/downloads/rang-23/WÖk_Rang23_Gesamtpaket_Alle_Inhalte_v1.0.pdf,Aus aktivem Rangpaket erkannt.
23,WÖk_Rang23_Wirkungsakademie-Fachbibliothek-Wirkungskompetenz_Gesamtpaket_v1.0.zip,WÖk_Rang23_Wirkungsakademie-Fachbibliothek-Wirkungskompetenz_Gesamtpaket_v1.0/pdf/WÖk_Rang23_bestands-und-nachlieferliste_v1.0.pdf,WÖk_Rang23_bestands-und-nachlieferliste_v1.0.pdf,pdf,Gesamtpaket,19.9,ja,Import pruefen,/downloads/rang-23/WÖk_Rang23_bestands-und-nachlieferliste_v1.0.pdf,Aus aktivem Rangpaket erkannt.
23,WÖk_Rang23_Wirkungsakademie-Fachbibliothek-Wirkungskompetenz_Gesamtpaket_v1.0.zip,WÖk_Rang23_Wirkungsakademie-Fachbibliothek-Wirkungskompetenz_Gesamtpaket_v1.0/pdf/WÖk_Rang23_detail-community-beteiligung-kritikwerkstatt_v1.0.pdf,WÖk_Rang23_detail-community-beteiligung-kritikwerkstatt_v1.0.pdf,pdf,Gesamtpaket,19.5,ja,Import pruefen,/downloads/rang-23/WÖk_Rang23_detail-community-beteiligung-kritikwerkstatt_v1.0.pdf,Aus aktivem Rangpaket erkannt.
23,WÖk_Rang23_Wirkungsakademie-Fachbibliothek-Wirkungskompetenz_Gesamtpaket_v1.0.zip,WÖk_Rang23_Wirkungsakademie-Fachbibliothek-Wirkungskompetenz_Gesamtpaket_v1.0/pdf/WÖk_Rang23_detail-didaktik-lernpfade-zertifikate_v1.0.pdf,WÖk_Rang23_detail-didaktik-lernpfade-zertifikate_v1.0.pdf,pdf,Gesamtpaket,19.4,ja,Import pruefen,/downloads/rang-23/WÖk_Rang23_detail-didaktik-lernpfade-zertifikate_v1.0.pdf,Aus aktivem Rangpaket erkannt.
23,WÖk_Rang23_Wirkungsakademie-Fachbibliothek-Wirkungskompetenz_Gesamtpaket_v1.0.zip,WÖk_Rang23_Wirkungsakademie-Fachbibliothek-Wirkungskompetenz_Gesamtpaket_v1.0/pdf/WÖk_Rang23_detail-fachbibliothek-wissensarchiv_v1.0.pdf,WÖk_Rang23_detail-fachbibliothek-wissensarchiv_v1.0.pdf,pdf,Gesamtpaket,19.4,ja,Import pruefen,/downloads/rang-23/WÖk_Rang23_detail-fachbibliothek-wissensarchiv_v1.0.pdf,Aus aktivem Rangpaket erkannt.
23,WÖk_Rang23_Wirkungsakademie-Fachbibliothek-Wirkungskompetenz_Gesamtpaket_v1.0.zip,WÖk_Rang23_Wirkungsakademie-Fachbibliothek-Wirkungskompetenz_Gesamtpaket_v1.0/pdf/WÖk_Rang23_detail-glossar-begriffe-versionierung_v1.0.pdf,WÖk_Rang23_detail-glossar-begriffe-versionierung_v1.0.pdf,pdf,Gesamtpaket,19.4,ja,Import pruefen,/downloads/rang-23/WÖk_Rang23_detail-glossar-begriffe-versionierung_v1.0.pdf,Aus aktivem Rangpaket erkannt.
23,WÖk_Rang23_Wirkungsakademie-Fachbibliothek-Wirkungskompetenz_Gesamtpaket_v1.0.zip,WÖk_Rang23_Wirkungsakademie-Fachbibliothek-Wirkungskompetenz_Gesamtpaket_v1.0/pdf/WÖk_Rang23_detail-online-volltexte-download-governance_v1.0.pdf,WÖk_Rang23_detail-online-volltexte-download-governance_v1.0.pdf,pdf,Gesamtpaket,19.4,ja,Import pruefen,/downloads/rang-23/WÖk_Rang23_detail-online-volltexte-download-governance_v1.0.pdf,Aus aktivem Rangpaket erkannt.
23,WÖk_Rang23_Wirkungsakademie-Fachbibliothek-Wirkungskompetenz_Gesamtpaket_v1.0.zip,WÖk_Rang23_Wirkungsakademie-Fachbibliothek-Wirkungskompetenz_Gesamtpaket_v1.0/pdf/WÖk_Rang23_detail-publikationsworkflow-website-betrieb_v1.0.pdf,WÖk_Rang23_detail-publikationsworkflow-website-betrieb_v1.0.pdf,pdf,Gesamtpaket,19.5,ja,Import pruefen,/downloads/rang-23/WÖk_Rang23_detail-publikationsworkflow-website-betrieb_v1.0.pdf,Aus aktivem Rangpaket erkannt.
23,WÖk_Rang23_Wirkungsakademie-Fachbibliothek-Wirkungskompetenz_Gesamtpaket_v1.0.zip,WÖk_Rang23_Wirkungsakademie-Fachbibliothek-Wirkungskompetenz_Gesamtpaket_v1.0/pdf/WÖk_Rang23_detail-quellen-evidenz-qualitaetspruefung_v1.0.pdf,WÖk_Rang23_detail-quellen-evidenz-qualitaetspruefung_v1.0.pdf,pdf,Gesamtpaket,19.4,ja,Import pruefen,/downloads/rang-23/WÖk_Rang23_detail-quellen-evidenz-qualitaetspruefung_v1.0.pdf,Aus aktivem Rangpaket erkannt.
23,WÖk_Rang23_Wirkungsakademie-Fachbibliothek-Wirkungskompetenz_Gesamtpaket_v1.0.zip,WÖk_Rang23_Wirkungsakademie-Fachbibliothek-Wirkungskompetenz_Gesamtpaket_v1.0/pdf/WÖk_Rang23_detail-toolkarten-demo-governance_v1.0.pdf,WÖk_Rang23_detail-toolkarten-demo-governance_v1.0.pdf,pdf,Toolkarten,19.4,ja,Import pruefen,/downloads/rang-23/WÖk_Rang23_detail-toolkarten-demo-governance_v1.0.pdf,Aus aktivem Rangpaket erkannt.
23,WÖk_Rang23_Wirkungsakademie-Fachbibliothek-Wirkungskompetenz_Gesamtpaket_v1.0.zip,WÖk_Rang23_Wirkungsakademie-Fachbibliothek-Wirkungskompetenz_Gesamtpaket_v1.0/pdf/WÖk_Rang23_detail-wirkungsakademie-curricula_v1.0.pdf,WÖk_Rang23_detail-wirkungsakademie-curricula_v1.0.pdf,pdf,Gesamtpaket,19.3,ja,Import pruefen,/downloads/rang-23/WÖk_Rang23_detail-wirkungsakademie-curricula_v1.0.pdf,Aus aktivem Rangpaket erkannt.
23,WÖk_Rang23_Wirkungsakademie-Fachbibliothek-Wirkungskompetenz_Gesamtpaket_v1.0.zip,WÖk_Rang23_Wirkungsakademie-Fachbibliothek-Wirkungskompetenz_Gesamtpaket_v1.0/pdf/WÖk_Rang23_detail-wirkungskompetenz-querschnitt_v1.0.pdf,WÖk_Rang23_detail-wirkungskompetenz-querschnitt_v1.0.pdf,pdf,Gesamtpaket,19.3,ja,Import pruefen,/downloads/rang-23/WÖk_Rang23_detail-wirkungskompetenz-querschnitt_v1.0.pdf,Aus aktivem Rangpaket erkannt.
23,WÖk_Rang23_Wirkungsakademie-Fachbibliothek-Wirkungskompetenz_Gesamtpaket_v1.0.zip,WÖk_Rang23_Wirkungsakademie-Fachbibliothek-Wirkungskompetenz_Gesamtpaket_v1.0/pdf/WÖk_Rang23_gesamtdossier_v1.0.pdf,WÖk_Rang23_gesamtdossier_v1.0.pdf,pdf,Gesamtdossier,21.8,ja,Import pruefen,/downloads/rang-23/WÖk_Rang23_gesamtdossier_v1.0.pdf,Aus aktivem Rangpaket erkannt.
23,WÖk_Rang23_Wirkungsakademie-Fachbibliothek-Wirkungskompetenz_Gesamtpaket_v1.0.zip,WÖk_Rang23_Wirkungsakademie-Fachbibliothek-Wirkungskompetenz_Gesamtpaket_v1.0/pdf/WÖk_Rang23_konzeptpapier_v1.0.pdf,WÖk_Rang23_konzeptpapier_v1.0.pdf,pdf,Konzeptpapier,20.8,ja,Import pruefen,/downloads/rang-23/WÖk_Rang23_konzeptpapier_v1.0.pdf,Aus aktivem Rangpaket erkannt.
23,WÖk_Rang23_Wirkungsakademie-Fachbibliothek-Wirkungskompetenz_Gesamtpaket_v1.0.zip,WÖk_Rang23_Wirkungsakademie-Fachbibliothek-Wirkungskompetenz_Gesamtpaket_v1.0/pdf/WÖk_Rang23_politische-anschlussfaehigkeit_v1.0.pdf,WÖk_Rang23_politische-anschlussfaehigkeit_v1.0.pdf,pdf,Gesamtpaket,20.1,ja,Import pruefen,/downloads/rang-23/WÖk_Rang23_politische-anschlussfaehigkeit_v1.0.pdf,Aus aktivem Rangpaket erkannt.
23,WÖk_Rang23_Wirkungsakademie-Fachbibliothek-Wirkungskompetenz_Gesamtpaket_v1.0.zip,WÖk_Rang23_Wirkungsakademie-Fachbibliothek-Wirkungskompetenz_Gesamtpaket_v1.0/pdf/WÖk_Rang23_portalstartseite_v1.0.pdf,WÖk_Rang23_portalstartseite_v1.0.pdf,pdf,Gesamtpaket,20.3,ja,Import pruefen,/downloads/rang-23/WÖk_Rang23_portalstartseite_v1.0.pdf,Aus aktivem Rangpaket erkannt.
23,WÖk_Rang23_Wirkungsakademie-Fachbibliothek-Wirkungskompetenz_Gesamtpaket_v1.0.zip,WÖk_Rang23_Wirkungsakademie-Fachbibliothek-Wirkungskompetenz_Gesamtpaket_v1.0/pdf/WÖk_Rang23_quellen-und-glossarlinks_v1.0.pdf,WÖk_Rang23_quellen-und-glossarlinks_v1.0.pdf,pdf,Gesamtpaket,3.4,ja,Import pruefen,/downloads/rang-23/WÖk_Rang23_quellen-und-glossarlinks_v1.0.pdf,Aus aktivem Rangpaket erkannt.
23,WÖk_Rang23_Wirkungsakademie-Fachbibliothek-Wirkungskompetenz_Gesamtpaket_v1.0.zip,WÖk_Rang23_Wirkungsakademie-Fachbibliothek-Wirkungskompetenz_Gesamtpaket_v1.0/pdf/WÖk_Rang23_sdg-sdgplus-block_v1.0.pdf,WÖk_Rang23_sdg-sdgplus-block_v1.0.pdf,pdf,Gesamtpaket,19.4,ja,Import pruefen,/downloads/rang-23/WÖk_Rang23_sdg-sdgplus-block_v1.0.pdf,Aus aktivem Rangpaket erkannt.
23,WÖk_Rang23_Wirkungsakademie-Fachbibliothek-Wirkungskompetenz_Gesamtpaket_v1.0.zip,WÖk_Rang23_Wirkungsakademie-Fachbibliothek-Wirkungskompetenz_Gesamtpaket_v1.0/pdf/WÖk_Rang23_toolkarten_v1.0.pdf,WÖk_Rang23_toolkarten_v1.0.pdf,pdf,Toolkarten,18.5,ja,Import pruefen,/downloads/rang-23/WÖk_Rang23_toolkarten_v1.0.pdf,Aus aktivem Rangpaket erkannt.
23,WÖk_Rang23_Wirkungsakademie-Fachbibliothek-Wirkungskompetenz_Gesamtpaket_v1.0.zip,WÖk_Rang23_Wirkungsakademie-Fachbibliothek-Wirkungskompetenz_Gesamtpaket_v1.0/pdf/WÖk_Rang23_wirkungsindikatoren_v1.0.pdf,WÖk_Rang23_wirkungsindikatoren_v1.0.pdf,pdf,Gesamtpaket,19.4,ja,Import pruefen,/downloads/rang-23/WÖk_Rang23_wirkungsindikatoren_v1.0.pdf,Aus aktivem Rangpaket erkannt.
0,basisdateien,WÖk_Begriffsleitfaden_fuehrend_v1.0.md,WÖk_Begriffsleitfaden_fuehrend_v1.0.md,md,Basisdokument,30.1,ja,fuehrend / pruefen,/fachbibliothek/grundlagen/,Basis fuer Begriffe und Indikatoren.
0,basisdateien,WÖk_Master_Items_final_v1.2.xlsx,WÖk_Master_Items_final_v1.2.xlsx,xlsx,Basisdokument,282.9,ja,fuehrend / pruefen,/fachbibliothek/grundlagen/,Basis fuer Begriffe und Indikatoren.
basis,/mnt/data,WÖk-Manifest.pdf,WÖk-Manifest.pdf,pdf,Projektgrundlage,2904.9,nein,Bestand pruefen,/fachbibliothek/grundlagen/,"Vorhandenes Projektgrundlagen-Dokument, nicht automatisch vollstaendig integriert."
basis,/mnt/data,WÖK-Partei.pdf,WÖK-Partei.pdf,pdf,Projektgrundlage,4752.8,nein,Bestand pruefen,/fachbibliothek/grundlagen/,"Vorhandenes Projektgrundlagen-Dokument, nicht automatisch vollstaendig integriert."
basis,/mnt/data,Grundlagenpapier-Wirkungsökonomie WÖk.pdf,Grundlagenpapier-Wirkungsökonomie WÖk.pdf,pdf,Projektgrundlage,344.8,nein,Bestand pruefen,/fachbibliothek/grundlagen/,"Vorhandenes Projektgrundlagen-Dokument, nicht automatisch vollstaendig integriert."
basis,/mnt/data,NATS_WÖk@allgemein.pdf,NATS_WÖk@allgemein.pdf,pdf,Projektgrundlage,9432.9,nein,Bestand pruefen,/fachbibliothek/grundlagen/,"Vorhandenes Projektgrundlagen-Dokument, nicht automatisch vollstaendig integriert."
basis,/mnt/data,Beispiel_Apfel_Wirkungssteuer_Bonusregel.pdf,Beispiel_Apfel_Wirkungssteuer_Bonusregel.pdf,pdf,Projektgrundlage,194.4,nein,Bestand pruefen,/fachbibliothek/grundlagen/,"Vorhandenes Projektgrundlagen-Dokument, nicht automatisch vollstaendig integriert."
basis,/mnt/data,Minifest_Wirkungsökonomie.pdf,Minifest_Wirkungsökonomie.pdf,pdf,Projektgrundlage,73.1,nein,Bestand pruefen,/fachbibliothek/grundlagen/,"Vorhandenes Projektgrundlagen-Dokument, nicht automatisch vollstaendig integriert."
basis,/mnt/data,Technische_Leitlinien_WUStG_Vollversion_Extended_v2.pdf,Technische_Leitlinien_WUStG_Vollversion_Extended_v2.pdf,pdf,Projektgrundlage,126.4,nein,Bestand pruefen,/fachbibliothek/grundlagen/,"Vorhandenes Projektgrundlagen-Dokument, nicht automatisch vollstaendig integriert."
basis,/mnt/data,Wirkungsrat_Konzept.pdf,Wirkungsrat_Konzept.pdf,pdf,Projektgrundlage,245.7,nein,Bestand pruefen,/fachbibliothek/grundlagen/,"Vorhandenes Projektgrundlagen-Dokument, nicht automatisch vollstaendig integriert."
basis,/mnt/data,WÖk_Master_Items_final_v1.2.pdf,WÖk_Master_Items_final_v1.2.pdf,pdf,Projektgrundlage,3283.6,nein,Bestand pruefen,/fachbibliothek/grundlagen/,"Vorhandenes Projektgrundlagen-Dokument, nicht automatisch vollstaendig integriert."
basis,/mnt/data,Whitepaper-T-SROI.pdf,Whitepaper-T-SROI.pdf,pdf,Projektgrundlage,429.9,nein,Bestand pruefen,/fachbibliothek/grundlagen/,"Vorhandenes Projektgrundlagen-Dokument, nicht automatisch vollstaendig integriert."
basis,/mnt/data,Wirkungsökonomie in der Lieferkette.pdf,Wirkungsökonomie in der Lieferkette.pdf,pdf,Projektgrundlage,304.2,nein,Bestand pruefen,/fachbibliothek/grundlagen/,"Vorhandenes Projektgrundlagen-Dokument, nicht automatisch vollstaendig integriert."
basis,/mnt/data,Beispiel-Konzern.pdf,Beispiel-Konzern.pdf,pdf,Projektgrundlage,67.5,nein,Bestand pruefen,/fachbibliothek/grundlagen/,"Vorhandenes Projektgrundlagen-Dokument, nicht automatisch vollstaendig integriert."
basis,/mnt/data,IllusionMaschine-Bürokratieabbau.pdf,IllusionMaschine-Bürokratieabbau.pdf,pdf,Projektgrundlage,66.0,nein,Bestand pruefen,/fachbibliothek/grundlagen/,"Vorhandenes Projektgrundlagen-Dokument, nicht automatisch vollstaendig integriert."
basis,/mnt/data,WP_Produkte.pdf,WP_Produkte.pdf,pdf,Projektgrundlage,2573.8,nein,Bestand pruefen,/fachbibliothek/grundlagen/,"Vorhandenes Projektgrundlagen-Dokument, nicht automatisch vollstaendig integriert."
basis,/mnt/data,Leitbild für Mensch Planet und Demokratie.pdf,Leitbild für Mensch Planet und Demokratie.pdf,pdf,Projektgrundlage,135.0,nein,Bestand pruefen,/fachbibliothek/grundlagen/,"Vorhandenes Projektgrundlagen-Dokument, nicht automatisch vollstaendig integriert."
basis,/mnt/data,Whitepaper20.pdf,Whitepaper20.pdf,pdf,Projektgrundlage,3474.4,nein,Bestand pruefen,/fachbibliothek/grundlagen/,"Vorhandenes Projektgrundlagen-Dokument, nicht automatisch vollstaendig integriert."
basis,/mnt/data,Die neue Ordnung des Wohlstands_2.pdf,Die neue Ordnung des Wohlstands_2.pdf,pdf,Projektgrundlage,5416.6,nein,Bestand pruefen,/fachbibliothek/grundlagen/,"Vorhandenes Projektgrundlagen-Dokument, nicht automatisch vollstaendig integriert."
basis,/mnt/data,WP_Rente.pdf,WP_Rente.pdf,pdf,Projektgrundlage,2708.4,nein,Bestand pruefen,/fachbibliothek/grundlagen/,"Vorhandenes Projektgrundlagen-Dokument, nicht automatisch vollstaendig integriert."
basis,/mnt/data,WP_Einkommen.pdf,WP_Einkommen.pdf,pdf,Projektgrundlage,3292.6,nein,Bestand pruefen,/fachbibliothek/grundlagen/,"Vorhandenes Projektgrundlagen-Dokument, nicht automatisch vollstaendig integriert."
basis,/mnt/data,WP_Wohnungsmarkt_.pdf,WP_Wohnungsmarkt_.pdf,pdf,Projektgrundlage,6875.7,nein,Bestand pruefen,/fachbibliothek/grundlagen/,"Vorhandenes Projektgrundlagen-Dokument, nicht automatisch vollstaendig integriert."
basis,/mnt/data,Nachhaltigkeit-Systemarchitektur.pdf,Nachhaltigkeit-Systemarchitektur.pdf,pdf,Projektgrundlage,4005.2,nein,Bestand pruefen,/fachbibliothek/grundlagen/,"Vorhandenes Projektgrundlagen-Dokument, nicht automatisch vollstaendig integriert."
basis,/mnt/data,Natalie-Weber_Die neue Ordnung des Wohlstands_2026.pdf,Natalie-Weber_Die neue Ordnung des Wohlstands_2026.pdf,pdf,Projektgrundlage,83825.0,nein,Bestand pruefen,/fachbibliothek/grundlagen/,"Vorhandenes Projektgrundlagen-Dokument, nicht automatisch vollstaendig integriert."
basis,/mnt/data,WStG_Oktober2025.pdf,WStG_Oktober2025.pdf,pdf,Projektgrundlage,2044.1,nein,Bestand pruefen,/fachbibliothek/grundlagen/,"Vorhandenes Projektgrundlagen-Dokument, nicht automatisch vollstaendig integriert."
basis,/mnt/data,Systemmodell-der-Wirkungsökonomie.pdf,Systemmodell-der-Wirkungsökonomie.pdf,pdf,Projektgrundlage,2963.2,nein,Bestand pruefen,/fachbibliothek/grundlagen/,"Vorhandenes Projektgrundlagen-Dokument, nicht automatisch vollstaendig integriert."
basis,/mnt/data,Wenn Maschinen arbeiten.pdf,Wenn Maschinen arbeiten.pdf,pdf,Projektgrundlage,4192.8,nein,Bestand pruefen,/fachbibliothek/grundlagen/,"Vorhandenes Projektgrundlagen-Dokument, nicht automatisch vollstaendig integriert."
basis,/mnt/data,FAZ-Beitrag.docx,FAZ-Beitrag.docx,docx,Projektgrundlage,19.5,nein,Bestand pruefen,/fachbibliothek/grundlagen/,"Vorhandenes Projektgrundlagen-Dokument, nicht automatisch vollstaendig integriert."
