"object_id","dip_ids","source_ref_count","distinct_titles","responsible_ministries","date_span","title_length","review_flags","review_status"
"govaction:breg-cabinet:2348852:top:1","","2","2","","2025-05-21..2026-04-22","433","","PASS_AUTOMATED_IDENTITY_GUARDS"
"govaction:breg-cabinet:2350536:top:1","","2","2","BMI","2025-05-28..2025-10-30","79","","PASS_AUTOMATED_IDENTITY_GUARDS"
"govaction:breg-cabinet:2350536:top:2","","2","2","BMI","2025-05-28..2025-07-23","112","","PASS_AUTOMATED_IDENTITY_GUARDS"
"govaction:breg-cabinet:2350536:top:3","","2","2","BMJV","2025-05-28..2025-07-24","115","","PASS_AUTOMATED_IDENTITY_GUARDS"
"govaction:breg-cabinet:2350536:top:4","","2","2","BMDS","2025-05-28..2026-04-21","172","","PASS_AUTOMATED_IDENTITY_GUARDS"
"govaction:breg-cabinet:2350536:top:6","","1","1","BMG","2025-05-28..2025-05-28","96","","PASS_AUTOMATED_IDENTITY_GUARDS"
"govaction:breg-cabinet:2350536:top:7","","1","1","BMG","2025-05-28..2025-05-28","96","","PASS_AUTOMATED_IDENTITY_GUARDS"
"govaction:breg-cabinet:2350536:top:9","","1","1","BMI","2025-05-28..2025-05-28","280","","PASS_AUTOMATED_IDENTITY_GUARDS"
"govaction:breg-cabinet:2350536:top:10","","1","1","BMI","2025-05-28..2025-05-28","273","","PASS_AUTOMATED_IDENTITY_GUARDS"
"govaction:breg-cabinet:2350536:top:11","","1","1","BMV","2025-05-28..2025-05-28","237","","PASS_AUTOMATED_IDENTITY_GUARDS"
"govaction:breg-cabinet:2350536:top:12","","1","1","BMLEH","2025-05-28..2025-05-28","234","","PASS_AUTOMATED_IDENTITY_GUARDS"
"govaction:breg-cabinet:2350536:top:13","","1","1","BMLEH","2025-05-28..2025-05-28","240","","PASS_AUTOMATED_IDENTITY_GUARDS"
"govaction:breg-cabinet:2351622:top:2","","2","2","BMI","2025-06-04..2026-06-22","196","LARGE_SOURCE_TIME_SPAN","SEMANTIC_ENTITY_REVIEW_REQUIRED"
"govaction:breg-cabinet:2351622:top:3","","1","1","BMFTR","2025-06-04..2025-06-04","124","","PASS_AUTOMATED_IDENTITY_GUARDS"
"govaction:breg-cabinet:2353542:top:1","","2","2","","2025-06-11..2025-06-11","50","","PASS_AUTOMATED_IDENTITY_GUARDS"
"govaction:breg-cabinet:2353542:top:2","","1","1","BMUKN","2025-06-11..2025-06-11","293","","PASS_AUTOMATED_IDENTITY_GUARDS"
"govaction:breg-cabinet:2353542:top:3","","1","1","BMWE","2025-06-11..2025-06-11","123","","PASS_AUTOMATED_IDENTITY_GUARDS"
"govaction:breg-cabinet:2354770:top:1","","2","2","BMWSB","2025-06-18..2026-01-29","77","","PASS_AUTOMATED_IDENTITY_GUARDS"
"govaction:breg-cabinet:2354770:top:2","","2","2","BMI","2025-06-18..2025-07-23","186","","PASS_AUTOMATED_IDENTITY_GUARDS"
"govaction:breg-cabinet:2354770:top:6","","1","1","BMF","2025-06-18..2025-06-18","238","","PASS_AUTOMATED_IDENTITY_GUARDS"
"govaction:breg-cabinet:2354770:top:7","","1","1","BMUKN","2025-06-18..2025-06-18","133","","PASS_AUTOMATED_IDENTITY_GUARDS"
"govaction:breg-cabinet:2354770:top:8","","1","1","BMI","2025-06-18..2025-06-18","167","","PASS_AUTOMATED_IDENTITY_GUARDS"
"govaction:breg-cabinet:2356178:top:1","","2","2","BMF","2025-06-24..2025-10-06","355","MULTIPLE_LETTERED_AGENDA_ITEMS","SEMANTIC_ENTITY_REVIEW_REQUIRED"
"govaction:breg-cabinet:2356178:top:2","","1","1","BMJV","2025-06-24..2025-06-24","259","","PASS_AUTOMATED_IDENTITY_GUARDS"
"govaction:breg-cabinet:2356178:top:3","","1","1","BMI","2025-06-24..2025-06-24","146","","PASS_AUTOMATED_IDENTITY_GUARDS"
"govaction:breg-cabinet:2356178:top:5","","1","1","BMBFSFJ","2025-06-24..2025-06-24","206","","PASS_AUTOMATED_IDENTITY_GUARDS"
"govaction:breg-cabinet:2356178:top:6","","1","1","BMF","2025-06-24..2025-06-24","66","","PASS_AUTOMATED_IDENTITY_GUARDS"
"govaction:breg-cabinet:2356178:top:7","","1","1","BMUKN","2025-06-24..2025-06-24","463","","PASS_AUTOMATED_IDENTITY_GUARDS"
"govaction:breg-cabinet:2356178:top:8","","1","1","BMLEH","2025-06-24..2025-06-24","55","","PASS_AUTOMATED_IDENTITY_GUARDS"
"govaction:breg-cabinet:2361648:top:1","","2","2","BMF","2025-07-02..2025-10-17","88","","PASS_AUTOMATED_IDENTITY_GUARDS"
"govaction:breg-cabinet:2361648:top:6","","1","1","BMWE","2025-07-02..2025-07-02","240","","PASS_AUTOMATED_IDENTITY_GUARDS"
"govaction:breg-cabinet:2364494:top:3","","2","2","AA","2025-07-16..2025-07-16","184","","PASS_AUTOMATED_IDENTITY_GUARDS"
"govaction:breg-cabinet:2364494:top:5","","1","1","BMG","2025-07-16..2025-07-16","109","","PASS_AUTOMATED_IDENTITY_GUARDS"
"govaction:breg-cabinet:2364494:top:6","","1","1","BMI","2025-07-16..2025-07-16","208","","PASS_AUTOMATED_IDENTITY_GUARDS"
"govaction:breg-cabinet:2364494:top:7","","1","1","BMF","2025-07-16..2025-07-16","186","","PASS_AUTOMATED_IDENTITY_GUARDS"
"govaction:breg-cabinet:2364494:top:8","","1","1","BMWE","2025-07-16..2025-07-16","130","","PASS_AUTOMATED_IDENTITY_GUARDS"
"govaction:breg-cabinet:2366908:top:2","","2","2","","2025-07-23..2026-02-16","97","","PASS_AUTOMATED_IDENTITY_GUARDS"
"govaction:breg-cabinet:2366908:top:3","","2","2","","2025-07-23..2026-02-16","134","","PASS_AUTOMATED_IDENTITY_GUARDS"
"govaction:breg-cabinet:2366908:top:7","","1","1","BMI","2025-07-23..2025-07-23","124","","PASS_AUTOMATED_IDENTITY_GUARDS"
"govaction:breg-cabinet:2366908:top:8","","1","1","BMI","2025-07-23..2025-07-23","60","","PASS_AUTOMATED_IDENTITY_GUARDS"
"govaction:breg-cabinet:2366908:top:9","","1","1","AA","2025-07-23..2025-07-23","147","","PASS_AUTOMATED_IDENTITY_GUARDS"
"govaction:breg-cabinet:2366908:top:10","","1","1","BMBFSFJ","2025-07-23..2025-07-23","117","","PASS_AUTOMATED_IDENTITY_GUARDS"
"govaction:breg-cabinet:2373370:top:1","","2","2","BMF","2025-07-30..2025-12-19","148","","PASS_AUTOMATED_IDENTITY_GUARDS"
"govaction:breg-cabinet:2373370:top:3","","2","2","BMFTR","2025-07-30..2025-07-30","29","","PASS_AUTOMATED_IDENTITY_GUARDS"
"govaction:breg-cabinet:2373370:top:4","","2","2","BMDS","2025-07-30..2025-07-30","90","","PASS_AUTOMATED_IDENTITY_GUARDS"
"govaction:breg-cabinet:2373370:top:13","","1","1","BMF","2025-07-30..2025-07-30","245","","PASS_AUTOMATED_IDENTITY_GUARDS"
"govaction:breg-cabinet:2373370:top:14","","1","1","BMF","2025-07-30..2025-07-30","276","","PASS_AUTOMATED_IDENTITY_GUARDS"
"govaction:breg-cabinet:2373370:top:15","","1","1","BMWSB","2025-07-30..2025-07-30","202","","PASS_AUTOMATED_IDENTITY_GUARDS"
"govaction:breg-cabinet:2373370:top:16","","1","1","BMBFSFJ","2025-07-30..2025-07-30","317","","PASS_AUTOMATED_IDENTITY_GUARDS"
"govaction:breg-cabinet:2373370:top:17","","1","1","AA","2025-07-30..2025-07-30","280","","PASS_AUTOMATED_IDENTITY_GUARDS"
"govaction:breg-cabinet:2373370:top:18","","1","1","BMUKN","2025-07-30..2025-07-30","62","","PASS_AUTOMATED_IDENTITY_GUARDS"
"govaction:breg-cabinet:2376846:top:3","","2","2","BMWE","2025-08-06..2025-12-03","53","","PASS_AUTOMATED_IDENTITY_GUARDS"
"govaction:breg-cabinet:2376846:top:5","","2","2","","2025-08-06..2025-10-17","113","","PASS_AUTOMATED_IDENTITY_GUARDS"
"govaction:breg-cabinet:2376846:top:6","","2","2","","2025-08-06..2026-05-04","151","","PASS_AUTOMATED_IDENTITY_GUARDS"
"govaction:breg-cabinet:2376846:top:18","","1","1","BMF","2025-08-06..2025-08-06","247","","PASS_AUTOMATED_IDENTITY_GUARDS"
"govaction:breg-cabinet:2376846:top:19","","1","1","BMUKN","2025-08-06..2025-08-06","256","","PASS_AUTOMATED_IDENTITY_GUARDS"
"govaction:breg-cabinet:2376846:top:21","","1","1","BMUKN","2025-08-06..2025-08-06","86","","PASS_AUTOMATED_IDENTITY_GUARDS"
"govaction:breg-cabinet:2376846:top:22","","1","1","BMWE","2025-08-06..2025-08-06","214","","PASS_AUTOMATED_IDENTITY_GUARDS"
"govaction:breg-cabinet:2376846:top:28","","1","1","BMUKN","2025-08-06..2025-08-06","104","","PASS_AUTOMATED_IDENTITY_GUARDS"
"govaction:breg-cabinet:2381590:top:1","","1","1","","2025-08-27..2025-08-27","74","","PASS_AUTOMATED_IDENTITY_GUARDS"
"govaction:breg-cabinet:2381590:top:2","","2","2","BMI","2025-08-27..2025-08-27","41","","PASS_AUTOMATED_IDENTITY_GUARDS"
"govaction:breg-cabinet:2381590:top:3","","2","2","BKAmt","2025-08-27..2025-08-27","65","","PASS_AUTOMATED_IDENTITY_GUARDS"
"govaction:breg-cabinet:2381590:top:5","","2","2","BMVg","2025-08-27..2025-12-19","51","","PASS_AUTOMATED_IDENTITY_GUARDS"
"govaction:breg-cabinet:2381590:top:6","","2","2","","2025-08-27..2025-08-27","314","MULTIPLE_LETTERED_AGENDA_ITEMS","SEMANTIC_ENTITY_REVIEW_REQUIRED"
"govaction:breg-cabinet:2381590:top:10","","1","1","BMI","2025-08-27..2025-08-27","195","","PASS_AUTOMATED_IDENTITY_GUARDS"
"govaction:breg-cabinet:2381590:top:11","","1","1","BMI","2025-08-27..2025-08-27","294","","PASS_AUTOMATED_IDENTITY_GUARDS"
"govaction:breg-cabinet:2381590:top:12","","1","1","BMI","2025-08-27..2025-08-27","324","","PASS_AUTOMATED_IDENTITY_GUARDS"
"govaction:breg-cabinet:2381590:top:13","","1","1","BMI","2025-08-27..2025-08-27","207","","PASS_AUTOMATED_IDENTITY_GUARDS"
"govaction:breg-cabinet:2381590:top:14","","1","1","BMFTR","2025-08-27..2025-08-27","320","","PASS_AUTOMATED_IDENTITY_GUARDS"
"govaction:breg-cabinet:2381590:top:15","","1","1","BMJV","2025-08-27..2025-08-27","308","","PASS_AUTOMATED_IDENTITY_GUARDS"
"govaction:breg-cabinet:2381590:top:16","","1","1","BMJV","2025-08-27..2025-08-27","215","","PASS_AUTOMATED_IDENTITY_GUARDS"
"govaction:breg-cabinet:2381590:top:17","","1","1","BMJV","2025-08-27..2025-08-27","238","","PASS_AUTOMATED_IDENTITY_GUARDS"
"govaction:breg-cabinet:2381590:top:18","","1","1","BMJV","2025-08-27..2025-08-27","209","","PASS_AUTOMATED_IDENTITY_GUARDS"
"govaction:breg-cabinet:2381590:top:19","","1","1","BMJV","2025-08-27..2025-08-27","264","","PASS_AUTOMATED_IDENTITY_GUARDS"
"govaction:breg-cabinet:2381590:top:20","","1","1","BMJV","2025-08-27..2025-08-27","250","","PASS_AUTOMATED_IDENTITY_GUARDS"
"govaction:breg-cabinet:2381590:top:21","","1","1","BMJV","2025-08-27..2025-08-27","207","","PASS_AUTOMATED_IDENTITY_GUARDS"
"govaction:breg-cabinet:2381590:top:22","","1","1","BMJV","2025-08-27..2025-08-27","218","","PASS_AUTOMATED_IDENTITY_GUARDS"
"govaction:breg-cabinet:2381590:top:23","","1","1","BMJV","2025-08-27..2025-08-27","179","","PASS_AUTOMATED_IDENTITY_GUARDS"
"govaction:breg-cabinet:2381590:top:24","","1","1","BMJV","2025-08-27..2025-08-27","230","","PASS_AUTOMATED_IDENTITY_GUARDS"
"govaction:breg-cabinet:2381590:top:25","","1","1","BMJV","2025-08-27..2025-08-27","199","","PASS_AUTOMATED_IDENTITY_GUARDS"
"govaction:breg-cabinet:2381590:top:26","","1","1","BMBFSFJ","2025-08-27..2025-08-27","214","","PASS_AUTOMATED_IDENTITY_GUARDS"
"govaction:breg-cabinet:2381590:top:27","","1","1","BMAS","2025-08-27..2025-08-27","195","","PASS_AUTOMATED_IDENTITY_GUARDS"
"govaction:breg-cabinet:2381590:top:28","","1","1","BMV","2025-08-27..2025-08-27","214","","PASS_AUTOMATED_IDENTITY_GUARDS"
"govaction:breg-cabinet:2381590:top:29","","1","1","BMUKN","2025-08-27..2025-08-27","185","","PASS_AUTOMATED_IDENTITY_GUARDS"
"govaction:breg-cabinet:2381590:top:30","","1","1","BMLEH","2025-08-27..2025-08-27","188","","PASS_AUTOMATED_IDENTITY_GUARDS"
"govaction:breg-cabinet:2381590:top:31","","1","1","BMWSB","2025-08-27..2025-08-27","187","","PASS_AUTOMATED_IDENTITY_GUARDS"
"govaction:breg-cabinet:2381590:top:32","","1","1","BMG","2025-08-27..2025-08-27","219","","PASS_AUTOMATED_IDENTITY_GUARDS"
"govaction:breg-cabinet:2381590:top:34","","1","1","BMWE","2025-08-27..2025-08-27","126","","PASS_AUTOMATED_IDENTITY_GUARDS"
"govaction:breg-cabinet:2381590:top:35","","1","1","BMDS","2025-08-27..2025-08-27","77","","PASS_AUTOMATED_IDENTITY_GUARDS"
"govaction:breg-cabinet:2381590:top:36","","1","1","BMF","2025-08-27..2025-08-27","65","","PASS_AUTOMATED_IDENTITY_GUARDS"
"govaction:breg-cabinet:2381590:top:37","","1","1","BMF","2025-08-27..2025-08-27","59","","PASS_AUTOMATED_IDENTITY_GUARDS"
"govaction:breg-cabinet:2381590:top:38","","1","1","BMWE","2025-08-27..2025-08-27","252","","PASS_AUTOMATED_IDENTITY_GUARDS"
"govaction:breg-cabinet:2381590:top:39","","1","1","BMJV","2025-08-27..2025-08-27","125","","PASS_AUTOMATED_IDENTITY_GUARDS"
"govaction:breg-cabinet:2382640:top:2","","2","2","BMI","2025-09-03..2026-06-12","106","","PASS_AUTOMATED_IDENTITY_GUARDS"
"govaction:breg-cabinet:2382640:top:3","","2","2","BMI","2025-09-03..2026-06-12","144","","PASS_AUTOMATED_IDENTITY_GUARDS"
"govaction:breg-cabinet:2382640:top:6","","2","2","BMJV","2025-09-03..2026-05-19","90","","PASS_AUTOMATED_IDENTITY_GUARDS"
"govaction:breg-cabinet:2382640:top:8","","2","2","","2025-09-03..2026-01-22","132","","PASS_AUTOMATED_IDENTITY_GUARDS"
"govaction:breg-cabinet:2382640:top:10","","1","1","BMF","2025-09-03..2025-09-03","143","","PASS_AUTOMATED_IDENTITY_GUARDS"
"govaction:breg-cabinet:2382640:top:18","","1","1","BMFTR","2025-09-03..2025-09-03","141","","PASS_AUTOMATED_IDENTITY_GUARDS"
"govaction:breg-cabinet:2382640:top:19","","1","1","BMI","2025-09-03..2025-09-03","192","","PASS_AUTOMATED_IDENTITY_GUARDS"
"govaction:breg-cabinet:2382640:top:20","","1","1","BMWE","2025-09-03..2025-09-03","141","","PASS_AUTOMATED_IDENTITY_GUARDS"
"govaction:breg-cabinet:2382640:top:24","","1","1","BMAS","2025-09-03..2025-09-03","93","","PASS_AUTOMATED_IDENTITY_GUARDS"
"govaction:breg-cabinet:2382640:top:26","","1","1","BMWE","2025-09-03..2025-09-03","151","","PASS_AUTOMATED_IDENTITY_GUARDS"
"govaction:breg-cabinet:2383538:top:3","","3","3","BMV","2025-09-10..2026-03-11","121","","PASS_AUTOMATED_IDENTITY_GUARDS"
"govaction:breg-cabinet:2383538:top:6","","2","2","BMAS","2025-09-10..2026-01-01","70","","PASS_AUTOMATED_IDENTITY_GUARDS"
"govaction:breg-cabinet:2386520:top:1","","2","2","BMDS","2025-10-01..2025-10-02","50","","PASS_AUTOMATED_IDENTITY_GUARDS"
"govaction:breg-cabinet:2386520:top:5","","2","2","BMF","2025-10-01..2025-10-01","122","","PASS_AUTOMATED_IDENTITY_GUARDS"
"govaction:breg-cabinet:2386520:top:6","","2","2","BMI","2025-10-01..2025-10-01","47","","PASS_AUTOMATED_IDENTITY_GUARDS"
"govaction:breg-cabinet:2386520:top:7","","2","2","BMFTR","2025-10-01..2025-10-01","60","","PASS_AUTOMATED_IDENTITY_GUARDS"
"govaction:breg-cabinet:2386520:top:10","","2","1","BMF","2025-10-01..2026-01-19","61","","PASS_AUTOMATED_IDENTITY_GUARDS"
"govaction:breg-cabinet:2386520:top:11","","1","1","","2025-10-01..2025-10-01","131","","PASS_AUTOMATED_IDENTITY_GUARDS"
"govaction:breg-cabinet:2386520:top:12","","1","1","BMUKN","2025-10-01..2025-10-01","129","","PASS_AUTOMATED_IDENTITY_GUARDS"
"govaction:breg-cabinet:2386520:top:14","","1","1","AA","2025-10-01..2025-10-01","210","","PASS_AUTOMATED_IDENTITY_GUARDS"
"govaction:breg-cabinet:2386520:top:15","","1","1","BMF","2025-10-01..2025-10-01","208","","PASS_AUTOMATED_IDENTITY_GUARDS"
"govaction:breg-cabinet:2386520:top:16","","1","1","BMF","2025-10-01..2025-10-01","184","","PASS_AUTOMATED_IDENTITY_GUARDS"
"govaction:breg-cabinet:2386520:top:17","","1","1","BMI","2025-10-01..2025-10-01","243","","PASS_AUTOMATED_IDENTITY_GUARDS"
"govaction:breg-cabinet:2386520:top:18","","1","1","BMI","2025-10-01..2025-10-01","246","","PASS_AUTOMATED_IDENTITY_GUARDS"
"govaction:breg-cabinet:2386520:top:19","","1","1","","2025-10-01..2025-10-01","199","","PASS_AUTOMATED_IDENTITY_GUARDS"
"govaction:breg-cabinet:2386520:top:20","","1","1","","2025-10-01..2025-10-01","215","","PASS_AUTOMATED_IDENTITY_GUARDS"
"govaction:breg-cabinet:2386520:top:21","","1","1","","2025-10-01..2025-10-01","339","","PASS_AUTOMATED_IDENTITY_GUARDS"
"govaction:breg-cabinet:2386520:top:22","","1","1","","2025-10-01..2025-10-01","257","","PASS_AUTOMATED_IDENTITY_GUARDS"
"govaction:breg-cabinet:2386520:top:23","","1","1","","2025-10-01..2025-10-01","231","","PASS_AUTOMATED_IDENTITY_GUARDS"
"govaction:breg-cabinet:2386520:top:24","","1","1","BMAS","2025-10-01..2025-10-01","241","","PASS_AUTOMATED_IDENTITY_GUARDS"
"govaction:breg-cabinet:2386520:top:25","","1","1","","2025-10-01..2025-10-01","288","","PASS_AUTOMATED_IDENTITY_GUARDS"
"govaction:breg-cabinet:2386520:top:26","","1","1","BMV","2025-10-01..2025-10-01","214","","PASS_AUTOMATED_IDENTITY_GUARDS"
"govaction:breg-cabinet:2386520:top:27","","1","1","BMV","2025-10-01..2025-10-01","190","","PASS_AUTOMATED_IDENTITY_GUARDS"
"govaction:breg-cabinet:2386520:top:28","","1","1","BMG","2025-10-01..2025-10-01","202","","PASS_AUTOMATED_IDENTITY_GUARDS"
"govaction:breg-cabinet:2386520:top:29","","1","1","BMG","2025-10-01..2025-10-01","190","","PASS_AUTOMATED_IDENTITY_GUARDS"
"govaction:breg-cabinet:2386520:top:30","","1","1","BMLEH","2025-10-01..2025-10-01","208","","PASS_AUTOMATED_IDENTITY_GUARDS"
"govaction:breg-cabinet:2387798:top:1","","2","2","","2025-10-08..2025-11-13","323","MULTIPLE_LETTERED_AGENDA_ITEMS","SEMANTIC_ENTITY_REVIEW_REQUIRED"
"govaction:breg-cabinet:2387798:top:3","","2","2","BMJV","2025-10-08..2026-03-06","181","","PASS_AUTOMATED_IDENTITY_GUARDS"
"govaction:breg-cabinet:2387798:top:4","","2","2","BMG","2025-10-08..2026-04-15","51","","PASS_AUTOMATED_IDENTITY_GUARDS"
"govaction:breg-cabinet:2387798:top:10","","1","1","BMAS","2025-10-08..2025-10-08","158","","PASS_AUTOMATED_IDENTITY_GUARDS"
"govaction:breg-cabinet:2387798:top:14","","1","1","BMI","2025-10-08..2025-10-08","277","","PASS_AUTOMATED_IDENTITY_GUARDS"
"govaction:breg-cabinet:2387798:top:15","","1","1","BMWE","2025-10-08..2025-10-08","237","","PASS_AUTOMATED_IDENTITY_GUARDS"
"govaction:breg-cabinet:2387798:top:16","","1","1","BMWE","2025-10-08..2025-10-08","191","","PASS_AUTOMATED_IDENTITY_GUARDS"
"govaction:breg-cabinet:2387798:top:17","","1","1","BMWE","2025-10-08..2025-10-08","296","","PASS_AUTOMATED_IDENTITY_GUARDS"
"govaction:breg-cabinet:2387798:top:18","","1","1","BMWE","2025-10-08..2025-10-08","192","","PASS_AUTOMATED_IDENTITY_GUARDS"
"govaction:breg-cabinet:2387798:top:19","","1","1","BMJV","2025-10-08..2025-10-08","195","","PASS_AUTOMATED_IDENTITY_GUARDS"
"govaction:breg-cabinet:2387798:top:20","","1","1","BMJV","2025-10-08..2025-10-08","222","","PASS_AUTOMATED_IDENTITY_GUARDS"
"govaction:breg-cabinet:2387798:top:21","","1","1","BMAS","2025-10-08..2025-10-08","238","","PASS_AUTOMATED_IDENTITY_GUARDS"
"govaction:breg-cabinet:2387798:top:22","","1","1","BMUKN","2025-10-08..2025-10-08","203","","PASS_AUTOMATED_IDENTITY_GUARDS"
"govaction:breg-cabinet:2387798:top:23","","2","2","BMAS","2025-10-08..2025-12-19","92","","PASS_AUTOMATED_IDENTITY_GUARDS"
"govaction:breg-cabinet:2387798:top:24","","2","2","BMAS","2025-10-08..2026-04-28","135","","PASS_AUTOMATED_IDENTITY_GUARDS"
"govaction:breg-cabinet:2387798:top:25","","2","2","BMWE","2025-10-08..2025-12-23","60","","PASS_AUTOMATED_IDENTITY_GUARDS"
"govaction:breg-cabinet:2387798:top:26","","4","3","BMV","2025-10-08..2026-03-19","114","","PASS_AUTOMATED_IDENTITY_GUARDS"
"govaction:breg-cabinet:2387798:top:27","","2","1","BMLEH","2025-10-08..2025-12-23","67","","PASS_AUTOMATED_IDENTITY_GUARDS"
"govaction:breg-cabinet:2387798:top:28","","2","1","BMLEH","2025-10-08..2025-12-15","65","","PASS_AUTOMATED_IDENTITY_GUARDS"
"govaction:breg-cabinet:2387798:top:30","","1","1","BMG","2025-10-08..2025-10-08","185","","PASS_AUTOMATED_IDENTITY_GUARDS"
"govaction:breg-cabinet:2387798:top:31","","1","1","BMWE","2025-10-08..2025-10-08","196","","PASS_AUTOMATED_IDENTITY_GUARDS"
"govaction:breg-cabinet:2387798:top:32","","1","1","BMWE","2025-10-08..2025-10-08","197","","PASS_AUTOMATED_IDENTITY_GUARDS"
"govaction:breg-cabinet:2387798:top:33","","1","1","BKAmt","2025-10-08..2025-10-08","231","","PASS_AUTOMATED_IDENTITY_GUARDS"
"govaction:breg-cabinet:2387798:top:34","","1","1","BKAmt","2025-10-08..2025-10-08","242","","PASS_AUTOMATED_IDENTITY_GUARDS"
"govaction:breg-cabinet:2387798:top:35","","1","1","BMWE","2025-10-08..2025-10-08","329","MULTIPLE_DECISION_VERBS","SEMANTIC_ENTITY_REVIEW_REQUIRED"
"govaction:breg-cabinet:2388998:top:3","","2","2","","2025-10-15..2025-10-15","48","","PASS_AUTOMATED_IDENTITY_GUARDS"
"govaction:breg-cabinet:2388998:top:5","","2","2","BMG","2025-10-15..2026-04-29","253","","PASS_AUTOMATED_IDENTITY_GUARDS"
"govaction:breg-cabinet:2390086:top:1","","2","2","BMG","2025-10-22..2026-06-01","126","","PASS_AUTOMATED_IDENTITY_GUARDS"
"govaction:breg-cabinet:2390086:top:2","","2","2","BMJV","2025-10-22..2026-01-01","192","","PASS_AUTOMATED_IDENTITY_GUARDS"
"govaction:breg-cabinet:2390086:top:4","","1","1","","2025-10-22..2025-10-22","291","","PASS_AUTOMATED_IDENTITY_GUARDS"
"govaction:breg-cabinet:2390086:top:5","","1","1","BMWE","2025-10-22..2025-10-22","87","","PASS_AUTOMATED_IDENTITY_GUARDS"
"govaction:breg-cabinet:2390086:top:7","","1","1","","2025-10-22..2025-10-22","146","","PASS_AUTOMATED_IDENTITY_GUARDS"
"govaction:breg-cabinet:2390086:top:8","","1","1","BMAS","2025-10-22..2025-10-22","78","","PASS_AUTOMATED_IDENTITY_GUARDS"
"govaction:breg-cabinet:2391260:top:1","","2","2","BMAS","2025-10-29..2026-01-01","74","","PASS_AUTOMATED_IDENTITY_GUARDS"
"govaction:breg-cabinet:2391260:top:5","","1","1","BMV","2025-10-29..2025-10-29","270","","PASS_AUTOMATED_IDENTITY_GUARDS"
"govaction:breg-cabinet:2391260:top:6","","1","1","BMF","2025-10-29..2025-10-29","215","","PASS_AUTOMATED_IDENTITY_GUARDS"
"govaction:breg-cabinet:2391260:top:7","","1","1","","2025-10-29..2025-10-29","222","","PASS_AUTOMATED_IDENTITY_GUARDS"
"govaction:breg-cabinet:2391260:top:8","","1","1","BMF","2025-10-29..2025-10-29","208","","PASS_AUTOMATED_IDENTITY_GUARDS"
"govaction:breg-cabinet:2391260:top:9","","1","1","BMF","2025-10-29..2025-10-29","160","","PASS_AUTOMATED_IDENTITY_GUARDS"
"govaction:breg-cabinet:2391260:top:10","","1","1","BMI","2025-10-29..2025-10-29","254","","PASS_AUTOMATED_IDENTITY_GUARDS"
"govaction:breg-cabinet:2391260:top:11","","1","1","BMI","2025-10-29..2025-10-29","297","","PASS_AUTOMATED_IDENTITY_GUARDS"
"govaction:breg-cabinet:2391260:top:12","","1","1","BMWE","2025-10-29..2025-10-29","206","","PASS_AUTOMATED_IDENTITY_GUARDS"
"govaction:breg-cabinet:2391260:top:13","","1","1","BMWE","2025-10-29..2025-10-29","254","","PASS_AUTOMATED_IDENTITY_GUARDS"
"govaction:breg-cabinet:2391260:top:14","","1","1","","2025-10-29..2025-10-29","316","","PASS_AUTOMATED_IDENTITY_GUARDS"
"govaction:breg-cabinet:2391260:top:15","","1","1","BMJV","2025-10-29..2025-10-29","263","","PASS_AUTOMATED_IDENTITY_GUARDS"
"govaction:breg-cabinet:2391260:top:16","","1","1","BMJV","2025-10-29..2025-10-29","214","","PASS_AUTOMATED_IDENTITY_GUARDS"
"govaction:breg-cabinet:2391260:top:17","","1","1","BMJV","2025-10-29..2025-10-29","248","","PASS_AUTOMATED_IDENTITY_GUARDS"
"govaction:breg-cabinet:2391260:top:18","","1","1","BMJV","2025-10-29..2025-10-29","311","","PASS_AUTOMATED_IDENTITY_GUARDS"
"govaction:breg-cabinet:2391260:top:19","","1","1","","2025-10-29..2025-10-29","340","","PASS_AUTOMATED_IDENTITY_GUARDS"
"govaction:breg-cabinet:2391260:top:20","","1","1","BMJV","2025-10-29..2025-10-29","206","","PASS_AUTOMATED_IDENTITY_GUARDS"
"govaction:breg-cabinet:2391260:top:21","","1","1","BMAS","2025-10-29..2025-10-29","250","","PASS_AUTOMATED_IDENTITY_GUARDS"
"govaction:breg-cabinet:2391260:top:22","","1","1","BMAS","2025-10-29..2025-10-29","277","","PASS_AUTOMATED_IDENTITY_GUARDS"
"govaction:breg-cabinet:2391260:top:23","","1","1","","2025-10-29..2025-10-29","281","","PASS_AUTOMATED_IDENTITY_GUARDS"
"govaction:breg-cabinet:2391260:top:24","","1","1","BMV","2025-10-29..2025-10-29","190","","PASS_AUTOMATED_IDENTITY_GUARDS"
"govaction:breg-cabinet:2391260:top:25","","1","1","BMV","2025-10-29..2025-10-29","256","","PASS_AUTOMATED_IDENTITY_GUARDS"
"govaction:breg-cabinet:2391260:top:26","","1","1","BMUKN","2025-10-29..2025-10-29","320","","PASS_AUTOMATED_IDENTITY_GUARDS"
"govaction:breg-cabinet:2391260:top:27","","1","1","BMLEH","2025-10-29..2025-10-29","212","","PASS_AUTOMATED_IDENTITY_GUARDS"
"govaction:breg-cabinet:2391260:top:28","","1","1","BMLEH","2025-10-29..2025-10-29","262","","PASS_AUTOMATED_IDENTITY_GUARDS"
"govaction:breg-cabinet:2391260:top:29","","1","1","BMV","2025-10-29..2025-10-29","184","","PASS_AUTOMATED_IDENTITY_GUARDS"
"govaction:breg-cabinet:2391260:top:30","","1","1","BMV","2025-10-29..2025-10-29","187","","PASS_AUTOMATED_IDENTITY_GUARDS"
"govaction:breg-cabinet:2391260:top:31","","1","1","BMF","2025-10-29..2025-10-29","61","","PASS_AUTOMATED_IDENTITY_GUARDS"
"govaction:breg-cabinet:2392130:top:1","","2","2","BKAmt","2025-11-05..2025-11-05","1090","","PASS_AUTOMATED_IDENTITY_GUARDS"
"govaction:breg-cabinet:2392130:top:5","","1","1","BMVg","2025-11-05..2025-11-05","200","","PASS_AUTOMATED_IDENTITY_GUARDS"
"govaction:breg-cabinet:2392130:top:6","","1","1","BMVg","2025-11-05..2025-11-05","220","","PASS_AUTOMATED_IDENTITY_GUARDS"
"govaction:breg-cabinet:2392130:top:7","","1","1","BMI","2025-11-05..2025-11-05","142","","PASS_AUTOMATED_IDENTITY_GUARDS"
"govaction:breg-cabinet:2392130:top:8","","1","1","BMG","2025-11-05..2025-11-05","158","","PASS_AUTOMATED_IDENTITY_GUARDS"
"govaction:breg-cabinet:2392130:top:9","","1","1","BMI","2025-11-05..2025-11-05","143","","PASS_AUTOMATED_IDENTITY_GUARDS"
"govaction:breg-cabinet:2392130:top:10","","1","1","BMF","2025-11-05..2025-11-05","138","","PASS_AUTOMATED_IDENTITY_GUARDS"
"govaction:breg-cabinet:2392130:top:11","","1","1","BMWE","2025-11-05..2025-11-05","132","","PASS_AUTOMATED_IDENTITY_GUARDS"
"govaction:breg-cabinet:2392130:top:12","","1","1","BMWE","2025-11-05..2025-11-05","126","","PASS_AUTOMATED_IDENTITY_GUARDS"
"govaction:breg-cabinet:2392130:top:15","","1","1","BMI","2025-11-05..2025-11-05","192","","PASS_AUTOMATED_IDENTITY_GUARDS"
"govaction:breg-cabinet:2392130:top:16","","1","1","","2025-11-05..2025-11-05","249","","PASS_AUTOMATED_IDENTITY_GUARDS"
"govaction:breg-cabinet:2392130:top:17","","1","1","BMF","2025-11-05..2025-11-05","71","","PASS_AUTOMATED_IDENTITY_GUARDS"
"govaction:breg-cabinet:2393292:top:1","","2","2","BKM","2025-11-12..2025-11-12","167","","PASS_AUTOMATED_IDENTITY_GUARDS"
"govaction:breg-cabinet:2393292:top:2","","1","1","BMF","2025-11-12..2025-11-12","286","","PASS_AUTOMATED_IDENTITY_GUARDS"
"govaction:breg-cabinet:2393292:top:3","","1","1","BMWE","2025-11-12..2025-11-12","309","","PASS_AUTOMATED_IDENTITY_GUARDS"
"govaction:breg-cabinet:2393292:top:4","","1","1","BMJV","2025-11-12..2025-11-12","288","","PASS_AUTOMATED_IDENTITY_GUARDS"
"govaction:breg-cabinet:2393292:top:5","","1","1","BMJV","2025-11-12..2025-11-12","302","","PASS_AUTOMATED_IDENTITY_GUARDS"
"govaction:breg-cabinet:2393292:top:6","","1","1","BMAS","2025-11-12..2025-11-12","245","","PASS_AUTOMATED_IDENTITY_GUARDS"
"govaction:breg-cabinet:2393292:top:7","","1","1","BMV","2025-11-12..2025-11-12","281","","PASS_AUTOMATED_IDENTITY_GUARDS"
"govaction:breg-cabinet:2393292:top:8","","1","1","BMG","2025-11-12..2025-11-12","207","","PASS_AUTOMATED_IDENTITY_GUARDS"
"govaction:breg-cabinet:2393292:top:9","","1","1","BMG","2025-11-12..2025-11-12","224","","PASS_AUTOMATED_IDENTITY_GUARDS"
"govaction:breg-cabinet:2393292:top:10","","1","1","BMI","2025-11-12..2025-11-12","72","","PASS_AUTOMATED_IDENTITY_GUARDS"
"govaction:breg-cabinet:2393292:top:11","","1","1","BMV","2025-11-12..2025-11-12","200","","PASS_AUTOMATED_IDENTITY_GUARDS"
"govaction:breg-cabinet:2394372:top:3","","2","2","BMAS","2025-11-19..2025-11-19","44","","PASS_AUTOMATED_IDENTITY_GUARDS"
"govaction:breg-cabinet:2394372:top:4","","2","2","","2025-11-19..2025-11-19","48","","PASS_AUTOMATED_IDENTITY_GUARDS"
"govaction:breg-cabinet:2394372:top:5","","2","2","BMAS","2025-11-19..2025-11-19","33","","PASS_AUTOMATED_IDENTITY_GUARDS"
"govaction:breg-cabinet:2394372:top:6","","2","2","BMV","2025-11-19..2025-11-19","35","","PASS_AUTOMATED_IDENTITY_GUARDS"
"govaction:breg-cabinet:2394372:top:7","","2","2","BKAmt","2025-11-19..2025-12-04","27","","PASS_AUTOMATED_IDENTITY_GUARDS"
"govaction:breg-cabinet:2394372:top:10","","1","1","BMWE","2025-11-19..2025-11-19","229","","PASS_AUTOMATED_IDENTITY_GUARDS"
"govaction:breg-cabinet:2394372:top:12","","1","1","BMJV","2025-11-19..2025-11-19","98","","PASS_AUTOMATED_IDENTITY_GUARDS"
"govaction:breg-cabinet:2394372:top:13","","1","1","BMUKN","2025-11-19..2025-11-19","263","","PASS_AUTOMATED_IDENTITY_GUARDS"
"govaction:breg-cabinet:2394372:top:14","","1","1","BMI","2025-11-19..2025-11-19","168","","PASS_AUTOMATED_IDENTITY_GUARDS"
"govaction:breg-cabinet:2394372:top:15","","1","1","BMUKN","2025-11-19..2025-11-19","481","","PASS_AUTOMATED_IDENTITY_GUARDS"
"govaction:breg-cabinet:2397124:top:1","","2","2","BMUKN","2025-12-03..2026-02-27","63","","PASS_AUTOMATED_IDENTITY_GUARDS"
"govaction:breg-cabinet:2397124:top:3","","1","1","BMF","2025-12-03..2025-12-03","233","","PASS_AUTOMATED_IDENTITY_GUARDS"
"govaction:breg-cabinet:2397124:top:4","","1","1","BMF","2025-12-03..2025-12-03","541","","PASS_AUTOMATED_IDENTITY_GUARDS"
"govaction:breg-cabinet:2397124:top:5","","1","1","BMI","2025-12-03..2025-12-03","185","","PASS_AUTOMATED_IDENTITY_GUARDS"
"govaction:breg-cabinet:2397124:top:6","","1","1","BMI","2025-12-03..2025-12-03","190","","PASS_AUTOMATED_IDENTITY_GUARDS"
"govaction:breg-cabinet:2397124:top:7","","1","1","BMG","2025-12-03..2025-12-03","219","","PASS_AUTOMATED_IDENTITY_GUARDS"
"govaction:breg-cabinet:2397124:top:8","","1","1","BMG","2025-12-03..2025-12-03","191","","PASS_AUTOMATED_IDENTITY_GUARDS"
"govaction:breg-cabinet:2397124:top:9","","1","1","BMJV","2025-12-03..2025-12-03","203","","PASS_AUTOMATED_IDENTITY_GUARDS"
"govaction:breg-cabinet:2397124:top:10","","1","1","BMJV","2025-12-03..2025-12-03","198","","PASS_AUTOMATED_IDENTITY_GUARDS"
"govaction:breg-cabinet:2397124:top:11","","1","1","BMJV","2025-12-03..2025-12-03","285","","PASS_AUTOMATED_IDENTITY_GUARDS"
"govaction:breg-cabinet:2397124:top:12","","2","2","BMJV","2025-12-03..2025-12-16","181","","PASS_AUTOMATED_IDENTITY_GUARDS"
"govaction:breg-cabinet:2397124:top:13","","1","1","BMI","2025-12-03..2025-12-03","224","","PASS_AUTOMATED_IDENTITY_GUARDS"
"govaction:breg-cabinet:2397124:top:15","","1","1","BMBFSFJ","2025-12-03..2025-12-03","176","","PASS_AUTOMATED_IDENTITY_GUARDS"
"govaction:breg-cabinet:2397124:top:18","","1","1","BMWE","2025-12-03..2025-12-03","115","","PASS_AUTOMATED_IDENTITY_GUARDS"
"govaction:breg-cabinet:2398580:top:1","","2","2","","2025-12-10..2026-01-29","200","","PASS_AUTOMATED_IDENTITY_GUARDS"
"govaction:breg-cabinet:2398580:top:2","","2","2","","2025-12-10..2026-07-31","107","","PASS_AUTOMATED_IDENTITY_GUARDS"
"govaction:breg-cabinet:2398580:top:3","","2","2","AA","2025-12-10..2026-05-01","71","","PASS_AUTOMATED_IDENTITY_GUARDS"
"govaction:breg-cabinet:2398580:top:6","","1","1","","2025-12-10..2025-12-10","122","","PASS_AUTOMATED_IDENTITY_GUARDS"
"govaction:breg-cabinet:2398580:top:7","","1","1","BMWE","2025-12-10..2025-12-10","322","","PASS_AUTOMATED_IDENTITY_GUARDS"
"govaction:breg-cabinet:2398580:top:8","","1","1","BMWE","2025-12-10..2025-12-10","256","","PASS_AUTOMATED_IDENTITY_GUARDS"
"govaction:breg-cabinet:2398580:top:9","","1","1","BMJV","2025-12-10..2025-12-10","369","","PASS_AUTOMATED_IDENTITY_GUARDS"
"govaction:breg-cabinet:2398580:top:10","","1","1","BMJV","2025-12-10..2025-12-10","284","","PASS_AUTOMATED_IDENTITY_GUARDS"
"govaction:breg-cabinet:2398580:top:11","","1","1","BMBFSFJ","2025-12-10..2025-12-10","218","","PASS_AUTOMATED_IDENTITY_GUARDS"
"govaction:breg-cabinet:2398580:top:12","","1","1","BMAS","2025-12-10..2025-12-10","266","","PASS_AUTOMATED_IDENTITY_GUARDS"
"govaction:breg-cabinet:2398580:top:13","","1","1","BMG","2025-12-10..2025-12-10","235","","PASS_AUTOMATED_IDENTITY_GUARDS"
"govaction:breg-cabinet:2398580:top:14","","1","1","BMUKN","2025-12-10..2025-12-10","440","","PASS_AUTOMATED_IDENTITY_GUARDS"
"govaction:breg-cabinet:2398580:top:15","","1","1","BMUKN","2025-12-10..2025-12-10","194","","PASS_AUTOMATED_IDENTITY_GUARDS"
"govaction:breg-cabinet:2398580:top:16","","1","1","BMWE","2025-12-10..2025-12-10","123","","PASS_AUTOMATED_IDENTITY_GUARDS"
"govaction:breg-cabinet:2398580:top:17","","1","1","BMAS","2025-12-10..2025-12-10","201","","PASS_AUTOMATED_IDENTITY_GUARDS"
"govaction:breg-cabinet:2398580:top:20","","1","1","BMAS","2025-12-10..2025-12-10","136","","PASS_AUTOMATED_IDENTITY_GUARDS"
"govaction:breg-cabinet:2398580:top:21","","1","1","BMAS","2025-12-10..2025-12-10","98","","PASS_AUTOMATED_IDENTITY_GUARDS"
"govaction:breg-cabinet:2398580:top:22","","1","1","AA","2025-12-10..2025-12-10","245","","PASS_AUTOMATED_IDENTITY_GUARDS"
"govaction:breg-cabinet:2398580:top:23","","1","1","BMF","2025-12-10..2025-12-10","67","","PASS_AUTOMATED_IDENTITY_GUARDS"
"govaction:breg-cabinet:2398580:top:24","","1","1","BMF","2025-12-10..2025-12-10","74","","PASS_AUTOMATED_IDENTITY_GUARDS"
"govaction:breg-cabinet:2398580:top:25","","1","1","BMF","2025-12-10..2025-12-10","127","","PASS_AUTOMATED_IDENTITY_GUARDS"
"govaction:breg-cabinet:2398580:top:28","","1","1","BMG","2025-12-10..2025-12-10","236","","PASS_AUTOMATED_IDENTITY_GUARDS"
"govaction:breg-cabinet:2399746:top:1","","2","2","BMF","2025-12-17..2026-06-01","68","","PASS_AUTOMATED_IDENTITY_GUARDS"
"govaction:breg-cabinet:2399746:top:2","","2","2","BMF","2025-12-17..2025-12-17","69","","PASS_AUTOMATED_IDENTITY_GUARDS"
"govaction:breg-cabinet:2399746:top:3","","2","2","BMAS","2025-12-17..2026-01-07","45","","PASS_AUTOMATED_IDENTITY_GUARDS"
"govaction:breg-cabinet:2399746:top:4","","2","2","BMI","2025-12-17..2026-07-09","85","","PASS_AUTOMATED_IDENTITY_GUARDS"
"govaction:breg-cabinet:2399746:top:6","","2","2","BMAS","2025-12-17..2026-07-01","107","","PASS_AUTOMATED_IDENTITY_GUARDS"
"govaction:breg-cabinet:2399746:top:8","","2","2","BMG","2025-12-17..2026-06-12","61","","PASS_AUTOMATED_IDENTITY_GUARDS"
"govaction:breg-cabinet:2399746:top:16","","1","1","BMLEH","2025-12-17..2025-12-17","189","","PASS_AUTOMATED_IDENTITY_GUARDS"
"govaction:breg-cabinet:2399746:top:19","","1","1","BMF","2025-12-17..2025-12-17","57","","PASS_AUTOMATED_IDENTITY_GUARDS"
"govaction:breg-cabinet:2399746:top:20","","1","1","BMF","2025-12-17..2025-12-17","121","","PASS_AUTOMATED_IDENTITY_GUARDS"
"govaction:breg-cabinet:2399746:top:21","","1","1","BMF","2025-12-17..2025-12-17","78","","PASS_AUTOMATED_IDENTITY_GUARDS"
"govaction:breg-cabinet:2399746:top:22","","1","1","BMF","2025-12-17..2025-12-17","69","","PASS_AUTOMATED_IDENTITY_GUARDS"
"govaction:breg-cabinet:2399746:top:23","","1","1","BMF","2025-12-17..2025-12-17","95","","PASS_AUTOMATED_IDENTITY_GUARDS"
"govaction:breg-cabinet:2399746:top:24","","1","1","AA","2025-12-17..2025-12-17","190","","PASS_AUTOMATED_IDENTITY_GUARDS"
"govaction:breg-cabinet:2399746:top:25","","1","1","BMWE","2025-12-17..2025-12-17","180","","PASS_AUTOMATED_IDENTITY_GUARDS"
"govaction:breg-cabinet:2399746:top:26","","2","2","BMAS","2025-12-17..2026-01-01","137","","PASS_AUTOMATED_IDENTITY_GUARDS"
"govaction:breg-cabinet:2399746:top:27","","1","1","BMAS","2025-12-17..2025-12-17","201","","PASS_AUTOMATED_IDENTITY_GUARDS"
"govaction:breg-cabinet:2399746:top:28","","1","1","BMWE","2025-12-17..2025-12-17","156","","PASS_AUTOMATED_IDENTITY_GUARDS"
"govaction:breg-cabinet:2399746:top:29","","1","1","","2025-12-17..2025-12-17","180","","PASS_AUTOMATED_IDENTITY_GUARDS"
"govaction:breg-cabinet:2399746:top:30","","1","1","BMUKN","2025-12-17..2025-12-17","252","","PASS_AUTOMATED_IDENTITY_GUARDS"
"govaction:breg-cabinet:2401666:top:1","","1","1","AA","2026-01-07..2026-01-07","110","","PASS_AUTOMATED_IDENTITY_GUARDS"
"govaction:breg-cabinet:2401666:top:2","","1","1","BMF","2026-01-07..2026-01-07","775","","PASS_AUTOMATED_IDENTITY_GUARDS"
"govaction:breg-cabinet:2401666:top:3","","1","1","BMI","2026-01-07..2026-01-07","189","","PASS_AUTOMATED_IDENTITY_GUARDS"
"govaction:breg-cabinet:2401666:top:4","","1","1","BMDS","2026-01-07..2026-01-07","422","","PASS_AUTOMATED_IDENTITY_GUARDS"
"govaction:breg-cabinet:2401666:top:5","","1","1","BMV","2026-01-07..2026-01-07","241","","PASS_AUTOMATED_IDENTITY_GUARDS"
"govaction:breg-cabinet:2401666:top:6","","1","1","BMV","2026-01-07..2026-01-07","338","","PASS_AUTOMATED_IDENTITY_GUARDS"
"govaction:breg-cabinet:2401666:top:7","","1","1","BMUKN","2026-01-07..2026-01-07","185","","PASS_AUTOMATED_IDENTITY_GUARDS"
"govaction:breg-cabinet:2401666:top:8","","1","1","BMJV","2026-01-07..2026-01-07","308","","PASS_AUTOMATED_IDENTITY_GUARDS"
"govaction:breg-cabinet:2401666:top:9","","1","1","","2026-01-07..2026-01-07","171","","PASS_AUTOMATED_IDENTITY_GUARDS"
"govaction:breg-cabinet:2401666:top:10","","1","1","BMWE","2026-01-07..2026-01-07","48","","PASS_AUTOMATED_IDENTITY_GUARDS"
"govaction:breg-cabinet:2401666:top:11","","1","1","","2026-01-07..2026-01-07","186","","PASS_AUTOMATED_IDENTITY_GUARDS"
"govaction:breg-cabinet:2401666:top:12","","1","1","BMG","2026-01-07..2026-01-07","292","","PASS_AUTOMATED_IDENTITY_GUARDS"
"govaction:breg-cabinet:2401666:top:13","","1","1","BMWE","2026-01-07..2026-01-07","249","","PASS_AUTOMATED_IDENTITY_GUARDS"
"govaction:breg-cabinet:2402492:top:1","","2","2","BMF","2026-01-14..2026-05-30","73","","PASS_AUTOMATED_IDENTITY_GUARDS"
"govaction:breg-cabinet:2402492:top:2","","1","1","BKAmt","2026-01-14..2026-01-14","79","","PASS_AUTOMATED_IDENTITY_GUARDS"
"govaction:breg-cabinet:2402492:top:3","","1","1","","2026-01-14..2026-01-14","211","","PASS_AUTOMATED_IDENTITY_GUARDS"
"govaction:breg-cabinet:2402492:top:4","","1","1","","2026-01-14..2026-01-14","265","","PASS_AUTOMATED_IDENTITY_GUARDS"
"govaction:breg-cabinet:2402492:top:5","","1","1","","2026-01-14..2026-01-14","142","","PASS_AUTOMATED_IDENTITY_GUARDS"
"govaction:breg-cabinet:2403298:top:2","","2","2","BMJV","2026-01-21..2026-01-21","99","","PASS_AUTOMATED_IDENTITY_GUARDS"
"govaction:breg-cabinet:2403298:top:3","","3","3","BMI","2026-01-21..2026-01-26","88","","PASS_AUTOMATED_IDENTITY_GUARDS"
"govaction:breg-cabinet:2403298:top:5","","2","2","BMUKN","2026-01-21..2026-06-26","111","","PASS_AUTOMATED_IDENTITY_GUARDS"
"govaction:breg-cabinet:2403298:top:7","","1","1","BMWE","2026-01-21..2026-01-21","299","","PASS_AUTOMATED_IDENTITY_GUARDS"
"govaction:breg-cabinet:2403298:top:8","","1","1","BMJV","2026-01-21..2026-01-21","193","","PASS_AUTOMATED_IDENTITY_GUARDS"
"govaction:breg-cabinet:2403298:top:9","","1","1","BMJV","2026-01-21..2026-01-21","303","","PASS_AUTOMATED_IDENTITY_GUARDS"
"govaction:breg-cabinet:2403298:top:11","","1","1","BKM","2026-01-21..2026-01-21","128","","PASS_AUTOMATED_IDENTITY_GUARDS"
"govaction:breg-cabinet:2403298:top:12","","1","1","BKAmt","2026-01-21..2026-01-21","295","","PASS_AUTOMATED_IDENTITY_GUARDS"
"govaction:breg-cabinet:2404212:top:1","","2","2","BMWE","2026-01-28..2026-01-28","31","","PASS_AUTOMATED_IDENTITY_GUARDS"
"govaction:breg-cabinet:2404212:top:2","","1","1","BMJV","2026-01-28..2026-01-28","181","","PASS_AUTOMATED_IDENTITY_GUARDS"
"govaction:breg-cabinet:2404212:top:3","","1","1","BMV","2026-01-28..2026-01-28","237","","PASS_AUTOMATED_IDENTITY_GUARDS"
"govaction:breg-cabinet:2404212:top:4","","1","1","BMLEH","2026-01-28..2026-01-28","139","","PASS_AUTOMATED_IDENTITY_GUARDS"
"govaction:breg-cabinet:2404212:top:5","","1","1","BMI","2026-01-28..2026-01-28","230","","PASS_AUTOMATED_IDENTITY_GUARDS"
"govaction:breg-cabinet:2404212:top:7","","1","1","BMBFSFJ","2026-01-28..2026-01-28","96","","PASS_AUTOMATED_IDENTITY_GUARDS"
"govaction:breg-cabinet:2404212:top:8","","1","1","BMV","2026-01-28..2026-01-28","213","","PASS_AUTOMATED_IDENTITY_GUARDS"
"govaction:breg-cabinet:2404212:top:10","","1","1","BMI","2026-01-28..2026-01-28","234","","PASS_AUTOMATED_IDENTITY_GUARDS"
"govaction:breg-cabinet:2404212:top:11","","1","1","BMWE","2026-01-28..2026-01-28","357","","PASS_AUTOMATED_IDENTITY_GUARDS"
"govaction:breg-cabinet:2404212:top:12","","1","1","BMI","2026-01-28..2026-01-28","264","","PASS_AUTOMATED_IDENTITY_GUARDS"
"govaction:breg-cabinet:2404212:top:13","","1","1","BMI","2026-01-28..2026-01-28","255","","PASS_AUTOMATED_IDENTITY_GUARDS"
"govaction:breg-cabinet:2405346:top:2","","1","1","","2026-02-04..2026-02-04","182","","PASS_AUTOMATED_IDENTITY_GUARDS"
"govaction:breg-cabinet:2406466:top:1","","2","2","BMDS","2026-02-11..2026-07-30","75","","PASS_AUTOMATED_IDENTITY_GUARDS"
"govaction:breg-cabinet:2406466:top:3","","4","4","BMI","2026-02-11..2026-03-17","58","","PASS_AUTOMATED_IDENTITY_GUARDS"
"govaction:breg-cabinet:2406466:top:4","","1","1","BMF","2026-02-11..2026-02-11","231","","PASS_AUTOMATED_IDENTITY_GUARDS"
"govaction:breg-cabinet:2406466:top:5","","1","1","BMI","2026-02-11..2026-02-11","281","","PASS_AUTOMATED_IDENTITY_GUARDS"
"govaction:breg-cabinet:2406466:top:6","","1","1","BMJV","2026-02-11..2026-02-11","239","","PASS_AUTOMATED_IDENTITY_GUARDS"
"govaction:breg-cabinet:2406466:top:7","","1","1","BMAS","2026-02-11..2026-02-11","221","","PASS_AUTOMATED_IDENTITY_GUARDS"
"govaction:breg-cabinet:2406466:top:8","","1","1","BMUKN","2026-02-11..2026-02-11","402","","PASS_AUTOMATED_IDENTITY_GUARDS"
"govaction:breg-cabinet:2406466:top:9","","1","1","BMLEH","2026-02-11..2026-02-11","223","","PASS_AUTOMATED_IDENTITY_GUARDS"
"govaction:breg-cabinet:2406466:top:11","","1","1","BMAS","2026-02-11..2026-02-11","160","","PASS_AUTOMATED_IDENTITY_GUARDS"
"govaction:breg-cabinet:2406466:top:12","","1","1","BMFTR","2026-02-11..2026-02-11","133","","PASS_AUTOMATED_IDENTITY_GUARDS"
"govaction:breg-cabinet:2406466:top:14","","2","2","BMUKN","2026-02-11..2026-08-11","116","","PASS_AUTOMATED_IDENTITY_GUARDS"
"govaction:breg-cabinet:2406466:top:15","","1","1","","2026-02-11..2026-02-11","225","","PASS_AUTOMATED_IDENTITY_GUARDS"
"govaction:breg-cabinet:2406466:top:16","","1","1","BMAS","2026-02-11..2026-02-11","381","","PASS_AUTOMATED_IDENTITY_GUARDS"
"govaction:breg-cabinet:2406466:top:17","","1","1","BMDS","2026-02-11..2026-02-11","292","","PASS_AUTOMATED_IDENTITY_GUARDS"
"govaction:breg-cabinet:2406466:top:18","","1","1","BMUKN","2026-02-11..2026-02-11","203","","PASS_AUTOMATED_IDENTITY_GUARDS"
"govaction:breg-cabinet:2406466:top:19","","1","1","BMG","2026-02-11..2026-02-11","242","","PASS_AUTOMATED_IDENTITY_GUARDS"
"govaction:breg-cabinet:2408474:top:1","","2","2","","2026-02-25..2026-08-12","157","","PASS_AUTOMATED_IDENTITY_GUARDS"
"govaction:breg-cabinet:2408474:top:2","","1","1","BMJV","2026-02-25..2026-02-25","185","","PASS_AUTOMATED_IDENTITY_GUARDS"
"govaction:breg-cabinet:2408474:top:3","","1","1","BMJV","2026-02-25..2026-02-25","263","","PASS_AUTOMATED_IDENTITY_GUARDS"
"govaction:breg-cabinet:2408474:top:4","","1","1","BMI","2026-02-25..2026-02-25","73","","PASS_AUTOMATED_IDENTITY_GUARDS"
"govaction:breg-cabinet:2408474:top:5","","1","1","BMAS","2026-02-25..2026-02-25","272","","PASS_AUTOMATED_IDENTITY_GUARDS"
"govaction:breg-cabinet:2408474:top:6","","1","1","BMUKN","2026-02-25..2026-02-25","209","","PASS_AUTOMATED_IDENTITY_GUARDS"
"govaction:breg-cabinet:2408474:top:7","","1","1","BMV","2026-02-25..2026-02-25","241","","PASS_AUTOMATED_IDENTITY_GUARDS"
"govaction:breg-cabinet:2408474:top:8","","1","1","BMWSB","2026-02-25..2026-02-25","161","","PASS_AUTOMATED_IDENTITY_GUARDS"
"govaction:breg-cabinet:2408474:top:9","","1","1","BMZ","2026-02-25..2026-02-25","262","","PASS_AUTOMATED_IDENTITY_GUARDS"
"govaction:breg-cabinet:2408474:top:10","","1","1","BMAS","2026-02-25..2026-02-25","252","","PASS_AUTOMATED_IDENTITY_GUARDS"
"govaction:breg-cabinet:2408474:top:11","","1","1","BMV","2026-02-25..2026-02-25","162","","PASS_AUTOMATED_IDENTITY_GUARDS"
"govaction:breg-cabinet:2409374:top:2","","1","1","","2026-03-04..2026-03-04","182","","PASS_AUTOMATED_IDENTITY_GUARDS"
"govaction:breg-cabinet:2409948:top:2","","1","1","BMLEH","2026-03-11..2026-03-11","249","","PASS_AUTOMATED_IDENTITY_GUARDS"
"govaction:breg-cabinet:2409948:top:3","","1","1","BMG","2026-03-11..2026-03-11","236","","PASS_AUTOMATED_IDENTITY_GUARDS"
"govaction:breg-cabinet:2412120:top:1","","2","2","","2026-03-18..2026-03-18","107","","PASS_AUTOMATED_IDENTITY_GUARDS"
"govaction:breg-cabinet:2412120:top:8","","1","1","BMF","2026-03-18..2026-03-18","245","","PASS_AUTOMATED_IDENTITY_GUARDS"
"govaction:breg-cabinet:2412120:top:9","","1","1","BMJV","2026-03-18..2026-03-18","404","","PASS_AUTOMATED_IDENTITY_GUARDS"
"govaction:breg-cabinet:2412120:top:10","","1","1","BMFTR","2026-03-18..2026-03-18","194","","PASS_AUTOMATED_IDENTITY_GUARDS"
"govaction:breg-cabinet:2412120:top:11","","1","1","BMF","2026-03-18..2026-03-18","94","","PASS_AUTOMATED_IDENTITY_GUARDS"
"govaction:breg-cabinet:2412120:top:12","","1","1","BMUKN","2026-03-18..2026-03-18","247","","PASS_AUTOMATED_IDENTITY_GUARDS"
"govaction:breg-cabinet:2415588:top:2","","2","2","BKAmt","2026-03-25..2026-07-10","87","","PASS_AUTOMATED_IDENTITY_GUARDS"
"govaction:breg-cabinet:2415588:top:3","","2","2","BMUKN","2026-03-25..2026-03-25","26","","PASS_AUTOMATED_IDENTITY_GUARDS"
"govaction:breg-cabinet:2415588:top:4","","1","1","BMWE","2026-03-25..2026-03-25","285","","PASS_AUTOMATED_IDENTITY_GUARDS"
"govaction:breg-cabinet:2415588:top:6","","1","1","BMUKN","2026-03-25..2026-03-25","228","","PASS_AUTOMATED_IDENTITY_GUARDS"
"govaction:breg-cabinet:2415588:top:7","","2","2","BMUKN","2026-03-25..2026-05-20","159","","PASS_AUTOMATED_IDENTITY_GUARDS"
"govaction:breg-cabinet:2415588:top:9","","2","2","BMJV","2026-03-25..2026-07-23","104","","PASS_AUTOMATED_IDENTITY_GUARDS"
"govaction:breg-cabinet:2415588:top:10","","1","1","BMJV","2026-03-25..2026-03-25","76","","PASS_AUTOMATED_IDENTITY_GUARDS"
"govaction:breg-cabinet:2417796:top:2","","1","1","BMWE","2026-04-01..2026-04-01","287","","PASS_AUTOMATED_IDENTITY_GUARDS"
"govaction:breg-cabinet:2417796:top:4","","1","1","","2026-04-01..2026-04-01","170","","PASS_AUTOMATED_IDENTITY_GUARDS"
"govaction:breg-cabinet:2417796:top:5","","1","1","BMWE","2026-04-01..2026-04-01","72","","PASS_AUTOMATED_IDENTITY_GUARDS"
"govaction:breg-cabinet:2417796:top:7","","1","1","BMG","2026-04-01..2026-04-01","126","","PASS_AUTOMATED_IDENTITY_GUARDS"
"govaction:breg-cabinet:2417796:top:8","","1","1","BMG","2026-04-01..2026-04-01","191","","PASS_AUTOMATED_IDENTITY_GUARDS"
"govaction:breg-cabinet:2420492:top:1","","2","2","BMF","2026-04-15..2026-07-30","60","","PASS_AUTOMATED_IDENTITY_GUARDS"
"govaction:breg-cabinet:2420492:top:5","","1","1","BMUKN","2026-04-15..2026-04-15","233","","PASS_AUTOMATED_IDENTITY_GUARDS"
"govaction:breg-cabinet:2420492:top:6","","1","1","BMJV","2026-04-15..2026-04-15","259","","PASS_AUTOMATED_IDENTITY_GUARDS"
"govaction:breg-cabinet:2420492:top:7","","1","1","BMF","2026-04-15..2026-04-15","109","","PASS_AUTOMATED_IDENTITY_GUARDS"
"govaction:breg-cabinet:2420492:top:8","","1","1","BMF","2026-04-15..2026-04-15","213","","PASS_AUTOMATED_IDENTITY_GUARDS"
"govaction:breg-cabinet:2420492:top:9","","1","1","BMV","2026-04-15..2026-04-15","67","","PASS_AUTOMATED_IDENTITY_GUARDS"
"govaction:breg-cabinet:2420492:top:10","","1","1","BMV","2026-04-15..2026-04-15","107","","PASS_AUTOMATED_IDENTITY_GUARDS"
"govaction:breg-cabinet:2420492:top:12","","1","1","BMJV","2026-04-15..2026-04-15","365","","PASS_AUTOMATED_IDENTITY_GUARDS"
"govaction:breg-cabinet:2422568:top:1","","2","2","","2026-04-22..2026-04-22","337","MULTIPLE_LETTERED_AGENDA_ITEMS","SEMANTIC_ENTITY_REVIEW_REQUIRED"
"govaction:breg-cabinet:2422568:top:3","","2","2","BMJV","2026-04-22..2026-04-22","130","","PASS_AUTOMATED_IDENTITY_GUARDS"
"govaction:breg-cabinet:2422568:top:4","","2","2","BMG","2026-04-22..2026-04-22","48","","PASS_AUTOMATED_IDENTITY_GUARDS"
"govaction:breg-cabinet:2422568:top:5","","1","1","BMAS","2026-04-22..2026-04-22","176","","PASS_AUTOMATED_IDENTITY_GUARDS"
"govaction:breg-cabinet:2422568:top:6","","1","1","BMV","2026-04-22..2026-04-22","183","","PASS_AUTOMATED_IDENTITY_GUARDS"
"govaction:breg-cabinet:2422568:top:7","","1","1","BKAmt","2026-04-22..2026-04-22","233","","PASS_AUTOMATED_IDENTITY_GUARDS"
"govaction:breg-cabinet:2422568:top:8","","1","1","","2026-04-22..2026-04-22","61","","PASS_AUTOMATED_IDENTITY_GUARDS"
"govaction:breg-cabinet:2426030:top:1","","2","2","BMF","2026-04-29..2026-04-29","91","","PASS_AUTOMATED_IDENTITY_GUARDS"
"govaction:breg-cabinet:2426030:top:2","","2","2","BMJV","2026-04-29..2026-04-29","359","","PASS_AUTOMATED_IDENTITY_GUARDS"
"govaction:breg-cabinet:2426030:top:3","","2","2","BMI","2026-04-29..2026-04-29","146","","PASS_AUTOMATED_IDENTITY_GUARDS"
"govaction:breg-cabinet:2426030:top:5","","2","2","BMJV","2026-04-29..2026-04-29","72","","PASS_AUTOMATED_IDENTITY_GUARDS"
"govaction:breg-cabinet:2426030:top:6","","2","2","BMG","2026-04-29..2026-07-10","92","","PASS_AUTOMATED_IDENTITY_GUARDS"
"govaction:breg-cabinet:2426030:top:8","","4","4","BMAS","2026-04-29..2026-07-01","133","","PASS_AUTOMATED_IDENTITY_GUARDS"
"govaction:breg-cabinet:2426030:top:12","","2","2","AA","2026-04-29..2026-04-29","408","","PASS_AUTOMATED_IDENTITY_GUARDS"
"govaction:breg-cabinet:2426030:top:13","","1","1","BMWE","2026-04-29..2026-04-29","274","","PASS_AUTOMATED_IDENTITY_GUARDS"
"govaction:breg-cabinet:2426030:top:17","","1","1","","2026-04-29..2026-04-29","319","","PASS_AUTOMATED_IDENTITY_GUARDS"
"govaction:breg-cabinet:2427508:top:1","","2","2","","2026-05-06..2026-07-17","172","","PASS_AUTOMATED_IDENTITY_GUARDS"
"govaction:breg-cabinet:2427508:top:2","","2","2","","2026-05-06..2026-07-01","159","","PASS_AUTOMATED_IDENTITY_GUARDS"
"govaction:breg-cabinet:2427508:top:4","","1","1","BMJV","2026-05-06..2026-05-06","265","","PASS_AUTOMATED_IDENTITY_GUARDS"
"govaction:breg-cabinet:2427508:top:7","","1","1","BMF","2026-05-06..2026-05-06","89","","PASS_AUTOMATED_IDENTITY_GUARDS"
"govaction:breg-cabinet:2427508:top:8","","1","1","BMWE","2026-05-06..2026-05-06","130","","PASS_AUTOMATED_IDENTITY_GUARDS"
"govaction:breg-cabinet:2427508:top:9","","1","1","","2026-05-06..2026-05-06","101","","PASS_AUTOMATED_IDENTITY_GUARDS"
"govaction:breg-cabinet:2430056:top:1","","2","2","","2026-05-13..2026-07-29","58","","PASS_AUTOMATED_IDENTITY_GUARDS"
"govaction:breg-cabinet:2430056:top:2","","2","2","BMWE","2026-05-13..2026-07-29","102","","PASS_AUTOMATED_IDENTITY_GUARDS"
"govaction:breg-cabinet:2430056:top:5","","1","1","BMWE","2026-05-13..2026-05-13","245","","PASS_AUTOMATED_IDENTITY_GUARDS"
"govaction:breg-cabinet:2430056:top:6","","1","1","BMF","2026-05-13..2026-05-13","132","","PASS_AUTOMATED_IDENTITY_GUARDS"
"govaction:breg-cabinet:2430056:top:7","","1","1","BMG","2026-05-13..2026-05-13","213","","PASS_AUTOMATED_IDENTITY_GUARDS"
"govaction:breg-cabinet:2430056:top:8","","1","1","BMWE","2026-05-13..2026-05-13","299","","PASS_AUTOMATED_IDENTITY_GUARDS"
"govaction:breg-cabinet:2430056:top:9","","1","1","BMJV","2026-05-13..2026-05-13","222","","PASS_AUTOMATED_IDENTITY_GUARDS"
"govaction:breg-cabinet:2430056:top:10","","1","1","BMG","2026-05-13..2026-05-13","227","","PASS_AUTOMATED_IDENTITY_GUARDS"
"govaction:breg-cabinet:2430056:top:11","","1","1","BKAmt","2026-05-13..2026-05-13","320","","PASS_AUTOMATED_IDENTITY_GUARDS"
"govaction:breg-cabinet:2430056:top:12","","1","1","BMJV","2026-05-13..2026-05-13","193","","PASS_AUTOMATED_IDENTITY_GUARDS"
"govaction:breg-cabinet:2430832:top:1","","2","2","BMDS","2026-05-20..2026-05-20","71","","PASS_AUTOMATED_IDENTITY_GUARDS"
"govaction:breg-cabinet:2430832:top:2","","2","2","BMV","2026-05-20..2026-06-10","51","","PASS_AUTOMATED_IDENTITY_GUARDS"
"govaction:breg-cabinet:2430832:top:3","","2","2","BMI","2026-05-20..2026-05-20","47","","PASS_AUTOMATED_IDENTITY_GUARDS"
"govaction:breg-cabinet:2430832:top:4","","1","1","BMF","2026-05-20..2026-05-20","190","","PASS_AUTOMATED_IDENTITY_GUARDS"
"govaction:breg-cabinet:2430832:top:7","","1","1","BMWE","2026-05-20..2026-05-20","182","","PASS_AUTOMATED_IDENTITY_GUARDS"
"govaction:breg-cabinet:2430832:top:8","","1","1","BMFTR","2026-05-20..2026-05-20","124","","PASS_AUTOMATED_IDENTITY_GUARDS"
"govaction:breg-cabinet:2430832:top:9","","1","1","BMWSB","2026-05-20..2026-05-20","105","","PASS_AUTOMATED_IDENTITY_GUARDS"
"govaction:breg-cabinet:2430832:top:10","","1","1","","2026-05-20..2026-05-20","280","","PASS_AUTOMATED_IDENTITY_GUARDS"
"govaction:breg-cabinet:2430832:top:11","","1","1","BMUKN","2026-05-20..2026-05-20","301","","PASS_AUTOMATED_IDENTITY_GUARDS"
"govaction:breg-cabinet:2430832:top:12","","1","1","BMWE","2026-05-20..2026-05-20","240","","PASS_AUTOMATED_IDENTITY_GUARDS"
"govaction:breg-cabinet:2432542:top:1","","2","2","BMI","2026-05-27..2026-05-27","48","","PASS_AUTOMATED_IDENTITY_GUARDS"
"govaction:breg-cabinet:2432542:top:2","","2","2","BMJV","2026-05-27..2026-05-27","109","","PASS_AUTOMATED_IDENTITY_GUARDS"
"govaction:breg-cabinet:2432542:top:3","","2","2","BMJV","2026-05-27..2026-05-27","76","","PASS_AUTOMATED_IDENTITY_GUARDS"
"govaction:breg-cabinet:2432542:top:4","","2","2","BMWSB","2026-05-27..2026-05-27","72","","PASS_AUTOMATED_IDENTITY_GUARDS"
"govaction:breg-cabinet:2432542:top:5","","2","2","BKM","2026-05-27..2026-05-27","100","","PASS_AUTOMATED_IDENTITY_GUARDS"
"govaction:breg-cabinet:2432542:top:13","","1","1","BMF","2026-05-27..2026-05-27","215","","PASS_AUTOMATED_IDENTITY_GUARDS"
"govaction:breg-cabinet:2432542:top:15","","1","1","BMDS","2026-05-27..2026-05-27","193","","PASS_AUTOMATED_IDENTITY_GUARDS"
"govaction:breg-cabinet:2432542:top:16","","1","1","","2026-05-27..2026-05-27","75","","PASS_AUTOMATED_IDENTITY_GUARDS"
"govaction:breg-cabinet:2432542:top:19","","1","1","BMV","2026-05-27..2026-05-27","127","","PASS_AUTOMATED_IDENTITY_GUARDS"
"govaction:breg-cabinet:2432542:top:20","","1","1","BMLEH","2026-05-27..2026-05-27","227","","PASS_AUTOMATED_IDENTITY_GUARDS"
"govaction:breg-cabinet:2435812:top:1","","2","2","BMUKN","2026-06-03..2026-06-03","76","","PASS_AUTOMATED_IDENTITY_GUARDS"
"govaction:breg-cabinet:2435812:top:2","","2","2","BKM","2026-06-03..2026-06-03","81","","PASS_AUTOMATED_IDENTITY_GUARDS"
"govaction:breg-cabinet:2435812:top:3","","1","1","BMJV","2026-06-03..2026-06-03","266","","PASS_AUTOMATED_IDENTITY_GUARDS"
"govaction:breg-cabinet:2435812:top:4","","1","1","BMJV","2026-06-03..2026-06-03","175","","PASS_AUTOMATED_IDENTITY_GUARDS"
"govaction:breg-cabinet:2435812:top:5","","1","1","AA","2026-06-03..2026-06-03","546","","PASS_AUTOMATED_IDENTITY_GUARDS"
"govaction:breg-cabinet:2435812:top:8","","1","1","BMJV","2026-06-03..2026-06-03","206","","PASS_AUTOMATED_IDENTITY_GUARDS"
"govaction:breg-cabinet:2435812:top:9","","1","1","","2026-06-03..2026-06-03","74","","PASS_AUTOMATED_IDENTITY_GUARDS"
"govaction:breg-cabinet:2438670:top:1","","2","2","BMJV","2026-06-10..2026-06-10","62","","PASS_AUTOMATED_IDENTITY_GUARDS"
"govaction:breg-cabinet:2438670:top:2","","2","2","BMDS","2026-06-10..2026-06-10","59","","PASS_AUTOMATED_IDENTITY_GUARDS"
"govaction:breg-cabinet:2438670:top:3","","2","2","","2026-06-10..2026-06-10","45","","PASS_AUTOMATED_IDENTITY_GUARDS"
"govaction:breg-cabinet:2438670:top:4","","2","2","BMVg","2026-06-10..2026-06-17","77","","PASS_AUTOMATED_IDENTITY_GUARDS"
"govaction:breg-cabinet:2438670:top:5","","1","1","BMJV","2026-06-10..2026-06-10","244","","PASS_AUTOMATED_IDENTITY_GUARDS"
"govaction:breg-cabinet:2438670:top:6","","1","1","BMDS","2026-06-10..2026-06-10","68","","PASS_AUTOMATED_IDENTITY_GUARDS"
"govaction:breg-cabinet:2438670:top:7","","1","1","BMWE","2026-06-10..2026-06-10","276","","PASS_AUTOMATED_IDENTITY_GUARDS"
"govaction:breg-cabinet:2438670:top:8","","1","1","BMWE","2026-06-10..2026-06-10","97","","PASS_AUTOMATED_IDENTITY_GUARDS"
"govaction:breg-cabinet:2438670:top:9","","1","1","BMWE","2026-06-10..2026-06-10","109","","PASS_AUTOMATED_IDENTITY_GUARDS"
"govaction:breg-cabinet:2438670:top:10","","1","1","BMF","2026-06-10..2026-06-10","189","","PASS_AUTOMATED_IDENTITY_GUARDS"
"govaction:breg-cabinet:2438670:top:12","","1","1","BMV","2026-06-10..2026-06-10","104","","PASS_AUTOMATED_IDENTITY_GUARDS"
"govaction:breg-cabinet:2438670:top:13","","1","1","BMWE","2026-06-10..2026-06-10","112","","PASS_AUTOMATED_IDENTITY_GUARDS"
"govaction:breg-cabinet:2438670:top:14","","1","1","","2026-06-10..2026-06-10","147","","PASS_AUTOMATED_IDENTITY_GUARDS"
"govaction:breg-cabinet:2438670:top:15","","1","1","BMAS","2026-06-10..2026-06-10","235","","PASS_AUTOMATED_IDENTITY_GUARDS"
"govaction:breg-cabinet:2444492:top:2","","2","2","BMZ","2026-06-24..2026-06-24","76","","PASS_AUTOMATED_IDENTITY_GUARDS"
"govaction:breg-cabinet:2444492:top:3","","1","1","BMJV","2026-06-24..2026-06-24","381","","PASS_AUTOMATED_IDENTITY_GUARDS"
"govaction:breg-cabinet:2444492:top:4","","3","3","BMUKN","2026-06-24..2026-07-14","132","","PASS_AUTOMATED_IDENTITY_GUARDS"
"govaction:breg-cabinet:2444492:top:5","","1","1","BMBFSFJ","2026-06-24..2026-06-24","90","","PASS_AUTOMATED_IDENTITY_GUARDS"
"govaction:breg-cabinet:2444492:top:7","","1","1","","2026-06-24..2026-06-24","147","","PASS_AUTOMATED_IDENTITY_GUARDS"
"govaction:breg-cabinet:2444492:top:8","","1","1","","2026-06-24..2026-06-24","219","","PASS_AUTOMATED_IDENTITY_GUARDS"
"govaction:breg-cabinet:2445448:top:1","","1","1","","2026-07-01..2026-07-01","86","","PASS_AUTOMATED_IDENTITY_GUARDS"
"govaction:breg-cabinet:2445448:top:2","","1","1","","2026-07-01..2026-07-01","59","","PASS_AUTOMATED_IDENTITY_GUARDS"
"govaction:breg-cabinet:2445448:top:3","","2","2","BMVg","2026-07-01..2026-07-01","35","","PASS_AUTOMATED_IDENTITY_GUARDS"
"govaction:breg-cabinet:2445448:top:4:bundeswehr-infrastruktur","","2","2","Bundesministerium der Verteidigung|Bundesministerium für Umwelt, Klimaschutz, Naturschutz und nukleare Sicherheit","2026-07-01..2026-07-01","61","","PASS_AUTOMATED_IDENTITY_GUARDS"
"govaction:breg-cabinet:2445448:top:4:sicherstellung-vorsorge","","2","2","Bundesministerium des Innern|Bundesministerium der Verteidigung","2026-07-01..2026-07-01","67","","PASS_AUTOMATED_IDENTITY_GUARDS"
"govaction:breg-cabinet:2445448:top:5","","1","1","BMI","2026-07-01..2026-07-01","181","","PASS_AUTOMATED_IDENTITY_GUARDS"
"govaction:breg-cabinet:2445448:top:6","","1","1","BMJV","2026-07-01..2026-07-01","197","","PASS_AUTOMATED_IDENTITY_GUARDS"
"govaction:breg-cabinet:2445448:top:7","","1","1","BMJV","2026-07-01..2026-07-01","209","","PASS_AUTOMATED_IDENTITY_GUARDS"
"govaction:breg-cabinet:2445448:top:8","","1","1","BMG","2026-07-01..2026-07-01","173","","PASS_AUTOMATED_IDENTITY_GUARDS"
"govaction:breg-cabinet:2445448:top:9","","1","1","BMLEH","2026-07-01..2026-07-01","184","","PASS_AUTOMATED_IDENTITY_GUARDS"
"govaction:breg-cabinet:2445448:top:10","","1","1","BMLEH","2026-07-01..2026-07-01","179","","PASS_AUTOMATED_IDENTITY_GUARDS"
"govaction:breg-cabinet:2445448:top:11","","1","1","","2026-07-01..2026-07-01","74","","PASS_AUTOMATED_IDENTITY_GUARDS"
"govaction:breg-cabinet:2445448:top:13","","1","1","BMV","2026-07-01..2026-07-01","215","","PASS_AUTOMATED_IDENTITY_GUARDS"
"govaction:breg-cabinet:2445448:top:14","","1","1","","2026-07-01..2026-07-01","187","","PASS_AUTOMATED_IDENTITY_GUARDS"
"govaction:breg-cabinet:2445448:top:15","","1","1","","2026-07-01..2026-07-01","140","","PASS_AUTOMATED_IDENTITY_GUARDS"
"govaction:breg-cabinet:2445994:top:1","","2","2","BMF","2026-07-06..2026-07-06","214","","PASS_AUTOMATED_IDENTITY_GUARDS"
"govaction:breg-cabinet:2445994:top:2","","2","2","BMWSB","2026-07-06..2026-07-06","74","","PASS_AUTOMATED_IDENTITY_GUARDS"
"govaction:breg-cabinet:2445994:top:3","","1","1","BMBFSFJ","2026-07-06..2026-07-06","177","","PASS_AUTOMATED_IDENTITY_GUARDS"
"govaction:breg-cabinet:2445994:top:4","","1","1","AA","2026-07-06..2026-07-06","349","","PASS_AUTOMATED_IDENTITY_GUARDS"
"govaction:breg-cabinet:2446946:top:1","","2","2","BMLEH","2026-07-15..2026-07-15","745","","PASS_AUTOMATED_IDENTITY_GUARDS"
"govaction:breg-cabinet:2446946:top:3","","1","1","BMJV","2026-07-15..2026-07-15","254","","PASS_AUTOMATED_IDENTITY_GUARDS"
"govaction:breg-cabinet:2446946:top:7","","1","1","BMI","2026-07-15..2026-07-15","82","","PASS_AUTOMATED_IDENTITY_GUARDS"
"govaction:breg-cabinet:2446946:top:8","","1","1","BMF","2026-07-15..2026-07-15","381","","PASS_AUTOMATED_IDENTITY_GUARDS"
"govaction:breg-cabinet:2447948:top:2","","1","1","BMJV","2026-07-22..2026-07-22","155","","PASS_AUTOMATED_IDENTITY_GUARDS"
"govaction:breg-cabinet:2447948:top:4","","1","1","BMWE","2026-07-22..2026-07-22","32","","PASS_AUTOMATED_IDENTITY_GUARDS"
"govaction:breg-cabinet:2447948:top:5","","1","1","BMDS","2026-07-22..2026-07-22","69","","PASS_AUTOMATED_IDENTITY_GUARDS"
"govaction:breg-cabinet:2447948:top:6","","1","1","BMI","2026-07-22..2026-07-22","200","","PASS_AUTOMATED_IDENTITY_GUARDS"
"govaction:breg-cabinet:2447948:top:7","","1","1","AA","2026-07-22..2026-07-22","144","","PASS_AUTOMATED_IDENTITY_GUARDS"
"govaction:breg-cabinet:2447948:top:8","","1","1","AA","2026-07-22..2026-07-22","317","","PASS_AUTOMATED_IDENTITY_GUARDS"
"govaction:breg-cabinet:2447948:top:9","","1","1","BMI","2026-07-22..2026-07-22","241","","PASS_AUTOMATED_IDENTITY_GUARDS"
"govaction:breg-cabinet:2447948:top:10","","1","1","BMI","2026-07-22..2026-07-22","77","","PASS_AUTOMATED_IDENTITY_GUARDS"
"govaction:breg-cabinet:2447948:top:11","","1","1","BMV","2026-07-22..2026-07-22","156","","PASS_AUTOMATED_IDENTITY_GUARDS"
"govaction:breg-cabinet:2447948:top:12","","1","1","BMV","2026-07-22..2026-07-22","167","","PASS_AUTOMATED_IDENTITY_GUARDS"
"govaction:breg-cabinet:2447948:top:13","","1","1","BMUKN","2026-07-22..2026-07-22","310","","PASS_AUTOMATED_IDENTITY_GUARDS"
"govaction:breg-cabinet:2447948:top:14","","1","1","BMF","2026-07-22..2026-07-22","78","","PASS_AUTOMATED_IDENTITY_GUARDS"
"govaction:breg-cabinet:2447948:top:15","","1","1","BMF","2026-07-22..2026-07-22","61","","PASS_AUTOMATED_IDENTITY_GUARDS"
"govaction:breg-cabinet:2447948:top:16","","1","1","BMF","2026-07-22..2026-07-22","66","","PASS_AUTOMATED_IDENTITY_GUARDS"
"govaction:breg-cabinet:2447948:top:17","","1","1","BMF","2026-07-22..2026-07-22","69","","PASS_AUTOMATED_IDENTITY_GUARDS"
"govaction:breg-cabinet:2447948:top:18","","1","1","BMAS","2026-07-22..2026-07-22","231","","PASS_AUTOMATED_IDENTITY_GUARDS"
"govaction:breg-cabinet:2448616:top:1","","2","2","BMI","2026-07-29..2026-07-29","79","","PASS_AUTOMATED_IDENTITY_GUARDS"
"govaction:breg-cabinet:2448616:top:2","","2","2","BMWE","2026-07-29..2026-07-29","359","MULTIPLE_LETTERED_AGENDA_ITEMS","SEMANTIC_ENTITY_REVIEW_REQUIRED"
"govaction:breg-cabinet:2448616:top:4","","2","2","BMV","2026-07-29..2026-07-29","96","","PASS_AUTOMATED_IDENTITY_GUARDS"
"govaction:breg-cabinet:2448616:top:7","","1","1","BMI","2026-07-29..2026-07-29","173","","PASS_AUTOMATED_IDENTITY_GUARDS"
"govaction:breg-cabinet:2448616:top:8","","1","1","BMDS","2026-07-29..2026-07-29","333","","PASS_AUTOMATED_IDENTITY_GUARDS"
"govaction:breg-cabinet:2448616:top:9","","1","1","BMV","2026-07-29..2026-07-29","223","","PASS_AUTOMATED_IDENTITY_GUARDS"
"govaction:breg-cabinet:2448616:top:10","","1","1","BMV","2026-07-29..2026-07-29","190","","PASS_AUTOMATED_IDENTITY_GUARDS"
"govaction:breg-cabinet:2448616:top:11","","1","1","BMLEH","2026-07-29..2026-07-29","362","","PASS_AUTOMATED_IDENTITY_GUARDS"
"govaction:breg-cabinet:2448616:top:12","","1","1","BMJV","2026-07-29..2026-07-29","237","","PASS_AUTOMATED_IDENTITY_GUARDS"
"govaction:breg-cabinet:2448616:top:13","","1","1","BMV","2026-07-29..2026-07-29","250","","PASS_AUTOMATED_IDENTITY_GUARDS"
"govaction:breg-cabinet:2448616:top:14","","1","1","BMF","2026-07-29..2026-07-29","62","","PASS_AUTOMATED_IDENTITY_GUARDS"
"govaction:breg-cabinet:2448616:top:15","","1","1","BMF","2026-07-29..2026-07-29","94","","PASS_AUTOMATED_IDENTITY_GUARDS"
"govaction:breg-cabinet:2449358:top:4","","2","2","BMFTR","2026-08-12..2026-08-12","89","","PASS_AUTOMATED_IDENTITY_GUARDS"
"govaction:breg-cabinet:2449358:top:5","","2","2","BMBFSFJ","2026-08-12..2026-08-12","78","","PASS_AUTOMATED_IDENTITY_GUARDS"
"govaction:breg-cabinet:2449358:top:6","","2","2","BMLEH","2026-08-12..2026-08-12","73","","PASS_AUTOMATED_IDENTITY_GUARDS"
"govaction:breg-cabinet:2449358:top:9","","1","1","BMWE","2026-08-12..2026-08-12","174","","PASS_AUTOMATED_IDENTITY_GUARDS"
"govaction:breg-cabinet:2449358:top:10","","1","1","BMJV","2026-08-12..2026-08-12","300","","PASS_AUTOMATED_IDENTITY_GUARDS"
"govaction:breg-cabinet:2449358:top:11","","1","1","BMJV","2026-08-12..2026-08-12","214","","PASS_AUTOMATED_IDENTITY_GUARDS"
"govaction:breg-cabinet:2449358:top:12","","1","1","BMJV","2026-08-12..2026-08-12","284","","PASS_AUTOMATED_IDENTITY_GUARDS"
"govaction:breg-cabinet:2449358:top:13","","1","1","BMJV","2026-08-12..2026-08-12","248","","PASS_AUTOMATED_IDENTITY_GUARDS"
"govaction:breg-cabinet:2449358:top:14","","1","1","BMI","2026-08-12..2026-08-12","300","","PASS_AUTOMATED_IDENTITY_GUARDS"
"govaction:breg-cabinet:2449358:top:15","","1","1","BMWE","2026-08-12..2026-08-12","65","","PASS_AUTOMATED_IDENTITY_GUARDS"
"govaction:breg-cabinet:2449358:top:17","","1","1","AA","2026-08-12..2026-08-12","262","","PASS_AUTOMATED_IDENTITY_GUARDS"
"govaction:breg-cabinet:2449358:top:18","","1","1","BMWE","2026-08-12..2026-08-12","142","","PASS_AUTOMATED_IDENTITY_GUARDS"
"govaction:breg-cabinet:2449358:top:19","","2","2","BMVg","2026-08-12..2026-08-12","354","","PASS_AUTOMATED_IDENTITY_GUARDS"
"govaction:breg-cabinet:2449358:top:22","","1","1","BMV","2026-08-12..2026-08-12","193","","PASS_AUTOMATED_IDENTITY_GUARDS"
"govaction:breg-cabinet:2449358:top:23","","1","1","BMWE","2026-08-12..2026-08-12","223","","PASS_AUTOMATED_IDENTITY_GUARDS"
"govaction:breg-cabinet:2449358:top:24","","1","1","BMWE","2026-08-12..2026-08-12","246","","PASS_AUTOMATED_IDENTITY_GUARDS"
"govaction:ministry:aeb00d043a74b68b81098ede","","1","1","BMF","2026-08-14..2026-08-14","84","","PASS_AUTOMATED_IDENTITY_GUARDS"
"govaction:ministry:b4d7e88c7bc645fa9ae306c3","","1","1","BMF","2026-08-14..2026-08-14","184","","PASS_AUTOMATED_IDENTITY_GUARDS"
"govaction:ministry:c5bc284c26576c674fb0faa2","","1","1","BMF","2026-08-14..2026-08-14","104","","PASS_AUTOMATED_IDENTITY_GUARDS"
"govaction:ministry:388179f06347c9a0838dd180","","1","1","BMF","2026-08-14..2026-08-14","87","","PASS_AUTOMATED_IDENTITY_GUARDS"
"govaction:ministry:62b9020efdf11deaeb7c8805","","1","1","BMF","2026-08-14..2026-08-14","145","","PASS_AUTOMATED_IDENTITY_GUARDS"
"govaction:ministry:8521e518488d81e74913b083","","1","1","BMF","2026-08-13..2026-08-13","95","","PASS_AUTOMATED_IDENTITY_GUARDS"
"govaction:ministry:83f8fada88a6356d219b3999","","1","1","BMF","2026-08-13..2026-08-13","93","","PASS_AUTOMATED_IDENTITY_GUARDS"
"govaction:ministry:e1a1b889b96898b771f2232c","","1","1","BMF","2026-08-12..2026-08-12","80","","PASS_AUTOMATED_IDENTITY_GUARDS"
"govaction:ministry:c79f4487ecee7025db93658c","","1","1","BMF","2026-08-12..2026-08-12","115","","PASS_AUTOMATED_IDENTITY_GUARDS"
"govaction:ministry:3ce03b302fa5bdad3a9d017c","","1","1","BMF","2026-08-12..2026-08-12","96","","PASS_AUTOMATED_IDENTITY_GUARDS"
"govaction:ministry:03fcd698104d5d9f98810d2d","","1","1","BMF","2026-08-12..2026-08-12","135","","PASS_AUTOMATED_IDENTITY_GUARDS"
"govaction:ministry:cfc436695e51ac73ee4c7454","","1","1","BMF","2026-08-12..2026-08-12","118","","PASS_AUTOMATED_IDENTITY_GUARDS"
"govaction:ministry:f005d1422506e98d761d073c","","1","1","BMF","2026-08-11..2026-08-11","74","","PASS_AUTOMATED_IDENTITY_GUARDS"
"govaction:ministry:b8c8b64090aaac4f0b4998a0","","1","1","BMF","2026-08-07..2026-08-07","86","","PASS_AUTOMATED_IDENTITY_GUARDS"
"govaction:ministry:550683cc43d62ef0531feb9a","","1","1","BMF","2026-08-07..2026-08-07","75","","PASS_AUTOMATED_IDENTITY_GUARDS"
"govaction:ministry:1006182b76180ec8e5df52ca","","1","1","BMF","2026-08-07..2026-08-07","183","","PASS_AUTOMATED_IDENTITY_GUARDS"
"govaction:ministry:cb4ebadd67710a2ec6b6973e","","1","1","BMF","2026-08-07..2026-08-07","126","","PASS_AUTOMATED_IDENTITY_GUARDS"
"govaction:ministry:5b6bbeae9344ca31c9e419f0","","1","1","BMF","2026-08-06..2026-08-06","160","","PASS_AUTOMATED_IDENTITY_GUARDS"
"govaction:ministry:9bfd5caeafe25a62ca49c3d1","","1","1","BMF","2026-08-06..2026-08-06","130","","PASS_AUTOMATED_IDENTITY_GUARDS"
"govaction:ministry:cc3c333dfcab02dc23df0f9c","","1","1","BMF","2026-07-23..2026-07-23","108","","PASS_AUTOMATED_IDENTITY_GUARDS"
"govaction:ministry:bf4de495e9f44097ba068029","","1","1","BMF","2026-07-21..2026-07-21","181","","PASS_AUTOMATED_IDENTITY_GUARDS"
"govaction:ministry:86f42e7700f05e9f4f061686","","1","1","BMF","2026-07-21..2026-07-21","90","","PASS_AUTOMATED_IDENTITY_GUARDS"
"govaction:ministry:ab4b0d1d1a85913a6c6e3055","","1","1","BMF","2026-07-17..2026-07-17","94","","PASS_AUTOMATED_IDENTITY_GUARDS"
"govaction:ministry:0929d17fbc565bd3099d7262","","1","1","BMF","2026-07-17..2026-07-17","117","","PASS_AUTOMATED_IDENTITY_GUARDS"
"govaction:ministry:975af1b09990e97ed05935aa","","1","1","BMF","2026-07-17..2026-07-17","110","","PASS_AUTOMATED_IDENTITY_GUARDS"
"govaction:ministry:b310ba20f78ffe69a8928536","","1","1","BMF","2026-07-17..2026-07-17","110","","PASS_AUTOMATED_IDENTITY_GUARDS"
"govaction:ministry:1dab14f2767e04a690cee63a","","1","1","BMF","2026-07-16..2026-07-16","255","","PASS_AUTOMATED_IDENTITY_GUARDS"
"govaction:ministry:8bb987f3c00c9c7d7056a271","","1","1","BMF","2026-07-16..2026-07-16","108","","PASS_AUTOMATED_IDENTITY_GUARDS"
"govaction:ministry:46d7286a4efa24c3cce09316","","1","1","BMF","2026-07-16..2026-07-16","116","","PASS_AUTOMATED_IDENTITY_GUARDS"
"govaction:ministry:a5d50f42b535a3f5a1b4556f","","1","1","BMF","2026-07-16..2026-07-16","111","","PASS_AUTOMATED_IDENTITY_GUARDS"
"govaction:ministry:3020f3bfbb3888b2e2af5472","","1","1","BMF","2026-07-16..2026-07-16","122","","PASS_AUTOMATED_IDENTITY_GUARDS"
"govaction:ministry:4a29a7d9a04d52a59fc69a35","","1","1","BMF","2026-07-16..2026-07-16","87","","PASS_AUTOMATED_IDENTITY_GUARDS"
"govaction:ministry:65d0897a82679f7e31846cce","","1","1","BMF","2026-07-15..2026-07-15","54","","PASS_AUTOMATED_IDENTITY_GUARDS"
"govaction:ministry:f6ff2e83876fe59e8e4e4356","","1","1","BMF","2026-07-09..2026-07-09","83","","PASS_AUTOMATED_IDENTITY_GUARDS"
"govaction:ministry:67fe69d9804d0be83465944a","","1","1","BMF","2026-07-09..2026-07-09","134","","PASS_AUTOMATED_IDENTITY_GUARDS"
"govaction:ministry:43f0e228d0dfec3f45223649","","1","1","BMF","2026-07-09..2026-07-09","105","","PASS_AUTOMATED_IDENTITY_GUARDS"
"govaction:ministry:6b645863e4a6ee2c598dfefc","","1","1","BMF","2026-07-02..2026-07-02","60","","PASS_AUTOMATED_IDENTITY_GUARDS"
"govaction:ministry:3a43c57f27f1cef1408a9357","","1","1","BMF","2026-06-30..2026-06-30","73","","PASS_AUTOMATED_IDENTITY_GUARDS"
"govaction:ministry:7a38f45209b9c4568f7a65e3","","1","1","BMF","2026-06-30..2026-06-30","101","","PASS_AUTOMATED_IDENTITY_GUARDS"
"govaction:ministry:3e8b906fb00b0294435f16fe","","1","1","BMF","2026-06-30..2026-06-30","87","","PASS_AUTOMATED_IDENTITY_GUARDS"
"govaction:ministry:b6d0a0ae89e833ce45a43376","","1","1","BMF","2026-06-30..2026-06-30","90","","PASS_AUTOMATED_IDENTITY_GUARDS"
"govaction:ministry:128e274b6361d57b2cd4c772","","1","1","BMF","2026-06-17..2026-06-17","87","","PASS_AUTOMATED_IDENTITY_GUARDS"
"govaction:ministry:9fb49d09fcf27aca4f806ea2","","1","1","BMF","2026-06-17..2026-06-17","70","","PASS_AUTOMATED_IDENTITY_GUARDS"
"govaction:ministry:2d7ba0b16b10c73b15372772","","1","1","BMF","2026-06-09..2026-06-09","247","","PASS_AUTOMATED_IDENTITY_GUARDS"
"govaction:ministry:312ae308efb8e5669c69fe62","","1","1","BMF","2026-06-09..2026-06-09","219","","PASS_AUTOMATED_IDENTITY_GUARDS"
"govaction:ministry:e97aa9407f5f0a79cc3f980e","","1","1","BMF","2026-06-09..2026-06-09","175","","PASS_AUTOMATED_IDENTITY_GUARDS"
"govaction:ministry:00ff225ac21c74ee48343514","","1","1","BMF","2026-06-02..2026-06-02","63","","PASS_AUTOMATED_IDENTITY_GUARDS"
"govaction:ministry:d153dbf26ccb55167995834b","","1","1","BMF","2026-06-02..2026-06-02","103","","PASS_AUTOMATED_IDENTITY_GUARDS"
"govaction:ministry:84056f56f98519f7c9de849e","","1","1","BMF","2026-06-02..2026-06-02","372","","PASS_AUTOMATED_IDENTITY_GUARDS"
"govaction:ministry:fc8307fa2273b7baa1dfe42b","","1","1","BMF","2026-05-19..2026-05-19","146","","PASS_AUTOMATED_IDENTITY_GUARDS"
"govaction:ministry:0b18d12a49663bc1a5961aaa","","1","1","BMF","2026-05-19..2026-05-19","151","","PASS_AUTOMATED_IDENTITY_GUARDS"
"govaction:ministry:54afa736ac381703ddd15beb","","1","1","BMF","2026-05-19..2026-05-19","115","","PASS_AUTOMATED_IDENTITY_GUARDS"
"govaction:ministry:202184e30d78e4b140bf78ec","","1","1","BMF","2026-05-13..2026-05-13","82","","PASS_AUTOMATED_IDENTITY_GUARDS"
"govaction:ministry:b12efd4974637eef50b8d650","","1","1","BMF","2026-05-13..2026-05-13","58","","PASS_AUTOMATED_IDENTITY_GUARDS"
"govaction:ministry:7f949133c670c467c10e1eb6","","1","1","BMF","2026-04-30..2026-04-30","276","","PASS_AUTOMATED_IDENTITY_GUARDS"
"govaction:ministry:6adef0664de2be00f5d0750e","","1","1","BMF","2026-04-30..2026-04-30","96","","PASS_AUTOMATED_IDENTITY_GUARDS"
"govaction:ministry:1c092386e4ea36f3eeccd5f2","","1","1","BMF","2026-04-23..2026-04-23","108","","PASS_AUTOMATED_IDENTITY_GUARDS"
"govaction:ministry:5245a65a86c74c1605e6fd91","","1","1","BMF","2026-04-21..2026-04-21","77","","PASS_AUTOMATED_IDENTITY_GUARDS"
"govaction:ministry:26c693d21da283a1f6ba416b","","1","1","BMF","2026-04-08..2026-04-08","113","","PASS_AUTOMATED_IDENTITY_GUARDS"
"govaction:ministry:c58b557a3caf6c006a543d7b","","1","1","BMF","2026-04-02..2026-04-02","160","","PASS_AUTOMATED_IDENTITY_GUARDS"
"govaction:ministry:1fbc782a44160aa82df6fdf6","","1","1","BMF","2026-04-01..2026-04-01","109","","PASS_AUTOMATED_IDENTITY_GUARDS"
"govaction:ministry:9ba7295639d73905cca5c8a6","","1","1","BMF","2026-03-24..2026-03-24","223","","PASS_AUTOMATED_IDENTITY_GUARDS"
"govaction:ministry:370de9ac4acbb3fc208a6855","","1","1","BMF","2026-03-23..2026-03-23","183","","PASS_AUTOMATED_IDENTITY_GUARDS"
"govaction:ministry:518081ef71ec88627bb57863","","1","1","BMF","2026-03-23..2026-03-23","144","","PASS_AUTOMATED_IDENTITY_GUARDS"
"govaction:ministry:945bc2d33d4221494fd79d9b","","1","1","BMF","2026-03-16..2026-03-16","145","","PASS_AUTOMATED_IDENTITY_GUARDS"
"govaction:ministry:5d579728ae30a1c341f1c713","","1","1","BMF","2026-02-26..2026-02-26","6","","PASS_AUTOMATED_IDENTITY_GUARDS"
"govaction:ministry:c2f5880944e327c9ec6c1a88","","1","1","BMF","2026-02-25..2026-02-25","98","","PASS_AUTOMATED_IDENTITY_GUARDS"
"govaction:ministry:f569c0d3fb2600e74a71a171","","1","1","BMF","2026-01-29..2026-01-29","120","","PASS_AUTOMATED_IDENTITY_GUARDS"
"govaction:ministry:16949ff62494eb520e6c4cba","","1","1","BMF","2026-01-26..2026-01-26","148","","PASS_AUTOMATED_IDENTITY_GUARDS"
"govaction:ministry:c62b189edb00c6ea1d41de49","","1","1","BMF","2026-01-23..2026-01-23","126","","PASS_AUTOMATED_IDENTITY_GUARDS"
"govaction:ministry:830dcf3599e3403c3643771e","","1","1","BMF","2026-01-09..2026-01-09","103","","PASS_AUTOMATED_IDENTITY_GUARDS"
"govaction:ministry:715e82f41bfb001ca10be2c3","","1","1","BMF","2026-01-07..2026-01-07","172","","PASS_AUTOMATED_IDENTITY_GUARDS"
"govaction:ministry:6845dc34237e9354282e5238","","1","1","BMF","2026-01-06..2026-01-06","6","","PASS_AUTOMATED_IDENTITY_GUARDS"
"govaction:ministry:4c786833f5dbe1ce18d97b4d","","1","1","BMF","2025-12-12..2025-12-12","139","","PASS_AUTOMATED_IDENTITY_GUARDS"
"govaction:ministry:b55418ba14556e687ab6221d","","1","1","BMF","2025-11-25..2025-11-25","175","","PASS_AUTOMATED_IDENTITY_GUARDS"
"govaction:ministry:668b7466e7d2e51cf8efd6a3","","1","1","BMF","2025-11-19..2025-11-19","96","","PASS_AUTOMATED_IDENTITY_GUARDS"
"govaction:ministry:995f58fe650efbcc0a5fa7f5","","1","1","BMF","2025-11-18..2025-11-18","84","","PASS_AUTOMATED_IDENTITY_GUARDS"
"govaction:ministry:a377be704cf0b808528a2b46","","1","1","BMF","2025-11-12..2025-11-12","221","","PASS_AUTOMATED_IDENTITY_GUARDS"
"govaction:ministry:8b1d670017c652d74cda168a","","1","1","BMF","2025-11-12..2025-11-12","58","","PASS_AUTOMATED_IDENTITY_GUARDS"
"govaction:ministry:9f14390e380a47e5480fd1ec","","1","1","BMF","2025-11-12..2025-11-12","72","","PASS_AUTOMATED_IDENTITY_GUARDS"
"govaction:ministry:430a4787cc7fab3e85438133","","1","1","BMF","2025-11-12..2025-11-12","104","","PASS_AUTOMATED_IDENTITY_GUARDS"
"govaction:ministry:a76ae9be0b129bd0bb9d17df","","1","1","BMF","2025-11-12..2025-11-12","86","","PASS_AUTOMATED_IDENTITY_GUARDS"
"govaction:ministry:b60a852adfb74e558e83d911","","1","1","BMF","2025-11-12..2025-11-12","92","","PASS_AUTOMATED_IDENTITY_GUARDS"
"govaction:ministry:6a187ff8526187d7fa80991f","","1","1","BMF","2025-11-12..2025-11-12","97","","PASS_AUTOMATED_IDENTITY_GUARDS"
"govaction:ministry:784b16a8d37d4331ac6c17b1","","1","1","BMF","2025-11-12..2025-11-12","233","","PASS_AUTOMATED_IDENTITY_GUARDS"
"govaction:ministry:75b031fbbc37766141b57bd3","","1","1","BMF","2025-11-12..2025-11-12","62","","PASS_AUTOMATED_IDENTITY_GUARDS"
"govaction:ministry:b991b3c0dc65e926774be5cd","","1","1","BMF","2025-11-12..2025-11-12","119","","PASS_AUTOMATED_IDENTITY_GUARDS"
"govaction:ministry:727587bff8150daa1de6521d","","1","1","BMF","2025-11-12..2025-11-12","140","","PASS_AUTOMATED_IDENTITY_GUARDS"
"govaction:ministry:2b15bfe7ffa8073c6a5b3f44","","1","1","BMF","2025-11-12..2025-11-12","97","","PASS_AUTOMATED_IDENTITY_GUARDS"
"govaction:ministry:58d6b62eaab644999ed8ce5b","","1","1","BMF","2025-11-10..2025-11-10","103","","PASS_AUTOMATED_IDENTITY_GUARDS"
"govaction:ministry:5c30fa43c9636b7b96e2d931","","1","1","BMF","2025-11-10..2025-11-10","87","","PASS_AUTOMATED_IDENTITY_GUARDS"
"govaction:ministry:5e7ff1ee24c7cd053f1ba52c","","1","1","BMF","2025-11-10..2025-11-10","145","","PASS_AUTOMATED_IDENTITY_GUARDS"
"govaction:ministry:9382b5d0f2e7932508ebbbd4","","1","1","BMF","2025-11-10..2025-11-10","647","","PASS_AUTOMATED_IDENTITY_GUARDS"
"govaction:ministry:429f6a38edb0e20986a9d00b","","1","1","BMF","2025-11-04..2025-11-04","91","","PASS_AUTOMATED_IDENTITY_GUARDS"
"govaction:ministry:e35c35cc9842c7c246756c63","","1","1","BMF","2025-11-03..2025-11-03","104","","PASS_AUTOMATED_IDENTITY_GUARDS"
"govaction:ministry:05efcc163f4f6a8d6649309a","","1","1","BMF","2025-10-29..2025-10-29","77","","PASS_AUTOMATED_IDENTITY_GUARDS"
"govaction:ministry:893efdd9ed62eac63f27fbd8","","1","1","BMF","2025-10-28..2025-10-28","135","","PASS_AUTOMATED_IDENTITY_GUARDS"
"govaction:ministry:808b34bd8f51cdb3958f71a1","","1","1","BMF","2025-10-28..2025-10-28","217","","PASS_AUTOMATED_IDENTITY_GUARDS"
"govaction:ministry:736473bf67ba73156081cfee","","1","1","BMF","2025-10-27..2025-10-27","98","","PASS_AUTOMATED_IDENTITY_GUARDS"
"govaction:ministry:ec3a4651ff51714ee04172d6","","1","1","BMF","2025-10-24..2025-10-24","117","","PASS_AUTOMATED_IDENTITY_GUARDS"
"govaction:ministry:5f125d8a6ca8f471e7bf44c7","","1","1","BMF","2025-10-17..2025-10-17","84","","PASS_AUTOMATED_IDENTITY_GUARDS"
"govaction:ministry:f40378a0e5b1b70433335588","","1","1","BMF","2025-10-15..2025-10-15","124","","PASS_AUTOMATED_IDENTITY_GUARDS"
"govaction:ministry:ab76695417f21d8d9a8046a4","","1","1","BMF","2025-10-09..2025-10-09","179","","PASS_AUTOMATED_IDENTITY_GUARDS"
"govaction:ministry:19c8ef9631a6561ee502a42c","","1","1","BMF","2025-09-25..2025-09-25","139","","PASS_AUTOMATED_IDENTITY_GUARDS"
"govaction:ministry:3ad447a2a184ca76c9a1ab77","","1","1","BMF","2025-09-23..2025-09-23","119","","PASS_AUTOMATED_IDENTITY_GUARDS"
"govaction:ministry:81e3a9173a73c355a7ed32bf","","1","1","BMF","2025-09-23..2025-09-23","144","","PASS_AUTOMATED_IDENTITY_GUARDS"
"govaction:ministry:80b7b6d85b80edfe9c1dde08","","1","1","BMF","2025-09-23..2025-09-23","6","","PASS_AUTOMATED_IDENTITY_GUARDS"
"govaction:ministry:316fca3d7cb31be21e979c5e","","1","1","BMF","2025-09-17..2025-09-17","108","","PASS_AUTOMATED_IDENTITY_GUARDS"
"govaction:ministry:dfe830313a5b0bee0bd4b9a9","","1","1","BMF","2025-09-10..2025-09-10","6","","PASS_AUTOMATED_IDENTITY_GUARDS"
"govaction:ministry:ae5c7570c5c04e0ca1f9099e","","1","1","BMF","2025-09-10..2025-09-10","6","","PASS_AUTOMATED_IDENTITY_GUARDS"
"govaction:ministry:f8894905de65dd6ddbb784ad","","1","1","BMF","2025-09-10..2025-09-10","6","","PASS_AUTOMATED_IDENTITY_GUARDS"
"govaction:ministry:c37adceb7f5b459ffaaef786","","1","1","BMF","2025-09-10..2025-09-10","6","","PASS_AUTOMATED_IDENTITY_GUARDS"
"govaction:ministry:e24c3882018b972793ee6a83","","1","1","BMF","2025-09-10..2025-09-10","6","","PASS_AUTOMATED_IDENTITY_GUARDS"
"govaction:ministry:a45dff33d4f5c49c47457dd6","","1","1","BMF","2025-09-10..2025-09-10","6","","PASS_AUTOMATED_IDENTITY_GUARDS"
"govaction:ministry:34a6b02216dea2ecd9eabfbb","","1","1","BMF","2025-09-10..2025-09-10","6","","PASS_AUTOMATED_IDENTITY_GUARDS"
"govaction:ministry:b2d624b81ae2e85899bea601","","1","1","BMF","2025-09-10..2025-09-10","6","","PASS_AUTOMATED_IDENTITY_GUARDS"
"govaction:ministry:bf996a78c84791790907e0f9","","1","1","BMF","2025-09-10..2025-09-10","6","","PASS_AUTOMATED_IDENTITY_GUARDS"
"govaction:ministry:e8b9a7c443f682442011770a","","1","1","BMF","2025-09-10..2025-09-10","6","","PASS_AUTOMATED_IDENTITY_GUARDS"
"govaction:ministry:eb1b93a36bc0a70fa101dda0","","1","1","BMF","2025-09-10..2025-09-10","6","","PASS_AUTOMATED_IDENTITY_GUARDS"
"govaction:ministry:b966e4f9d89410733346e048","","1","1","BMF","2025-09-10..2025-09-10","6","","PASS_AUTOMATED_IDENTITY_GUARDS"
"govaction:ministry:4a89eee387987dd1e9c6a852","","1","1","BMF","2025-09-10..2025-09-10","6","","PASS_AUTOMATED_IDENTITY_GUARDS"
"govaction:ministry:639b3448f7db2deaa029de83","","1","1","BMF","2025-09-10..2025-09-10","6","","PASS_AUTOMATED_IDENTITY_GUARDS"
"govaction:ministry:594e18f77a295bbdb0b06f89","","1","1","BMF","2025-09-10..2025-09-10","6","","PASS_AUTOMATED_IDENTITY_GUARDS"
"govaction:ministry:de2e5cc9f9c6792b82b5dfee","","1","1","BMF","2025-09-10..2025-09-10","6","","PASS_AUTOMATED_IDENTITY_GUARDS"
"govaction:ministry:a1766f899abdf6c8a9042686","","1","1","BMF","2025-09-10..2025-09-10","6","","PASS_AUTOMATED_IDENTITY_GUARDS"
"govaction:ministry:9879099238750c045d569a32","","1","1","BMF","2025-09-10..2025-09-10","6","","PASS_AUTOMATED_IDENTITY_GUARDS"
"govaction:ministry:9a8154f8dbdd88e520991137","","1","1","BMF","2025-09-10..2025-09-10","6","","PASS_AUTOMATED_IDENTITY_GUARDS"
"govaction:ministry:67cfb420c7d3e9bb739f20fd","","1","1","BMF","2025-09-10..2025-09-10","6","","PASS_AUTOMATED_IDENTITY_GUARDS"
"govaction:ministry:4370dc03b94f291364a9f56d","","1","1","BMF","2025-09-10..2025-09-10","6","","PASS_AUTOMATED_IDENTITY_GUARDS"
"govaction:ministry:805bdb87f3b7ecafd0c668da","","1","1","BMF","2025-09-10..2025-09-10","6","","PASS_AUTOMATED_IDENTITY_GUARDS"
"govaction:ministry:9c0ffe0da3231403bc1ad56c","","1","1","BMF","2025-09-10..2025-09-10","6","","PASS_AUTOMATED_IDENTITY_GUARDS"
"govaction:ministry:7b339043bac6738c98fe3740","","1","1","BMF","2025-09-10..2025-09-10","6","","PASS_AUTOMATED_IDENTITY_GUARDS"
"govaction:ministry:be88d3f2bcd8551fadfadf5e","","1","1","BMF","2025-09-10..2025-09-10","6","","PASS_AUTOMATED_IDENTITY_GUARDS"
"govaction:ministry:e2383e2bbe8a640e2c3f1cf1","","1","1","BMF","2025-09-10..2025-09-10","6","","PASS_AUTOMATED_IDENTITY_GUARDS"
"govaction:ministry:19084b231632c3ad1b39e6be","","1","1","BMF","2025-09-10..2025-09-10","6","","PASS_AUTOMATED_IDENTITY_GUARDS"
"govaction:ministry:102dbc42d757f0844d103085","","1","1","BMF","2025-09-10..2025-09-10","6","","PASS_AUTOMATED_IDENTITY_GUARDS"
"govaction:ministry:2bff53a5fce4078ac4c48889","","1","1","BMF","2025-09-10..2025-09-10","6","","PASS_AUTOMATED_IDENTITY_GUARDS"
"govaction:ministry:90f6211d692e415c7c28b4a9","","1","1","BMF","2025-09-10..2025-09-10","6","","PASS_AUTOMATED_IDENTITY_GUARDS"
"govaction:ministry:90d4b0beca6f70ffd1fa83be","","1","1","BMF","2025-08-21..2025-08-21","84","","PASS_AUTOMATED_IDENTITY_GUARDS"
"govaction:ministry:4b3d0c74503e521e64626e11","","1","1","BMF","2025-08-18..2025-08-18","417","","PASS_AUTOMATED_IDENTITY_GUARDS"
"govaction:ministry:362a8bbfd6660c4e36004b5b","","1","1","BMF","2025-07-02..2025-07-02","84","","PASS_AUTOMATED_IDENTITY_GUARDS"
"govaction:ministry:1a30551852f9f18374a73a43","","1","1","BMF","2025-07-02..2025-07-02","96","","PASS_AUTOMATED_IDENTITY_GUARDS"
"govaction:ministry:fcbd20124917c81da4777ddd","","1","1","BMF","2025-06-24..2025-06-24","263","","PASS_AUTOMATED_IDENTITY_GUARDS"
"govaction:ministry:c3e5bf7abb0b08e693bad4b7","","1","1","BMF","2025-05-07..2025-05-07","91","","PASS_AUTOMATED_IDENTITY_GUARDS"
"govaction:ministry:585bf3bc1af44f463783572b","","1","1","BMF","2025-05-06..2025-05-06","102","","PASS_AUTOMATED_IDENTITY_GUARDS"
"govaction:ministry:ff5b93e3f29b1d96f6648752","","1","1","BMVg","2026-01-29..2026-01-29","43","","PASS_AUTOMATED_IDENTITY_GUARDS"
"govaction:ministry:a2098d781545071569b0a1d0","","1","1","BMVg","2026-05-04..2026-05-04","80","","PASS_AUTOMATED_IDENTITY_GUARDS"
"govaction:ministry:75fd8e2a84948137951ad0de","","1","1","BMVg","2025-12-16..2025-12-16","64","","PASS_AUTOMATED_IDENTITY_GUARDS"
"govaction:ministry:034c0cbeab40b114b9151321","","1","1","BMVg","2025-10-07..2025-10-07","73","","PASS_AUTOMATED_IDENTITY_GUARDS"
"govaction:ministry:158687afb5f4c2600e3e0ef0","","1","1","BMVg","2025-08-27..2025-08-27","70","","PASS_AUTOMATED_IDENTITY_GUARDS"
"govaction:ministry:953f64e1dc8c66eb6a8e7712","","1","1","BMVg","2026-07-23..2026-07-23","55","","PASS_AUTOMATED_IDENTITY_GUARDS"
"govaction:ministry:795759ed4da91b843686abf7","","1","1","BMVg","2025-12-19..2025-12-19","73","","PASS_AUTOMATED_IDENTITY_GUARDS"
"govaction:ministry:5c35207cf9f1d8a21f35ee67","","1","1","BMVg","2025-08-27..2025-08-27","74","","PASS_AUTOMATED_IDENTITY_GUARDS"
"govaction:ministry:e62c7646bf230edb60a96a90","","1","1","BMVg","2025-08-27..2025-08-27","78","","PASS_AUTOMATED_IDENTITY_GUARDS"
"govaction:ministry:2f7c1dde30cae3de901da113","","1","1","BMVg","2026-04-22..2026-04-22","78","","PASS_AUTOMATED_IDENTITY_GUARDS"
"govaction:ministry:324c8e6ccd51b085bde9820c","","1","1","BMVg","2026-05-20..2026-05-20","73","","PASS_AUTOMATED_IDENTITY_GUARDS"
"govaction:ministry:1e13c5992b1bd8a3bd9d51e0","","1","1","BMVg","2026-06-10..2026-06-10","72","","PASS_AUTOMATED_IDENTITY_GUARDS"
"govaction:ministry:3064f921d616bce294197ccc","","1","1","BMVg","2025-06-25..2025-06-25","79","","PASS_AUTOMATED_IDENTITY_GUARDS"
"govaction:ministry:491c0652c16a3f441e223775","","1","1","BMVg","2025-11-14..2025-11-14","62","","PASS_AUTOMATED_IDENTITY_GUARDS"
"govaction:ministry:c8c4fc5a79a74d8e6bb1a4f9","","1","1","BMVg","2026-02-25..2026-02-25","59","","PASS_AUTOMATED_IDENTITY_GUARDS"
"govaction:ministry:3dafd6e4c6ec7c7e3256d8a2","","1","1","BMVg","2026-04-15..2026-04-15","68","","PASS_AUTOMATED_IDENTITY_GUARDS"
"govaction:ministry:104acc4f15143c71e437a1a1","","1","1","BMVg","2025-12-05..2025-12-05","76","","PASS_AUTOMATED_IDENTITY_GUARDS"
"govaction:ministry:e4c71d85b412d46b6fac06fa","","1","1","BMVg","2025-08-27..2025-08-27","67","","PASS_AUTOMATED_IDENTITY_GUARDS"
"govaction:ministry:23fa3b173c16ce97f41816b6","","1","1","BMVg","2025-10-08..2025-10-08","70","","PASS_AUTOMATED_IDENTITY_GUARDS"
"govaction:ministry:4fab917abab90ddb3a220818","","1","1","BMVg","2025-12-05..2025-12-05","34","","PASS_AUTOMATED_IDENTITY_GUARDS"
"govaction:ministry:931eac93c4c05dc57a448f44","","1","1","BMVg","2025-11-19..2025-11-19","61","","PASS_AUTOMATED_IDENTITY_GUARDS"
"govaction:ministry:016ff0aa45aadaa2a19eeafd","","1","1","BMVg","2025-08-27..2025-08-27","53","","PASS_AUTOMATED_IDENTITY_GUARDS"
"govaction:ministry:9d0e13381e601adcad1bca98","","1","1","BMVg","2025-07-23..2025-07-23","60","","PASS_AUTOMATED_IDENTITY_GUARDS"
"govaction:ministry:d7e16e3bbefa0972592de5f3","","1","1","BMVg","2025-11-05..2025-11-05","65","","PASS_AUTOMATED_IDENTITY_GUARDS"
"govaction:ministry:71b7f87d624963f918400be1","","1","1","BMVg","2026-04-22..2026-04-22","72","","PASS_AUTOMATED_IDENTITY_GUARDS"
"govaction:ministry:943443c62bac65b2cfc5a2bf","","1","1","BMVg","2026-01-15..2026-01-15","66","","PASS_AUTOMATED_IDENTITY_GUARDS"
"govaction:ministry:45b592fb60a6d8aae4117935","","1","1","BMVg","2026-07-01..2026-07-01","69","","PASS_AUTOMATED_IDENTITY_GUARDS"
"govaction:ministry:ef99e87bab52906dfba36979","","1","1","BMVg","2025-06-06..2025-06-06","75","","PASS_AUTOMATED_IDENTITY_GUARDS"
"govaction:ministry:fbd1a24de3e2761eeb08ea7b","","1","1","BMVg","2026-01-15..2026-01-15","71","","PASS_AUTOMATED_IDENTITY_GUARDS"
"govaction:ministry:47968801ec03a8e73e2f8dfb","","1","1","BMVg","2025-12-19..2025-12-19","68","","PASS_AUTOMATED_IDENTITY_GUARDS"
"govaction:ministry:cd5153cf04c3cb0b7ed559dd","","1","1","BMVg","2025-06-25..2025-06-25","55","","PASS_AUTOMATED_IDENTITY_GUARDS"
"govaction:ministry:09fa7dc079957b47b341a8ef","","1","1","BMVg","2026-01-30..2026-01-30","77","","PASS_AUTOMATED_IDENTITY_GUARDS"
"govaction:ministry:3bbcfb816061fd4929914856","","1","1","BMVg","2026-01-29..2026-01-29","74","","PASS_AUTOMATED_IDENTITY_GUARDS"
"govaction:ministry:b25813e98fd389b8b3c5beab","","1","1","BMVg","2025-06-26..2025-06-26","60","","PASS_AUTOMATED_IDENTITY_GUARDS"
"govaction:ministry:cd0d0eb0b92b16dd791f1cec","","1","1","BMVg","2025-08-05..2025-08-05","77","","PASS_AUTOMATED_IDENTITY_GUARDS"
"govaction:ministry:b0e1043bb58c369349973bbc","","1","1","BMVg","2025-12-18..2025-12-18","80","","PASS_AUTOMATED_IDENTITY_GUARDS"
"govaction:ministry:ee30e37b0e41fd6c3b99ad27","","1","1","BMVg","2025-09-15..2025-09-15","76","","PASS_AUTOMATED_IDENTITY_GUARDS"
"govaction:ministry:6f86c57a17ec78cbdd0280ad","","1","1","BMVg","2025-11-14..2025-11-14","76","","PASS_AUTOMATED_IDENTITY_GUARDS"
"govaction:ministry:b4051ab75b30def1b9432074","","1","1","BMVg","2025-12-30..2025-12-30","59","","PASS_AUTOMATED_IDENTITY_GUARDS"
"govaction:ministry:c533fbb60f91071375ff385c","","1","1","BMVg","2025-11-19..2025-11-19","76","","PASS_AUTOMATED_IDENTITY_GUARDS"
"govaction:ministry:43ce0202e8fb6c2ea0c59618","","1","1","BMVg","2025-05-15..2025-05-15","65","","PASS_AUTOMATED_IDENTITY_GUARDS"
"govaction:ministry:04dacacfbc752b30e73b44cd","","1","1","BMVg","2026-07-01..2026-07-01","62","","PASS_AUTOMATED_IDENTITY_GUARDS"
"govaction:ministry:3e6f475a6b53ee1eb01d0882","","1","1","BMVg","2025-11-06..2025-11-06","73","","PASS_AUTOMATED_IDENTITY_GUARDS"
"govaction:ministry:f25c28412145c176a271833d","","1","1","BMVg","2026-05-20..2026-05-20","57","","PASS_AUTOMATED_IDENTITY_GUARDS"
"govaction:ministry:46ffe181752e11318c2c4bc7","","1","1","BMVg","2025-10-15..2025-10-15","73","","PASS_AUTOMATED_IDENTITY_GUARDS"
"govaction:ministry:2d94d45c3124aef07dd266d6","","1","1","BMVg","2026-07-01..2026-07-01","77","","PASS_AUTOMATED_IDENTITY_GUARDS"
"govaction:ministry:6a6df4111ec9ec74584e583b","","1","1","BMJV","2026-01-27..2026-01-27","60","","PASS_AUTOMATED_IDENTITY_GUARDS"
"govaction:ministry:29922eacbccc06cc3f36ecd9","","1","1","BMJV","2026-01-27..2026-01-27","60","","PASS_AUTOMATED_IDENTITY_GUARDS"
"govaction:ministry:6e14045a89686cbae5ed349e","","1","1","BMJV","2026-07-28..2026-07-28","46","","PASS_AUTOMATED_IDENTITY_GUARDS"
"govaction:ministry:097f3f415fd240df0a4a1632","","1","1","BMJV","2026-07-28..2026-07-28","46","","PASS_AUTOMATED_IDENTITY_GUARDS"
"govaction:ministry:1ae1277f3d738029de85fc18","","1","1","BMJV","2026-07-28..2026-07-28","46","","PASS_AUTOMATED_IDENTITY_GUARDS"
"govaction:ministry:cb3edcc6697bf34f0472d15f","","1","1","BMJV","2026-07-28..2026-07-28","46","","PASS_AUTOMATED_IDENTITY_GUARDS"
"govaction:ministry:4fb0d83ee24db92db598925a","","1","1","BMJV","2026-02-08..2026-02-08","63","","PASS_AUTOMATED_IDENTITY_GUARDS"
"govaction:ministry:86555a80e6f37f3d258bf6b3","","1","1","BMJV","2026-04-17..2026-04-17","91","","PASS_AUTOMATED_IDENTITY_GUARDS"
"govaction:ministry:0c87f20a3261313c9948a01f","","1","1","BMJV","2025-12-22..2025-12-22","121","","PASS_AUTOMATED_IDENTITY_GUARDS"
"govaction:ministry:bcdc10cff7a7bfdc3e47801d","","1","1","BMJV","2026-04-22..2026-04-22","32","","PASS_AUTOMATED_IDENTITY_GUARDS"
"govaction:ministry:68198cdd7a23c82555fa8fac","","1","1","BMJV","2026-01-21..2026-01-21","47","","PASS_AUTOMATED_IDENTITY_GUARDS"
"govaction:ministry:bda053c4502659e66d4b6995","","1","1","BMJV","2026-02-08..2026-02-08","62","","PASS_AUTOMATED_IDENTITY_GUARDS"
"govaction:ministry:8b4c9515e81adb41b0713722","","1","1","BMJV","2026-04-22..2026-04-22","6","","PASS_AUTOMATED_IDENTITY_GUARDS"
"govaction:ministry:d576a521043acd9bc0f69feb","","1","1","BMJV","2026-04-22..2026-04-22","6","","PASS_AUTOMATED_IDENTITY_GUARDS"
"govaction:ministry:64abbeb6cdd66d7d0f1be6b4","","1","1","BMAS","2026-08-13..2026-08-13","74","","PASS_AUTOMATED_IDENTITY_GUARDS"
"govaction:ministry:5533447076927cda601990fe","","1","1","BMAS","2026-05-21..2026-05-21","32","","PASS_AUTOMATED_IDENTITY_GUARDS"
"govaction:ministry:db2321930441a93ad46b4fc2","","1","1","BMAS","2026-07-22..2026-07-22","51","","PASS_AUTOMATED_IDENTITY_GUARDS"
"govaction:ministry:aa2443c294a8479e25ecdfb7","","1","1","BMAS","2026-07-22..2026-07-22","67","","PASS_AUTOMATED_IDENTITY_GUARDS"
"govaction:ministry:77a90c65e643bf6720bf349d","","1","1","BMAS","2026-07-22..2026-07-22","73","","PASS_AUTOMATED_IDENTITY_GUARDS"
"govaction:ministry:6a3358bc882d83034aa57192","","1","1","BMAS","2025-07-17..2025-07-17","72","","PASS_AUTOMATED_IDENTITY_GUARDS"
"govaction:ministry:a1fbb1fc614c8cabf5cdca1a","","1","1","BMAS","2026-07-21..2026-07-21","71","","PASS_AUTOMATED_IDENTITY_GUARDS"
"govaction:ministry:bf74015cfba2ebb44d6e2dd7","","1","1","BMAS","2026-07-21..2026-07-21","66","","PASS_AUTOMATED_IDENTITY_GUARDS"
"govaction:ministry:2414e040b8a3e047491c4457","","1","1","BMAS","2026-07-21..2026-07-21","18","","PASS_AUTOMATED_IDENTITY_GUARDS"
"govaction:ministry:e911f8fbe25c898cdeabb0bf","","1","1","BMAS","2026-07-20..2026-07-20","67","","PASS_AUTOMATED_IDENTITY_GUARDS"
"govaction:ministry:ef3e5b7b64e0917ba88c26e6","","1","1","BMAS","2026-07-16..2026-07-16","41","","PASS_AUTOMATED_IDENTITY_GUARDS"
"govaction:ministry:f4e7a9a355c28a139af07c13","","1","1","BMAS","2026-07-16..2026-07-16","85","","PASS_AUTOMATED_IDENTITY_GUARDS"
"govaction:ministry:e94daded2ea8cda9c1611340","","1","1","BMAS","2026-07-16..2026-07-16","34","","PASS_AUTOMATED_IDENTITY_GUARDS"
"govaction:ministry:275654f4e928904c2fe4d491","","1","1","BMAS","2026-07-16..2026-07-16","43","","PASS_AUTOMATED_IDENTITY_GUARDS"
"govaction:ministry:0311a18e0718213615082ff9","","1","1","BMAS","2026-07-16..2026-07-16","41","","PASS_AUTOMATED_IDENTITY_GUARDS"
"govaction:ministry:879f6947fc0c278d73015a60","","1","1","BMAS","2026-07-15..2026-07-15","62","","PASS_AUTOMATED_IDENTITY_GUARDS"
"govaction:ministry:89b9e37a43374ecced0d74c8","","1","1","BMAS","2026-07-14..2026-07-14","75","","PASS_AUTOMATED_IDENTITY_GUARDS"
"govaction:ministry:2d745ecfe4b45dce87a53a4a","","1","1","BMAS","2025-10-23..2025-10-23","24","","PASS_AUTOMATED_IDENTITY_GUARDS"
"govaction:ministry:5def0d7e5b766a0543c4cdc2","","1","1","BMAS","2026-06-16..2026-06-16","59","","PASS_AUTOMATED_IDENTITY_GUARDS"
"govaction:ministry:a71de7ad58606cd68b560b28","","1","1","BMAS","2026-07-03..2026-07-03","45","","PASS_AUTOMATED_IDENTITY_GUARDS"
"govaction:ministry:dc594478b9a30f6b91afeb2a","","1","1","BMAS","2025-11-11..2025-11-11","55","","PASS_AUTOMATED_IDENTITY_GUARDS"
"govaction:ministry:5ce70baf2e00bf8e532de9c0","","1","1","BMAS","2026-07-03..2026-07-03","18","","PASS_AUTOMATED_IDENTITY_GUARDS"
"govaction:ministry:ba7334e3bbec957f611bb875","","1","1","BMAS","2026-07-01..2026-07-01","44","","PASS_AUTOMATED_IDENTITY_GUARDS"
"govaction:ministry:4ee85114248b85918a806194","","1","1","BMAS","2026-06-30..2026-06-30","111","","PASS_AUTOMATED_IDENTITY_GUARDS"
"govaction:ministry:1b7303f94113ef1d81c612d3","","1","1","BMAS","2026-07-01..2026-07-01","39","","PASS_AUTOMATED_IDENTITY_GUARDS"
"govaction:ministry:dc02e8ab10b93fb03c0ecbdc","","1","1","BMAS","2026-06-24..2026-06-24","51","","PASS_AUTOMATED_IDENTITY_GUARDS"
"govaction:ministry:e50b45436e10e9d72bddf838","","1","1","BMAS","2026-05-26..2026-05-26","21","","PASS_AUTOMATED_IDENTITY_GUARDS"
"govaction:ministry:97284106083294a35189c85e","","1","1","BMAS","2026-03-24..2026-03-24","34","","PASS_AUTOMATED_IDENTITY_GUARDS"
"govaction:ministry:1e8e5d507be0cbbffa020833","","1","1","BMAS","2026-03-24..2026-03-24","30","","PASS_AUTOMATED_IDENTITY_GUARDS"
"govaction:ministry:51dbb82c1083645bf3646dcc","","1","1","BMAS","2026-03-27..2026-03-27","35","","PASS_AUTOMATED_IDENTITY_GUARDS"
"govaction:ministry:adb95908b6834e8679545f51","","1","1","BMAS","2026-06-16..2026-06-16","168","","PASS_AUTOMATED_IDENTITY_GUARDS"
"govaction:ministry:23b0b880a27d31feb011cbb0","","1","1","BMAS","2026-06-16..2026-06-16","21","","PASS_AUTOMATED_IDENTITY_GUARDS"
"govaction:ministry:a550a9a4c84c1ca55afd3f92","","1","1","BMAS","2026-05-13..2026-05-13","44","","PASS_AUTOMATED_IDENTITY_GUARDS"
"govaction:ministry:e860aad630464803998d7e90","","1","1","BMAS","2026-03-27..2026-03-27","69","","PASS_AUTOMATED_IDENTITY_GUARDS"
"govaction:ministry:ca21e5a237c39630a3d9e7af","","1","1","BMAS","2026-03-25..2026-03-25","51","","PASS_AUTOMATED_IDENTITY_GUARDS"
"govaction:ministry:c91a963a99170370efe99f9c","","1","1","BMAS","2025-09-03..2025-09-03","43","","PASS_AUTOMATED_IDENTITY_GUARDS"
"govaction:ministry:53a707b091f1906da3f8cce0","","1","1","BMAS","2026-06-03..2026-06-03","80","","PASS_AUTOMATED_IDENTITY_GUARDS"
"govaction:ministry:b7130acbea5377ec0bf4fe85","","1","1","BMAS","2026-06-01..2026-06-01","80","","PASS_AUTOMATED_IDENTITY_GUARDS"
"govaction:ministry:be284426587583d51e8f9806","","1","1","BMAS","2026-05-27..2026-05-27","122","","PASS_AUTOMATED_IDENTITY_GUARDS"
"govaction:ministry:740fe41ae104ac83c4be4b32","","1","1","BMAS","2026-05-21..2026-05-21","23","","PASS_AUTOMATED_IDENTITY_GUARDS"
"govaction:ministry:48a8a99dd8859948935afe6e","","1","1","BMAS","2026-05-20..2026-05-20","88","","PASS_AUTOMATED_IDENTITY_GUARDS"
"govaction:ministry:9206f274bc8d9234b9e2fae3","","1","1","BMAS","2026-08-01..2026-08-01","41","","PASS_AUTOMATED_IDENTITY_GUARDS"
"govaction:ministry:779d0009fcbf440eb566943e","","1","1","BMAS","2026-05-04..2026-05-04","69","","PASS_AUTOMATED_IDENTITY_GUARDS"
"govaction:ministry:acb603d20108a8ffa337bc11","","1","1","BMAS","2026-04-30..2026-04-30","41","","PASS_AUTOMATED_IDENTITY_GUARDS"
"govaction:ministry:b2875bc1a74c846c91a39aec","","1","1","BMAS","2026-04-24..2026-04-24","58","","PASS_AUTOMATED_IDENTITY_GUARDS"
"govaction:ministry:c379af1ed5939db9448b41ff","","1","1","BMAS","2026-04-13..2026-04-13","63","","PASS_AUTOMATED_IDENTITY_GUARDS"
"govaction:ministry:76d3ee34a9f0c27a1036bfb1","","1","1","BMAS","2026-04-09..2026-04-09","35","","PASS_AUTOMATED_IDENTITY_GUARDS"
"govaction:ministry:4aa7245e30f82854bf302103","","1","1","BMAS","2026-03-31..2026-03-31","26","","PASS_AUTOMATED_IDENTITY_GUARDS"
"govaction:ministry:cb9a814f5cc12cdda8383e4b","","1","1","BMAS","2026-03-26..2026-03-26","72","","PASS_AUTOMATED_IDENTITY_GUARDS"
"govaction:ministry:5f96cb76829f72cc9a7bfb8e","","1","1","BMAS","2026-03-24..2026-03-24","61","","PASS_AUTOMATED_IDENTITY_GUARDS"
"govaction:ministry:2fbbe5ee0c1b85ad4f6cbfa7","","1","1","BMAS","2026-03-24..2026-03-24","29","","PASS_AUTOMATED_IDENTITY_GUARDS"
"govaction:ministry:f5d4ef0dc5783465823a65c4","","1","1","BMAS","2026-03-23..2026-03-23","16","","PASS_AUTOMATED_IDENTITY_GUARDS"
"govaction:ministry:9db70defa10b1bbe343ccd72","","1","1","BMAS","2026-03-23..2026-03-23","68","","PASS_AUTOMATED_IDENTITY_GUARDS"
"govaction:ministry:26b5c56bf9abbe7b64cc601c","","1","1","BMAS","2026-03-13..2026-03-13","67","","PASS_AUTOMATED_IDENTITY_GUARDS"
"govaction:ministry:bd5407613e4a3eb2cfca644f","","1","1","BMAS","2026-03-12..2026-03-12","41","","PASS_AUTOMATED_IDENTITY_GUARDS"
"govaction:ministry:2f9c111177aa563ef795bac2","","1","1","BMAS","2026-03-12..2026-03-12","39","","PASS_AUTOMATED_IDENTITY_GUARDS"
"govaction:ministry:a6ff0bc312e896002dd93786","","1","1","BMAS","2026-03-02..2026-03-02","79","","PASS_AUTOMATED_IDENTITY_GUARDS"
"govaction:ministry:432bce97740d4bf9167924c2","","1","1","BMAS","2026-03-05..2026-03-05","108","","PASS_AUTOMATED_IDENTITY_GUARDS"
"govaction:ministry:5a6a125c93d77b5677fd4b07","","1","1","BMAS","2025-07-23..2025-07-23","126","","PASS_AUTOMATED_IDENTITY_GUARDS"
"govaction:ministry:e70c532c984c0313b3b83ab0","","1","1","BMAS","2026-02-24..2026-02-24","38","","PASS_AUTOMATED_IDENTITY_GUARDS"
"govaction:ministry:2e72940f3448d058e8e16ba8","","1","1","BMAS","2026-02-26..2026-02-26","127","","PASS_AUTOMATED_IDENTITY_GUARDS"
"govaction:ministry:077dc97f2097f63f9b78c4bc","","1","1","BMAS","2026-02-19..2026-02-19","24","","PASS_AUTOMATED_IDENTITY_GUARDS"
"govaction:ministry:406068e4dee906c777b38d88","","1","1","BMAS","2026-02-19..2026-02-19","32","","PASS_AUTOMATED_IDENTITY_GUARDS"
"govaction:ministry:3be834a7ff5af538303e96ea","","1","1","BMAS","2026-02-19..2026-02-19","56","","PASS_AUTOMATED_IDENTITY_GUARDS"
"govaction:ministry:6ac7a3b73501733dae052b84","","1","1","BMAS","2026-02-19..2026-02-19","27","","PASS_AUTOMATED_IDENTITY_GUARDS"
"govaction:ministry:6c18e77c987435a33f774294","","1","1","BMAS","2026-01-23..2026-01-23","49","","PASS_AUTOMATED_IDENTITY_GUARDS"
"govaction:ministry:c2bb7e969af1426be30b5ed4","","1","1","BMAS","2026-02-16..2026-02-16","48","","PASS_AUTOMATED_IDENTITY_GUARDS"
"govaction:ministry:662538b59114e8ef56a8016e","","1","1","BMAS","2026-02-11..2026-02-11","22","","PASS_AUTOMATED_IDENTITY_GUARDS"
"govaction:ministry:640bf01cb2164b2844816e05","","1","1","BMAS","2026-02-11..2026-02-11","21","","PASS_AUTOMATED_IDENTITY_GUARDS"
"govaction:ministry:f4c65057c39b9b7054487bb1","","1","1","BMAS","2026-02-10..2026-02-10","37","","PASS_AUTOMATED_IDENTITY_GUARDS"
"govaction:ministry:3ef35a886a25c66efcff294c","","1","1","BMAS","2026-02-04..2026-02-04","10","","PASS_AUTOMATED_IDENTITY_GUARDS"
"govaction:ministry:1a0b7ae90cbcb8dd4f05ca11","","1","1","BMAS","2026-02-03..2026-02-03","21","","PASS_AUTOMATED_IDENTITY_GUARDS"
"govaction:ministry:79ea8de080996342219b4747","","1","1","BMAS","2026-01-28..2026-01-28","30","","PASS_AUTOMATED_IDENTITY_GUARDS"
"govaction:ministry:2d6fe6b58e579b3edd11688d","","1","1","BMAS","2026-01-15..2026-01-15","19","","PASS_AUTOMATED_IDENTITY_GUARDS"
"govaction:ministry:66df399b263d9dcc47b1f0bc","","1","1","BMAS","2026-01-19..2026-01-19","68","","PASS_AUTOMATED_IDENTITY_GUARDS"
"govaction:ministry:135ff81ee515fb559ede332f","","1","1","BMAS","2026-01-19..2026-01-19","30","","PASS_AUTOMATED_IDENTITY_GUARDS"
"govaction:ministry:52d9247f0b68288aee0b47cf","","1","1","BMAS","2026-01-19..2026-01-19","81","","PASS_AUTOMATED_IDENTITY_GUARDS"
"govaction:ministry:e5ba350b8459358ad13673f7","","1","1","BMAS","2026-01-19..2026-01-19","45","","PASS_AUTOMATED_IDENTITY_GUARDS"
"govaction:ministry:0aa677f2ef8e87b180cccdce","","1","1","BMAS","2026-01-19..2026-01-19","23","","PASS_AUTOMATED_IDENTITY_GUARDS"
"govaction:ministry:239f3c7f373bd594e226ff05","","1","1","BMAS","2026-01-19..2026-01-19","27","","PASS_AUTOMATED_IDENTITY_GUARDS"
"govaction:ministry:15848f7056f46fbaa015604d","","1","1","BMAS","2026-01-19..2026-01-19","27","","PASS_AUTOMATED_IDENTITY_GUARDS"
"govaction:ministry:9b93c62704f0f02fe56229fd","","1","1","BMAS","2026-01-19..2026-01-19","41","","PASS_AUTOMATED_IDENTITY_GUARDS"
"govaction:ministry:8cf315e4aa388d10252f772e","","1","1","BMAS","2026-01-14..2026-01-14","93","","PASS_AUTOMATED_IDENTITY_GUARDS"
"govaction:ministry:1fe94a54b2e5e680f4bdf3b4","","1","1","BMAS","2026-01-13..2026-01-13","45","","PASS_AUTOMATED_IDENTITY_GUARDS"
"govaction:ministry:045ffa46b6210815ff2ed272","","1","1","BMAS","2026-01-09..2026-01-09","40","","PASS_AUTOMATED_IDENTITY_GUARDS"
"govaction:ministry:9dae6f6fddc1409a12893805","","1","1","BMAS","2025-12-17..2025-12-17","53","","PASS_AUTOMATED_IDENTITY_GUARDS"
"govaction:ministry:997f8f5c6d73dbb814596084","","1","1","BMAS","2026-01-08..2026-01-08","26","","PASS_AUTOMATED_IDENTITY_GUARDS"
"govaction:ministry:52d0627787d2ac2c2f6312a1","","1","1","BMAS","2025-12-19..2025-12-19","56","","PASS_AUTOMATED_IDENTITY_GUARDS"
"govaction:ministry:379f9230d319b9a3cbd4042c","","1","1","BMAS","2025-12-19..2025-12-19","106","","PASS_AUTOMATED_IDENTITY_GUARDS"
"govaction:ministry:b9c122d2a85e89035ab1b2e4","","1","1","BMAS","2025-12-19..2025-12-19","44","","PASS_AUTOMATED_IDENTITY_GUARDS"
"govaction:ministry:7625cd24ad9c01e6e290d3a7","","1","1","BMAS","2025-12-10..2025-12-10","60","","PASS_AUTOMATED_IDENTITY_GUARDS"
"govaction:ministry:7e73b76039fa4cdacfb2d2d8","","1","1","BMAS","2025-12-15..2025-12-15","48","","PASS_AUTOMATED_IDENTITY_GUARDS"
"govaction:ministry:003c1d68237d4749f8847a61","","1","1","BMAS","2025-05-30..2025-05-30","12","","PASS_AUTOMATED_IDENTITY_GUARDS"
"govaction:ministry:6c7ca9255f992777f5d961ae","","1","1","BMAS","2025-06-04..2025-06-04","20","","PASS_AUTOMATED_IDENTITY_GUARDS"
"govaction:ministry:8678dceada634d3bcb981844","","1","1","BMAS","2025-12-03..2025-12-03","66","","PASS_AUTOMATED_IDENTITY_GUARDS"
"govaction:ministry:4d7c08d0599b529666d5bc6e","","1","1","BMAS","2025-12-01..2025-12-01","204","","PASS_AUTOMATED_IDENTITY_GUARDS"
"govaction:ministry:6e88daec255dd1a9c226b626","","1","1","BMAS","2025-12-01..2025-12-01","98","","PASS_AUTOMATED_IDENTITY_GUARDS"
"govaction:ministry:3ee639b072594f2646d2a3be","","1","1","BMAS","2025-08-06..2025-08-06","26","","PASS_AUTOMATED_IDENTITY_GUARDS"
"govaction:ministry:18ca78ff883adbbf6d5d1d1e","","1","1","BMAS","2025-11-19..2025-11-19","58","","PASS_AUTOMATED_IDENTITY_GUARDS"
"govaction:ministry:66e3c1fa4870c5bfe6d66658","","1","1","BMAS","2025-11-19..2025-11-19","61","","PASS_AUTOMATED_IDENTITY_GUARDS"
"govaction:ministry:1a1f8ac8311de09682d4005d","","1","1","BMAS","2025-11-13..2025-11-13","31","","PASS_AUTOMATED_IDENTITY_GUARDS"
"govaction:ministry:f0fb7f4539c3e4c7771a4ba2","","1","1","BMAS","2025-10-30..2025-10-30","90","","PASS_AUTOMATED_IDENTITY_GUARDS"
"govaction:ministry:0cdd02e7c9b278dffb4124ec","","1","1","BMAS","2025-10-23..2025-10-23","67","","PASS_AUTOMATED_IDENTITY_GUARDS"
"govaction:ministry:551ac47489873890e3e3e506","","1","1","BMAS","2025-10-15..2025-10-15","82","","PASS_AUTOMATED_IDENTITY_GUARDS"
"govaction:ministry:8051f2d4ea5988795cafe0a9","","1","1","BMAS","2025-10-14..2025-10-14","51","","PASS_AUTOMATED_IDENTITY_GUARDS"
"govaction:ministry:2a69598c8adce98951c4baa7","","1","1","BMAS","2025-09-11..2025-09-11","58","","PASS_AUTOMATED_IDENTITY_GUARDS"
"govaction:ministry:ebf4e753b1e0e923ff331af1","","1","1","BMAS","2025-09-09..2025-09-09","69","","PASS_AUTOMATED_IDENTITY_GUARDS"
"govaction:ministry:1a4ec426523698f142b1b10b","","1","1","BMAS","2025-09-08..2025-09-08","22","","PASS_AUTOMATED_IDENTITY_GUARDS"
"govaction:ministry:cc89cb9c5e8cdee39da5a8ab","","1","1","BMAS","2025-09-03..2025-09-03","56","","PASS_AUTOMATED_IDENTITY_GUARDS"
"govaction:ministry:d0f13e1b20e9997677603027","","1","1","BMAS","2025-09-03..2025-09-03","47","","PASS_AUTOMATED_IDENTITY_GUARDS"
"govaction:ministry:d07f593c44eb3b9401c0add8","","1","1","BMAS","2025-08-21..2025-08-21","89","","PASS_AUTOMATED_IDENTITY_GUARDS"
"govaction:ministry:b1af86f06f593af29a14f915","","1","1","BMAS","2025-08-15..2025-08-15","90","","PASS_AUTOMATED_IDENTITY_GUARDS"
"govaction:ministry:48c710c561e6e358fa2b9666","","1","1","BMAS","2025-08-07..2025-08-07","168","","PASS_AUTOMATED_IDENTITY_GUARDS"
"govaction:ministry:33753f9a7c2bb65a6e70f843","","1","1","BMAS","2025-07-25..2025-07-25","50","","PASS_AUTOMATED_IDENTITY_GUARDS"
"govaction:ministry:b7c88d85c6d9a18fabb1b537","","1","1","BMAS","2025-07-25..2025-07-25","40","","PASS_AUTOMATED_IDENTITY_GUARDS"
"govaction:ministry:7eadf5b4968cfd1d34155ee2","","1","1","BMAS","2025-07-23..2025-07-23","24","","PASS_AUTOMATED_IDENTITY_GUARDS"
"govaction:ministry:24c4f4d2f311ae615baed460","","1","1","BMAS","2025-07-14..2025-07-14","64","","PASS_AUTOMATED_IDENTITY_GUARDS"
"govaction:ministry:dd849f3d19268d19180057e4","","1","1","BMAS","2025-07-02..2025-07-02","105","","PASS_AUTOMATED_IDENTITY_GUARDS"
"govaction:ministry:a51001d7605318644858ac08","","1","1","BMAS","2025-07-02..2025-07-02","54","","PASS_AUTOMATED_IDENTITY_GUARDS"
"govaction:ministry:ac9268a9d3f86034c0bfdda9","","1","1","BMAS","2025-06-27..2025-06-27","57","","PASS_AUTOMATED_IDENTITY_GUARDS"
"govaction:ministry:4433a78fe4d61a66be88e424","","1","1","BMAS","2025-06-24..2025-06-24","67","","PASS_AUTOMATED_IDENTITY_GUARDS"
"govaction:ministry:4863095fb9182f817aa69412","","1","1","BMAS","2025-06-24..2025-06-24","97","","PASS_AUTOMATED_IDENTITY_GUARDS"
"govaction:ministry:4ef19e217a12c89914eacd61","","1","1","BMAS","2025-06-24..2025-06-24","48","","PASS_AUTOMATED_IDENTITY_GUARDS"
"govaction:ministry:2862d9d092b0f82fd8536cf6","","1","1","BMAS","2025-06-24..2025-06-24","62","","PASS_AUTOMATED_IDENTITY_GUARDS"
"govaction:ministry:63ee7534942f312ef3f89349","","1","1","BMAS","2025-06-04..2025-06-04","97","","PASS_AUTOMATED_IDENTITY_GUARDS"
"govaction:ministry:e5002c0343559285b0a33d13","","1","1","BMAS","2025-06-03..2025-06-03","29","","PASS_AUTOMATED_IDENTITY_GUARDS"
"govaction:ministry:1c084ed2eef085543229fcb8","","1","1","BMAS","2025-05-14..2025-05-14","56","","PASS_AUTOMATED_IDENTITY_GUARDS"
"govaction:ministry:7f5f879f609fd278715b2bf9","","1","1","BMAS","2025-05-14..2025-05-14","54","","PASS_AUTOMATED_IDENTITY_GUARDS"
"govaction:ministry:472ce8c740af9dc5203eb127","","1","1","BMAS","2025-05-09..2025-05-09","56","","PASS_AUTOMATED_IDENTITY_GUARDS"
"govaction:ministry:60af29761651adc2ffeb07ac","","1","1","BMDS","2026-07-20..2026-07-20","78","","PASS_AUTOMATED_IDENTITY_GUARDS"
"govaction:ministry:4270f0a6f17fce30336bce85","","1","1","BMDS","2026-07-31..2026-07-31","16","","PASS_AUTOMATED_IDENTITY_GUARDS"
"govaction:ministry:c67ac46cdbd1129aa03c8fc4","","1","1","BMDS","2026-07-29..2026-07-29","41","","PASS_AUTOMATED_IDENTITY_GUARDS"
"govaction:ministry:7347c0345241146e20e823f6","","1","1","BMDS","2026-07-27..2026-07-27","69","","PASS_AUTOMATED_IDENTITY_GUARDS"
"govaction:ministry:fe459180dd54d395714e397f","","1","1","BMDS","2026-05-06..2026-05-06","143","","PASS_AUTOMATED_IDENTITY_GUARDS"
"govaction:ministry:910508d739196124f8839674","","1","1","BMDS","2026-03-02..2026-03-02","122","","PASS_AUTOMATED_IDENTITY_GUARDS"
"govaction:ministry:ccbdca65f18433be207f13f0","","1","1","BMDS","2026-07-07..2026-07-07","29","","PASS_AUTOMATED_IDENTITY_GUARDS"
"govaction:ministry:97180521c9da92cead8c44fd","","1","1","BMDS","2026-06-24..2026-06-24","70","","PASS_AUTOMATED_IDENTITY_GUARDS"
"govaction:ministry:d1dba4e3550008e6f6297137","","1","1","BMDS","2026-06-23..2026-06-23","79","","PASS_AUTOMATED_IDENTITY_GUARDS"
"govaction:ministry:8a15e419bc051cd8f02d7015","","1","1","BMDS","2026-06-22..2026-06-22","69","","PASS_AUTOMATED_IDENTITY_GUARDS"
"govaction:ministry:2b7a977ea8e2a2a00473c4b9","","1","1","BMDS","2026-06-11..2026-06-11","35","","PASS_AUTOMATED_IDENTITY_GUARDS"
"govaction:ministry:4138885330d556f4849394cf","","1","1","BMDS","2025-10-07..2025-10-07","140","","PASS_AUTOMATED_IDENTITY_GUARDS"
"govaction:ministry:a2994ff8072e8c08a46a1d7e","","1","1","BMDS","2025-06-26..2025-06-26","71","","PASS_AUTOMATED_IDENTITY_GUARDS"
"govaction:ministry:2b44f7336e7b2c12fe82392a","","1","1","BMDS","2025-05-28..2025-05-28","207","","PASS_AUTOMATED_IDENTITY_GUARDS"
"govaction:ministry:6ea4374f3edbed599e93d084","","1","1","BMDS","2026-06-10..2026-06-10","53","","PASS_AUTOMATED_IDENTITY_GUARDS"
"govaction:ministry:c3f5f2351196a9400a441c5f","","1","1","BMDS","2026-03-26..2026-03-26","126","","PASS_AUTOMATED_IDENTITY_GUARDS"
"govaction:ministry:8a1b2cd63310982dbc01a8bd","","1","1","BMDS","2025-12-05..2025-12-05","192","","PASS_AUTOMATED_IDENTITY_GUARDS"
"govaction:ministry:7cb40ab3d7e313a5aced5a1c","","1","1","BMDS","2025-07-25..2025-07-25","187","","PASS_AUTOMATED_IDENTITY_GUARDS"
"govaction:ministry:41078b830bfde1d53538ed7e","","1","1","BMDS","2026-05-29..2026-05-29","24","","PASS_AUTOMATED_IDENTITY_GUARDS"
"govaction:ministry:2774147e6513a9596a69bd27","","1","1","BMDS","2025-05-20..2025-05-20","134","","PASS_AUTOMATED_IDENTITY_GUARDS"
"govaction:ministry:d40dfe9f0f263ac17a534c62","","1","1","BMDS","2026-07-20..2026-07-20","22","","PASS_AUTOMATED_IDENTITY_GUARDS"
"govaction:ministry:9aa048f1de7dfb2e21c9c619","","1","1","BMDS","2026-05-29..2026-05-29","54","","PASS_AUTOMATED_IDENTITY_GUARDS"
"govaction:ministry:6bd0faaa8e8714ffb3cc9904","","1","1","BMDS","2025-08-27..2025-08-27","75","","PASS_AUTOMATED_IDENTITY_GUARDS"
"govaction:ministry:2e981e3a678a35ac77224b24","","1","1","BMDS","2026-03-18..2026-03-18","33","","PASS_AUTOMATED_IDENTITY_GUARDS"
"govaction:ministry:aec54ae9f6cbd6fe0732d2d8","","1","1","BMDS","2026-03-17..2026-03-17","59","","PASS_AUTOMATED_IDENTITY_GUARDS"
"govaction:ministry:adfe1a1569d2fc392019c85c","","1","1","BMDS","2026-03-05..2026-03-05","107","","PASS_AUTOMATED_IDENTITY_GUARDS"
"govaction:ministry:f1196f2da84905a440322d50","","1","1","BMV","2025-08-06..2025-08-06","15","","PASS_AUTOMATED_IDENTITY_GUARDS"
"govaction:ministry:8e668b9220667129da717513","","1","1","BMUKN","2026-08-14..2026-08-14","21","","PASS_AUTOMATED_IDENTITY_GUARDS"
"govaction:ministry:e8b6db5c3bcf2637028042b3","","1","1","BMUKN","2026-08-14..2026-08-14","84","","PASS_AUTOMATED_IDENTITY_GUARDS"
"govaction:ministry:79aea4d51bfb745a8ad0c52d","","1","1","BMUKN","2026-08-14..2026-08-14","40","","PASS_AUTOMATED_IDENTITY_GUARDS"
"govaction:ministry:6ef2ef9b3ecf267299104663","","1","1","BMUKN","2026-08-14..2026-08-14","119","","PASS_AUTOMATED_IDENTITY_GUARDS"
"govaction:ministry:0b629b31e2594deb43bfe21a","","1","1","BMUKN","2026-08-14..2026-08-14","30","","PASS_AUTOMATED_IDENTITY_GUARDS"
"govaction:ministry:fd3f8d661f32f35d9a7a69ef","","1","1","BMUKN","2026-08-14..2026-08-14","74","","PASS_AUTOMATED_IDENTITY_GUARDS"
"govaction:ministry:979b355f575478d02c93702b","","1","1","BMUKN","2026-08-14..2026-08-14","52","","PASS_AUTOMATED_IDENTITY_GUARDS"
"govaction:ministry:791a38f31abefb7eac7c6d39","","1","1","BMUKN","2026-08-14..2026-08-14","235","","PASS_AUTOMATED_IDENTITY_GUARDS"
"govaction:ministry:261988c1306c2115dbffd92a","","1","1","BMUKN","2026-08-14..2026-08-14","66","","PASS_AUTOMATED_IDENTITY_GUARDS"
"govaction:ministry:677a01c27b56d1d392d77b8c","","1","1","BMUKN","2026-08-14..2026-08-14","166","","PASS_AUTOMATED_IDENTITY_GUARDS"
"govaction:ministry:c437b9232a696952f7b4f588","","1","1","BMUKN","2026-08-14..2026-08-14","60","","PASS_AUTOMATED_IDENTITY_GUARDS"
"govaction:ministry:6e907a5ec2252c1a8cb1b909","","1","1","BMUKN","2026-08-14..2026-08-14","60","","PASS_AUTOMATED_IDENTITY_GUARDS"
"govaction:ministry:9ade8180f1c756389f4dbdc2","","1","1","BMUKN","2026-08-13..2026-08-13","87","","PASS_AUTOMATED_IDENTITY_GUARDS"
"govaction:ministry:9d34389d29da79cbe1020426","","1","1","BMUKN","2026-07-17..2026-07-17","50","","PASS_AUTOMATED_IDENTITY_GUARDS"
"govaction:ministry:8b29f20a7dbc0b0da90a3cb2","","1","1","BMUKN","2026-08-13..2026-08-13","91","","PASS_AUTOMATED_IDENTITY_GUARDS"
"govaction:ministry:2e1521e62d7be52b5e5ea47a","","1","1","BMUKN","2026-08-12..2026-08-12","100","","PASS_AUTOMATED_IDENTITY_GUARDS"
"govaction:ministry:9d9ad9824c5818a0b5d426c4","","1","1","BMUKN","2026-06-26..2026-06-26","50","","PASS_AUTOMATED_IDENTITY_GUARDS"
"govaction:ministry:81fdc386f74d31d17934b0eb","","1","1","BMUKN","2026-08-12..2026-08-12","22","","PASS_AUTOMATED_IDENTITY_GUARDS"
"govaction:ministry:2ae339ef6ffcfcae8126583d","","1","1","BMUKN","2026-01-19..2026-01-19","35","","PASS_AUTOMATED_IDENTITY_GUARDS"
"govaction:ministry:79ec2a757f15e62001b8aa98","","1","1","BMUKN","2025-10-01..2025-10-01","224","","PASS_AUTOMATED_IDENTITY_GUARDS"
"govaction:ministry:bc6d27f13fa750052852f7db","","1","1","BMUKN","2026-08-07..2026-08-07","41","","PASS_AUTOMATED_IDENTITY_GUARDS"
"govaction:ministry:e344745b83a1cec83af10a5c","","1","1","BMUKN","2026-07-03..2026-07-03","144","","PASS_AUTOMATED_IDENTITY_GUARDS"
"govaction:ministry:c72c18cb378350af3789712e","","1","1","BMUKN","2026-08-07..2026-08-07","75","","PASS_AUTOMATED_IDENTITY_GUARDS"
"govaction:ministry:fa0d3902b59043e12aaf02ac","","1","1","BMUKN","2026-08-06..2026-08-06","91","","PASS_AUTOMATED_IDENTITY_GUARDS"
"govaction:ministry:8c52e9227037ca8e7f59ca73","","1","1","BMUKN","2026-08-06..2026-08-06","85","","PASS_AUTOMATED_IDENTITY_GUARDS"
"govaction:ministry:cc62f9305a5a58429abc541e","","1","1","BMUKN","2026-08-06..2026-08-06","55","","PASS_AUTOMATED_IDENTITY_GUARDS"
"govaction:ministry:4468a7903ea710ffc33c5585","","1","1","BMUKN","2026-08-05..2026-08-05","78","","PASS_AUTOMATED_IDENTITY_GUARDS"
"govaction:ministry:889173e7ad68337f390b14c4","","1","1","BMUKN","2026-08-05..2026-08-05","76","","PASS_AUTOMATED_IDENTITY_GUARDS"
"govaction:ministry:3a60840a797966acb87ba5a8","","1","1","BMUKN","2026-08-05..2026-08-05","120","","PASS_AUTOMATED_IDENTITY_GUARDS"
"govaction:ministry:093197add3af3586bc1dc24a","","1","1","BMUKN","2026-08-05..2026-08-05","98","","PASS_AUTOMATED_IDENTITY_GUARDS"
"govaction:ministry:ecd4376f74f24d9904019ebf","","1","1","BMUKN","2026-08-05..2026-08-05","84","","PASS_AUTOMATED_IDENTITY_GUARDS"
"govaction:ministry:90193b20728aac494613b8f6","","1","1","BMUKN","2026-08-05..2026-08-05","35","","PASS_AUTOMATED_IDENTITY_GUARDS"
"govaction:ministry:a4d855b72f5fe30c5ad1a320","","1","1","BMUKN","2026-08-05..2026-08-05","64","","PASS_AUTOMATED_IDENTITY_GUARDS"
"govaction:ministry:fb51f33fb58eb71b682e604a","","1","1","BMUKN","2026-08-05..2026-08-05","83","","PASS_AUTOMATED_IDENTITY_GUARDS"
"govaction:ministry:7ba56bde3223b222c7cdca6c","","1","1","BMUKN","2026-08-05..2026-08-05","105","","PASS_AUTOMATED_IDENTITY_GUARDS"
"govaction:ministry:a9bcefaf67ca054c92129db3","","1","1","BMUKN","2026-08-05..2026-08-05","102","","PASS_AUTOMATED_IDENTITY_GUARDS"
"govaction:ministry:1bd340b56edb189449eec1dc","","1","1","BMUKN","2026-08-04..2026-08-04","236","","PASS_AUTOMATED_IDENTITY_GUARDS"
"govaction:ministry:268464e4c171244d2938abd7","","1","1","BMUKN","2026-08-03..2026-08-03","67","","PASS_AUTOMATED_IDENTITY_GUARDS"
"govaction:ministry:f4ea8cd04cf3830eaa6e665a","","1","1","BMUKN","2026-08-03..2026-08-03","91","","PASS_AUTOMATED_IDENTITY_GUARDS"
"govaction:ministry:0930999ee867622d1ca4d42e","","1","1","BMUKN","2026-08-03..2026-08-03","22","","PASS_AUTOMATED_IDENTITY_GUARDS"
"govaction:ministry:9566f284dae516dff8be739b","","1","1","BMUKN","2026-07-01..2026-07-01","110","","PASS_AUTOMATED_IDENTITY_GUARDS"
"govaction:ministry:6aabdf22a8059e43072330a8","","1","1","BMUKN","2026-07-30..2026-07-30","25","","PASS_AUTOMATED_IDENTITY_GUARDS"
"govaction:ministry:79f6f5317cd1ea5007dec27c","","1","1","BMUKN","2026-07-30..2026-07-30","73","","PASS_AUTOMATED_IDENTITY_GUARDS"
"govaction:ministry:1ac62382860502101549e9df","","1","1","BMUKN","2026-07-29..2026-07-29","37","","PASS_AUTOMATED_IDENTITY_GUARDS"
"govaction:ministry:387670f64fff1e9fd28b1155","","1","1","BMUKN","2026-07-13..2026-07-13","35","","PASS_AUTOMATED_IDENTITY_GUARDS"
"govaction:ministry:0faa79eb622dbb83320f8bb8","","1","1","BMUKN","2026-07-29..2026-07-29","155","","PASS_AUTOMATED_IDENTITY_GUARDS"
"govaction:ministry:514e3af16e14c8096bd82fbd","","1","1","BMUKN","2026-06-24..2026-06-24","140","","PASS_AUTOMATED_IDENTITY_GUARDS"
"govaction:ministry:8cd8be13dbc67eca1ff0c6c4","","1","1","BMUKN","2025-11-14..2025-11-14","67","","PASS_AUTOMATED_IDENTITY_GUARDS"
"govaction:ministry:164ce7ab15db016026079e6f","","1","1","BMUKN","2026-07-28..2026-07-28","62","","PASS_AUTOMATED_IDENTITY_GUARDS"
"govaction:ministry:476b1e191d208eb8fb87cd5c","","1","1","BMUKN","2025-11-14..2025-11-14","95","","PASS_AUTOMATED_IDENTITY_GUARDS"
"govaction:ministry:3c60163c32afd853a861dbe2","","1","1","BMUKN","2026-06-03..2026-06-03","90","","PASS_AUTOMATED_IDENTITY_GUARDS"
"govaction:ministry:2972a70e6c1ae4c95765e5ff","","1","1","BMUKN","2026-07-23..2026-07-23","12","","PASS_AUTOMATED_IDENTITY_GUARDS"
"govaction:ministry:ea308b1e7999b9a3763cd91c","","1","1","BMUKN","2026-01-19..2026-01-19","39","","PASS_AUTOMATED_IDENTITY_GUARDS"
"govaction:ministry:35c3a8e48c1ce595b776bd6c","","1","1","BMUKN","2026-05-18..2026-05-18","115","","PASS_AUTOMATED_IDENTITY_GUARDS"
"govaction:ministry:9b4516adffa4009c61906677","","1","1","BMUKN","2026-07-22..2026-07-22","62","","PASS_AUTOMATED_IDENTITY_GUARDS"
"govaction:ministry:c2e5270ccca945be1803cd20","","1","1","BMUKN","2026-07-21..2026-07-21","69","","PASS_AUTOMATED_IDENTITY_GUARDS"
"govaction:ministry:a5e300c10e41ec233dcb3969","","1","1","BMUKN","2026-07-21..2026-07-21","7","","PASS_AUTOMATED_IDENTITY_GUARDS"
"govaction:ministry:bf2d51c41e363bc6ca35702f","","1","1","BMUKN","2026-07-21..2026-07-21","142","","PASS_AUTOMATED_IDENTITY_GUARDS"
"govaction:ministry:17aa234f5473f57be2d3da56","","1","1","BMUKN","2026-07-21..2026-07-21","170","","PASS_AUTOMATED_IDENTITY_GUARDS"
"govaction:ministry:767486e8d9b46256699159f0","","1","1","BMUKN","2026-07-21..2026-07-21","152","","PASS_AUTOMATED_IDENTITY_GUARDS"
"govaction:ministry:b5fd0063d9ddd72952ba67a9","","1","1","BMUKN","2026-07-21..2026-07-21","181","","PASS_AUTOMATED_IDENTITY_GUARDS"
"govaction:ministry:3232c747c82574783c2299e0","","1","1","BMUKN","2026-07-14..2026-07-14","88","","PASS_AUTOMATED_IDENTITY_GUARDS"
"govaction:ministry:48a80b187c0824c6dd41e2c5","","1","1","BMUKN","2026-07-20..2026-07-20","211","","PASS_AUTOMATED_IDENTITY_GUARDS"
"govaction:ministry:951936cb7f1d031f5241f8a2","","1","1","BMUKN","2026-07-06..2026-07-06","124","","PASS_AUTOMATED_IDENTITY_GUARDS"
"govaction:ministry:dbcc3f29dbf95e7cb85292de","","1","1","BMUKN","2026-07-13..2026-07-13","83","","PASS_AUTOMATED_IDENTITY_GUARDS"
"govaction:ministry:9d09bed5deeac2826a641f1b","","1","1","BMUKN","2026-03-19..2026-03-19","121","","PASS_AUTOMATED_IDENTITY_GUARDS"
"govaction:ministry:a52419b8768b7a02cf2ce792","","1","1","BMUKN","2026-07-15..2026-07-15","110","","PASS_AUTOMATED_IDENTITY_GUARDS"
"govaction:ministry:93f367e624b97f04cb755d39","","1","1","BMUKN","2026-07-15..2026-07-15","66","","PASS_AUTOMATED_IDENTITY_GUARDS"
"govaction:ministry:c5662b925611c63ce7498801","","1","1","BMUKN","2026-07-15..2026-07-15","47","","PASS_AUTOMATED_IDENTITY_GUARDS"
"govaction:ministry:cf40a5592a05867d867d8eae","","1","1","BMUKN","2026-07-15..2026-07-15","36","","PASS_AUTOMATED_IDENTITY_GUARDS"
"govaction:ministry:50b1a055afc7a7549391dffa","","1","1","BMUKN","2026-07-15..2026-07-15","99","","PASS_AUTOMATED_IDENTITY_GUARDS"
"govaction:ministry:5c2ea6df93380e9c9c42be1e","","1","1","BMUKN","2026-04-29..2026-04-29","98","","PASS_AUTOMATED_IDENTITY_GUARDS"
"govaction:ministry:0ce809cb574babab075d657e","","1","1","BMUKN","2026-07-14..2026-07-14","38","","PASS_AUTOMATED_IDENTITY_GUARDS"
"govaction:ministry:d1f3baf5cdb0a40f193007fe","","1","1","BMUKN","2026-07-14..2026-07-14","12","","PASS_AUTOMATED_IDENTITY_GUARDS"
"govaction:ministry:6bc4f90a138c607822ba866b","","1","1","BMUKN","2026-07-14..2026-07-14","42","","PASS_AUTOMATED_IDENTITY_GUARDS"
"govaction:ministry:5ea6e5494ef1979704c47425","","1","1","BMUKN","2025-10-09..2025-10-09","60","","PASS_AUTOMATED_IDENTITY_GUARDS"
"govaction:ministry:9504d8636d3a93c852104477","","1","1","BMUKN","2026-07-14..2026-07-14","21","","PASS_AUTOMATED_IDENTITY_GUARDS"
"govaction:ministry:6f6eae0bc34251d396ef7ab4","","1","1","BMUKN","2026-07-14..2026-07-14","69","","PASS_AUTOMATED_IDENTITY_GUARDS"
"govaction:ministry:d96f0850fa41f4809b82c8be","","1","1","BMUKN","2026-07-14..2026-07-14","52","","PASS_AUTOMATED_IDENTITY_GUARDS"
"govaction:ministry:12bb8230ea803a21a52b33e0","","1","1","BMUKN","2026-07-14..2026-07-14","91","","PASS_AUTOMATED_IDENTITY_GUARDS"
"govaction:ministry:fa04c73635d31937ff04f557","","1","1","BMUKN","2026-07-14..2026-07-14","25","","PASS_AUTOMATED_IDENTITY_GUARDS"
"govaction:ministry:bcd1b3a2ce8134353c8191f6","","1","1","BMUKN","2026-07-14..2026-07-14","25","","PASS_AUTOMATED_IDENTITY_GUARDS"
"govaction:ministry:b9a78a456a070b5929ddc24d","","1","1","BMUKN","2026-07-14..2026-07-14","30","","PASS_AUTOMATED_IDENTITY_GUARDS"
"govaction:ministry:3941f7b2304a985fdf7e8f7b","","1","1","BMUKN","2026-07-14..2026-07-14","53","","PASS_AUTOMATED_IDENTITY_GUARDS"
"govaction:ministry:914e83abd6cc3fbff2e9dbe6","","1","1","BMUKN","2026-07-14..2026-07-14","24","","PASS_AUTOMATED_IDENTITY_GUARDS"
"govaction:ministry:173cc70b28177270e3ca2f88","","1","1","BMUKN","2026-07-14..2026-07-14","82","","PASS_AUTOMATED_IDENTITY_GUARDS"
"govaction:ministry:25388dce9c13663d992bed91","","1","1","BMUKN","2026-07-14..2026-07-14","41","","PASS_AUTOMATED_IDENTITY_GUARDS"
"govaction:ministry:d8fafa4557738264129c73d3","","1","1","BMUKN","2026-07-14..2026-07-14","18","","PASS_AUTOMATED_IDENTITY_GUARDS"
"govaction:ministry:a832d14bad96a4f9e5db71df","","1","1","BMUKN","2026-07-14..2026-07-14","35","","PASS_AUTOMATED_IDENTITY_GUARDS"
"govaction:ministry:e387e28aff8f93ed552a18c1","","1","1","BMUKN","2026-07-14..2026-07-14","58","","PASS_AUTOMATED_IDENTITY_GUARDS"
"govaction:ministry:7bf2ff0ba62decabea5a878b","","1","1","BMUKN","2026-07-14..2026-07-14","22","","PASS_AUTOMATED_IDENTITY_GUARDS"
"govaction:ministry:c7c84eb85bc1a9d44987918e","","1","1","BMUKN","2026-07-14..2026-07-14","62","","PASS_AUTOMATED_IDENTITY_GUARDS"
"govaction:ministry:f3d1144de38c663996d6a288","","1","1","BMUKN","2026-07-17..2026-07-17","50","","PASS_AUTOMATED_IDENTITY_GUARDS"
"govaction:ministry:30a0d3cba43593f40c1f0d35","","1","1","BMUKN","2026-07-14..2026-07-14","75","","PASS_AUTOMATED_IDENTITY_GUARDS"
"govaction:ministry:716206219d3f679de653993e","","1","1","BMUKN","2026-07-14..2026-07-14","60","","PASS_AUTOMATED_IDENTITY_GUARDS"
"govaction:ministry:43b2e0a2c035dce4282d2a15","","1","1","BMUKN","2026-01-19..2026-01-19","30","","PASS_AUTOMATED_IDENTITY_GUARDS"
"govaction:ministry:a037fa3c3ba6c310aecd5692","","1","1","BMUKN","2026-07-14..2026-07-14","25","","PASS_AUTOMATED_IDENTITY_GUARDS"
"govaction:ministry:16e43333bd3cec4cab1625f6","","1","1","BMUKN","2025-12-01..2025-12-01","70","","PASS_AUTOMATED_IDENTITY_GUARDS"
"govaction:ministry:e59a57fc77573ba6cc98ab15","","1","1","BMUKN","2026-07-14..2026-07-14","49","","PASS_AUTOMATED_IDENTITY_GUARDS"
"govaction:ministry:9455db34be089b7e27cde2f1","","1","1","BMUKN","2026-07-14..2026-07-14","52","","PASS_AUTOMATED_IDENTITY_GUARDS"
"govaction:ministry:f8152c67a1e76009566ff9bb","","1","1","BMUKN","2026-07-14..2026-07-14","52","","PASS_AUTOMATED_IDENTITY_GUARDS"
"govaction:ministry:5ced40cfbaa045e0cd575918","","1","1","BMUKN","2026-07-14..2026-07-14","14","","PASS_AUTOMATED_IDENTITY_GUARDS"
"govaction:ministry:935ed6f0486266458b69ef44","","1","1","BMUKN","2026-07-14..2026-07-14","37","","PASS_AUTOMATED_IDENTITY_GUARDS"
"govaction:ministry:6cb885a2e31828bcf46d7fdb","","1","1","BMUKN","2026-07-14..2026-07-14","42","","PASS_AUTOMATED_IDENTITY_GUARDS"
"govaction:ministry:7f276faa91d576f8280e2c59","","1","1","BMUKN","2026-07-14..2026-07-14","35","","PASS_AUTOMATED_IDENTITY_GUARDS"
"govaction:ministry:ea33e7e4be8a8681d8405c4c","","1","1","BMUKN","2026-07-14..2026-07-14","64","","PASS_AUTOMATED_IDENTITY_GUARDS"
"govaction:ministry:84cd81ce4026507ece46b4d7","","1","1","BMUKN","2026-07-14..2026-07-14","38","","PASS_AUTOMATED_IDENTITY_GUARDS"
"govaction:ministry:b050d79af48092e2b853c09a","","1","1","BMUKN","2026-07-14..2026-07-14","44","","PASS_AUTOMATED_IDENTITY_GUARDS"
"govaction:ministry:bb9a784e8df0d3661acaee9b","","1","1","BMUKN","2026-07-14..2026-07-14","53","","PASS_AUTOMATED_IDENTITY_GUARDS"
"govaction:ministry:e5378f90cd50984485732ad6","","1","1","BMUKN","2026-07-14..2026-07-14","96","","PASS_AUTOMATED_IDENTITY_GUARDS"
"govaction:ministry:ece82bbe92286872e35577d7","","1","1","BMUKN","2026-07-14..2026-07-14","65","","PASS_AUTOMATED_IDENTITY_GUARDS"
"govaction:ministry:8bbb985d20d2bf3954adcb9b","","1","1","BMUKN","2026-07-14..2026-07-14","24","","PASS_AUTOMATED_IDENTITY_GUARDS"
"govaction:ministry:13cd9c4b7d7a97640baa8b58","","1","1","BMUKN","2026-07-14..2026-07-14","45","","PASS_AUTOMATED_IDENTITY_GUARDS"
"govaction:ministry:ab69628a31a29d47fa4be6f6","","1","1","BMUKN","2026-07-14..2026-07-14","33","","PASS_AUTOMATED_IDENTITY_GUARDS"
"govaction:ministry:6d94eec0dd96427823a4f8d6","","1","1","BMUKN","2026-07-14..2026-07-14","36","","PASS_AUTOMATED_IDENTITY_GUARDS"
"govaction:ministry:f472d71cc70fcecc9697b3f5","","1","1","BMUKN","2026-07-14..2026-07-14","42","","PASS_AUTOMATED_IDENTITY_GUARDS"
"govaction:ministry:abf5d53821875dce8fd2203a","","1","1","BMUKN","2026-07-14..2026-07-14","33","","PASS_AUTOMATED_IDENTITY_GUARDS"
"govaction:ministry:8dd79f08762a13a17b31fdfd","","1","1","BMUKN","2026-07-14..2026-07-14","38","","PASS_AUTOMATED_IDENTITY_GUARDS"
"govaction:ministry:53829cf78bf15cbbd9df6aac","","1","1","BMUKN","2026-07-14..2026-07-14","33","","PASS_AUTOMATED_IDENTITY_GUARDS"
"govaction:ministry:2fa6d037ec61794d8449cb43","","1","1","BMUKN","2026-07-14..2026-07-14","44","","PASS_AUTOMATED_IDENTITY_GUARDS"
"govaction:ministry:abd9172a7e4d30ae3b374a81","","1","1","BMUKN","2026-07-14..2026-07-14","41","","PASS_AUTOMATED_IDENTITY_GUARDS"
"govaction:ministry:56778be3f8a76c6507306282","","1","1","BMUKN","2026-07-14..2026-07-14","20","","PASS_AUTOMATED_IDENTITY_GUARDS"
"govaction:ministry:b2d30530f7d9d68db5ae9960","","1","1","BMUKN","2026-03-09..2026-03-09","51","","PASS_AUTOMATED_IDENTITY_GUARDS"
"govaction:ministry:bfcbb0a3ed9f1a466bf5dd59","","1","1","BMUKN","2026-07-14..2026-07-14","111","","PASS_AUTOMATED_IDENTITY_GUARDS"
"govaction:ministry:4686be7a15bd04f249cde342","","1","1","BMUKN","2026-07-14..2026-07-14","31","","PASS_AUTOMATED_IDENTITY_GUARDS"
"govaction:ministry:9f4f8760d673166926937763","","1","1","BMUKN","2026-07-14..2026-07-14","32","","PASS_AUTOMATED_IDENTITY_GUARDS"
"govaction:ministry:7dda090d198bb7a27a4dc746","","1","1","BMUKN","2026-07-14..2026-07-14","49","","PASS_AUTOMATED_IDENTITY_GUARDS"
"govaction:ministry:d911db81e1280fe8c76f2162","","1","1","BMUKN","2026-07-14..2026-07-14","56","","PASS_AUTOMATED_IDENTITY_GUARDS"
"govaction:ministry:2e9ac8075dfd971f3dedbd9c","","1","1","BMUKN","2026-07-14..2026-07-14","98","","PASS_AUTOMATED_IDENTITY_GUARDS"
"govaction:ministry:87096e4c28a80073a27cec7f","","1","1","BMUKN","2026-07-14..2026-07-14","26","","PASS_AUTOMATED_IDENTITY_GUARDS"
"govaction:ministry:71fd90004acc606b251c4e09","","1","1","BMUKN","2026-07-14..2026-07-14","43","","PASS_AUTOMATED_IDENTITY_GUARDS"
"govaction:ministry:c5160a01d2e1cb5df24f56bb","","1","1","BMUKN","2026-07-14..2026-07-14","34","","PASS_AUTOMATED_IDENTITY_GUARDS"
"govaction:ministry:3bbc89bd1306b28060f3433a","","1","1","BMUKN","2026-07-14..2026-07-14","70","","PASS_AUTOMATED_IDENTITY_GUARDS"
"govaction:ministry:af16ef3ff3098d0ee5d79f90","","1","1","BMUKN","2026-07-14..2026-07-14","21","","PASS_AUTOMATED_IDENTITY_GUARDS"
"govaction:ministry:4a0d62d4ae5f04292b1b4282","","1","1","BMUKN","2026-07-14..2026-07-14","26","","PASS_AUTOMATED_IDENTITY_GUARDS"
"govaction:ministry:872dce130e3211c0a4c31ff0","","1","1","BMUKN","2026-07-14..2026-07-14","12","","PASS_AUTOMATED_IDENTITY_GUARDS"
"govaction:ministry:a4d48f9ca84532f1f73f2b5a","","1","1","BMUKN","2026-07-14..2026-07-14","20","","PASS_AUTOMATED_IDENTITY_GUARDS"
"govaction:ministry:cd07d629a94aefb7e3d57a07","","1","1","BMUKN","2026-07-14..2026-07-14","27","","PASS_AUTOMATED_IDENTITY_GUARDS"
"govaction:ministry:3b2b09be8fa01dce3ea3f43d","","1","1","BMUKN","2026-07-14..2026-07-14","35","","PASS_AUTOMATED_IDENTITY_GUARDS"
"govaction:ministry:f3f0db70932b12672c98284f","","1","1","BMUKN","2026-07-14..2026-07-14","45","","PASS_AUTOMATED_IDENTITY_GUARDS"
"govaction:ministry:62cc4a04c7b3552af419fe56","","1","1","BMUKN","2026-07-14..2026-07-14","51","","PASS_AUTOMATED_IDENTITY_GUARDS"
"govaction:ministry:dae3d0fb7cc95ece11514505","","1","1","BMUKN","2026-07-14..2026-07-14","32","","PASS_AUTOMATED_IDENTITY_GUARDS"
"govaction:ministry:2c26672ac8412ede59dd6e53","","1","1","BMUKN","2026-07-14..2026-07-14","95","","PASS_AUTOMATED_IDENTITY_GUARDS"
"govaction:ministry:681d7d50fc4059a15ca0c9bf","","1","1","BMUKN","2026-07-14..2026-07-14","22","","PASS_AUTOMATED_IDENTITY_GUARDS"
"govaction:ministry:b4ef9d89b49e746aebdb1105","","1","1","BMUKN","2026-07-14..2026-07-14","48","","PASS_AUTOMATED_IDENTITY_GUARDS"
"govaction:ministry:f2987d0fce7b5dc40d31a7d2","","1","1","BMUKN","2026-07-14..2026-07-14","22","","PASS_AUTOMATED_IDENTITY_GUARDS"
"govaction:ministry:01691e70545460bd58277c7a","","1","1","BMUKN","2026-07-14..2026-07-14","23","","PASS_AUTOMATED_IDENTITY_GUARDS"
"govaction:ministry:1d1b619dcc07a22746ddb8c0","","1","1","BMUKN","2026-07-14..2026-07-14","67","","PASS_AUTOMATED_IDENTITY_GUARDS"
"govaction:ministry:0745fa3547a9c51fbd127960","","1","1","BMUKN","2026-07-14..2026-07-14","24","","PASS_AUTOMATED_IDENTITY_GUARDS"
"govaction:ministry:ac7ecc60e83166e7bb3b9600","","1","1","BMUKN","2026-07-14..2026-07-14","52","","PASS_AUTOMATED_IDENTITY_GUARDS"
"govaction:ministry:64d14e2343a79057f42ac813","","1","1","BMUKN","2026-07-14..2026-07-14","29","","PASS_AUTOMATED_IDENTITY_GUARDS"
"govaction:ministry:5171490a83f696e6b6b00c69","","1","1","BMUKN","2026-07-14..2026-07-14","57","","PASS_AUTOMATED_IDENTITY_GUARDS"
"govaction:ministry:839de971ba93014b65f0c0aa","","1","1","BMUKN","2026-07-14..2026-07-14","39","","PASS_AUTOMATED_IDENTITY_GUARDS"
"govaction:ministry:2cfea0046ace553855f1ab30","","1","1","BMUKN","2026-07-14..2026-07-14","27","","PASS_AUTOMATED_IDENTITY_GUARDS"
"govaction:ministry:6ac501265e9b85e723dfb5b8","","1","1","BMUKN","2026-07-14..2026-07-14","56","","PASS_AUTOMATED_IDENTITY_GUARDS"
"govaction:ministry:420591195adaa7951bce552e","","1","1","BMUKN","2026-07-14..2026-07-14","44","","PASS_AUTOMATED_IDENTITY_GUARDS"
"govaction:ministry:ef7ca10ee000791f87dc0a10","","1","1","BMUKN","2026-07-14..2026-07-14","40","","PASS_AUTOMATED_IDENTITY_GUARDS"
"govaction:ministry:0a6dd79457475589434a56b8","","1","1","BMUKN","2026-07-14..2026-07-14","23","","PASS_AUTOMATED_IDENTITY_GUARDS"
"govaction:ministry:d96f4c2b4a020bdbc3dcfd20","","1","1","BMUKN","2026-07-14..2026-07-14","9","","PASS_AUTOMATED_IDENTITY_GUARDS"
"govaction:ministry:0b7cd7c657dfc4f87e86e584","","1","1","BMUKN","2026-07-14..2026-07-14","16","","PASS_AUTOMATED_IDENTITY_GUARDS"
"govaction:ministry:7b1bd68b81b56a9940ecd071","","1","1","BMUKN","2026-07-14..2026-07-14","25","","PASS_AUTOMATED_IDENTITY_GUARDS"
"govaction:ministry:e2a611c4bdd7413d9cf2ce00","","1","1","BMUKN","2026-07-14..2026-07-14","92","","PASS_AUTOMATED_IDENTITY_GUARDS"
"govaction:ministry:634a7b9d453f490b4aabaea9","","1","1","BMUKN","2026-07-14..2026-07-14","62","","PASS_AUTOMATED_IDENTITY_GUARDS"
"govaction:ministry:cdb5ac648b730dae9b18909d","","1","1","BMUKN","2026-07-14..2026-07-14","80","","PASS_AUTOMATED_IDENTITY_GUARDS"
"govaction:ministry:6557f87791be4fa9f4f82490","","1","1","BMUKN","2026-07-14..2026-07-14","115","","PASS_AUTOMATED_IDENTITY_GUARDS"
"govaction:ministry:76a490ae672cb8bf615fd126","","1","1","BMUKN","2026-07-14..2026-07-14","118","","PASS_AUTOMATED_IDENTITY_GUARDS"
"govaction:ministry:fa55e8541cf0deaf7c8abee1","","1","1","BMUKN","2026-07-14..2026-07-14","35","","PASS_AUTOMATED_IDENTITY_GUARDS"
"govaction:ministry:b16eda05ae66c3a36f321802","","1","1","BMUKN","2026-07-14..2026-07-14","45","","PASS_AUTOMATED_IDENTITY_GUARDS"
"govaction:ministry:aeb46c2b7b0be29cf94cff8e","","1","1","BMUKN","2026-07-14..2026-07-14","45","","PASS_AUTOMATED_IDENTITY_GUARDS"
"govaction:ministry:16009efc6492550f3aeb6de4","","1","1","BMUKN","2026-07-14..2026-07-14","40","","PASS_AUTOMATED_IDENTITY_GUARDS"
"govaction:ministry:4fe3ea9d39cd8331b886d5d2","","1","1","BMUKN","2026-07-14..2026-07-14","59","","PASS_AUTOMATED_IDENTITY_GUARDS"
"govaction:ministry:fb5e5b57027ca1aeeab7d94c","","1","1","BMUKN","2026-07-13..2026-07-13","78","","PASS_AUTOMATED_IDENTITY_GUARDS"
"govaction:ministry:c80e1477d2a743802d9ba546","","1","1","BMUKN","2026-01-19..2026-01-19","21","","PASS_AUTOMATED_IDENTITY_GUARDS"
"govaction:ministry:a761127577d63f5997fc2cdf","","1","1","BMUKN","2026-07-08..2026-07-08","35","","PASS_AUTOMATED_IDENTITY_GUARDS"
"govaction:ministry:1f5a21275b987699f2117fb1","","1","1","BMUKN","2026-07-07..2026-07-07","25","","PASS_AUTOMATED_IDENTITY_GUARDS"
"govaction:ministry:904c4dedbf44b35f7d07f440","","1","1","BMUKN","2026-07-07..2026-07-07","29","","PASS_AUTOMATED_IDENTITY_GUARDS"
"govaction:ministry:596e5a9f6bae8799912d102d","","1","1","BMUKN","2025-08-11..2025-08-11","156","","PASS_AUTOMATED_IDENTITY_GUARDS"
"govaction:ministry:485ca0d0cbd6d4bff573ed4c","","1","1","BMUKN","2026-07-13..2026-07-13","132","","PASS_AUTOMATED_IDENTITY_GUARDS"
"govaction:ministry:da44168b8ead2c1daf858ebe","","1","1","BMUKN","2026-07-03..2026-07-03","80","","PASS_AUTOMATED_IDENTITY_GUARDS"
"govaction:ministry:ee26b7069a583a05db41d341","","1","1","BMUKN","2025-07-28..2025-07-28","103","","PASS_AUTOMATED_IDENTITY_GUARDS"
"govaction:ministry:00a39e148f8d4f25fb8ca61e","","1","1","BMUKN","2026-07-03..2026-07-03","97","","PASS_AUTOMATED_IDENTITY_GUARDS"
"govaction:ministry:8446aaeed499d3196bde93da","","1","1","BMUKN","2026-07-02..2026-07-02","52","","PASS_AUTOMATED_IDENTITY_GUARDS"
"govaction:ministry:133fd35cccf1b4942ee80e77","","1","1","BMUKN","2026-07-01..2026-07-01","94","","PASS_AUTOMATED_IDENTITY_GUARDS"
"govaction:ministry:f2b26349db97d1beacbe0de1","","1","1","BMUKN","2026-06-26..2026-06-26","35","","PASS_AUTOMATED_IDENTITY_GUARDS"
"govaction:ministry:3fec7920b60b6955d96ac12c","","1","1","BMUKN","2025-09-12..2025-09-12","132","","PASS_AUTOMATED_IDENTITY_GUARDS"
"govaction:ministry:263a2562455a80ea0c5ffbca","","1","1","BMUKN","2026-06-26..2026-06-26","50","","PASS_AUTOMATED_IDENTITY_GUARDS"
"govaction:ministry:e2ca0ded0fb99357edbed40d","","1","1","BMUKN","2026-06-19..2026-06-19","71","","PASS_AUTOMATED_IDENTITY_GUARDS"
"govaction:ministry:afd1aa274c3bfdc33fc8b5e9","","1","1","BMUKN","2026-06-19..2026-06-19","89","","PASS_AUTOMATED_IDENTITY_GUARDS"
"govaction:ministry:f5f3731db228ecb6a6ed3859","","1","1","BMUKN","2026-06-16..2026-06-16","54","","PASS_AUTOMATED_IDENTITY_GUARDS"
"govaction:ministry:a0c0fb5e973078e779b536aa","","1","1","BMUKN","2026-06-16..2026-06-16","68","","PASS_AUTOMATED_IDENTITY_GUARDS"
"govaction:ministry:65465b4f11e88017e4eecffc","","1","1","BMUKN","2025-11-13..2025-11-13","76","","PASS_AUTOMATED_IDENTITY_GUARDS"
"govaction:ministry:77944a407a11f41658e72cdc","","1","1","BMUKN","2026-06-15..2026-06-15","72","","PASS_AUTOMATED_IDENTITY_GUARDS"
"govaction:ministry:64b4e3f77258294d1adbeddf","","3","2","BMUKN","2026-05-13..2026-06-11","128","","PASS_AUTOMATED_IDENTITY_GUARDS"
"govaction:ministry:2d956849ddc4652f8114d7b6","","1","1","BMUKN","2026-06-11..2026-06-11","152","","PASS_AUTOMATED_IDENTITY_GUARDS"
"govaction:ministry:8773233817a38af765b9466c","","1","1","BMUKN","2026-06-09..2026-06-09","103","","PASS_AUTOMATED_IDENTITY_GUARDS"
"govaction:ministry:b82fa344bfd5f49e4ed6a068","","1","1","BMUKN","2026-06-09..2026-06-09","97","","PASS_AUTOMATED_IDENTITY_GUARDS"
"govaction:ministry:42bc761079c9819cd15c3a8c","","1","1","BMUKN","2026-06-03..2026-06-03","93","","PASS_AUTOMATED_IDENTITY_GUARDS"
"govaction:ministry:087822992091aa9c6b9caa29","","1","1","BMUKN","2025-11-14..2025-11-14","67","","PASS_AUTOMATED_IDENTITY_GUARDS"
"govaction:ministry:ce4c82a41e73105995740898","","1","1","BMUKN","2026-06-03..2026-06-03","93","","PASS_AUTOMATED_IDENTITY_GUARDS"
"govaction:ministry:b643fd3c5deb2ce01a3c6484","","1","1","BMUKN","2026-05-29..2026-05-29","132","","PASS_AUTOMATED_IDENTITY_GUARDS"
"govaction:ministry:12503be551db1c5d84d38d1c","","1","1","BMUKN","2026-05-28..2026-05-28","79","","PASS_AUTOMATED_IDENTITY_GUARDS"
"govaction:ministry:9dfea5568ae9b2de8ed315d9","","1","1","BMUKN","2026-05-22..2026-05-22","78","","PASS_AUTOMATED_IDENTITY_GUARDS"
"govaction:ministry:60f29226b116afa19debec41","","1","1","BMUKN","2026-05-19..2026-05-19","47","","PASS_AUTOMATED_IDENTITY_GUARDS"
"govaction:ministry:267eba7a7f7e7fb1d67f8613","","1","1","BMUKN","2026-05-20..2026-05-20","204","","PASS_AUTOMATED_IDENTITY_GUARDS"
"govaction:ministry:c4a5f7255e67ecbfb5575f31","","1","1","BMUKN","2026-05-20..2026-05-20","168","","PASS_AUTOMATED_IDENTITY_GUARDS"
"govaction:ministry:90782d029a13cd6ac936eacb","","1","1","BMUKN","2026-05-19..2026-05-19","72","","PASS_AUTOMATED_IDENTITY_GUARDS"
"govaction:ministry:53dbd90d29df3b5d4b84b38b","","1","1","BMUKN","2025-07-16..2025-07-16","158","","PASS_AUTOMATED_IDENTITY_GUARDS"
"govaction:ministry:723f7a74bd771b1968f7c2ff","","1","1","BMUKN","2026-05-19..2026-05-19","98","","PASS_AUTOMATED_IDENTITY_GUARDS"
"govaction:ministry:1d9db3f4a62d825eb6815c30","","1","1","BMUKN","2026-03-11..2026-03-11","78","","PASS_AUTOMATED_IDENTITY_GUARDS"
"govaction:ministry:cd0a834f4e8e432b843132ab","","1","1","BMUKN","2026-04-17..2026-04-17","228","","PASS_AUTOMATED_IDENTITY_GUARDS"
"govaction:ministry:33bc198d6d132dcb6dd05a73","","1","1","BMUKN","2026-04-17..2026-04-17","56","","PASS_AUTOMATED_IDENTITY_GUARDS"
"govaction:ministry:2db11c9608c6ca3a1d7a19b6","","1","1","BMUKN","2025-12-01..2025-12-01","81","","PASS_AUTOMATED_IDENTITY_GUARDS"
"govaction:ministry:7cfbae05792a72c2359db2a8","","1","1","BMUKN","2026-05-11..2026-05-11","20","","PASS_AUTOMATED_IDENTITY_GUARDS"
"govaction:ministry:79d4811c3986f895dd5fe4e3","","1","1","BMUKN","2026-05-11..2026-05-11","87","","PASS_AUTOMATED_IDENTITY_GUARDS"
"govaction:ministry:137ecba125d1c01f23476657","","1","1","BMUKN","2026-05-11..2026-05-11","54","","PASS_AUTOMATED_IDENTITY_GUARDS"
"govaction:ministry:035209798f4367210fe0004b","","1","1","BMUKN","2026-05-11..2026-05-11","57","","PASS_AUTOMATED_IDENTITY_GUARDS"
"govaction:ministry:840a88f992178e091dbce531","","1","1","BMUKN","2026-05-11..2026-05-11","74","","PASS_AUTOMATED_IDENTITY_GUARDS"
"govaction:ministry:f5ce8b775ed21477aa520510","","1","1","BMUKN","2026-01-16..2026-01-16","36","","PASS_AUTOMATED_IDENTITY_GUARDS"
"govaction:ministry:a4cec3dbb33bb9ff0b52d0e2","","1","1","BMUKN","2026-04-29..2026-04-29","84","","PASS_AUTOMATED_IDENTITY_GUARDS"
"govaction:ministry:a84bcdaf6ec32c80b72038fa","","1","1","BMUKN","2026-05-05..2026-05-05","127","","PASS_AUTOMATED_IDENTITY_GUARDS"
"govaction:ministry:b89eca6fb898a62e659fcb7f","","1","1","BMUKN","2026-05-05..2026-05-05","21","","PASS_AUTOMATED_IDENTITY_GUARDS"
"govaction:ministry:5423d858cfc78af08b90f26d","","1","1","BMUKN","2026-05-05..2026-05-05","90","","PASS_AUTOMATED_IDENTITY_GUARDS"
"govaction:ministry:e4cac857202fb7bd6bd74834","","1","1","BMUKN","2026-05-05..2026-05-05","53","","PASS_AUTOMATED_IDENTITY_GUARDS"
"govaction:ministry:33854ff66b61b3ddfec40ff2","","1","1","BMUKN","2026-05-05..2026-05-05","94","","PASS_AUTOMATED_IDENTITY_GUARDS"
"govaction:ministry:148b33059ea1ff43651eb3b6","","1","1","BMUKN","2026-05-05..2026-05-05","58","","PASS_AUTOMATED_IDENTITY_GUARDS"
"govaction:ministry:04ab61bdedf2f59ae11a5aa0","","1","1","BMUKN","2026-05-05..2026-05-05","58","","PASS_AUTOMATED_IDENTITY_GUARDS"
"govaction:ministry:dd02d9eda8e3ed0b14ea609c","","1","1","BMUKN","2026-05-04..2026-05-04","94","","PASS_AUTOMATED_IDENTITY_GUARDS"
"govaction:ministry:65e0963d97f37cf1ec716f89","","1","1","BMUKN","2026-05-04..2026-05-04","38","","PASS_AUTOMATED_IDENTITY_GUARDS"
"govaction:ministry:d02de065adb4addf47481042","","1","1","BMUKN","2026-05-04..2026-05-04","111","","PASS_AUTOMATED_IDENTITY_GUARDS"
"govaction:ministry:98a78ad43d2a4fadad569aeb","","1","1","BMUKN","2026-05-04..2026-05-04","88","","PASS_AUTOMATED_IDENTITY_GUARDS"
"govaction:ministry:381e0403cd57d49660773520","","1","1","BMUKN","2026-05-04..2026-05-04","63","","PASS_AUTOMATED_IDENTITY_GUARDS"
"govaction:ministry:910cfa6af04d29cb8834ec30","","1","1","BMUKN","2026-05-04..2026-05-04","44","","PASS_AUTOMATED_IDENTITY_GUARDS"
"govaction:ministry:474b59568de57f72e5fa0467","","1","1","BMUKN","2025-10-17..2025-10-17","87","","PASS_AUTOMATED_IDENTITY_GUARDS"
"govaction:ministry:79e2e16c8f0440fedbe5af5d","","1","1","BMUKN","2026-04-29..2026-04-29","100","","PASS_AUTOMATED_IDENTITY_GUARDS"
"govaction:ministry:a6a315c578728ed53ee67d6c","","1","1","BMUKN","2026-01-19..2026-01-19","93","","PASS_AUTOMATED_IDENTITY_GUARDS"
"govaction:ministry:8d22dcce6a8fd69bd7b5b403","","1","1","BMUKN","2025-09-29..2025-09-29","127","","PASS_AUTOMATED_IDENTITY_GUARDS"
"govaction:ministry:f86224ed05fb6c0a448b875b","","1","1","BMUKN","2026-04-20..2026-04-20","59","","PASS_AUTOMATED_IDENTITY_GUARDS"
"govaction:ministry:bbc98e8f81d3e20d880a6ef8","","1","1","BMUKN","2026-04-17..2026-04-17","78","","PASS_AUTOMATED_IDENTITY_GUARDS"
"govaction:ministry:214d082d119b6a26ca0136d0","","1","1","BMUKN","2026-04-17..2026-04-17","70","","PASS_AUTOMATED_IDENTITY_GUARDS"
"govaction:ministry:71116a1dcf04eaad3c8badeb","","1","1","BMUKN","2026-04-17..2026-04-17","70","","PASS_AUTOMATED_IDENTITY_GUARDS"
"govaction:ministry:8b2f7eca8177e97210351ca5","","1","1","BMUKN","2026-04-17..2026-04-17","77","","PASS_AUTOMATED_IDENTITY_GUARDS"
"govaction:ministry:7aa291622306c4accfe18eda","","1","1","BMUKN","2026-04-17..2026-04-17","61","","PASS_AUTOMATED_IDENTITY_GUARDS"
"govaction:ministry:2275425c7773a6bf39479a19","","1","1","BMUKN","2026-04-17..2026-04-17","56","","PASS_AUTOMATED_IDENTITY_GUARDS"
"govaction:ministry:692d264f0ece51fd85206ada","","1","1","BMUKN","2026-04-16..2026-04-16","84","","PASS_AUTOMATED_IDENTITY_GUARDS"
"govaction:ministry:a458f5953d1e00fa2e569c8b","","1","1","BMUKN","2026-02-19..2026-02-19","84","","PASS_AUTOMATED_IDENTITY_GUARDS"
"govaction:ministry:80f7ed988aea064c1059894e","","1","1","BMUKN","2025-08-29..2025-08-29","80","","PASS_AUTOMATED_IDENTITY_GUARDS"
"govaction:ministry:9b01ad71cc29e9feea50cef5","","1","1","BMUKN","2026-03-25..2026-03-25","45","","PASS_AUTOMATED_IDENTITY_GUARDS"
"govaction:ministry:7b853a684988ce6269f38dce","","1","1","BMUKN","2026-08-06..2026-08-06","47","","PASS_AUTOMATED_IDENTITY_GUARDS"
"govaction:ministry:ecbe87b0b4272e7b0cc89ccf","","1","1","BMUKN","2026-08-06..2026-08-06","31","","PASS_AUTOMATED_IDENTITY_GUARDS"
"govaction:ministry:413c2f4219b1fa49ce55ebd3","","1","1","BMUKN","2026-04-23..2026-04-23","91","","PASS_AUTOMATED_IDENTITY_GUARDS"
"govaction:ministry:07fe2bf2c723ce6d0a28a0d8","","1","1","BMUKN","2025-12-12..2025-12-12","69","","PASS_AUTOMATED_IDENTITY_GUARDS"
"govaction:ministry:71b5ea90433fa785df8ea1e5","","1","1","BMUKN","2026-03-25..2026-03-25","35","","PASS_AUTOMATED_IDENTITY_GUARDS"
"govaction:ministry:334eccf0d819d3e903ca2ed0","","1","1","BMUKN","2026-03-30..2026-03-30","111","","PASS_AUTOMATED_IDENTITY_GUARDS"
"govaction:ministry:cd9494953a2d96fdf1fa5990","","1","1","BMUKN","2026-03-25..2026-03-25","83","","PASS_AUTOMATED_IDENTITY_GUARDS"
"govaction:ministry:b53150fb88c85306bf0f5529","","1","1","BMUKN","2026-06-11..2026-06-11","77","","PASS_AUTOMATED_IDENTITY_GUARDS"
"govaction:ministry:09cf1116df63061d3709d2c4","","1","1","BMUKN","2026-03-30..2026-03-30","43","","PASS_AUTOMATED_IDENTITY_GUARDS"
"govaction:ministry:06c766db57edc3f776e6ef00","","1","1","BMUKN","2025-05-22..2025-05-22","97","","PASS_AUTOMATED_IDENTITY_GUARDS"
"govaction:ministry:83c179f6f7a8a8a0d4f0c34b","","1","1","BMUKN","2025-07-15..2025-07-15","71","","PASS_AUTOMATED_IDENTITY_GUARDS"
"govaction:ministry:192af8ddb8e37b8760fad1ce","","1","1","BMUKN","2026-03-24..2026-03-24","27","","PASS_AUTOMATED_IDENTITY_GUARDS"
"govaction:ministry:4e065de3c99af7b4b6580925","","1","1","BMUKN","2026-03-25..2026-03-25","32","","PASS_AUTOMATED_IDENTITY_GUARDS"
"govaction:ministry:1c2a1d29919fb0b21ba7d6e5","","1","1","BMUKN","2026-03-30..2026-03-30","45","","PASS_AUTOMATED_IDENTITY_GUARDS"
"govaction:ministry:b977e8509573110a05da1f7c","","1","1","BMUKN","2025-11-19..2025-11-19","39","","PASS_AUTOMATED_IDENTITY_GUARDS"
"govaction:ministry:b9a1e56bf479ed1adf20acb9","","1","1","BMUKN","2026-03-27..2026-03-27","138","","PASS_AUTOMATED_IDENTITY_GUARDS"
"govaction:ministry:072e71816ea2edd1f818d39b","","1","1","BMUKN","2025-11-13..2025-11-13","78","","PASS_AUTOMATED_IDENTITY_GUARDS"
"govaction:ministry:bb6cc5676bd38fcaf60dc24b","","1","1","BMUKN","2026-03-25..2026-03-25","59","","PASS_AUTOMATED_IDENTITY_GUARDS"
"govaction:ministry:d6121720cd72eef176acdf15","","1","1","BMUKN","2026-03-24..2026-03-24","64","","PASS_AUTOMATED_IDENTITY_GUARDS"
"govaction:ministry:88899711cb2abf2a733fb0e5","","1","1","BMUKN","2026-03-25..2026-03-25","50","","PASS_AUTOMATED_IDENTITY_GUARDS"
"govaction:ministry:05903a44dff531484beec20d","","1","1","BMUKN","2026-03-25..2026-03-25","53","","PASS_AUTOMATED_IDENTITY_GUARDS"
"govaction:ministry:beca9a3fdd3ec1077593a73f","","1","1","BMUKN","2026-03-25..2026-03-25","43","","PASS_AUTOMATED_IDENTITY_GUARDS"
"govaction:ministry:99cb061226164b1f2858ca22","","1","1","BMUKN","2026-03-25..2026-03-25","55","","PASS_AUTOMATED_IDENTITY_GUARDS"
"govaction:ministry:9c680832ec7eceea09080da1","","1","1","BMUKN","2026-03-25..2026-03-25","111","","PASS_AUTOMATED_IDENTITY_GUARDS"
"govaction:ministry:00e47deeddaf2dadcf042e05","","1","1","BMUKN","2026-03-25..2026-03-25","93","","PASS_AUTOMATED_IDENTITY_GUARDS"
"govaction:ministry:b6d975f52ced9d79a6b6d8d7","","1","1","BMUKN","2026-03-24..2026-03-24","43","","PASS_AUTOMATED_IDENTITY_GUARDS"
"govaction:ministry:b5b12b412da0b3472aed0f91","","1","1","BMUKN","2026-03-24..2026-03-24","43","","PASS_AUTOMATED_IDENTITY_GUARDS"
"govaction:ministry:3c676dd9aacfa4c2b3920ea0","","1","1","BMUKN","2026-03-24..2026-03-24","121","","PASS_AUTOMATED_IDENTITY_GUARDS"
"govaction:ministry:e7993bddc0f80785b43afce4","","1","1","BMUKN","2026-03-24..2026-03-24","99","","PASS_AUTOMATED_IDENTITY_GUARDS"
"govaction:ministry:4cab9b2507752f7acb1f82ca","","1","1","BMUKN","2026-03-16..2026-03-16","157","","PASS_AUTOMATED_IDENTITY_GUARDS"
"govaction:ministry:c582aa9b69b208039e3854b1","","1","1","BMUKN","2025-08-14..2025-08-14","101","","PASS_AUTOMATED_IDENTITY_GUARDS"
"govaction:ministry:9993a0f1e88eaf716d9ae52b","","1","1","BMUKN","2026-03-10..2026-03-10","19","","PASS_AUTOMATED_IDENTITY_GUARDS"
"govaction:ministry:166f2f691d5f94a42cc73516","","1","1","BMUKN","2026-03-09..2026-03-09","61","","PASS_AUTOMATED_IDENTITY_GUARDS"
"govaction:ministry:ad949112c416279529441bfc","","1","1","BMUKN","2026-03-09..2026-03-09","19","","PASS_AUTOMATED_IDENTITY_GUARDS"
"govaction:ministry:1d58fad8749c3fc29535a0c9","","1","1","BMUKN","2026-03-09..2026-03-09","39","","PASS_AUTOMATED_IDENTITY_GUARDS"
"govaction:ministry:a750ee53de00a60d383c0f71","","1","1","BMUKN","2025-12-10..2025-12-10","33","","PASS_AUTOMATED_IDENTITY_GUARDS"
"govaction:ministry:6507d4a9a45095aa7a73bae7","","1","1","BMUKN","2026-02-27..2026-02-27","87","","PASS_AUTOMATED_IDENTITY_GUARDS"
"govaction:ministry:57e1e35be63bb19572b8f1d8","","1","1","BMUKN","2026-02-27..2026-02-27","56","","PASS_AUTOMATED_IDENTITY_GUARDS"
"govaction:ministry:90057a78e8eda469fc94fe5b","","1","1","BMUKN","2026-02-25..2026-02-25","73","","PASS_AUTOMATED_IDENTITY_GUARDS"
"govaction:ministry:bb6261716c30635b0438e547","","1","1","BMUKN","2026-02-19..2026-02-19","111","","PASS_AUTOMATED_IDENTITY_GUARDS"
"govaction:ministry:bcee9b46736d733efeb5cd31","","1","1","BMUKN","2026-02-19..2026-02-19","50","","PASS_AUTOMATED_IDENTITY_GUARDS"
"govaction:ministry:d5facf58ad609ffc4f9c7c66","","1","1","BMUKN","2025-12-10..2025-12-10","95","","PASS_AUTOMATED_IDENTITY_GUARDS"
"govaction:ministry:cdfd0dc216b7aae24ba38e29","","1","1","BMUKN","2026-02-11..2026-02-11","65","","PASS_AUTOMATED_IDENTITY_GUARDS"
"govaction:ministry:d5f60196b2b1a3a6845374a3","","1","1","BMUKN","2025-12-08..2025-12-08","63","","PASS_AUTOMATED_IDENTITY_GUARDS"
"govaction:ministry:88ac816ca064c546701bfd08","","1","1","BMUKN","2026-01-19..2026-01-19","83","","PASS_AUTOMATED_IDENTITY_GUARDS"
"govaction:ministry:47df411ae7b896c28c130fd9","","1","1","BMUKN","2026-01-21..2026-01-21","69","","PASS_AUTOMATED_IDENTITY_GUARDS"
"govaction:ministry:1478d9b37b1a19508455ad15","","1","1","BMUKN","2025-11-14..2025-11-14","67","","PASS_AUTOMATED_IDENTITY_GUARDS"
"govaction:ministry:ba2d41e75dd1b2e52338e419","","1","1","BMUKN","2026-01-21..2026-01-21","66","","PASS_AUTOMATED_IDENTITY_GUARDS"
"govaction:ministry:29018a5d757502e99ce796fd","","1","1","BMUKN","2026-01-16..2026-01-16","120","","PASS_AUTOMATED_IDENTITY_GUARDS"
"govaction:ministry:6b133d7b6db8660c717578d1","","1","1","BMUKN","2026-01-19..2026-01-19","30","","PASS_AUTOMATED_IDENTITY_GUARDS"
"govaction:ministry:61de959ff5d5b40ba593d6fe","","1","1","BMUKN","2026-01-19..2026-01-19","76","","PASS_AUTOMATED_IDENTITY_GUARDS"
"govaction:ministry:2cfcdd92a5e16ee2db2425a5","","1","1","BMUKN","2026-01-19..2026-01-19","65","","PASS_AUTOMATED_IDENTITY_GUARDS"
"govaction:ministry:d89aa08f76e32c4fd3d2dcc1","","1","1","BMUKN","2026-01-19..2026-01-19","42","","PASS_AUTOMATED_IDENTITY_GUARDS"
"govaction:ministry:156a58467f69ea224ac67853","","1","1","BMUKN","2026-01-16..2026-01-16","32","","PASS_AUTOMATED_IDENTITY_GUARDS"
"govaction:ministry:e85cb7f1941420d0525c05cd","","1","1","BMUKN","2026-01-16..2026-01-16","81","","PASS_AUTOMATED_IDENTITY_GUARDS"
"govaction:ministry:01cb8ccd05c4c4fbe7ba775f","","1","1","BMUKN","2026-02-12..2026-02-12","85","","PASS_AUTOMATED_IDENTITY_GUARDS"
"govaction:ministry:fa405d1179914114d763d1c2","","1","1","BMUKN","2025-12-19..2025-12-19","91","","PASS_AUTOMATED_IDENTITY_GUARDS"
"govaction:ministry:af2ddefdadc337a9f78612de","","1","1","BMUKN","2025-12-11..2025-12-11","23","","PASS_AUTOMATED_IDENTITY_GUARDS"
"govaction:ministry:5a587fb214f8109a5209bc98","","1","1","BMUKN","2025-12-10..2025-12-10","140","","PASS_AUTOMATED_IDENTITY_GUARDS"
"govaction:ministry:9dc8b93ea76e02126831b1f5","","1","1","BMUKN","2025-12-05..2025-12-05","99","","PASS_AUTOMATED_IDENTITY_GUARDS"
"govaction:ministry:fa9f9d4ca3bf6981cd2ef0ed","","1","1","BMUKN","2025-12-05..2025-12-05","125","","PASS_AUTOMATED_IDENTITY_GUARDS"
"govaction:ministry:471672d9e1c1792d74936713","","1","1","BMUKN","2025-09-22..2025-09-22","248","","PASS_AUTOMATED_IDENTITY_GUARDS"
"govaction:ministry:f95f3d04d7132de24aed83e3","","1","1","BMUKN","2025-10-28..2025-10-28","68","","PASS_AUTOMATED_IDENTITY_GUARDS"
"govaction:ministry:59e76455dfc8e11e69730682","","1","1","BMUKN","2025-12-03..2025-12-03","168","","PASS_AUTOMATED_IDENTITY_GUARDS"
"govaction:ministry:0288df55f2d3ea945b8359c8","","1","1","BMUKN","2025-12-03..2025-12-03","133","","PASS_AUTOMATED_IDENTITY_GUARDS"
"govaction:ministry:c60c0924653bac5984360c23","","1","1","BMUKN","2025-12-01..2025-12-01","124","","PASS_AUTOMATED_IDENTITY_GUARDS"
"govaction:ministry:4a255e12295123d6ff811659","","1","1","BMUKN","2025-12-01..2025-12-01","89","","PASS_AUTOMATED_IDENTITY_GUARDS"
"govaction:ministry:1e74ae7060b49aec7ff02472","","1","1","BMUKN","2025-12-01..2025-12-01","101","","PASS_AUTOMATED_IDENTITY_GUARDS"
"govaction:ministry:015c97017d0dd01f4f770053","","1","1","BMUKN","2025-11-21..2025-11-21","97","","PASS_AUTOMATED_IDENTITY_GUARDS"
"govaction:ministry:151fee32d30503820e510bbc","","1","1","BMUKN","2025-11-21..2025-11-21","79","","PASS_AUTOMATED_IDENTITY_GUARDS"
"govaction:ministry:b45ab02cf62db9cf86a78efe","","1","1","BMUKN","2025-11-21..2025-11-21","96","","PASS_AUTOMATED_IDENTITY_GUARDS"
"govaction:ministry:f5ad8ba5440d3e43ee505c98","","1","1","BMUKN","2025-07-11..2025-07-11","131","","PASS_AUTOMATED_IDENTITY_GUARDS"
"govaction:ministry:69a1c89087a5beab768236ac","","1","1","BMUKN","2025-11-21..2025-11-21","75","","PASS_AUTOMATED_IDENTITY_GUARDS"
"govaction:ministry:a0a9e9b59bdf6b6ce5e7bbb5","","1","1","BMUKN","2025-10-13..2025-10-13","70","","PASS_AUTOMATED_IDENTITY_GUARDS"
"govaction:ministry:0d96caa8aeecc98bcb2ec6db","","1","1","BMUKN","2026-06-26..2026-06-26","70","","PASS_AUTOMATED_IDENTITY_GUARDS"
"govaction:ministry:5b514fb75acecc3c4ed75622","","1","1","BMUKN","2025-05-15..2025-05-15","118","","PASS_AUTOMATED_IDENTITY_GUARDS"
"govaction:ministry:9c8ce3ff037b7e415376f961","","1","1","BMUKN","2025-11-20..2025-11-20","143","","PASS_AUTOMATED_IDENTITY_GUARDS"
"govaction:ministry:14185ae30f4c4e5bb6221579","","1","1","BMUKN","2025-11-20..2025-11-20","81","","PASS_AUTOMATED_IDENTITY_GUARDS"
"govaction:ministry:79eb8e1eea6b0d3c84397962","","1","1","BMUKN","2026-02-12..2026-02-12","157","","PASS_AUTOMATED_IDENTITY_GUARDS"
"govaction:ministry:24f9999a34f7d4ee9907b251","","1","1","BMUKN","2025-11-14..2025-11-14","129","","PASS_AUTOMATED_IDENTITY_GUARDS"
"govaction:ministry:dc544eae379ff4616c6782aa","","1","1","BMUKN","2025-11-11..2025-11-11","255","","PASS_AUTOMATED_IDENTITY_GUARDS"
"govaction:ministry:e7fa782fd13c24c785d11eba","","1","1","BMUKN","2025-11-07..2025-11-07","78","","PASS_AUTOMATED_IDENTITY_GUARDS"
"govaction:ministry:3e8c49dcbd9929849f5d4787","","1","1","BMUKN","2025-11-05..2025-11-05","56","","PASS_AUTOMATED_IDENTITY_GUARDS"
"govaction:ministry:ef9fb553d3fcd5798c08a76a","","1","1","BMUKN","2025-11-13..2025-11-13","147","","PASS_AUTOMATED_IDENTITY_GUARDS"
"govaction:ministry:6eb582f991d1882a1db7b492","","1","1","BMUKN","2025-08-21..2025-08-21","197","","PASS_AUTOMATED_IDENTITY_GUARDS"
"govaction:ministry:7c356b5547aec81e2b16c5cd","","1","1","BMUKN","2025-11-03..2025-11-03","39","","PASS_AUTOMATED_IDENTITY_GUARDS"
"govaction:ministry:054ff7f222cfd0ddba77e104","","1","1","BMUKN","2025-09-30..2025-09-30","89","","PASS_AUTOMATED_IDENTITY_GUARDS"
"govaction:ministry:472972c607a0fe97a179f9cd","","1","1","BMUKN","2025-10-20..2025-10-20","63","","PASS_AUTOMATED_IDENTITY_GUARDS"
"govaction:ministry:c9220f1077648d7d7832eef6","","1","1","BMUKN","2025-10-15..2025-10-15","46","","PASS_AUTOMATED_IDENTITY_GUARDS"
"govaction:ministry:62adc7a3ad0f3e6f1d0ff562","","1","1","BMUKN","2025-10-09..2025-10-09","80","","PASS_AUTOMATED_IDENTITY_GUARDS"
"govaction:ministry:539df183483beee3ba3f68db","","1","1","BMUKN","2025-10-09..2025-10-09","35","","PASS_AUTOMATED_IDENTITY_GUARDS"
"govaction:ministry:6568b72a5fcbba9854197869","","1","1","BMUKN","2025-06-25..2025-06-25","86","","PASS_AUTOMATED_IDENTITY_GUARDS"
"govaction:ministry:ee02f8ad750217c2d70f6640","","1","1","BMUKN","2025-08-29..2025-08-29","252","","PASS_AUTOMATED_IDENTITY_GUARDS"
"govaction:ministry:8e435bb244d2fb3738a41131","","1","1","BMUKN","2025-09-30..2025-09-30","78","","PASS_AUTOMATED_IDENTITY_GUARDS"
"govaction:ministry:014d0b9fd1c1fc1c2095c1dd","","1","1","BMUKN","2025-08-06..2025-08-06","71","","PASS_AUTOMATED_IDENTITY_GUARDS"
"govaction:ministry:9ce21a96bb874da6ab5efa2c","","1","1","BMUKN","2025-12-09..2025-12-09","105","","PASS_AUTOMATED_IDENTITY_GUARDS"
"govaction:ministry:731bd60aa240a241d4b95c2e","","1","1","BMUKN","2025-09-26..2025-09-26","96","","PASS_AUTOMATED_IDENTITY_GUARDS"
"govaction:ministry:ba2ed2da744c366cb778739d","","1","1","BMUKN","2025-09-23..2025-09-23","206","","PASS_AUTOMATED_IDENTITY_GUARDS"
"govaction:ministry:df062f7532fb01e52a8cbd76","","1","1","BMUKN","2025-09-16..2025-09-16","209","","PASS_AUTOMATED_IDENTITY_GUARDS"
"govaction:ministry:093e86494038c9553f747585","","1","1","BMUKN","2025-08-05..2025-08-05","74","","PASS_AUTOMATED_IDENTITY_GUARDS"
"govaction:ministry:4c530f0adb6dd20f7bc23e3d","","1","1","BMUKN","2025-09-12..2025-09-12","26","","PASS_AUTOMATED_IDENTITY_GUARDS"
"govaction:ministry:80c51e3912b3f31181229800","","1","1","BMUKN","2025-09-05..2025-09-05","61","","PASS_AUTOMATED_IDENTITY_GUARDS"
"govaction:ministry:0bb63176f61c801bff2e6b7a","","1","1","BMUKN","2025-07-23..2025-07-23","191","","PASS_AUTOMATED_IDENTITY_GUARDS"
"govaction:ministry:eb65408b4b6a00f96981397f","","1","1","BMUKN","2025-07-23..2025-07-23","218","","PASS_AUTOMATED_IDENTITY_GUARDS"
"govaction:ministry:5a8b763502f3f3ed6d857085","","1","1","BMUKN","2025-07-23..2025-07-23","77","","PASS_AUTOMATED_IDENTITY_GUARDS"
"govaction:ministry:fa906145028949c68f1da9f8","","1","1","BMUKN","2025-08-19..2025-08-19","212","","PASS_AUTOMATED_IDENTITY_GUARDS"
"govaction:ministry:ccec91860ab0e7d68e9539fd","","1","1","BMUKN","2025-05-27..2025-05-27","105","","PASS_AUTOMATED_IDENTITY_GUARDS"
"govaction:ministry:f47b76cd6b43e1ce4b7c9b19","","1","1","BMUKN","2025-07-30..2025-07-30","39","","PASS_AUTOMATED_IDENTITY_GUARDS"
"govaction:ministry:341e657157e1fc4dc11ab872","","1","1","BMUKN","2025-07-15..2025-07-15","222","","PASS_AUTOMATED_IDENTITY_GUARDS"
"govaction:ministry:28dd593f01b10ea1b8fcdad7","","1","1","BMUKN","2025-07-15..2025-07-15","224","","PASS_AUTOMATED_IDENTITY_GUARDS"
"govaction:ministry:3b3a21ac9971a4b254ead007","","1","1","BMUKN","2025-07-15..2025-07-15","218","","PASS_AUTOMATED_IDENTITY_GUARDS"
"govaction:ministry:2147267f2c579a8bb509f772","","1","1","BMUKN","2025-07-15..2025-07-15","182","","PASS_AUTOMATED_IDENTITY_GUARDS"
"govaction:ministry:ee54bb3be48a52195474078d","","1","1","BMUKN","2025-07-15..2025-07-15","117","","PASS_AUTOMATED_IDENTITY_GUARDS"
"govaction:ministry:13cafc89d9a167f0e7cc5071","","1","1","BMUKN","2025-07-15..2025-07-15","199","","PASS_AUTOMATED_IDENTITY_GUARDS"
"govaction:ministry:42862c10dca07bf2090e4d8e","","1","1","BMUKN","2025-07-11..2025-07-11","117","","PASS_AUTOMATED_IDENTITY_GUARDS"
"govaction:ministry:fd041032a969043322caa892","","1","1","BMUKN","2025-07-09..2025-07-09","111","","PASS_AUTOMATED_IDENTITY_GUARDS"
"govaction:ministry:36b7102ac0b3b0ddf5edccf8","","1","1","BMUKN","2025-07-09..2025-07-09","67","","PASS_AUTOMATED_IDENTITY_GUARDS"
"govaction:ministry:77424eeab140adc866c48154","","1","1","BMUKN","2025-07-09..2025-07-09","80","","PASS_AUTOMATED_IDENTITY_GUARDS"
"govaction:ministry:2e388eb5d71ea89027b00168","","1","1","BMUKN","2025-08-19..2025-08-19","91","","PASS_AUTOMATED_IDENTITY_GUARDS"
"govaction:ministry:24bfd347652ef8e840c8a873","","1","1","BMUKN","2025-06-23..2025-06-23","46","","PASS_AUTOMATED_IDENTITY_GUARDS"
"govaction:ministry:d7725732af0711e3804910a5","","1","1","BMUKN","2025-06-23..2025-06-23","38","","PASS_AUTOMATED_IDENTITY_GUARDS"
"govaction:ministry:90a39ea0d6c55f7ccfad2ca9","","1","1","BMUKN","2025-06-16..2025-06-16","132","","PASS_AUTOMATED_IDENTITY_GUARDS"
"govaction:ministry:341aec0dc797b5ecb5c1b53d","","1","1","BMUKN","2025-05-28..2025-05-28","54","","PASS_AUTOMATED_IDENTITY_GUARDS"
"govaction:ministry:c20cc9b28cc321550e0159e7","","1","1","BMUKN","2025-05-21..2025-05-21","82","","PASS_AUTOMATED_IDENTITY_GUARDS"
"govaction:ministry:b8f9d1169b219c087fc992bf","","1","1","BMUKN","2025-06-10..2025-06-10","167","","PASS_AUTOMATED_IDENTITY_GUARDS"
"govaction:ministry:5c5c984187ba00cf284e9667","","1","1","BMG","2026-08-13..2026-08-13","60","","PASS_AUTOMATED_IDENTITY_GUARDS"
"govaction:ministry:8981b3e4b5ff5fa9ad8ff957","","1","1","BMG","2026-08-12..2026-08-12","41","","PASS_AUTOMATED_IDENTITY_GUARDS"
"govaction:ministry:465a742c98dea5084e703662","","1","1","BMG","2026-08-10..2026-08-10","73","","PASS_AUTOMATED_IDENTITY_GUARDS"
"govaction:ministry:ce8a98c3a2b83d35c2f50858","","1","1","BMG","2026-08-07..2026-08-07","20","","PASS_AUTOMATED_IDENTITY_GUARDS"
"govaction:ministry:1fd5225ef1518c32e07743ed","","1","1","BMG","2026-08-07..2026-08-07","58","","PASS_AUTOMATED_IDENTITY_GUARDS"
"govaction:ministry:2c1e42723f7d47aa9425cef7","","1","1","BMG","2026-07-31..2026-07-31","35","","PASS_AUTOMATED_IDENTITY_GUARDS"
"govaction:ministry:fe47f5a87dcdfd9c9ab37c97","","1","1","BMG","2026-07-30..2026-07-30","53","","PASS_AUTOMATED_IDENTITY_GUARDS"
"govaction:ministry:1355286a4cfa469951365e17","","1","1","BMG","2026-07-22..2026-07-22","16","","PASS_AUTOMATED_IDENTITY_GUARDS"
"govaction:ministry:eb894f63b3d7ef4c237f6d55","","1","1","BMG","2026-07-15..2026-07-15","109","","PASS_AUTOMATED_IDENTITY_GUARDS"
"govaction:ministry:c94df8f449d55a68073cbdf4","","1","1","BMG","2026-07-14..2026-07-14","72","","PASS_AUTOMATED_IDENTITY_GUARDS"
"govaction:ministry:838660b69b528e03c2c785fb","","1","1","BMG","2026-06-30..2026-06-30","140","","PASS_AUTOMATED_IDENTITY_GUARDS"
"govaction:ministry:9a8f814cdc0f7c86c67e7578","","1","1","BMG","2026-06-29..2026-06-29","89","","PASS_AUTOMATED_IDENTITY_GUARDS"
"govaction:ministry:487ec0e1dfdc2b8f212b82fd","","1","1","BMG","2026-06-24..2026-06-24","37","","PASS_AUTOMATED_IDENTITY_GUARDS"
"govaction:ministry:6d528d646ca5262aa4ac7b82","","1","1","BMG","2026-06-08..2026-06-08","121","","PASS_AUTOMATED_IDENTITY_GUARDS"
"govaction:ministry:eec0a02c8d40b2db917ad8c5","","1","1","BMG","2026-06-05..2026-06-05","79","","PASS_AUTOMATED_IDENTITY_GUARDS"
"govaction:ministry:514f9db6c971e56d193f91c1","","1","1","BMG","2026-05-27..2026-05-27","15","","PASS_AUTOMATED_IDENTITY_GUARDS"
"govaction:ministry:36d59cd5f834594a9889b6a9","","1","1","BMG","2026-05-05..2026-05-05","33","","PASS_AUTOMATED_IDENTITY_GUARDS"
"govaction:ministry:c409892623d78b7f4ca963b4","","1","1","BMG","2026-05-05..2026-05-05","37","","PASS_AUTOMATED_IDENTITY_GUARDS"
"govaction:ministry:f19c5c33aaaa845955d9fda5","","1","1","BMG","2026-05-04..2026-05-04","84","","PASS_AUTOMATED_IDENTITY_GUARDS"
"govaction:ministry:50ff49b3b7cbd04f8849747c","","1","1","BMG","2026-05-04..2026-05-04","123","","PASS_AUTOMATED_IDENTITY_GUARDS"
"govaction:ministry:1c23cdbeec5f5a716f6e6174","","1","1","BMG","2026-05-04..2026-05-04","30","","PASS_AUTOMATED_IDENTITY_GUARDS"
"govaction:ministry:10ac656b370731bb517145d8","","1","1","BMG","2026-04-30..2026-04-30","121","","PASS_AUTOMATED_IDENTITY_GUARDS"
"govaction:ministry:e61f6d88da52dbc6a11ba4a7","","1","1","BMG","2026-04-29..2026-04-29","51","","PASS_AUTOMATED_IDENTITY_GUARDS"
"govaction:ministry:b74ad817a4d414cfba00a5e3","","1","1","BMG","2026-04-27..2026-04-27","53","","PASS_AUTOMATED_IDENTITY_GUARDS"
"govaction:ministry:f97b73cdc9ffa095d444c263","","1","1","BMG","2026-04-22..2026-04-22","25","","PASS_AUTOMATED_IDENTITY_GUARDS"
"govaction:ministry:32bc202619e85147a0e3bc15","","1","1","BMG","2026-04-22..2026-04-22","16","","PASS_AUTOMATED_IDENTITY_GUARDS"
"govaction:ministry:093774521ada6eef1dcde6e9","","1","1","BMG","2026-04-20..2026-04-20","90","","PASS_AUTOMATED_IDENTITY_GUARDS"
"govaction:ministry:7a7ed8d3cafda23d7bd0b1b7","","1","1","BMG","2026-04-17..2026-04-17","94","","PASS_AUTOMATED_IDENTITY_GUARDS"
"govaction:ministry:0e37860a27c4434f1fb279f8","","1","1","BMG","2026-04-17..2026-04-17","82","","PASS_AUTOMATED_IDENTITY_GUARDS"
"govaction:ministry:f6e1fa929bbc2a757580e9c4","","1","1","BMG","2026-04-10..2026-04-10","39","","PASS_AUTOMATED_IDENTITY_GUARDS"
"govaction:ministry:96dcd1f65bfdfd412d0008e3","","1","1","BMG","2026-04-01..2026-04-01","136","","PASS_AUTOMATED_IDENTITY_GUARDS"
"govaction:ministry:82ebd04d548f6815a86e3ef0","","1","1","BMG","2026-04-01..2026-04-01","72","","PASS_AUTOMATED_IDENTITY_GUARDS"
"govaction:ministry:38c3bf1272dfdf5fde29860f","","1","1","BMG","2026-03-26..2026-03-26","53","","PASS_AUTOMATED_IDENTITY_GUARDS"
"govaction:ministry:e12442dbae379a62e1fc63fb","","1","1","BMG","2026-03-26..2026-03-26","127","","PASS_AUTOMATED_IDENTITY_GUARDS"
"govaction:ministry:0004961701ec1d5e7080f31c","","1","1","BMG","2026-03-19..2026-03-19","94","","PASS_AUTOMATED_IDENTITY_GUARDS"
"govaction:ministry:49269cae6767251828136f94","","1","1","BMG","2026-03-18..2026-03-18","43","","PASS_AUTOMATED_IDENTITY_GUARDS"
"govaction:ministry:5b82d901c8227e92729ff467","","1","1","BMG","2026-03-16..2026-03-16","58","","PASS_AUTOMATED_IDENTITY_GUARDS"
"govaction:ministry:e7e12b7697315d6989554848","","1","1","BMG","2026-03-11..2026-03-11","46","","PASS_AUTOMATED_IDENTITY_GUARDS"
"govaction:ministry:e48fb6d10dbea97c0c004b05","","1","1","BMG","2026-03-11..2026-03-11","123","","PASS_AUTOMATED_IDENTITY_GUARDS"
"govaction:ministry:b7c3203b324a42a1f3e76596","","1","1","BMG","2026-03-06..2026-03-06","90","","PASS_AUTOMATED_IDENTITY_GUARDS"
"govaction:ministry:99c466936fef9d4b6b5cb7e5","","1","1","BMG","2026-03-05..2026-03-05","39","","PASS_AUTOMATED_IDENTITY_GUARDS"
"govaction:ministry:e65c5f5766436d61d37a37e3","","1","1","BMG","2026-03-05..2026-03-05","66","","PASS_AUTOMATED_IDENTITY_GUARDS"
"govaction:ministry:f8de81e7417b34cf217bd367","","1","1","BMG","2026-02-11..2026-02-11","64","","PASS_AUTOMATED_IDENTITY_GUARDS"
"govaction:ministry:2f917cbcc5c632a7a076e9d2","","1","1","BMG","2026-02-11..2026-02-11","53","","PASS_AUTOMATED_IDENTITY_GUARDS"
"govaction:ministry:25ce70937ca6aed9bc026acd","","1","1","BMG","2026-02-11..2026-02-11","90","","PASS_AUTOMATED_IDENTITY_GUARDS"
"govaction:ministry:2cb36a7bbebbf239f201daf8","","1","1","BMG","2026-02-11..2026-02-11","63","","PASS_AUTOMATED_IDENTITY_GUARDS"
"govaction:ministry:5057e8493e4cea866ba2af8c","","1","1","BMG","2026-02-11..2026-02-11","25","","PASS_AUTOMATED_IDENTITY_GUARDS"
"govaction:ministry:479ab53016a2a0540f8c2b4d","","1","1","BMG","2026-02-11..2026-02-11","73","","PASS_AUTOMATED_IDENTITY_GUARDS"
"govaction:ministry:a19800f7e2da4ad44d43e5f8","","1","1","BMG","2026-02-03..2026-02-03","24","","PASS_AUTOMATED_IDENTITY_GUARDS"
"govaction:ministry:4edf926278987318431f29ec","","1","1","BMG","2026-01-30..2026-01-30","30","","PASS_AUTOMATED_IDENTITY_GUARDS"
"govaction:ministry:934f43fd5aebf4368ffb1158","","1","1","BMG","2026-01-26..2026-01-26","14","","PASS_AUTOMATED_IDENTITY_GUARDS"
"govaction:ministry:8bad8283b75f5fd59401e1d4","","1","1","BMG","2026-01-26..2026-01-26","36","","PASS_AUTOMATED_IDENTITY_GUARDS"
"govaction:ministry:12cfb86d5de4a668d11c3bf8","","1","1","BMG","2026-01-26..2026-01-26","19","","PASS_AUTOMATED_IDENTITY_GUARDS"
"govaction:ministry:985e8df4fb4d00576e87b1ad","","1","1","BMG","2026-01-26..2026-01-26","35","","PASS_AUTOMATED_IDENTITY_GUARDS"
"govaction:ministry:9d01f935f6e34507d05d0156","","1","1","BMG","2026-01-16..2026-01-16","228","","PASS_AUTOMATED_IDENTITY_GUARDS"
"govaction:ministry:22465a61b603a42a6508f8b9","","1","1","BMG","2025-12-30..2025-12-30","48","","PASS_AUTOMATED_IDENTITY_GUARDS"
"govaction:ministry:8011129c20c4f67541f95c27","","1","1","BMG","2025-12-30..2025-12-30","45","","PASS_AUTOMATED_IDENTITY_GUARDS"
"govaction:ministry:01f4da654a67a17497ae49fb","","1","1","BMG","2025-12-18..2025-12-18","54","","PASS_AUTOMATED_IDENTITY_GUARDS"
"govaction:ministry:1577125f3151a7d301a72b12","","1","1","BMG","2025-12-15..2025-12-15","93","","PASS_AUTOMATED_IDENTITY_GUARDS"
"govaction:ministry:6c08b3c0c317ea774f2a3fd9","","1","1","BMG","2025-12-09..2025-12-09","73","","PASS_AUTOMATED_IDENTITY_GUARDS"
"govaction:ministry:3ee4583ea81aedc91d8808b9","","1","1","BMG","2025-12-09..2025-12-09","54","","PASS_AUTOMATED_IDENTITY_GUARDS"
"govaction:ministry:9ebb7bbbb58db065fb4ffd3b","","1","1","BMG","2025-11-12..2025-11-12","108","","PASS_AUTOMATED_IDENTITY_GUARDS"
"govaction:ministry:fdf7ba4d004d96610b413308","","1","1","BMG","2025-10-21..2025-10-21","90","","PASS_AUTOMATED_IDENTITY_GUARDS"
"govaction:ministry:2088c29f50d77ebe5bbdcd82","","1","1","BMG","2025-10-21..2025-10-21","50","","PASS_AUTOMATED_IDENTITY_GUARDS"
"govaction:ministry:4baf643102049c2b7c09f06e","","1","1","BMG","2025-10-20..2025-10-20","59","","PASS_AUTOMATED_IDENTITY_GUARDS"
"govaction:ministry:32b7081145461ec15cffddd9","","1","1","BMG","2025-10-14..2025-10-14","43","","PASS_AUTOMATED_IDENTITY_GUARDS"
"govaction:ministry:ec99243f344030a4bca4b329","","1","1","BMG","2025-10-08..2025-10-08","64","","PASS_AUTOMATED_IDENTITY_GUARDS"
"govaction:ministry:22e94f1061410bb7456e2d8f","","1","1","BMG","2025-09-15..2025-09-15","25","","PASS_AUTOMATED_IDENTITY_GUARDS"
"govaction:ministry:387dd6208eae67ff8ce167e5","","1","1","BMG","2026-07-29..2026-07-29","24","","PASS_AUTOMATED_IDENTITY_GUARDS"
"govaction:ministry:8074111a93f486ccd1cedce6","","1","1","BMG","2025-08-26..2025-08-26","67","","PASS_AUTOMATED_IDENTITY_GUARDS"
"govaction:ministry:e7d6094950b9290c3c9fc49e","","1","1","BMG","2025-08-26..2025-08-26","64","","PASS_AUTOMATED_IDENTITY_GUARDS"
"govaction:ministry:dcc29c8c0e8c6370f636b20f","","1","1","BMG","2025-06-27..2025-06-27","61","","PASS_AUTOMATED_IDENTITY_GUARDS"
"govaction:ministry:ea7d4f9dd767511877f9ddfa","","1","1","BMG","2025-06-20..2025-06-20","111","","PASS_AUTOMATED_IDENTITY_GUARDS"
"govaction:ministry:90f311e56e37b3cfcbd0c2ee","","1","1","BMG","2025-05-27..2025-05-27","80","","PASS_AUTOMATED_IDENTITY_GUARDS"
"govaction:ministry:aa3a78c8915d6a3a2bddfc5a","","1","1","BMG","2025-05-07..2025-05-07","42","","PASS_AUTOMATED_IDENTITY_GUARDS"
"govaction:ministry:2ebdf11350e5cc44b1656e36","","1","1","BMG","2025-05-07..2025-05-07","58","","PASS_AUTOMATED_IDENTITY_GUARDS"
"govaction:ministry:c9f40833dcf2eca8c5283ea2","","1","1","BMLEH","2026-08-13..2026-08-13","16","","PASS_AUTOMATED_IDENTITY_GUARDS"
"govaction:ministry:56d4987cce9d94b4ec097c5b","","1","1","BMLEH","2026-08-13..2026-08-13","16","","PASS_AUTOMATED_IDENTITY_GUARDS"
"govaction:ministry:bc7bcc484c0bfee9cb7649d7","","1","1","BMLEH","2026-07-15..2026-07-15","48","","PASS_AUTOMATED_IDENTITY_GUARDS"
"govaction:ministry:851fb694febc3c8ed43bf462","","1","1","BMLEH","2026-08-12..2026-08-12","70","","PASS_AUTOMATED_IDENTITY_GUARDS"
"govaction:ministry:d4d265a121eebcd4be5d9e34","","1","1","BMLEH","2026-08-07..2026-08-07","29","","PASS_AUTOMATED_IDENTITY_GUARDS"
"govaction:ministry:6342bc5927cb7d2a01368a8f","","1","1","BMLEH","2025-12-15..2025-12-15","15","","PASS_AUTOMATED_IDENTITY_GUARDS"
"govaction:ministry:c5add61f161b1d787d838bfa","","1","1","BMLEH","2026-02-09..2026-02-09","84","","PASS_AUTOMATED_IDENTITY_GUARDS"
"govaction:ministry:f5fcbba650a2567c93d4993a","","1","1","BMLEH","2026-08-12..2026-08-12","51","","PASS_AUTOMATED_IDENTITY_GUARDS"
"govaction:ministry:e5426778d55abe26e410f9ab","","1","1","BMLEH","2026-01-19..2026-01-19","64","","PASS_AUTOMATED_IDENTITY_GUARDS"
"govaction:ministry:49c2266bc17bdc29665c602c","","1","1","BMLEH","2025-07-02..2025-07-02","36","","PASS_AUTOMATED_IDENTITY_GUARDS"
"govaction:ministry:6a774e37d7abcf3ca1bb435c","","1","1","BMLEH","2025-07-07..2025-07-07","73","","PASS_AUTOMATED_IDENTITY_GUARDS"
"govaction:ministry:601c3f60b53903b3fa57f598","","1","1","BMLEH","2026-06-16..2026-06-16","19","","PASS_AUTOMATED_IDENTITY_GUARDS"
"govaction:ministry:ceffb5e595acec71a2ccbabe","","1","1","BMLEH","2026-08-07..2026-08-07","35","","PASS_AUTOMATED_IDENTITY_GUARDS"
"govaction:ministry:78df37ae9a7a51db408a6ff4","","1","1","BMLEH","2026-07-15..2026-07-15","24","","PASS_AUTOMATED_IDENTITY_GUARDS"
"govaction:ministry:0728284d1713d6be045e29f6","","1","1","BMLEH","2026-07-15..2026-07-15","24","","PASS_AUTOMATED_IDENTITY_GUARDS"
"govaction:ministry:85133a34607bd530cb4587f0","","1","1","BMLEH","2026-07-15..2026-07-15","24","","PASS_AUTOMATED_IDENTITY_GUARDS"
"govaction:ministry:e2010a11d0c834af843b90ab","","1","1","BMLEH","2026-07-15..2026-07-15","24","","PASS_AUTOMATED_IDENTITY_GUARDS"
"govaction:ministry:491718b029759708301704cd","","1","1","BMLEH","2026-07-15..2026-07-15","24","","PASS_AUTOMATED_IDENTITY_GUARDS"
"govaction:ministry:38bc54bdd921360aeac8feba","","1","1","BMWSB","2026-04-30..2026-04-30","33","","PASS_AUTOMATED_IDENTITY_GUARDS"
"govaction:ministry:e12b25ab7e2411c36b3e08eb","","1","1","BMWSB","2025-06-18..2025-06-18","68","","PASS_AUTOMATED_IDENTITY_GUARDS"
"govaction:ministry:736760c81b32bfcf03168034","","1","1","BMWSB","2026-05-27..2026-05-27","79","","PASS_AUTOMATED_IDENTITY_GUARDS"
"govaction:ministry:edb3fb0b2b1a01557a45037e","","1","1","BMWSB","2025-07-25..2025-07-25","111","","PASS_AUTOMATED_IDENTITY_GUARDS"
"govaction:ministry:996f6e830733ffc99a23d505","","1","1","BMWSB","2026-07-17..2026-07-17","20","","PASS_AUTOMATED_IDENTITY_GUARDS"
"govaction:ministry:d5aecbb9fac835a2342948c1","","1","1","BMWSB","2026-06-29..2026-06-29","32","","PASS_AUTOMATED_IDENTITY_GUARDS"
"govaction:ministry:b5725479dfdac41243152c91","","1","1","BMWSB","2026-04-28..2026-04-28","76","","PASS_AUTOMATED_IDENTITY_GUARDS"
"govaction:ministry:a6d24b3c1b61a9f69a33035e","","1","1","BMWSB","2026-04-01..2026-04-01","21","","PASS_AUTOMATED_IDENTITY_GUARDS"
"govaction:ministry:676ef7f6775930fceac8a00c","","1","1","BMWSB","2025-12-04..2025-12-04","33","","PASS_AUTOMATED_IDENTITY_GUARDS"
"govaction:ministry:4971a98d902e25bc841cb5fa","","1","1","BMWSB","2026-03-17..2026-03-17","17","","PASS_AUTOMATED_IDENTITY_GUARDS"
"govaction:ministry:108281f21c61dfdbe0027cb0","","1","1","BMWSB","2026-06-24..2026-06-24","24","","PASS_AUTOMATED_IDENTITY_GUARDS"
"govaction:ministry:19c716a25db9b214d9141409","","1","1","BMWSB","2026-06-24..2026-06-24","24","","PASS_AUTOMATED_IDENTITY_GUARDS"
"govaction:ministry:3d1bf12a9bc99634b18efbe5","","1","1","BMWSB","2026-06-24..2026-06-24","24","","PASS_AUTOMATED_IDENTITY_GUARDS"
"govaction:ministry:3e284ce790a351f82da9aa84","","1","1","BMWSB","2026-06-24..2026-06-24","24","","PASS_AUTOMATED_IDENTITY_GUARDS"
"govaction:ministry:a229621192e9e2a904767e60","","1","1","BMWSB","2026-06-24..2026-06-24","24","","PASS_AUTOMATED_IDENTITY_GUARDS"
"govaction:ministry:4ef6011dc53e0dacd810a23b","","1","1","BMWSB","2025-12-12..2025-12-12","24","","PASS_AUTOMATED_IDENTITY_GUARDS"
"govaction:ministry:df95e50e46cede8d28933af2","","1","1","BMWSB","2025-09-01..2025-09-01","47","","PASS_AUTOMATED_IDENTITY_GUARDS"
"govaction:dip:321575","321575","3","1","Bundesministerium für Gesundheit","2025-05-05..2025-05-23","130","","PASS_AUTOMATED_IDENTITY_GUARDS"
"govaction:dip:321278","321278","3","1","Bundesministerium der Finanzen","2025-04-08..2025-05-23","76","","PASS_AUTOMATED_IDENTITY_GUARDS"
"govaction:dip:321234","321234","4","1","Bundesministerium für Umwelt, Naturschutz, nukleare Sicherheit und Verbraucherschutz","2025-04-09..2025-05-23","183","","PASS_AUTOMATED_IDENTITY_GUARDS"
"govaction:dip:321722","321722","4","1","Bundesministerium für Digitales und Verkehr","2025-04-28..2025-06-06","53","","PASS_AUTOMATED_IDENTITY_GUARDS"
"govaction:dip:321361","321361","5","1","Bundesministerium der Finanzen","2025-04-17..2025-06-06","34","","PASS_AUTOMATED_IDENTITY_GUARDS"
"govaction:dip:321188","321188","6","1","Bundesministerium für Digitales und Verkehr","2023-08-08..2025-06-06","167","","PASS_AUTOMATED_IDENTITY_GUARDS"
"govaction:dip:322919","322919","3","1","Auswärtiges Amt","2024-12-18..2025-06-26","63","","PASS_AUTOMATED_IDENTITY_GUARDS"
"govaction:dip:321994","321994","6","1","","2025-05-21..2025-06-26","121","","PASS_AUTOMATED_IDENTITY_GUARDS"
"govaction:dip:325546","325546","4","1","Bundesministerium für wirtschaftliche Zusammenarbeit und Entwicklung","2024-12-13..2025-09-11","55","","PASS_AUTOMATED_IDENTITY_GUARDS"
"govaction:dip:325542","325542","4","1","Bundesministerium für Bildung und Forschung","2024-05-21..2025-09-11","88","","PASS_AUTOMATED_IDENTITY_GUARDS"
"govaction:dip:325540","325540","4","1","Bundesministerium für Bildung und Forschung","2023-12-15..2025-09-11","112","","PASS_AUTOMATED_IDENTITY_GUARDS"
"govaction:dip:325537","325537","4","1","Bundesministerium für wirtschaftliche Zusammenarbeit und Entwicklung","2023-11-23..2025-09-11","131","","PASS_AUTOMATED_IDENTITY_GUARDS"
"govaction:dip:325536","325536","4","1","Bundesministerium für Umwelt, Naturschutz, nukleare Sicherheit und Verbraucherschutz","2024-12-19..2025-09-11","50","","PASS_AUTOMATED_IDENTITY_GUARDS"
"govaction:dip:325534","325534","4","1","Bundesministerium für Umwelt, Naturschutz, nukleare Sicherheit und Verbraucherschutz","2024-12-13..2025-09-11","52","","PASS_AUTOMATED_IDENTITY_GUARDS"
"govaction:dip:325532","325532","4","1","Bundesministerium für Umwelt, Naturschutz, nukleare Sicherheit und Verbraucherschutz","2024-12-05..2025-09-11","39","","PASS_AUTOMATED_IDENTITY_GUARDS"
"govaction:dip:325531","325531","4","1","Bundesministerium für Wirtschaft und Klimaschutz","2024-08-30..2025-09-11","23","","PASS_AUTOMATED_IDENTITY_GUARDS"
"govaction:dip:325530","325530","4","1","Bundesministerium für Wirtschaft und Klimaschutz","2024-08-22..2025-09-11","227","","PASS_AUTOMATED_IDENTITY_GUARDS"
"govaction:dip:325526","325526","4","1","Bundesministerium für Umwelt, Naturschutz, nukleare Sicherheit und Verbraucherschutz","2024-05-28..2025-09-11","133","","PASS_AUTOMATED_IDENTITY_GUARDS"
"govaction:dip:325525","325525","4","1","Bundesministerium für Wirtschaft und Klimaschutz","2024-06-03..2025-09-11","66","","PASS_AUTOMATED_IDENTITY_GUARDS"
"govaction:dip:325524","325524","4","1","Bundesministerium für Umwelt, Naturschutz, nukleare Sicherheit und Verbraucherschutz","2023-12-15..2025-09-11","160","","PASS_AUTOMATED_IDENTITY_GUARDS"
"govaction:dip:325523","325523","4","1","Bundeskanzleramt","2023-10-04..2025-09-11","127","","PASS_AUTOMATED_IDENTITY_GUARDS"
"govaction:dip:325520","325520","4","1","Bundesministerium für Familie, Senioren, Frauen und Jugend","2024-07-18..2025-09-11","253","","PASS_AUTOMATED_IDENTITY_GUARDS"
"govaction:dip:325518","325518","4","1","Bundesministerium für Bildung und Forschung","2023-12-27..2025-09-11","104","","PASS_AUTOMATED_IDENTITY_GUARDS"
"govaction:dip:325517","325517","4","1","Bundesministerium für Familie, Senioren, Frauen und Jugend","2023-12-07..2025-09-11","93","","PASS_AUTOMATED_IDENTITY_GUARDS"
"govaction:dip:325515","325515","4","1","Bundesministerium für Familie, Senioren, Frauen und Jugend","2023-08-24..2025-09-11","235","","PASS_AUTOMATED_IDENTITY_GUARDS"
"govaction:dip:325509","325509","4","1","Bundesministerium für Familie, Senioren, Frauen und Jugend","2023-06-01..2025-09-11","104","","PASS_AUTOMATED_IDENTITY_GUARDS"
"govaction:dip:325508","325508","4","1","Bundesministerium für Familie, Senioren, Frauen und Jugend","2023-02-09..2025-09-11","125","","PASS_AUTOMATED_IDENTITY_GUARDS"
"govaction:dip:325507","325507","4","1","Bundesministerium für Familie, Senioren, Frauen und Jugend","2022-11-21..2025-09-11","110","","PASS_AUTOMATED_IDENTITY_GUARDS"
"govaction:dip:325506","325506","4","1","Bundesministerium für Familie, Senioren, Frauen und Jugend","2022-06-16..2025-09-11","145","","PASS_AUTOMATED_IDENTITY_GUARDS"
"govaction:dip:325505","325505","4","1","Bundesministerium für Familie, Senioren, Frauen und Jugend","2021-12-23..2025-09-11","167","","PASS_AUTOMATED_IDENTITY_GUARDS"
"govaction:dip:325502","325502","4","1","Bundesministerium für Familie, Senioren, Frauen und Jugend","2021-05-20..2025-09-11","151","","PASS_AUTOMATED_IDENTITY_GUARDS"
"govaction:dip:325499","325499","4","1","Bundesministerium für Familie, Senioren, Frauen und Jugend","2019-12-18..2025-09-11","81","","PASS_AUTOMATED_IDENTITY_GUARDS"
"govaction:dip:325497","325497","4","1","Bundesministerium für Familie, Senioren, Frauen und Jugend","2018-08-22..2025-09-11","138","","PASS_AUTOMATED_IDENTITY_GUARDS"
"govaction:dip:325494","325494","4","1","Bundesministerium für Arbeit und Soziales","2024-12-17..2025-09-11","186","","PASS_AUTOMATED_IDENTITY_GUARDS"
"govaction:dip:325492","325492","4","1","Bundesministerium für Arbeit und Soziales","2024-12-02..2025-09-11","138","","PASS_AUTOMATED_IDENTITY_GUARDS"
"govaction:dip:325491","325491","4","1","Bundesministerium für Arbeit und Soziales","2024-12-02..2025-09-11","318","","PASS_AUTOMATED_IDENTITY_GUARDS"
"govaction:dip:325490","325490","4","1","Bundesministerium für Arbeit und Soziales","2024-08-21..2025-09-11","208","","PASS_AUTOMATED_IDENTITY_GUARDS"
"govaction:dip:325488","325488","4","1","Bundesministerium für Arbeit und Soziales","2023-12-14..2025-09-11","254","","PASS_AUTOMATED_IDENTITY_GUARDS"
"govaction:dip:325487","325487","4","1","Bundesministerium für Ernährung und Landwirtschaft","2024-11-14..2025-09-11","72","","PASS_AUTOMATED_IDENTITY_GUARDS"
"govaction:dip:325486","325486","4","1","Bundesministerium für Ernährung und Landwirtschaft","2024-06-13..2025-09-11","173","","PASS_AUTOMATED_IDENTITY_GUARDS"
"govaction:dip:325484","325484","4","1","Bundesministerium für Ernährung und Landwirtschaft","2024-01-18..2025-09-11","69","","PASS_AUTOMATED_IDENTITY_GUARDS"
"govaction:dip:325482","325482","4","1","Bundesministerium für Wirtschaft und Klimaschutz","2024-12-20..2025-09-11","211","","PASS_AUTOMATED_IDENTITY_GUARDS"
"govaction:dip:325481","325481","4","1","","2024-09-25..2025-09-11","115","","PASS_AUTOMATED_IDENTITY_GUARDS"
"govaction:dip:325480","325480","4","1","Bundesministerium für Wirtschaft und Klimaschutz","2024-08-29..2025-09-11","48","","PASS_AUTOMATED_IDENTITY_GUARDS"
"govaction:dip:325479","325479","4","1","Bundesministerium für Wirtschaft und Klimaschutz","2024-07-18..2025-09-11","35","","PASS_AUTOMATED_IDENTITY_GUARDS"
"govaction:dip:325478","325478","4","1","Bundesministerium für Wirtschaft und Klimaschutz","2024-07-05..2025-09-11","29","","PASS_AUTOMATED_IDENTITY_GUARDS"
"govaction:dip:325457","325457","4","1","Bundesministerium des Innern und für Heimat","2024-02-19..2025-09-11","50","","PASS_AUTOMATED_IDENTITY_GUARDS"
"govaction:dip:325455","325455","4","1","Bundesministerium der Finanzen","2023-11-02..2025-09-11","147","","PASS_AUTOMATED_IDENTITY_GUARDS"
"govaction:dip:325451","325451","4","1","Bundesministerium des Innern und für Heimat","2022-02-28..2025-09-11","121","","PASS_AUTOMATED_IDENTITY_GUARDS"
"govaction:dip:325447","325447","4","1","","2021-11-04..2025-09-11","128","","PASS_AUTOMATED_IDENTITY_GUARDS"
"govaction:dip:326602","326602","6","1","","2025-10-08..2025-11-13","128","","PASS_AUTOMATED_IDENTITY_GUARDS"
"govaction:dip:326601","326601","6","1","","2025-10-08..2025-11-13","136","","PASS_AUTOMATED_IDENTITY_GUARDS"
"govaction:dip:324545","324545","3","1","Bundesministerium für Forschung, Technologie und Raumfahrt","2025-08-04..2025-11-13","27","","PASS_AUTOMATED_IDENTITY_GUARDS"
"govaction:dip:321588","321588","4","1","Bundesministerium für Arbeit und Soziales","2025-04-30..2025-06-13","185","","PASS_AUTOMATED_IDENTITY_GUARDS"
"govaction:dip:321992","321992","6","1","","2025-05-21..2025-06-25","157","","PASS_AUTOMATED_IDENTITY_GUARDS"
"govaction:dip:321993","321993","6","1","","2025-05-21..2025-06-26","120","","PASS_AUTOMATED_IDENTITY_GUARDS"
"govaction:dip:322441","322441","3","1","Bundesministerium für Forschung, Technologie und Raumfahrt","2025-06-05..2025-06-27","88","","PASS_AUTOMATED_IDENTITY_GUARDS"
"govaction:dip:322316","322316","11","1","Bundesministerium der Finanzen","2025-06-05..2025-06-27","104","","PASS_AUTOMATED_IDENTITY_GUARDS"
"govaction:dip:322129","322129","10","1","Bundesministerium für Verkehr","2025-05-30..2025-06-27","237","","PASS_AUTOMATED_IDENTITY_GUARDS"
"govaction:dip:321977","321977","9","1","Bundesministerium für Bildung, Familie, Senioren, Frauen und Jugend","2025-05-22..2025-06-27","74","","PASS_AUTOMATED_IDENTITY_GUARDS"
"govaction:dip:323212","323212","4","1","Bundesministerium für Bildung, Familie, Senioren, Frauen und Jugend","2025-06-24..2025-07-11","144","","PASS_AUTOMATED_IDENTITY_GUARDS"
"govaction:dip:322956","322956","3","1","Bundesministerium des Innern","2025-06-25..2025-07-11","101","","PASS_AUTOMATED_IDENTITY_GUARDS"
"govaction:dip:322135","322135","4","1","Bundesministerium für Gesundheit","2025-05-30..2025-07-11","82","","PASS_AUTOMATED_IDENTITY_GUARDS"
"govaction:dip:322134","322134","5","1","Bundesministerium für Gesundheit","2025-05-30..2025-07-11","82","","PASS_AUTOMATED_IDENTITY_GUARDS"
"govaction:dip:325214","325214","2","1","","2025-08-15..2025-08-15","52","","PASS_AUTOMATED_IDENTITY_GUARDS"
"govaction:dip:324756","324756","3","1","Bundesministerium für Umwelt, Klimaschutz, Naturschutz und nukleare Sicherheit","2025-08-07..2025-08-20","23","","PASS_AUTOMATED_IDENTITY_GUARDS"
"govaction:dip:325255","325255","3","1","Bundesministerium für Digitales und Verkehr","2025-03-25..2025-08-21","133","","PASS_AUTOMATED_IDENTITY_GUARDS"
"govaction:dip:325252","325252","3","1","Bundesministerium für Bildung und Forschung","2025-03-14..2025-08-21","101","","PASS_AUTOMATED_IDENTITY_GUARDS"
"govaction:dip:325251","325251","3","1","","2025-03-17..2025-08-21","90","","PASS_AUTOMATED_IDENTITY_GUARDS"
"govaction:dip:325228","325228","3","1","Bundesministerium für Umwelt, Naturschutz, nukleare Sicherheit und Verbraucherschutz","2025-02-21..2025-08-21","179","","PASS_AUTOMATED_IDENTITY_GUARDS"
"govaction:dip:325224","325224","3","1","Bundeskanzleramt","2025-02-18..2025-08-21","102","","PASS_AUTOMATED_IDENTITY_GUARDS"
"govaction:dip:325223","325223","3","1","Bundesministerium für Arbeit und Soziales","2025-02-13..2025-08-21","63","","PASS_AUTOMATED_IDENTITY_GUARDS"
"govaction:dip:325219","325219","3","1","Bundesministerium für Gesundheit","2025-01-30..2025-08-21","220","","PASS_AUTOMATED_IDENTITY_GUARDS"
"govaction:dip:325217","325217","3","1","Bundesministerium des Innern und für Heimat","2025-01-16..2025-08-21","22","","PASS_AUTOMATED_IDENTITY_GUARDS"
"govaction:dip:325215","325215","3","1","Bundesministerium für Digitales und Verkehr","2024-12-17..2025-08-21","197","","PASS_AUTOMATED_IDENTITY_GUARDS"
"govaction:dip:325213","325213","3","1","Auswärtiges Amt","2024-12-11..2025-08-21","102","","PASS_AUTOMATED_IDENTITY_GUARDS"
"govaction:dip:325212","325212","3","1","Bundesministerium für Wohnen, Stadtentwicklung und Bauwesen","2025-01-13..2025-08-21","25","","PASS_AUTOMATED_IDENTITY_GUARDS"
"govaction:dip:325211","325211","3","1","Bundesministerium für Wirtschaft und Klimaschutz","2024-12-19..2025-08-21","128","","PASS_AUTOMATED_IDENTITY_GUARDS"
"govaction:dip:325210","325210","3","1","Bundesministerium für Familie, Senioren, Frauen und Jugend","2024-12-23..2025-08-21","201","","PASS_AUTOMATED_IDENTITY_GUARDS"
"govaction:dip:325207","325207","3","1","Bundesministerium für Familie, Senioren, Frauen und Jugend","2024-12-19..2025-08-21","182","","PASS_AUTOMATED_IDENTITY_GUARDS"
"govaction:dip:325202","325202","3","1","Bundesministerium für Familie, Senioren, Frauen und Jugend","2024-12-12..2025-08-21","103","","PASS_AUTOMATED_IDENTITY_GUARDS"
"govaction:dip:325201","325201","3","1","Bundesministerium für Familie, Senioren, Frauen und Jugend","2024-12-12..2025-08-21","143","","PASS_AUTOMATED_IDENTITY_GUARDS"
"govaction:dip:325196","325196","3","1","","2024-12-11..2025-08-21","134","","PASS_AUTOMATED_IDENTITY_GUARDS"
"govaction:dip:325195","325195","3","1","Bundesministerium für Familie, Senioren, Frauen und Jugend","2024-12-05..2025-08-21","101","","PASS_AUTOMATED_IDENTITY_GUARDS"
"govaction:dip:325193","325193","3","1","Bundesministerium für Gesundheit","2024-11-22..2025-08-21","135","","PASS_AUTOMATED_IDENTITY_GUARDS"
"govaction:dip:325192","325192","3","1","Bundeskanzleramt","2024-11-14..2025-08-21","105","","PASS_AUTOMATED_IDENTITY_GUARDS"
"govaction:dip:325191","325191","3","1","Bundesministerium für Wirtschaft und Klimaschutz","2024-09-23..2025-08-21","84","","PASS_AUTOMATED_IDENTITY_GUARDS"
"govaction:dip:325190","325190","3","1","Auswärtiges Amt","2024-04-17..2025-08-21","177","","PASS_AUTOMATED_IDENTITY_GUARDS"
"govaction:dip:325189","325189","3","1","Bundesministerium für Familie, Senioren, Frauen und Jugend","2023-12-14..2025-08-21","46","","PASS_AUTOMATED_IDENTITY_GUARDS"
"govaction:dip:325188","325188","3","1","Bundesministerium für Ernährung und Landwirtschaft","2023-12-14..2025-08-21","42","","PASS_AUTOMATED_IDENTITY_GUARDS"
"govaction:dip:325185","325185","3","1","Bundesministerium des Innern und für Heimat","2022-12-02..2025-08-21","64","","PASS_AUTOMATED_IDENTITY_GUARDS"
"govaction:dip:325182","325182","3","1","Bundesministerium für Gesundheit","2021-10-22..2025-08-21","157","","PASS_AUTOMATED_IDENTITY_GUARDS"
"govaction:dip:325181","325181","3","1","Bundesministerium für Gesundheit","2021-09-28..2025-08-21","56","","PASS_AUTOMATED_IDENTITY_GUARDS"
"govaction:dip:325180","325180","3","1","Auswärtiges Amt","2021-09-17..2025-08-21","139","","PASS_AUTOMATED_IDENTITY_GUARDS"
"govaction:dip:325179","325179","3","1","Bundesministerium für Familie, Senioren, Frauen und Jugend","2021-08-05..2025-08-21","109","","PASS_AUTOMATED_IDENTITY_GUARDS"
"govaction:dip:325176","325176","3","1","Auswärtiges Amt","2021-07-16..2025-08-21","104","","PASS_AUTOMATED_IDENTITY_GUARDS"
"govaction:dip:325174","325174","3","1","Bundesministerium des Innern, für Bau und Heimat","2021-05-07..2025-08-21","13","","PASS_AUTOMATED_IDENTITY_GUARDS"
"govaction:dip:325183","325183","4","1","Bundesministerium der Justiz","2022-09-29..2025-09-12","218","","PASS_AUTOMATED_IDENTITY_GUARDS"
"govaction:dip:325177","325177","3","1","Bundesministerium für Wirtschaft und Energie","2025-09-02..2025-09-11","129","","PASS_AUTOMATED_IDENTITY_GUARDS"
"govaction:dip:325059","325059","3","1","Bundesministerium der Finanzen","2025-08-15..2025-09-11","126","","PASS_AUTOMATED_IDENTITY_GUARDS"
"govaction:dip:324549","324549","4","1","Bundesministerium für Umwelt, Klimaschutz, Naturschutz und nukleare Sicherheit","2025-08-01..2025-09-11","47","","PASS_AUTOMATED_IDENTITY_GUARDS"
"govaction:dip:324307","324307","3","1","Bundesministerium des Innern","2025-07-25..2025-09-11","45","","PASS_AUTOMATED_IDENTITY_GUARDS"
"govaction:dip:324214","324214","4","1","Bundesministerium für Bildung, Familie, Senioren, Frauen und Jugend","2025-07-24..2025-09-11","104","","PASS_AUTOMATED_IDENTITY_GUARDS"
"govaction:dip:324211","324211","3","1","Auswärtiges Amt","2025-07-23..2025-09-11","132","","PASS_AUTOMATED_IDENTITY_GUARDS"
"govaction:dip:323820","323820","4","1","Bundesministerium für Wirtschaft und Energie","2025-07-10..2025-09-11","108","","PASS_AUTOMATED_IDENTITY_GUARDS"
"govaction:dip:322789","322789","5","1","Bundesministerium der Justiz und für Verbraucherschutz","2025-06-19..2025-09-12","178","","PASS_AUTOMATED_IDENTITY_GUARDS"
"govaction:dip:322622","322622","11","1","Bundesministerium für Umwelt, Klimaschutz, Naturschutz und nukleare Sicherheit","2025-06-19..2025-09-12","123","","PASS_AUTOMATED_IDENTITY_GUARDS"
"govaction:dip:325092","325092","6","1","","2025-08-27..2025-10-16","134","","PASS_AUTOMATED_IDENTITY_GUARDS"
"govaction:dip:325091","325091","6","1","","2025-08-27..2025-10-16","121","","PASS_AUTOMATED_IDENTITY_GUARDS"
"govaction:dip:325568","325568","3","1","Bundesministerium für Wirtschaft und Energie","2025-09-02..2025-09-18","175","","PASS_AUTOMATED_IDENTITY_GUARDS"
"govaction:dip:325262","325262","4","1","Bundeskanzleramt","2025-09-02..2025-09-18","113","","PASS_AUTOMATED_IDENTITY_GUARDS"
"govaction:dip:323469","323469","12","1","Bundeskanzleramt","2024-08-30..2025-09-18","35","","PASS_AUTOMATED_IDENTITY_GUARDS"
"govaction:dip:324621","324621","5","1","Bundesministerium des Innern","2025-08-06..2025-09-26","150","","PASS_AUTOMATED_IDENTITY_GUARDS"
"govaction:dip:324393","324393","4","1","Auswärtiges Amt","2025-07-31..2025-09-26","266","","PASS_AUTOMATED_IDENTITY_GUARDS"
"govaction:dip:322957","322957","6","1","Bundesministerium für Umwelt, Klimaschutz, Naturschutz und nukleare Sicherheit","2025-06-25..2025-09-26","115","","PASS_AUTOMATED_IDENTITY_GUARDS"
"govaction:dip:322883","322883","76","1","Bundesministerium der Finanzen","2025-06-26..2025-09-26","113","","PASS_AUTOMATED_IDENTITY_GUARDS"
"govaction:dip:326011","326011","4","1","Bundesministerium für Digitales und Staatsmodernisierung","2025-08-27..2025-10-09","126","","PASS_AUTOMATED_IDENTITY_GUARDS"
"govaction:dip:325475","325475","5","1","Bundesministerium der Finanzen","2024-11-08..2025-10-10","110","","PASS_AUTOMATED_IDENTITY_GUARDS"
"govaction:dip:325474","325474","5","1","Bundesministerium der Finanzen","2024-11-29..2025-10-10","185","","PASS_AUTOMATED_IDENTITY_GUARDS"
"govaction:dip:325473","325473","5","1","Bundesministerium der Finanzen","2024-11-18..2025-10-10","198","","PASS_AUTOMATED_IDENTITY_GUARDS"
"govaction:dip:325472","325472","5","1","Bundesministerium der Finanzen","2024-11-13..2025-10-10","165","","PASS_AUTOMATED_IDENTITY_GUARDS"
"govaction:dip:325471","325471","5","1","Bundesministerium der Finanzen","2024-10-28..2025-10-10","191","","PASS_AUTOMATED_IDENTITY_GUARDS"
"govaction:dip:325467","325467","5","1","Bundesministerium der Finanzen","2024-05-23..2025-10-10","202","","PASS_AUTOMATED_IDENTITY_GUARDS"
"govaction:dip:325466","325466","5","1","Bundesministerium der Finanzen","2024-05-16..2025-10-10","66","","PASS_AUTOMATED_IDENTITY_GUARDS"
"govaction:dip:325460","325460","5","1","Bundesministerium für Umwelt, Naturschutz, nukleare Sicherheit und Verbraucherschutz","2024-12-05..2025-10-10","55","","PASS_AUTOMATED_IDENTITY_GUARDS"
"govaction:dip:325256","325256","4","1","Bundesministerium für Digitales und Verkehr","2025-03-25..2025-10-10","169","","PASS_AUTOMATED_IDENTITY_GUARDS"
"govaction:dip:322623","322623","11","1","Bundesministerium für Wohnen, Stadtentwicklung und Bauwesen","2025-06-19..2025-10-10","68","","PASS_AUTOMATED_IDENTITY_GUARDS"
"govaction:dip:326845","326845","4","1","Bundesministerium für Digitales und Staatsmodernisierung","2025-10-02..2025-10-17","117","","PASS_AUTOMATED_IDENTITY_GUARDS"
"govaction:dip:326744","326744","3","1","","2025-10-10..2025-10-17","104","","PASS_AUTOMATED_IDENTITY_GUARDS"
"govaction:dip:325461","325461","5","1","Bundesministerium der Finanzen","2024-04-16..2025-10-17","51","","PASS_AUTOMATED_IDENTITY_GUARDS"
"govaction:dip:325315","325315","12","1","Bundesministerium der Finanzen","2025-09-04..2025-10-17","80","","PASS_AUTOMATED_IDENTITY_GUARDS"
"govaction:dip:324953","324953","11","1","Bundesministerium der Finanzen","2025-08-15..2025-10-17","387","","PASS_AUTOMATED_IDENTITY_GUARDS"
"govaction:dip:324940","324940","11","1","Bundesministerium der Finanzen","2025-08-15..2025-10-17","328","","PASS_AUTOMATED_IDENTITY_GUARDS"
"govaction:dip:324927","324927","17","1","Bundesministerium für Bildung, Familie, Senioren, Frauen und Jugend|Bundesministerium für Gesundheit","2025-08-15..2025-10-17","116","","PASS_AUTOMATED_IDENTITY_GUARDS"
"govaction:dip:324759","324759","4","1","Bundesministerium für Forschung, Technologie und Raumfahrt|Bundesministerium für Umwelt, Klimaschutz, Naturschutz und nukleare Sicherheit","2025-08-08..2025-10-17","129","","PASS_AUTOMATED_IDENTITY_GUARDS"
"govaction:dip:324743","324743","14","1","Bundesministerium der Finanzen","2025-08-15..2025-10-17","55","","PASS_AUTOMATED_IDENTITY_GUARDS"
"govaction:dip:324246","324246","5","1","","2025-07-25..2025-10-17","63","","PASS_AUTOMATED_IDENTITY_GUARDS"
"govaction:dip:323816","323816","4","1","Bundesministerium der Finanzen","2025-07-01..2025-10-17","89","","PASS_AUTOMATED_IDENTITY_GUARDS"
"govaction:dip:323276","323276","13","1","Bundesministerium der Finanzen","2025-07-03..2025-10-17","115","","PASS_AUTOMATED_IDENTITY_GUARDS"
"govaction:dip:323274","323274","14","1","Bundesministerium der Finanzen","2025-07-03..2025-10-17","143","","PASS_AUTOMATED_IDENTITY_GUARDS"
"govaction:dip:322871","322871","5","1","Bundesministerium für Wirtschaft und Energie","2025-06-19..2025-10-17","227","","PASS_AUTOMATED_IDENTITY_GUARDS"
"govaction:dip:322125","322125","15","1","Bundesministerium des Innern","2025-05-30..2025-10-17","80","","PASS_AUTOMATED_IDENTITY_GUARDS"
"govaction:dip:328064","328064","2","1","Bundesministerium für Bildung, Familie, Senioren, Frauen und Jugend","2025-11-06..2025-11-06","26","","PASS_AUTOMATED_IDENTITY_GUARDS"
"govaction:dip:327206","327206","4","1","Bundesministerium für Bildung, Familie, Senioren, Frauen und Jugend","2025-10-16..2025-11-06","254","","PASS_AUTOMATED_IDENTITY_GUARDS"
"govaction:dip:327197","327197","3","1","Bundesministerium für Wirtschaft und Energie","2025-10-16..2025-11-06","89","","PASS_AUTOMATED_IDENTITY_GUARDS"
"govaction:dip:327192","327192","3","1","Bundesministerium für Forschung, Technologie und Raumfahrt","2025-10-16..2025-11-06","131","","PASS_AUTOMATED_IDENTITY_GUARDS"
"govaction:dip:327008","327008","4","1","Bundesministerium für Wirtschaft und Energie","2025-10-07..2025-11-06","128","","PASS_AUTOMATED_IDENTITY_GUARDS"
"govaction:dip:326961","326961","3","1","Bundesministerium der Finanzen","2025-10-08..2025-11-06","146","","PASS_AUTOMATED_IDENTITY_GUARDS"
"govaction:dip:326873","326873","3","1","Bundesministerium für Bildung, Familie, Senioren, Frauen und Jugend","2025-10-02..2025-11-06","94","","PASS_AUTOMATED_IDENTITY_GUARDS"
"govaction:dip:326860","326860","4","1","Bundesministerium für Umwelt, Klimaschutz, Naturschutz und nukleare Sicherheit","2025-10-02..2025-11-06","114","","PASS_AUTOMATED_IDENTITY_GUARDS"
"govaction:dip:325604","325604","8","1","Bundesministerium für Umwelt, Klimaschutz, Naturschutz und nukleare Sicherheit","2025-09-05..2025-11-06","187","","PASS_AUTOMATED_IDENTITY_GUARDS"
"govaction:dip:325513","325513","9","1","Bundesministerium der Justiz und für Verbraucherschutz","2025-09-05..2025-11-06","177","","PASS_AUTOMATED_IDENTITY_GUARDS"
"govaction:dip:325496","325496","5","1","Bundesministerium der Verteidigung","2025-01-03..2025-11-07","166","","PASS_AUTOMATED_IDENTITY_GUARDS"
"govaction:dip:325495","325495","5","1","Bundesministerium der Verteidigung","2024-12-19..2025-11-07","58","","PASS_AUTOMATED_IDENTITY_GUARDS"
"govaction:dip:325489","325489","4","1","Bundesministerium für Forschung, Technologie und Raumfahrt","2025-09-04..2025-11-07","127","","PASS_AUTOMATED_IDENTITY_GUARDS"
"govaction:dip:325468","325468","5","1","Bundesministerium der Finanzen","2024-06-04..2025-11-07","138","","PASS_AUTOMATED_IDENTITY_GUARDS"
"govaction:dip:325465","325465","5","1","Bundesministerium der Finanzen","2023-12-15..2025-11-07","138","","PASS_AUTOMATED_IDENTITY_GUARDS"
"govaction:dip:325463","325463","5","1","Bundesministerium der Finanzen","2023-09-29..2025-11-07","141","","PASS_AUTOMATED_IDENTITY_GUARDS"
"govaction:dip:325462","325462","5","1","Bundesministerium der Finanzen","2023-06-09..2025-11-07","138","","PASS_AUTOMATED_IDENTITY_GUARDS"
"govaction:dip:325222","325222","4","1","Bundesministerium für Digitales und Verkehr","2024-12-05..2025-11-07","145","","PASS_AUTOMATED_IDENTITY_GUARDS"
"govaction:dip:328616","328616","3","1","Bundesministerium für Wirtschaft und Energie","2025-11-11..2025-11-11","91","","PASS_AUTOMATED_IDENTITY_GUARDS"
"govaction:dip:327583","327583","4","1","Bundesministerium für Gesundheit","2025-10-15..2025-11-13","179","","PASS_AUTOMATED_IDENTITY_GUARDS"
"govaction:dip:326713","326713","4","1","Bundesministerium für Arbeit und Soziales","2025-10-10..2025-11-21","85","","PASS_AUTOMATED_IDENTITY_GUARDS"
"govaction:dip:326703","326703","5","1","Bundesministerium für Arbeit und Soziales","2025-10-10..2025-11-21","78","","PASS_AUTOMATED_IDENTITY_GUARDS"
"govaction:dip:326698","326698","4","1","Bundesministerium für Arbeit und Soziales","2025-10-10..2025-11-21","121","","PASS_AUTOMATED_IDENTITY_GUARDS"
"govaction:dip:326673","326673","5","1","Bundesministerium für Wirtschaft und Energie","2025-10-09..2025-11-21","46","","PASS_AUTOMATED_IDENTITY_GUARDS"
"govaction:dip:325605","325605","15","1","Bundesministerium der Justiz und für Verbraucherschutz","2025-09-05..2025-11-21","201","","PASS_AUTOMATED_IDENTITY_GUARDS"
"govaction:dip:325598","325598","16","1","Bundesministerium für Wirtschaft und Energie","2025-09-05..2025-11-21","73","","PASS_AUTOMATED_IDENTITY_GUARDS"
"govaction:dip:325548","325548","16","1","Bundesministerium für Verkehr","2025-09-05..2025-11-21","56","","PASS_AUTOMATED_IDENTITY_GUARDS"
"govaction:dip:325337","325337","15","1","Bundesministerium der Justiz und für Verbraucherschutz","2025-09-05..2025-11-21","176","","PASS_AUTOMATED_IDENTITY_GUARDS"
"govaction:dip:325335","325335","13","1","Bundesministerium der Justiz und für Verbraucherschutz","2025-09-05..2025-11-21","142","","PASS_AUTOMATED_IDENTITY_GUARDS"
"govaction:dip:324969","324969","19","1","Bundesministerium für Verkehr","2025-08-15..2025-11-21","56","","PASS_AUTOMATED_IDENTITY_GUARDS"
"govaction:dip:324968","324968","18","1","Bundesministerium für Umwelt, Klimaschutz, Naturschutz und nukleare Sicherheit","2025-08-15..2025-11-21","69","","PASS_AUTOMATED_IDENTITY_GUARDS"
"govaction:dip:324966","324966","11","1","Bundesministerium für wirtschaftliche Zusammenarbeit und Entwicklung","2025-08-15..2025-11-21","212","","PASS_AUTOMATED_IDENTITY_GUARDS"
"govaction:dip:324965","324965","11","1","Bundesministerium für wirtschaftliche Zusammenarbeit und Entwicklung","2025-08-15..2025-11-21","172","","PASS_AUTOMATED_IDENTITY_GUARDS"
"govaction:dip:324964","324964","11","1","Bundesministerium für wirtschaftliche Zusammenarbeit und Entwicklung","2025-08-15..2025-11-21","178","","PASS_AUTOMATED_IDENTITY_GUARDS"
"govaction:dip:324962","324962","11","1","Bundesministerium für wirtschaftliche Zusammenarbeit und Entwicklung","2025-08-15..2025-11-21","166","","PASS_AUTOMATED_IDENTITY_GUARDS"
"govaction:dip:324954","324954","11","1","Bundesministerium der Finanzen","2025-08-15..2025-11-21","254","","PASS_AUTOMATED_IDENTITY_GUARDS"
"govaction:dip:324930","324930","16","1","Bundesministerium für Wirtschaft und Energie","2025-08-15..2025-11-21","110","","PASS_AUTOMATED_IDENTITY_GUARDS"
"govaction:dip:324884","324884","19","1","Bundesministerium für Wirtschaft und Energie","2025-08-15..2025-11-21","163","","PASS_AUTOMATED_IDENTITY_GUARDS"
"govaction:dip:324836","324836","17","1","Bundesministerium für Wirtschaft und Energie","2025-08-15..2025-11-21","57","","PASS_AUTOMATED_IDENTITY_GUARDS"
"govaction:dip:324828","324828","14","1","Bundesministerium für Verkehr","2025-08-15..2025-11-21","63","","PASS_AUTOMATED_IDENTITY_GUARDS"
"govaction:dip:324826","324826","14","1","Bundesministerium des Innern","2025-08-15..2025-11-21","133","","PASS_AUTOMATED_IDENTITY_GUARDS"
"govaction:dip:324805","324805","16","1","Bundesministerium der Justiz und für Verbraucherschutz","2025-08-15..2025-11-21","61","","PASS_AUTOMATED_IDENTITY_GUARDS"
"govaction:dip:324803","324803","16","1","Bundesministerium des Innern","2025-08-15..2025-11-21","144","","PASS_AUTOMATED_IDENTITY_GUARDS"
"govaction:dip:324746","324746","17","1","Bundesministerium für Verkehr","2025-08-15..2025-11-21","80","","PASS_AUTOMATED_IDENTITY_GUARDS"
"govaction:dip:324740","324740","16","1","Bundesministerium für Arbeit und Soziales","2025-08-15..2025-11-21","104","","PASS_AUTOMATED_IDENTITY_GUARDS"
"govaction:dip:322127","322127","14","1","Bundesministerium für Digitales und Staatsmodernisierung","2025-05-30..2025-11-21","213","","PASS_AUTOMATED_IDENTITY_GUARDS"
"govaction:dip:327996","327996","3","1","Bundesministerium für Gesundheit","2025-11-03..2025-11-27","88","","PASS_AUTOMATED_IDENTITY_GUARDS"
"govaction:dip:327995","327995","3","1","Bundesministerium für Wirtschaft und Energie","2025-11-05..2025-11-27","211","","PASS_AUTOMATED_IDENTITY_GUARDS"
"govaction:dip:327992","327992","3","1","Bundesministerium der Finanzen","2025-10-29..2025-11-27","77","","PASS_AUTOMATED_IDENTITY_GUARDS"
"govaction:dip:327924","327924","3","1","Bundesministerium für Forschung, Technologie und Raumfahrt","2025-10-06..2025-11-27","78","","PASS_AUTOMATED_IDENTITY_GUARDS"
"govaction:dip:328216","328216","5","1","Bundesministerium für Wirtschaft und Energie","2025-11-05..2025-12-19","75","","PASS_AUTOMATED_IDENTITY_GUARDS"
"govaction:dip:328028","328028","6","1","Bundesministerium für Digitales und Staatsmodernisierung","2025-11-06..2026-01-15","84","","PASS_AUTOMATED_IDENTITY_GUARDS"
"govaction:dip:325160","325160","18","1","Bundesministerium der Finanzen|Bundeskanzleramt","2025-09-01..2025-11-28","35","","PASS_AUTOMATED_IDENTITY_GUARDS"
"govaction:dip:329197","329197","2","1","Auswärtiges Amt","2025-12-03..2025-12-03","98","","PASS_AUTOMATED_IDENTITY_GUARDS"
"govaction:dip:328471","328471","3","1","Beauftr. der Bundesregierung für Kultur und Medien","2025-11-17..2025-12-03","105","","PASS_AUTOMATED_IDENTITY_GUARDS"
"govaction:dip:328503","328503","3","1","Bundesministerium des Innern","2025-11-13..2025-12-04","88","","PASS_AUTOMATED_IDENTITY_GUARDS"
"govaction:dip:328601","328601","5","1","Bundesministerium der Finanzen","2025-11-27..2025-12-05","45","","PASS_AUTOMATED_IDENTITY_GUARDS"
"govaction:dip:328550","328550","5","1","Bundesministerium der Finanzen","2025-11-26..2025-12-05","170","","PASS_AUTOMATED_IDENTITY_GUARDS"
"govaction:dip:328549","328549","5","1","Bundesministerium der Finanzen","2025-11-26..2025-12-05","184","","PASS_AUTOMATED_IDENTITY_GUARDS"
"govaction:dip:329388","329388","2","1","Auswärtiges Amt","2025-12-05..2025-12-05","180","","PASS_AUTOMATED_IDENTITY_GUARDS"
"govaction:dip:328309","328309","5","1","Bundesministerium für Familie, Senioren, Frauen und Jugend","2024-12-05..2025-12-05","107","","PASS_AUTOMATED_IDENTITY_GUARDS"
"govaction:dip:325498","325498","5","1","Bundesministerium für Familie, Senioren, Frauen und Jugend","2019-08-14..2025-12-05","225","","PASS_AUTOMATED_IDENTITY_GUARDS"
"govaction:dip:329505","329505","3","1","","2025-12-08..2025-12-09","162","","PASS_AUTOMATED_IDENTITY_GUARDS"
"govaction:dip:330662","330662","2","1","Bundesministerium für Wirtschaft und Energie","2025-12-12..2025-12-12","35","","PASS_AUTOMATED_IDENTITY_GUARDS"
"govaction:dip:328937","328937","3","1","Beauftr. der Bundesregierung für Kultur und Medien","2025-11-26..2025-12-18","129","","PASS_AUTOMATED_IDENTITY_GUARDS"
"govaction:dip:328855","328855","3","1","","2025-11-17..2025-12-18","108","","PASS_AUTOMATED_IDENTITY_GUARDS"
"govaction:dip:328820","328820","4","1","Bundesministerium für Wirtschaft und Energie","2025-11-21..2025-12-18","70","","PASS_AUTOMATED_IDENTITY_GUARDS"
"govaction:dip:326695","326695","8","1","Bundesministerium für Gesundheit","2025-10-10..2025-12-18","57","","PASS_AUTOMATED_IDENTITY_GUARDS"
"govaction:dip:329190","329190","5","1","Bundesministerium für Wirtschaft und Energie","2025-12-10..2025-12-19","62","","PASS_AUTOMATED_IDENTITY_GUARDS"
"govaction:dip:327878","327878","5","1","Bundesministerium des Innern","2025-11-05..2025-12-19","127","","PASS_AUTOMATED_IDENTITY_GUARDS"
"govaction:dip:327824","327824","5","1","Bundesministerium der Finanzen","2025-11-05..2025-12-19","56","","PASS_AUTOMATED_IDENTITY_GUARDS"
"govaction:dip:327277","327277","4","1","Bundesministerium für Gesundheit","2025-10-22..2025-12-19","83","","PASS_AUTOMATED_IDENTITY_GUARDS"
"govaction:dip:327000","327000","14","1","Bundesministerium der Finanzen","2025-10-16..2025-12-19","58","","PASS_AUTOMATED_IDENTITY_GUARDS"
"govaction:dip:326999","326999","17","1","Bundesministerium der Finanzen","2025-10-16..2025-12-19","108","","PASS_AUTOMATED_IDENTITY_GUARDS"
"govaction:dip:326699","326699","13","1","Bundesministerium der Finanzen","2025-10-10..2025-12-19","305","","PASS_AUTOMATED_IDENTITY_GUARDS"
"govaction:dip:325663","325663","17","1","Bundesministerium der Finanzen","2025-09-11..2025-12-19","26","","PASS_AUTOMATED_IDENTITY_GUARDS"
"govaction:dip:325662","325662","16","1","Bundesministerium der Finanzen","2025-09-11..2025-12-19","81","","PASS_AUTOMATED_IDENTITY_GUARDS"
"govaction:dip:325606","325606","13","1","Bundesministerium für Landwirtschaft, Ernährung und Heimat","2025-09-05..2025-12-19","78","","PASS_AUTOMATED_IDENTITY_GUARDS"
"govaction:dip:325603","325603","16","1","Bundesministerium für Wirtschaft und Energie","2025-09-05..2025-12-19","120","","PASS_AUTOMATED_IDENTITY_GUARDS"
"govaction:dip:325558","325558","16","1","Bundesministerium der Verteidigung","2025-09-05..2025-12-19","86","","PASS_AUTOMATED_IDENTITY_GUARDS"
"govaction:dip:325527","325527","14","1","Bundesministerium der Verteidigung","2025-09-05..2025-12-19","66","","PASS_AUTOMATED_IDENTITY_GUARDS"
"govaction:dip:325338","325338","17","1","Bundesministerium für Arbeit und Soziales","2025-09-05..2025-12-19","117","","PASS_AUTOMATED_IDENTITY_GUARDS"
"govaction:dip:325336","325336","18","1","Bundesministerium der Finanzen|Bundesministerium für Arbeit und Soziales","2025-09-05..2025-12-19","135","","PASS_AUTOMATED_IDENTITY_GUARDS"
"govaction:dip:325333","325333","19","1","Bundesministerium der Finanzen","2025-09-05..2025-12-19","74","","PASS_AUTOMATED_IDENTITY_GUARDS"
"govaction:dip:325330","325330","17","1","Bundesministerium der Finanzen","2025-09-05..2025-12-19","83","","PASS_AUTOMATED_IDENTITY_GUARDS"
"govaction:dip:324958","324958","11","1","Bundesministerium für Wirtschaft und Energie","2025-08-15..2025-12-19","166","","PASS_AUTOMATED_IDENTITY_GUARDS"
"govaction:dip:324957","324957","11","1","Bundesministerium für Wirtschaft und Energie","2025-08-15..2025-12-19","178","","PASS_AUTOMATED_IDENTITY_GUARDS"
"govaction:dip:324956","324956","12","1","Bundesministerium für Verkehr","2025-08-15..2025-12-19","231","","PASS_AUTOMATED_IDENTITY_GUARDS"
"govaction:dip:324955","324955","12","1","Bundesministerium für Gesundheit","2025-08-15..2025-12-19","115","","PASS_AUTOMATED_IDENTITY_GUARDS"
"govaction:dip:324938","324938","11","1","Bundesministerium für Arbeit und Soziales","2025-08-15..2025-12-19","209","","PASS_AUTOMATED_IDENTITY_GUARDS"
"govaction:dip:324931","324931","16","1","Bundesministerium für Wirtschaft und Energie","2025-08-15..2025-12-19","103","","PASS_AUTOMATED_IDENTITY_GUARDS"
"govaction:dip:324886","324886","11","1","Auswärtiges Amt","2025-08-15..2025-12-19","173","","PASS_AUTOMATED_IDENTITY_GUARDS"
"govaction:dip:324839","324839","12","1","Bundesministerium für Wohnen, Stadtentwicklung und Bauwesen","2025-08-15..2025-12-19","190","","PASS_AUTOMATED_IDENTITY_GUARDS"
"govaction:dip:324835","324835","12","1","Bundesministerium für Wirtschaft und Energie","2025-08-15..2025-12-19","142","","PASS_AUTOMATED_IDENTITY_GUARDS"
"govaction:dip:324827","324827","14","1","Bundesministerium des Innern","2025-08-15..2025-12-19","110","","PASS_AUTOMATED_IDENTITY_GUARDS"
"govaction:dip:324825","324825","14","1","Bundesministerium des Innern","2025-08-15..2025-12-19","112","","PASS_AUTOMATED_IDENTITY_GUARDS"
"govaction:dip:324824","324824","15","1","Bundesministerium für Gesundheit","2025-08-15..2025-12-19","57","","PASS_AUTOMATED_IDENTITY_GUARDS"
"govaction:dip:324823","324823","12","1","Bundesministerium der Finanzen","2025-08-15..2025-12-19","131","","PASS_AUTOMATED_IDENTITY_GUARDS"
"govaction:dip:324806","324806","16","1","Bundesministerium für Wirtschaft und Energie","2025-08-15..2025-12-19","288","","PASS_AUTOMATED_IDENTITY_GUARDS"
"govaction:dip:324804","324804","16","1","Bundesministerium der Justiz und für Verbraucherschutz","2025-08-15..2025-12-19","88","","PASS_AUTOMATED_IDENTITY_GUARDS"
"govaction:dip:324802","324802","26","1","Bundesministerium für Gesundheit","2025-08-15..2025-12-19","68","","PASS_AUTOMATED_IDENTITY_GUARDS"
"govaction:dip:324801","324801","14","1","Bundesministerium der Finanzen","2025-08-15..2025-12-19","50","","PASS_AUTOMATED_IDENTITY_GUARDS"
"govaction:dip:324800","324800","15","1","Bundesministerium für Arbeit und Soziales","2025-08-15..2025-12-19","107","","PASS_AUTOMATED_IDENTITY_GUARDS"
"govaction:dip:324745","324745","15","1","Bundesministerium der Justiz und für Verbraucherschutz|Bundesministerium für Landwirtschaft, Ernährung und Heimat","2025-08-15..2025-12-19","109","","PASS_AUTOMATED_IDENTITY_GUARDS"
"govaction:dip:324744","324744","14","1","Bundesministerium der Finanzen","2025-08-15..2025-12-19","74","","PASS_AUTOMATED_IDENTITY_GUARDS"
"govaction:dip:324742","324742","13","1","Bundesministerium für Landwirtschaft, Ernährung und Heimat","2025-08-15..2025-12-19","74","","PASS_AUTOMATED_IDENTITY_GUARDS"
"govaction:dip:324741","324741","13","1","Bundesministerium für Landwirtschaft, Ernährung und Heimat","2025-08-15..2025-12-19","100","","PASS_AUTOMATED_IDENTITY_GUARDS"
"govaction:dip:324698","324698","81","1","Bundesministerium der Finanzen","2025-08-15..2025-12-19","113","","PASS_AUTOMATED_IDENTITY_GUARDS"
"govaction:dip:324161","324161","10","1","Bundesministerium für Wirtschaft und Klimaschutz|Bundesministerium für Wirtschaft und Energie","2024-07-08..2025-12-19","72","","PASS_AUTOMATED_IDENTITY_GUARDS"
"govaction:dip:322614","322614","4","1","Auswärtiges Amt|Bundesministerium des Innern","2025-06-12..2025-12-19","123","","PASS_AUTOMATED_IDENTITY_GUARDS"
"govaction:dip:328025","328025","7","1","Bundesministerium für Wirtschaft und Energie","2025-11-07..2026-01-15","239","","PASS_AUTOMATED_IDENTITY_GUARDS"
"govaction:dip:329693","329693","4","1","Bundesministerium der Finanzen","2026-01-05..2026-01-16","139","","PASS_AUTOMATED_IDENTITY_GUARDS"
"govaction:dip:329554","329554","3","1","Bundesministerium für Verkehr","2025-12-04..2026-01-16","129","","PASS_AUTOMATED_IDENTITY_GUARDS"
"govaction:dip:329473","329473","3","1","Bundesministerium für Wirtschaft und Energie","2025-12-12..2026-01-16","108","","PASS_AUTOMATED_IDENTITY_GUARDS"
"govaction:dip:329374","329374","4","1","Bundesministerium der Finanzen","2025-12-16..2026-01-16","139","","PASS_AUTOMATED_IDENTITY_GUARDS"
"govaction:dip:329332","329332","4","1","Bundesministerium für Arbeit und Soziales","2025-12-10..2026-01-16","186","","PASS_AUTOMATED_IDENTITY_GUARDS"
"govaction:dip:329330","329330","3","1","Bundesministerium des Innern","2025-12-04..2026-01-16","210","","PASS_AUTOMATED_IDENTITY_GUARDS"
"govaction:dip:329452","329452","3","1","Bundesministerium für Forschung, Technologie und Raumfahrt","2025-12-11..2026-01-16","112","","PASS_AUTOMATED_IDENTITY_GUARDS"
"govaction:dip:329198","329198","4","1","Bundesministerium der Verteidigung","2025-11-28..2026-01-16","28","","PASS_AUTOMATED_IDENTITY_GUARDS"
"govaction:dip:325319","325319","7","1","Bundesministerium für Arbeit und Soziales","2025-09-05..2026-01-16","143","","PASS_AUTOMATED_IDENTITY_GUARDS"
"govaction:dip:325227","325227","4","1","Bundesministerium des Innern und für Heimat","2025-02-17..2026-01-16","168","","PASS_AUTOMATED_IDENTITY_GUARDS"
"govaction:dip:325178","325178","4","1","Bundesministerium des Innern, für Bau und Heimat","2021-07-08..2026-01-16","39","","PASS_AUTOMATED_IDENTITY_GUARDS"
"govaction:dip:321233","321233","5","1","Bundesministerium für Umwelt, Naturschutz, nukleare Sicherheit und Verbraucherschutz","2025-04-09..2026-01-16","230","","PASS_AUTOMATED_IDENTITY_GUARDS"
"govaction:dip:330660","330660","2","1","Bundesministerium für Gesundheit","2026-01-21..2026-01-21","228","","PASS_AUTOMATED_IDENTITY_GUARDS"
"govaction:dip:330421","330421","2","1","Bundesministerium für Umwelt, Klimaschutz, Naturschutz und nukleare Sicherheit","2026-01-22..2026-01-22","172","","PASS_AUTOMATED_IDENTITY_GUARDS"
"govaction:dip:330408","330408","2","1","Bundesministerium des Innern","2026-01-22..2026-01-22","83","","PASS_AUTOMATED_IDENTITY_GUARDS"
"govaction:dip:329114","329114","6","1","","2025-12-10..2026-01-29","148","","PASS_AUTOMATED_IDENTITY_GUARDS"
"govaction:dip:330377","330377","4","1","Bundesministerium für Bildung, Familie, Senioren, Frauen und Jugend","2025-12-18..2026-01-30","356","","PASS_AUTOMATED_IDENTITY_GUARDS"
"govaction:dip:330199","330199","3","1","Bundesministerium für Wirtschaft und Energie","2026-01-09..2026-01-30","119","","PASS_AUTOMATED_IDENTITY_GUARDS"
"govaction:dip:329817","329817","4","1","Bundesministerium für Umwelt, Klimaschutz, Naturschutz und nukleare Sicherheit","2025-11-21..2026-01-30","249","","PASS_AUTOMATED_IDENTITY_GUARDS"
"govaction:dip:329667","329667","4","1","Bundesministerium für Forschung, Technologie und Raumfahrt","2025-12-18..2026-01-30","140","","PASS_AUTOMATED_IDENTITY_GUARDS"
"govaction:dip:329475","329475","6","1","Bundesministerium für Umwelt, Klimaschutz, Naturschutz und nukleare Sicherheit","2025-12-05..2026-01-30","144","","PASS_AUTOMATED_IDENTITY_GUARDS"
"govaction:dip:328531","328531","6","1","Bundesministerium für Arbeit und Soziales","2025-11-26..2026-01-30","75","","PASS_AUTOMATED_IDENTITY_GUARDS"
"govaction:dip:328347","328347","8","1","Bundesministerium für Umwelt, Klimaschutz, Naturschutz und nukleare Sicherheit","2025-11-19..2026-01-30","194","","PASS_AUTOMATED_IDENTITY_GUARDS"
"govaction:dip:327994","327994","5","1","Bundesministerium der Justiz und für Verbraucherschutz|Bundesministerium des Innern","2025-11-05..2026-01-30","96","","PASS_AUTOMATED_IDENTITY_GUARDS"
"govaction:dip:327963","327963","13","1","Bundesministerium des Innern","2025-11-07..2026-01-30","118","","PASS_AUTOMATED_IDENTITY_GUARDS"
"govaction:dip:326714","326714","13","1","Bundesministerium für Arbeit und Soziales","2025-10-10..2026-01-30","106","","PASS_AUTOMATED_IDENTITY_GUARDS"
"govaction:dip:326710","326710","14","1","Bundesministerium für Wirtschaft und Energie","2025-10-10..2026-01-30","122","","PASS_AUTOMATED_IDENTITY_GUARDS"
"govaction:dip:326693","326693","15","1","Bundesministerium der Finanzen","2025-10-10..2026-01-30","99","","PASS_AUTOMATED_IDENTITY_GUARDS"
"govaction:dip:325607","325607","15","1","Bundesministerium für Verkehr","2025-09-05..2026-01-30","122","","PASS_AUTOMATED_IDENTITY_GUARDS"
"govaction:dip:325602","325602","12","1","Bundesministerium der Justiz und für Verbraucherschutz|Bundesministerium für Verkehr","2025-09-05..2026-01-30","182","","PASS_AUTOMATED_IDENTITY_GUARDS"
"govaction:dip:325543","325543","5","1","Bundesministerium für wirtschaftliche Zusammenarbeit und Entwicklung","2024-04-12..2026-01-30","98","","PASS_AUTOMATED_IDENTITY_GUARDS"
"govaction:dip:325541","325541","16","1","Bundesministerium der Justiz und für Verbraucherschutz","2025-09-05..2026-01-30","129","","PASS_AUTOMATED_IDENTITY_GUARDS"
"govaction:dip:325533","325533","16","1","Bundesministerium der Justiz und für Verbraucherschutz","2025-09-05..2026-01-30","72","","PASS_AUTOMATED_IDENTITY_GUARDS"
"govaction:dip:325521","325521","12","1","Bundesministerium des Innern","2025-09-05..2026-01-30","48","","PASS_AUTOMATED_IDENTITY_GUARDS"
"govaction:dip:325332","325332","14","1","Bundesministerium für Landwirtschaft, Ernährung und Heimat","2025-09-05..2026-01-30","128","","PASS_AUTOMATED_IDENTITY_GUARDS"
"govaction:dip:324833","324833","14","1","Bundesministerium der Verteidigung|Bundesministerium für Wirtschaft und Energie","2025-08-15..2026-01-30","68","","PASS_AUTOMATED_IDENTITY_GUARDS"
"govaction:dip:324830","324830","15","1","Bundesministerium für Verkehr","2025-08-15..2026-01-30","95","","PASS_AUTOMATED_IDENTITY_GUARDS"
"govaction:dip:329468","329468","8","1","Bundesministerium für Arbeit und Soziales","2025-12-19..2026-02-11","247","","PASS_AUTOMATED_IDENTITY_GUARDS"
"govaction:dip:329529","329529","6","1","Bundesministerium für Wirtschaft und Energie","2025-12-19..2026-02-26","58","","PASS_AUTOMATED_IDENTITY_GUARDS"
"govaction:dip:329479","329479","6","1","Bundesministerium der Justiz und für Verbraucherschutz","2025-12-19..2026-02-26","192","","PASS_AUTOMATED_IDENTITY_GUARDS"
"govaction:dip:328422","328422","8","1","Bundesministerium für Wirtschaft und Energie","2025-11-21..2026-02-26","96","","PASS_AUTOMATED_IDENTITY_GUARDS"
"govaction:dip:326857","326857","4","1","Bundesministerium für Wohnen, Stadtentwicklung und Bauwesen","2025-10-08..2026-02-26","131","","PASS_AUTOMATED_IDENTITY_GUARDS"
"govaction:dip:331010","331010","4","1","Bundesministerium für Bildung, Familie, Senioren, Frauen und Jugend","2026-02-05..2026-02-27","51","","PASS_AUTOMATED_IDENTITY_GUARDS"
"govaction:dip:329527","329527","8","1","Bundesministerium für Digitales und Staatsmodernisierung","2025-12-19..2026-02-27","158","","PASS_AUTOMATED_IDENTITY_GUARDS"
"govaction:dip:329477","329477","6","1","Bundesministerium für Forschung, Technologie und Raumfahrt","2025-12-11..2026-02-27","181","","PASS_AUTOMATED_IDENTITY_GUARDS"
"govaction:dip:329483","329483","7","1","Bundesministerium der Justiz und für Verbraucherschutz","2025-12-19..2026-03-04","51","","PASS_AUTOMATED_IDENTITY_GUARDS"
"govaction:dip:329487","329487","5","1","Bundesministerium für Wohnen, Stadtentwicklung und Bauwesen","2024-05-31..2026-03-05","91","","PASS_AUTOMATED_IDENTITY_GUARDS"
"govaction:dip:331801","331801","4","1","Bundesministerium für Forschung, Technologie und Raumfahrt","2026-02-27..2026-03-06","91","","PASS_AUTOMATED_IDENTITY_GUARDS"
"govaction:dip:331711","331711","4","1","Bundesministerium des Innern","2026-02-06..2026-03-06","22","","PASS_AUTOMATED_IDENTITY_GUARDS"
"govaction:dip:331144","331144","5","1","Bundesministerium für Verkehr","2026-02-10..2026-05-08","107","","PASS_AUTOMATED_IDENTITY_GUARDS"
"govaction:dip:330758","330758","5","1","","2026-02-03..2026-03-06","49","","PASS_AUTOMATED_IDENTITY_GUARDS"
"govaction:dip:329897","329897","4","1","Bundesministerium der Finanzen","2025-12-19..2026-03-06","66","","PASS_AUTOMATED_IDENTITY_GUARDS"
"govaction:dip:329521","329521","6","1","Bundesministerium für Arbeit und Soziales","2025-11-28..2026-03-06","275","","PASS_AUTOMATED_IDENTITY_GUARDS"
"govaction:dip:329447","329447","4","1","Bundesministerium für Bildung, Familie, Senioren, Frauen und Jugend","2025-12-04..2026-03-06","101","","PASS_AUTOMATED_IDENTITY_GUARDS"
"govaction:dip:328387","328387","15","1","Bundesministerium des Innern","2025-11-20..2026-03-06","55","","PASS_AUTOMATED_IDENTITY_GUARDS"
"govaction:dip:327964","327964","12","1","Bundesministerium der Justiz und für Verbraucherschutz","2025-11-07..2026-03-06","48","","PASS_AUTOMATED_IDENTITY_GUARDS"
"govaction:dip:327343","327343","4","1","Bundesministerium der Finanzen","2025-10-13..2026-03-06","66","","PASS_AUTOMATED_IDENTITY_GUARDS"
"govaction:dip:326831","326831","14","1","Bundesministerium der Justiz und für Verbraucherschutz","2025-10-10..2026-03-06","235","","PASS_AUTOMATED_IDENTITY_GUARDS"
"govaction:dip:326823","326823","17","1","Bundesministerium des Innern","2025-10-10..2026-03-06","100","","PASS_AUTOMATED_IDENTITY_GUARDS"
"govaction:dip:326804","326804","13","1","Bundesministerium der Finanzen","2025-10-10..2026-03-06","408","","PASS_AUTOMATED_IDENTITY_GUARDS"
"govaction:dip:326750","326750","12","1","Bundesministerium für Umwelt, Klimaschutz, Naturschutz und nukleare Sicherheit","2025-10-10..2026-03-06","306","","PASS_AUTOMATED_IDENTITY_GUARDS"
"govaction:dip:326707","326707","13","1","Bundesministerium für Umwelt, Klimaschutz, Naturschutz und nukleare Sicherheit","2025-10-10..2026-03-06","60","","PASS_AUTOMATED_IDENTITY_GUARDS"
"govaction:dip:326706","326706","13","1","Bundesministerium der Justiz und für Verbraucherschutz","2025-10-10..2026-03-06","150","","PASS_AUTOMATED_IDENTITY_GUARDS"
"govaction:dip:325519","325519","5","1","Bundesministerium für Familie, Senioren, Frauen und Jugend","2024-06-13..2026-03-06","116","","PASS_AUTOMATED_IDENTITY_GUARDS"
"govaction:dip:325503","325503","5","1","Bundesministerium für Familie, Senioren, Frauen und Jugend","2021-06-10..2026-03-06","50","","PASS_AUTOMATED_IDENTITY_GUARDS"
"govaction:dip:325216","325216","4","1","Bundesministerium der Finanzen","2025-01-23..2026-03-06","66","","PASS_AUTOMATED_IDENTITY_GUARDS"
"govaction:dip:324781","324781","4","1","Bundesministerium der Finanzen","2025-08-07..2026-03-06","66","","PASS_AUTOMATED_IDENTITY_GUARDS"
"govaction:dip:324544","324544","6","1","Bundesministerium für Forschung, Technologie und Raumfahrt","2025-07-30..2026-03-06","91","","PASS_AUTOMATED_IDENTITY_GUARDS"
"govaction:dip:323427","323427","4","1","Bundesministerium der Finanzen","2025-07-02..2026-03-06","66","","PASS_AUTOMATED_IDENTITY_GUARDS"
"govaction:dip:330467","330467","8","1","Bundesministerium für Forschung, Technologie und Raumfahrt","2026-01-23..2026-03-19","61","","PASS_AUTOMATED_IDENTITY_GUARDS"
"govaction:dip:332737","332737","4","1","Bundesministerium für Familie, Senioren, Frauen und Jugend","2025-01-09..2026-04-17","212","","PASS_AUTOMATED_IDENTITY_GUARDS"
"govaction:dip:332369","332369","4","1","Bundesministerium für Landwirtschaft, Ernährung und Heimat","2026-03-12..2026-03-20","185","","PASS_AUTOMATED_IDENTITY_GUARDS"
"govaction:dip:332326","332326","5","1","Bundesministerium für Verkehr","2026-03-03..2026-03-27","112","","PASS_AUTOMATED_IDENTITY_GUARDS"
"govaction:dip:325247","325247","4","1","Bundesministerium der Finanzen","2025-03-04..2026-03-20","159","","PASS_AUTOMATED_IDENTITY_GUARDS"
"govaction:dip:325229","325229","4","1","Bundesministerium der Finanzen","2025-02-25..2026-03-20","170","","PASS_AUTOMATED_IDENTITY_GUARDS"
"govaction:dip:324880","324880","4","1","Bundesministerium der Finanzen","2025-08-11..2026-03-20","132","","PASS_AUTOMATED_IDENTITY_GUARDS"
"govaction:dip:324195","324195","8","1","Bundesministerium der Finanzen","2025-07-21..2026-03-20","91","","PASS_AUTOMATED_IDENTITY_GUARDS"
"govaction:dip:322348","322348","4","1","Bundesministerium der Finanzen","2025-06-02..2026-03-20","202","","PASS_AUTOMATED_IDENTITY_GUARDS"
"govaction:dip:330468","330468","7","1","Bundesministerium der Justiz und für Verbraucherschutz","2026-01-23..2026-03-25","271","","PASS_AUTOMATED_IDENTITY_GUARDS"
"govaction:dip:329531","329531","7","1","Bundesministerium der Justiz und für Verbraucherschutz","2025-12-19..2026-03-25","130","","PASS_AUTOMATED_IDENTITY_GUARDS"
"govaction:dip:333150","333150","3","1","Bundesministerium des Innern","2026-03-20..2026-03-26","36","","PASS_AUTOMATED_IDENTITY_GUARDS"
"govaction:dip:328346","328346","13","1","Bundesministerium für Umwelt, Klimaschutz, Naturschutz und nukleare Sicherheit","2025-11-19..2026-03-26","86","","PASS_AUTOMATED_IDENTITY_GUARDS"
"govaction:dip:331108","331108","4","1","Bundesministerium für Arbeit und Soziales","2026-02-12..2026-03-27","74","","PASS_AUTOMATED_IDENTITY_GUARDS"
"govaction:dip:331106","331106","4","1","Bundesministerium für Arbeit und Soziales","2026-02-12..2026-03-27","144","","PASS_AUTOMATED_IDENTITY_GUARDS"
"govaction:dip:331097","331097","6","1","Bundesministerium für Bildung, Familie, Senioren, Frauen und Jugend","2026-01-29..2026-03-27","135","","PASS_AUTOMATED_IDENTITY_GUARDS"
"govaction:dip:330877","330877","6","1","Bundesministerium für Bildung, Familie, Senioren, Frauen und Jugend","2026-01-29..2026-03-27","97","","PASS_AUTOMATED_IDENTITY_GUARDS"
"govaction:dip:329691","329691","14","1","Bundesministerium für Umwelt, Klimaschutz, Naturschutz und nukleare Sicherheit","2025-12-19..2026-03-27","268","","PASS_AUTOMATED_IDENTITY_GUARDS"
"govaction:dip:329526","329526","16","1","Bundesministerium für Landwirtschaft, Ernährung und Heimat","2025-12-19..2026-03-27","89","","PASS_AUTOMATED_IDENTITY_GUARDS"
"govaction:dip:329524","329524","17","1","Bundesministerium für Arbeit und Soziales","2025-12-19..2026-03-27","87","","PASS_AUTOMATED_IDENTITY_GUARDS"
"govaction:dip:329516","329516","13","1","Bundesministerium für Umwelt, Klimaschutz, Naturschutz und nukleare Sicherheit","2025-12-19..2026-03-27","237","","PASS_AUTOMATED_IDENTITY_GUARDS"
"govaction:dip:329513","329513","13","1","Auswärtiges Amt","2025-12-19..2026-03-27","188","","PASS_AUTOMATED_IDENTITY_GUARDS"
"govaction:dip:329199","329199","6","1","Bundesministerium für Arbeit und Soziales","2025-12-09..2026-03-27","85","","PASS_AUTOMATED_IDENTITY_GUARDS"
"govaction:dip:328381","328381","5","1","Bundeskanzleramt","2025-11-18..2026-03-27","105","","PASS_AUTOMATED_IDENTITY_GUARDS"
"govaction:dip:327969","327969","13","1","Bundesministerium der Finanzen","2025-11-07..2026-03-27","642","","PASS_AUTOMATED_IDENTITY_GUARDS"
"govaction:dip:327968","327968","14","1","Bundesministerium der Justiz und für Verbraucherschutz","2025-11-07..2026-03-27","89","","PASS_AUTOMATED_IDENTITY_GUARDS"
"govaction:dip:327967","327967","13","1","Bundesministerium für Umwelt, Klimaschutz, Naturschutz und nukleare Sicherheit","2025-11-07..2026-03-27","51","","PASS_AUTOMATED_IDENTITY_GUARDS"
"govaction:dip:326751","326751","11","1","Bundesministerium der Verteidigung","2025-10-10..2026-03-27","212","","PASS_AUTOMATED_IDENTITY_GUARDS"
"govaction:dip:326717","326717","24","1","Bundesministerium für Gesundheit","2025-10-10..2026-03-27","85","","PASS_AUTOMATED_IDENTITY_GUARDS"
"govaction:dip:326712","326712","16","1","Bundesministerium für Wirtschaft und Energie","2025-10-10..2026-03-27","188","","PASS_AUTOMATED_IDENTITY_GUARDS"
"govaction:dip:326708","326708","13","1","Bundesministerium des Innern","2025-10-10..2026-03-27","56","","PASS_AUTOMATED_IDENTITY_GUARDS"
"govaction:dip:326702","326702","15","1","Bundesministerium für Bildung, Familie, Senioren, Frauen und Jugend","2025-10-10..2026-03-27","84","","PASS_AUTOMATED_IDENTITY_GUARDS"
"govaction:dip:325562","325562","18","1","Bundesministerium des Innern","2025-09-05..2026-03-27","172","","PASS_AUTOMATED_IDENTITY_GUARDS"
"govaction:dip:325560","325560","22","1","Bundesministerium des Innern","2025-09-05..2026-03-27","121","","PASS_AUTOMATED_IDENTITY_GUARDS"
"govaction:dip:324929","324929","14","1","Bundesministerium für Arbeit und Soziales|Bundesministerium für Wirtschaft und Energie","2025-08-15..2026-03-27","141","","PASS_AUTOMATED_IDENTITY_GUARDS"
"govaction:dip:333685","333685","2","1","","2026-03-30..2026-03-30","90","","PASS_AUTOMATED_IDENTITY_GUARDS"
"govaction:dip:333547","333547","3","1","Bundesministerium für Umwelt, Klimaschutz, Naturschutz und nukleare Sicherheit","2026-03-27..2026-04-01","44","","PASS_AUTOMATED_IDENTITY_GUARDS"
"govaction:dip:333017","333017","3","1","Bundesministerium für Digitales und Staatsmodernisierung","2026-03-19..2026-04-16","23","","PASS_AUTOMATED_IDENTITY_GUARDS"
"govaction:dip:333505","333505","3","1","Bundesministerium für Gesundheit","2026-03-25..2026-04-17","100","","PASS_AUTOMATED_IDENTITY_GUARDS"
"govaction:dip:333510","333510","5","1","Bundesministerium für Verkehr","2026-03-25..2026-05-21","133","","PASS_AUTOMATED_IDENTITY_GUARDS"
"govaction:dip:330696","330696","7","1","Bundesministerium für Wirtschaft und Energie","2026-01-28..2026-04-17","49","","PASS_AUTOMATED_IDENTITY_GUARDS"
"govaction:dip:329169","329169","4","1","Bundesministerium für Gesundheit","2025-12-03..2026-04-17","176","","PASS_AUTOMATED_IDENTITY_GUARDS"
"govaction:dip:325978","325978","7","1","Bundesministerium der Finanzen","2025-09-15..2026-04-17","159","","PASS_AUTOMATED_IDENTITY_GUARDS"
"govaction:dip:325500","325500","5","1","Bundesministerium für Familie, Senioren, Frauen und Jugend","2020-08-13..2026-04-17","156","","PASS_AUTOMATED_IDENTITY_GUARDS"
"govaction:dip:322428","322428","5","1","Bundesministerium für Gesundheit","2025-06-03..2026-04-17","182","","PASS_AUTOMATED_IDENTITY_GUARDS"
"govaction:dip:334047","334047","4","1","Bundesministerium für Wirtschaft und Energie","2026-04-14..2026-05-07","73","","PASS_AUTOMATED_IDENTITY_GUARDS"
"govaction:dip:334046","334046","4","1","Bundesministerium für Wirtschaft und Energie","2026-04-14..2026-05-07","72","","PASS_AUTOMATED_IDENTITY_GUARDS"
"govaction:dip:334043","334043","3","1","Bundesministerium für Arbeit und Soziales","2026-03-27..2026-05-07","111","","PASS_AUTOMATED_IDENTITY_GUARDS"
"govaction:dip:334038","334038","4","1","Bundesministerium für Wirtschaft und Energie","2026-04-14..2026-05-07","134","","PASS_AUTOMATED_IDENTITY_GUARDS"
"govaction:dip:331113","331113","8","1","Bundesministerium für Arbeit und Soziales","2026-02-13..2026-05-07","58","","PASS_AUTOMATED_IDENTITY_GUARDS"
"govaction:dip:334667","334667","5","1","","2026-04-30..2026-05-08","45","","PASS_AUTOMATED_IDENTITY_GUARDS"
"govaction:dip:333101","333101","4","1","Bundesministerium für Umwelt, Klimaschutz, Naturschutz und nukleare Sicherheit","2026-03-25..2026-05-08","145","","PASS_AUTOMATED_IDENTITY_GUARDS"
"govaction:dip:331788","331788","4","1","Bundesministerium für Arbeit und Soziales","2026-02-25..2026-05-08","235","","PASS_AUTOMATED_IDENTITY_GUARDS"
"govaction:dip:329545","329545","12","1","Bundesministerium der Finanzen","2025-12-19..2026-05-08","197","","PASS_AUTOMATED_IDENTITY_GUARDS"
"govaction:dip:329543","329543","16","1","Bundesministerium der Finanzen","2025-12-19..2026-05-08","97","","PASS_AUTOMATED_IDENTITY_GUARDS"
"govaction:dip:329528","329528","15","1","Bundesministerium für Digitales und Staatsmodernisierung","2025-12-19..2026-05-08","107","","PASS_AUTOMATED_IDENTITY_GUARDS"
"govaction:dip:329519","329519","14","1","Bundesministerium für Umwelt, Klimaschutz, Naturschutz und nukleare Sicherheit","2025-12-19..2026-05-08","69","","PASS_AUTOMATED_IDENTITY_GUARDS"
"govaction:dip:327989","327989","14","1","Bundesministerium für Wirtschaft und Energie","2025-11-07..2026-05-08","182","","PASS_AUTOMATED_IDENTITY_GUARDS"
"govaction:dip:327979","327979","18","1","Bundesministerium für Verkehr","2025-11-07..2026-05-08","107","","PASS_AUTOMATED_IDENTITY_GUARDS"
"govaction:dip:327975","327975","17","1","Bundesministerium für Digitales und Staatsmodernisierung","2025-11-07..2026-05-08","289","","PASS_AUTOMATED_IDENTITY_GUARDS"
"govaction:dip:327971","327971","14","1","Bundesministerium der Justiz und für Verbraucherschutz","2025-11-07..2026-05-08","59","","PASS_AUTOMATED_IDENTITY_GUARDS"
"govaction:dip:327965","327965","15","1","Bundesministerium für Verkehr","2025-11-07..2026-05-08","204","","PASS_AUTOMATED_IDENTITY_GUARDS"
"govaction:dip:327962","327962","13","1","Bundesministerium für Gesundheit","2025-11-07..2026-05-08","131","","PASS_AUTOMATED_IDENTITY_GUARDS"
"govaction:dip:326704","326704","13","1","Bundesministerium für Arbeit und Soziales","2025-10-10..2026-05-08","185","","PASS_AUTOMATED_IDENTITY_GUARDS"
"govaction:dip:325529","325529","17","1","Bundesministerium der Justiz und für Verbraucherschutz","2025-09-05..2026-05-08","137","","PASS_AUTOMATED_IDENTITY_GUARDS"
"govaction:dip:324928","324928","19","1","Bundesministerium für Wirtschaft und Energie","2025-08-15..2026-05-08","59","","PASS_AUTOMATED_IDENTITY_GUARDS"
"govaction:dip:330466","330466","19","1","Bundesministerium der Finanzen","2026-01-23..2026-05-11","112","","PASS_AUTOMATED_IDENTITY_GUARDS"
"govaction:dip:333129","333129","11","1","Bundesministerium für Wirtschaft und Energie","2026-03-27..2026-05-13","165","","PASS_AUTOMATED_IDENTITY_GUARDS"
"govaction:dip:325563","325563","22","1","Bundesministerium der Justiz und für Verbraucherschutz","2025-09-05..2026-05-13","114","","PASS_AUTOMATED_IDENTITY_GUARDS"
"govaction:dip:333137","333137","6","1","Bundesministerium der Justiz und für Verbraucherschutz","2026-03-27..2026-05-21","106","","PASS_AUTOMATED_IDENTITY_GUARDS"
"govaction:dip:332286","332286","5","1","Bundesministerium für Verkehr","2026-02-26..2026-05-21","146","","PASS_AUTOMATED_IDENTITY_GUARDS"
"govaction:dip:330796","330796","5","1","Bundesministerium für Verkehr","2026-01-29..2026-05-21","125","","PASS_AUTOMATED_IDENTITY_GUARDS"
"govaction:dip:334832","334832","3","1","Auswärtiges Amt","2026-05-06..2026-05-22","245","","PASS_AUTOMATED_IDENTITY_GUARDS"
"govaction:dip:334636","334636","4","1","Bundesministerium für Digitales und Staatsmodernisierung","2026-04-29..2026-05-22","100","","PASS_AUTOMATED_IDENTITY_GUARDS"
"govaction:dip:325510","325510","5","1","Bundesministerium für Familie, Senioren, Frauen und Jugend","2023-07-06..2026-05-22","63","","PASS_AUTOMATED_IDENTITY_GUARDS"
"govaction:dip:325501","325501","5","1","Bundesministerium für Familie, Senioren, Frauen und Jugend","2020-11-11..2026-05-22","235","","PASS_AUTOMATED_IDENTITY_GUARDS"
"govaction:dip:325218","325218","4","1","Bundesministerium für Familie, Senioren, Frauen und Jugend","2025-01-29..2026-05-22","109","","PASS_AUTOMATED_IDENTITY_GUARDS"
"govaction:dip:321621","321621","3","1","Auswärtiges Amt","2025-05-02..2026-05-22","208","","PASS_AUTOMATED_IDENTITY_GUARDS"
"govaction:dip:335677","335677","2","1","Bundesministerium für Wohnen, Stadtentwicklung und Bauwesen","2026-05-26..2026-05-26","91","","PASS_AUTOMATED_IDENTITY_GUARDS"
"govaction:dip:335873","335873","2","1","Auswärtiges Amt","2026-05-27..2026-05-27","93","","PASS_AUTOMATED_IDENTITY_GUARDS"
"govaction:dip:336027","336027","2","1","Bundesministerium des Innern","2026-06-04..2026-06-04","135","","PASS_AUTOMATED_IDENTITY_GUARDS"
"govaction:dip:336026","336026","3","1","Bundesministerium für Umwelt, Klimaschutz, Naturschutz und nukleare Sicherheit","2026-06-04..2026-06-04","146","","PASS_AUTOMATED_IDENTITY_GUARDS"
"govaction:dip:336539","336539","2","1","Auswärtiges Amt","2026-06-10..2026-06-10","87","","PASS_AUTOMATED_IDENTITY_GUARDS"
"govaction:dip:335953","335953","2","1","Bundesministerium für Digitales und Staatsmodernisierung","2026-06-10..2026-06-10","53","","PASS_AUTOMATED_IDENTITY_GUARDS"
"govaction:dip:333130","333130","8","1","Bundesministerium für Gesundheit","2026-03-27..2026-06-10","93","","PASS_AUTOMATED_IDENTITY_GUARDS"
"govaction:dip:335675","335675","4","1","Bundesministerium für Forschung, Technologie und Raumfahrt","2026-06-04..2026-06-11","43","","PASS_AUTOMATED_IDENTITY_GUARDS"
"govaction:dip:335484","335484","4","1","Bundesministerium für Gesundheit","2026-05-21..2026-06-11","147","","PASS_AUTOMATED_IDENTITY_GUARDS"
"govaction:dip:335223","335223","4","1","Bundesministerium für Umwelt, Klimaschutz, Naturschutz und nukleare Sicherheit","2026-05-21..2026-06-11","262","","PASS_AUTOMATED_IDENTITY_GUARDS"
"govaction:dip:328465","328465","6","1","Bundesministerium für Wirtschaft und Energie","2025-11-04..2026-06-11","119","","PASS_AUTOMATED_IDENTITY_GUARDS"
"govaction:dip:335485","335485","4","1","Bundesministerium der Finanzen","2026-05-21..2026-06-26","117","","PASS_AUTOMATED_IDENTITY_GUARDS"
"govaction:dip:334081","334081","6","1","","2026-04-22..2026-06-11","123","","PASS_AUTOMATED_IDENTITY_GUARDS"
"govaction:dip:334080","334080","6","1","","2026-04-22..2026-06-11","157","","PASS_AUTOMATED_IDENTITY_GUARDS"
"govaction:dip:333227","333227","5","1","Bundesministerium für Umwelt, Klimaschutz, Naturschutz und nukleare Sicherheit","2026-03-30..2026-06-11","185","","PASS_AUTOMATED_IDENTITY_GUARDS"
"govaction:dip:333140","333140","7","1","Bundesministerium der Justiz und für Verbraucherschutz","2026-03-27..2026-06-11","42","","PASS_AUTOMATED_IDENTITY_GUARDS"
"govaction:dip:334378","334378","4","1","Bundesministerium für Arbeit und Soziales","2026-04-30..2026-06-12","185","","PASS_AUTOMATED_IDENTITY_GUARDS"
"govaction:dip:333800","333800","6","1","Bundesministerium für Verkehr","2026-04-16..2026-06-12","92","","PASS_AUTOMATED_IDENTITY_GUARDS"
"govaction:dip:333599","333599","16","1","Bundesministerium der Finanzen","2026-04-09..2026-06-12","57","","PASS_AUTOMATED_IDENTITY_GUARDS"
"govaction:dip:333377","333377","6","1","Bundesministerium für Arbeit und Soziales","2026-04-01..2026-06-12","73","","PASS_AUTOMATED_IDENTITY_GUARDS"
"govaction:dip:333141","333141","7","1","Bundesministerium der Justiz und für Verbraucherschutz","2026-03-27..2026-06-12","132","","PASS_AUTOMATED_IDENTITY_GUARDS"
"govaction:dip:333131","333131","15","1","Bundesministerium der Justiz und für Verbraucherschutz","2026-03-27..2026-06-12","291","","PASS_AUTOMATED_IDENTITY_GUARDS"
"govaction:dip:331146","331146","12","1","Bundesministerium des Innern","2026-02-13..2026-06-12","143","","PASS_AUTOMATED_IDENTITY_GUARDS"
"govaction:dip:330469","330469","14","1","Bundesministerium für Wirtschaft und Energie","2026-01-23..2026-06-12","155","","PASS_AUTOMATED_IDENTITY_GUARDS"
"govaction:dip:329550","329550","14","1","Bundesministerium für Gesundheit","2025-12-19..2026-06-12","108","","PASS_AUTOMATED_IDENTITY_GUARDS"
"govaction:dip:329548","329548","14","1","Bundesministerium der Justiz und für Verbraucherschutz","2025-12-19..2026-06-12","105","","PASS_AUTOMATED_IDENTITY_GUARDS"
"govaction:dip:329522","329522","13","1","Bundesministerium der Justiz und für Verbraucherschutz|Bundesministerium für Landwirtschaft, Ernährung und Heimat|Bundesministerium für Verkehr","2025-12-19..2026-06-12","87","","PASS_AUTOMATED_IDENTITY_GUARDS"
"govaction:dip:327990","327990","14","1","Bundesministerium der Justiz und für Verbraucherschutz","2025-11-07..2026-06-12","170","","PASS_AUTOMATED_IDENTITY_GUARDS"
"govaction:dip:327966","327966","15","1","Bundesministerium des Innern","2025-11-07..2026-06-12","77","","PASS_AUTOMATED_IDENTITY_GUARDS"
"govaction:dip:334566","334566","7","1","Bundesministerium des Innern","2026-05-01..2026-06-15","165","","PASS_AUTOMATED_IDENTITY_GUARDS"
"govaction:dip:334568","334568","8","1","Bundesministerium für Wirtschaft und Energie","2026-05-01..2026-06-18","57","","PASS_AUTOMATED_IDENTITY_GUARDS"
"govaction:dip:336854","336854","2","1","Bundesministerium der Finanzen","2026-06-22..2026-06-22","132","","PASS_AUTOMATED_IDENTITY_GUARDS"
"govaction:dip:334698","334698","8","1","Bundesministerium der Justiz und für Verbraucherschutz|Bundesministerium für Bildung, Familie, Senioren, Frauen und Jugend","2026-05-07..2026-06-24","69","","PASS_AUTOMATED_IDENTITY_GUARDS"
"govaction:dip:334473","334473","8","1","Bundesministerium der Justiz und für Verbraucherschutz","2026-05-01..2026-06-24","247","","PASS_AUTOMATED_IDENTITY_GUARDS"
"govaction:dip:328027","328027","4","1","Bundeskanzleramt","2025-11-05..2026-06-24","63","","PASS_AUTOMATED_IDENTITY_GUARDS"
"govaction:dip:337206","337206","2","1","Auswärtiges Amt","2026-06-25..2026-06-25","109","","PASS_AUTOMATED_IDENTITY_GUARDS"
"govaction:dip:334610","334610","6","1","","2026-05-06..2026-06-25","120","","PASS_AUTOMATED_IDENTITY_GUARDS"
"govaction:dip:334565","334565","7","1","Bundesministerium der Finanzen","2026-05-01..2026-06-25","301","","PASS_AUTOMATED_IDENTITY_GUARDS"
"govaction:dip:334552","334552","6","1","Bundesministerium für Verkehr","2026-05-01..2026-06-25","47","","PASS_AUTOMATED_IDENTITY_GUARDS"
"govaction:dip:330470","330470","12","1","Bundesministerium für Umwelt, Klimaschutz, Naturschutz und nukleare Sicherheit","2026-01-23..2026-06-25","96","","PASS_AUTOMATED_IDENTITY_GUARDS"
"govaction:dip:322128","322128","8","1","Bundesministerium für Wirtschaft und Energie","2025-05-30..2026-06-25","141","","PASS_AUTOMATED_IDENTITY_GUARDS"
"govaction:dip:336636","336636","2","1","Bundesministerium des Innern","2026-06-26..2026-06-26","81","","PASS_AUTOMATED_IDENTITY_GUARDS"
"govaction:dip:335856","335856","4","1","Bundesministerium der Finanzen","2026-06-08..2026-06-26","139","","PASS_AUTOMATED_IDENTITY_GUARDS"
"govaction:dip:335721","335721","3","1","Bundesministerium der Finanzen","2026-05-29..2026-06-26","77","","PASS_AUTOMATED_IDENTITY_GUARDS"
"govaction:dip:335716","335716","4","1","Bundesministerium für Forschung, Technologie und Raumfahrt","2026-05-22..2026-06-26","108","","PASS_AUTOMATED_IDENTITY_GUARDS"
"govaction:dip:335719","335719","4","1","Bundesministerium der Finanzen","2026-05-21..2026-07-10","66","","PASS_AUTOMATED_IDENTITY_GUARDS"
"govaction:dip:335717","335717","4","1","Bundesministerium der Finanzen","2026-06-01..2026-07-10","202","","PASS_AUTOMATED_IDENTITY_GUARDS"
"govaction:dip:334861","334861","4","1","Bundesministerium für Bildung, Familie, Senioren, Frauen und Jugend","2026-05-07..2026-06-26","26","","PASS_AUTOMATED_IDENTITY_GUARDS"
"govaction:dip:334835","334835","4","1","Bundesministerium für Verkehr","2026-04-29..2026-06-26","53","","PASS_AUTOMATED_IDENTITY_GUARDS"
"govaction:dip:330879","330879","4","1","Bundesministerium für Wirtschaft und Energie","2026-01-30..2026-06-26","28","","PASS_AUTOMATED_IDENTITY_GUARDS"
"govaction:dip:337156","337156","2","1","Bundesministerium der Verteidigung","2026-06-30..2026-06-30","111","","PASS_AUTOMATED_IDENTITY_GUARDS"
"govaction:dip:337617","337617","2","1","Bundesministerium der Finanzen","2026-07-01..2026-07-01","92","","PASS_AUTOMATED_IDENTITY_GUARDS"
"govaction:dip:337155","337155","3","1","Bundesministerium für Wohnen, Stadtentwicklung und Bauwesen","2026-06-29..2026-07-01","49","","PASS_AUTOMATED_IDENTITY_GUARDS"
"govaction:dip:336830","336830","2","1","Bundesministerium der Verteidigung","2026-07-01..2026-07-01","143","","PASS_AUTOMATED_IDENTITY_GUARDS"
"govaction:dip:334564","334564","8","1","Bundesministerium für Landwirtschaft, Ernährung und Heimat","2026-05-01..2026-07-01","45","","PASS_AUTOMATED_IDENTITY_GUARDS"
"govaction:dip:337524","337524","2","1","Bundesministerium der Verteidigung","2026-07-06..2026-07-06","121","","PASS_AUTOMATED_IDENTITY_GUARDS"
"govaction:dip:334557","334557","7","1","Bundesministerium der Justiz und für Verbraucherschutz","2026-05-01..2026-07-08","75","","PASS_AUTOMATED_IDENTITY_GUARDS"
"govaction:dip:334493","334493","7","1","Bundesministerium des Innern","2026-05-01..2026-07-08","72","","PASS_AUTOMATED_IDENTITY_GUARDS"
"govaction:dip:337438","337438","2","1","Bundesministerium für Verkehr","2026-07-09..2026-07-09","120","","PASS_AUTOMATED_IDENTITY_GUARDS"
"govaction:dip:336982","336982","3","1","Beauftr. der Bundesregierung für Kultur und Medien","2026-06-17..2026-07-09","95","","PASS_AUTOMATED_IDENTITY_GUARDS"
"govaction:dip:336840","336840","3","1","Bundesministerium für Bildung, Familie, Senioren, Frauen und Jugend","2026-06-24..2026-07-09","74","","PASS_AUTOMATED_IDENTITY_GUARDS"
"govaction:dip:336796","336796","3","1","Bundesministerium für Wirtschaft und Energie","2026-07-01..2026-07-09","53","","PASS_AUTOMATED_IDENTITY_GUARDS"
"govaction:dip:336540","336540","3","1","Bundesministerium für Wirtschaft und Energie","2026-06-11..2026-07-09","38","","PASS_AUTOMATED_IDENTITY_GUARDS"
"govaction:dip:334569","334569","8","1","Bundesministerium der Finanzen","2026-05-01..2026-07-09","136","","PASS_AUTOMATED_IDENTITY_GUARDS"
"govaction:dip:334567","334567","6","1","Bundesministerium der Justiz und für Verbraucherschutz","2026-05-01..2026-07-09","51","","PASS_AUTOMATED_IDENTITY_GUARDS"
"govaction:dip:334563","334563","7","1","Bundesministerium für Landwirtschaft, Ernährung und Heimat","2026-05-01..2026-07-09","50","","PASS_AUTOMATED_IDENTITY_GUARDS"
"govaction:dip:334560","334560","8","1","Bundesministerium für Gesundheit","2026-05-01..2026-07-09","39","","PASS_AUTOMATED_IDENTITY_GUARDS"
"govaction:dip:334559","334559","7","1","Bundesministerium der Justiz und für Verbraucherschutz","2026-05-01..2026-07-09","63","","PASS_AUTOMATED_IDENTITY_GUARDS"
"govaction:dip:334558","334558","7","1","Bundesministerium des Innern","2026-05-01..2026-07-09","47","","PASS_AUTOMATED_IDENTITY_GUARDS"
"govaction:dip:334555","334555","10","1","Bundesministerium für Verkehr","2026-05-01..2026-07-09","70","","PASS_AUTOMATED_IDENTITY_GUARDS"
"govaction:dip:334554","334554","9","1","Bundesministerium der Justiz und für Verbraucherschutz","2026-05-01..2026-07-09","113","","PASS_AUTOMATED_IDENTITY_GUARDS"
"govaction:dip:333142","333142","9","1","Bundesministerium für Wirtschaft und Energie","2026-03-27..2026-07-09","136","","PASS_AUTOMATED_IDENTITY_GUARDS"
"govaction:dip:333139","333139","10","1","Bundesministerium der Justiz und für Verbraucherschutz","2026-03-27..2026-07-09","78","","PASS_AUTOMATED_IDENTITY_GUARDS"
"govaction:dip:333136","333136","9","1","Bundesministerium der Finanzen","2026-03-27..2026-07-09","53","","PASS_AUTOMATED_IDENTITY_GUARDS"
"govaction:dip:330471","330471","10","1","Bundesministerium für Umwelt, Klimaschutz, Naturschutz und nukleare Sicherheit","2026-01-23..2026-07-09","114","","PASS_AUTOMATED_IDENTITY_GUARDS"
"govaction:dip:337725","337725","2","1","Bundesministerium für Verkehr","2026-07-10..2026-07-10","199","","PASS_AUTOMATED_IDENTITY_GUARDS"
"govaction:dip:336643","336643","5","1","Bundesministerium für Wirtschaft und Energie","2026-06-25..2026-07-10","70","","PASS_AUTOMATED_IDENTITY_GUARDS"
"govaction:dip:335718","335718","4","1","Auswärtiges Amt","2026-06-03..2026-07-10","532","","PASS_AUTOMATED_IDENTITY_GUARDS"
"govaction:dip:335478","335478","9","1","Bundesministerium für Wohnen, Stadtentwicklung und Bauwesen","2026-05-29..2026-07-10","63","","PASS_AUTOMATED_IDENTITY_GUARDS"
"govaction:dip:335475","335475","5","1","Bundesministerium der Justiz und für Verbraucherschutz","2026-05-29..2026-07-10","78","","PASS_AUTOMATED_IDENTITY_GUARDS"
"govaction:dip:335466","335466","5","1","Beauftr. der Bundesregierung für Kultur und Medien","2026-05-29..2026-07-10","184","","PASS_AUTOMATED_IDENTITY_GUARDS"
"govaction:dip:335462","335462","7","1","Bundesministerium für Wirtschaft und Energie|Bundesministerium für Wohnen, Stadtentwicklung und Bauwesen","2026-05-29..2026-07-10","45","","PASS_AUTOMATED_IDENTITY_GUARDS"
"govaction:dip:335434","335434","4","1","Bundesministerium für wirtschaftliche Zusammenarbeit und Entwicklung","2026-05-28..2026-07-10","244","","PASS_AUTOMATED_IDENTITY_GUARDS"
"govaction:dip:335407","335407","4","1","Bundesministerium für Arbeit und Soziales","2026-05-28..2026-07-10","63","","PASS_AUTOMATED_IDENTITY_GUARDS"
"govaction:dip:335192","335192","4","1","Bundesministerium für Landwirtschaft, Ernährung und Heimat","2026-05-20..2026-07-10","88","","PASS_AUTOMATED_IDENTITY_GUARDS"
"govaction:dip:335154","335154","5","1","Bundesministerium der Finanzen","2026-05-20..2026-07-10","102","","PASS_AUTOMATED_IDENTITY_GUARDS"
"govaction:dip:334923","334923","22","1","Bundesministerium für Wirtschaft und Energie|Bundesministerium für Wohnen, Stadtentwicklung und Bauwesen","2026-05-15..2026-07-10","167","","PASS_AUTOMATED_IDENTITY_GUARDS"
"govaction:dip:334922","334922","19","1","Bundesministerium für Wirtschaft und Energie","2026-05-15..2026-07-10","151","","PASS_AUTOMATED_IDENTITY_GUARDS"
"govaction:dip:334561","334561","13","1","Bundesministerium der Finanzen","2026-05-01..2026-07-10","98","","PASS_AUTOMATED_IDENTITY_GUARDS"
"govaction:dip:334556","334556","14","1","Bundesministerium für Verkehr","2026-05-01..2026-07-10","57","","PASS_AUTOMATED_IDENTITY_GUARDS"
"govaction:dip:334469","334469","23","1","Bundesministerium für Gesundheit","2026-05-01..2026-07-10","123","","PASS_AUTOMATED_IDENTITY_GUARDS"
"govaction:dip:334167","334167","5","1","Bundesministerium der Finanzen|Bundesministerium für Wirtschaft und Energie","2026-04-23..2026-07-10","34","","PASS_AUTOMATED_IDENTITY_GUARDS"
"govaction:dip:333147","333147","12","1","Auswärtiges Amt","2026-03-27..2026-07-10","216","","PASS_AUTOMATED_IDENTITY_GUARDS"
"govaction:dip:333135","333135","11","1","Bundeskanzleramt","2026-03-27..2026-07-10","186","","PASS_AUTOMATED_IDENTITY_GUARDS"
"govaction:dip:333134","333134","13","1","Bundesministerium für Wirtschaft und Energie","2026-03-27..2026-07-10","257","","PASS_AUTOMATED_IDENTITY_GUARDS"
"govaction:dip:333133","333133","16","1","Bundesministerium der Justiz und für Verbraucherschutz","2026-03-27..2026-07-10","153","","PASS_AUTOMATED_IDENTITY_GUARDS"
"govaction:dip:331114","331114","17","1","Bundesministerium für Umwelt, Klimaschutz, Naturschutz und nukleare Sicherheit","2026-02-13..2026-07-10","100","","PASS_AUTOMATED_IDENTITY_GUARDS"
"govaction:dip:331110","331110","18","1","Bundesministerium für Digitales und Staatsmodernisierung","2026-02-13..2026-07-10","459","","PASS_AUTOMATED_IDENTITY_GUARDS"
"govaction:dip:329555","329555","21","1","Bundesministerium für Verkehr","2025-12-19..2026-07-10","28","","PASS_AUTOMATED_IDENTITY_GUARDS"
"govaction:dip:329481","329481","15","1","Bundesministerium der Justiz und für Verbraucherschutz|Bundesministerium des Innern","2025-12-19..2026-07-10","118","","PASS_AUTOMATED_IDENTITY_GUARDS"
"govaction:dip:329472","329472","15","1","Bundesministerium des Innern","2025-12-19..2026-07-10","147","","PASS_AUTOMATED_IDENTITY_GUARDS"
"govaction:dip:327973","327973","16","1","Bundesministerium für Wirtschaft und Energie","2025-11-07..2026-07-10","165","","PASS_AUTOMATED_IDENTITY_GUARDS"
"govaction:dip:326806","326806","11","1","Bundesministerium des Innern","2025-10-10..2026-07-10","51","","PASS_AUTOMATED_IDENTITY_GUARDS"
"govaction:dip:326691","326691","14","1","Bundesministerium für Gesundheit","2025-10-10..2026-07-10","102","","PASS_AUTOMATED_IDENTITY_GUARDS"
"govaction:dip:325544","325544","5","1","Bundesministerium für wirtschaftliche Zusammenarbeit und Entwicklung","2024-11-15..2026-07-10","65","","PASS_AUTOMATED_IDENTITY_GUARDS"
"govaction:dip:325476","325476","5","1","","2024-12-23..2026-07-10","138","","PASS_AUTOMATED_IDENTITY_GUARDS"
"govaction:dip:325470","325470","5","1","Bundesministerium der Finanzen","2024-08-07..2026-07-10","138","","PASS_AUTOMATED_IDENTITY_GUARDS"
"govaction:dip:325469","325469","5","1","Bundesministerium der Finanzen","2024-07-12..2026-07-10","137","","PASS_AUTOMATED_IDENTITY_GUARDS"
"govaction:dip:325250","325250","4","1","Bundesministerium der Justiz","2025-03-13..2026-07-10","151","","PASS_AUTOMATED_IDENTITY_GUARDS"
"govaction:dip:325186","325186","4","1","Bundesministerium des Innern und für Heimat","2023-05-26..2026-07-10","60","","PASS_AUTOMATED_IDENTITY_GUARDS"
"govaction:dip:325184","325184","4","1","Bundesministerium der Justiz","2022-12-15..2026-07-10","141","","PASS_AUTOMATED_IDENTITY_GUARDS"
"govaction:dip:337286","337286","2","1","Bundesministerium für Umwelt, Klimaschutz, Naturschutz und nukleare Sicherheit","2026-07-15..2026-07-15","127","","PASS_AUTOMATED_IDENTITY_GUARDS"
"govaction:dip:334474","334474","9","1","Bundesministerium der Justiz und für Verbraucherschutz","2026-05-01..2026-07-15","121","","PASS_AUTOMATED_IDENTITY_GUARDS"
"govaction:dip:337807","337807","3","1","Bundesministerium für Digitales und Staatsmodernisierung","2026-07-15..2026-07-16","72","","PASS_AUTOMATED_IDENTITY_GUARDS"
"govaction:dip:337296","337296","3","1","Bundesministerium der Finanzen","2026-07-15..2026-07-16","138","","PASS_AUTOMATED_IDENTITY_GUARDS"
"govaction:dip:335556","335556","5","1","Bundesministerium der Finanzen","2026-05-29..2026-07-16","203","","PASS_AUTOMATED_IDENTITY_GUARDS"
"govaction:dip:335555","335555","5","1","Bundesministerium der Finanzen","2026-05-29..2026-07-16","178","","PASS_AUTOMATED_IDENTITY_GUARDS"
"govaction:dip:335552","335552","5","1","Bundesministerium der Finanzen","2026-05-29..2026-07-16","207","","PASS_AUTOMATED_IDENTITY_GUARDS"
"govaction:dip:337724","337724","3","1","Bundesministerium für Wirtschaft und Energie","2026-07-15..2026-07-18","110","","PASS_AUTOMATED_IDENTITY_GUARDS"
"govaction:dip:337965","337965","2","1","Bundesministerium für Wirtschaft und Energie","2026-07-22..2026-07-22","50","","PASS_AUTOMATED_IDENTITY_GUARDS"
"govaction:dip:334562","334562","8","1","Bundesministerium des Innern","2026-05-01..2026-07-22","107","","PASS_AUTOMATED_IDENTITY_GUARDS"
"govaction:dip:337888","337888","2","1","Bundesministerium für Umwelt, Klimaschutz, Naturschutz und nukleare Sicherheit","2026-07-23..2026-07-23","192","","PASS_AUTOMATED_IDENTITY_GUARDS"
"govaction:dip:335476","335476","9","1","Bundesministerium des Innern","2026-05-29..2026-07-29","39","","PASS_AUTOMATED_IDENTITY_GUARDS"
"govaction:dip:335473","335473","7","1","Bundesministerium für Digitales und Staatsmodernisierung","2026-05-29..2026-07-29","200","","PASS_AUTOMATED_IDENTITY_GUARDS"
"govaction:dip:335472","335472","6","1","Bundesministerium für Landwirtschaft, Ernährung und Heimat","2026-05-29..2026-07-29","230","","PASS_AUTOMATED_IDENTITY_GUARDS"
"govaction:dip:335448","335448","6","1","Bundesministerium für Verkehr","2026-05-29..2026-07-29","56","","PASS_AUTOMATED_IDENTITY_GUARDS"
"govaction:dip:335444","335444","6","1","Bundesministerium für Verkehr","2026-05-29..2026-07-29","89","","PASS_AUTOMATED_IDENTITY_GUARDS"
"govaction:dip:334786","334786","5","1","Bundesministerium für Umwelt, Klimaschutz, Naturschutz und nukleare Sicherheit","2026-05-11..2026-07-30","116","","PASS_AUTOMATED_IDENTITY_GUARDS"
"govaction:dip:338328","338328","2","1","Bundesministerium für Umwelt, Klimaschutz, Naturschutz und nukleare Sicherheit","2026-08-12..2026-08-12","212","","PASS_AUTOMATED_IDENTITY_GUARDS"
"govaction:dip:335477","335477","8","1","Bundesministerium für Wirtschaft und Energie","2026-05-29..2026-08-12","40","","PASS_AUTOMATED_IDENTITY_GUARDS"
"govaction:dip:335474","335474","8","1","Bundesministerium der Justiz und für Verbraucherschutz","2026-05-29..2026-08-12","150","","PASS_AUTOMATED_IDENTITY_GUARDS"
"govaction:dip:335465","335465","6","1","Bundesministerium der Justiz und für Verbraucherschutz","2026-05-29..2026-08-12","116","","PASS_AUTOMATED_IDENTITY_GUARDS"
"govaction:dip:335464","335464","6","1","Bundesministerium der Justiz und für Verbraucherschutz","2026-05-29..2026-08-12","80","","PASS_AUTOMATED_IDENTITY_GUARDS"
"govaction:dip:335439","335439","6","1","Bundesministerium der Justiz und für Verbraucherschutz","2026-05-29..2026-08-12","166","","PASS_AUTOMATED_IDENTITY_GUARDS"
"govaction:dip:338373","338373","2","1","Bundesministerium für Wohnen, Stadtentwicklung und Bauwesen","2026-08-14..2026-08-14","81","","PASS_AUTOMATED_IDENTITY_GUARDS"
"govaction:dip:338372","338372","2","1","Bundesministerium für Wirtschaft und Energie","2026-08-14..2026-08-14","167","","PASS_AUTOMATED_IDENTITY_GUARDS"
"govaction:dip:338371","338371","2","1","Bundesministerium für Wirtschaft und Energie","2026-08-14..2026-08-14","173","","PASS_AUTOMATED_IDENTITY_GUARDS"
"govaction:dip:338370","338370","2","1","Bundesministerium für Wirtschaft und Energie","2026-08-14..2026-08-14","127","","PASS_AUTOMATED_IDENTITY_GUARDS"
"govaction:dip:338369","338369","2","1","Bundesministerium der Verteidigung","2026-08-14..2026-08-14","81","","PASS_AUTOMATED_IDENTITY_GUARDS"
"govaction:dip:338368","338368","2","1","Bundesministerium der Finanzen","2026-08-14..2026-08-14","58","","PASS_AUTOMATED_IDENTITY_GUARDS"
"govaction:dip:338367","338367","2","1","Bundesministerium der Finanzen","2026-08-14..2026-08-14","59","","PASS_AUTOMATED_IDENTITY_GUARDS"
"govaction:dip:338366","338366","2","1","Bundesministerium der Finanzen","2026-08-14..2026-08-14","43","","PASS_AUTOMATED_IDENTITY_GUARDS"
"govaction:dip:338365","338365","2","1","Bundesministerium für Bildung, Familie, Senioren, Frauen und Jugend","2026-08-14..2026-08-14","154","","PASS_AUTOMATED_IDENTITY_GUARDS"
"govaction:dip:338364","338364","2","1","Bundesministerium für Verkehr","2026-08-14..2026-08-14","191","","PASS_AUTOMATED_IDENTITY_GUARDS"
"govaction:dip:338363","338363","2","1","Bundesministerium für Verkehr","2026-08-14..2026-08-14","97","","PASS_AUTOMATED_IDENTITY_GUARDS"
"govaction:dip:338362","338362","2","1","Bundesministerium für Verkehr","2026-08-14..2026-08-14","69","","PASS_AUTOMATED_IDENTITY_GUARDS"
"govaction:dip:338361","338361","2","1","Bundesministerium für Wirtschaft und Energie","2026-08-14..2026-08-14","150","","PASS_AUTOMATED_IDENTITY_GUARDS"
"govaction:dip:338360","338360","2","1","Bundesministerium für Wirtschaft und Energie","2026-08-14..2026-08-14","158","","PASS_AUTOMATED_IDENTITY_GUARDS"
"govaction:dip:338359","338359","2","1","Bundesministerium für Verkehr","2026-08-14..2026-08-14","63","","PASS_AUTOMATED_IDENTITY_GUARDS"
"govaction:dip:338358","338358","2","1","Bundesministerium für Umwelt, Klimaschutz, Naturschutz und nukleare Sicherheit|Bundesministerium der Verteidigung","2026-08-14..2026-08-14","61","","PASS_AUTOMATED_IDENTITY_GUARDS"
"govaction:dip:338357","338357","2","1","Bundesministerium für Umwelt, Klimaschutz, Naturschutz und nukleare Sicherheit","2026-08-14..2026-08-14","82","","PASS_AUTOMATED_IDENTITY_GUARDS"
"govaction:dip:338356","338356","2","1","Bundesministerium für Umwelt, Klimaschutz, Naturschutz und nukleare Sicherheit","2026-08-14..2026-08-14","122","","PASS_AUTOMATED_IDENTITY_GUARDS"
"govaction:dip:338355","338355","2","1","Bundesministerium der Justiz und für Verbraucherschutz","2026-08-14..2026-08-14","204","","PASS_AUTOMATED_IDENTITY_GUARDS"
"govaction:dip:338354","338354","2","1","Bundesministerium der Justiz und für Verbraucherschutz","2026-08-14..2026-08-14","71","","PASS_AUTOMATED_IDENTITY_GUARDS"
"govaction:dip:338353","338353","2","1","Bundesministerium der Justiz und für Verbraucherschutz","2026-08-14..2026-08-14","175","","PASS_AUTOMATED_IDENTITY_GUARDS"
"govaction:dip:338352","338352","2","1","Bundesministerium für Forschung, Technologie und Raumfahrt","2026-08-14..2026-08-14","123","","PASS_AUTOMATED_IDENTITY_GUARDS"
"govaction:dip:338351","338351","2","1","Bundesministerium für Forschung, Technologie und Raumfahrt","2026-08-14..2026-08-14","87","","PASS_AUTOMATED_IDENTITY_GUARDS"
"govaction:dip:338350","338350","2","1","Bundesministerium für Forschung, Technologie und Raumfahrt","2026-08-14..2026-08-14","109","","PASS_AUTOMATED_IDENTITY_GUARDS"
"govaction:dip:338349","338349","2","1","Bundesministerium der Finanzen","2026-08-14..2026-08-14","39","","PASS_AUTOMATED_IDENTITY_GUARDS"
"govaction:dip:338348","338348","2","1","Bundesministerium der Finanzen","2026-08-14..2026-08-14","125","","PASS_AUTOMATED_IDENTITY_GUARDS"
"govaction:dip:338347","338347","2","1","Bundesministerium für Digitales und Staatsmodernisierung","2026-08-14..2026-08-14","183","","PASS_AUTOMATED_IDENTITY_GUARDS"
"govaction:dip:338346","338346","2","1","Bundesministerium für Bildung, Familie, Senioren, Frauen und Jugend","2026-08-14..2026-08-14","126","","PASS_AUTOMATED_IDENTITY_GUARDS"
"govaction:dip:338345","338345","2","1","Bundesministerium für Bildung, Familie, Senioren, Frauen und Jugend","2026-08-14..2026-08-14","71","","PASS_AUTOMATED_IDENTITY_GUARDS"
"govaction:dip:338344","338344","2","1","Bundesministerium für Landwirtschaft, Ernährung und Heimat","2026-08-14..2026-08-14","186","","PASS_AUTOMATED_IDENTITY_GUARDS"
"govaction:dip:338342","338342","2","1","Bundesministerium für Landwirtschaft, Ernährung und Heimat","2026-08-14..2026-08-14","131","","PASS_AUTOMATED_IDENTITY_GUARDS"
"govaction:dip:338341","338341","2","1","Bundesministerium des Innern","2026-08-14..2026-08-14","45","","PASS_AUTOMATED_IDENTITY_GUARDS"
"govaction:dip:338340","338340","2","1","Bundesministerium des Innern","2026-08-14..2026-08-14","111","","PASS_AUTOMATED_IDENTITY_GUARDS"
"govaction:dip:338338","338338","2","1","Bundesministerium für Gesundheit","2026-08-14..2026-08-14","60","","PASS_AUTOMATED_IDENTITY_GUARDS"
"govaction:dip:338336","338336","2","1","Bundesministerium des Innern","2026-08-14..2026-08-14","51","","PASS_AUTOMATED_IDENTITY_GUARDS"
"govaction:dip:338331","338331","2","1","Bundesministerium für Arbeit und Soziales","2026-08-14..2026-08-14","66","","PASS_AUTOMATED_IDENTITY_GUARDS"
"govaction:dip:338330","338330","2","1","","2026-08-14..2026-08-14","35","","PASS_AUTOMATED_IDENTITY_GUARDS"
"govaction:dip:338317","338317","3","1","Bundesministerium der Finanzen","2026-08-14..2026-08-14","113","","PASS_AUTOMATED_IDENTITY_GUARDS"
"govaction:bmwe-regression:gwb12","","1","1","BMWE","2026-06-05..2026-06-05","102","","PASS_AUTOMATED_IDENTITY_GUARDS"
"govaction:bmwe-regression:eeg2026","","2","2","BMWE","2026-07-18..2026-07-29","39","","PASS_AUTOMATED_IDENTITY_GUARDS"
"govaction:bmwe-regression:gmodg","","1","1","BMWE","2026-05-13..2026-05-13","28","","PASS_AUTOMATED_IDENTITY_GUARDS"
"govaction:bmwe-regression:eed2026","","2","2","BMWE","2026-05-04..2026-06-24","70","","PASS_AUTOMATED_IDENTITY_GUARDS"
