
> wirkungsoekonomie-reference@2026.1.0 build:artifact
> npm run questions:test && npm run check:publication-editions && node scripts/quality/build-public-artifact.mjs && node scripts/quality/normalize-public-content.mjs && node scripts/search/build-browser-search-index.mjs --artifact && node scripts/site/cachebust-css.mjs && node scripts/quality/check-wirkungswahl-kompass-artifact.mjs && node scripts/quality/check-site-links.mjs --artifact --strict && node scripts/quality/check-method-version-indexability.mjs --artifact && npm run polls:check-artifact && node scripts/site/check-contextual-questions-artifact.mjs


> wirkungsoekonomie-reference@2026.1.0 questions:test
> node --test tests/site/contextual-questions.test.mjs

✔ unknown pages receive no generic Planwirtschaft/Social Credit fallback (1.5675ms)
✔ page headings distinguish polls, articles, publications and glossary (0.18675ms)
✔ library recommendations do not depend on sections replaced by the full-library generator (0.127458ms)
✔ poll questions explain the actual configured visibility and optional private feedback (0.14525ms)
✔ admin, English, noindex and FAQ pages do not get extra questions (0.057ms)
✔ institute, book, academy and library get distinct verified destinations (0.1865ms)
✔ article selection uses the subject, not arbitrary full-body terms (0.223041ms)
✔ short topic names cannot match inside unrelated words (0.061291ms)
✔ page-authored questions precede glossary and topic links; duplicates and self-links removed (0.086541ms)
✔ explicit page configuration supports opt-out and rejects unsafe links (0.105ms)
✔ all editorial destinations exist, including fragment anchors (4.159834ms)
✔ old universal fallback and wrong fixed headline are removed (1.603708ms)
ℹ tests 12
ℹ suites 0
ℹ pass 12
ℹ fail 0
ℹ cancelled 0
ℹ skipped 0
ℹ todo 0
ℹ duration_ms 77.312667

> wirkungsoekonomie-reference@2026.1.0 check:publication-editions
> node scripts/quality/check-publication-editions.mjs

Dated PDFs: 8 editions, source contents and immutable release metadata consistent.
Normalized public artifact links/text in 6252 files.
Copied 117 referenced public support files.
Copied 6 Wirkungskompass snapshot files from manifest.
Copied 11 public runtime content data files.
Copied 1 legacy redirect files.
Created legacy compatibility redirect: /tools/ → /werkzeuge/
Normalized noindex,follow on 189 historical method page(s) in the public artifact.
Synchronized public sitemap: 0 noindex, 1 duplicate, 0 legacy route(s) removed; 0 current method route(s) added.
Normalized public artifact links/text in 14 files.
Pruned assets/audio/die-woek-akademie.mp3 (large public asset is served from GitHub Releases).
Pruned assets/audio/grundidee-wirkungsoekonomie.mp3 (large public asset is served from GitHub Releases).
Pruned assets/audio/von-daten-zum-steuersatz.mp3 (large public asset is served from GitHub Releases).
Pruned assets/audio/was-die-wirkungsoekonomie-unterscheidet.mp3 (large public asset is served from GitHub Releases).
Pruned assets/audio/wie-ich-zur-wirkungsoekonomie-gekommen-bin.mp3 (large public asset is served from GitHub Releases).
Pruned assets/audio/wirkung-politischer-sprache.mp3 (large public asset is served from GitHub Releases).
Pruned assets/audio/wirkungsoekonomie-kurz-erklaert.mp3 (large public asset is served from GitHub Releases).
Pruned assets/downloads/01_woek_sdgs_agenda2030_referenzrahmen_detailkonzept_v1_0 2.pdf (large public asset is served from GitHub Releases).
Pruned assets/downloads/01_woek_sdgs_agenda2030_referenzrahmen_detailkonzept_v1_0.pdf (large public asset is served from GitHub Releases).
Pruned assets/downloads/02_woek_sdgplus_erweiterung_detailkonzept_v1_0 2.pdf (large public asset is served from GitHub Releases).
Pruned assets/downloads/02_woek_sdgplus_erweiterung_detailkonzept_v1_0.pdf (large public asset is served from GitHub Releases).
Pruned assets/downloads/03_woek_sdg_unterziele_global_europa_deutschland_detailkonzept_v1_0 2.pdf (large public asset is served from GitHub Releases).
Pruned assets/downloads/03_woek_sdg_unterziele_global_europa_deutschland_detailkonzept_v1_0.pdf (large public asset is served from GitHub Releases).
Pruned assets/downloads/04_woek_sdg_geschichte_vorlaeufer_verhandlungsprozess_detailkonzept_v1_0 2.pdf (large public asset is served from GitHub Releases).
Pruned assets/downloads/04_woek_sdg_geschichte_vorlaeufer_verhandlungsprozess_detailkonzept_v1_0.pdf (large public asset is served from GitHub Releases).
Pruned assets/downloads/05_woek_sdgs_risikomanagement_finanzmarktanschluss_detailkonzept_v1_0 2.pdf (large public asset is served from GitHub Releases).
Pruned assets/downloads/05_woek_sdgs_risikomanagement_finanzmarktanschluss_detailkonzept_v1_0.pdf (large public asset is served from GitHub Releases).
Pruned assets/downloads/06_woek_wirtschaft_unternehmen_unternehmen_als_wirkungssysteme_detailkonzept_v1_0 2.pdf (large public asset is served from GitHub Releases).
Pruned assets/downloads/06_woek_wirtschaft_unternehmen_unternehmen_als_wirkungssysteme_detailkonzept_v1_0.pdf (large public asset is served from GitHub Releases).
Pruned assets/downloads/07_woek_wirtschaft_unternehmen_wirkungsorientierte_unternehmensfuehrung_detailkonzept_v1_0 2.pdf (large public asset is served from GitHub Releases).
Pruned assets/downloads/07_woek_wirtschaft_unternehmen_wirkungsorientierte_unternehmensfuehrung_detailkonzept_v1_0.pdf (large public asset is served from GitHub Releases).
Pruned assets/downloads/08_woek_wirtschaft_unternehmen_risikomanagement_resilienz_finanzmarkt_detailkonzept_v1_0 2.pdf (large public asset is served from GitHub Releases).
Pruned assets/downloads/08_woek_wirtschaft_unternehmen_risikomanagement_resilienz_finanzmarkt_detailkonzept_v1_0.pdf (large public asset is served from GitHub Releases).
Pruned assets/downloads/09_woek_wirtschaft_unternehmen_resiliente_wertschoepfungsketten_einkauf_detailkonzept_v1_0 2.pdf (large public asset is served from GitHub Releases).
Pruned assets/downloads/09_woek_wirtschaft_unternehmen_resiliente_wertschoepfungsketten_einkauf_detailkonzept_v1_0.pdf (large public asset is served from GitHub Releases).
Pruned assets/downloads/10_woek_wirtschaft_unternehmen_wirkungscontrolling_detailkonzept_v1_0 2.pdf (large public asset is served from GitHub Releases).
Pruned assets/downloads/10_woek_wirtschaft_unternehmen_wirkungscontrolling_detailkonzept_v1_0.pdf (large public asset is served from GitHub Releases).
Pruned assets/downloads/11_woek_wirtschaft_unternehmen_produktentwicklung_produktscorecards_dpp_detailkonzept_v1_0 2.pdf (large public asset is served from GitHub Releases).
Pruned assets/downloads/11_woek_wirtschaft_unternehmen_produktentwicklung_produktscorecards_dpp_detailkonzept_v1_0.pdf (large public asset is served from GitHub Releases).
Pruned assets/downloads/12_woek_wirtschaft_unternehmen_marketing_vertrieb_fuenftes_p_planet_detailkonzept_v1_0 2.pdf (large public asset is served from GitHub Releases).
Pruned assets/downloads/12_woek_wirtschaft_unternehmen_marketing_vertrieb_fuenftes_p_planet_detailkonzept_v1_0.pdf (large public asset is served from GitHub Releases).
Pruned assets/downloads/13_woek_wirtschaft_unternehmen_bilanz_finanzierung_finanzkommunikation_nach_wirkung_detailkonzept_v1_0 2.pdf (large public asset is served from GitHub Releases).
Pruned assets/downloads/13_woek_wirtschaft_unternehmen_bilanz_finanzierung_finanzkommunikation_nach_wirkung_detailkonzept_v1_0.pdf (large public asset is served from GitHub Releases).
Pruned assets/downloads/14_woek_wirtschaft_unternehmen_transformation_kmu_tauglichkeit_uebergangspfade_detailkonzept_v1_0 2.pdf (large public asset is served from GitHub Releases).
Pruned assets/downloads/14_woek_wirtschaft_unternehmen_transformation_kmu_tauglichkeit_uebergangspfade_detailkonzept_v1_0.pdf (large public asset is served from GitHub Releases).
Pruned assets/downloads/15_woek_produkte_konsum_produkte-als-wirkungstraeger-lebenszyklus_detailkonzept_v1_0 2.pdf (large public asset is served from GitHub Releases).
Pruned assets/downloads/15_woek_produkte_konsum_produkte-als-wirkungstraeger-lebenszyklus_detailkonzept_v1_0.pdf (large public asset is served from GitHub Releases).
Pruned assets/downloads/15_woek_produkte_konsum_produkte-als-wirkungstraeger-lebenszyklus_detailkonzept_v1_1.pdf (large public asset is served from GitHub Releases).
Pruned assets/downloads/16_woek_produkte_konsum_wirkungsumsatzsteuer-produktwirkungssteuer_detailkonzept_v1_0 2.pdf (large public asset is served from GitHub Releases).
Pruned assets/downloads/16_woek_produkte_konsum_wirkungsumsatzsteuer-produktwirkungssteuer_detailkonzept_v1_0.pdf (large public asset is served from GitHub Releases).
Pruned assets/downloads/16_woek_produkte_konsum_wirkungsumsatzsteuer-produktwirkungssteuer_detailkonzept_v1_1.pdf (large public asset is served from GitHub Releases).
Pruned assets/downloads/17_woek_produkte_konsum_produktscorecards-reverse-merit-order-digitale-produktpaesse_detailkonzept_v1_0 2.pdf (large public asset is served from GitHub Releases).
Pruned assets/downloads/17_woek_produkte_konsum_produktscorecards-reverse-merit-order-digitale-produktpaesse_detailkonzept_v1_0.pdf (large public asset is served from GitHub Releases).
Pruned assets/downloads/17_woek_produkte_konsum_produktscorecards-reverse-merit-order-digitale-produktpaesse_detailkonzept_v1_1.pdf (large public asset is served from GitHub Releases).
Pruned assets/downloads/18_woek_produkte_konsum_apfelbeispiel_produktwirkungsrechnung_detailkonzept_v1_0 2.pdf (large public asset is served from GitHub Releases).
Pruned assets/downloads/18_woek_produkte_konsum_apfelbeispiel_produktwirkungsrechnung_detailkonzept_v1_0.pdf (large public asset is served from GitHub Releases).
Pruned assets/downloads/18_woek_produkte_konsum_apfelbeispiel_produktwirkungsrechnung_detailkonzept_v1_1.pdf (large public asset is served from GitHub Releases).
Pruned assets/downloads/19_woek_produkte_konsum_lieferketten_importlogik_wirkungsvorsteuer_detailkonzept_v1_0 2.pdf (large public asset is served from GitHub Releases).
Pruned assets/downloads/19_woek_produkte_konsum_lieferketten_importlogik_wirkungsvorsteuer_detailkonzept_v1_0.pdf (large public asset is served from GitHub Releases).
Pruned assets/downloads/19_woek_produkte_konsum_lieferketten_importlogik_wirkungsvorsteuer_detailkonzept_v1_1.pdf (large public asset is served from GitHub Releases).
Pruned assets/downloads/20_woek_produkte_konsum_konzernbeispiel_csrd_produktscorecard_detailkonzept_v1_0 2.pdf (large public asset is served from GitHub Releases).
Pruned assets/downloads/20_woek_produkte_konsum_konzernbeispiel_csrd_produktscorecard_detailkonzept_v1_0.pdf (large public asset is served from GitHub Releases).
Pruned assets/downloads/20_woek_produkte_konsum_konzernbeispiel_csrd_produktscorecard_detailkonzept_v1_1.pdf (large public asset is served from GitHub Releases).
Pruned assets/downloads/21_woek_impact_controlling_woek_ids_indikatorenarchitektur_methodenpapier_v1_0 2.pdf (large public asset is served from GitHub Releases).
Pruned assets/downloads/21_woek_impact_controlling_woek_ids_indikatorenarchitektur_methodenpapier_v1_0.pdf (large public asset is served from GitHub Releases).
Pruned assets/downloads/22_woek_impact_controlling_scorecards_benchmarks_nwi_methodenpapier_v1_0 2.pdf (large public asset is served from GitHub Releases).
Pruned assets/downloads/22_woek_impact_controlling_scorecards_benchmarks_nwi_methodenpapier_v1_0.pdf (large public asset is served from GitHub Releases).
Pruned assets/downloads/23_woek_impact_controlling_t_sroi_transformationsmessung_methodenpapier_v1_0 2.pdf (large public asset is served from GitHub Releases).
Pruned assets/downloads/23_woek_impact_controlling_t_sroi_transformationsmessung_methodenpapier_v1_0.pdf (large public asset is served from GitHub Releases).
Pruned assets/downloads/23_woek_impact_controlling_t_sroi_transformationsmessung_methodenpapier_v1_1.pdf (large public asset is served from GitHub Releases).
Pruned assets/downloads/24_woek_staat_recht_demokratie_wirkung_als_rechtsprinzip_wstg_detailkonzept_v1_0 2.pdf (large public asset is served from GitHub Releases).
Pruned assets/downloads/24_woek_staat_recht_demokratie_wirkung_als_rechtsprinzip_wstg_detailkonzept_v1_0.pdf (large public asset is served from GitHub Releases).
Pruned assets/downloads/25_woek_staat_recht_demokratie_wirkungshaushalt_wirkungsfolgenabschaetzung_detailkonzept_v1_0 2.pdf (large public asset is served from GitHub Releases).
Pruned assets/downloads/25_woek_staat_recht_demokratie_wirkungshaushalt_wirkungsfolgenabschaetzung_detailkonzept_v1_0.pdf (large public asset is served from GitHub Releases).
Pruned assets/downloads/26_woek_staat_recht_demokratie_wirkungsrat_governance_rechtsschutz_detailkonzept_v1_0 2.pdf (large public asset is served from GitHub Releases).
Pruned assets/downloads/26_woek_staat_recht_demokratie_wirkungsrat_governance_rechtsschutz_detailkonzept_v1_0.pdf (large public asset is served from GitHub Releases).
Pruned assets/downloads/27_woek_staat_recht_demokratie_staat_als_wirkungsarchitektur_resilienzstaat_detailkonzept_v1_0 2.pdf (large public asset is served from GitHub Releases).
Pruned assets/downloads/27_woek_staat_recht_demokratie_staat_als_wirkungsarchitektur_resilienzstaat_detailkonzept_v1_0.pdf (large public asset is served from GitHub Releases).
Pruned assets/downloads/28_woek_staat_recht_demokratie_grundrechte_verhaeltnismaessigkeit_technokratieschutz_detailkonzept_v1_0 2.pdf (large public asset is served from GitHub Releases).
Pruned assets/downloads/28_woek_staat_recht_demokratie_grundrechte_verhaeltnismaessigkeit_technokratieschutz_detailkonzept_v1_0.pdf (large public asset is served from GitHub Releases).
Pruned assets/downloads/29_woek_staat_recht_demokratie_demokratie_rechtsstaat_sdgplus_wirkungsraum_detailkonzept_v1_0 2.pdf (large public asset is served from GitHub Releases).
Pruned assets/downloads/29_woek_staat_recht_demokratie_demokratie_rechtsstaat_sdgplus_wirkungsraum_detailkonzept_v1_0.pdf (large public asset is served from GitHub Releases).
Pruned assets/downloads/30_woek_finanzsystem_kapital_kapitalwirkung_statt_kapitalrendite_detailkonzept_v1_0 2.pdf (large public asset is served from GitHub Releases).
Pruned assets/downloads/30_woek_finanzsystem_kapital_kapitalwirkung_statt_kapitalrendite_detailkonzept_v1_0.pdf (large public asset is served from GitHub Releases).
Pruned assets/downloads/31_woek_finanzsystem_kapital_wirkungsfonds_dacharchitektur_detailkonzept_v1_0 2.pdf (large public asset is served from GitHub Releases).
Pruned assets/downloads/31_woek_finanzsystem_kapital_wirkungsfonds_dacharchitektur_detailkonzept_v1_0.pdf (large public asset is served from GitHub Releases).
Pruned assets/downloads/32_woek_finanzsystem_kapital_portfolio_banken_versicherungen_kapitalzugang_detailkonzept_v1_0 2.pdf (large public asset is served from GitHub Releases).
Pruned assets/downloads/32_woek_finanzsystem_kapital_portfolio_banken_versicherungen_kapitalzugang_detailkonzept_v1_0.pdf (large public asset is served from GitHub Releases).
Pruned assets/downloads/33_woek_finanzsystem_kapital_esg_ratings_boersen_impact_exchange_detailkonzept_v1_0 2.pdf (large public asset is served from GitHub Releases).
Pruned assets/downloads/33_woek_finanzsystem_kapital_esg_ratings_boersen_impact_exchange_detailkonzept_v1_0.pdf (large public asset is served from GitHub Releases).
Pruned assets/downloads/34_woek_finanzsystem_kapital_buergerinnenfonds_wirkungsrente_kapitalteilhabe_detailkonzept_v1_0 2.pdf (large public asset is served from GitHub Releases).
Pruned assets/downloads/34_woek_finanzsystem_kapital_buergerinnenfonds_wirkungsrente_kapitalteilhabe_detailkonzept_v1_0.pdf (large public asset is served from GitHub Releases).
Pruned assets/downloads/35_woek_finanzsystem_kapital_steuer_abgabenarchitektur_kapital_detailkonzept_v1_0 2.pdf (large public asset is served from GitHub Releases).
Pruned assets/downloads/35_woek_finanzsystem_kapital_steuer_abgabenarchitektur_kapital_detailkonzept_v1_0.pdf (large public asset is served from GitHub Releases).
Pruned assets/downloads/arbeitspapier_folgencheck_wirkungspolitische_sprache_v0_1.pdf (large public asset is served from GitHub Releases).
Pruned assets/downloads/exports/sdg-sdgplus/woek_sdg_sdgplus_referenzrahmen_vertiefungskonzept_lesefassung_v0_3.pdf (large public asset is served from GitHub Releases).
Pruned assets/downloads/grundlagen/woemm-2.0-referenzfassung.pdf (large public asset is served from GitHub Releases).
Pruned assets/downloads/grundlagen/woems-2.0-referenzfassung.pdf (large public asset is served from GitHub Releases).
Pruned assets/downloads/impact-controlling-einfach-erklaert.pdf (large public asset is served from GitHub Releases).
Pruned assets/downloads/kommunaler_wirkungsindex_kwi_diskussionspapier_1_0.pdf (large public asset is served from GitHub Releases).
Pruned assets/downloads/rang-15-migration-vielfalt/00_Bestands-und-Nachlieferliste_Rang15.pdf (large public asset is served from GitHub Releases).
Pruned assets/downloads/rang-15-migration-vielfalt/01_Portalstartseite_Migration-und-Vielfalt.pdf (large public asset is served from GitHub Releases).
Pruned assets/downloads/rang-15-migration-vielfalt/02_Konzeptpapier_Migration-und-Vielfalt.pdf (large public asset is served from GitHub Releases).
Pruned assets/downloads/rang-15-migration-vielfalt/03_Gesamtdossier_Migration-und-Vielfalt.pdf (large public asset is served from GitHub Releases).
Pruned assets/downloads/rang-15-migration-vielfalt/04_Detailkonzept_Migration-als-Wirkungsfeld.pdf (large public asset is served from GitHub Releases).
Pruned assets/downloads/rang-15-migration-vielfalt/05_Detailkonzept_Integration-als-Infrastruktur.pdf (large public asset is served from GitHub Releases).
Pruned assets/downloads/rang-15-migration-vielfalt/06_Detailkonzept_Vielfalt-als-Resilienzfaktor.pdf (large public asset is served from GitHub Releases).
Pruned assets/downloads/rang-15-migration-vielfalt/07_Detailkonzept_Zugehoerigkeit-und-Teilgabe.pdf (large public asset is served from GitHub Releases).
Pruned assets/downloads/rang-15-migration-vielfalt/08_Detailkonzept_Arbeitsmarkt-Fachkraefte-Demografie.pdf (large public asset is served from GitHub Releases).
Pruned assets/downloads/rang-15-migration-vielfalt/09_Detailkonzept_Bildung-Sprache-Wirkungskompetenz.pdf (large public asset is served from GitHub Releases).
Pruned assets/downloads/rang-15-migration-vielfalt/10_Detailkonzept_Wohnen-Quartiere-Sozialraeume.pdf (large public asset is served from GitHub Releases).
Pruned assets/downloads/rang-15-migration-vielfalt/11_Detailkonzept_Gesundheit-Trauma-Stabilitaet.pdf (large public asset is served from GitHub Releases).
Pruned assets/downloads/rang-15-migration-vielfalt/12_Detailkonzept_Diskurs-Medien-Polarisierung.pdf (large public asset is served from GitHub Releases).
Pruned assets/downloads/rang-15-migration-vielfalt/13_Detailkonzept_Kommunale-Integrationsarchitektur.pdf (large public asset is served from GitHub Releases).
Pruned assets/downloads/rang-15-migration-vielfalt/14_Wirkungsindikatoren_Migration-und-Vielfalt.pdf (large public asset is served from GitHub Releases).
Pruned assets/downloads/rang-15-migration-vielfalt/15_Toolkarten_Migration-und-Vielfalt.pdf (large public asset is served from GitHub Releases).
Pruned assets/downloads/rang-15-migration-vielfalt/16_Politische-Anschlussfaehigkeit_Migration-und-Vielfalt.pdf (large public asset is served from GitHub Releases).
Pruned assets/downloads/rang-15-migration-vielfalt/17_SDG-SDGplus-Block_Migration-und-Vielfalt.pdf (large public asset is served from GitHub Releases).
Pruned assets/downloads/rang-15-migration-vielfalt/18_Quellen-und-Glossarlinks_Migration-und-Vielfalt.pdf (large public asset is served from GitHub Releases).
Pruned assets/downloads/rang-15-migration-vielfalt/README_Rang15_Migration-und-Vielfalt.pdf (large public asset is served from GitHub Releases).
Pruned assets/downloads/rang-15-migration-vielfalt/WOeK_Rang15_Gesamtpaket_Migration-und-Vielfalt.pdf (large public asset is served from GitHub Releases).
Pruned assets/downloads/rang-16-sicherheit-resilienz/00_portalstartseite.pdf (large public asset is served from GitHub Releases).
Pruned assets/downloads/rang-16-sicherheit-resilienz/01_bestands_und_nachlieferliste.pdf (large public asset is served from GitHub Releases).
Pruned assets/downloads/rang-16-sicherheit-resilienz/01_detail_sicherheit_als_wirkungsfrage.pdf (large public asset is served from GitHub Releases).
Pruned assets/downloads/rang-16-sicherheit-resilienz/02_detail_resilienzstaat_kritische_funktionen.pdf (large public asset is served from GitHub Releases).
Pruned assets/downloads/rang-16-sicherheit-resilienz/02_konzeptpapier.pdf (large public asset is served from GitHub Releases).
Pruned assets/downloads/rang-16-sicherheit-resilienz/03_detail_kritische_infrastruktur_demokratische_infrastruktur.pdf (large public asset is served from GitHub Releases).
Pruned assets/downloads/rang-16-sicherheit-resilienz/03_gesamtdossier.pdf (large public asset is served from GitHub Releases).
Pruned assets/downloads/rang-16-sicherheit-resilienz/04_detail_cyberresilienz_digitale_verwundbarkeit.pdf (large public asset is served from GitHub Releases).
Pruned assets/downloads/rang-16-sicherheit-resilienz/05_detail_hybride_risiken_demokratieverteidigung.pdf (large public asset is served from GitHub Releases).
Pruned assets/downloads/rang-16-sicherheit-resilienz/06_detail_katastrophenschutz_bevoelkerungsvorsorge.pdf (large public asset is served from GitHub Releases).
Pruned assets/downloads/rang-16-sicherheit-resilienz/07_detail_energie_wasser_ernaehrung_gesundheit.pdf (large public asset is served from GitHub Releases).
Pruned assets/downloads/rang-16-sicherheit-resilienz/08_detail_lieferketten_rohstoffe_finanzresilienz.pdf (large public asset is served from GitHub Releases).
Pruned assets/downloads/rang-16-sicherheit-resilienz/09_detail_kommunale_resilienz_sozialraeume.pdf (large public asset is served from GitHub Releases).
Pruned assets/downloads/rang-16-sicherheit-resilienz/10_detail_dienstjahr_fuer_wirkung.pdf (large public asset is served from GitHub Releases).
Pruned assets/downloads/rang-16-sicherheit-resilienz/11_detail_aussenpolitik_globale_resilienz.pdf (large public asset is served from GitHub Releases).
Pruned assets/downloads/rang-16-sicherheit-resilienz/12_detail_wirkungsindikatoren_resilienz.pdf (large public asset is served from GitHub Releases).
Pruned assets/downloads/rang-16-sicherheit-resilienz/16_sdg_sdgplus_block.pdf (large public asset is served from GitHub Releases).
Pruned assets/downloads/rang-16-sicherheit-resilienz/17_politische_anschlussfaehigkeit.pdf (large public asset is served from GitHub Releases).
Pruned assets/downloads/rang-16-sicherheit-resilienz/18_toolkarten.pdf (large public asset is served from GitHub Releases).
Pruned assets/downloads/rang-16-sicherheit-resilienz/19_quellen_und_glossarlinks.pdf (large public asset is served from GitHub Releases).
Pruned assets/downloads/rang-16-sicherheit-resilienz/20_downloadstruktur.pdf (large public asset is served from GitHub Releases).
Pruned assets/downloads/rang-16-sicherheit-resilienz/WOeK_Rang16_Gesamtpaket_Alle_Inhalte_v1.0.pdf (large public asset is served from GitHub Releases).
Pruned assets/downloads/rang-17-digitalisierung-ki/00_portalstartseite 2.pdf (large public asset is served from GitHub Releases).
Pruned assets/downloads/rang-17-digitalisierung-ki/00_portalstartseite.pdf (large public asset is served from GitHub Releases).
Pruned assets/downloads/rang-17-digitalisierung-ki/01_konzeptpapier 2.pdf (large public asset is served from GitHub Releases).
Pruned assets/downloads/rang-17-digitalisierung-ki/01_konzeptpapier.pdf (large public asset is served from GitHub Releases).
Pruned assets/downloads/rang-17-digitalisierung-ki/02_gesamtdossier 2.pdf (large public asset is served from GitHub Releases).
Pruned assets/downloads/rang-17-digitalisierung-ki/02_gesamtdossier.pdf (large public asset is served from GitHub Releases).
Pruned assets/downloads/rang-17-digitalisierung-ki/03_detail_digitale_produktpaesse 2.pdf (large public asset is served from GitHub Releases).
Pruned assets/downloads/rang-17-digitalisierung-ki/03_detail_digitale_produktpaesse.pdf (large public asset is served from GitHub Releases).
Pruned assets/downloads/rang-17-digitalisierung-ki/04_detail_wirkungsdatenraeume 2.pdf (large public asset is served from GitHub Releases).
Pruned assets/downloads/rang-17-digitalisierung-ki/04_detail_wirkungsdatenraeume.pdf (large public asset is served from GitHub Releases).
Pruned assets/downloads/rang-17-digitalisierung-ki/05_detail_ki_governance 2.pdf (large public asset is served from GitHub Releases).
Pruned assets/downloads/rang-17-digitalisierung-ki/05_detail_ki_governance.pdf (large public asset is served from GitHub Releases).
Pruned assets/downloads/rang-17-digitalisierung-ki/06_detail_algorithmische_fairness 2.pdf (large public asset is served from GitHub Releases).
Pruned assets/downloads/rang-17-digitalisierung-ki/06_detail_algorithmische_fairness.pdf (large public asset is served from GitHub Releases).
Pruned assets/downloads/rang-17-digitalisierung-ki/07_detail_digitale_souveraenitaet 2.pdf (large public asset is served from GitHub Releases).
Pruned assets/downloads/rang-17-digitalisierung-ki/07_detail_digitale_souveraenitaet.pdf (large public asset is served from GitHub Releases).
Pruned assets/downloads/rang-17-digitalisierung-ki/08_detail_cyberresilienz 2.pdf (large public asset is served from GitHub Releases).
Pruned assets/downloads/rang-17-digitalisierung-ki/08_detail_cyberresilienz.pdf (large public asset is served from GitHub Releases).
Pruned assets/downloads/rang-17-digitalisierung-ki/09_detail_plattformlogik 2.pdf (large public asset is served from GitHub Releases).
Pruned assets/downloads/rang-17-digitalisierung-ki/09_detail_plattformlogik.pdf (large public asset is served from GitHub Releases).
Pruned assets/downloads/rang-17-digitalisierung-ki/10_detail_wirkungsscanner 2.pdf (large public asset is served from GitHub Releases).
Pruned assets/downloads/rang-17-digitalisierung-ki/10_detail_wirkungsscanner.pdf (large public asset is served from GitHub Releases).
Pruned assets/downloads/rang-17-digitalisierung-ki/11_detail_interoperabilitaet_register 2.pdf (large public asset is served from GitHub Releases).
Pruned assets/downloads/rang-17-digitalisierung-ki/11_detail_interoperabilitaet_register.pdf (large public asset is served from GitHub Releases).
Pruned assets/downloads/rang-17-digitalisierung-ki/12_detail_audit_assurance_datenqualitaet 2.pdf (large public asset is served from GitHub Releases).
Pruned assets/downloads/rang-17-digitalisierung-ki/12_detail_audit_assurance_datenqualitaet.pdf (large public asset is served from GitHub Releases).
Pruned assets/downloads/rang-17-digitalisierung-ki/13_wirkungsindikatoren 2.pdf (large public asset is served from GitHub Releases).
Pruned assets/downloads/rang-17-digitalisierung-ki/13_wirkungsindikatoren.pdf (large public asset is served from GitHub Releases).
Pruned assets/downloads/rang-17-digitalisierung-ki/14_toolkarten 2.pdf (large public asset is served from GitHub Releases).
Pruned assets/downloads/rang-17-digitalisierung-ki/14_toolkarten.pdf (large public asset is served from GitHub Releases).
Pruned assets/downloads/rang-17-digitalisierung-ki/15_sdg_sdgplus_block 2.pdf (large public asset is served from GitHub Releases).
Pruned assets/downloads/rang-17-digitalisierung-ki/15_sdg_sdgplus_block.pdf (large public asset is served from GitHub Releases).
Pruned assets/downloads/rang-17-digitalisierung-ki/16_politische_anschlussfaehigkeit 2.pdf (large public asset is served from GitHub Releases).
Pruned assets/downloads/rang-17-digitalisierung-ki/16_politische_anschlussfaehigkeit.pdf (large public asset is served from GitHub Releases).
Pruned assets/downloads/rang-17-digitalisierung-ki/17_quellen_glossarlinks 2.pdf (large public asset is served from GitHub Releases).
Pruned assets/downloads/rang-17-digitalisierung-ki/17_quellen_glossarlinks.pdf (large public asset is served from GitHub Releases).
Pruned assets/downloads/rang-17-digitalisierung-ki/WOeK_Rang17_Gesamtpaket_Alle_Inhalte_v1.0 2.pdf (large public asset is served from GitHub Releases).
Pruned assets/downloads/rang-17-digitalisierung-ki/WOeK_Rang17_Gesamtpaket_Alle_Inhalte_v1.0.pdf (large public asset is served from GitHub Releases).
Pruned assets/downloads/rang-18-wissen-wissenschaft-forschung/00_portalstartseite 2.pdf (large public asset is served from GitHub Releases).
Pruned assets/downloads/rang-18-wissen-wissenschaft-forschung/00_portalstartseite.pdf (large public asset is served from GitHub Releases).
Pruned assets/downloads/rang-18-wissen-wissenschaft-forschung/01_konzeptpapier 2.pdf (large public asset is served from GitHub Releases).
Pruned assets/downloads/rang-18-wissen-wissenschaft-forschung/01_konzeptpapier.pdf (large public asset is served from GitHub Releases).
Pruned assets/downloads/rang-18-wissen-wissenschaft-forschung/02_gesamtdossier 2.pdf (large public asset is served from GitHub Releases).
Pruned assets/downloads/rang-18-wissen-wissenschaft-forschung/02_gesamtdossier.pdf (large public asset is served from GitHub Releases).
Pruned assets/downloads/rang-18-wissen-wissenschaft-forschung/03_detail_wissenschaft_als_wirklichkeitspruefung 2.pdf (large public asset is served from GitHub Releases).
Pruned assets/downloads/rang-18-wissen-wissenschaft-forschung/03_detail_wissenschaft_als_wirklichkeitspruefung.pdf (large public asset is served from GitHub Releases).
Pruned assets/downloads/rang-18-wissen-wissenschaft-forschung/04_detail_wissensrat_integritaet 2.pdf (large public asset is served from GitHub Releases).
Pruned assets/downloads/rang-18-wissen-wissenschaft-forschung/04_detail_wissensrat_integritaet.pdf (large public asset is served from GitHub Releases).
Pruned assets/downloads/rang-18-wissen-wissenschaft-forschung/05_detail_open_science_wissensinfrastruktur 2.pdf (large public asset is served from GitHub Releases).
Pruned assets/downloads/rang-18-wissen-wissenschaft-forschung/05_detail_open_science_wissensinfrastruktur.pdf (large public asset is served from GitHub Releases).
Pruned assets/downloads/rang-18-wissen-wissenschaft-forschung/06_detail_forschungsbewertung_wirkungsindikatoren 2.pdf (large public asset is served from GitHub Releases).
Pruned assets/downloads/rang-18-wissen-wissenschaft-forschung/06_detail_forschungsbewertung_wirkungsindikatoren.pdf (large public asset is served from GitHub Releases).
Pruned assets/downloads/rang-18-wissen-wissenschaft-forschung/07_detail_mission_oriented_research_wirkungsinnovation 2.pdf (large public asset is served from GitHub Releases).
Pruned assets/downloads/rang-18-wissen-wissenschaft-forschung/07_detail_mission_oriented_research_wirkungsinnovation.pdf (large public asset is served from GitHub Releases).
Pruned assets/downloads/rang-18-wissen-wissenschaft-forschung/08_detail_transdisziplinaritaet_citizen_science 2.pdf (large public asset is served from GitHub Releases).
Pruned assets/downloads/rang-18-wissen-wissenschaft-forschung/08_detail_transdisziplinaritaet_citizen_science.pdf (large public asset is served from GitHub Releases).
Pruned assets/downloads/rang-18-wissen-wissenschaft-forschung/09_detail_science_for_policy_statistik 2.pdf (large public asset is served from GitHub Releases).
Pruned assets/downloads/rang-18-wissen-wissenschaft-forschung/09_detail_science_for_policy_statistik.pdf (large public asset is served from GitHub Releases).
Pruned assets/downloads/rang-18-wissen-wissenschaft-forschung/10_detail_forschungsdaten_replikation_qualitaet 2.pdf (large public asset is served from GitHub Releases).
Pruned assets/downloads/rang-18-wissen-wissenschaft-forschung/10_detail_forschungsdaten_replikation_qualitaet.pdf (large public asset is served from GitHub Releases).
Pruned assets/downloads/rang-18-wissen-wissenschaft-forschung/11_detail_rechtsprechung_sachverstaendige_wirkungsrecht 2.pdf (large public asset is served from GitHub Releases).
Pruned assets/downloads/rang-18-wissen-wissenschaft-forschung/11_detail_rechtsprechung_sachverstaendige_wirkungsrecht.pdf (large public asset is served from GitHub Releases).
Pruned assets/downloads/rang-18-wissen-wissenschaft-forschung/12_detail_wirkungskompetenz_akademie 2.pdf (large public asset is served from GitHub Releases).
Pruned assets/downloads/rang-18-wissen-wissenschaft-forschung/12_detail_wirkungskompetenz_akademie.pdf (large public asset is served from GitHub Releases).
Pruned assets/downloads/rang-18-wissen-wissenschaft-forschung/13_wirkungsindikatoren 2.pdf (large public asset is served from GitHub Releases).
Pruned assets/downloads/rang-18-wissen-wissenschaft-forschung/13_wirkungsindikatoren.pdf (large public asset is served from GitHub Releases).
Pruned assets/downloads/rang-18-wissen-wissenschaft-forschung/14_toolkarten 2.pdf (large public asset is served from GitHub Releases).
Pruned assets/downloads/rang-18-wissen-wissenschaft-forschung/14_toolkarten.pdf (large public asset is served from GitHub Releases).
Pruned assets/downloads/rang-18-wissen-wissenschaft-forschung/15_sdg_sdgplus_block 2.pdf (large public asset is served from GitHub Releases).
Pruned assets/downloads/rang-18-wissen-wissenschaft-forschung/15_sdg_sdgplus_block.pdf (large public asset is served from GitHub Releases).
Pruned assets/downloads/rang-18-wissen-wissenschaft-forschung/16_politische_anschlussfaehigkeit 2.pdf (large public asset is served from GitHub Releases).
Pruned assets/downloads/rang-18-wissen-wissenschaft-forschung/16_politische_anschlussfaehigkeit.pdf (large public asset is served from GitHub Releases).
Pruned assets/downloads/rang-18-wissen-wissenschaft-forschung/17_quellen_glossarlinks 2.pdf (large public asset is served from GitHub Releases).
Pruned assets/downloads/rang-18-wissen-wissenschaft-forschung/17_quellen_glossarlinks.pdf (large public asset is served from GitHub Releases).
Pruned assets/downloads/rang-18-wissen-wissenschaft-forschung/WOeK_Rang18_Gesamtpaket_Alle_Inhalte_v1.0 2.pdf (large public asset is served from GitHub Releases).
Pruned assets/downloads/rang-18-wissen-wissenschaft-forschung/WOeK_Rang18_Gesamtpaket_Alle_Inhalte_v1.0.pdf (large public asset is served from GitHub Releases).
Pruned assets/downloads/rang-19-internationale-ordnung/00_portalstartseite 2.pdf (large public asset is served from GitHub Releases).
Pruned assets/downloads/rang-19-internationale-ordnung/00_portalstartseite.pdf (large public asset is served from GitHub Releases).
Pruned assets/downloads/rang-19-internationale-ordnung/01_konzeptpapier.pdf (large public asset is served from GitHub Releases).
Pruned assets/downloads/rang-19-internationale-ordnung/02_gesamtdossier.pdf (large public asset is served from GitHub Releases).
Pruned assets/downloads/rang-19-internationale-ordnung/03_detail_europa_als_wirkungsraum.pdf (large public asset is served from GitHub Releases).
Pruned assets/downloads/rang-19-internationale-ordnung/04_detail_wirkungsbasierter_handel_lieferketten.pdf (large public asset is served from GitHub Releases).
Pruned assets/downloads/rang-19-internationale-ordnung/05_detail_cbam_grenzausgleich_externe_kosten.pdf (large public asset is served from GitHub Releases).
Pruned assets/downloads/rang-19-internationale-ordnung/06_detail_globale_wirkungsgovernance 2.pdf (large public asset is served from GitHub Releases).
Pruned assets/downloads/rang-19-internationale-ordnung/06_detail_globale_wirkungsgovernance.pdf (large public asset is served from GitHub Releases).
Pruned assets/downloads/rang-19-internationale-ordnung/07_detail_klimagerechtigkeit_ressourcenfairness.pdf (large public asset is served from GitHub Releases).
Pruned assets/downloads/rang-19-internationale-ordnung/08_detail_multipolare_ordnung_kulturelle_anschlussfaehigkeit.pdf (large public asset is served from GitHub Releases).
Pruned assets/downloads/rang-19-internationale-ordnung/09_detail_globale_resilienz_fruehwarnkooperation 2.pdf (large public asset is served from GitHub Releases).
Pruned assets/downloads/rang-19-internationale-ordnung/09_detail_globale_resilienz_fruehwarnkooperation.pdf (large public asset is served from GitHub Releases).
Pruned assets/downloads/rang-19-internationale-ordnung/10_detail_entwicklungspartnerschaften_wirkungsfonds 2.pdf (large public asset is served from GitHub Releases).
Pruned assets/downloads/rang-19-internationale-ordnung/10_detail_entwicklungspartnerschaften_wirkungsfonds.pdf (large public asset is served from GitHub Releases).
Pruned assets/downloads/rang-19-internationale-ordnung/11_detail_datenstandards_interoperabilitaet 2.pdf (large public asset is served from GitHub Releases).
Pruned assets/downloads/rang-19-internationale-ordnung/11_detail_datenstandards_interoperabilitaet.pdf (large public asset is served from GitHub Releases).
Pruned assets/downloads/rang-19-internationale-ordnung/12_detail_geopolitische_wirkungsrisiken_desinformation_demokratie.pdf (large public asset is served from GitHub Releases).
Pruned assets/downloads/rang-19-internationale-ordnung/13_wirkungsindikatoren 2.pdf (large public asset is served from GitHub Releases).
Pruned assets/downloads/rang-19-internationale-ordnung/13_wirkungsindikatoren.pdf (large public asset is served from GitHub Releases).
Pruned assets/downloads/rang-19-internationale-ordnung/14_toolkarten 2.pdf (large public asset is served from GitHub Releases).
Pruned assets/downloads/rang-19-internationale-ordnung/14_toolkarten.pdf (large public asset is served from GitHub Releases).
Pruned assets/downloads/rang-19-internationale-ordnung/15_sdg_sdgplus_block 2.pdf (large public asset is served from GitHub Releases).
Pruned assets/downloads/rang-19-internationale-ordnung/15_sdg_sdgplus_block.pdf (large public asset is served from GitHub Releases).
Pruned assets/downloads/rang-19-internationale-ordnung/16_politische_anschlussfaehigkeit 2.pdf (large public asset is served from GitHub Releases).
Pruned assets/downloads/rang-19-internationale-ordnung/16_politische_anschlussfaehigkeit.pdf (large public asset is served from GitHub Releases).
Pruned assets/downloads/rang-19-internationale-ordnung/17_quellen_glossarlinks 2.pdf (large public asset is served from GitHub Releases).
Pruned assets/downloads/rang-19-internationale-ordnung/17_quellen_glossarlinks.pdf (large public asset is served from GitHub Releases).
Pruned assets/downloads/rang-19-internationale-ordnung/18_buchanker_querverlinkungen 2.pdf (large public asset is served from GitHub Releases).
Pruned assets/downloads/rang-19-internationale-ordnung/18_buchanker_querverlinkungen.pdf (large public asset is served from GitHub Releases).
Pruned assets/downloads/rang-19-internationale-ordnung/WOeK_Rang19_Gesamtpaket_Alle_Inhalte_v1.0.pdf (large public asset is served from GitHub Releases).
Pruned assets/downloads/rang-20-transformation-uebergaenge-implementierung/00_portalstartseite 2.pdf (large public asset is served from GitHub Releases).
Pruned assets/downloads/rang-20-transformation-uebergaenge-implementierung/00_portalstartseite.pdf (large public asset is served from GitHub Releases).
Pruned assets/downloads/rang-20-transformation-uebergaenge-implementierung/01_konzeptpapier 2.pdf (large public asset is served from GitHub Releases).
Pruned assets/downloads/rang-20-transformation-uebergaenge-implementierung/01_konzeptpapier.pdf (large public asset is served from GitHub Releases).
Pruned assets/downloads/rang-20-transformation-uebergaenge-implementierung/02_gesamtdossier 2.pdf (large public asset is served from GitHub Releases).
Pruned assets/downloads/rang-20-transformation-uebergaenge-implementierung/02_gesamtdossier.pdf (large public asset is served from GitHub Releases).
Pruned assets/downloads/rang-20-transformation-uebergaenge-implementierung/03_detail_umsetzungspfad 2.pdf (large public asset is served from GitHub Releases).
Pruned assets/downloads/rang-20-transformation-uebergaenge-implementierung/03_detail_umsetzungspfad.pdf (large public asset is served from GitHub Releases).
Pruned assets/downloads/rang-20-transformation-uebergaenge-implementierung/04_detail_pilotkommunen 2.pdf (large public asset is served from GitHub Releases).
Pruned assets/downloads/rang-20-transformation-uebergaenge-implementierung/04_detail_pilotkommunen.pdf (large public asset is served from GitHub Releases).
Pruned assets/downloads/rang-20-transformation-uebergaenge-implementierung/05_detail_produkt_beschaffungspiloten 2.pdf (large public asset is served from GitHub Releases).
Pruned assets/downloads/rang-20-transformation-uebergaenge-implementierung/05_detail_produkt_beschaffungspiloten.pdf (large public asset is served from GitHub Releases).
Pruned assets/downloads/rang-20-transformation-uebergaenge-implementierung/06_detail_unternehmens_transformationspfade 2.pdf (large public asset is served from GitHub Releases).
Pruned assets/downloads/rang-20-transformation-uebergaenge-implementierung/06_detail_unternehmens_transformationspfade.pdf (large public asset is served from GitHub Releases).
Pruned assets/downloads/rang-20-transformation-uebergaenge-implementierung/07_detail_wirkungsfonds_brueckenfinanzierung 2.pdf (large public asset is served from GitHub Releases).
Pruned assets/downloads/rang-20-transformation-uebergaenge-implementierung/07_detail_wirkungsfonds_brueckenfinanzierung.pdf (large public asset is served from GitHub Releases).
Pruned assets/downloads/rang-20-transformation-uebergaenge-implementierung/08_detail_wirkungsdaten_versionierung_register 2.pdf (large public asset is served from GitHub Releases).
Pruned assets/downloads/rang-20-transformation-uebergaenge-implementierung/08_detail_wirkungsdaten_versionierung_register.pdf (large public asset is served from GitHub Releases).
Pruned assets/downloads/rang-20-transformation-uebergaenge-implementierung/09_detail_reallabore_regulatory_sandboxes 2.pdf (large public asset is served from GitHub Releases).
Pruned assets/downloads/rang-20-transformation-uebergaenge-implementierung/09_detail_reallabore_regulatory_sandboxes.pdf (large public asset is served from GitHub Releases).
Pruned assets/downloads/rang-20-transformation-uebergaenge-implementierung/10_detail_soziale_abfederung_kaufkraftschutz 2.pdf (large public asset is served from GitHub Releases).
Pruned assets/downloads/rang-20-transformation-uebergaenge-implementierung/10_detail_soziale_abfederung_kaufkraftschutz.pdf (large public asset is served from GitHub Releases).
Pruned assets/downloads/rang-20-transformation-uebergaenge-implementierung/11_detail_kommunikation_change_partizipation 2.pdf (large public asset is served from GitHub Releases).
Pruned assets/downloads/rang-20-transformation-uebergaenge-implementierung/11_detail_kommunikation_change_partizipation.pdf (large public asset is served from GitHub Releases).
Pruned assets/downloads/rang-20-transformation-uebergaenge-implementierung/12_detail_evaluation_rechtsschutz_lernschleifen 2.pdf (large public asset is served from GitHub Releases).
Pruned assets/downloads/rang-20-transformation-uebergaenge-implementierung/12_detail_evaluation_rechtsschutz_lernschleifen.pdf (large public asset is served from GitHub Releases).
Pruned assets/downloads/rang-20-transformation-uebergaenge-implementierung/13_detail_roadmap_2030_2050 2.pdf (large public asset is served from GitHub Releases).
Pruned assets/downloads/rang-20-transformation-uebergaenge-implementierung/13_detail_roadmap_2030_2050.pdf (large public asset is served from GitHub Releases).
Pruned assets/downloads/rang-20-transformation-uebergaenge-implementierung/14_wirkungsindikatoren 2.pdf (large public asset is served from GitHub Releases).
Pruned assets/downloads/rang-20-transformation-uebergaenge-implementierung/14_wirkungsindikatoren.pdf (large public asset is served from GitHub Releases).
Pruned assets/downloads/rang-20-transformation-uebergaenge-implementierung/15_toolkarten 2.pdf (large public asset is served from GitHub Releases).
Pruned assets/downloads/rang-20-transformation-uebergaenge-implementierung/15_toolkarten.pdf (large public asset is served from GitHub Releases).
Pruned assets/downloads/rang-20-transformation-uebergaenge-implementierung/16_sdg_sdgplus_block 2.pdf (large public asset is served from GitHub Releases).
Pruned assets/downloads/rang-20-transformation-uebergaenge-implementierung/16_sdg_sdgplus_block.pdf (large public asset is served from GitHub Releases).
Pruned assets/downloads/rang-20-transformation-uebergaenge-implementierung/17_politische_anschlussfaehigkeit 2.pdf (large public asset is served from GitHub Releases).
Pruned assets/downloads/rang-20-transformation-uebergaenge-implementierung/17_politische_anschlussfaehigkeit.pdf (large public asset is served from GitHub Releases).
Pruned assets/downloads/rang-20-transformation-uebergaenge-implementierung/18_quellen_glossarlinks 2.pdf (large public asset is served from GitHub Releases).
Pruned assets/downloads/rang-20-transformation-uebergaenge-implementierung/18_quellen_glossarlinks.pdf (large public asset is served from GitHub Releases).
Pruned assets/downloads/rang-20-transformation-uebergaenge-implementierung/WOeK_Rang20_Gesamtpaket_Alle_Inhalte_v1.0 2.pdf (large public asset is served from GitHub Releases).
Pruned assets/downloads/rang-20-transformation-uebergaenge-implementierung/WOeK_Rang20_Gesamtpaket_Alle_Inhalte_v1.0.pdf (large public asset is served from GitHub Releases).
Pruned assets/downloads/rang-21-kritik-missverstaendnisse-schutzarchitektur/00_portalstartseite 2.pdf (large public asset is served from GitHub Releases).
Pruned assets/downloads/rang-21-kritik-missverstaendnisse-schutzarchitektur/00_portalstartseite.pdf (large public asset is served from GitHub Releases).
Pruned assets/downloads/rang-21-kritik-missverstaendnisse-schutzarchitektur/01_konzeptpapier 2.pdf (large public asset is served from GitHub Releases).
Pruned assets/downloads/rang-21-kritik-missverstaendnisse-schutzarchitektur/01_konzeptpapier.pdf (large public asset is served from GitHub Releases).
Pruned assets/downloads/rang-21-kritik-missverstaendnisse-schutzarchitektur/02_gesamtdossier 2.pdf (large public asset is served from GitHub Releases).
Pruned assets/downloads/rang-21-kritik-missverstaendnisse-schutzarchitektur/02_gesamtdossier.pdf (large public asset is served from GitHub Releases).
Pruned assets/downloads/rang-21-kritik-missverstaendnisse-schutzarchitektur/03_detail_widerstand_neue_massstaebe 2.pdf (large public asset is served from GitHub Releases).
Pruned assets/downloads/rang-21-kritik-missverstaendnisse-schutzarchitektur/03_detail_widerstand_neue_massstaebe.pdf (large public asset is served from GitHub Releases).
Pruned assets/downloads/rang-21-kritik-missverstaendnisse-schutzarchitektur/04_detail_sdgs_verschwoerungsnarrativ 2.pdf (large public asset is served from GitHub Releases).
Pruned assets/downloads/rang-21-kritik-missverstaendnisse-schutzarchitektur/04_detail_sdgs_verschwoerungsnarrativ.pdf (large public asset is served from GitHub Releases).
Pruned assets/downloads/rang-21-kritik-missverstaendnisse-schutzarchitektur/05_detail_technokratie_social_credit 2.pdf (large public asset is served from GitHub Releases).
Pruned assets/downloads/rang-21-kritik-missverstaendnisse-schutzarchitektur/05_detail_technokratie_social_credit.pdf (large public asset is served from GitHub Releases).
Pruned assets/downloads/rang-21-kritik-missverstaendnisse-schutzarchitektur/06_detail_wirkungssimulation_manipulation 2.pdf (large public asset is served from GitHub Releases).
Pruned assets/downloads/rang-21-kritik-missverstaendnisse-schutzarchitektur/06_detail_wirkungssimulation_manipulation.pdf (large public asset is served from GitHub Releases).
Pruned assets/downloads/rang-21-kritik-missverstaendnisse-schutzarchitektur/07_detail_freiheit_markt_planwirtschaft 2.pdf (large public asset is served from GitHub Releases).
Pruned assets/downloads/rang-21-kritik-missverstaendnisse-schutzarchitektur/07_detail_freiheit_markt_planwirtschaft.pdf (large public asset is served from GitHub Releases).
Pruned assets/downloads/rang-21-kritik-missverstaendnisse-schutzarchitektur/08_detail_fehlbarkeit_korrektur 2.pdf (large public asset is served from GitHub Releases).
Pruned assets/downloads/rang-21-kritik-missverstaendnisse-schutzarchitektur/08_detail_fehlbarkeit_korrektur.pdf (large public asset is served from GitHub Releases).
Pruned assets/downloads/rang-21-kritik-missverstaendnisse-schutzarchitektur/09_detail_datenmacht_datenschutz 2.pdf (large public asset is served from GitHub Releases).
Pruned assets/downloads/rang-21-kritik-missverstaendnisse-schutzarchitektur/09_detail_datenmacht_datenschutz.pdf (large public asset is served from GitHub Releases).
Pruned assets/downloads/rang-21-kritik-missverstaendnisse-schutzarchitektur/10_detail_kommunikation_framing_akzeptanz.pdf (large public asset is served from GitHub Releases).
Pruned assets/downloads/rang-21-kritik-missverstaendnisse-schutzarchitektur/11_detail_missbrauchsschutz_rechtsschutz_governance 2.pdf (large public asset is served from GitHub Releases).
Pruned assets/downloads/rang-21-kritik-missverstaendnisse-schutzarchitektur/11_detail_missbrauchsschutz_rechtsschutz_governance.pdf (large public asset is served from GitHub Releases).
Pruned assets/downloads/rang-21-kritik-missverstaendnisse-schutzarchitektur/12_detail_kritikwerkstatt_beteiligung.pdf (large public asset is served from GitHub Releases).
Pruned assets/downloads/rang-21-kritik-missverstaendnisse-schutzarchitektur/14_wirkungsindikatoren 2.pdf (large public asset is served from GitHub Releases).
Pruned assets/downloads/rang-21-kritik-missverstaendnisse-schutzarchitektur/14_wirkungsindikatoren.pdf (large public asset is served from GitHub Releases).
Pruned assets/downloads/rang-21-kritik-missverstaendnisse-schutzarchitektur/15_toolkarten 2.pdf (large public asset is served from GitHub Releases).
Pruned assets/downloads/rang-21-kritik-missverstaendnisse-schutzarchitektur/15_toolkarten.pdf (large public asset is served from GitHub Releases).
Pruned assets/downloads/rang-21-kritik-missverstaendnisse-schutzarchitektur/16_sdg_sdgplus_block 2.pdf (large public asset is served from GitHub Releases).
Pruned assets/downloads/rang-21-kritik-missverstaendnisse-schutzarchitektur/16_sdg_sdgplus_block.pdf (large public asset is served from GitHub Releases).
Pruned assets/downloads/rang-21-kritik-missverstaendnisse-schutzarchitektur/17_politische_anschlussfaehigkeit 2.pdf (large public asset is served from GitHub Releases).
Pruned assets/downloads/rang-21-kritik-missverstaendnisse-schutzarchitektur/17_politische_anschlussfaehigkeit.pdf (large public asset is served from GitHub Releases).
Pruned assets/downloads/rang-21-kritik-missverstaendnisse-schutzarchitektur/18_quellen_glossarlinks 2.pdf (large public asset is served from GitHub Releases).
Pruned assets/downloads/rang-21-kritik-missverstaendnisse-schutzarchitektur/18_quellen_glossarlinks.pdf (large public asset is served from GitHub Releases).
Pruned assets/downloads/rang-21-kritik-missverstaendnisse-schutzarchitektur/19_faq_missverstaendnisse 2.pdf (large public asset is served from GitHub Releases).
Pruned assets/downloads/rang-21-kritik-missverstaendnisse-schutzarchitektur/19_faq_missverstaendnisse.pdf (large public asset is served from GitHub Releases).
Pruned assets/downloads/rang-21-kritik-missverstaendnisse-schutzarchitektur/20_risiko_schutzmatrix 2.pdf (large public asset is served from GitHub Releases).
Pruned assets/downloads/rang-21-kritik-missverstaendnisse-schutzarchitektur/20_risiko_schutzmatrix.pdf (large public asset is served from GitHub Releases).
Pruned assets/downloads/rang-21-kritik-missverstaendnisse-schutzarchitektur/WOeK_Rang21_Gesamtpaket_Alle_Inhalte_v1.0 2.pdf (large public asset is served from GitHub Releases).
Pruned assets/downloads/rang-21-kritik-missverstaendnisse-schutzarchitektur/WOeK_Rang21_Gesamtpaket_Alle_Inhalte_v1.0.pdf (large public asset is served from GitHub Releases).
Pruned assets/downloads/rang-22-zukunftsbilder-wirkungswohlstand/00_portalstartseite 2.pdf (large public asset is served from GitHub Releases).
Pruned assets/downloads/rang-22-zukunftsbilder-wirkungswohlstand/00_portalstartseite.pdf (large public asset is served from GitHub Releases).
Pruned assets/downloads/rang-22-zukunftsbilder-wirkungswohlstand/01_konzeptpapier 2.pdf (large public asset is served from GitHub Releases).
Pruned assets/downloads/rang-22-zukunftsbilder-wirkungswohlstand/01_konzeptpapier.pdf (large public asset is served from GitHub Releases).
Pruned assets/downloads/rang-22-zukunftsbilder-wirkungswohlstand/02_gesamtdossier 2.pdf (large public asset is served from GitHub Releases).
Pruned assets/downloads/rang-22-zukunftsbilder-wirkungswohlstand/02_gesamtdossier.pdf (large public asset is served from GitHub Releases).
Pruned assets/downloads/rang-22-zukunftsbilder-wirkungswohlstand/03_detail_alltag_2035 2.pdf (large public asset is served from GitHub Releases).
Pruned assets/downloads/rang-22-zukunftsbilder-wirkungswohlstand/03_detail_alltag_2035.pdf (large public asset is served from GitHub Releases).
Pruned assets/downloads/rang-22-zukunftsbilder-wirkungswohlstand/04_detail_unternehmen_2035 2.pdf (large public asset is served from GitHub Releases).
Pruned assets/downloads/rang-22-zukunftsbilder-wirkungswohlstand/04_detail_unternehmen_2035.pdf (large public asset is served from GitHub Releases).
Pruned assets/downloads/rang-22-zukunftsbilder-wirkungswohlstand/05_detail_staat_2035 2.pdf (large public asset is served from GitHub Releases).
Pruned assets/downloads/rang-22-zukunftsbilder-wirkungswohlstand/05_detail_staat_2035.pdf (large public asset is served from GitHub Releases).
Pruned assets/downloads/rang-22-zukunftsbilder-wirkungswohlstand/06_detail_globale_ordnung_2050 2.pdf (large public asset is served from GitHub Releases).
Pruned assets/downloads/rang-22-zukunftsbilder-wirkungswohlstand/06_detail_globale_ordnung_2050.pdf (large public asset is served from GitHub Releases).
Pruned assets/downloads/rang-22-zukunftsbilder-wirkungswohlstand/07_detail_wirkungswohlstand 2.pdf (large public asset is served from GitHub Releases).
Pruned assets/downloads/rang-22-zukunftsbilder-wirkungswohlstand/07_detail_wirkungswohlstand.pdf (large public asset is served from GitHub Releases).
Pruned assets/downloads/rang-22-zukunftsbilder-wirkungswohlstand/08_detail_buergerinnen_co_autorinnen 2.pdf (large public asset is served from GitHub Releases).
Pruned assets/downloads/rang-22-zukunftsbilder-wirkungswohlstand/08_detail_buergerinnen_co_autorinnen.pdf (large public asset is served from GitHub Releases).
Pruned assets/downloads/rang-22-zukunftsbilder-wirkungswohlstand/09_detail_wirkungspraxis 2.pdf (large public asset is served from GitHub Releases).
Pruned assets/downloads/rang-22-zukunftsbilder-wirkungswohlstand/09_detail_wirkungspraxis.pdf (large public asset is served from GitHub Releases).
Pruned assets/downloads/rang-22-zukunftsbilder-wirkungswohlstand/10_detail_zukunftskommunikation 2.pdf (large public asset is served from GitHub Releases).
Pruned assets/downloads/rang-22-zukunftsbilder-wirkungswohlstand/10_detail_zukunftskommunikation.pdf (large public asset is served from GitHub Releases).
Pruned assets/downloads/rang-22-zukunftsbilder-wirkungswohlstand/11_detail_wirkungs_bip_verlustleistung 2.pdf (large public asset is served from GitHub Releases).
Pruned assets/downloads/rang-22-zukunftsbilder-wirkungswohlstand/11_detail_wirkungs_bip_verlustleistung.pdf (large public asset is served from GitHub Releases).
Pruned assets/downloads/rang-22-zukunftsbilder-wirkungswohlstand/12_detail_schlussbild 2.pdf (large public asset is served from GitHub Releases).
Pruned assets/downloads/rang-22-zukunftsbilder-wirkungswohlstand/12_detail_schlussbild.pdf (large public asset is served from GitHub Releases).
Pruned assets/downloads/rang-22-zukunftsbilder-wirkungswohlstand/14_wirkungsindikatoren 2.pdf (large public asset is served from GitHub Releases).
Pruned assets/downloads/rang-22-zukunftsbilder-wirkungswohlstand/14_wirkungsindikatoren.pdf (large public asset is served from GitHub Releases).
Pruned assets/downloads/rang-22-zukunftsbilder-wirkungswohlstand/15_toolkarten 2.pdf (large public asset is served from GitHub Releases).
Pruned assets/downloads/rang-22-zukunftsbilder-wirkungswohlstand/15_toolkarten.pdf (large public asset is served from GitHub Releases).
Pruned assets/downloads/rang-22-zukunftsbilder-wirkungswohlstand/16_sdg_sdgplus_block 2.pdf (large public asset is served from GitHub Releases).
Pruned assets/downloads/rang-22-zukunftsbilder-wirkungswohlstand/16_sdg_sdgplus_block.pdf (large public asset is served from GitHub Releases).
Pruned assets/downloads/rang-22-zukunftsbilder-wirkungswohlstand/17_politische_anschlussfaehigkeit 2.pdf (large public asset is served from GitHub Releases).
Pruned assets/downloads/rang-22-zukunftsbilder-wirkungswohlstand/17_politische_anschlussfaehigkeit.pdf (large public asset is served from GitHub Releases).
Pruned assets/downloads/rang-22-zukunftsbilder-wirkungswohlstand/18_quellen_glossarlinks 2.pdf (large public asset is served from GitHub Releases).
Pruned assets/downloads/rang-22-zukunftsbilder-wirkungswohlstand/18_quellen_glossarlinks.pdf (large public asset is served from GitHub Releases).
Pruned assets/downloads/rang-22-zukunftsbilder-wirkungswohlstand/WOeK_Rang22_Gesamtpaket_Alle_Inhalte_v1.0 2.pdf (large public asset is served from GitHub Releases).
Pruned assets/downloads/rang-22-zukunftsbilder-wirkungswohlstand/WOeK_Rang22_Gesamtpaket_Alle_Inhalte_v1.0.pdf (large public asset is served from GitHub Releases).
Pruned assets/downloads/rang-23-wirkungsakademie-fachbibliothek/00_portalstartseite 2.pdf (large public asset is served from GitHub Releases).
Pruned assets/downloads/rang-23-wirkungsakademie-fachbibliothek/00_portalstartseite.pdf (large public asset is served from GitHub Releases).
Pruned assets/downloads/rang-23-wirkungsakademie-fachbibliothek/01_konzeptpapier 2.pdf (large public asset is served from GitHub Releases).
Pruned assets/downloads/rang-23-wirkungsakademie-fachbibliothek/01_konzeptpapier.pdf (large public asset is served from GitHub Releases).
Pruned assets/downloads/rang-23-wirkungsakademie-fachbibliothek/02_gesamtdossier 2.pdf (large public asset is served from GitHub Releases).
Pruned assets/downloads/rang-23-wirkungsakademie-fachbibliothek/02_gesamtdossier.pdf (large public asset is served from GitHub Releases).
Pruned assets/downloads/rang-23-wirkungsakademie-fachbibliothek/03_detail_fachbibliothek_wissensarchiv 2.pdf (large public asset is served from GitHub Releases).
Pruned assets/downloads/rang-23-wirkungsakademie-fachbibliothek/03_detail_fachbibliothek_wissensarchiv.pdf (large public asset is served from GitHub Releases).
Pruned assets/downloads/rang-23-wirkungsakademie-fachbibliothek/04_detail_wirkungsakademie_curricula 2.pdf (large public asset is served from GitHub Releases).
Pruned assets/downloads/rang-23-wirkungsakademie-fachbibliothek/04_detail_wirkungsakademie_curricula.pdf (large public asset is served from GitHub Releases).
Pruned assets/downloads/rang-23-wirkungsakademie-fachbibliothek/05_detail_wirkungskompetenz 2.pdf (large public asset is served from GitHub Releases).
Pruned assets/downloads/rang-23-wirkungsakademie-fachbibliothek/05_detail_wirkungskompetenz.pdf (large public asset is served from GitHub Releases).
Pruned assets/downloads/rang-23-wirkungsakademie-fachbibliothek/06_detail_online_volltexte_downloads 2.pdf (large public asset is served from GitHub Releases).
Pruned assets/downloads/rang-23-wirkungsakademie-fachbibliothek/06_detail_online_volltexte_downloads.pdf (large public asset is served from GitHub Releases).
Pruned assets/downloads/rang-23-wirkungsakademie-fachbibliothek/07_detail_glossar_versionierung 2.pdf (large public asset is served from GitHub Releases).
Pruned assets/downloads/rang-23-wirkungsakademie-fachbibliothek/07_detail_glossar_versionierung.pdf (large public asset is served from GitHub Releases).
Pruned assets/downloads/rang-23-wirkungsakademie-fachbibliothek/08_detail_lernpfade_zertifikate 2.pdf (large public asset is served from GitHub Releases).
Pruned assets/downloads/rang-23-wirkungsakademie-fachbibliothek/08_detail_lernpfade_zertifikate.pdf (large public asset is served from GitHub Releases).
Pruned assets/downloads/rang-23-wirkungsakademie-fachbibliothek/09_detail_toolkarten_governance 2.pdf (large public asset is served from GitHub Releases).
Pruned assets/downloads/rang-23-wirkungsakademie-fachbibliothek/09_detail_toolkarten_governance.pdf (large public asset is served from GitHub Releases).
Pruned assets/downloads/rang-23-wirkungsakademie-fachbibliothek/10_detail_quellen_evidenz 2.pdf (large public asset is served from GitHub Releases).
Pruned assets/downloads/rang-23-wirkungsakademie-fachbibliothek/10_detail_quellen_evidenz.pdf (large public asset is served from GitHub Releases).
Pruned assets/downloads/rang-23-wirkungsakademie-fachbibliothek/11_detail_community_kritikwerkstatt 2.pdf (large public asset is served from GitHub Releases).
Pruned assets/downloads/rang-23-wirkungsakademie-fachbibliothek/11_detail_community_kritikwerkstatt.pdf (large public asset is served from GitHub Releases).
Pruned assets/downloads/rang-23-wirkungsakademie-fachbibliothek/12_detail_publikationsworkflow 2.pdf (large public asset is served from GitHub Releases).
Pruned assets/downloads/rang-23-wirkungsakademie-fachbibliothek/12_detail_publikationsworkflow.pdf (large public asset is served from GitHub Releases).
Pruned assets/downloads/rang-23-wirkungsakademie-fachbibliothek/14_wirkungsindikatoren 2.pdf (large public asset is served from GitHub Releases).
Pruned assets/downloads/rang-23-wirkungsakademie-fachbibliothek/14_wirkungsindikatoren.pdf (large public asset is served from GitHub Releases).
Pruned assets/downloads/rang-23-wirkungsakademie-fachbibliothek/15_toolkarten 2.pdf (large public asset is served from GitHub Releases).
Pruned assets/downloads/rang-23-wirkungsakademie-fachbibliothek/15_toolkarten.pdf (large public asset is served from GitHub Releases).
Pruned assets/downloads/rang-23-wirkungsakademie-fachbibliothek/16_sdg_sdgplus_block 2.pdf (large public asset is served from GitHub Releases).
Pruned assets/downloads/rang-23-wirkungsakademie-fachbibliothek/16_sdg_sdgplus_block.pdf (large public asset is served from GitHub Releases).
Pruned assets/downloads/rang-23-wirkungsakademie-fachbibliothek/17_politische_anschlussfaehigkeit 2.pdf (large public asset is served from GitHub Releases).
Pruned assets/downloads/rang-23-wirkungsakademie-fachbibliothek/17_politische_anschlussfaehigkeit.pdf (large public asset is served from GitHub Releases).
Pruned assets/downloads/rang-23-wirkungsakademie-fachbibliothek/18_quellen_glossarlinks 2.pdf (large public asset is served from GitHub Releases).
Pruned assets/downloads/rang-23-wirkungsakademie-fachbibliothek/18_quellen_glossarlinks.pdf (large public asset is served from GitHub Releases).
Pruned assets/downloads/rang-23-wirkungsakademie-fachbibliothek/WOeK_Rang23_Gesamtpaket_Alle_Inhalte_v1.0 2.pdf (large public asset is served from GitHub Releases).
Pruned assets/downloads/rang-23-wirkungsakademie-fachbibliothek/WOeK_Rang23_Gesamtpaket_Alle_Inhalte_v1.0.pdf (large public asset is served from GitHub Releases).
Pruned assets/downloads/sdgplus_referenzrahmen_wirkungsoekonomie_v0_1 2.pdf (large public asset is served from GitHub Releases).
Pruned assets/downloads/sdgplus_referenzrahmen_wirkungsoekonomie_v0_1.pdf (large public asset is served from GitHub Releases).
Pruned assets/downloads/tool_spezifikation_finanzsystem_kapital_tool_suite.md (editorial/source file is not public).
Pruned assets/downloads/tool_spezifikation_finanzsystem_kapital_tool_suite.pdf (large public asset is served from GitHub Releases).
Pruned assets/downloads/tool_spezifikation_kapitalwirkungs_und_wirkungsfonds_tool_suite.md (editorial/source file is not public).
Pruned assets/downloads/tool_spezifikation_kapitalwirkungs_und_wirkungsfonds_tool_suite.pdf (large public asset is served from GitHub Releases).
Pruned assets/downloads/tool_spezifikation_medienwirkungs_tool_suite.md (editorial/source file is not public).
Pruned assets/downloads/tool_spezifikation_medienwirkungs_tool_suite.pdf (large public asset is served from GitHub Releases).
Pruned assets/downloads/tool_spezifikation_medienwirkungscheck.md (editorial/source file is not public).
Pruned assets/downloads/tool_spezifikation_medienwirkungscheck.pdf (large public asset is served from GitHub Releases).
Pruned assets/downloads/tool_spezifikation_wirkungsrenten_rechner.md (editorial/source file is not public).
Pruned assets/downloads/tool_spezifikation_wirkungsrenten_rechner.pdf (large public asset is served from GitHub Releases).
Pruned assets/downloads/tool_spezifikation_wirkungsrentenrechner.md (editorial/source file is not public).
Pruned assets/downloads/tool_spezifikation_wirkungsrentenrechner.pdf (large public asset is served from GitHub Releases).
Pruned assets/downloads/tool_spezifikation_wirkungsschule_tool_suite.md (editorial/source file is not public).
Pruned assets/downloads/tool_spezifikation_wirkungsschule_tool_suite.pdf (large public asset is served from GitHub Releases).
Pruned assets/downloads/tool_spezifikation_wissenschaft_innovation_digitalisierung_tool_suite.md (editorial/source file is not public).
Pruned assets/downloads/tool_spezifikation_wissenschaft_innovation_digitalisierung_tool_suite.pdf (large public asset is served from GitHub Releases).
Pruned assets/downloads/website-1-0-release/WOeK_Rang24_Gesamtpaket_Alle_Inhalte_v1.0 2.md (editorial/source file is not public).
Pruned assets/downloads/website-1-0-release/WOeK_Rang24_Gesamtpaket_Alle_Inhalte_v1.0 3.pdf (large public asset is served from GitHub Releases).
Pruned assets/downloads/website-1-0-release/WOeK_Rang24_Gesamtpaket_Alle_Inhalte_v1.0.md (editorial/source file is not public).
Pruned assets/downloads/website-1-0-release/WOeK_Rang24_Gesamtpaket_Alle_Inhalte_v1.0.pdf (large public asset is served from GitHub Releases).
Pruned assets/downloads/website-1-0-release/WOeK_Rang24_Master-Releasebericht_Website-1.0_v1.0 3.md (editorial/source file is not public).
Pruned assets/downloads/website-1-0-release/WOeK_Rang24_Master-Releasebericht_Website-1.0_v1.0 3.pdf (large public asset is served from GitHub Releases).
Pruned assets/downloads/website-1-0-release/WOeK_Rang24_Master-Releasebericht_Website-1.0_v1.0.md (editorial/source file is not public).
Pruned assets/downloads/website-1-0-release/WOeK_Rang24_Master-Releasebericht_Website-1.0_v1.0.pdf (large public asset is served from GitHub Releases).
Pruned assets/downloads/website-1-0-release/WOeK_Rang24_Masterbibliothek_Architektur_v1.0 3.md (editorial/source file is not public).
Pruned assets/downloads/website-1-0-release/WOeK_Rang24_Masterbibliothek_Architektur_v1.0 3.pdf (large public asset is served from GitHub Releases).
Pruned assets/downloads/website-1-0-release/WOeK_Rang24_Masterbibliothek_Architektur_v1.0.md (editorial/source file is not public).
Pruned assets/downloads/website-1-0-release/WOeK_Rang24_Masterbibliothek_Architektur_v1.0.pdf (large public asset is served from GitHub Releases).
Pruned assets/downloads/website-1-0-release/WOeK_Rang24_Offene-Punkte-und-QA-Risiken_v1.0 2.md (editorial/source file is not public).
Pruned assets/downloads/website-1-0-release/WOeK_Rang24_Offene-Punkte-und-QA-Risiken_v1.0 2.pdf (large public asset is served from GitHub Releases).
Pruned assets/downloads/website-1-0-release/WOeK_Rang24_Offene-Punkte-und-QA-Risiken_v1.0.md (editorial/source file is not public).
Pruned assets/downloads/website-1-0-release/WOeK_Rang24_Offene-Punkte-und-QA-Risiken_v1.0.pdf (large public asset is served from GitHub Releases).
Pruned assets/downloads/wirkungscontrolling_detailkonzept_dossier_v1_0.pdf (large public asset is served from GitHub Releases).
Pruned assets/downloads/woek-register/WOeK_Master_Items_Public_Research_Register_v2.1.xlsx (large public asset is served from GitHub Releases).
Pruned assets/downloads/woek-register/WOeK_Master_Items_v1.3_geprueft.xlsx (large public asset is served from GitHub Releases).
Pruned assets/downloads/woek-register/v1.4/WOeK_Masterregister_v1.4_FINAL_2026-08-16.xlsx (large public asset is served from GitHub Releases).
Pruned assets/downloads/woek-register/v1.4/register-v1.4.csv (unreferenced public asset).
Pruned assets/downloads/woek-register/v1.4/register-v1.4.json (unreferenced public asset).
Pruned assets/downloads/woek-register/v1.5/WOeK_Masterregister_v1.5_2026-08-21.xlsx (large public asset is served from GitHub Releases).
Pruned assets/downloads/woek_arbeit_einkommen_automatisierung_gesamtdossier_v0_1 2.pdf (large public asset is served from GitHub Releases).
Pruned assets/downloads/woek_arbeit_einkommen_automatisierung_gesamtdossier_v0_1.pdf (large public asset is served from GitHub Releases).
Pruned assets/downloads/woek_arbeit_einkommen_automatisierung_konzeptpapier_v0_1 2.pdf (large public asset is served from GitHub Releases).
Pruned assets/downloads/woek_arbeit_einkommen_automatisierung_konzeptpapier_v0_1.pdf (large public asset is served from GitHub Releases).
Pruned assets/downloads/woek_arbeit_einkommen_detailkonzepte_umfangreich_v0_1 2.pdf (large public asset is served from GitHub Releases).
Pruned assets/downloads/woek_arbeit_einkommen_detailkonzepte_umfangreich_v0_1.pdf (large public asset is served from GitHub Releases).
Pruned assets/downloads/woek_arbeit_einkommen_einzeldossier_set_v0_1 2.pdf (large public asset is served from GitHub Releases).
Pruned assets/downloads/woek_arbeit_einkommen_einzeldossier_set_v0_1.pdf (large public asset is served from GitHub Releases).
Pruned assets/downloads/woek_bildung_wirkungsschule_detailkonzepte_umfangreich_v0_1 2.pdf (large public asset is served from GitHub Releases).
Pruned assets/downloads/woek_bildung_wirkungsschule_detailkonzepte_umfangreich_v0_1.pdf (large public asset is served from GitHub Releases).
Pruned assets/downloads/woek_bildung_wirkungsschule_einzeldossier_set_v0_1 2.pdf (large public asset is served from GitHub Releases).
Pruned assets/downloads/woek_bildung_wirkungsschule_einzeldossier_set_v0_1.pdf (large public asset is served from GitHub Releases).
Pruned assets/downloads/woek_bildung_wirkungsschule_gesamtdossier_v0_1 2.pdf (large public asset is served from GitHub Releases).
Pruned assets/downloads/woek_bildung_wirkungsschule_gesamtdossier_v0_1.pdf (large public asset is served from GitHub Releases).
Pruned assets/downloads/woek_bildung_wirkungsschule_konzeptpapier_v0_1 2.pdf (large public asset is served from GitHub Releases).
Pruned assets/downloads/woek_bildung_wirkungsschule_konzeptpapier_v0_1.pdf (large public asset is served from GitHub Releases).
Pruned assets/downloads/woek_bildung_wirkungsschule_wirkungspaedagogik_wirkungskompetenz_ausarbeitung_v1_0.pdf (large public asset is served from GitHub Releases).
Pruned assets/downloads/woek_detailkonzept_arbeit-einkommen-wirkung_v0_1 2.pdf (large public asset is served from GitHub Releases).
Pruned assets/downloads/woek_detailkonzept_arbeit-einkommen-wirkung_v0_1.pdf (large public asset is served from GitHub Releases).
Pruned assets/downloads/woek_detailkonzept_automatisierung-maschinenleistung_v0_1 2.pdf (large public asset is served from GitHub Releases).
Pruned assets/downloads/woek_detailkonzept_automatisierung-maschinenleistung_v0_1.pdf (large public asset is served from GitHub Releases).
Pruned assets/downloads/woek_detailkonzept_boden_leerstand_spekulation_v0_1 2.pdf (large public asset is served from GitHub Releases).
Pruned assets/downloads/woek_detailkonzept_boden_leerstand_spekulation_v0_1.pdf (large public asset is served from GitHub Releases).
Pruned assets/downloads/woek_detailkonzept_care-bildung-ehrenamt-wirkleistung_v0_1 2.pdf (large public asset is served from GitHub Releases).
Pruned assets/downloads/woek_detailkonzept_care-bildung-ehrenamt-wirkleistung_v0_1.pdf (large public asset is served from GitHub Releases).
Pruned assets/downloads/woek_detailkonzept_eigentum_vermietung_wirkungspflicht_v0_1 2.pdf (large public asset is served from GitHub Releases).
Pruned assets/downloads/woek_detailkonzept_eigentum_vermietung_wirkungspflicht_v0_1.pdf (large public asset is served from GitHub Releases).
Pruned assets/downloads/woek_detailkonzept_finanzierung_foerderlogik_wirkungsfonds_v0_1 2.pdf (large public asset is served from GitHub Releases).
Pruned assets/downloads/woek_detailkonzept_finanzierung_foerderlogik_wirkungsfonds_v0_1.pdf (large public asset is served from GitHub Releases).
Pruned assets/downloads/woek_detailkonzept_gesundes_barrierefreies_resilientes_wohnen_v0_1 2.pdf (large public asset is served from GitHub Releases).
Pruned assets/downloads/woek_detailkonzept_gesundes_barrierefreies_resilientes_wohnen_v0_1.pdf (large public asset is served from GitHub Releases).
Pruned assets/downloads/woek_detailkonzept_governance_boni_anreizsysteme_v0_1 2.pdf (large public asset is served from GitHub Releases).
Pruned assets/downloads/woek_detailkonzept_governance_boni_anreizsysteme_v0_1.pdf (large public asset is served from GitHub Releases).
Pruned assets/downloads/woek_detailkonzept_impact_controlling_im_unternehmen_v0_1 2.pdf (large public asset is served from GitHub Releases).
Pruned assets/downloads/woek_detailkonzept_impact_controlling_im_unternehmen_v0_1.pdf (large public asset is served from GitHub Releases).
Pruned assets/downloads/woek_detailkonzept_kmu_tauglichkeit_pilotierung_v0_1 2.pdf (large public asset is served from GitHub Releases).
Pruned assets/downloads/woek_detailkonzept_kmu_tauglichkeit_pilotierung_v0_1.pdf (large public asset is served from GitHub Releases).
Pruned assets/downloads/woek_detailkonzept_kommunale_wohnwirkungspolitik_v0_1 2.pdf (large public asset is served from GitHub Releases).
Pruned assets/downloads/woek_detailkonzept_kommunale_wohnwirkungspolitik_v0_1.pdf (large public asset is served from GitHub Releases).
Pruned assets/downloads/woek_detailkonzept_marketing_fuenftes_p_planet_v0_1 2.pdf (large public asset is served from GitHub Releases).
Pruned assets/downloads/woek_detailkonzept_marketing_fuenftes_p_planet_v0_1.pdf (large public asset is served from GitHub Releases).
Pruned assets/downloads/woek_detailkonzept_mieterstrom_energie_gemeinschaften_v0_1 2.pdf (large public asset is served from GitHub Releases).
Pruned assets/downloads/woek_detailkonzept_mieterstrom_energie_gemeinschaften_v0_1.pdf (large public asset is served from GitHub Releases).
Pruned assets/downloads/woek_detailkonzept_mietwirkung_bezahlbarkeit_v0_1 2.pdf (large public asset is served from GitHub Releases).
Pruned assets/downloads/woek_detailkonzept_mietwirkung_bezahlbarkeit_v0_1.pdf (large public asset is served from GitHub Releases).
Pruned assets/downloads/woek_detailkonzept_organisation_kultur_verantwortung_v0_1 2.pdf (large public asset is served from GitHub Releases).
Pruned assets/downloads/woek_detailkonzept_organisation_kultur_verantwortung_v0_1.pdf (large public asset is served from GitHub Releases).
Pruned assets/downloads/woek_detailkonzept_plattform-daten-ki-arbeit_v0_1 2.pdf (large public asset is served from GitHub Releases).
Pruned assets/downloads/woek_detailkonzept_plattform-daten-ki-arbeit_v0_1.pdf (large public asset is served from GitHub Releases).
Pruned assets/downloads/woek_detailkonzept_produktportfolio_produktentwicklung_v0_1 2.pdf (large public asset is served from GitHub Releases).
Pruned assets/downloads/woek_detailkonzept_produktportfolio_produktentwicklung_v0_1.pdf (large public asset is served from GitHub Releases).
Pruned assets/downloads/woek_detailkonzept_quartier_stadt_sozialraumprofil_v0_1 2.pdf (large public asset is served from GitHub Releases).
Pruned assets/downloads/woek_detailkonzept_quartier_stadt_sozialraumprofil_v0_1.pdf (large public asset is served from GitHub Releases).
Pruned assets/downloads/woek_detailkonzept_resiliente_wertschoepfungskette_v0_1 2.pdf (large public asset is served from GitHub Releases).
Pruned assets/downloads/woek_detailkonzept_resiliente_wertschoepfungskette_v0_1.pdf (large public asset is served from GitHub Releases).
Pruned assets/downloads/woek_detailkonzept_risikomanagement_wirkungsrisiko_erm_v0_1 2.pdf (large public asset is served from GitHub Releases).
Pruned assets/downloads/woek_detailkonzept_risikomanagement_wirkungsrisiko_erm_v0_1.pdf (large public asset is served from GitHub Releases).
Pruned assets/downloads/woek_detailkonzept_sanierung_energie_warmmietenneutralitaet_v0_1 2.pdf (large public asset is served from GitHub Releases).
Pruned assets/downloads/woek_detailkonzept_sanierung_energie_warmmietenneutralitaet_v0_1.pdf (large public asset is served from GitHub Releases).
Pruned assets/downloads/woek_detailkonzept_sozialabgaben-entkopplung_v0_1 2.pdf (large public asset is served from GitHub Releases).
Pruned assets/downloads/woek_detailkonzept_sozialabgaben-entkopplung_v0_1.pdf (large public asset is served from GitHub Releases).
Pruned assets/downloads/woek_detailkonzept_transformation_geschaeftsmodellpruefung_v0_1 2.pdf (large public asset is served from GitHub Releases).
Pruned assets/downloads/woek_detailkonzept_transformation_geschaeftsmodellpruefung_v0_1.pdf (large public asset is served from GitHub Releases).
Pruned assets/downloads/woek_detailkonzept_uebergang-qualifizierung-resilienz_v0_1 2.pdf (large public asset is served from GitHub Releases).
Pruned assets/downloads/woek_detailkonzept_uebergang-qualifizierung-resilienz_v0_1.pdf (large public asset is served from GitHub Releases).
Pruned assets/downloads/woek_detailkonzept_unternehmen_als_wirkungssysteme_v0_1 2.pdf (large public asset is served from GitHub Releases).
Pruned assets/downloads/woek_detailkonzept_unternehmen_als_wirkungssysteme_v0_1.pdf (large public asset is served from GitHub Releases).
Pruned assets/downloads/woek_detailkonzept_verdraengung_gentrifizierung_teilhabe_v0_1 2.pdf (large public asset is served from GitHub Releases).
Pruned assets/downloads/woek_detailkonzept_verdraengung_gentrifizierung_teilhabe_v0_1.pdf (large public asset is served from GitHub Releases).
Pruned assets/downloads/woek_detailkonzept_wirkungseinkommen_v0_1 2.pdf (large public asset is served from GitHub Releases).
Pruned assets/downloads/woek_detailkonzept_wirkungseinkommen_v0_1.pdf (large public asset is served from GitHub Releases).
Pruned assets/downloads/woek_detailkonzept_wirkungseinkommensteuer-westg_v0_1 2.pdf (large public asset is served from GitHub Releases).
Pruned assets/downloads/woek_detailkonzept_wirkungseinkommensteuer-westg_v0_1.pdf (large public asset is served from GitHub Releases).
Pruned assets/downloads/woek_detailkonzept_wirkungsorientierte_mitarbeiterfuehrung_v0_1 2.pdf (large public asset is served from GitHub Releases).
Pruned assets/downloads/woek_detailkonzept_wirkungsorientierte_mitarbeiterfuehrung_v0_1.pdf (large public asset is served from GitHub Releases).
Pruned assets/downloads/woek_detailkonzept_wirkungsorientierte_unternehmensfuehrung_v0_1 2.pdf (large public asset is served from GitHub Releases).
Pruned assets/downloads/woek_detailkonzept_wirkungsorientierte_unternehmensfuehrung_v0_1.pdf (large public asset is served from GitHub Releases).
Pruned assets/downloads/woek_detailkonzept_wohnen_als_wirkungsraum_v0_1 2.pdf (large public asset is served from GitHub Releases).
Pruned assets/downloads/woek_detailkonzept_wohnen_als_wirkungsraum_v0_1.pdf (large public asset is served from GitHub Releases).
Pruned assets/downloads/woek_detailkonzept_wohnwirkungsindex_wix_v0_1 2.pdf (large public asset is served from GitHub Releases).
Pruned assets/downloads/woek_detailkonzept_wohnwirkungsindex_wix_v0_1.pdf (large public asset is served from GitHub Releases).
Pruned assets/downloads/woek_dossier_fuenf_wellen_oeffentlicher_wirkung_v0_1.pdf (large public asset is served from GitHub Releases).
Pruned assets/downloads/woek_dossier_fuenf_wellen_wirkungsentfaltung_v0_1.pdf (large public asset is served from GitHub Releases).
Pruned assets/downloads/woek_dossier_klimawandel_finanzmarkt_v1_0.pdf (large public asset is served from GitHub Releases).
Pruned assets/downloads/woek_dossier_oeffentlicher_wirkungsraum_wellen_tiefe_v0_1.pdf (large public asset is served from GitHub Releases).
Pruned assets/downloads/woek_dossier_sdgs_sdgplus_risiko_resilienzregister_systemresilienz_v0_1.pdf (large public asset is served from GitHub Releases).
Pruned assets/downloads/woek_einzeldossier_arbeit-einkommen-wirkung_v0_1 2.pdf (large public asset is served from GitHub Releases).
Pruned assets/downloads/woek_einzeldossier_arbeit-einkommen-wirkung_v0_1.pdf (large public asset is served from GitHub Releases).
Pruned assets/downloads/woek_einzeldossier_automatisierung-maschinenleistung_v0_1 2.pdf (large public asset is served from GitHub Releases).
Pruned assets/downloads/woek_einzeldossier_automatisierung-maschinenleistung_v0_1.pdf (large public asset is served from GitHub Releases).
Pruned assets/downloads/woek_einzeldossier_boden_leerstand_spekulation_v0_1 2.pdf (large public asset is served from GitHub Releases).
Pruned assets/downloads/woek_einzeldossier_boden_leerstand_spekulation_v0_1.pdf (large public asset is served from GitHub Releases).
Pruned assets/downloads/woek_einzeldossier_buergerbeteiligung_wirkungsdemokratie_v0_1 2.pdf (large public asset is served from GitHub Releases).
Pruned assets/downloads/woek_einzeldossier_buergerbeteiligung_wirkungsdemokratie_v0_1.pdf (large public asset is served from GitHub Releases).
Pruned assets/downloads/woek_einzeldossier_care-bildung-ehrenamt-wirkleistung_v0_1 2.pdf (large public asset is served from GitHub Releases).
Pruned assets/downloads/woek_einzeldossier_care-bildung-ehrenamt-wirkleistung_v0_1.pdf (large public asset is served from GitHub Releases).
Pruned assets/downloads/woek_einzeldossier_eigentum_vermietung_wirkungspflicht_v0_1 2.pdf (large public asset is served from GitHub Releases).
Pruned assets/downloads/woek_einzeldossier_eigentum_vermietung_wirkungspflicht_v0_1.pdf (large public asset is served from GitHub Releases).
Pruned assets/downloads/woek_einzeldossier_finanzierung_foerderlogik_wirkungsfonds_v0_1 2.pdf (large public asset is served from GitHub Releases).
Pruned assets/downloads/woek_einzeldossier_finanzierung_foerderlogik_wirkungsfonds_v0_1.pdf (large public asset is served from GitHub Releases).
Pruned assets/downloads/woek_einzeldossier_gesundes_barrierefreies_resilientes_wohnen_v0_1 2.pdf (large public asset is served from GitHub Releases).
Pruned assets/downloads/woek_einzeldossier_gesundes_barrierefreies_resilientes_wohnen_v0_1.pdf (large public asset is served from GitHub Releases).
Pruned assets/downloads/woek_einzeldossier_governance_boni_anreizsysteme_v0_1 2.pdf (large public asset is served from GitHub Releases).
Pruned assets/downloads/woek_einzeldossier_governance_boni_anreizsysteme_v0_1.pdf (large public asset is served from GitHub Releases).
Pruned assets/downloads/woek_einzeldossier_impact_controlling_im_unternehmen_v0_1 2.pdf (large public asset is served from GitHub Releases).
Pruned assets/downloads/woek_einzeldossier_impact_controlling_im_unternehmen_v0_1.pdf (large public asset is served from GitHub Releases).
Pruned assets/downloads/woek_einzeldossier_kmu_tauglichkeit_pilotierung_v0_1 2.pdf (large public asset is served from GitHub Releases).
Pruned assets/downloads/woek_einzeldossier_kmu_tauglichkeit_pilotierung_v0_1.pdf (large public asset is served from GitHub Releases).
Pruned assets/downloads/woek_einzeldossier_kommunale_wohnwirkungspolitik_v0_1 2.pdf (large public asset is served from GitHub Releases).
Pruned assets/downloads/woek_einzeldossier_kommunale_wohnwirkungspolitik_v0_1.pdf (large public asset is served from GitHub Releases).
Pruned assets/downloads/woek_einzeldossier_lobbyismus_machtkonzentration_v0_1 2.pdf (large public asset is served from GitHub Releases).
Pruned assets/downloads/woek_einzeldossier_lobbyismus_machtkonzentration_v0_1.pdf (large public asset is served from GitHub Releases).
Pruned assets/downloads/woek_einzeldossier_marketing_fuenftes_p_planet_v0_1 2.pdf (large public asset is served from GitHub Releases).
Pruned assets/downloads/woek_einzeldossier_marketing_fuenftes_p_planet_v0_1.pdf (large public asset is served from GitHub Releases).
Pruned assets/downloads/woek_einzeldossier_mieterstrom_energie_gemeinschaften_v0_1 2.pdf (large public asset is served from GitHub Releases).
Pruned assets/downloads/woek_einzeldossier_mieterstrom_energie_gemeinschaften_v0_1.pdf (large public asset is served from GitHub Releases).
Pruned assets/downloads/woek_einzeldossier_mietwirkung_bezahlbarkeit_v0_1 2.pdf (large public asset is served from GitHub Releases).
Pruned assets/downloads/woek_einzeldossier_mietwirkung_bezahlbarkeit_v0_1.pdf (large public asset is served from GitHub Releases).
Pruned assets/downloads/woek_einzeldossier_organisation_kultur_verantwortung_v0_1 2.pdf (large public asset is served from GitHub Releases).
Pruned assets/downloads/woek_einzeldossier_organisation_kultur_verantwortung_v0_1.pdf (large public asset is served from GitHub Releases).
Pruned assets/downloads/woek_einzeldossier_plattform-daten-ki-arbeit_v0_1 2.pdf (large public asset is served from GitHub Releases).
Pruned assets/downloads/woek_einzeldossier_plattform-daten-ki-arbeit_v0_1.pdf (large public asset is served from GitHub Releases).
Pruned assets/downloads/woek_einzeldossier_politische_wirkungspruefung_v0_1 2.pdf (large public asset is served from GitHub Releases).
Pruned assets/downloads/woek_einzeldossier_politische_wirkungspruefung_v0_1.pdf (large public asset is served from GitHub Releases).
Pruned assets/downloads/woek_einzeldossier_produktportfolio_produktentwicklung_v0_1 2.pdf (large public asset is served from GitHub Releases).
Pruned assets/downloads/woek_einzeldossier_produktportfolio_produktentwicklung_v0_1.pdf (large public asset is served from GitHub Releases).
Pruned assets/downloads/woek_einzeldossier_quartier_stadt_sozialraumprofil_v0_1 2.pdf (large public asset is served from GitHub Releases).
Pruned assets/downloads/woek_einzeldossier_quartier_stadt_sozialraumprofil_v0_1.pdf (large public asset is served from GitHub Releases).
Pruned assets/downloads/woek_einzeldossier_resiliente_wertschoepfungskette_v0_1 2.pdf (large public asset is served from GitHub Releases).
Pruned assets/downloads/woek_einzeldossier_resiliente_wertschoepfungskette_v0_1.pdf (large public asset is served from GitHub Releases).
Pruned assets/downloads/woek_einzeldossier_risikomanagement_wirkungsrisiko_erm_v0_1 2.pdf (large public asset is served from GitHub Releases).
Pruned assets/downloads/woek_einzeldossier_risikomanagement_wirkungsrisiko_erm_v0_1.pdf (large public asset is served from GitHub Releases).
Pruned assets/downloads/woek_einzeldossier_sanierung_energie_warmmietenneutralitaet_v0_1 2.pdf (large public asset is served from GitHub Releases).
Pruned assets/downloads/woek_einzeldossier_sanierung_energie_warmmietenneutralitaet_v0_1.pdf (large public asset is served from GitHub Releases).
Pruned assets/downloads/woek_einzeldossier_sozialabgaben-entkopplung_v0_1 2.pdf (large public asset is served from GitHub Releases).
Pruned assets/downloads/woek_einzeldossier_sozialabgaben-entkopplung_v0_1.pdf (large public asset is served from GitHub Releases).
Pruned assets/downloads/woek_einzeldossier_transformation_geschaeftsmodellpruefung_v0_1 2.pdf (large public asset is served from GitHub Releases).
Pruned assets/downloads/woek_einzeldossier_transformation_geschaeftsmodellpruefung_v0_1.pdf (large public asset is served from GitHub Releases).
Pruned assets/downloads/woek_einzeldossier_uebergang-qualifizierung-resilienz_v0_1 2.pdf (large public asset is served from GitHub Releases).
Pruned assets/downloads/woek_einzeldossier_uebergang-qualifizierung-resilienz_v0_1.pdf (large public asset is served from GitHub Releases).
Pruned assets/downloads/woek_einzeldossier_unternehmen_als_wirkungssysteme_v0_1 2.pdf (large public asset is served from GitHub Releases).
Pruned assets/downloads/woek_einzeldossier_unternehmen_als_wirkungssysteme_v0_1.pdf (large public asset is served from GitHub Releases).
Pruned assets/downloads/woek_einzeldossier_verdraengung_gentrifizierung_teilhabe_v0_1 2.pdf (large public asset is served from GitHub Releases).
Pruned assets/downloads/woek_einzeldossier_verdraengung_gentrifizierung_teilhabe_v0_1.pdf (large public asset is served from GitHub Releases).
Pruned assets/downloads/woek_einzeldossier_verwaltung_rechtsschutz_korrektur_v0_1 2.pdf (large public asset is served from GitHub Releases).
Pruned assets/downloads/woek_einzeldossier_verwaltung_rechtsschutz_korrektur_v0_1.pdf (large public asset is served from GitHub Releases).
Pruned assets/downloads/woek_einzeldossier_wirkung_als_rechtsprinzip_v0_1 2.pdf (large public asset is served from GitHub Releases).
Pruned assets/downloads/woek_einzeldossier_wirkung_als_rechtsprinzip_v0_1.pdf (large public asset is served from GitHub Releases).
Pruned assets/downloads/woek_einzeldossier_wirkungseinkommen_v0_1 2.pdf (large public asset is served from GitHub Releases).
Pruned assets/downloads/woek_einzeldossier_wirkungseinkommen_v0_1.pdf (large public asset is served from GitHub Releases).
Pruned assets/downloads/woek_einzeldossier_wirkungseinkommensteuer-westg_v0_1 2.pdf (large public asset is served from GitHub Releases).
Pruned assets/downloads/woek_einzeldossier_wirkungseinkommensteuer-westg_v0_1.pdf (large public asset is served from GitHub Releases).
Pruned assets/downloads/woek_einzeldossier_wirkungseinkommensteuer_westg_v0_1 2.pdf (large public asset is served from GitHub Releases).
Pruned assets/downloads/woek_einzeldossier_wirkungseinkommensteuer_westg_v0_1.pdf (large public asset is served from GitHub Releases).
Pruned assets/downloads/woek_einzeldossier_wirkungshaushalt_v0_1 2.pdf (large public asset is served from GitHub Releases).
Pruned assets/downloads/woek_einzeldossier_wirkungshaushalt_v0_1.pdf (large public asset is served from GitHub Releases).
Pruned assets/downloads/woek_einzeldossier_wirkungsorientierte_mitarbeiterfuehrung_v0_1 2.pdf (large public asset is served from GitHub Releases).
Pruned assets/downloads/woek_einzeldossier_wirkungsorientierte_mitarbeiterfuehrung_v0_1.pdf (large public asset is served from GitHub Releases).
Pruned assets/downloads/woek_einzeldossier_wirkungsorientierte_unternehmensfuehrung_v0_1 2.pdf (large public asset is served from GitHub Releases).
Pruned assets/downloads/woek_einzeldossier_wirkungsorientierte_unternehmensfuehrung_v0_1.pdf (large public asset is served from GitHub Releases).
Pruned assets/downloads/woek_einzeldossier_wirkungsrat_v0_1 2.pdf (large public asset is served from GitHub Releases).
Pruned assets/downloads/woek_einzeldossier_wirkungsrat_v0_1.pdf (large public asset is served from GitHub Releases).
Pruned assets/downloads/woek_einzeldossier_wirkungssteuergesetz_wstg_v0_1 2.pdf (large public asset is served from GitHub Releases).
Pruned assets/downloads/woek_einzeldossier_wirkungssteuergesetz_wstg_v0_1.pdf (large public asset is served from GitHub Releases).
Pruned assets/downloads/woek_einzeldossier_wirkungsumsatzsteuer_rechtsrahmen_v0_1 2.pdf (large public asset is served from GitHub Releases).
Pruned assets/downloads/woek_einzeldossier_wirkungsumsatzsteuer_rechtsrahmen_v0_1.pdf (large public asset is served from GitHub Releases).
Pruned assets/downloads/woek_einzeldossier_wohnen_als_wirkungsraum_v0_1 2.pdf (large public asset is served from GitHub Releases).
Pruned assets/downloads/woek_einzeldossier_wohnen_als_wirkungsraum_v0_1.pdf (large public asset is served from GitHub Releases).
Pruned assets/downloads/woek_einzeldossier_wohnwirkungsindex_wix_v0_1 2.pdf (large public asset is served from GitHub Releases).
Pruned assets/downloads/woek_einzeldossier_wohnwirkungsindex_wix_v0_1.pdf (large public asset is served from GitHub Releases).
Pruned assets/downloads/woek_finanzsystem_kapital_detailkonzepte_umfangreich_v0_1 2.pdf (large public asset is served from GitHub Releases).
Pruned assets/downloads/woek_finanzsystem_kapital_detailkonzepte_umfangreich_v0_1.pdf (large public asset is served from GitHub Releases).
Pruned assets/downloads/woek_finanzsystem_kapital_einzeldossier_set_v0_1 2.pdf (large public asset is served from GitHub Releases).
Pruned assets/downloads/woek_finanzsystem_kapital_einzeldossier_set_v0_1.pdf (large public asset is served from GitHub Releases).
Pruned assets/downloads/woek_finanzsystem_kapital_gesamtdossier_v0_1 2.pdf (large public asset is served from GitHub Releases).
Pruned assets/downloads/woek_finanzsystem_kapital_gesamtdossier_v0_1.pdf (large public asset is served from GitHub Releases).
Pruned assets/downloads/woek_finanzsystem_kapital_konzeptpapier_v0_1 2.pdf (large public asset is served from GitHub Releases).
Pruned assets/downloads/woek_finanzsystem_kapital_konzeptpapier_v0_1.pdf (large public asset is served from GitHub Releases).
Pruned assets/downloads/woek_gesamtstudie_wirkungsdilemmata_kooperation_sdgplus_v2_0.pdf (large public asset is served from GitHub Releases).
Pruned assets/downloads/woek_gesundheit_pflege_detailkonzepte_umfangreich_v0_2 2.pdf (large public asset is served from GitHub Releases).
Pruned assets/downloads/woek_gesundheit_pflege_detailkonzepte_umfangreich_v0_2.pdf (large public asset is served from GitHub Releases).
Pruned assets/downloads/woek_gesundheit_pflege_einzeldossier_set_v0_2 2.pdf (large public asset is served from GitHub Releases).
Pruned assets/downloads/woek_gesundheit_pflege_einzeldossier_set_v0_2.pdf (large public asset is served from GitHub Releases).
Pruned assets/downloads/woek_gesundheit_pflege_einzeldossier_set_v0_3.pdf (large public asset is served from GitHub Releases).
Pruned assets/downloads/woek_gesundheit_pflege_gesamtdossier_v0_1 2.pdf (large public asset is served from GitHub Releases).
Pruned assets/downloads/woek_gesundheit_pflege_gesamtdossier_v0_1.pdf (large public asset is served from GitHub Releases).
Pruned assets/downloads/woek_gesundheit_pflege_konzeptpapier_v0_1 2.pdf (large public asset is served from GitHub Releases).
Pruned assets/downloads/woek_gesundheit_pflege_konzeptpapier_v0_1.pdf (large public asset is served from GitHub Releases).
Pruned assets/downloads/woek_grundlagenstudie_kooperative_wirkungsordnung_v0_1.pdf (large public asset is served from GitHub Releases).
Pruned assets/downloads/woek_impact_controlling_detailkonzepte_umfangreich_v0_2 2.pdf (large public asset is served from GitHub Releases).
Pruned assets/downloads/woek_impact_controlling_detailkonzepte_umfangreich_v0_2.pdf (large public asset is served from GitHub Releases).
Pruned assets/downloads/woek_medien_oeffentlichkeit_detailkonzepte_umfangreich_v0_1 2.pdf (large public asset is served from GitHub Releases).
Pruned assets/downloads/woek_medien_oeffentlichkeit_detailkonzepte_umfangreich_v0_1.pdf (large public asset is served from GitHub Releases).
Pruned assets/downloads/woek_medien_oeffentlichkeit_einzeldossier_set_v0_1 2.pdf (large public asset is served from GitHub Releases).
Pruned assets/downloads/woek_medien_oeffentlichkeit_einzeldossier_set_v0_1.pdf (large public asset is served from GitHub Releases).
Pruned assets/downloads/woek_medien_oeffentlichkeit_gesamtdossier_v0_1 2.pdf (large public asset is served from GitHub Releases).
Pruned assets/downloads/woek_medien_oeffentlichkeit_gesamtdossier_v0_1.pdf (large public asset is served from GitHub Releases).
Pruned assets/downloads/woek_medien_oeffentlichkeit_konzeptpapier_v0_1 2.pdf (large public asset is served from GitHub Releases).
Pruned assets/downloads/woek_medien_oeffentlichkeit_konzeptpapier_v0_1.pdf (large public asset is served from GitHub Releases).
Pruned assets/downloads/woek_medien_oeffentlichkeit_wirkungsraeume_gestalten_hosting_v1_0.pdf (large public asset is served from GitHub Releases).
Pruned assets/downloads/woek_produkte_konsum_detailkonzepte_umfangreich_v0_2 2.pdf (large public asset is served from GitHub Releases).
Pruned assets/downloads/woek_produkte_konsum_detailkonzepte_umfangreich_v0_2.pdf (large public asset is served from GitHub Releases).
Pruned assets/downloads/woek_publikationsstandard_detailkonzepte_dossiers_v0_3 2.pdf (large public asset is served from GitHub Releases).
Pruned assets/downloads/woek_publikationsstandard_detailkonzepte_dossiers_v0_3.pdf (large public asset is served from GitHub Releases).
Pruned assets/downloads/woek_rente_soziale_sicherung_detailkonzepte_umfangreich_v0_1 2.pdf (large public asset is served from GitHub Releases).
Pruned assets/downloads/woek_rente_soziale_sicherung_detailkonzepte_umfangreich_v0_1.pdf (large public asset is served from GitHub Releases).
Pruned assets/downloads/woek_rente_soziale_sicherung_einzeldossier_set_v0_1 2.pdf (large public asset is served from GitHub Releases).
Pruned assets/downloads/woek_rente_soziale_sicherung_einzeldossier_set_v0_1.pdf (large public asset is served from GitHub Releases).
Pruned assets/downloads/woek_rente_soziale_sicherung_gesamtdossier_v0_1 2.pdf (large public asset is served from GitHub Releases).
Pruned assets/downloads/woek_rente_soziale_sicherung_gesamtdossier_v0_1.pdf (large public asset is served from GitHub Releases).
Pruned assets/downloads/woek_rente_soziale_sicherung_konzeptpapier_v0_1 2.pdf (large public asset is served from GitHub Releases).
Pruned assets/downloads/woek_rente_soziale_sicherung_konzeptpapier_v0_1.pdf (large public asset is served from GitHub Releases).
Pruned assets/downloads/woek_sdg_sdgplus_referenzrahmen_vertiefungskonzept_lesefassung_v0_3 2.pdf (large public asset is served from GitHub Releases).
Pruned assets/downloads/woek_sdg_sdgplus_referenzrahmen_vertiefungskonzept_lesefassung_v0_3.pdf (large public asset is served from GitHub Releases).
Pruned assets/downloads/woek_sdgs-sdgplus_detailkonzept_sdg-als-erweiterung-der-wirkungsoekonomie_v0_4 2.pdf (large public asset is served from GitHub Releases).
Pruned assets/downloads/woek_sdgs-sdgplus_detailkonzept_sdg-als-erweiterung-der-wirkungsoekonomie_v0_4.pdf (large public asset is served from GitHub Releases).
Pruned assets/downloads/woek_sdgs-sdgplus_detailkonzept_sdg-unterziele-global-europa-und-deutschland_v0_4 2.pdf (large public asset is served from GitHub Releases).
Pruned assets/downloads/woek_sdgs-sdgplus_detailkonzept_sdg-unterziele-global-europa-und-deutschland_v0_4.pdf (large public asset is served from GitHub Releases).
Pruned assets/downloads/woek_sdgs-sdgplus_detailkonzept_sdgs-und-agenda-2030-als-globaler-referenzrahmen_v0_4 2.pdf (large public asset is served from GitHub Releases).
Pruned assets/downloads/woek_sdgs-sdgplus_detailkonzept_sdgs-und-agenda-2030-als-globaler-referenzrahmen_v0_4.pdf (large public asset is served from GitHub Releases).
Pruned assets/downloads/woek_sdgs-sdgplus_dossier_sdg-als-erweiterung-der-wirkungsoekonomie_v0_4 2.pdf (large public asset is served from GitHub Releases).
Pruned assets/downloads/woek_sdgs-sdgplus_dossier_sdg-als-erweiterung-der-wirkungsoekonomie_v0_4.pdf (large public asset is served from GitHub Releases).
Pruned assets/downloads/woek_sdgs-sdgplus_dossier_sdg-unterziele-global-europa-und-deutschland_v0_4 2.pdf (large public asset is served from GitHub Releases).
Pruned assets/downloads/woek_sdgs-sdgplus_dossier_sdg-unterziele-global-europa-und-deutschland_v0_4.pdf (large public asset is served from GitHub Releases).
Pruned assets/downloads/woek_sdgs-sdgplus_dossier_sdgs-und-agenda-2030-als-globaler-referenzrahmen_v0_4 2.pdf (large public asset is served from GitHub Releases).
Pruned assets/downloads/woek_sdgs-sdgplus_dossier_sdgs-und-agenda-2030-als-globaler-referenzrahmen_v0_4.pdf (large public asset is served from GitHub Releases).
Pruned assets/downloads/woek_sdgs_agenda2030_geschichte_detailkonzept_v0_1 2.pdf (large public asset is served from GitHub Releases).
Pruned assets/downloads/woek_sdgs_agenda2030_geschichte_detailkonzept_v0_1.pdf (large public asset is served from GitHub Releases).
Pruned assets/downloads/woek_sdgs_agenda2030_geschichte_dossier_v0_1 2.pdf (large public asset is served from GitHub Releases).
Pruned assets/downloads/woek_sdgs_agenda2030_geschichte_dossier_v0_1.pdf (large public asset is served from GitHub Releases).
Pruned assets/downloads/woek_staat_recht_demokratie_detailkonzepte_umfangreich_v0_2 2.pdf (large public asset is served from GitHub Releases).
Pruned assets/downloads/woek_staat_recht_demokratie_detailkonzepte_umfangreich_v0_2.pdf (large public asset is served from GitHub Releases).
Pruned assets/downloads/woek_staat_recht_demokratie_gesamtdossier_v0_1 2.pdf (large public asset is served from GitHub Releases).
Pruned assets/downloads/woek_staat_recht_demokratie_gesamtdossier_v0_1.pdf (large public asset is served from GitHub Releases).
Pruned assets/downloads/woek_staat_recht_demokratie_konzeptpapier_v0_1 2.pdf (large public asset is served from GitHub Releases).
Pruned assets/downloads/woek_staat_recht_demokratie_konzeptpapier_v0_1.pdf (large public asset is served from GitHub Releases).
Pruned assets/downloads/woek_standard_detailkonzepte_einzeldossiers_v0_2 2.pdf (large public asset is served from GitHub Releases).
Pruned assets/downloads/woek_standard_detailkonzepte_einzeldossiers_v0_2.pdf (large public asset is served from GitHub Releases).
Pruned assets/downloads/woek_standard_politische_anschlussfaehigkeit_v0_1 2.pdf (large public asset is served from GitHub Releases).
Pruned assets/downloads/woek_standard_politische_anschlussfaehigkeit_v0_1.pdf (large public asset is served from GitHub Releases).
Pruned assets/downloads/woek_steuer_fonds_finanzierungsarchitektur_detailkonzept_v0_1 2.pdf (large public asset is served from GitHub Releases).
Pruned assets/downloads/woek_steuer_fonds_finanzierungsarchitektur_detailkonzept_v0_1.pdf (large public asset is served from GitHub Releases).
Pruned assets/downloads/woek_steuer_fonds_finanzierungsarchitektur_dossier_v0_1 2.pdf (large public asset is served from GitHub Releases).
Pruned assets/downloads/woek_steuer_fonds_finanzierungsarchitektur_dossier_v0_1.pdf (large public asset is served from GitHub Releases).
Pruned assets/downloads/woek_wirtschaft_unternehmen_detailkonzepte_umfangreich_v0_2 2.pdf (large public asset is served from GitHub Releases).
Pruned assets/downloads/woek_wirtschaft_unternehmen_detailkonzepte_umfangreich_v0_2.pdf (large public asset is served from GitHub Releases).
Pruned assets/downloads/woek_wirtschaft_unternehmen_finanzmarktanforderungen_detailkonzept_v0_2 2.pdf (large public asset is served from GitHub Releases).
Pruned assets/downloads/woek_wirtschaft_unternehmen_finanzmarktanforderungen_detailkonzept_v0_2.pdf (large public asset is served from GitHub Releases).
Pruned assets/downloads/woek_wirtschaft_unternehmen_finanzmarktanforderungen_dossier_v0_2 2.pdf (large public asset is served from GitHub Releases).
Pruned assets/downloads/woek_wirtschaft_unternehmen_finanzmarktanforderungen_dossier_v0_2.pdf (large public asset is served from GitHub Releases).
Pruned assets/downloads/woek_wirtschaft_unternehmen_gesamtdossier_v0_1 2.pdf (large public asset is served from GitHub Releases).
Pruned assets/downloads/woek_wirtschaft_unternehmen_gesamtdossier_v0_1.pdf (large public asset is served from GitHub Releases).
Pruned assets/downloads/woek_wirtschaft_unternehmen_konzeptpapier_v0_1 2.pdf (large public asset is served from GitHub Releases).
Pruned assets/downloads/woek_wirtschaft_unternehmen_konzeptpapier_v0_1.pdf (large public asset is served from GitHub Releases).
Pruned assets/downloads/woek_wissenschaft_innovation_digitalisierung_detailkonzepte_umfangreich_v0_1 2.pdf (large public asset is served from GitHub Releases).
Pruned assets/downloads/woek_wissenschaft_innovation_digitalisierung_detailkonzepte_umfangreich_v0_1.pdf (large public asset is served from GitHub Releases).
Pruned assets/downloads/woek_wissenschaft_innovation_digitalisierung_detailkonzepte_umfangreich_v0_2 2.pdf (large public asset is served from GitHub Releases).
Pruned assets/downloads/woek_wissenschaft_innovation_digitalisierung_detailkonzepte_umfangreich_v0_2.pdf (large public asset is served from GitHub Releases).
Pruned assets/downloads/woek_wissenschaft_innovation_digitalisierung_einzeldossier_set_v0_1 2.pdf (large public asset is served from GitHub Releases).
Pruned assets/downloads/woek_wissenschaft_innovation_digitalisierung_einzeldossier_set_v0_1.pdf (large public asset is served from GitHub Releases).
Pruned assets/downloads/woek_wissenschaft_innovation_digitalisierung_einzeldossier_set_v0_2 2.pdf (large public asset is served from GitHub Releases).
Pruned assets/downloads/woek_wissenschaft_innovation_digitalisierung_einzeldossier_set_v0_2.pdf (large public asset is served from GitHub Releases).
Pruned assets/downloads/woek_wissenschaft_innovation_digitalisierung_gesamtdossier_v0_1 2.pdf (large public asset is served from GitHub Releases).
Pruned assets/downloads/woek_wissenschaft_innovation_digitalisierung_gesamtdossier_v0_1.pdf (large public asset is served from GitHub Releases).
Pruned assets/downloads/woek_wissenschaft_innovation_digitalisierung_konzeptpapier_v0_1 2.pdf (large public asset is served from GitHub Releases).
Pruned assets/downloads/woek_wissenschaft_innovation_digitalisierung_konzeptpapier_v0_1.pdf (large public asset is served from GitHub Releases).
Pruned assets/downloads/woek_wohnen_investoren_vermieter_detailkonzept_v0_3 2.pdf (large public asset is served from GitHub Releases).
Pruned assets/downloads/woek_wohnen_investoren_vermieter_detailkonzept_v0_3.pdf (large public asset is served from GitHub Releases).
Pruned assets/downloads/woek_wohnen_investoren_vermieter_dossier_v0_3 2.pdf (large public asset is served from GitHub Releases).
Pruned assets/downloads/woek_wohnen_investoren_vermieter_dossier_v0_3.pdf (large public asset is served from GitHub Releases).
Pruned assets/downloads/woek_wohnen_stadt_detailkonzepte_umfangreich_v0_2 2.pdf (large public asset is served from GitHub Releases).
Pruned assets/downloads/woek_wohnen_stadt_detailkonzepte_umfangreich_v0_2.pdf (large public asset is served from GitHub Releases).
Pruned assets/downloads/woek_wohnen_stadt_gesamtdossier_v0_1 2.pdf (large public asset is served from GitHub Releases).
Pruned assets/downloads/woek_wohnen_stadt_gesamtdossier_v0_1.pdf (large public asset is served from GitHub Releases).
Pruned assets/downloads/woek_wohnen_stadt_konzeptpapier_v0_1 2.pdf (large public asset is served from GitHub Releases).
Pruned assets/downloads/woek_wohnen_stadt_konzeptpapier_v0_1.pdf (large public asset is served from GitHub Releases).
Pruned assets/downloads/woemm-woems-praesentation-2.0.pdf (large public asset is served from GitHub Releases).
Pruned assets/fonts/README.md (editorial/source file is not public).
Pruned assets/img/ASSET-INVENTORY.md (editorial/source file is not public).
Pruned assets/img/ASSET-SELECTION.md (editorial/source file is not public).
Pruned assets/pdf/die-neue-ordnung-des-wohlstands.pdf (large public asset is served from GitHub Releases).
Pruned assets/pdf/handbuch-wirkungskompetenz.pdf (large public asset is served from GitHub Releases).
Pruned assets/pdf/imported/nachhaltiger-einzelhandel.pdf (large public asset is served from GitHub Releases).
Pruned assets/pdf/imported/nachhaltiges-marketing-mix.pdf (large public asset is served from GitHub Releases).
Pruned assets/pdf/imported/nachhaltigkeitsstrategie-mittelstaendische-beratungsunternehmen.pdf (large public asset is served from GitHub Releases).
Pruned assets/pdf/imported/nachhaltigkeitstransformation-im-handwerk.pdf (large public asset is served from GitHub Releases).
Pruned assets/pdf/leitbild-mensch-planet-demokratie.pdf (large public asset is served from GitHub Releases).
Pruned assets/pdf/medien-und-wirkung.pdf (large public asset is served from GitHub Releases).
Pruned assets/pdf/prozessarchitektur-wirkungsoekonomie.pdf (large public asset is served from GitHub Releases).
Pruned assets/pdf/use-case-kommunale-wirkungsgewerbesteuer.pdf (large public asset is served from GitHub Releases).
Pruned assets/pdf/wenn-maschinen-arbeiten.pdf (large public asset is served from GitHub Releases).
Pruned assets/pdf/whitepaper-wirkung-statt-kapital.pdf (large public asset is served from GitHub Releases).
Pruned assets/pdf/whitepaper-wirkungseinkommen.pdf (large public asset is served from GitHub Releases).
Pruned assets/pdf/wirkungseinkommensteuergesetz-westg.pdf (large public asset is served from GitHub Releases).
Pruned assets/pdf/wirkungssteuergesetz-wstg-oktober-2025.pdf (large public asset is served from GitHub Releases).
Pruned assets/pdf/woek-master-items-v1-2.pdf (large public asset is served from GitHub Releases).
Pruned assets/pdf/woek_bildung_wirkungsschule_wirkungspaedagogik_wirkungskompetenz_ausarbeitung_v1_0.pdf (large public asset is served from GitHub Releases).
Pruned assets/pdf/working-paper-produktbesteuerung-durch-wirkung.pdf (large public asset is served from GitHub Releases).
Pruned assets/pdf/working-paper-wohnungsmarkt.pdf (large public asset is served from GitHub Releases).
Pruned assets/video/akademie-poster.png (unreferenced public asset).
Pruned assets/video/akademie.mp4 (large public asset is served from GitHub Releases).
Pruned assets/video/fuer-wen-buergerinnen.mp4 (large public asset is served from GitHub Releases).
Pruned assets/video/fuer-wen-investoren.mp4 (large public asset is served from GitHub Releases).
Pruned assets/video/fuer-wen-journalismus.mp4 (large public asset is served from GitHub Releases).
Pruned assets/video/fuer-wen-kommunen.mp4 (large public asset is served from GitHub Releases).
Pruned assets/video/fuer-wen-landwirtschaft.mp4 (large public asset is served from GitHub Releases).
Pruned assets/video/fuer-wen-politik.mp4 (large public asset is served from GitHub Releases).
Pruned assets/video/fuer-wen-startseite.mp4 (large public asset is served from GitHub Releases).
Pruned assets/video/fuer-wen-unternehmen.mp4 (large public asset is served from GitHub Releases).
Pruned assets/video/impact-controlling-einfach-erklaert.mp4 (large public asset is served from GitHub Releases).
Pruned assets/video/institut.mp4 (large public asset is served from GitHub Releases).
Pruned assets/video/stranded-assets.mp4 (large public asset is served from GitHub Releases).
Pruned assets/video/vergleich-wirkungsoekonomie.mp4 (large public asset is served from GitHub Releases).
Pruned assets/video/wirkungsfeld-arbeit-einkommen-wirkungseinkommen.mp4 (large public asset is served from GitHub Releases).
Pruned assets/video/wirkungsfeld-gesundheit-pflege.mp4 (large public asset is served from GitHub Releases).
Pruned assets/video/wirkungsfeld-rente-soziale-sicherung.mp4 (large public asset is served from GitHub Releases).
Pruned assets/video/wirkungsfeld-wirkungsfinanzpolitik.mp4 (large public asset is served from GitHub Releases).
Pruned assets/video/wirkungsfeld-wissenschaft-innovation-digitalisierung.mp4 (large public asset is served from GitHub Releases).
Pruned assets/video/wirkungsfeld-wohnen-stadt-poster.png (unreferenced public asset).
Pruned assets/video/wirkungsfeld-wohnen-stadt.mp4 (large public asset is served from GitHub Releases).
Pruned assets/video/wirkungsgesellschaft-erklaervideo.mp4 (large public asset is served from GitHub Releases).
Pruned assets/video/wirkungsoekonomie-startseite-poster.png (unreferenced public asset).
Pruned assets/video/wirkungsoekonomie-startseite.mp4 (large public asset is served from GitHub Releases).
Pruned assets/visuals/README.md (editorial/source file is not public).
Pruned public/downloads/originals/Arbeitspapier_Doppelte_Wesentlichkeit_Impact_Controlling_Wirkungsoekonomie.pdf (large public asset is served from GitHub Releases).
Pruned public/downloads/originals/Beispiel-Konzern.pdf (large public asset is served from GitHub Releases).
Pruned public/downloads/originals/Beispiel_Apfel_Wirkungssteuer_Bonusregel.pdf (large public asset is served from GitHub Releases).
Pruned public/downloads/originals/Grundlagenpapier-Wirkungsökonomie WÖk.pdf (large public asset is served from GitHub Releases).
Pruned public/downloads/originals/IllusionMaschine-Buerokratieabbau.pdf (large public asset is served from GitHub Releases).
Pruned public/downloads/originals/Leitbild für Mensch Planet und Demokratie.pdf (large public asset is served from GitHub Releases).
Pruned public/downloads/originals/Minifest_Wirkungsoekonomie.pdf (large public asset is served from GitHub Releases).
Pruned public/downloads/originals/NATS_WOeK_allgemein.pdf (large public asset is served from GitHub Releases).
Pruned public/downloads/originals/Nachhaltigkeit-Systemarchitektur-v1.1.pdf (large public asset is served from GitHub Releases).
Pruned public/downloads/originals/Nachhaltigkeit-Systemarchitektur-v1.2.pdf (large public asset is served from GitHub Releases).
Pruned public/downloads/originals/Nachhaltigkeit_als_Systemresilienz_Definition_und_Klimamodell_v1.0.pdf (large public asset is served from GitHub Releases).
Pruned public/downloads/originals/Nachhaltigkeit_als_Systemresilienz_Definition_und_Klimamodell_v1.1.pdf (large public asset is served from GitHub Releases).
Pruned public/downloads/originals/Sexarbeit-als-soziale-Infrastruktur.pdf (large public asset is served from GitHub Releases).
Pruned public/downloads/originals/Systemmodell-der-Wirkungsökonomie.pdf (large public asset is served from GitHub Releases).
Pruned public/downloads/originals/Technische_Leitlinien_WUStG_Vollversion_Extended_v2.pdf (large public asset is served from GitHub Releases).
Pruned public/downloads/originals/WOeK_Begriffsleitfaden_fuehrend_v1.0.pdf (large public asset is served from GitHub Releases).
Pruned public/downloads/originals/WOeK_Begriffsleitfaden_fuehrend_v1.2.pdf (large public asset is served from GitHub Releases).
Pruned public/downloads/originals/WOeK_Begriffsleitfaden_fuehrend_v1.3.pdf (large public asset is served from GitHub Releases).
Pruned public/downloads/originals/WOeK_Begriffsleitfaden_fuehrend_v1.4.pdf (large public asset is served from GitHub Releases).
Pruned public/downloads/originals/WOeK_Begriffsleitfaden_fuehrend_v1.5.pdf (large public asset is served from GitHub Releases).
Pruned public/downloads/originals/WOeK_Begriffsleitfaden_fuehrend_v1.6.pdf (large public asset is served from GitHub Releases).
Pruned public/downloads/originals/WOeK_Begriffsleitfaden_fuehrend_v1.7.pdf (large public asset is served from GitHub Releases).
Pruned public/downloads/originals/WP_Einkommen.pdf (large public asset is served from GitHub Releases).
Pruned public/downloads/originals/WP_Produkte.pdf (large public asset is served from GitHub Releases).
Pruned public/downloads/originals/WP_Rente.pdf (large public asset is served from GitHub Releases).
Pruned public/downloads/originals/WP_Wohnungsmarkt.pdf (large public asset is served from GitHub Releases).
Pruned public/downloads/originals/WStG_Oktober2025.pdf (large public asset is served from GitHub Releases).
Pruned public/downloads/originals/Wenn-Maschinen-arbeiten.pdf (large public asset is served from GitHub Releases).
Pruned public/downloads/originals/Whitepaper-T-SROI.pdf (large public asset is served from GitHub Releases).
Pruned public/downloads/originals/Wirkungsbasiertes_Value_Pricing_v1.2.pdf (large public asset is served from GitHub Releases).
Pruned public/downloads/originals/Wirkungsrat_Konzept.pdf (large public asset is served from GitHub Releases).
Pruned public/downloads/originals/Wirkungssteuer_WStG_3.0_Gesamtneufassung_2026.pdf (large public asset is served from GitHub Releases).
Pruned public/downloads/originals/Wirkungsökonomie in der Lieferkette.pdf (large public asset is served from GitHub Releases).
Pruned public/downloads/originals/WÖk-Manifest.pdf (large public asset is served from GitHub Releases).
Pruned public/downloads/originals/von-der-wissensgesellschaft-zur-wirkungsgesellschaft-dossier.pdf (large public asset is served from GitHub Releases).
Pruned public/downloads/originals/woek-paper-impact-strategie-controlling-marketing-management-einkauf-chemieindustrie.pdf (large public asset is served from GitHub Releases).
Pruned 797 non-public artifact files.
Public HTML data-attribute validation passed.
Public template placeholder validation passed.
Reference fulltext artifact passed (108 chapter anchors, 108 jump links).
Public JavaScript syntax check passed.
Public JSON validation passed.
Legacy /tools/ redirect and sitemap exclusion passed.
Public artifact safety validation passed.
Built _site with 129 top-level entries (849.0 MB).
Public content: 118 direct links, 96 restored anchors, 56 pages with distinct content IDs, 19 duplicate pages consolidated, 36 redundant search records removed.
Browser search: 39151 entries; 80.41 MB full → 64.79 MB compact / 7.87 MB transferred.
cachebust-css: style.css?v=ca2f3e0a2c07 in 16088/16441 HTML gesetzt.
Wirkungswahl-Kompass public artifact checks passed.
public artifact link integrity: 0 broken, 1489 orphans, 841 duplicate titles
Methoden-/Versions-Indexierbarkeit bestanden (Artefakt): 2 aktuelle und 189 historische Seiten geprüft.

> wirkungsoekonomie-reference@2026.1.0 polls:check-artifact
> node scripts/polls/check-artifact.mjs

Survey artifact passed: 3 pages, runtime assets, no private storage/source exposure.
Seitenfragen: Modul, Integration und Cache-Schlüssel im öffentlichen Artefakt geprüft.
