source,href,target,triage
blog.html,#thema-grundsatz,blog.html,INTENTIONAL_JS_FILTER
blog.html,#thema-bildung,blog.html,INTENTIONAL_JS_FILTER
blog.html,#thema-politik,blog.html,INTENTIONAL_JS_FILTER
blog.html,#thema-wirtschaft,blog.html,INTENTIONAL_JS_FILTER
blog.html,#thema-demokratie,blog.html,INTENTIONAL_JS_FILTER
blog.html,#thema-medien,blog.html,INTENTIONAL_JS_FILTER
blog.html,#thema-ki-und-digitalisierung,blog.html,INTENTIONAL_JS_FILTER
blog.html,#thema-produkte-und-preise,blog.html,INTENTIONAL_JS_FILTER
blog.html,#thema-wohnen,blog.html,INTENTIONAL_JS_FILTER
blog.html,#thema-arbeit-und-soziales,blog.html,INTENTIONAL_JS_FILTER
blog.html,#thema-energie-und-klima,blog.html,INTENTIONAL_JS_FILTER
blog.html,#thema-europa-und-welt,blog.html,INTENTIONAL_JS_FILTER
blog.html,#typ-leitartikel,blog.html,REQUIRES_TARGET_SECTION_REVIEW
blog.html,#typ-langform,blog.html,REQUIRES_TARGET_SECTION_REVIEW
blog.html,#typ-kurzimpuls,blog.html,REQUIRES_TARGET_SECTION_REVIEW
blog.html,#typ-zeitdiagnose,blog.html,REQUIRES_TARGET_SECTION_REVIEW
blog.html,#tag-arbeit,blog.html,REQUIRES_TARGET_SECTION_REVIEW
blog.html,#tag-bildung,blog.html,REQUIRES_TARGET_SECTION_REVIEW
blog.html,#tag-buergerenergie,blog.html,REQUIRES_TARGET_SECTION_REVIEW
blog.html,#tag-demokratie,blog.html,REQUIRES_TARGET_SECTION_REVIEW
blog.html,#tag-energie,blog.html,REQUIRES_TARGET_SECTION_REVIEW
blog.html,#tag-energiegenossenschaften,blog.html,REQUIRES_TARGET_SECTION_REVIEW
blog.html,#tag-energy-sharing,blog.html,REQUIRES_TARGET_SECTION_REVIEW
blog.html,#tag-europa,blog.html,REQUIRES_TARGET_SECTION_REVIEW
blog.html,#tag-finanzmarkt,blog.html,REQUIRES_TARGET_SECTION_REVIEW
blog.html,#tag-foerderpolitik,blog.html,REQUIRES_TARGET_SECTION_REVIEW
blog.html,#tag-geopolitik,blog.html,REQUIRES_TARGET_SECTION_REVIEW
blog.html,#tag-ki,blog.html,REQUIRES_TARGET_SECTION_REVIEW
blog.html,#tag-klima,blog.html,REQUIRES_TARGET_SECTION_REVIEW
blog.html,#tag-kommunikation,blog.html,REQUIRES_TARGET_SECTION_REVIEW
blog.html,#tag-kultur,blog.html,REQUIRES_TARGET_SECTION_REVIEW
blog.html,#tag-mobilitaet,blog.html,REQUIRES_TARGET_SECTION_REVIEW
blog.html,#tag-ernaehrung,blog.html,REQUIRES_TARGET_SECTION_REVIEW
blog.html,#tag-landwirtschaft,blog.html,REQUIRES_TARGET_SECTION_REVIEW
blog.html,#tag-datenstandards,blog.html,REQUIRES_TARGET_SECTION_REVIEW
blog.html,#tag-governance,blog.html,REQUIRES_TARGET_SECTION_REVIEW
blog.html,#tag-nachbarschaftsstrom,blog.html,REQUIRES_TARGET_SECTION_REVIEW
blog.html,#tag-pilotraeume,blog.html,REQUIRES_TARGET_SECTION_REVIEW
blog.html,#tag-massstab,blog.html,REQUIRES_TARGET_SECTION_REVIEW
blog.html,#tag-medien,blog.html,REQUIRES_TARGET_SECTION_REVIEW
blog.html,#tag-nachhaltigkeit,blog.html,REQUIRES_TARGET_SECTION_REVIEW
blog.html,#tag-ordnung,blog.html,REQUIRES_TARGET_SECTION_REVIEW
blog.html,#tag-politik,blog.html,REQUIRES_TARGET_SECTION_REVIEW
blog.html,#tag-preise,blog.html,REQUIRES_TARGET_SECTION_REVIEW
blog.html,#tag-resilienz,blog.html,REQUIRES_TARGET_SECTION_REVIEW
blog.html,#tag-sdg-7,blog.html,REQUIRES_TARGET_SECTION_REVIEW
blog.html,#tag-sdgs,blog.html,REQUIRES_TARGET_SECTION_REVIEW
blog.html,#tag-social-taxonomy,blog.html,REQUIRES_TARGET_SECTION_REVIEW
blog.html,#tag-steuern,blog.html,REQUIRES_TARGET_SECTION_REVIEW
blog.html,#tag-unternehmen,blog.html,REQUIRES_TARGET_SECTION_REVIEW
blog.html,#tag-wirkung,blog.html,REQUIRES_TARGET_SECTION_REVIEW
blog.html,#tag-wirkungsfoerderung,blog.html,REQUIRES_TARGET_SECTION_REVIEW
blog.html,#tag-wirkungsmanagement,blog.html,REQUIRES_TARGET_SECTION_REVIEW
blog.html,#tag-wirkungsfinanzpolitik,blog.html,REQUIRES_TARGET_SECTION_REVIEW
blog.html,#tag-wirkungsokonomie,blog.html,REQUIRES_TARGET_SECTION_REVIEW
blog.html,#tag-wirkungskompetenz,blog.html,REQUIRES_TARGET_SECTION_REVIEW
blog.html,#tag-wirkungsschule,blog.html,REQUIRES_TARGET_SECTION_REVIEW
blog.html,#tag-wirkungspaedagogik,blog.html,REQUIRES_TARGET_SECTION_REVIEW
blog.html,#tag-wirkungsluecke,blog.html,REQUIRES_TARGET_SECTION_REVIEW
blog.html,#tag-wirkungspotenzial,blog.html,REQUIRES_TARGET_SECTION_REVIEW
blog.html,#tag-wirkungspraxis,blog.html,REQUIRES_TARGET_SECTION_REVIEW
blog.html,#tag-wirkungsraum,blog.html,REQUIRES_TARGET_SECTION_REVIEW
blog.html,#tag-wirkstoff,blog.html,REQUIRES_TARGET_SECTION_REVIEW
blog.html,#tag-wirtschaft,blog.html,REQUIRES_TARGET_SECTION_REVIEW
blog.html,#tag-wohnen,blog.html,REQUIRES_TARGET_SECTION_REVIEW
blog.html,#thema-politik,blog.html,INTENTIONAL_JS_FILTER
blog.html,#tag-wirkungsfinanzpolitik,blog.html,REQUIRES_TARGET_SECTION_REVIEW
blog.html,#tag-politik,blog.html,REQUIRES_TARGET_SECTION_REVIEW
blog.html,#tag-steuern,blog.html,REQUIRES_TARGET_SECTION_REVIEW
blog.html,#tag-wirkung,blog.html,REQUIRES_TARGET_SECTION_REVIEW
blog.html,#thema-energie-und-klima,blog.html,INTENTIONAL_JS_FILTER
blog.html,#tag-energy-sharing,blog.html,REQUIRES_TARGET_SECTION_REVIEW
blog.html,#tag-energiegemeinschaften,blog.html,REQUIRES_TARGET_SECTION_REVIEW
blog.html,#tag-energiegenossenschaften,blog.html,REQUIRES_TARGET_SECTION_REVIEW
blog.html,#tag-buergerenergie,blog.html,REQUIRES_TARGET_SECTION_REVIEW
blog.html,#tag-nachbarschaftsstrom,blog.html,REQUIRES_TARGET_SECTION_REVIEW
blog.html,#thema-europa-und-welt,blog.html,INTENTIONAL_JS_FILTER
blog.html,#tag-europa,blog.html,REQUIRES_TARGET_SECTION_REVIEW
blog.html,#tag-preise,blog.html,REQUIRES_TARGET_SECTION_REVIEW
blog.html,#tag-steuern,blog.html,REQUIRES_TARGET_SECTION_REVIEW
blog.html,#tag-wirkungsokonomie,blog.html,REQUIRES_TARGET_SECTION_REVIEW
blog.html,#thema-energie-und-klima,blog.html,INTENTIONAL_JS_FILTER
blog.html,#tag-klima,blog.html,REQUIRES_TARGET_SECTION_REVIEW
blog.html,#tag-energie,blog.html,REQUIRES_TARGET_SECTION_REVIEW
blog.html,#tag-preise,blog.html,REQUIRES_TARGET_SECTION_REVIEW
blog.html,#tag-steuern,blog.html,REQUIRES_TARGET_SECTION_REVIEW
blog.html,#tag-wirkungsokonomie,blog.html,REQUIRES_TARGET_SECTION_REVIEW
blog.html,#thema-produkte-und-preise,blog.html,INTENTIONAL_JS_FILTER
blog.html,#tag-preise,blog.html,REQUIRES_TARGET_SECTION_REVIEW
blog.html,#tag-steuern,blog.html,REQUIRES_TARGET_SECTION_REVIEW
blog.html,#tag-wirkung,blog.html,REQUIRES_TARGET_SECTION_REVIEW
blog.html,#tag-wirkungsokonomie,blog.html,REQUIRES_TARGET_SECTION_REVIEW
blog.html,#thema-finanzmarkt,blog.html,INTENTIONAL_JS_FILTER
blog.html,#tag-finanzmarkt,blog.html,REQUIRES_TARGET_SECTION_REVIEW
blog.html,#tag-social-taxonomy,blog.html,REQUIRES_TARGET_SECTION_REVIEW
blog.html,#tag-nachhaltigkeit,blog.html,REQUIRES_TARGET_SECTION_REVIEW
blog.html,#tag-wirkung,blog.html,REQUIRES_TARGET_SECTION_REVIEW
blog.html,#thema-bildung,blog.html,INTENTIONAL_JS_FILTER
blog.html,#tag-bildung,blog.html,REQUIRES_TARGET_SECTION_REVIEW
blog.html,#tag-wirkungsschule,blog.html,REQUIRES_TARGET_SECTION_REVIEW
blog.html,#tag-wirkungspaedagogik,blog.html,REQUIRES_TARGET_SECTION_REVIEW
blog.html,#tag-wirkungskompetenz,blog.html,REQUIRES_TARGET_SECTION_REVIEW
blog.html,#thema-bildung,blog.html,INTENTIONAL_JS_FILTER
blog.html,#tag-bildung,blog.html,REQUIRES_TARGET_SECTION_REVIEW
blog.html,#tag-wirkungsfoerderung,blog.html,REQUIRES_TARGET_SECTION_REVIEW
blog.html,#tag-wirkungskompetenz,blog.html,REQUIRES_TARGET_SECTION_REVIEW
blog.html,#tag-wirkungsokonomie,blog.html,REQUIRES_TARGET_SECTION_REVIEW
blog.html,#thema-wohnen,blog.html,INTENTIONAL_JS_FILTER
blog.html,#tag-wohnen,blog.html,REQUIRES_TARGET_SECTION_REVIEW
blog.html,#tag-nachhaltigkeit,blog.html,REQUIRES_TARGET_SECTION_REVIEW
blog.html,#tag-finanzmarkt,blog.html,REQUIRES_TARGET_SECTION_REVIEW
blog.html,#tag-resilienz,blog.html,REQUIRES_TARGET_SECTION_REVIEW
blog.html,#thema-grundsatz,blog.html,INTENTIONAL_JS_FILTER
blog.html,#tag-nachhaltigkeit,blog.html,REQUIRES_TARGET_SECTION_REVIEW
blog.html,#tag-resilienz,blog.html,REQUIRES_TARGET_SECTION_REVIEW
blog.html,#tag-wohnen,blog.html,REQUIRES_TARGET_SECTION_REVIEW
blog.html,#tag-sdgs,blog.html,REQUIRES_TARGET_SECTION_REVIEW
blog.html,#tag-wirkung,blog.html,REQUIRES_TARGET_SECTION_REVIEW
blog.html,#tag-wirkungsokonomie,blog.html,REQUIRES_TARGET_SECTION_REVIEW
blog.html,#thema-demokratie,blog.html,INTENTIONAL_JS_FILTER
blog.html,#tag-ordnung,blog.html,REQUIRES_TARGET_SECTION_REVIEW
blog.html,#tag-demokratie,blog.html,REQUIRES_TARGET_SECTION_REVIEW
blog.html,#tag-sdgs,blog.html,REQUIRES_TARGET_SECTION_REVIEW
blog.html,#tag-wirkungspraxis,blog.html,REQUIRES_TARGET_SECTION_REVIEW
blog.html,#tag-wirkungsluecke,blog.html,REQUIRES_TARGET_SECTION_REVIEW
blog.html,#tag-wirkungsokonomie,blog.html,REQUIRES_TARGET_SECTION_REVIEW
blog.html,#thema-grundsatz,blog.html,INTENTIONAL_JS_FILTER
blog.html,#tag-wirkung,blog.html,REQUIRES_TARGET_SECTION_REVIEW
blog.html,#tag-wirkungsmanagement,blog.html,REQUIRES_TARGET_SECTION_REVIEW
blog.html,#tag-foerderpolitik,blog.html,REQUIRES_TARGET_SECTION_REVIEW
blog.html,#tag-wirkungsokonomie,blog.html,REQUIRES_TARGET_SECTION_REVIEW
blog.html,#thema-demokratie,blog.html,INTENTIONAL_JS_FILTER
blog.html,#tag-demokratie,blog.html,REQUIRES_TARGET_SECTION_REVIEW
blog.html,#tag-medien,blog.html,REQUIRES_TARGET_SECTION_REVIEW
blog.html,#tag-kommunikation,blog.html,REQUIRES_TARGET_SECTION_REVIEW
blog.html,#tag-wirkungsraum,blog.html,REQUIRES_TARGET_SECTION_REVIEW
blog.html,#tag-wirkungskompetenz,blog.html,REQUIRES_TARGET_SECTION_REVIEW
blog.html,#tag-wirkungsokonomie,blog.html,REQUIRES_TARGET_SECTION_REVIEW
blog.html,#thema-medien,blog.html,INTENTIONAL_JS_FILTER
blog.html,#tag-medien,blog.html,REQUIRES_TARGET_SECTION_REVIEW
blog.html,#tag-demokratie,blog.html,REQUIRES_TARGET_SECTION_REVIEW
blog.html,#tag-kommunikation,blog.html,REQUIRES_TARGET_SECTION_REVIEW
blog.html,#tag-wirkungspotenzial,blog.html,REQUIRES_TARGET_SECTION_REVIEW
blog.html,#tag-wirkstoff,blog.html,REQUIRES_TARGET_SECTION_REVIEW
blog.html,#tag-wirkungsokonomie,blog.html,REQUIRES_TARGET_SECTION_REVIEW
blog.html,#thema-grundsatz,blog.html,INTENTIONAL_JS_FILTER
blog.html,#tag-massstab,blog.html,REQUIRES_TARGET_SECTION_REVIEW
blog.html,#tag-wirkungsokonomie,blog.html,REQUIRES_TARGET_SECTION_REVIEW
blog.html,#tag-demokratie,blog.html,REQUIRES_TARGET_SECTION_REVIEW
blog.html,#tag-klima,blog.html,REQUIRES_TARGET_SECTION_REVIEW
blog.html,#thema-wirtschaft,blog.html,INTENTIONAL_JS_FILTER
blog.html,#tag-wirtschaft,blog.html,REQUIRES_TARGET_SECTION_REVIEW
blog.html,#tag-nachhaltigkeit,blog.html,REQUIRES_TARGET_SECTION_REVIEW
blog.html,#tag-wirkungsokonomie,blog.html,REQUIRES_TARGET_SECTION_REVIEW
blog.html,#thema-politik,blog.html,INTENTIONAL_JS_FILTER
blog.html,#tag-politik,blog.html,REQUIRES_TARGET_SECTION_REVIEW
blog.html,#tag-demokratie,blog.html,REQUIRES_TARGET_SECTION_REVIEW
blog.html,#tag-wirkungsokonomie,blog.html,REQUIRES_TARGET_SECTION_REVIEW
blog.html,#thema-politik,blog.html,INTENTIONAL_JS_FILTER
blog.html,#tag-politik,blog.html,REQUIRES_TARGET_SECTION_REVIEW
blog.html,#tag-demokratie,blog.html,REQUIRES_TARGET_SECTION_REVIEW
blog.html,#tag-unternehmen,blog.html,REQUIRES_TARGET_SECTION_REVIEW
blog.html,#tag-wirkungsokonomie,blog.html,REQUIRES_TARGET_SECTION_REVIEW
blog.html,#thema-politik,blog.html,INTENTIONAL_JS_FILTER
blog.html,#tag-politik,blog.html,REQUIRES_TARGET_SECTION_REVIEW
blog.html,#tag-demokratie,blog.html,REQUIRES_TARGET_SECTION_REVIEW
blog.html,#tag-energie,blog.html,REQUIRES_TARGET_SECTION_REVIEW
blog.html,#tag-klima,blog.html,REQUIRES_TARGET_SECTION_REVIEW
blog.html,#tag-wirtschaft,blog.html,REQUIRES_TARGET_SECTION_REVIEW
blog.html,#thema-ki-und-digitalisierung,blog.html,INTENTIONAL_JS_FILTER
blog.html,#tag-ki,blog.html,REQUIRES_TARGET_SECTION_REVIEW
blog.html,#tag-unternehmen,blog.html,REQUIRES_TARGET_SECTION_REVIEW
blog.html,#tag-wirkungsokonomie,blog.html,REQUIRES_TARGET_SECTION_REVIEW
blog.html,#thema-politik,blog.html,INTENTIONAL_JS_FILTER
blog.html,#tag-politik,blog.html,REQUIRES_TARGET_SECTION_REVIEW
blog.html,#tag-demokratie,blog.html,REQUIRES_TARGET_SECTION_REVIEW
blog.html,#tag-klima,blog.html,REQUIRES_TARGET_SECTION_REVIEW
blog.html,#tag-europa,blog.html,REQUIRES_TARGET_SECTION_REVIEW
blog.html,#tag-wirkungsokonomie,blog.html,REQUIRES_TARGET_SECTION_REVIEW
blog.html,#thema-politik,blog.html,INTENTIONAL_JS_FILTER
blog.html,#tag-politik,blog.html,REQUIRES_TARGET_SECTION_REVIEW
blog.html,#tag-demokratie,blog.html,REQUIRES_TARGET_SECTION_REVIEW
blog.html,#tag-klima,blog.html,REQUIRES_TARGET_SECTION_REVIEW
blog.html,#tag-wirtschaft,blog.html,REQUIRES_TARGET_SECTION_REVIEW
blog.html,#tag-finanzmarkt,blog.html,REQUIRES_TARGET_SECTION_REVIEW
blog.html,#thema-politik,blog.html,INTENTIONAL_JS_FILTER
blog.html,#tag-politik,blog.html,REQUIRES_TARGET_SECTION_REVIEW
blog.html,#tag-demokratie,blog.html,REQUIRES_TARGET_SECTION_REVIEW
blog.html,#tag-energie,blog.html,REQUIRES_TARGET_SECTION_REVIEW
blog.html,#tag-klima,blog.html,REQUIRES_TARGET_SECTION_REVIEW
blog.html,#tag-preise,blog.html,REQUIRES_TARGET_SECTION_REVIEW
blog.html,#thema-energie-und-klima,blog.html,INTENTIONAL_JS_FILTER
blog.html,#tag-energie,blog.html,REQUIRES_TARGET_SECTION_REVIEW
blog.html,#tag-klima,blog.html,REQUIRES_TARGET_SECTION_REVIEW
blog.html,#tag-wirkungsokonomie,blog.html,REQUIRES_TARGET_SECTION_REVIEW
blog.html,#thema-wohnen,blog.html,INTENTIONAL_JS_FILTER
blog.html,#tag-wohnen,blog.html,REQUIRES_TARGET_SECTION_REVIEW
blog.html,#tag-energie,blog.html,REQUIRES_TARGET_SECTION_REVIEW
blog.html,#tag-wirkungsokonomie,blog.html,REQUIRES_TARGET_SECTION_REVIEW
blog.html,#thema-wirtschaft,blog.html,INTENTIONAL_JS_FILTER
blog.html,#tag-wirtschaft,blog.html,REQUIRES_TARGET_SECTION_REVIEW
blog.html,#tag-unternehmen,blog.html,REQUIRES_TARGET_SECTION_REVIEW
blog.html,#tag-resilienz,blog.html,REQUIRES_TARGET_SECTION_REVIEW
blog.html,#tag-wirkungsokonomie,blog.html,REQUIRES_TARGET_SECTION_REVIEW
blog.html,#thema-grundsatz,blog.html,INTENTIONAL_JS_FILTER
blog.html,#tag-massstab,blog.html,REQUIRES_TARGET_SECTION_REVIEW
blog.html,#tag-wirkungsokonomie,blog.html,REQUIRES_TARGET_SECTION_REVIEW
blog.html,#tag-politik,blog.html,REQUIRES_TARGET_SECTION_REVIEW
blog.html,#thema-arbeit-und-soziales,blog.html,INTENTIONAL_JS_FILTER
blog.html,#tag-arbeit,blog.html,REQUIRES_TARGET_SECTION_REVIEW
blog.html,#tag-wirtschaft,blog.html,REQUIRES_TARGET_SECTION_REVIEW
blog.html,#tag-finanzmarkt,blog.html,REQUIRES_TARGET_SECTION_REVIEW
blog.html,#tag-steuern,blog.html,REQUIRES_TARGET_SECTION_REVIEW
blog.html,#tag-wirkungsokonomie,blog.html,REQUIRES_TARGET_SECTION_REVIEW
portale/zukunftsbilder-wirkungswohlstand/index.html,#wirkungsokonomie,portale/zukunftsbilder-wirkungswohlstand/index.html,REQUIRES_TARGET_SECTION_REVIEW
portale/zukunftsbilder-wirkungswohlstand/index.html,#woek-rang-22-portalstartseite,portale/zukunftsbilder-wirkungswohlstand/index.html,REQUIRES_TARGET_SECTION_REVIEW
portale/zukunftsbilder-wirkungswohlstand/index.html,#inhaltsverzeichnis,portale/zukunftsbilder-wirkungswohlstand/index.html,REQUIRES_TARGET_SECTION_REVIEW
portale/zukunftsbilder-wirkungswohlstand/index.html,#dokumentlogik,portale/zukunftsbilder-wirkungswohlstand/index.html,REQUIRES_TARGET_SECTION_REVIEW
portale/zukunftsbilder-wirkungswohlstand/index.html,#kurzfassung,portale/zukunftsbilder-wirkungswohlstand/index.html,REQUIRES_TARGET_SECTION_REVIEW
portale/zukunftsbilder-wirkungswohlstand/quellen-glossar/index.html,#wirkungsokonomie,portale/zukunftsbilder-wirkungswohlstand/quellen-glossar/index.html,REQUIRES_TARGET_SECTION_REVIEW
portale/zukunftsbilder-wirkungswohlstand/quellen-glossar/index.html,#woek-rang-22-quellen-und-glossarlinks,portale/zukunftsbilder-wirkungswohlstand/quellen-glossar/index.html,REQUIRES_TARGET_SECTION_REVIEW
portale/zukunftsbilder-wirkungswohlstand/quellen-glossar/index.html,#inhaltsverzeichnis,portale/zukunftsbilder-wirkungswohlstand/quellen-glossar/index.html,REQUIRES_TARGET_SECTION_REVIEW
portale/zukunftsbilder-wirkungswohlstand/quellen-glossar/index.html,#dokumentlogik,portale/zukunftsbilder-wirkungswohlstand/quellen-glossar/index.html,REQUIRES_TARGET_SECTION_REVIEW
portale/zukunftsbilder-wirkungswohlstand/quellen-glossar/index.html,#kurzfassung,portale/zukunftsbilder-wirkungswohlstand/quellen-glossar/index.html,REQUIRES_TARGET_SECTION_REVIEW
portale/zukunftsbilder-wirkungswohlstand/schlussbild/index.html,#wirkungsokonomie,portale/zukunftsbilder-wirkungswohlstand/schlussbild/index.html,REQUIRES_TARGET_SECTION_REVIEW
portale/zukunftsbilder-wirkungswohlstand/schlussbild/index.html,#woek-rang-22-detailkonzept-10-schlussbild-und-zivilisatorische-perspektive,portale/zukunftsbilder-wirkungswohlstand/schlussbild/index.html,REQUIRES_TARGET_SECTION_REVIEW
portale/zukunftsbilder-wirkungswohlstand/schlussbild/index.html,#inhaltsverzeichnis,portale/zukunftsbilder-wirkungswohlstand/schlussbild/index.html,REQUIRES_TARGET_SECTION_REVIEW
portale/zukunftsbilder-wirkungswohlstand/schlussbild/index.html,#dokumentlogik,portale/zukunftsbilder-wirkungswohlstand/schlussbild/index.html,REQUIRES_TARGET_SECTION_REVIEW
portale/zukunftsbilder-wirkungswohlstand/schlussbild/index.html,#kurzfassung,portale/zukunftsbilder-wirkungswohlstand/schlussbild/index.html,REQUIRES_TARGET_SECTION_REVIEW
portale/zukunftsbilder-wirkungswohlstand/globale-ordnung-2050/index.html,#wirkungsokonomie,portale/zukunftsbilder-wirkungswohlstand/globale-ordnung-2050/index.html,REQUIRES_TARGET_SECTION_REVIEW
portale/zukunftsbilder-wirkungswohlstand/globale-ordnung-2050/index.html,#woek-rang-22-detailkonzept-4-globale-ordnung-2050-und-weltfahige-ruckkopplung,portale/zukunftsbilder-wirkungswohlstand/globale-ordnung-2050/index.html,REQUIRES_TARGET_SECTION_REVIEW
portale/zukunftsbilder-wirkungswohlstand/globale-ordnung-2050/index.html,#inhaltsverzeichnis,portale/zukunftsbilder-wirkungswohlstand/globale-ordnung-2050/index.html,REQUIRES_TARGET_SECTION_REVIEW
portale/zukunftsbilder-wirkungswohlstand/globale-ordnung-2050/index.html,#dokumentlogik,portale/zukunftsbilder-wirkungswohlstand/globale-ordnung-2050/index.html,REQUIRES_TARGET_SECTION_REVIEW
portale/zukunftsbilder-wirkungswohlstand/globale-ordnung-2050/index.html,#kurzfassung,portale/zukunftsbilder-wirkungswohlstand/globale-ordnung-2050/index.html,REQUIRES_TARGET_SECTION_REVIEW
portale/zukunftsbilder-wirkungswohlstand/staat-2035/index.html,#wirkungsokonomie,portale/zukunftsbilder-wirkungswohlstand/staat-2035/index.html,REQUIRES_TARGET_SECTION_REVIEW
portale/zukunftsbilder-wirkungswohlstand/staat-2035/index.html,#woek-rang-22-detailkonzept-3-staat-2035-wirkungshaushalt-und-lernende-verwaltung,portale/zukunftsbilder-wirkungswohlstand/staat-2035/index.html,REQUIRES_TARGET_SECTION_REVIEW
portale/zukunftsbilder-wirkungswohlstand/staat-2035/index.html,#inhaltsverzeichnis,portale/zukunftsbilder-wirkungswohlstand/staat-2035/index.html,REQUIRES_TARGET_SECTION_REVIEW
portale/zukunftsbilder-wirkungswohlstand/staat-2035/index.html,#dokumentlogik,portale/zukunftsbilder-wirkungswohlstand/staat-2035/index.html,REQUIRES_TARGET_SECTION_REVIEW
portale/zukunftsbilder-wirkungswohlstand/staat-2035/index.html,#kurzfassung,portale/zukunftsbilder-wirkungswohlstand/staat-2035/index.html,REQUIRES_TARGET_SECTION_REVIEW
portale/zukunftsbilder-wirkungswohlstand/sdg-sdgplus/index.html,#wirkungsokonomie,portale/zukunftsbilder-wirkungswohlstand/sdg-sdgplus/index.html,REQUIRES_TARGET_SECTION_REVIEW
portale/zukunftsbilder-wirkungswohlstand/sdg-sdgplus/index.html,#woek-rang-22-sdg-und-sdg-block,portale/zukunftsbilder-wirkungswohlstand/sdg-sdgplus/index.html,REQUIRES_TARGET_SECTION_REVIEW
portale/zukunftsbilder-wirkungswohlstand/sdg-sdgplus/index.html,#inhaltsverzeichnis,portale/zukunftsbilder-wirkungswohlstand/sdg-sdgplus/index.html,REQUIRES_TARGET_SECTION_REVIEW
portale/zukunftsbilder-wirkungswohlstand/sdg-sdgplus/index.html,#dokumentlogik,portale/zukunftsbilder-wirkungswohlstand/sdg-sdgplus/index.html,REQUIRES_TARGET_SECTION_REVIEW
portale/zukunftsbilder-wirkungswohlstand/sdg-sdgplus/index.html,#kurzfassung,portale/zukunftsbilder-wirkungswohlstand/sdg-sdgplus/index.html,REQUIRES_TARGET_SECTION_REVIEW
portale/zukunftsbilder-wirkungswohlstand/unternehmen-2035/index.html,#wirkungsokonomie,portale/zukunftsbilder-wirkungswohlstand/unternehmen-2035/index.html,REQUIRES_TARGET_SECTION_REVIEW
portale/zukunftsbilder-wirkungswohlstand/unternehmen-2035/index.html,#woek-rang-22-detailkonzept-2-unternehmen-2035-und-wirkungsorientierte-fuhrung,portale/zukunftsbilder-wirkungswohlstand/unternehmen-2035/index.html,REQUIRES_TARGET_SECTION_REVIEW
portale/zukunftsbilder-wirkungswohlstand/unternehmen-2035/index.html,#inhaltsverzeichnis,portale/zukunftsbilder-wirkungswohlstand/unternehmen-2035/index.html,REQUIRES_TARGET_SECTION_REVIEW
portale/zukunftsbilder-wirkungswohlstand/unternehmen-2035/index.html,#dokumentlogik,portale/zukunftsbilder-wirkungswohlstand/unternehmen-2035/index.html,REQUIRES_TARGET_SECTION_REVIEW
portale/zukunftsbilder-wirkungswohlstand/unternehmen-2035/index.html,#kurzfassung,portale/zukunftsbilder-wirkungswohlstand/unternehmen-2035/index.html,REQUIRES_TARGET_SECTION_REVIEW
portale/zukunftsbilder-wirkungswohlstand/zukunftskommunikation/index.html,#wirkungsokonomie,portale/zukunftsbilder-wirkungswohlstand/zukunftskommunikation/index.html,REQUIRES_TARGET_SECTION_REVIEW
portale/zukunftsbilder-wirkungswohlstand/zukunftskommunikation/index.html,#woek-rang-22-detailkonzept-8-zukunftskommunikation-narrative-und-resonanzraume,portale/zukunftsbilder-wirkungswohlstand/zukunftskommunikation/index.html,REQUIRES_TARGET_SECTION_REVIEW
portale/zukunftsbilder-wirkungswohlstand/zukunftskommunikation/index.html,#inhaltsverzeichnis,portale/zukunftsbilder-wirkungswohlstand/zukunftskommunikation/index.html,REQUIRES_TARGET_SECTION_REVIEW
portale/zukunftsbilder-wirkungswohlstand/zukunftskommunikation/index.html,#dokumentlogik,portale/zukunftsbilder-wirkungswohlstand/zukunftskommunikation/index.html,REQUIRES_TARGET_SECTION_REVIEW
portale/zukunftsbilder-wirkungswohlstand/zukunftskommunikation/index.html,#kurzfassung,portale/zukunftsbilder-wirkungswohlstand/zukunftskommunikation/index.html,REQUIRES_TARGET_SECTION_REVIEW
portale/zukunftsbilder-wirkungswohlstand/wirkungswohlstand/index.html,#wirkungsokonomie,portale/zukunftsbilder-wirkungswohlstand/wirkungswohlstand/index.html,REQUIRES_TARGET_SECTION_REVIEW
portale/zukunftsbilder-wirkungswohlstand/wirkungswohlstand/index.html,#woek-rang-22-detailkonzept-5-wirkungswohlstand-und-wohlstand-ohne-zerstorung,portale/zukunftsbilder-wirkungswohlstand/wirkungswohlstand/index.html,REQUIRES_TARGET_SECTION_REVIEW
portale/zukunftsbilder-wirkungswohlstand/wirkungswohlstand/index.html,#inhaltsverzeichnis,portale/zukunftsbilder-wirkungswohlstand/wirkungswohlstand/index.html,REQUIRES_TARGET_SECTION_REVIEW
portale/zukunftsbilder-wirkungswohlstand/wirkungswohlstand/index.html,#dokumentlogik,portale/zukunftsbilder-wirkungswohlstand/wirkungswohlstand/index.html,REQUIRES_TARGET_SECTION_REVIEW
portale/zukunftsbilder-wirkungswohlstand/wirkungswohlstand/index.html,#kurzfassung,portale/zukunftsbilder-wirkungswohlstand/wirkungswohlstand/index.html,REQUIRES_TARGET_SECTION_REVIEW
portale/zukunftsbilder-wirkungswohlstand/wirkungspraxis/index.html,#wirkungsokonomie,portale/zukunftsbilder-wirkungswohlstand/wirkungspraxis/index.html,REQUIRES_TARGET_SECTION_REVIEW
portale/zukunftsbilder-wirkungswohlstand/wirkungspraxis/index.html,#woek-rang-22-detailkonzept-7-wirkungspraxis-in-konsum-arbeit-wohnen-und-mobilitat,portale/zukunftsbilder-wirkungswohlstand/wirkungspraxis/index.html,REQUIRES_TARGET_SECTION_REVIEW
portale/zukunftsbilder-wirkungswohlstand/wirkungspraxis/index.html,#inhaltsverzeichnis,portale/zukunftsbilder-wirkungswohlstand/wirkungspraxis/index.html,REQUIRES_TARGET_SECTION_REVIEW
portale/zukunftsbilder-wirkungswohlstand/wirkungspraxis/index.html,#dokumentlogik,portale/zukunftsbilder-wirkungswohlstand/wirkungspraxis/index.html,REQUIRES_TARGET_SECTION_REVIEW
portale/zukunftsbilder-wirkungswohlstand/wirkungspraxis/index.html,#kurzfassung,portale/zukunftsbilder-wirkungswohlstand/wirkungspraxis/index.html,REQUIRES_TARGET_SECTION_REVIEW
portale/zukunftsbilder-wirkungswohlstand/politische-anschlussfaehigkeit/index.html,#wirkungsokonomie,portale/zukunftsbilder-wirkungswohlstand/politische-anschlussfaehigkeit/index.html,REQUIRES_TARGET_SECTION_REVIEW
portale/zukunftsbilder-wirkungswohlstand/politische-anschlussfaehigkeit/index.html,#woek-rang-22-politische-anschlussfahigkeit,portale/zukunftsbilder-wirkungswohlstand/politische-anschlussfaehigkeit/index.html,REQUIRES_TARGET_SECTION_REVIEW
portale/zukunftsbilder-wirkungswohlstand/politische-anschlussfaehigkeit/index.html,#inhaltsverzeichnis,portale/zukunftsbilder-wirkungswohlstand/politische-anschlussfaehigkeit/index.html,REQUIRES_TARGET_SECTION_REVIEW
portale/zukunftsbilder-wirkungswohlstand/politische-anschlussfaehigkeit/index.html,#dokumentlogik,portale/zukunftsbilder-wirkungswohlstand/politische-anschlussfaehigkeit/index.html,REQUIRES_TARGET_SECTION_REVIEW
portale/zukunftsbilder-wirkungswohlstand/politische-anschlussfaehigkeit/index.html,#kurzfassung,portale/zukunftsbilder-wirkungswohlstand/politische-anschlussfaehigkeit/index.html,REQUIRES_TARGET_SECTION_REVIEW
portale/zukunftsbilder-wirkungswohlstand/wirkungs-bip-verlustleistung/index.html,#wirkungsokonomie,portale/zukunftsbilder-wirkungswohlstand/wirkungs-bip-verlustleistung/index.html,REQUIRES_TARGET_SECTION_REVIEW
portale/zukunftsbilder-wirkungswohlstand/wirkungs-bip-verlustleistung/index.html,#woek-rang-22-detailkonzept-9-wohlstandsmessung-wirkungs-bip-und-verlustleistung,portale/zukunftsbilder-wirkungswohlstand/wirkungs-bip-verlustleistung/index.html,REQUIRES_TARGET_SECTION_REVIEW
portale/zukunftsbilder-wirkungswohlstand/wirkungs-bip-verlustleistung/index.html,#inhaltsverzeichnis,portale/zukunftsbilder-wirkungswohlstand/wirkungs-bip-verlustleistung/index.html,REQUIRES_TARGET_SECTION_REVIEW
portale/zukunftsbilder-wirkungswohlstand/wirkungs-bip-verlustleistung/index.html,#dokumentlogik,portale/zukunftsbilder-wirkungswohlstand/wirkungs-bip-verlustleistung/index.html,REQUIRES_TARGET_SECTION_REVIEW
portale/zukunftsbilder-wirkungswohlstand/wirkungs-bip-verlustleistung/index.html,#kurzfassung,portale/zukunftsbilder-wirkungswohlstand/wirkungs-bip-verlustleistung/index.html,REQUIRES_TARGET_SECTION_REVIEW
portale/zukunftsbilder-wirkungswohlstand/wirkungsindikatoren/index.html,#wirkungsokonomie,portale/zukunftsbilder-wirkungswohlstand/wirkungsindikatoren/index.html,REQUIRES_TARGET_SECTION_REVIEW
portale/zukunftsbilder-wirkungswohlstand/wirkungsindikatoren/index.html,#woek-rang-22-wirkungsindikatoren,portale/zukunftsbilder-wirkungswohlstand/wirkungsindikatoren/index.html,REQUIRES_TARGET_SECTION_REVIEW
portale/zukunftsbilder-wirkungswohlstand/wirkungsindikatoren/index.html,#inhaltsverzeichnis,portale/zukunftsbilder-wirkungswohlstand/wirkungsindikatoren/index.html,REQUIRES_TARGET_SECTION_REVIEW
portale/zukunftsbilder-wirkungswohlstand/wirkungsindikatoren/index.html,#dokumentlogik,portale/zukunftsbilder-wirkungswohlstand/wirkungsindikatoren/index.html,REQUIRES_TARGET_SECTION_REVIEW
portale/zukunftsbilder-wirkungswohlstand/wirkungsindikatoren/index.html,#kurzfassung,portale/zukunftsbilder-wirkungswohlstand/wirkungsindikatoren/index.html,REQUIRES_TARGET_SECTION_REVIEW
portale/zukunftsbilder-wirkungswohlstand/buergerinnen-co-autorinnen/index.html,#wirkungsokonomie,portale/zukunftsbilder-wirkungswohlstand/buergerinnen-co-autorinnen/index.html,REQUIRES_TARGET_SECTION_REVIEW
portale/zukunftsbilder-wirkungswohlstand/buergerinnen-co-autorinnen/index.html,#woek-rang-22-detailkonzept-6-burger-innen-als-co-autor-innen-der-wirkung,portale/zukunftsbilder-wirkungswohlstand/buergerinnen-co-autorinnen/index.html,REQUIRES_TARGET_SECTION_REVIEW
portale/zukunftsbilder-wirkungswohlstand/buergerinnen-co-autorinnen/index.html,#inhaltsverzeichnis,portale/zukunftsbilder-wirkungswohlstand/buergerinnen-co-autorinnen/index.html,REQUIRES_TARGET_SECTION_REVIEW
portale/zukunftsbilder-wirkungswohlstand/buergerinnen-co-autorinnen/index.html,#dokumentlogik,portale/zukunftsbilder-wirkungswohlstand/buergerinnen-co-autorinnen/index.html,REQUIRES_TARGET_SECTION_REVIEW
portale/zukunftsbilder-wirkungswohlstand/buergerinnen-co-autorinnen/index.html,#kurzfassung,portale/zukunftsbilder-wirkungswohlstand/buergerinnen-co-autorinnen/index.html,REQUIRES_TARGET_SECTION_REVIEW
portale/zukunftsbilder-wirkungswohlstand/toolkarten/index.html,#wirkungsokonomie,portale/zukunftsbilder-wirkungswohlstand/toolkarten/index.html,REQUIRES_TARGET_SECTION_REVIEW
portale/zukunftsbilder-wirkungswohlstand/toolkarten/index.html,#woek-rang-22-toolkarten,portale/zukunftsbilder-wirkungswohlstand/toolkarten/index.html,REQUIRES_TARGET_SECTION_REVIEW
portale/zukunftsbilder-wirkungswohlstand/toolkarten/index.html,#inhaltsverzeichnis,portale/zukunftsbilder-wirkungswohlstand/toolkarten/index.html,REQUIRES_TARGET_SECTION_REVIEW
portale/zukunftsbilder-wirkungswohlstand/toolkarten/index.html,#dokumentlogik,portale/zukunftsbilder-wirkungswohlstand/toolkarten/index.html,REQUIRES_TARGET_SECTION_REVIEW
portale/zukunftsbilder-wirkungswohlstand/toolkarten/index.html,#kurzfassung,portale/zukunftsbilder-wirkungswohlstand/toolkarten/index.html,REQUIRES_TARGET_SECTION_REVIEW
portale/zukunftsbilder-wirkungswohlstand/gesamtdossier/index.html,#wirkungsokonomie,portale/zukunftsbilder-wirkungswohlstand/gesamtdossier/index.html,REQUIRES_TARGET_SECTION_REVIEW
portale/zukunftsbilder-wirkungswohlstand/gesamtdossier/index.html,#woek-rang-22-gesamtdossier,portale/zukunftsbilder-wirkungswohlstand/gesamtdossier/index.html,REQUIRES_TARGET_SECTION_REVIEW
portale/zukunftsbilder-wirkungswohlstand/gesamtdossier/index.html,#inhaltsverzeichnis,portale/zukunftsbilder-wirkungswohlstand/gesamtdossier/index.html,REQUIRES_TARGET_SECTION_REVIEW
portale/zukunftsbilder-wirkungswohlstand/gesamtdossier/index.html,#dokumentlogik,portale/zukunftsbilder-wirkungswohlstand/gesamtdossier/index.html,REQUIRES_TARGET_SECTION_REVIEW
portale/zukunftsbilder-wirkungswohlstand/gesamtdossier/index.html,#kurzfassung,portale/zukunftsbilder-wirkungswohlstand/gesamtdossier/index.html,REQUIRES_TARGET_SECTION_REVIEW
portale/zukunftsbilder-wirkungswohlstand/konzeptpapier/index.html,#wirkungsokonomie,portale/zukunftsbilder-wirkungswohlstand/konzeptpapier/index.html,REQUIRES_TARGET_SECTION_REVIEW
portale/zukunftsbilder-wirkungswohlstand/konzeptpapier/index.html,#woek-rang-22-konzeptpapier,portale/zukunftsbilder-wirkungswohlstand/konzeptpapier/index.html,REQUIRES_TARGET_SECTION_REVIEW
portale/zukunftsbilder-wirkungswohlstand/konzeptpapier/index.html,#inhaltsverzeichnis,portale/zukunftsbilder-wirkungswohlstand/konzeptpapier/index.html,REQUIRES_TARGET_SECTION_REVIEW
portale/zukunftsbilder-wirkungswohlstand/konzeptpapier/index.html,#dokumentlogik,portale/zukunftsbilder-wirkungswohlstand/konzeptpapier/index.html,REQUIRES_TARGET_SECTION_REVIEW
portale/zukunftsbilder-wirkungswohlstand/konzeptpapier/index.html,#kurzfassung,portale/zukunftsbilder-wirkungswohlstand/konzeptpapier/index.html,REQUIRES_TARGET_SECTION_REVIEW
portale/zukunftsbilder-wirkungswohlstand/alltag-2035/index.html,#wirkungsokonomie,portale/zukunftsbilder-wirkungswohlstand/alltag-2035/index.html,REQUIRES_TARGET_SECTION_REVIEW
portale/zukunftsbilder-wirkungswohlstand/alltag-2035/index.html,#woek-rang-22-detailkonzept-1-alltag-2035-und-wirkungsfahiger-alltag,portale/zukunftsbilder-wirkungswohlstand/alltag-2035/index.html,REQUIRES_TARGET_SECTION_REVIEW
portale/zukunftsbilder-wirkungswohlstand/alltag-2035/index.html,#inhaltsverzeichnis,portale/zukunftsbilder-wirkungswohlstand/alltag-2035/index.html,REQUIRES_TARGET_SECTION_REVIEW
portale/zukunftsbilder-wirkungswohlstand/alltag-2035/index.html,#dokumentlogik,portale/zukunftsbilder-wirkungswohlstand/alltag-2035/index.html,REQUIRES_TARGET_SECTION_REVIEW
portale/zukunftsbilder-wirkungswohlstand/alltag-2035/index.html,#kurzfassung,portale/zukunftsbilder-wirkungswohlstand/alltag-2035/index.html,REQUIRES_TARGET_SECTION_REVIEW
portale/transformation-uebergaenge-implementierung/index.html,#kurzfassung,portale/transformation-uebergaenge-implementierung/index.html,REQUIRES_TARGET_SECTION_REVIEW
portale/transformation-uebergaenge-implementierung/roadmap-2030-2050/index.html,#kurzfassung,portale/transformation-uebergaenge-implementierung/roadmap-2030-2050/index.html,REQUIRES_TARGET_SECTION_REVIEW
portale/transformation-uebergaenge-implementierung/roadmap-2030-2050/index.html,#datenquellen-und-nachweisfuhrung,portale/transformation-uebergaenge-implementierung/roadmap-2030-2050/index.html,REQUIRES_TARGET_SECTION_REVIEW
portale/transformation-uebergaenge-implementierung/quellen-glossar/index.html,#kurzfassung,portale/transformation-uebergaenge-implementierung/quellen-glossar/index.html,REQUIRES_TARGET_SECTION_REVIEW
portale/transformation-uebergaenge-implementierung/reallabore-regulatory-sandboxes/index.html,#kurzfassung,portale/transformation-uebergaenge-implementierung/reallabore-regulatory-sandboxes/index.html,REQUIRES_TARGET_SECTION_REVIEW
portale/transformation-uebergaenge-implementierung/reallabore-regulatory-sandboxes/index.html,#datenquellen-und-nachweisfuhrung,portale/transformation-uebergaenge-implementierung/reallabore-regulatory-sandboxes/index.html,REQUIRES_TARGET_SECTION_REVIEW
portale/transformation-uebergaenge-implementierung/sdg-sdgplus/index.html,#kurzfassung,portale/transformation-uebergaenge-implementierung/sdg-sdgplus/index.html,REQUIRES_TARGET_SECTION_REVIEW
portale/transformation-uebergaenge-implementierung/wirkungsfonds-brueckenfinanzierung/index.html,#kurzfassung,portale/transformation-uebergaenge-implementierung/wirkungsfonds-brueckenfinanzierung/index.html,REQUIRES_TARGET_SECTION_REVIEW
portale/transformation-uebergaenge-implementierung/wirkungsfonds-brueckenfinanzierung/index.html,#datenquellen-und-nachweisfuhrung,portale/transformation-uebergaenge-implementierung/wirkungsfonds-brueckenfinanzierung/index.html,REQUIRES_TARGET_SECTION_REVIEW
portale/transformation-uebergaenge-implementierung/wirkungsdaten-versionierung-register/index.html,#kurzfassung,portale/transformation-uebergaenge-implementierung/wirkungsdaten-versionierung-register/index.html,REQUIRES_TARGET_SECTION_REVIEW
portale/transformation-uebergaenge-implementierung/wirkungsdaten-versionierung-register/index.html,#datenquellen-und-nachweisfuhrung,portale/transformation-uebergaenge-implementierung/wirkungsdaten-versionierung-register/index.html,REQUIRES_TARGET_SECTION_REVIEW
portale/transformation-uebergaenge-implementierung/produkt-und-beschaffungspiloten/index.html,#kurzfassung,portale/transformation-uebergaenge-implementierung/produkt-und-beschaffungspiloten/index.html,REQUIRES_TARGET_SECTION_REVIEW
portale/transformation-uebergaenge-implementierung/produkt-und-beschaffungspiloten/index.html,#datenquellen-und-nachweisfuhrung,portale/transformation-uebergaenge-implementierung/produkt-und-beschaffungspiloten/index.html,REQUIRES_TARGET_SECTION_REVIEW
portale/transformation-uebergaenge-implementierung/pilotkommunen/index.html,#kurzfassung,portale/transformation-uebergaenge-implementierung/pilotkommunen/index.html,REQUIRES_TARGET_SECTION_REVIEW
portale/transformation-uebergaenge-implementierung/pilotkommunen/index.html,#datenquellen-und-nachweisfuhrung,portale/transformation-uebergaenge-implementierung/pilotkommunen/index.html,REQUIRES_TARGET_SECTION_REVIEW
portale/transformation-uebergaenge-implementierung/evaluation-rechtsschutz-lernschleifen/index.html,#kurzfassung,portale/transformation-uebergaenge-implementierung/evaluation-rechtsschutz-lernschleifen/index.html,REQUIRES_TARGET_SECTION_REVIEW
portale/transformation-uebergaenge-implementierung/evaluation-rechtsschutz-lernschleifen/index.html,#datenquellen-und-nachweisfuhrung,portale/transformation-uebergaenge-implementierung/evaluation-rechtsschutz-lernschleifen/index.html,REQUIRES_TARGET_SECTION_REVIEW
portale/transformation-uebergaenge-implementierung/umsetzungspfad/index.html,#kurzfassung,portale/transformation-uebergaenge-implementierung/umsetzungspfad/index.html,REQUIRES_TARGET_SECTION_REVIEW
portale/transformation-uebergaenge-implementierung/umsetzungspfad/index.html,#datenquellen-und-nachweisfuhrung,portale/transformation-uebergaenge-implementierung/umsetzungspfad/index.html,REQUIRES_TARGET_SECTION_REVIEW
portale/transformation-uebergaenge-implementierung/politische-anschlussfaehigkeit/index.html,#kurzfassung,portale/transformation-uebergaenge-implementierung/politische-anschlussfaehigkeit/index.html,REQUIRES_TARGET_SECTION_REVIEW
portale/transformation-uebergaenge-implementierung/soziale-abfederung-kaufkraftschutz/index.html,#kurzfassung,portale/transformation-uebergaenge-implementierung/soziale-abfederung-kaufkraftschutz/index.html,REQUIRES_TARGET_SECTION_REVIEW
portale/transformation-uebergaenge-implementierung/soziale-abfederung-kaufkraftschutz/index.html,#datenquellen-und-nachweisfuhrung,portale/transformation-uebergaenge-implementierung/soziale-abfederung-kaufkraftschutz/index.html,REQUIRES_TARGET_SECTION_REVIEW
portale/transformation-uebergaenge-implementierung/wirkungsindikatoren/index.html,#kurzfassung,portale/transformation-uebergaenge-implementierung/wirkungsindikatoren/index.html,REQUIRES_TARGET_SECTION_REVIEW
portale/transformation-uebergaenge-implementierung/kommunikation-change-partizipation/index.html,#kurzfassung,portale/transformation-uebergaenge-implementierung/kommunikation-change-partizipation/index.html,REQUIRES_TARGET_SECTION_REVIEW
portale/transformation-uebergaenge-implementierung/kommunikation-change-partizipation/index.html,#datenquellen-und-nachweisfuhrung,portale/transformation-uebergaenge-implementierung/kommunikation-change-partizipation/index.html,REQUIRES_TARGET_SECTION_REVIEW
portale/transformation-uebergaenge-implementierung/toolkarten/index.html,#kurzfassung,portale/transformation-uebergaenge-implementierung/toolkarten/index.html,REQUIRES_TARGET_SECTION_REVIEW
portale/transformation-uebergaenge-implementierung/toolkarten/index.html,#toolkarten,portale/transformation-uebergaenge-implementierung/toolkarten/index.html,REQUIRES_TARGET_SECTION_REVIEW
portale/transformation-uebergaenge-implementierung/toolkarten/index.html,#quellenrahmen,portale/transformation-uebergaenge-implementierung/toolkarten/index.html,REQUIRES_TARGET_SECTION_REVIEW
portale/transformation-uebergaenge-implementierung/gesamtdossier/index.html,#kurzfassung,portale/transformation-uebergaenge-implementierung/gesamtdossier/index.html,REQUIRES_TARGET_SECTION_REVIEW
portale/transformation-uebergaenge-implementierung/unternehmens-transformationspfade/index.html,#kurzfassung,portale/transformation-uebergaenge-implementierung/unternehmens-transformationspfade/index.html,REQUIRES_TARGET_SECTION_REVIEW
portale/transformation-uebergaenge-implementierung/unternehmens-transformationspfade/index.html,#datenquellen-und-nachweisfuhrung,portale/transformation-uebergaenge-implementierung/unternehmens-transformationspfade/index.html,REQUIRES_TARGET_SECTION_REVIEW
portale/transformation-uebergaenge-implementierung/konzeptpapier/index.html,#kurzfassung,portale/transformation-uebergaenge-implementierung/konzeptpapier/index.html,REQUIRES_TARGET_SECTION_REVIEW
portale/wissen-wissenschaft-forschung-wirkungsinnovation/index.html,#wissenschaft-als-korrektursystem-forschung-als-wirkungswissen-innovation-als-systemlernen,portale/wissen-wissenschaft-forschung-wirkungsinnovation/index.html,REQUIRES_TARGET_SECTION_REVIEW
portale/wissen-wissenschaft-forschung-wirkungsinnovation/index.html,#inhaltsverzeichnis,portale/wissen-wissenschaft-forschung-wirkungsinnovation/index.html,REQUIRES_TARGET_SECTION_REVIEW
portale/wissen-wissenschaft-forschung-wirkungsinnovation/wirkungskompetenz-akademie/index.html,#wirkungskompetenz-als-querschnittskompetenz-fur-wissenschaft-verwaltung-unternehmen-medien-schulen-und-burger-innen,portale/wissen-wissenschaft-forschung-wirkungsinnovation/wirkungskompetenz-akademie/index.html,REQUIRES_TARGET_SECTION_REVIEW
portale/wissen-wissenschaft-forschung-wirkungsinnovation/wirkungskompetenz-akademie/index.html,#inhaltsverzeichnis,portale/wissen-wissenschaft-forschung-wirkungsinnovation/wirkungskompetenz-akademie/index.html,REQUIRES_TARGET_SECTION_REVIEW
portale/wissen-wissenschaft-forschung-wirkungsinnovation/quellen-glossar/index.html,#interne-und-externe-anschlussstellen,portale/wissen-wissenschaft-forschung-wirkungsinnovation/quellen-glossar/index.html,REQUIRES_TARGET_SECTION_REVIEW
portale/wissen-wissenschaft-forschung-wirkungsinnovation/quellen-glossar/index.html,#inhaltsverzeichnis,portale/wissen-wissenschaft-forschung-wirkungsinnovation/quellen-glossar/index.html,REQUIRES_TARGET_SECTION_REVIEW
portale/wissen-wissenschaft-forschung-wirkungsinnovation/sdg-sdgplus/index.html,#wissen-wissenschaft-und-forschung-im-referenzrahmen-der-wirkungsokonomie,portale/wissen-wissenschaft-forschung-wirkungsinnovation/sdg-sdgplus/index.html,REQUIRES_TARGET_SECTION_REVIEW
portale/wissen-wissenschaft-forschung-wirkungsinnovation/sdg-sdgplus/index.html,#inhaltsverzeichnis,portale/wissen-wissenschaft-forschung-wirkungsinnovation/sdg-sdgplus/index.html,REQUIRES_TARGET_SECTION_REVIEW
portale/wissen-wissenschaft-forschung-wirkungsinnovation/open-science-wissensinfrastruktur/index.html,#open-access-open-data-citizen-science-und-faire-wissenszugange-als-offentliche-infrastruktur-der-wirkungsokonomie,portale/wissen-wissenschaft-forschung-wirkungsinnovation/open-science-wissensinfrastruktur/index.html,REQUIRES_TARGET_SECTION_REVIEW
portale/wissen-wissenschaft-forschung-wirkungsinnovation/open-science-wissensinfrastruktur/index.html,#inhaltsverzeichnis,portale/wissen-wissenschaft-forschung-wirkungsinnovation/open-science-wissensinfrastruktur/index.html,REQUIRES_TARGET_SECTION_REVIEW
portale/wissen-wissenschaft-forschung-wirkungsinnovation/mission-oriented-research-wirkungsinnovation/index.html,#missionen-als-richtung-nicht-als-mikromanagement-forschung-technologie-regulierung-und-praxis-auf-messbare-gesellschaftliche-zustandsveranderungen-ausrichten,portale/wissen-wissenschaft-forschung-wirkungsinnovation/mission-oriented-research-wirkungsinnovation/index.html,REQUIRES_TARGET_SECTION_REVIEW
portale/wissen-wissenschaft-forschung-wirkungsinnovation/mission-oriented-research-wirkungsinnovation/index.html,#inhaltsverzeichnis,portale/wissen-wissenschaft-forschung-wirkungsinnovation/mission-oriented-research-wirkungsinnovation/index.html,REQUIRES_TARGET_SECTION_REVIEW
portale/wissen-wissenschaft-forschung-wirkungsinnovation/rechtsprechung-sachverstaendige-wirkungsrecht/index.html,#justiz-als-freiheitsgarantie-korrekturinstanz-und-schutz-vor-technokratischer-wirkungssteuerung,portale/wissen-wissenschaft-forschung-wirkungsinnovation/rechtsprechung-sachverstaendige-wirkungsrecht/index.html,REQUIRES_TARGET_SECTION_REVIEW
portale/wissen-wissenschaft-forschung-wirkungsinnovation/rechtsprechung-sachverstaendige-wirkungsrecht/index.html,#inhaltsverzeichnis,portale/wissen-wissenschaft-forschung-wirkungsinnovation/rechtsprechung-sachverstaendige-wirkungsrecht/index.html,REQUIRES_TARGET_SECTION_REVIEW
portale/wissen-wissenschaft-forschung-wirkungsinnovation/forschungsbewertung-wirkungsindikatoren/index.html,#wie-forschung-jenseits-von-publikationszahlen-impact-factor-und-zitationen-wirkungsorientiert-aber-nicht-technokratisch-bewertet-werden-kann,portale/wissen-wissenschaft-forschung-wirkungsinnovation/forschungsbewertung-wirkungsindikatoren/index.html,REQUIRES_TARGET_SECTION_REVIEW
portale/wissen-wissenschaft-forschung-wirkungsinnovation/forschungsbewertung-wirkungsindikatoren/index.html,#inhaltsverzeichnis,portale/wissen-wissenschaft-forschung-wirkungsinnovation/forschungsbewertung-wirkungsindikatoren/index.html,REQUIRES_TARGET_SECTION_REVIEW
portale/wissen-wissenschaft-forschung-wirkungsinnovation/politische-anschlussfaehigkeit/index.html,#umsetzungsoptionen-fur-wissenschaft-forschung-und-wirkungsinnovation,portale/wissen-wissenschaft-forschung-wirkungsinnovation/politische-anschlussfaehigkeit/index.html,REQUIRES_TARGET_SECTION_REVIEW
portale/wissen-wissenschaft-forschung-wirkungsinnovation/politische-anschlussfaehigkeit/index.html,#inhaltsverzeichnis,portale/wissen-wissenschaft-forschung-wirkungsinnovation/politische-anschlussfaehigkeit/index.html,REQUIRES_TARGET_SECTION_REVIEW
portale/wissen-wissenschaft-forschung-wirkungsinnovation/science-for-policy-statistik/index.html,#wie-parlamente-verwaltung-und-offentlichkeit-evidenz-nutzen-konnen-ohne-wissenschaft-zur-politikverkundung-zu-machen,portale/wissen-wissenschaft-forschung-wirkungsinnovation/science-for-policy-statistik/index.html,REQUIRES_TARGET_SECTION_REVIEW
portale/wissen-wissenschaft-forschung-wirkungsinnovation/science-for-policy-statistik/index.html,#inhaltsverzeichnis,portale/wissen-wissenschaft-forschung-wirkungsinnovation/science-for-policy-statistik/index.html,REQUIRES_TARGET_SECTION_REVIEW
portale/wissen-wissenschaft-forschung-wirkungsinnovation/transdisziplinaritaet-citizen-science/index.html,#gesellschaftliche-akteure-als-co-forschende-ohne-methodische-standards-zu-verwassern,portale/wissen-wissenschaft-forschung-wirkungsinnovation/transdisziplinaritaet-citizen-science/index.html,REQUIRES_TARGET_SECTION_REVIEW
portale/wissen-wissenschaft-forschung-wirkungsinnovation/transdisziplinaritaet-citizen-science/index.html,#inhaltsverzeichnis,portale/wissen-wissenschaft-forschung-wirkungsinnovation/transdisziplinaritaet-citizen-science/index.html,REQUIRES_TARGET_SECTION_REVIEW
portale/wissen-wissenschaft-forschung-wirkungsinnovation/forschungsdaten-replikation-qualitaet/index.html,#datenqualitat-replikation-audit-trails-negative-ergebnisse-und-unsicherheitsklassen-als-ruckgrat-verlasslicher-wirkungssteuerung,portale/wissen-wissenschaft-forschung-wirkungsinnovation/forschungsdaten-replikation-qualitaet/index.html,REQUIRES_TARGET_SECTION_REVIEW
portale/wissen-wissenschaft-forschung-wirkungsinnovation/forschungsdaten-replikation-qualitaet/index.html,#inhaltsverzeichnis,portale/wissen-wissenschaft-forschung-wirkungsinnovation/forschungsdaten-replikation-qualitaet/index.html,REQUIRES_TARGET_SECTION_REVIEW
portale/wissen-wissenschaft-forschung-wirkungsinnovation/wissensrat-integritaet/index.html,#institutionelle-sicherung-gegen-manipulation-lobbyeinfluss-politisierte-forschung-methodische-schwache-und-wirkungssimulation,portale/wissen-wissenschaft-forschung-wirkungsinnovation/wissensrat-integritaet/index.html,REQUIRES_TARGET_SECTION_REVIEW
portale/wissen-wissenschaft-forschung-wirkungsinnovation/wissensrat-integritaet/index.html,#inhaltsverzeichnis,portale/wissen-wissenschaft-forschung-wirkungsinnovation/wissensrat-integritaet/index.html,REQUIRES_TARGET_SECTION_REVIEW
portale/wissen-wissenschaft-forschung-wirkungsinnovation/wirkungsindikatoren/index.html,#wok-ids-scorecards-und-bewertungslogik-fur-wissen-wissenschaft-und-wirkungsinnovation,portale/wissen-wissenschaft-forschung-wirkungsinnovation/wirkungsindikatoren/index.html,REQUIRES_TARGET_SECTION_REVIEW
portale/wissen-wissenschaft-forschung-wirkungsinnovation/wirkungsindikatoren/index.html,#inhaltsverzeichnis,portale/wissen-wissenschaft-forschung-wirkungsinnovation/wirkungsindikatoren/index.html,REQUIRES_TARGET_SECTION_REVIEW
portale/wissen-wissenschaft-forschung-wirkungsinnovation/toolkarten/index.html,#werkzeuge-fur-wissensintegritat-forschungswirkung-und-wirkungsinnovation,portale/wissen-wissenschaft-forschung-wirkungsinnovation/toolkarten/index.html,REQUIRES_TARGET_SECTION_REVIEW
portale/wissen-wissenschaft-forschung-wirkungsinnovation/toolkarten/index.html,#inhaltsverzeichnis,portale/wissen-wissenschaft-forschung-wirkungsinnovation/toolkarten/index.html,REQUIRES_TARGET_SECTION_REVIEW
portale/wissen-wissenschaft-forschung-wirkungsinnovation/gesamtdossier/index.html,#die-wissensordnung-der-wirkungsokonomie,portale/wissen-wissenschaft-forschung-wirkungsinnovation/gesamtdossier/index.html,REQUIRES_TARGET_SECTION_REVIEW
portale/wissen-wissenschaft-forschung-wirkungsinnovation/gesamtdossier/index.html,#inhaltsverzeichnis,portale/wissen-wissenschaft-forschung-wirkungsinnovation/gesamtdossier/index.html,REQUIRES_TARGET_SECTION_REVIEW
portale/wissen-wissenschaft-forschung-wirkungsinnovation/konzeptpapier/index.html,#wissenschaft-als-korrektursystem-der-wirkungsokonomie,portale/wissen-wissenschaft-forschung-wirkungsinnovation/konzeptpapier/index.html,REQUIRES_TARGET_SECTION_REVIEW
portale/wissen-wissenschaft-forschung-wirkungsinnovation/konzeptpapier/index.html,#inhaltsverzeichnis,portale/wissen-wissenschaft-forschung-wirkungsinnovation/konzeptpapier/index.html,REQUIRES_TARGET_SECTION_REVIEW
portale/wissen-wissenschaft-forschung-wirkungsinnovation/wissenschaft-als-wirklichkeitspruefung/index.html,#warum-wissenschaft-in-der-wirkungsokonomie-keine-autoritatsherrschaft-ist-sondern-ein-korrektursystem-fur-wirklichkeit-unsicherheit-und-demokratische-entscheidungen,portale/wissen-wissenschaft-forschung-wirkungsinnovation/wissenschaft-als-wirklichkeitspruefung/index.html,REQUIRES_TARGET_SECTION_REVIEW
portale/wissen-wissenschaft-forschung-wirkungsinnovation/wissenschaft-als-wirklichkeitspruefung/index.html,#inhaltsverzeichnis,portale/wissen-wissenschaft-forschung-wirkungsinnovation/wissenschaft-als-wirklichkeitspruefung/index.html,REQUIRES_TARGET_SECTION_REVIEW
portale/digitalisierung-ki-wirkungsdatenraeume/index.html,#portalstartseite-und-online-einstieg,portale/digitalisierung-ki-wirkungsdatenraeume/index.html,REQUIRES_TARGET_SECTION_REVIEW
portale/digitalisierung-ki-wirkungsdatenraeume/index.html,#inhaltsverzeichnis,portale/digitalisierung-ki-wirkungsdatenraeume/index.html,REQUIRES_TARGET_SECTION_REVIEW
portale/digitalisierung-ki-wirkungsdatenraeume/quellen-glossar/index.html,#interne-und-externe-anschlussstellen,portale/digitalisierung-ki-wirkungsdatenraeume/quellen-glossar/index.html,REQUIRES_TARGET_SECTION_REVIEW
portale/digitalisierung-ki-wirkungsdatenraeume/quellen-glossar/index.html,#kurzfassung,portale/digitalisierung-ki-wirkungsdatenraeume/quellen-glossar/index.html,REQUIRES_TARGET_SECTION_REVIEW
portale/digitalisierung-ki-wirkungsdatenraeume/quellen-glossar/index.html,#inhaltsverzeichnis,portale/digitalisierung-ki-wirkungsdatenraeume/quellen-glossar/index.html,REQUIRES_TARGET_SECTION_REVIEW
portale/digitalisierung-ki-wirkungsdatenraeume/digitale-produktpaesse/index.html,#produktwirkung-uber-rohstoff-herstellung-nutzung-reparatur-und-ende,portale/digitalisierung-ki-wirkungsdatenraeume/digitale-produktpaesse/index.html,REQUIRES_TARGET_SECTION_REVIEW
portale/digitalisierung-ki-wirkungsdatenraeume/digitale-produktpaesse/index.html,#kurzfassung,portale/digitalisierung-ki-wirkungsdatenraeume/digitale-produktpaesse/index.html,REQUIRES_TARGET_SECTION_REVIEW
portale/digitalisierung-ki-wirkungsdatenraeume/digitale-produktpaesse/index.html,#inhaltsverzeichnis,portale/digitalisierung-ki-wirkungsdatenraeume/digitale-produktpaesse/index.html,REQUIRES_TARGET_SECTION_REVIEW
portale/digitalisierung-ki-wirkungsdatenraeume/sdg-sdgplus/index.html,#digitalisierung-ki-und-wirkungsdatenraume,portale/digitalisierung-ki-wirkungsdatenraeume/sdg-sdgplus/index.html,REQUIRES_TARGET_SECTION_REVIEW
portale/digitalisierung-ki-wirkungsdatenraeume/sdg-sdgplus/index.html,#kurzfassung,portale/digitalisierung-ki-wirkungsdatenraeume/sdg-sdgplus/index.html,REQUIRES_TARGET_SECTION_REVIEW
portale/digitalisierung-ki-wirkungsdatenraeume/sdg-sdgplus/index.html,#inhaltsverzeichnis,portale/digitalisierung-ki-wirkungsdatenraeume/sdg-sdgplus/index.html,REQUIRES_TARGET_SECTION_REVIEW
portale/digitalisierung-ki-wirkungsdatenraeume/audit-assurance-datenqualitaet/index.html,#datenqualitatsklassen-prufpfade-stichproben-lieferantennachweise-und-korrekturpflicht,portale/digitalisierung-ki-wirkungsdatenraeume/audit-assurance-datenqualitaet/index.html,REQUIRES_TARGET_SECTION_REVIEW
portale/digitalisierung-ki-wirkungsdatenraeume/audit-assurance-datenqualitaet/index.html,#kurzfassung,portale/digitalisierung-ki-wirkungsdatenraeume/audit-assurance-datenqualitaet/index.html,REQUIRES_TARGET_SECTION_REVIEW
portale/digitalisierung-ki-wirkungsdatenraeume/audit-assurance-datenqualitaet/index.html,#inhaltsverzeichnis,portale/digitalisierung-ki-wirkungsdatenraeume/audit-assurance-datenqualitaet/index.html,REQUIRES_TARGET_SECTION_REVIEW
portale/digitalisierung-ki-wirkungsdatenraeume/politische-anschlussfaehigkeit/index.html,#umsetzungsoptionen-zielkonflikte-und-schutz-vor-technokratie,portale/digitalisierung-ki-wirkungsdatenraeume/politische-anschlussfaehigkeit/index.html,REQUIRES_TARGET_SECTION_REVIEW
portale/digitalisierung-ki-wirkungsdatenraeume/politische-anschlussfaehigkeit/index.html,#kurzfassung,portale/digitalisierung-ki-wirkungsdatenraeume/politische-anschlussfaehigkeit/index.html,REQUIRES_TARGET_SECTION_REVIEW
portale/digitalisierung-ki-wirkungsdatenraeume/politische-anschlussfaehigkeit/index.html,#inhaltsverzeichnis,portale/digitalisierung-ki-wirkungsdatenraeume/politische-anschlussfaehigkeit/index.html,REQUIRES_TARGET_SECTION_REVIEW
portale/digitalisierung-ki-wirkungsdatenraeume/wirkungsscanner/index.html,#ubersetzung-von-scorecards-dpp-daten-und-unsicherheiten-in-verstandliche-signale,portale/digitalisierung-ki-wirkungsdatenraeume/wirkungsscanner/index.html,REQUIRES_TARGET_SECTION_REVIEW
portale/digitalisierung-ki-wirkungsdatenraeume/wirkungsscanner/index.html,#kurzfassung,portale/digitalisierung-ki-wirkungsdatenraeume/wirkungsscanner/index.html,REQUIRES_TARGET_SECTION_REVIEW
portale/digitalisierung-ki-wirkungsdatenraeume/wirkungsscanner/index.html,#inhaltsverzeichnis,portale/digitalisierung-ki-wirkungsdatenraeume/wirkungsscanner/index.html,REQUIRES_TARGET_SECTION_REVIEW
portale/digitalisierung-ki-wirkungsdatenraeume/wirkungsindikatoren/index.html,#wok-ids-datenqualitat-und-digitale-wirkungsarchitektur,portale/digitalisierung-ki-wirkungsdatenraeume/wirkungsindikatoren/index.html,REQUIRES_TARGET_SECTION_REVIEW
portale/digitalisierung-ki-wirkungsdatenraeume/wirkungsindikatoren/index.html,#kurzfassung,portale/digitalisierung-ki-wirkungsdatenraeume/wirkungsindikatoren/index.html,REQUIRES_TARGET_SECTION_REVIEW
portale/digitalisierung-ki-wirkungsdatenraeume/wirkungsindikatoren/index.html,#inhaltsverzeichnis,portale/digitalisierung-ki-wirkungsdatenraeume/wirkungsindikatoren/index.html,REQUIRES_TARGET_SECTION_REVIEW
portale/digitalisierung-ki-wirkungsdatenraeume/ki-governance/index.html,#ki-systeme-in-verwaltung-unternehmen-forschung-und-plattformen,portale/digitalisierung-ki-wirkungsdatenraeume/ki-governance/index.html,REQUIRES_TARGET_SECTION_REVIEW
portale/digitalisierung-ki-wirkungsdatenraeume/ki-governance/index.html,#kurzfassung,portale/digitalisierung-ki-wirkungsdatenraeume/ki-governance/index.html,REQUIRES_TARGET_SECTION_REVIEW
portale/digitalisierung-ki-wirkungsdatenraeume/ki-governance/index.html,#inhaltsverzeichnis,portale/digitalisierung-ki-wirkungsdatenraeume/ki-governance/index.html,REQUIRES_TARGET_SECTION_REVIEW
portale/digitalisierung-ki-wirkungsdatenraeume/cyberresilienz/index.html,#register-produktpasse-krankenhauser-energie-zahlungssysteme-und-datenraume,portale/digitalisierung-ki-wirkungsdatenraeume/cyberresilienz/index.html,REQUIRES_TARGET_SECTION_REVIEW
portale/digitalisierung-ki-wirkungsdatenraeume/cyberresilienz/index.html,#kurzfassung,portale/digitalisierung-ki-wirkungsdatenraeume/cyberresilienz/index.html,REQUIRES_TARGET_SECTION_REVIEW
portale/digitalisierung-ki-wirkungsdatenraeume/cyberresilienz/index.html,#inhaltsverzeichnis,portale/digitalisierung-ki-wirkungsdatenraeume/cyberresilienz/index.html,REQUIRES_TARGET_SECTION_REVIEW
portale/digitalisierung-ki-wirkungsdatenraeume/toolkarten/index.html,#digitale-werkzeuge-der-wirkungsokonomie,portale/digitalisierung-ki-wirkungsdatenraeume/toolkarten/index.html,REQUIRES_TARGET_SECTION_REVIEW
portale/digitalisierung-ki-wirkungsdatenraeume/toolkarten/index.html,#kurzfassung,portale/digitalisierung-ki-wirkungsdatenraeume/toolkarten/index.html,REQUIRES_TARGET_SECTION_REVIEW
portale/digitalisierung-ki-wirkungsdatenraeume/toolkarten/index.html,#inhaltsverzeichnis,portale/digitalisierung-ki-wirkungsdatenraeume/toolkarten/index.html,REQUIRES_TARGET_SECTION_REVIEW
portale/digitalisierung-ki-wirkungsdatenraeume/digitale-souveraenitaet/index.html,#offentliche-digitale-infrastruktur-offene-standards-und-europaische-datenraume,portale/digitalisierung-ki-wirkungsdatenraeume/digitale-souveraenitaet/index.html,REQUIRES_TARGET_SECTION_REVIEW
portale/digitalisierung-ki-wirkungsdatenraeume/digitale-souveraenitaet/index.html,#kurzfassung,portale/digitalisierung-ki-wirkungsdatenraeume/digitale-souveraenitaet/index.html,REQUIRES_TARGET_SECTION_REVIEW
portale/digitalisierung-ki-wirkungsdatenraeume/digitale-souveraenitaet/index.html,#inhaltsverzeichnis,portale/digitalisierung-ki-wirkungsdatenraeume/digitale-souveraenitaet/index.html,REQUIRES_TARGET_SECTION_REVIEW
portale/digitalisierung-ki-wirkungsdatenraeume/wirkungsdatenraeume/index.html,#verbundene-wirkungsdaten-statt-pdf-berichte-und-datensilos,portale/digitalisierung-ki-wirkungsdatenraeume/wirkungsdatenraeume/index.html,REQUIRES_TARGET_SECTION_REVIEW
portale/digitalisierung-ki-wirkungsdatenraeume/wirkungsdatenraeume/index.html,#kurzfassung,portale/digitalisierung-ki-wirkungsdatenraeume/wirkungsdatenraeume/index.html,REQUIRES_TARGET_SECTION_REVIEW
portale/digitalisierung-ki-wirkungsdatenraeume/wirkungsdatenraeume/index.html,#inhaltsverzeichnis,portale/digitalisierung-ki-wirkungsdatenraeume/wirkungsdatenraeume/index.html,REQUIRES_TARGET_SECTION_REVIEW
portale/digitalisierung-ki-wirkungsdatenraeume/plattformlogik/index.html,#reichweite-desinformation-creator-hosts-moderation-und-algorithmische-verstarkung,portale/digitalisierung-ki-wirkungsdatenraeume/plattformlogik/index.html,REQUIRES_TARGET_SECTION_REVIEW
portale/digitalisierung-ki-wirkungsdatenraeume/plattformlogik/index.html,#kurzfassung,portale/digitalisierung-ki-wirkungsdatenraeume/plattformlogik/index.html,REQUIRES_TARGET_SECTION_REVIEW
portale/digitalisierung-ki-wirkungsdatenraeume/plattformlogik/index.html,#inhaltsverzeichnis,portale/digitalisierung-ki-wirkungsdatenraeume/plattformlogik/index.html,REQUIRES_TARGET_SECTION_REVIEW
portale/digitalisierung-ki-wirkungsdatenraeume/algorithmische-fairness/index.html,#algorithmische-entscheidungen-in-arbeit-bildung-wohnen-kredit-plattformen-und-verwaltung,portale/digitalisierung-ki-wirkungsdatenraeume/algorithmische-fairness/index.html,REQUIRES_TARGET_SECTION_REVIEW
portale/digitalisierung-ki-wirkungsdatenraeume/algorithmische-fairness/index.html,#kurzfassung,portale/digitalisierung-ki-wirkungsdatenraeume/algorithmische-fairness/index.html,REQUIRES_TARGET_SECTION_REVIEW
portale/digitalisierung-ki-wirkungsdatenraeume/algorithmische-fairness/index.html,#inhaltsverzeichnis,portale/digitalisierung-ki-wirkungsdatenraeume/algorithmische-fairness/index.html,REQUIRES_TARGET_SECTION_REVIEW
portale/digitalisierung-ki-wirkungsdatenraeume/interoperabilitaet-register/index.html,#wok-id-register-produktregister-audit-trails-apis-und-versionierung,portale/digitalisierung-ki-wirkungsdatenraeume/interoperabilitaet-register/index.html,REQUIRES_TARGET_SECTION_REVIEW
portale/digitalisierung-ki-wirkungsdatenraeume/interoperabilitaet-register/index.html,#kurzfassung,portale/digitalisierung-ki-wirkungsdatenraeume/interoperabilitaet-register/index.html,REQUIRES_TARGET_SECTION_REVIEW
portale/digitalisierung-ki-wirkungsdatenraeume/interoperabilitaet-register/index.html,#inhaltsverzeichnis,portale/digitalisierung-ki-wirkungsdatenraeume/interoperabilitaet-register/index.html,REQUIRES_TARGET_SECTION_REVIEW
portale/digitalisierung-ki-wirkungsdatenraeume/gesamtdossier/index.html,#digitalisierung-ki-und-wirkungsdatenraume,portale/digitalisierung-ki-wirkungsdatenraeume/gesamtdossier/index.html,REQUIRES_TARGET_SECTION_REVIEW
portale/digitalisierung-ki-wirkungsdatenraeume/gesamtdossier/index.html,#kurzfassung,portale/digitalisierung-ki-wirkungsdatenraeume/gesamtdossier/index.html,REQUIRES_TARGET_SECTION_REVIEW
portale/digitalisierung-ki-wirkungsdatenraeume/gesamtdossier/index.html,#inhaltsverzeichnis,portale/digitalisierung-ki-wirkungsdatenraeume/gesamtdossier/index.html,REQUIRES_TARGET_SECTION_REVIEW
portale/digitalisierung-ki-wirkungsdatenraeume/konzeptpapier/index.html,#digitalisierung-ki-und-wirkungsdatenraume,portale/digitalisierung-ki-wirkungsdatenraeume/konzeptpapier/index.html,REQUIRES_TARGET_SECTION_REVIEW
portale/digitalisierung-ki-wirkungsdatenraeume/konzeptpapier/index.html,#kurzfassung,portale/digitalisierung-ki-wirkungsdatenraeume/konzeptpapier/index.html,REQUIRES_TARGET_SECTION_REVIEW
portale/digitalisierung-ki-wirkungsdatenraeume/konzeptpapier/index.html,#inhaltsverzeichnis,portale/digitalisierung-ki-wirkungsdatenraeume/konzeptpapier/index.html,REQUIRES_TARGET_SECTION_REVIEW
portale/internationale-ordnung-globalisierung-geopolitik/konzeptpapier/index.html,#konzeptpapier-rang-19,portale/internationale-ordnung-globalisierung-geopolitik/konzeptpapier/index.html,REQUIRES_TARGET_SECTION_REVIEW
portale/wirkungsakademie-fachbibliothek/online-volltexte-downloads/index.html,#detailkonzept-online-volltexte-und-download-governance,portale/wirkungsakademie-fachbibliothek/online-volltexte-downloads/index.html,REQUIRES_TARGET_SECTION_REVIEW
bibliothek/eintraege/download-or-document-assets-downloads-woek-rente-soziale-sicherung-konzeptpapier-v0-1-pdf/lesen/index.html,05-4-unterbereiche-der-wirkungsrente/#politische-anschlussfahigkeit-und-umsetzungsoptionen,bibliothek/eintraege/download-or-document-assets-downloads-woek-rente-soziale-sicherung-konzeptpapier-v0-1-pdf/lesen/05-4-unterbereiche-der-wirkungsrente/index.html,REQUIRES_TARGET_SECTION_REVIEW
bibliothek/eintraege/download-or-document-assets-downloads-woek-bildung-wirkungsschule-einzeldossier-set-v0-1-pdf/lesen/index.html,00-dossier-1-bildung-als-wirkungsinfrastruktur/#download-und-online-fassung,bibliothek/eintraege/download-or-document-assets-downloads-woek-bildung-wirkungsschule-einzeldossier-set-v0-1-pdf/lesen/00-dossier-1-bildung-als-wirkungsinfrastruktur/index.html,REQUIRES_TARGET_SECTION_REVIEW
bibliothek/eintraege/download-or-document-assets-downloads-woek-gesundheit-pflege-detailkonzepte-umfangreich-v0-2-pdf/lesen/index.html,01-gesundheit-als-gesellschaftliches-wirkungsfeld/#7-berechnungs-und-bewertungslogik,bibliothek/eintraege/download-or-document-assets-downloads-woek-gesundheit-pflege-detailkonzepte-umfangreich-v0-2-pdf/lesen/01-gesundheit-als-gesellschaftliches-wirkungsfeld/index.html,REQUIRES_TARGET_SECTION_REVIEW
bibliothek/eintraege/download-or-document-assets-downloads-woek-gesundheit-pflege-detailkonzepte-umfangreich-v0-2-pdf/lesen/index.html,01-gesundheit-als-gesellschaftliches-wirkungsfeld/#8-politische-umsetzungsoptionen,bibliothek/eintraege/download-or-document-assets-downloads-woek-gesundheit-pflege-detailkonzepte-umfangreich-v0-2-pdf/lesen/01-gesundheit-als-gesellschaftliches-wirkungsfeld/index.html,REQUIRES_TARGET_SECTION_REVIEW
bibliothek/eintraege/download-or-document-assets-downloads-woek-gesundheit-pflege-detailkonzepte-umfangreich-v0-2-pdf/lesen/index.html,01-gesundheit-als-gesellschaftliches-wirkungsfeld/#9-grenzen-und-missbrauchsschutz,bibliothek/eintraege/download-or-document-assets-downloads-woek-gesundheit-pflege-detailkonzepte-umfangreich-v0-2-pdf/lesen/01-gesundheit-als-gesellschaftliches-wirkungsfeld/index.html,REQUIRES_TARGET_SECTION_REVIEW
bibliothek/eintraege/download-or-document-assets-downloads-woek-gesundheit-pflege-detailkonzepte-umfangreich-v0-2-pdf/lesen/index.html,01-gesundheit-als-gesellschaftliches-wirkungsfeld/#10-online-und-tool-umsetzung,bibliothek/eintraege/download-or-document-assets-downloads-woek-gesundheit-pflege-detailkonzepte-umfangreich-v0-2-pdf/lesen/01-gesundheit-als-gesellschaftliches-wirkungsfeld/index.html,REQUIRES_TARGET_SECTION_REVIEW
bibliothek/eintraege/download-or-document-assets-downloads-woek-gesundheit-pflege-detailkonzepte-umfangreich-v0-2-pdf/lesen/index.html,02-pravention-gesundheitskassen-und-wirkungshaushalt/#5-indikatoren-und-wok-id-anschluss,bibliothek/eintraege/download-or-document-assets-downloads-woek-gesundheit-pflege-detailkonzepte-umfangreich-v0-2-pdf/lesen/02-pravention-gesundheitskassen-und-wirkungshaushalt/index.html,REQUIRES_TARGET_SECTION_REVIEW
bibliothek/eintraege/download-or-document-assets-downloads-woek-gesundheit-pflege-detailkonzepte-umfangreich-v0-2-pdf/lesen/index.html,02-pravention-gesundheitskassen-und-wirkungshaushalt/#6-datenquellen-und-datenqualitat,bibliothek/eintraege/download-or-document-assets-downloads-woek-gesundheit-pflege-detailkonzepte-umfangreich-v0-2-pdf/lesen/02-pravention-gesundheitskassen-und-wirkungshaushalt/index.html,REQUIRES_TARGET_SECTION_REVIEW
bibliothek/eintraege/download-or-document-assets-downloads-woek-gesundheit-pflege-detailkonzepte-umfangreich-v0-2-pdf/lesen/index.html,04-pflege-als-wirkleistung-und-pflegeokosystem/#7-berechnungs-und-bewertungslogik,bibliothek/eintraege/download-or-document-assets-downloads-woek-gesundheit-pflege-detailkonzepte-umfangreich-v0-2-pdf/lesen/04-pflege-als-wirkleistung-und-pflegeokosystem/index.html,REQUIRES_TARGET_SECTION_REVIEW
bibliothek/eintraege/download-or-document-assets-downloads-woek-gesundheit-pflege-detailkonzepte-umfangreich-v0-2-pdf/lesen/index.html,04-pflege-als-wirkleistung-und-pflegeokosystem/#8-politische-umsetzungsoptionen,bibliothek/eintraege/download-or-document-assets-downloads-woek-gesundheit-pflege-detailkonzepte-umfangreich-v0-2-pdf/lesen/04-pflege-als-wirkleistung-und-pflegeokosystem/index.html,REQUIRES_TARGET_SECTION_REVIEW
bibliothek/eintraege/download-or-document-assets-downloads-woek-gesundheit-pflege-detailkonzepte-umfangreich-v0-2-pdf/lesen/index.html,04-pflege-als-wirkleistung-und-pflegeokosystem/#9-grenzen-und-missbrauchsschutz,bibliothek/eintraege/download-or-document-assets-downloads-woek-gesundheit-pflege-detailkonzepte-umfangreich-v0-2-pdf/lesen/04-pflege-als-wirkleistung-und-pflegeokosystem/index.html,REQUIRES_TARGET_SECTION_REVIEW
bibliothek/eintraege/download-or-document-assets-downloads-woek-gesundheit-pflege-detailkonzepte-umfangreich-v0-2-pdf/lesen/index.html,05-psychische-gesundheit-und-soziale-stabilitat/#5-indikatoren-und-wok-id-anschluss,bibliothek/eintraege/download-or-document-assets-downloads-woek-gesundheit-pflege-detailkonzepte-umfangreich-v0-2-pdf/lesen/05-psychische-gesundheit-und-soziale-stabilitat/index.html,REQUIRES_TARGET_SECTION_REVIEW
bibliothek/eintraege/download-or-document-assets-downloads-woek-gesundheit-pflege-detailkonzepte-umfangreich-v0-2-pdf/lesen/index.html,05-psychische-gesundheit-und-soziale-stabilitat/#6-datenquellen-und-datenqualitat,bibliothek/eintraege/download-or-document-assets-downloads-woek-gesundheit-pflege-detailkonzepte-umfangreich-v0-2-pdf/lesen/05-psychische-gesundheit-und-soziale-stabilitat/index.html,REQUIRES_TARGET_SECTION_REVIEW
bibliothek/eintraege/download-or-document-assets-downloads-woek-gesundheit-pflege-detailkonzepte-umfangreich-v0-2-pdf/lesen/index.html,07-one-health-klima-umwelt-und-ernahrung/#7-berechnungs-und-bewertungslogik,bibliothek/eintraege/download-or-document-assets-downloads-woek-gesundheit-pflege-detailkonzepte-umfangreich-v0-2-pdf/lesen/07-one-health-klima-umwelt-und-ernahrung/index.html,REQUIRES_TARGET_SECTION_REVIEW
bibliothek/eintraege/download-or-document-assets-downloads-woek-gesundheit-pflege-detailkonzepte-umfangreich-v0-2-pdf/lesen/index.html,07-one-health-klima-umwelt-und-ernahrung/#8-politische-umsetzungsoptionen,bibliothek/eintraege/download-or-document-assets-downloads-woek-gesundheit-pflege-detailkonzepte-umfangreich-v0-2-pdf/lesen/07-one-health-klima-umwelt-und-ernahrung/index.html,REQUIRES_TARGET_SECTION_REVIEW
bibliothek/eintraege/download-or-document-assets-downloads-woek-gesundheit-pflege-detailkonzepte-umfangreich-v0-2-pdf/lesen/index.html,07-one-health-klima-umwelt-und-ernahrung/#9-grenzen-und-missbrauchsschutz,bibliothek/eintraege/download-or-document-assets-downloads-woek-gesundheit-pflege-detailkonzepte-umfangreich-v0-2-pdf/lesen/07-one-health-klima-umwelt-und-ernahrung/index.html,REQUIRES_TARGET_SECTION_REVIEW
bibliothek/eintraege/download-or-document-assets-downloads-woek-gesundheit-pflege-detailkonzepte-umfangreich-v0-2-pdf/lesen/index.html,08-arbeitswelt-unternehmen-und-gesundheitswirkung/#5-indikatoren-und-wok-id-anschluss,bibliothek/eintraege/download-or-document-assets-downloads-woek-gesundheit-pflege-detailkonzepte-umfangreich-v0-2-pdf/lesen/08-arbeitswelt-unternehmen-und-gesundheitswirkung/index.html,REQUIRES_TARGET_SECTION_REVIEW
bibliothek/eintraege/download-or-document-assets-downloads-woek-gesundheit-pflege-detailkonzepte-umfangreich-v0-2-pdf/lesen/index.html,08-arbeitswelt-unternehmen-und-gesundheitswirkung/#6-datenquellen-und-datenqualitat,bibliothek/eintraege/download-or-document-assets-downloads-woek-gesundheit-pflege-detailkonzepte-umfangreich-v0-2-pdf/lesen/08-arbeitswelt-unternehmen-und-gesundheitswirkung/index.html,REQUIRES_TARGET_SECTION_REVIEW
bibliothek/eintraege/download-or-document-assets-downloads-woek-gesundheit-pflege-detailkonzepte-umfangreich-v0-2-pdf/lesen/index.html,10-finanzierung-wirkungsfonds-und-gesundheitskassen/#7-berechnungs-und-bewertungslogik,bibliothek/eintraege/download-or-document-assets-downloads-woek-gesundheit-pflege-detailkonzepte-umfangreich-v0-2-pdf/lesen/10-finanzierung-wirkungsfonds-und-gesundheitskassen/index.html,REQUIRES_TARGET_SECTION_REVIEW
bibliothek/eintraege/download-or-document-assets-downloads-woek-gesundheit-pflege-detailkonzepte-umfangreich-v0-2-pdf/lesen/index.html,10-finanzierung-wirkungsfonds-und-gesundheitskassen/#8-politische-umsetzungsoptionen,bibliothek/eintraege/download-or-document-assets-downloads-woek-gesundheit-pflege-detailkonzepte-umfangreich-v0-2-pdf/lesen/10-finanzierung-wirkungsfonds-und-gesundheitskassen/index.html,REQUIRES_TARGET_SECTION_REVIEW
bibliothek/eintraege/download-or-document-assets-downloads-woek-gesundheit-pflege-detailkonzepte-umfangreich-v0-2-pdf/lesen/index.html,10-finanzierung-wirkungsfonds-und-gesundheitskassen/#9-grenzen-und-missbrauchsschutz,bibliothek/eintraege/download-or-document-assets-downloads-woek-gesundheit-pflege-detailkonzepte-umfangreich-v0-2-pdf/lesen/10-finanzierung-wirkungsfonds-und-gesundheitskassen/index.html,REQUIRES_TARGET_SECTION_REVIEW
bibliothek/eintraege/download-or-document-assets-downloads-woek-gesundheit-pflege-detailkonzepte-umfangreich-v0-2-pdf/lesen/index.html,11-versorgung-kliniken-und-gesundheitsnetzwerke/#5-indikatoren-und-wok-id-anschluss,bibliothek/eintraege/download-or-document-assets-downloads-woek-gesundheit-pflege-detailkonzepte-umfangreich-v0-2-pdf/lesen/11-versorgung-kliniken-und-gesundheitsnetzwerke/index.html,REQUIRES_TARGET_SECTION_REVIEW
bibliothek/eintraege/download-or-document-assets-downloads-woek-gesundheit-pflege-detailkonzepte-umfangreich-v0-2-pdf/lesen/index.html,11-versorgung-kliniken-und-gesundheitsnetzwerke/#6-datenquellen-und-datenqualitat,bibliothek/eintraege/download-or-document-assets-downloads-woek-gesundheit-pflege-detailkonzepte-umfangreich-v0-2-pdf/lesen/11-versorgung-kliniken-und-gesundheitsnetzwerke/index.html,REQUIRES_TARGET_SECTION_REVIEW
bibliothek/eintraege/download-or-document-assets-downloads-woek-detailkonzept-sanierung-energie-warmmietenneutralitae-2/lesen/index.html,03-3-systemelemente/#politische-anschlussfahigkeit-und-ausgestaltungsspielraum,bibliothek/eintraege/download-or-document-assets-downloads-woek-detailkonzept-sanierung-energie-warmmietenneutralitae-2/lesen/03-3-systemelemente/index.html,REQUIRES_TARGET_SECTION_REVIEW
bibliothek/eintraege/download-or-document-public-downloads-originals-wirkungsfinanzpolitik-aufsatz-woek-v2-mmt-public/lesen/index.html,02-2-was-mmt-richtig-sieht/#kein-anti-mmt-anschluss-statt-abwertung,bibliothek/eintraege/download-or-document-public-downloads-originals-wirkungsfinanzpolitik-aufsatz-woek-v2-mmt-public/lesen/02-2-was-mmt-richtig-sieht/index.html,REQUIRES_TARGET_SECTION_REVIEW
bibliothek/eintraege/download-or-document-assets-downloads-woek-detailkonzept-wohnen-als-wirkungsraum-v0-1-2-pdf/lesen/index.html,03-3-systemelemente/#politische-anschlussfahigkeit-und-ausgestaltungsspielraum,bibliothek/eintraege/download-or-document-assets-downloads-woek-detailkonzept-wohnen-als-wirkungsraum-v0-1-2-pdf/lesen/03-3-systemelemente/index.html,REQUIRES_TARGET_SECTION_REVIEW
bibliothek/eintraege/download-or-document-assets-downloads-woek-detailkonzept-wohnen-als-wirkungsraum-v0-1-pdf/lesen/index.html,03-3-systemelemente/#politische-anschlussfahigkeit-und-ausgestaltungsspielraum,bibliothek/eintraege/download-or-document-assets-downloads-woek-detailkonzept-wohnen-als-wirkungsraum-v0-1-pdf/lesen/03-3-systemelemente/index.html,REQUIRES_TARGET_SECTION_REVIEW
bibliothek/eintraege/woems-2-0/lesen/index.html,07-3-abgrenzung-und-weiterentwicklung-bestehender-modelle/#3-1-von-der-methodenbibliothek-zur-vollstandigen-wirkungsrea,bibliothek/eintraege/woems-2-0/lesen/07-3-abgrenzung-und-weiterentwicklung-bestehender-modelle/index.html,REQUIRES_TARGET_SECTION_REVIEW
bibliothek/eintraege/woems-2-0/lesen/index.html,07-3-abgrenzung-und-weiterentwicklung-bestehender-modelle/#3-2-bestehende-fachmethoden-bleiben-anschlussfahig,bibliothek/eintraege/woems-2-0/lesen/07-3-abgrenzung-und-weiterentwicklung-bestehender-modelle/index.html,REQUIRES_TARGET_SECTION_REVIEW
bibliothek/eintraege/woems-2-0/lesen/index.html,59-d09-t-sroi-transformational-social-return-on-investment/#leitfragen,bibliothek/eintraege/woems-2-0/lesen/59-d09-t-sroi-transformational-social-return-on-investment/index.html,REQUIRES_TARGET_SECTION_REVIEW
bibliothek/eintraege/woems-2-0/lesen/index.html,185-p10-unabhangige-methoden-modell-und-wirkungsprufung/#varianten,bibliothek/eintraege/woems-2-0/lesen/185-p10-unabhangige-methoden-modell-und-wirkungsprufung/index.html,REQUIRES_TARGET_SECTION_REVIEW
bibliothek/eintraege/woems-2-0/lesen/index.html,185-p10-unabhangige-methoden-modell-und-wirkungsprufung/#quellen-und-herkunftslinie,bibliothek/eintraege/woems-2-0/lesen/185-p10-unabhangige-methoden-modell-und-wirkungsprufung/index.html,REQUIRES_TARGET_SECTION_REVIEW
bibliothek/eintraege/woems-2-0/lesen/index.html,238-anhang-e-externe-quellen-und-anschlusswerke/#change-menschen-skills-und-wissen,bibliothek/eintraege/woems-2-0/lesen/238-anhang-e-externe-quellen-und-anschlusswerke/index.html,REQUIRES_TARGET_SECTION_REVIEW
bibliothek/eintraege/download-or-document-assets-downloads-woek-detailkonzept-eigentum-vermietung-wirkungspflicht-v0-2/lesen/index.html,03-3-systemelemente/#politische-anschlussfahigkeit-und-ausgestaltungsspielraum,bibliothek/eintraege/download-or-document-assets-downloads-woek-detailkonzept-eigentum-vermietung-wirkungspflicht-v0-2/lesen/03-3-systemelemente/index.html,REQUIRES_TARGET_SECTION_REVIEW
bibliothek/eintraege/download-or-document-assets-downloads-woek-bildung-wirkungsschule-einzeldossier-set-v0-1-2-pdf/lesen/index.html,00-dossier-1-bildung-als-wirkungsinfrastruktur/#download-und-online-fassung,bibliothek/eintraege/download-or-document-assets-downloads-woek-bildung-wirkungsschule-einzeldossier-set-v0-1-2-pdf/lesen/00-dossier-1-bildung-als-wirkungsinfrastruktur/index.html,REQUIRES_TARGET_SECTION_REVIEW
bibliothek/eintraege/download-or-document-public-downloads-originals-wirkungsraeume-gestalten-dossier-wirkungsorienti/lesen/index.html,71-48-die-zehn-wirkungsraume-eines-digitalen-formats/#10-demokratischer-gesamtraum,bibliothek/eintraege/download-or-document-public-downloads-originals-wirkungsraeume-gestalten-dossier-wirkungsorienti/lesen/71-48-die-zehn-wirkungsraume-eines-digitalen-formats/index.html,REQUIRES_TARGET_SECTION_REVIEW
bibliothek/eintraege/download-or-document-assets-downloads-woek-detailkonzept-mietwirkung-bezahlbarkeit-v0-1-pdf/lesen/index.html,03-3-systemelemente/#politische-anschlussfahigkeit-und-ausgestaltungsspielraum,bibliothek/eintraege/download-or-document-assets-downloads-woek-detailkonzept-mietwirkung-bezahlbarkeit-v0-1-pdf/lesen/03-3-systemelemente/index.html,REQUIRES_TARGET_SECTION_REVIEW
bibliothek/eintraege/download-or-document-assets-downloads-woek-finanzsystem-kapital-einzeldossier-set-v0-1-2-pdf/lesen/index.html,01-1-einzeldossier-kapital-als-wirkungskraft/#umsetzung-und-schutz,bibliothek/eintraege/download-or-document-assets-downloads-woek-finanzsystem-kapital-einzeldossier-set-v0-1-2-pdf/lesen/01-1-einzeldossier-kapital-als-wirkungskraft/index.html,REQUIRES_TARGET_SECTION_REVIEW
bibliothek/eintraege/download-or-document-assets-downloads-woek-detailkonzept-kommunale-wohnwirkungspolitik-v0-1-pdf/lesen/index.html,03-3-systemelemente/#politische-anschlussfahigkeit-und-ausgestaltungsspielraum,bibliothek/eintraege/download-or-document-assets-downloads-woek-detailkonzept-kommunale-wohnwirkungspolitik-v0-1-pdf/lesen/03-3-systemelemente/index.html,REQUIRES_TARGET_SECTION_REVIEW
bibliothek/eintraege/download-or-document-assets-downloads-woek-detailkonzept-mietwirkung-bezahlbarkeit-v0-1-2-pdf/lesen/index.html,03-3-systemelemente/#politische-anschlussfahigkeit-und-ausgestaltungsspielraum,bibliothek/eintraege/download-or-document-assets-downloads-woek-detailkonzept-mietwirkung-bezahlbarkeit-v0-1-2-pdf/lesen/03-3-systemelemente/index.html,REQUIRES_TARGET_SECTION_REVIEW
bibliothek/eintraege/download-or-document-assets-downloads-woek-gesundheit-pflege-gesamtdossier-v0-1-pdf/lesen/index.html,03-3-beispielrechnungen/#hitzeschutz-im-quartier,bibliothek/eintraege/download-or-document-assets-downloads-woek-gesundheit-pflege-gesamtdossier-v0-1-pdf/lesen/03-3-beispielrechnungen/index.html,REQUIRES_TARGET_SECTION_REVIEW
bibliothek/eintraege/download-or-document-assets-downloads-woek-gesundheit-pflege-gesamtdossier-v0-1-pdf/lesen/index.html,03-3-beispielrechnungen/#betriebliche-psychische-sicherheit,bibliothek/eintraege/download-or-document-assets-downloads-woek-gesundheit-pflege-gesamtdossier-v0-1-pdf/lesen/03-3-beispielrechnungen/index.html,REQUIRES_TARGET_SECTION_REVIEW
bibliothek/eintraege/download-or-document-assets-downloads-woek-gesundheit-pflege-gesamtdossier-v0-1-pdf/lesen/index.html,03-3-beispielrechnungen/#pflegequartier,bibliothek/eintraege/download-or-document-assets-downloads-woek-gesundheit-pflege-gesamtdossier-v0-1-pdf/lesen/03-3-beispielrechnungen/index.html,REQUIRES_TARGET_SECTION_REVIEW
bibliothek/eintraege/download-or-document-assets-downloads-woek-gesundheit-pflege-gesamtdossier-v0-1-pdf/lesen/index.html,03-3-beispielrechnungen/#schulgesundheit,bibliothek/eintraege/download-or-document-assets-downloads-woek-gesundheit-pflege-gesamtdossier-v0-1-pdf/lesen/03-3-beispielrechnungen/index.html,REQUIRES_TARGET_SECTION_REVIEW
bibliothek/eintraege/download-or-document-assets-downloads-woek-finanzsystem-kapital-detailkonzepte-umfangreich-v0-1-2/lesen/index.html,01-1-kapital-als-wirkungskraft/#6-steuer-und-fondsbezug,bibliothek/eintraege/download-or-document-assets-downloads-woek-finanzsystem-kapital-detailkonzepte-umfangreich-v0-1-2/lesen/01-1-kapital-als-wirkungskraft/index.html,REQUIRES_TARGET_SECTION_REVIEW
bibliothek/eintraege/download-or-document-assets-downloads-woek-finanzsystem-kapital-detailkonzepte-umfangreich-v0-1-2/lesen/index.html,01-1-kapital-als-wirkungskraft/#7-risiken-rote-linien-und-missbrauchsschutz,bibliothek/eintraege/download-or-document-assets-downloads-woek-finanzsystem-kapital-detailkonzepte-umfangreich-v0-1-2/lesen/01-1-kapital-als-wirkungskraft/index.html,REQUIRES_TARGET_SECTION_REVIEW
bibliothek/eintraege/download-or-document-assets-downloads-woek-finanzsystem-kapital-detailkonzepte-umfangreich-v0-1-2/lesen/index.html,01-1-kapital-als-wirkungskraft/#8-politische-anschlussfahigkeit,bibliothek/eintraege/download-or-document-assets-downloads-woek-finanzsystem-kapital-detailkonzepte-umfangreich-v0-1-2/lesen/01-1-kapital-als-wirkungskraft/index.html,REQUIRES_TARGET_SECTION_REVIEW
bibliothek/eintraege/download-or-document-assets-downloads-woek-finanzsystem-kapital-detailkonzepte-umfangreich-v0-1-2/lesen/index.html,01-1-kapital-als-wirkungskraft/#9-online-umsetzung,bibliothek/eintraege/download-or-document-assets-downloads-woek-finanzsystem-kapital-detailkonzepte-umfangreich-v0-1-2/lesen/01-1-kapital-als-wirkungskraft/index.html,REQUIRES_TARGET_SECTION_REVIEW
bibliothek/eintraege/download-or-document-assets-downloads-woek-finanzsystem-kapital-detailkonzepte-umfangreich-v0-1-2/lesen/index.html,02-2-kapitalwirkung-statt-kapitalrendite/#4-daten-und-indikatoren,bibliothek/eintraege/download-or-document-assets-downloads-woek-finanzsystem-kapital-detailkonzepte-umfangreich-v0-1-2/lesen/02-2-kapitalwirkung-statt-kapitalrendite/index.html,REQUIRES_TARGET_SECTION_REVIEW
bibliothek/eintraege/download-or-document-assets-downloads-woek-finanzsystem-kapital-detailkonzepte-umfangreich-v0-1-2/lesen/index.html,02-2-kapitalwirkung-statt-kapitalrendite/#5-werkzeuge,bibliothek/eintraege/download-or-document-assets-downloads-woek-finanzsystem-kapital-detailkonzepte-umfangreich-v0-1-2/lesen/02-2-kapitalwirkung-statt-kapitalrendite/index.html,REQUIRES_TARGET_SECTION_REVIEW
bibliothek/eintraege/download-or-document-assets-downloads-woek-finanzsystem-kapital-detailkonzepte-umfangreich-v0-1-2/lesen/index.html,04-4-banken-wirkungskredite-und-eba-anschluss/#5-werkzeuge,bibliothek/eintraege/download-or-document-assets-downloads-woek-finanzsystem-kapital-detailkonzepte-umfangreich-v0-1-2/lesen/04-4-banken-wirkungskredite-und-eba-anschluss/index.html,REQUIRES_TARGET_SECTION_REVIEW
bibliothek/eintraege/download-or-document-assets-downloads-woek-finanzsystem-kapital-detailkonzepte-umfangreich-v0-1-2/lesen/index.html,04-4-banken-wirkungskredite-und-eba-anschluss/#6-steuer-und-fondsbezug,bibliothek/eintraege/download-or-document-assets-downloads-woek-finanzsystem-kapital-detailkonzepte-umfangreich-v0-1-2/lesen/04-4-banken-wirkungskredite-und-eba-anschluss/index.html,REQUIRES_TARGET_SECTION_REVIEW
bibliothek/eintraege/download-or-document-assets-downloads-woek-finanzsystem-kapital-detailkonzepte-umfangreich-v0-1-2/lesen/index.html,06-6-esg-ratings-borsen-und-impact-exchange/#6-steuer-und-fondsbezug,bibliothek/eintraege/download-or-document-assets-downloads-woek-finanzsystem-kapital-detailkonzepte-umfangreich-v0-1-2/lesen/06-6-esg-ratings-borsen-und-impact-exchange/index.html,REQUIRES_TARGET_SECTION_REVIEW
bibliothek/eintraege/download-or-document-assets-downloads-woek-finanzsystem-kapital-detailkonzepte-umfangreich-v0-1-2/lesen/index.html,06-6-esg-ratings-borsen-und-impact-exchange/#7-risiken-rote-linien-und-missbrauchsschutz,bibliothek/eintraege/download-or-document-assets-downloads-woek-finanzsystem-kapital-detailkonzepte-umfangreich-v0-1-2/lesen/06-6-esg-ratings-borsen-und-impact-exchange/index.html,REQUIRES_TARGET_SECTION_REVIEW
bibliothek/eintraege/download-or-document-assets-downloads-woek-finanzsystem-kapital-detailkonzepte-umfangreich-v0-1-2/lesen/index.html,06-6-esg-ratings-borsen-und-impact-exchange/#8-politische-anschlussfahigkeit,bibliothek/eintraege/download-or-document-assets-downloads-woek-finanzsystem-kapital-detailkonzepte-umfangreich-v0-1-2/lesen/06-6-esg-ratings-borsen-und-impact-exchange/index.html,REQUIRES_TARGET_SECTION_REVIEW
bibliothek/eintraege/download-or-document-assets-downloads-woek-finanzsystem-kapital-detailkonzepte-umfangreich-v0-1-2/lesen/index.html,08-8-burger-innenfonds-wirkungsrente-und-teilhabe-am-kapital/#6-steuer-und-fondsbezug,bibliothek/eintraege/download-or-document-assets-downloads-woek-finanzsystem-kapital-detailkonzepte-umfangreich-v0-1-2/lesen/08-8-burger-innenfonds-wirkungsrente-und-teilhabe-am-kapital/index.html,REQUIRES_TARGET_SECTION_REVIEW
bibliothek/eintraege/download-or-document-assets-downloads-woek-finanzsystem-kapital-detailkonzepte-umfangreich-v0-1-2/lesen/index.html,08-8-burger-innenfonds-wirkungsrente-und-teilhabe-am-kapital/#7-risiken-rote-linien-und-missbrauchsschutz,bibliothek/eintraege/download-or-document-assets-downloads-woek-finanzsystem-kapital-detailkonzepte-umfangreich-v0-1-2/lesen/08-8-burger-innenfonds-wirkungsrente-und-teilhabe-am-kapital/index.html,REQUIRES_TARGET_SECTION_REVIEW
bibliothek/eintraege/download-or-document-assets-downloads-woek-finanzsystem-kapital-detailkonzepte-umfangreich-v0-1-2/lesen/index.html,08-8-burger-innenfonds-wirkungsrente-und-teilhabe-am-kapital/#8-politische-anschlussfahigkeit,bibliothek/eintraege/download-or-document-assets-downloads-woek-finanzsystem-kapital-detailkonzepte-umfangreich-v0-1-2/lesen/08-8-burger-innenfonds-wirkungsrente-und-teilhabe-am-kapital/index.html,REQUIRES_TARGET_SECTION_REVIEW
bibliothek/eintraege/download-or-document-assets-downloads-woek-finanzsystem-kapital-detailkonzepte-umfangreich-v0-1-2/lesen/index.html,08-8-burger-innenfonds-wirkungsrente-und-teilhabe-am-kapital/#9-online-umsetzung,bibliothek/eintraege/download-or-document-assets-downloads-woek-finanzsystem-kapital-detailkonzepte-umfangreich-v0-1-2/lesen/08-8-burger-innenfonds-wirkungsrente-und-teilhabe-am-kapital/index.html,REQUIRES_TARGET_SECTION_REVIEW
bibliothek/eintraege/download-or-document-assets-downloads-woek-finanzsystem-kapital-detailkonzepte-umfangreich-v0-1-2/lesen/index.html,09-9-steuer-und-abgabenarchitektur-des-kapitals/#4-daten-und-indikatoren,bibliothek/eintraege/download-or-document-assets-downloads-woek-finanzsystem-kapital-detailkonzepte-umfangreich-v0-1-2/lesen/09-9-steuer-und-abgabenarchitektur-des-kapitals/index.html,REQUIRES_TARGET_SECTION_REVIEW
bibliothek/eintraege/download-or-document-assets-downloads-woek-finanzsystem-kapital-detailkonzepte-umfangreich-v0-1-2/lesen/index.html,09-9-steuer-und-abgabenarchitektur-des-kapitals/#5-werkzeuge,bibliothek/eintraege/download-or-document-assets-downloads-woek-finanzsystem-kapital-detailkonzepte-umfangreich-v0-1-2/lesen/09-9-steuer-und-abgabenarchitektur-des-kapitals/index.html,REQUIRES_TARGET_SECTION_REVIEW
bibliothek/eintraege/download-or-document-assets-downloads-woek-finanzsystem-kapital-detailkonzepte-umfangreich-v0-1-2/lesen/index.html,11-11-wirkungsaufsicht-kapitalmissbrauch-und-toxische-finanzpro/#4-daten-und-indikatoren,bibliothek/eintraege/download-or-document-assets-downloads-woek-finanzsystem-kapital-detailkonzepte-umfangreich-v0-1-2/lesen/11-11-wirkungsaufsicht-kapitalmissbrauch-und-toxische-finanzpro/index.html,REQUIRES_TARGET_SECTION_REVIEW
bibliothek/eintraege/download-or-document-assets-downloads-woek-finanzsystem-kapital-detailkonzepte-umfangreich-v0-1-2/lesen/index.html,11-11-wirkungsaufsicht-kapitalmissbrauch-und-toxische-finanzpro/#5-werkzeuge,bibliothek/eintraege/download-or-document-assets-downloads-woek-finanzsystem-kapital-detailkonzepte-umfangreich-v0-1-2/lesen/11-11-wirkungsaufsicht-kapitalmissbrauch-und-toxische-finanzpro/index.html,REQUIRES_TARGET_SECTION_REVIEW
bibliothek/eintraege/download-or-document-assets-downloads-woek-finanzsystem-kapital-detailkonzepte-umfangreich-v0-1-2/lesen/index.html,11-11-wirkungsaufsicht-kapitalmissbrauch-und-toxische-finanzpro/#6-steuer-und-fondsbezug,bibliothek/eintraege/download-or-document-assets-downloads-woek-finanzsystem-kapital-detailkonzepte-umfangreich-v0-1-2/lesen/11-11-wirkungsaufsicht-kapitalmissbrauch-und-toxische-finanzpro/index.html,REQUIRES_TARGET_SECTION_REVIEW
bibliothek/eintraege/download-or-document-assets-downloads-woek-wissenschaft-innovation-digitalisierung-konzeptpapier-2/lesen/index.html,03-3-systemarchitektur-des-portals/#innovation-als-systemlernen-und-transfer,bibliothek/eintraege/download-or-document-assets-downloads-woek-wissenschaft-innovation-digitalisierung-konzeptpapier-2/lesen/03-3-systemarchitektur-des-portals/index.html,REQUIRES_TARGET_SECTION_REVIEW
bibliothek/eintraege/download-or-document-assets-downloads-woek-wissenschaft-innovation-digitalisierung-konzeptpapier-2/lesen/index.html,03-3-systemarchitektur-des-portals/#ki-und-algorithmische-verantwortung,bibliothek/eintraege/download-or-document-assets-downloads-woek-wissenschaft-innovation-digitalisierung-konzeptpapier-2/lesen/03-3-systemarchitektur-des-portals/index.html,REQUIRES_TARGET_SECTION_REVIEW
bibliothek/eintraege/download-or-document-assets-downloads-woek-wissenschaft-innovation-digitalisierung-konzeptpapier-2/lesen/index.html,03-3-systemarchitektur-des-portals/#datenraume-interoperabilitat-und-wirkungsdaten,bibliothek/eintraege/download-or-document-assets-downloads-woek-wissenschaft-innovation-digitalisierung-konzeptpapier-2/lesen/03-3-systemarchitektur-des-portals/index.html,REQUIRES_TARGET_SECTION_REVIEW
bibliothek/eintraege/download-or-document-assets-downloads-woek-wissenschaft-innovation-digitalisierung-konzeptpapier-2/lesen/index.html,03-3-systemarchitektur-des-portals/#digitale-offentliche-infrastruktur-und-souveranitat,bibliothek/eintraege/download-or-document-assets-downloads-woek-wissenschaft-innovation-digitalisierung-konzeptpapier-2/lesen/03-3-systemarchitektur-des-portals/index.html,REQUIRES_TARGET_SECTION_REVIEW
bibliothek/eintraege/download-or-document-assets-downloads-woek-wissenschaft-innovation-digitalisierung-konzeptpapier-2/lesen/index.html,03-3-systemarchitektur-des-portals/#cyberresilienz-und-kritische-wissensinfrastruktur,bibliothek/eintraege/download-or-document-assets-downloads-woek-wissenschaft-innovation-digitalisierung-konzeptpapier-2/lesen/03-3-systemarchitektur-des-portals/index.html,REQUIRES_TARGET_SECTION_REVIEW
bibliothek/eintraege/download-or-document-assets-downloads-woek-wissenschaft-innovation-digitalisierung-konzeptpapier-2/lesen/index.html,03-3-systemarchitektur-des-portals/#forschungsforderung-wissensrat-und-politikberatung,bibliothek/eintraege/download-or-document-assets-downloads-woek-wissenschaft-innovation-digitalisierung-konzeptpapier-2/lesen/03-3-systemarchitektur-des-portals/index.html,REQUIRES_TARGET_SECTION_REVIEW
bibliothek/eintraege/download-or-document-assets-downloads-woek-wissenschaft-innovation-digitalisierung-konzeptpapier-2/lesen/index.html,03-3-systemarchitektur-des-portals/#start-ups-deep-tech-und-wirkungsinnovation,bibliothek/eintraege/download-or-document-assets-downloads-woek-wissenschaft-innovation-digitalisierung-konzeptpapier-2/lesen/03-3-systemarchitektur-des-portals/index.html,REQUIRES_TARGET_SECTION_REVIEW
bibliothek/eintraege/download-or-document-assets-downloads-woek-wissenschaft-innovation-digitalisierung-konzeptpapier-2/lesen/index.html,03-3-systemarchitektur-des-portals/#wissenschaftskommunikation-und-vertrauensbildung,bibliothek/eintraege/download-or-document-assets-downloads-woek-wissenschaft-innovation-digitalisierung-konzeptpapier-2/lesen/03-3-systemarchitektur-des-portals/index.html,REQUIRES_TARGET_SECTION_REVIEW
bibliothek/eintraege/download-or-document-assets-downloads-woek-wissenschaft-innovation-digitalisierung-konzeptpapier-2/lesen/index.html,03-3-systemarchitektur-des-portals/#digitale-teilhabe-kompetenz-und-bildung,bibliothek/eintraege/download-or-document-assets-downloads-woek-wissenschaft-innovation-digitalisierung-konzeptpapier-2/lesen/03-3-systemarchitektur-des-portals/index.html,REQUIRES_TARGET_SECTION_REVIEW
bibliothek/eintraege/download-or-document-assets-downloads-woek-medien-oeffentlichkeit-wirkungsraeume-gestalten-hosti/lesen/index.html,71-48-die-zehn-wirkungsraume-eines-digitalen-formats/#10-demokratischer-gesamtraum,bibliothek/eintraege/download-or-document-assets-downloads-woek-medien-oeffentlichkeit-wirkungsraeume-gestalten-hosti/lesen/71-48-die-zehn-wirkungsraume-eines-digitalen-formats/index.html,REQUIRES_TARGET_SECTION_REVIEW
bibliothek/eintraege/download-or-document-assets-downloads-woek-detailkonzept-boden-leerstand-spekulation-v0-1-pdf/lesen/index.html,03-3-systemelemente/#politische-anschlussfahigkeit-und-ausgestaltungsspielraum,bibliothek/eintraege/download-or-document-assets-downloads-woek-detailkonzept-boden-leerstand-spekulation-v0-1-pdf/lesen/03-3-systemelemente/index.html,REQUIRES_TARGET_SECTION_REVIEW
bibliothek/eintraege/download-or-document-assets-downloads-woek-detailkonzept-wohnwirkungsindex-wix-v0-1-2-pdf/lesen/index.html,03-3-systemelemente/#politische-anschlussfahigkeit-und-ausgestaltungsspielraum,bibliothek/eintraege/download-or-document-assets-downloads-woek-detailkonzept-wohnwirkungsindex-wix-v0-1-2-pdf/lesen/03-3-systemelemente/index.html,REQUIRES_TARGET_SECTION_REVIEW
bibliothek/eintraege/download-or-document-assets-downloads-arbeitspapier-folgencheck-wirkungspolitische-sprache-v0-1/lesen/index.html,07-7-analyse-der-zentralen-frames-und-narrative/#7-9-letzte-chance-narrativ-zeitdruck-als-radikalisierungsbes,bibliothek/eintraege/download-or-document-assets-downloads-arbeitspapier-folgencheck-wirkungspolitische-sprache-v0-1/lesen/07-7-analyse-der-zentralen-frames-und-narrative/index.html,REQUIRES_TARGET_SECTION_REVIEW
bibliothek/eintraege/download-or-document-assets-downloads-arbeitspapier-folgencheck-wirkungspolitische-sprache-v0-1/lesen/index.html,08-8-wirkungskarte-welche-gesellschaftlichen-zustande-werden-wa/#folgencheck-steckbriefe,bibliothek/eintraege/download-or-document-assets-downloads-arbeitspapier-folgencheck-wirkungspolitische-sprache-v0-1/lesen/08-8-wirkungskarte-welche-gesellschaftlichen-zustande-werden-wa/index.html,REQUIRES_TARGET_SECTION_REVIEW
bibliothek/eintraege/download-or-document-assets-downloads-arbeitspapier-folgencheck-wirkungspolitische-sprache-v0-1/lesen/index.html,10-10-praxisteil-folgencheck-im-einsatz/#10-7-berichtformat-fur-einen-offentlichen-folgencheck,bibliothek/eintraege/download-or-document-assets-downloads-arbeitspapier-folgencheck-wirkungspolitische-sprache-v0-1/lesen/10-10-praxisteil-folgencheck-im-einsatz/index.html,REQUIRES_TARGET_SECTION_REVIEW
bibliothek/eintraege/download-or-document-assets-downloads-arbeitspapier-folgencheck-wirkungspolitische-sprache-v0-1/lesen/index.html,11-11-forschungs-und-umsetzungsprogramm/#forschungsdesign-im-uberblick,bibliothek/eintraege/download-or-document-assets-downloads-arbeitspapier-folgencheck-wirkungspolitische-sprache-v0-1/lesen/11-11-forschungs-und-umsetzungsprogramm/index.html,REQUIRES_TARGET_SECTION_REVIEW
bibliothek/eintraege/download-or-document-assets-downloads-woek-gesundheit-pflege-detailkonzepte-umfangreich-v0-2-2-p/lesen/index.html,01-gesundheit-als-gesellschaftliches-wirkungsfeld/#7-berechnungs-und-bewertungslogik,bibliothek/eintraege/download-or-document-assets-downloads-woek-gesundheit-pflege-detailkonzepte-umfangreich-v0-2-2-p/lesen/01-gesundheit-als-gesellschaftliches-wirkungsfeld/index.html,REQUIRES_TARGET_SECTION_REVIEW
bibliothek/eintraege/download-or-document-assets-downloads-woek-gesundheit-pflege-detailkonzepte-umfangreich-v0-2-2-p/lesen/index.html,01-gesundheit-als-gesellschaftliches-wirkungsfeld/#8-politische-umsetzungsoptionen,bibliothek/eintraege/download-or-document-assets-downloads-woek-gesundheit-pflege-detailkonzepte-umfangreich-v0-2-2-p/lesen/01-gesundheit-als-gesellschaftliches-wirkungsfeld/index.html,REQUIRES_TARGET_SECTION_REVIEW
bibliothek/eintraege/download-or-document-assets-downloads-woek-gesundheit-pflege-detailkonzepte-umfangreich-v0-2-2-p/lesen/index.html,01-gesundheit-als-gesellschaftliches-wirkungsfeld/#9-grenzen-und-missbrauchsschutz,bibliothek/eintraege/download-or-document-assets-downloads-woek-gesundheit-pflege-detailkonzepte-umfangreich-v0-2-2-p/lesen/01-gesundheit-als-gesellschaftliches-wirkungsfeld/index.html,REQUIRES_TARGET_SECTION_REVIEW
bibliothek/eintraege/download-or-document-assets-downloads-woek-gesundheit-pflege-detailkonzepte-umfangreich-v0-2-2-p/lesen/index.html,01-gesundheit-als-gesellschaftliches-wirkungsfeld/#10-online-und-tool-umsetzung,bibliothek/eintraege/download-or-document-assets-downloads-woek-gesundheit-pflege-detailkonzepte-umfangreich-v0-2-2-p/lesen/01-gesundheit-als-gesellschaftliches-wirkungsfeld/index.html,REQUIRES_TARGET_SECTION_REVIEW
bibliothek/eintraege/download-or-document-assets-downloads-woek-gesundheit-pflege-detailkonzepte-umfangreich-v0-2-2-p/lesen/index.html,02-pravention-gesundheitskassen-und-wirkungshaushalt/#5-indikatoren-und-wok-id-anschluss,bibliothek/eintraege/download-or-document-assets-downloads-woek-gesundheit-pflege-detailkonzepte-umfangreich-v0-2-2-p/lesen/02-pravention-gesundheitskassen-und-wirkungshaushalt/index.html,REQUIRES_TARGET_SECTION_REVIEW
bibliothek/eintraege/download-or-document-assets-downloads-woek-gesundheit-pflege-detailkonzepte-umfangreich-v0-2-2-p/lesen/index.html,02-pravention-gesundheitskassen-und-wirkungshaushalt/#6-datenquellen-und-datenqualitat,bibliothek/eintraege/download-or-document-assets-downloads-woek-gesundheit-pflege-detailkonzepte-umfangreich-v0-2-2-p/lesen/02-pravention-gesundheitskassen-und-wirkungshaushalt/index.html,REQUIRES_TARGET_SECTION_REVIEW
bibliothek/eintraege/download-or-document-assets-downloads-woek-gesundheit-pflege-detailkonzepte-umfangreich-v0-2-2-p/lesen/index.html,04-pflege-als-wirkleistung-und-pflegeokosystem/#7-berechnungs-und-bewertungslogik,bibliothek/eintraege/download-or-document-assets-downloads-woek-gesundheit-pflege-detailkonzepte-umfangreich-v0-2-2-p/lesen/04-pflege-als-wirkleistung-und-pflegeokosystem/index.html,REQUIRES_TARGET_SECTION_REVIEW
bibliothek/eintraege/download-or-document-assets-downloads-woek-gesundheit-pflege-detailkonzepte-umfangreich-v0-2-2-p/lesen/index.html,04-pflege-als-wirkleistung-und-pflegeokosystem/#8-politische-umsetzungsoptionen,bibliothek/eintraege/download-or-document-assets-downloads-woek-gesundheit-pflege-detailkonzepte-umfangreich-v0-2-2-p/lesen/04-pflege-als-wirkleistung-und-pflegeokosystem/index.html,REQUIRES_TARGET_SECTION_REVIEW
bibliothek/eintraege/download-or-document-assets-downloads-woek-gesundheit-pflege-detailkonzepte-umfangreich-v0-2-2-p/lesen/index.html,04-pflege-als-wirkleistung-und-pflegeokosystem/#9-grenzen-und-missbrauchsschutz,bibliothek/eintraege/download-or-document-assets-downloads-woek-gesundheit-pflege-detailkonzepte-umfangreich-v0-2-2-p/lesen/04-pflege-als-wirkleistung-und-pflegeokosystem/index.html,REQUIRES_TARGET_SECTION_REVIEW
bibliothek/eintraege/download-or-document-assets-downloads-woek-gesundheit-pflege-detailkonzepte-umfangreich-v0-2-2-p/lesen/index.html,05-psychische-gesundheit-und-soziale-stabilitat/#5-indikatoren-und-wok-id-anschluss,bibliothek/eintraege/download-or-document-assets-downloads-woek-gesundheit-pflege-detailkonzepte-umfangreich-v0-2-2-p/lesen/05-psychische-gesundheit-und-soziale-stabilitat/index.html,REQUIRES_TARGET_SECTION_REVIEW
bibliothek/eintraege/download-or-document-assets-downloads-woek-gesundheit-pflege-detailkonzepte-umfangreich-v0-2-2-p/lesen/index.html,05-psychische-gesundheit-und-soziale-stabilitat/#6-datenquellen-und-datenqualitat,bibliothek/eintraege/download-or-document-assets-downloads-woek-gesundheit-pflege-detailkonzepte-umfangreich-v0-2-2-p/lesen/05-psychische-gesundheit-und-soziale-stabilitat/index.html,REQUIRES_TARGET_SECTION_REVIEW
bibliothek/eintraege/download-or-document-assets-downloads-woek-gesundheit-pflege-detailkonzepte-umfangreich-v0-2-2-p/lesen/index.html,07-one-health-klima-umwelt-und-ernahrung/#7-berechnungs-und-bewertungslogik,bibliothek/eintraege/download-or-document-assets-downloads-woek-gesundheit-pflege-detailkonzepte-umfangreich-v0-2-2-p/lesen/07-one-health-klima-umwelt-und-ernahrung/index.html,REQUIRES_TARGET_SECTION_REVIEW
bibliothek/eintraege/download-or-document-assets-downloads-woek-gesundheit-pflege-detailkonzepte-umfangreich-v0-2-2-p/lesen/index.html,07-one-health-klima-umwelt-und-ernahrung/#8-politische-umsetzungsoptionen,bibliothek/eintraege/download-or-document-assets-downloads-woek-gesundheit-pflege-detailkonzepte-umfangreich-v0-2-2-p/lesen/07-one-health-klima-umwelt-und-ernahrung/index.html,REQUIRES_TARGET_SECTION_REVIEW
bibliothek/eintraege/download-or-document-assets-downloads-woek-gesundheit-pflege-detailkonzepte-umfangreich-v0-2-2-p/lesen/index.html,07-one-health-klima-umwelt-und-ernahrung/#9-grenzen-und-missbrauchsschutz,bibliothek/eintraege/download-or-document-assets-downloads-woek-gesundheit-pflege-detailkonzepte-umfangreich-v0-2-2-p/lesen/07-one-health-klima-umwelt-und-ernahrung/index.html,REQUIRES_TARGET_SECTION_REVIEW
bibliothek/eintraege/download-or-document-assets-downloads-woek-gesundheit-pflege-detailkonzepte-umfangreich-v0-2-2-p/lesen/index.html,08-arbeitswelt-unternehmen-und-gesundheitswirkung/#5-indikatoren-und-wok-id-anschluss,bibliothek/eintraege/download-or-document-assets-downloads-woek-gesundheit-pflege-detailkonzepte-umfangreich-v0-2-2-p/lesen/08-arbeitswelt-unternehmen-und-gesundheitswirkung/index.html,REQUIRES_TARGET_SECTION_REVIEW
bibliothek/eintraege/download-or-document-assets-downloads-woek-gesundheit-pflege-detailkonzepte-umfangreich-v0-2-2-p/lesen/index.html,08-arbeitswelt-unternehmen-und-gesundheitswirkung/#6-datenquellen-und-datenqualitat,bibliothek/eintraege/download-or-document-assets-downloads-woek-gesundheit-pflege-detailkonzepte-umfangreich-v0-2-2-p/lesen/08-arbeitswelt-unternehmen-und-gesundheitswirkung/index.html,REQUIRES_TARGET_SECTION_REVIEW
bibliothek/eintraege/download-or-document-assets-downloads-woek-gesundheit-pflege-detailkonzepte-umfangreich-v0-2-2-p/lesen/index.html,10-finanzierung-wirkungsfonds-und-gesundheitskassen/#7-berechnungs-und-bewertungslogik,bibliothek/eintraege/download-or-document-assets-downloads-woek-gesundheit-pflege-detailkonzepte-umfangreich-v0-2-2-p/lesen/10-finanzierung-wirkungsfonds-und-gesundheitskassen/index.html,REQUIRES_TARGET_SECTION_REVIEW
bibliothek/eintraege/download-or-document-assets-downloads-woek-gesundheit-pflege-detailkonzepte-umfangreich-v0-2-2-p/lesen/index.html,10-finanzierung-wirkungsfonds-und-gesundheitskassen/#8-politische-umsetzungsoptionen,bibliothek/eintraege/download-or-document-assets-downloads-woek-gesundheit-pflege-detailkonzepte-umfangreich-v0-2-2-p/lesen/10-finanzierung-wirkungsfonds-und-gesundheitskassen/index.html,REQUIRES_TARGET_SECTION_REVIEW
bibliothek/eintraege/download-or-document-assets-downloads-woek-gesundheit-pflege-detailkonzepte-umfangreich-v0-2-2-p/lesen/index.html,10-finanzierung-wirkungsfonds-und-gesundheitskassen/#9-grenzen-und-missbrauchsschutz,bibliothek/eintraege/download-or-document-assets-downloads-woek-gesundheit-pflege-detailkonzepte-umfangreich-v0-2-2-p/lesen/10-finanzierung-wirkungsfonds-und-gesundheitskassen/index.html,REQUIRES_TARGET_SECTION_REVIEW
bibliothek/eintraege/download-or-document-assets-downloads-woek-gesundheit-pflege-detailkonzepte-umfangreich-v0-2-2-p/lesen/index.html,11-versorgung-kliniken-und-gesundheitsnetzwerke/#5-indikatoren-und-wok-id-anschluss,bibliothek/eintraege/download-or-document-assets-downloads-woek-gesundheit-pflege-detailkonzepte-umfangreich-v0-2-2-p/lesen/11-versorgung-kliniken-und-gesundheitsnetzwerke/index.html,REQUIRES_TARGET_SECTION_REVIEW
bibliothek/eintraege/download-or-document-assets-downloads-woek-gesundheit-pflege-detailkonzepte-umfangreich-v0-2-2-p/lesen/index.html,11-versorgung-kliniken-und-gesundheitsnetzwerke/#6-datenquellen-und-datenqualitat,bibliothek/eintraege/download-or-document-assets-downloads-woek-gesundheit-pflege-detailkonzepte-umfangreich-v0-2-2-p/lesen/11-versorgung-kliniken-und-gesundheitsnetzwerke/index.html,REQUIRES_TARGET_SECTION_REVIEW
bibliothek/eintraege/download-or-document-assets-downloads-woek-detailkonzept-quartier-stadt-sozialraumprofil-v0-1-pd/lesen/index.html,03-3-systemelemente/#politische-anschlussfahigkeit-und-ausgestaltungsspielraum,bibliothek/eintraege/download-or-document-assets-downloads-woek-detailkonzept-quartier-stadt-sozialraumprofil-v0-1-pd/lesen/03-3-systemelemente/index.html,REQUIRES_TARGET_SECTION_REVIEW
bibliothek/eintraege/download-or-document-assets-downloads-woek-finanzsystem-kapital-konzeptpapier-v0-1-2-pdf/lesen/index.html,05-5-architektur-des-wirkungsokonomischen-finanzsystems/#automatisierungsdividende-und-maschinenwertschopfung,bibliothek/eintraege/download-or-document-assets-downloads-woek-finanzsystem-kapital-konzeptpapier-v0-1-2-pdf/lesen/05-5-architektur-des-wirkungsokonomischen-finanzsystems/index.html,REQUIRES_TARGET_SECTION_REVIEW
bibliothek/eintraege/download-or-document-assets-downloads-woek-finanzsystem-kapital-konzeptpapier-v0-1-2-pdf/lesen/index.html,05-5-architektur-des-wirkungsokonomischen-finanzsystems/#wirkungsaufsicht-kapitalmissbrauch-und-toxische-finanzproduk,bibliothek/eintraege/download-or-document-assets-downloads-woek-finanzsystem-kapital-konzeptpapier-v0-1-2-pdf/lesen/05-5-architektur-des-wirkungsokonomischen-finanzsystems/index.html,REQUIRES_TARGET_SECTION_REVIEW
bibliothek/eintraege/download-or-document-assets-downloads-woek-finanzsystem-kapital-konzeptpapier-v0-1-2-pdf/lesen/index.html,05-5-architektur-des-wirkungsokonomischen-finanzsystems/#finanzkompetenz-2-0-und-demokratische-kontrolle,bibliothek/eintraege/download-or-document-assets-downloads-woek-finanzsystem-kapital-konzeptpapier-v0-1-2-pdf/lesen/05-5-architektur-des-wirkungsokonomischen-finanzsystems/index.html,REQUIRES_TARGET_SECTION_REVIEW
bibliothek/eintraege/download-or-document-assets-downloads-woek-rente-soziale-sicherung-gesamtdossier-v0-1-pdf/lesen/index.html,03-3-arbeitsmodell-des-wirkungsrenten-rechners/#3-1-warum-kein-negativer-personenabschlag-in-der-pilotphase,bibliothek/eintraege/download-or-document-assets-downloads-woek-rente-soziale-sicherung-gesamtdossier-v0-1-pdf/lesen/03-3-arbeitsmodell-des-wirkungsrenten-rechners/index.html,REQUIRES_TARGET_SECTION_REVIEW
bibliothek/eintraege/download-or-document-assets-downloads-woek-rente-soziale-sicherung-gesamtdossier-v0-1-2-pdf/lesen/index.html,03-3-arbeitsmodell-des-wirkungsrenten-rechners/#3-1-warum-kein-negativer-personenabschlag-in-der-pilotphase,bibliothek/eintraege/download-or-document-assets-downloads-woek-rente-soziale-sicherung-gesamtdossier-v0-1-2-pdf/lesen/03-3-arbeitsmodell-des-wirkungsrenten-rechners/index.html,REQUIRES_TARGET_SECTION_REVIEW
bibliothek/eintraege/download-or-document-assets-downloads-woek-finanzsystem-kapital-einzeldossier-set-v0-1-pdf/lesen/index.html,01-1-einzeldossier-kapital-als-wirkungskraft/#umsetzung-und-schutz,bibliothek/eintraege/download-or-document-assets-downloads-woek-finanzsystem-kapital-einzeldossier-set-v0-1-pdf/lesen/01-1-einzeldossier-kapital-als-wirkungskraft/index.html,REQUIRES_TARGET_SECTION_REVIEW
bibliothek/eintraege/download-or-document-assets-downloads-woek-bildung-wirkungsschule-detailkonzepte-umfangreich-v0-2/lesen/index.html,00-1-bildung-als-wirkungsinfrastruktur/#9-risiken-und-schutz,bibliothek/eintraege/download-or-document-assets-downloads-woek-bildung-wirkungsschule-detailkonzepte-umfangreich-v0-2/lesen/00-1-bildung-als-wirkungsinfrastruktur/index.html,REQUIRES_TARGET_SECTION_REVIEW
bibliothek/eintraege/download-or-document-assets-downloads-woek-bildung-wirkungsschule-detailkonzepte-umfangreich-v0-2/lesen/index.html,01-2-die-wirkungsschule/#4-indikatoren-wok-ids-und-daten,bibliothek/eintraege/download-or-document-assets-downloads-woek-bildung-wirkungsschule-detailkonzepte-umfangreich-v0-2/lesen/01-2-die-wirkungsschule/index.html,REQUIRES_TARGET_SECTION_REVIEW
bibliothek/eintraege/download-or-document-assets-downloads-woek-bildung-wirkungsschule-detailkonzepte-umfangreich-v0-2/lesen/index.html,01-2-die-wirkungsschule/#5-werkzeugbezug,bibliothek/eintraege/download-or-document-assets-downloads-woek-bildung-wirkungsschule-detailkonzepte-umfangreich-v0-2/lesen/01-2-die-wirkungsschule/index.html,REQUIRES_TARGET_SECTION_REVIEW
bibliothek/eintraege/download-or-document-assets-downloads-woek-bildung-wirkungsschule-detailkonzepte-umfangreich-v0-2/lesen/index.html,01-2-die-wirkungsschule/#6-sdg-sdg-bezug,bibliothek/eintraege/download-or-document-assets-downloads-woek-bildung-wirkungsschule-detailkonzepte-umfangreich-v0-2/lesen/01-2-die-wirkungsschule/index.html,REQUIRES_TARGET_SECTION_REVIEW
bibliothek/eintraege/download-or-document-assets-downloads-woek-bildung-wirkungsschule-detailkonzepte-umfangreich-v0-2/lesen/index.html,01-2-die-wirkungsschule/#7-politische-anschlussfahigkeit,bibliothek/eintraege/download-or-document-assets-downloads-woek-bildung-wirkungsschule-detailkonzepte-umfangreich-v0-2/lesen/01-2-die-wirkungsschule/index.html,REQUIRES_TARGET_SECTION_REVIEW
bibliothek/eintraege/download-or-document-assets-downloads-woek-bildung-wirkungsschule-detailkonzepte-umfangreich-v0-2/lesen/index.html,01-2-die-wirkungsschule/#8-umsetzung-und-pilotierung,bibliothek/eintraege/download-or-document-assets-downloads-woek-bildung-wirkungsschule-detailkonzepte-umfangreich-v0-2/lesen/01-2-die-wirkungsschule/index.html,REQUIRES_TARGET_SECTION_REVIEW
bibliothek/eintraege/download-or-document-assets-downloads-woek-bildung-wirkungsschule-detailkonzepte-umfangreich-v0-2/lesen/index.html,06-7-wirkungsforderung/#5-werkzeugbezug,bibliothek/eintraege/download-or-document-assets-downloads-woek-bildung-wirkungsschule-detailkonzepte-umfangreich-v0-2/lesen/06-7-wirkungsforderung/index.html,REQUIRES_TARGET_SECTION_REVIEW
bibliothek/eintraege/download-or-document-assets-downloads-woek-bildung-wirkungsschule-detailkonzepte-umfangreich-v0-2/lesen/index.html,06-7-wirkungsforderung/#6-sdg-sdg-bezug,bibliothek/eintraege/download-or-document-assets-downloads-woek-bildung-wirkungsschule-detailkonzepte-umfangreich-v0-2/lesen/06-7-wirkungsforderung/index.html,REQUIRES_TARGET_SECTION_REVIEW
bibliothek/eintraege/download-or-document-assets-downloads-woek-bildung-wirkungsschule-detailkonzepte-umfangreich-v0-2/lesen/index.html,06-7-wirkungsforderung/#7-politische-anschlussfahigkeit,bibliothek/eintraege/download-or-document-assets-downloads-woek-bildung-wirkungsschule-detailkonzepte-umfangreich-v0-2/lesen/06-7-wirkungsforderung/index.html,REQUIRES_TARGET_SECTION_REVIEW
bibliothek/eintraege/download-or-document-assets-downloads-woek-bildung-wirkungsschule-detailkonzepte-umfangreich-v0-2/lesen/index.html,06-7-wirkungsforderung/#8-umsetzung-und-pilotierung,bibliothek/eintraege/download-or-document-assets-downloads-woek-bildung-wirkungsschule-detailkonzepte-umfangreich-v0-2/lesen/06-7-wirkungsforderung/index.html,REQUIRES_TARGET_SECTION_REVIEW
bibliothek/eintraege/download-or-document-assets-downloads-woek-bildung-wirkungsschule-detailkonzepte-umfangreich-v0-2/lesen/index.html,06-7-wirkungsforderung/#9-risiken-und-schutz,bibliothek/eintraege/download-or-document-assets-downloads-woek-bildung-wirkungsschule-detailkonzepte-umfangreich-v0-2/lesen/06-7-wirkungsforderung/index.html,REQUIRES_TARGET_SECTION_REVIEW
bibliothek/eintraege/download-or-document-assets-downloads-woek-bildung-wirkungsschule-detailkonzepte-umfangreich-v0-2/lesen/index.html,10-11-inklusion-vielfalt-migration-und-begabung/#5-werkzeugbezug,bibliothek/eintraege/download-or-document-assets-downloads-woek-bildung-wirkungsschule-detailkonzepte-umfangreich-v0-2/lesen/10-11-inklusion-vielfalt-migration-und-begabung/index.html,REQUIRES_TARGET_SECTION_REVIEW
bibliothek/eintraege/download-or-document-assets-downloads-woek-bildung-wirkungsschule-detailkonzepte-umfangreich-v0-2/lesen/index.html,10-11-inklusion-vielfalt-migration-und-begabung/#6-sdg-sdg-bezug,bibliothek/eintraege/download-or-document-assets-downloads-woek-bildung-wirkungsschule-detailkonzepte-umfangreich-v0-2/lesen/10-11-inklusion-vielfalt-migration-und-begabung/index.html,REQUIRES_TARGET_SECTION_REVIEW
bibliothek/eintraege/download-or-document-assets-downloads-woek-bildung-wirkungsschule-detailkonzepte-umfangreich-v0-2/lesen/index.html,10-11-inklusion-vielfalt-migration-und-begabung/#7-politische-anschlussfahigkeit,bibliothek/eintraege/download-or-document-assets-downloads-woek-bildung-wirkungsschule-detailkonzepte-umfangreich-v0-2/lesen/10-11-inklusion-vielfalt-migration-und-begabung/index.html,REQUIRES_TARGET_SECTION_REVIEW
bibliothek/eintraege/download-or-document-assets-downloads-woek-bildung-wirkungsschule-detailkonzepte-umfangreich-v0-2/lesen/index.html,10-11-inklusion-vielfalt-migration-und-begabung/#8-umsetzung-und-pilotierung,bibliothek/eintraege/download-or-document-assets-downloads-woek-bildung-wirkungsschule-detailkonzepte-umfangreich-v0-2/lesen/10-11-inklusion-vielfalt-migration-und-begabung/index.html,REQUIRES_TARGET_SECTION_REVIEW
bibliothek/eintraege/download-or-document-assets-downloads-woek-bildung-wirkungsschule-detailkonzepte-umfangreich-v0-2/lesen/index.html,10-11-inklusion-vielfalt-migration-und-begabung/#9-risiken-und-schutz,bibliothek/eintraege/download-or-document-assets-downloads-woek-bildung-wirkungsschule-detailkonzepte-umfangreich-v0-2/lesen/10-11-inklusion-vielfalt-migration-und-begabung/index.html,REQUIRES_TARGET_SECTION_REVIEW
bibliothek/eintraege/download-or-document-assets-downloads-woek-detailkonzept-wohnwirkungsindex-wix-v0-1-pdf/lesen/index.html,03-3-systemelemente/#politische-anschlussfahigkeit-und-ausgestaltungsspielraum,bibliothek/eintraege/download-or-document-assets-downloads-woek-detailkonzept-wohnwirkungsindex-wix-v0-1-pdf/lesen/03-3-systemelemente/index.html,REQUIRES_TARGET_SECTION_REVIEW
bibliothek/eintraege/download-or-document-assets-downloads-woek-detailkonzept-mieterstrom-energie-gemeinschaften-v0-1-2/lesen/index.html,03-3-systemelemente/#politische-anschlussfahigkeit-und-ausgestaltungsspielraum,bibliothek/eintraege/download-or-document-assets-downloads-woek-detailkonzept-mieterstrom-energie-gemeinschaften-v0-1-2/lesen/03-3-systemelemente/index.html,REQUIRES_TARGET_SECTION_REVIEW
bibliothek/eintraege/download-or-document-assets-downloads-woek-steuer-fonds-finanzierungsarchitektur-detailkonzept-v-2/lesen/index.html,06-6-wirkungsfonds-architektur/#6-1-fonds-als-ruckkopplung-nicht-als-subventionstopf,bibliothek/eintraege/download-or-document-assets-downloads-woek-steuer-fonds-finanzierungsarchitektur-detailkonzept-v-2/lesen/06-6-wirkungsfonds-architektur/index.html,REQUIRES_TARGET_SECTION_REVIEW
bibliothek/eintraege/download-or-document-assets-downloads-woek-arbeit-einkommen-detailkonzepte-umfangreich-v0-1-2-pd/lesen/index.html,02-1-arbeit-einkommen-und-wirkung/#8-online-darstellung,bibliothek/eintraege/download-or-document-assets-downloads-woek-arbeit-einkommen-detailkonzepte-umfangreich-v0-1-2-pd/lesen/02-1-arbeit-einkommen-und-wirkung/index.html,REQUIRES_TARGET_SECTION_REVIEW
bibliothek/eintraege/download-or-document-assets-downloads-woek-finanzsystem-kapital-konzeptpapier-v0-1-pdf/lesen/index.html,05-5-architektur-des-wirkungsokonomischen-finanzsystems/#automatisierungsdividende-und-maschinenwertschopfung,bibliothek/eintraege/download-or-document-assets-downloads-woek-finanzsystem-kapital-konzeptpapier-v0-1-pdf/lesen/05-5-architektur-des-wirkungsokonomischen-finanzsystems/index.html,REQUIRES_TARGET_SECTION_REVIEW
bibliothek/eintraege/download-or-document-assets-downloads-woek-finanzsystem-kapital-konzeptpapier-v0-1-pdf/lesen/index.html,05-5-architektur-des-wirkungsokonomischen-finanzsystems/#wirkungsaufsicht-kapitalmissbrauch-und-toxische-finanzproduk,bibliothek/eintraege/download-or-document-assets-downloads-woek-finanzsystem-kapital-konzeptpapier-v0-1-pdf/lesen/05-5-architektur-des-wirkungsokonomischen-finanzsystems/index.html,REQUIRES_TARGET_SECTION_REVIEW
bibliothek/eintraege/download-or-document-assets-downloads-woek-finanzsystem-kapital-konzeptpapier-v0-1-pdf/lesen/index.html,05-5-architektur-des-wirkungsokonomischen-finanzsystems/#finanzkompetenz-2-0-und-demokratische-kontrolle,bibliothek/eintraege/download-or-document-assets-downloads-woek-finanzsystem-kapital-konzeptpapier-v0-1-pdf/lesen/05-5-architektur-des-wirkungsokonomischen-finanzsystems/index.html,REQUIRES_TARGET_SECTION_REVIEW
bibliothek/eintraege/download-or-document-assets-downloads-woek-dossier-sdgs-sdgplus-risiko-resilienzregister-systemr/lesen/index.html,11-10-beispiele-apfel-t-shirt-wasser-stadt-ki-desinformation/#10-7-blackout-flut-hitzewelle-gesellschaftliche-resilienz-al,bibliothek/eintraege/download-or-document-assets-downloads-woek-dossier-sdgs-sdgplus-risiko-resilienzregister-systemr/lesen/11-10-beispiele-apfel-t-shirt-wasser-stadt-ki-desinformation/index.html,REQUIRES_TARGET_SECTION_REVIEW
bibliothek/eintraege/download-or-document-assets-downloads-woek-dossier-sdgs-sdgplus-risiko-resilienzregister-systemr/lesen/index.html,12-11-einwande-und-antworten/#einwand-5-unternehmen-mussen-doch-gewinne-machen,bibliothek/eintraege/download-or-document-assets-downloads-woek-dossier-sdgs-sdgplus-risiko-resilienzregister-systemr/lesen/12-11-einwande-und-antworten/index.html,REQUIRES_TARGET_SECTION_REVIEW
bibliothek/eintraege/download-or-document-assets-downloads-woek-dossier-sdgs-sdgplus-risiko-resilienzregister-systemr/lesen/index.html,12-11-einwande-und-antworten/#einwand-6-sdg-klingt-politisch-oder-ideologisch,bibliothek/eintraege/download-or-document-assets-downloads-woek-dossier-sdgs-sdgplus-risiko-resilienzregister-systemr/lesen/12-11-einwande-und-antworten/index.html,REQUIRES_TARGET_SECTION_REVIEW
bibliothek/eintraege/download-or-document-assets-downloads-woek-dossier-sdgs-sdgplus-risiko-resilienzregister-systemr/lesen/index.html,12-11-einwande-und-antworten/#einwand-7-demokratie-und-medienqualitat-lassen-sich-nicht-ob,bibliothek/eintraege/download-or-document-assets-downloads-woek-dossier-sdgs-sdgplus-risiko-resilienzregister-systemr/lesen/12-11-einwande-und-antworten/index.html,REQUIRES_TARGET_SECTION_REVIEW
bibliothek/eintraege/download-or-document-assets-downloads-woek-dossier-sdgs-sdgplus-risiko-resilienzregister-systemr/lesen/index.html,12-11-einwande-und-antworten/#einwand-8-wird-damit-meinung-bewertet,bibliothek/eintraege/download-or-document-assets-downloads-woek-dossier-sdgs-sdgplus-risiko-resilienzregister-systemr/lesen/12-11-einwande-und-antworten/index.html,REQUIRES_TARGET_SECTION_REVIEW
bibliothek/eintraege/download-or-document-assets-downloads-woek-wissenschaft-innovation-digitalisierung-detailkonzept-4/lesen/index.html,12-12-digitale-teilhabe-kompetenz-und-bildung/#6-politische-anschlussfahigkeit,bibliothek/eintraege/download-or-document-assets-downloads-woek-wissenschaft-innovation-digitalisierung-detailkonzept-4/lesen/12-12-digitale-teilhabe-kompetenz-und-bildung/index.html,REQUIRES_TARGET_SECTION_REVIEW
bibliothek/eintraege/download-or-document-assets-downloads-woek-wissenschaft-innovation-digitalisierung-detailkonzept-4/lesen/index.html,12-12-digitale-teilhabe-kompetenz-und-bildung/#7-risiken-rote-linien-und-missbrauchsschutz,bibliothek/eintraege/download-or-document-assets-downloads-woek-wissenschaft-innovation-digitalisierung-detailkonzept-4/lesen/12-12-digitale-teilhabe-kompetenz-und-bildung/index.html,REQUIRES_TARGET_SECTION_REVIEW
bibliothek/eintraege/download-or-document-assets-downloads-woek-wissenschaft-innovation-digitalisierung-detailkonzept-4/lesen/index.html,12-12-digitale-teilhabe-kompetenz-und-bildung/#8-online-und-tool-umsetzung,bibliothek/eintraege/download-or-document-assets-downloads-woek-wissenschaft-innovation-digitalisierung-detailkonzept-4/lesen/12-12-digitale-teilhabe-kompetenz-und-bildung/index.html,REQUIRES_TARGET_SECTION_REVIEW
bibliothek/eintraege/download-or-document-assets-downloads-woek-arbeit-einkommen-detailkonzepte-umfangreich-v0-1-pdf/lesen/index.html,02-1-arbeit-einkommen-und-wirkung/#8-online-darstellung,bibliothek/eintraege/download-or-document-assets-downloads-woek-arbeit-einkommen-detailkonzepte-umfangreich-v0-1-pdf/lesen/02-1-arbeit-einkommen-und-wirkung/index.html,REQUIRES_TARGET_SECTION_REVIEW
bibliothek/eintraege/woemm-2-0/lesen/index.html,05-2-positionierung-als-eigenstandige-managementlehre/#2-4-womm-als-meta-architektur-statt-methodenlexikon,bibliothek/eintraege/woemm-2-0/lesen/05-2-positionierung-als-eigenstandige-managementlehre/index.html,REQUIRES_TARGET_SECTION_REVIEW
bibliothek/eintraege/woemm-2-0/lesen/index.html,08-5-die-sechs-gekoppelten-elemente/#5-5-wirkungsrad,bibliothek/eintraege/woemm-2-0/lesen/08-5-die-sechs-gekoppelten-elemente/index.html,REQUIRES_TARGET_SECTION_REVIEW
bibliothek/eintraege/woemm-2-0/lesen/index.html,08-5-die-sechs-gekoppelten-elemente/#5-6-betriebssystem,bibliothek/eintraege/woemm-2-0/lesen/08-5-die-sechs-gekoppelten-elemente/index.html,REQUIRES_TARGET_SECTION_REVIEW
bibliothek/eintraege/woemm-2-0/lesen/index.html,09-6-der-wirkungskompass/#6-3-wirkungsgrenzen,bibliothek/eintraege/woemm-2-0/lesen/09-6-der-wirkungskompass/index.html,REQUIRES_TARGET_SECTION_REVIEW
bibliothek/eintraege/woemm-2-0/lesen/index.html,12-1-zweck-und-legitimitat/#typische-fehlsteuerungen,bibliothek/eintraege/woemm-2-0/lesen/12-1-zweck-und-legitimitat/index.html,REQUIRES_TARGET_SECTION_REVIEW
bibliothek/eintraege/woemm-2-0/lesen/index.html,13-2-kontext-und-systemanalyse/#erweiterung-womm-2-0-foresight-und-annahmenarchitektur,bibliothek/eintraege/woemm-2-0/lesen/13-2-kontext-und-systemanalyse/index.html,REQUIRES_TARGET_SECTION_REVIEW
bibliothek/eintraege/woemm-2-0/lesen/index.html,14-3-strategie-und-portfolio/#erweiterung-womm-2-0-von-strategie-zu-fahigkeiten-und-delive,bibliothek/eintraege/woemm-2-0/lesen/14-3-strategie-und-portfolio/index.html,REQUIRES_TARGET_SECTION_REVIEW
bibliothek/eintraege/woemm-2-0/lesen/index.html,16-5-innovation-und-angebotsgestaltung/#erweiterung-womm-2-0-wirkungsdesign-und-product-operating-mo,bibliothek/eintraege/woemm-2-0/lesen/16-5-innovation-und-angebotsgestaltung/index.html,REQUIRES_TARGET_SECTION_REVIEW
bibliothek/eintraege/woemm-2-0/lesen/index.html,17-6-wertschopfung-und-lieferkette/#typische-fehlsteuerungen,bibliothek/eintraege/woemm-2-0/lesen/17-6-wertschopfung-und-lieferkette/index.html,REQUIRES_TARGET_SECTION_REVIEW
bibliothek/eintraege/woemm-2-0/lesen/index.html,17-6-wertschopfung-und-lieferkette/#erweiterung-womm-2-0-wirkungswertstrome-und-prozessarchitekt,bibliothek/eintraege/woemm-2-0/lesen/17-6-wertschopfung-und-lieferkette/index.html,REQUIRES_TARGET_SECTION_REVIEW
bibliothek/eintraege/woemm-2-0/lesen/index.html,18-7-organisation-fuhrung-und-kultur/#erweiterung-womm-2-0-teams-skills-wissen-und-change,bibliothek/eintraege/woemm-2-0/lesen/18-7-organisation-fuhrung-und-kultur/index.html,REQUIRES_TARGET_SECTION_REVIEW
bibliothek/eintraege/woemm-2-0/lesen/index.html,20-9-kapital-finanzen-und-investitionen/#erweiterung-womm-2-0-impact-and-benefits-realization,bibliothek/eintraege/woemm-2-0/lesen/20-9-kapital-finanzen-und-investitionen/index.html,REQUIRES_TARGET_SECTION_REVIEW
bibliothek/eintraege/woemm-2-0/lesen/index.html,21-10-risiko-resilienz-und-compliance/#typische-fehlsteuerungen,bibliothek/eintraege/woemm-2-0/lesen/21-10-risiko-resilienz-und-compliance/index.html,REQUIRES_TARGET_SECTION_REVIEW
bibliothek/eintraege/woemm-2-0/lesen/index.html,21-10-risiko-resilienz-und-compliance/#erweiterung-womm-2-0-kontinuitat-high-reliability-und-wirkun,bibliothek/eintraege/woemm-2-0/lesen/21-10-risiko-resilienz-und-compliance/index.html,REQUIRES_TARGET_SECTION_REVIEW
bibliothek/eintraege/woemm-2-0/lesen/index.html,22-11-daten-messung-und-controlling/#erweiterung-womm-2-0-datenprodukte-ki-und-agentische-systeme,bibliothek/eintraege/woemm-2-0/lesen/22-11-daten-messung-und-controlling/index.html,REQUIRES_TARGET_SECTION_REVIEW
bibliothek/eintraege/woemm-2-0/lesen/index.html,24-13-die-wirkungsrealisierungsarchitektur/#13-2-die-verantwortungskette,bibliothek/eintraege/woemm-2-0/lesen/24-13-die-wirkungsrealisierungsarchitektur/index.html,REQUIRES_TARGET_SECTION_REVIEW
bibliothek/eintraege/woemm-2-0/lesen/index.html,24-13-die-wirkungsrealisierungsarchitektur/#13-3-reifegrade-der-realisierung,bibliothek/eintraege/woemm-2-0/lesen/24-13-die-wirkungsrealisierungsarchitektur/index.html,REQUIRES_TARGET_SECTION_REVIEW
bibliothek/eintraege/woemm-2-0/lesen/index.html,25-14-strategische-vorausschau-und-entscheidungsintelligenz/#14-2-entscheidungsklassen,bibliothek/eintraege/woemm-2-0/lesen/25-14-strategische-vorausschau-und-entscheidungsintelligenz/index.html,REQUIRES_TARGET_SECTION_REVIEW
bibliothek/eintraege/woemm-2-0/lesen/index.html,25-14-strategische-vorausschau-und-entscheidungsintelligenz/#14-3-entscheidungsprotokoll,bibliothek/eintraege/woemm-2-0/lesen/25-14-strategische-vorausschau-und-entscheidungsintelligenz/index.html,REQUIRES_TARGET_SECTION_REVIEW
bibliothek/eintraege/woemm-2-0/lesen/index.html,26-15-business-architecture-capabilities-und-zielarchitektur/#15-1-wirkungs-capabilities,bibliothek/eintraege/woemm-2-0/lesen/26-15-business-architecture-capabilities-und-zielarchitektur/index.html,REQUIRES_TARGET_SECTION_REVIEW
bibliothek/eintraege/woemm-2-0/lesen/index.html,26-15-business-architecture-capabilities-und-zielarchitektur/#15-2-capability-to-impact-mapping,bibliothek/eintraege/woemm-2-0/lesen/26-15-business-architecture-capabilities-und-zielarchitektur/index.html,REQUIRES_TARGET_SECTION_REVIEW
bibliothek/eintraege/woemm-2-0/lesen/index.html,26-15-business-architecture-capabilities-und-zielarchitektur/#15-3-architekturprinzipien,bibliothek/eintraege/woemm-2-0/lesen/26-15-business-architecture-capabilities-und-zielarchitektur/index.html,REQUIRES_TARGET_SECTION_REVIEW
bibliothek/eintraege/woemm-2-0/lesen/index.html,29-18-change-adoption-menschen-skills-und-wissen/#18-3-wissensmanagement,bibliothek/eintraege/woemm-2-0/lesen/29-18-change-adoption-menschen-skills-und-wissen/index.html,REQUIRES_TARGET_SECTION_REVIEW
bibliothek/eintraege/woemm-2-0/lesen/index.html,30-19-portfolios-programme-projekte-und-impact-benefits-realiza/#19-2-portfolio-und-programmarchitektur,bibliothek/eintraege/woemm-2-0/lesen/30-19-portfolios-programme-projekte-und-impact-benefits-realiza/index.html,REQUIRES_TARGET_SECTION_REVIEW
bibliothek/eintraege/woemm-2-0/lesen/index.html,30-19-portfolios-programme-projekte-und-impact-benefits-realiza/#19-3-wirkungsrealisierungsplan,bibliothek/eintraege/woemm-2-0/lesen/30-19-portfolios-programme-projekte-und-impact-benefits-realiza/index.html,REQUIRES_TARGET_SECTION_REVIEW
bibliothek/eintraege/woemm-2-0/lesen/index.html,33-22-die-sechs-entscheidungstore/#22-2-verhaltnismassigkeit,bibliothek/eintraege/woemm-2-0/lesen/33-22-die-sechs-entscheidungstore/index.html,REQUIRES_TARGET_SECTION_REVIEW
bibliothek/eintraege/woemm-2-0/lesen/index.html,48-37-governance-und-rollen/#37-2-geschaftsleitung-und-wirkungsboard,bibliothek/eintraege/woemm-2-0/lesen/48-37-governance-und-rollen/index.html,REQUIRES_TARGET_SECTION_REVIEW
bibliothek/eintraege/woemm-2-0/lesen/index.html,48-37-governance-und-rollen/#37-3-drei-linien,bibliothek/eintraege/woemm-2-0/lesen/48-37-governance-und-rollen/index.html,REQUIRES_TARGET_SECTION_REVIEW
bibliothek/eintraege/woemm-2-0/lesen/index.html,48-37-governance-und-rollen/#37-4-beteiligungs-und-widerspruchsraume,bibliothek/eintraege/woemm-2-0/lesen/48-37-governance-und-rollen/index.html,REQUIRES_TARGET_SECTION_REVIEW
bibliothek/eintraege/woemm-2-0/lesen/index.html,50-39-daten-mess-und-controllingarchitektur/#39-5-das-wirkungsdashboard,bibliothek/eintraege/woemm-2-0/lesen/50-39-daten-mess-und-controllingarchitektur/index.html,REQUIRES_TARGET_SECTION_REVIEW
bibliothek/eintraege/woemm-2-0/lesen/index.html,52-41-womm-reifegradmodell/#41-1-reife-wird-feldweise-bewertet,bibliothek/eintraege/woemm-2-0/lesen/52-41-womm-reifegradmodell/index.html,REQUIRES_TARGET_SECTION_REVIEW
bibliothek/eintraege/woemm-2-0/lesen/index.html,53-42-einfuhrungsroadmap/#42-6-phase-5-transformation-jahr-23,bibliothek/eintraege/woemm-2-0/lesen/53-42-einfuhrungsroadmap/index.html,REQUIRES_TARGET_SECTION_REVIEW
bibliothek/eintraege/woemm-2-0/lesen/index.html,55-44-qualifizierungs-und-zertifizierungsarchitektur/#44-2-prufungsprinzip,bibliothek/eintraege/woemm-2-0/lesen/55-44-qualifizierungs-und-zertifizierungsarchitektur/index.html,REQUIRES_TARGET_SECTION_REVIEW
bibliothek/eintraege/woemm-2-0/lesen/index.html,63-f-quellen-und-bezugslinien/#einordnung,bibliothek/eintraege/woemm-2-0/lesen/63-f-quellen-und-bezugslinien/index.html,REQUIRES_TARGET_SECTION_REVIEW
bibliothek/eintraege/download-or-document-assets-downloads-woek-detailkonzept-verdraengung-gentrifizierung-teilhabe-v-2/lesen/index.html,03-3-systemelemente/#politische-anschlussfahigkeit-und-ausgestaltungsspielraum,bibliothek/eintraege/download-or-document-assets-downloads-woek-detailkonzept-verdraengung-gentrifizierung-teilhabe-v-2/lesen/03-3-systemelemente/index.html,REQUIRES_TARGET_SECTION_REVIEW
bibliothek/eintraege/download-or-document-assets-downloads-woek-detailkonzept-kommunale-wohnwirkungspolitik-v0-1-2-pd/lesen/index.html,03-3-systemelemente/#politische-anschlussfahigkeit-und-ausgestaltungsspielraum,bibliothek/eintraege/download-or-document-assets-downloads-woek-detailkonzept-kommunale-wohnwirkungspolitik-v0-1-2-pd/lesen/03-3-systemelemente/index.html,REQUIRES_TARGET_SECTION_REVIEW
bibliothek/wirkungsdilemmata-kooperation-sdgplus-gesamtstudie/index.html,#wgs-wok-ausgangstexte-und-anschlussdokumente,bibliothek/wirkungsdilemmata-kooperation-sdgplus-gesamtstudie/index.html,REQUIRES_TARGET_SECTION_REVIEW
bibliothek/wirkungsdilemmata-kooperation-sdgplus-gesamtstudie/index.html,#wgs-externe-grundlagenliteratur,bibliothek/wirkungsdilemmata-kooperation-sdgplus-gesamtstudie/index.html,REQUIRES_TARGET_SECTION_REVIEW
bibliothek/wirkungsdilemmata-kooperation-sdgplus-gesamtstudie/index.html,#wgs-institutionelle-und-aktuelle-quellen,bibliothek/wirkungsdilemmata-kooperation-sdgplus-gesamtstudie/index.html,REQUIRES_TARGET_SECTION_REVIEW
bibliothek/wirkungsdilemmata-kooperation-sdgplus-gesamtstudie/index.html,#wgs-fuhrende-wok-interne-quellen,bibliothek/wirkungsdilemmata-kooperation-sdgplus-gesamtstudie/index.html,REQUIRES_TARGET_SECTION_REVIEW
bibliothek/wirkungsdilemmata-kooperation-sdgplus-gesamtstudie/index.html,#wgs-spieltheorie-kooperation-und-institutionen,bibliothek/wirkungsdilemmata-kooperation-sdgplus-gesamtstudie/index.html,REQUIRES_TARGET_SECTION_REVIEW
bibliothek/wirkungsdilemmata-kooperation-sdgplus-gesamtstudie/index.html,#wgs-verhaltensokonomie-und-psychologie,bibliothek/wirkungsdilemmata-kooperation-sdgplus-gesamtstudie/index.html,REQUIRES_TARGET_SECTION_REVIEW
bibliothek/wirkungsdilemmata-kooperation-sdgplus-gesamtstudie/index.html,#wgs-okonomische-bezugslinien-und-messrisiken,bibliothek/wirkungsdilemmata-kooperation-sdgplus-gesamtstudie/index.html,REQUIRES_TARGET_SECTION_REVIEW
bibliothek/wirkungsdilemmata-kooperation-sdgplus-gesamtstudie/index.html,#wgs-aktuelle-lageberichte,bibliothek/wirkungsdilemmata-kooperation-sdgplus-gesamtstudie/index.html,REQUIRES_TARGET_SECTION_REVIEW
wirkungsradar/resonanz/deutschland-allein-ohnmacht/index.html,../../muster/#verantwortungsdiffusion,wirkungsradar/muster/index.html,REQUIRES_TARGET_SECTION_REVIEW
wirkungsradar/resonanz-kompass/deutschland-allein-ohnmacht/index.html,../../muster/#verantwortungsdiffusion,wirkungsradar/muster/index.html,REQUIRES_TARGET_SECTION_REVIEW
blog/wirkungsoekonomie-kein-parteiprogramm.html,../glossar.html#begriff-wirkungspfad,glossar.html,LEGACY_GLOSSARY_DISPATCH_REVIEW
blog/stranded-assets-gebaeudebestand.html,../glossar.html#stranded-assets,glossar.html,LEGACY_GLOSSARY_DISPATCH_REVIEW
blog/stranded-assets-gebaeudebestand.html,../glossar.html#versicherbarkeit,glossar.html,LEGACY_GLOSSARY_DISPATCH_REVIEW
blog/stranded-assets-gebaeudebestand.html,../glossar.html#immobilien,glossar.html,LEGACY_GLOSSARY_DISPATCH_REVIEW
blog/stranded-assets-gebaeudebestand.html,../glossar.html#transitionsrisiko,glossar.html,LEGACY_GLOSSARY_DISPATCH_REVIEW
blog/stranded-assets-gebaeudebestand.html,../glossar.html#physisches-klimarisiko,glossar.html,LEGACY_GLOSSARY_DISPATCH_REVIEW
blog/stranded-assets-gebaeudebestand.html,../glossar.html#kapitalzugang,glossar.html,LEGACY_GLOSSARY_DISPATCH_REVIEW
blog/stranded-assets-gebaeudebestand.html,../glossar.html#nachhaltigkeit,glossar.html,LEGACY_GLOSSARY_DISPATCH_REVIEW
blog/stranded-assets-gebaeudebestand.html,../glossar.html#sanierungsfahrplan,glossar.html,LEGACY_GLOSSARY_DISPATCH_REVIEW
blog/stranded-assets-gebaeudebestand.html,../glossar.html#capex-plan,glossar.html,LEGACY_GLOSSARY_DISPATCH_REVIEW
blog/stranded-assets-gebaeudebestand.html,../glossar.html#stranded-assets,glossar.html,LEGACY_GLOSSARY_DISPATCH_REVIEW
blog/stranded-assets-gebaeudebestand.html,../glossar.html#versicherbarkeit,glossar.html,LEGACY_GLOSSARY_DISPATCH_REVIEW
blog/stranded-assets-gebaeudebestand.html,../glossar.html#epbd,glossar.html,LEGACY_GLOSSARY_DISPATCH_REVIEW
blog/stranded-assets-gebaeudebestand.html,../glossar.html#crrem,glossar.html,LEGACY_GLOSSARY_DISPATCH_REVIEW
blog/ki-souveraenitaet-statt-abhaengigkeit-fable-moment.html,#11-risiken-der-gegenbewegung,blog/ki-souveraenitaet-statt-abhaengigkeit-fable-moment.html,REQUIRES_TARGET_SECTION_REVIEW
blog/wenn-alle-von-wirkung-sprechen-foerderpolitik-wirkungsmanagement.html,../glossar.html#medikamenten-analogie,glossar.html,LEGACY_GLOSSARY_DISPATCH_REVIEW
blog/wenn-alle-von-wirkung-sprechen-foerderpolitik-wirkungsmanagement.html,../glossar.html#begriff-kausalitaet-zurechnung,glossar.html,LEGACY_GLOSSARY_DISPATCH_REVIEW
blog/wenn-alle-von-wirkung-sprechen-foerderpolitik-wirkungsmanagement.html,../glossar.html#begriff-nicht-kompensation,glossar.html,LEGACY_GLOSSARY_DISPATCH_REVIEW
blog/wenn-alle-von-wirkung-sprechen-foerderpolitik-wirkungsmanagement.html,../glossar.html#medikamenten-analogie,glossar.html,LEGACY_GLOSSARY_DISPATCH_REVIEW
blog/dossiers/wohnen.html,../../glossar.html#immobilien,glossar.html,LEGACY_GLOSSARY_DISPATCH_REVIEW
blog/dossiers/wohnen.html,../../glossar.html#stranded-assets,glossar.html,LEGACY_GLOSSARY_DISPATCH_REVIEW
blog/dossiers/wohnen.html,../../glossar.html#versicherbarkeit,glossar.html,LEGACY_GLOSSARY_DISPATCH_REVIEW
blog/dossiers/wohnen.html,../../glossar.html#transitionsrisiko,glossar.html,LEGACY_GLOSSARY_DISPATCH_REVIEW
fuer/mieter.html,../glossar.html#immobilien,glossar.html,LEGACY_GLOSSARY_DISPATCH_REVIEW
fuer/mieter.html,../glossar.html#versicherbarkeit,glossar.html,LEGACY_GLOSSARY_DISPATCH_REVIEW
fuer/mieter.html,../glossar.html#stranded-assets,glossar.html,LEGACY_GLOSSARY_DISPATCH_REVIEW
fuer/mieter.html,../glossar.html#sanierungsfahrplan,glossar.html,LEGACY_GLOSSARY_DISPATCH_REVIEW
fuer/mieter.html,../glossar.html#capex-plan,glossar.html,LEGACY_GLOSSARY_DISPATCH_REVIEW
fuer/mieter.html,../glossar.html#physisches-klimarisiko,glossar.html,LEGACY_GLOSSARY_DISPATCH_REVIEW
fuer/mieter.html,../glossar.html#nachhaltigkeit,glossar.html,LEGACY_GLOSSARY_DISPATCH_REVIEW
fuer/mieter.html,../glossar.html#kapitalzugang,glossar.html,LEGACY_GLOSSARY_DISPATCH_REVIEW
fuer/landwirtschaft/index.html,#fragen,fuer/landwirtschaft/index.html,REQUIRES_TARGET_SECTION_REVIEW
fuer/landwirtschaft/index.html,/erleben/wirkungssteuer-beispiele/#apfel,erleben/wirkungssteuer-beispiele/index.html,REQUIRES_TARGET_SECTION_REVIEW
fuer/landwirtschaft/index.html,/fragen/#landwirtschaft-bio-automatisch-gut,fragen/index.html,REQUIRES_TARGET_SECTION_REVIEW
fuer/landwirtschaft/index.html,/erleben/wirkungssteuer-beispiele/#t-shirt,erleben/wirkungssteuer-beispiele/index.html,REQUIRES_TARGET_SECTION_REVIEW
fuer/landwirtschaft/index.html,/fragen/#landwirtschaft-essen-teurer,fragen/index.html,REQUIRES_TARGET_SECTION_REVIEW
fuer/landwirtschaft/index.html,/fragen/#landwirtschaft-konventionell-bestraft,fragen/index.html,REQUIRES_TARGET_SECTION_REVIEW
fuer/landwirtschaft/index.html,/fragen/#landwirtschaft-importe,fragen/index.html,REQUIRES_TARGET_SECTION_REVIEW
fuer/kommunen/mannheim-sdg-haushalt/index.html,/fragen/#warum-sdg-plus,fragen/index.html,REQUIRES_TARGET_SECTION_REVIEW
fuer/kommunen/mannheim-sdg-haushalt/index.html,/fragen/#politik-kontakt,fragen/index.html,REQUIRES_TARGET_SECTION_REVIEW
fuer/kommunen/mannheim-sdg-haushalt/index.html,/fragen/#unternehmen-testen,fragen/index.html,REQUIRES_TARGET_SECTION_REVIEW
pilot-starten/index.html,../downloads.html#kuratierte-lesepfade,downloads.html,REQUIRES_TARGET_SECTION_REVIEW
methodik/externe-quellen.html,../glossar.html#externe-quellen-glossar,glossar.html,LEGACY_GLOSSARY_DISPATCH_REVIEW
methodik/daten-standards-regularien.html,../glossar.html#daten-standards-glossar,glossar.html,LEGACY_GLOSSARY_DISPATCH_REVIEW
downloads/index.html,#downloads,downloads/index.html,REQUIRES_TARGET_SECTION_REVIEW
downloads/rang-15-migration-vielfalt/index.html,#downloads,downloads/rang-15-migration-vielfalt/index.html,REQUIRES_TARGET_SECTION_REVIEW
downloads/rang-15-migration-vielfalt/index.html,#downloads,downloads/rang-15-migration-vielfalt/index.html,REQUIRES_TARGET_SECTION_REVIEW
referenz/kapitel-104-wirkungsmessung-manipulation-und-wirkungssimulation/index.html,#top,referenz/kapitel-104-wirkungsmessung-manipulation-und-wirkungssimulation/index.html,REQUIRES_TARGET_SECTION_REVIEW
referenz/kapitel-049-ehrliche-preise/index.html,#top,referenz/kapitel-049-ehrliche-preise/index.html,REQUIRES_TARGET_SECTION_REVIEW
referenz/kapitel-025-angst-status-zugehoerigkeit-und-macht/index.html,#top,referenz/kapitel-025-angst-status-zugehoerigkeit-und-macht/index.html,REQUIRES_TARGET_SECTION_REVIEW
referenz/kapitel-107-zukunftsbilder/index.html,#top,referenz/kapitel-107-zukunftsbilder/index.html,REQUIRES_TARGET_SECTION_REVIEW
referenz/kapitel-020-systemhebel-engpaesse-und-interdependenzen/index.html,#top,referenz/kapitel-020-systemhebel-engpaesse-und-interdependenzen/index.html,REQUIRES_TARGET_SECTION_REVIEW
referenz/kapitel-024-der-mensch-im-system/index.html,#top,referenz/kapitel-024-der-mensch-im-system/index.html,REQUIRES_TARGET_SECTION_REVIEW
referenz/kapitel-009-die-einfache-idee/index.html,#top,referenz/kapitel-009-die-einfache-idee/index.html,REQUIRES_TARGET_SECTION_REVIEW
referenz/kapitel-023-wirkungsrisiko-und-wirkungsresilienz/index.html,#top,referenz/kapitel-023-wirkungsrisiko-und-wirkungsresilienz/index.html,REQUIRES_TARGET_SECTION_REVIEW
referenz/kapitel-094-kulturelle-anschlussfaehigkeit-und-multipolare-ordnung/index.html,#top,referenz/kapitel-094-kulturelle-anschlussfaehigkeit-und-multipolare-ordnung/index.html,REQUIRES_TARGET_SECTION_REVIEW
referenz/kapitel-102-die-sdgs-zwischen-globaler-kooperation-und-verschwoerungsnarrativ/index.html,#top,referenz/kapitel-102-die-sdgs-zwischen-globaler-kooperation-und-verschwoerungsnarrativ/index.html,REQUIRES_TARGET_SECTION_REVIEW
referenz/kapitel-018-wirkungsordnungen/index.html,#top,referenz/kapitel-018-wirkungsordnungen/index.html,REQUIRES_TARGET_SECTION_REVIEW
referenz/kapitel-086-wissenschaft-als-wirkungsinfrastruktur/index.html,#top,referenz/kapitel-086-wissenschaft-als-wirkungsinfrastruktur/index.html,REQUIRES_TARGET_SECTION_REVIEW
referenz/kapitel-002-die-massstabskrise/index.html,#top,referenz/kapitel-002-die-massstabskrise/index.html,REQUIRES_TARGET_SECTION_REVIEW
referenz/kapitel-048-produkte-als-wirkungstraeger/index.html,#top,referenz/kapitel-048-produkte-als-wirkungstraeger/index.html,REQUIRES_TARGET_SECTION_REVIEW
referenz/kapitel-027-planet-koexistenz-statt-extraktion/index.html,#top,referenz/kapitel-027-planet-koexistenz-statt-extraktion/index.html,REQUIRES_TARGET_SECTION_REVIEW
referenz/kapitel-006-nachhaltigkeit-ist-keine-strategie/index.html,#top,referenz/kapitel-006-nachhaltigkeit-ist-keine-strategie/index.html,REQUIRES_TARGET_SECTION_REVIEW
referenz/kapitel-071-kindheit-familie-und-fruehes-leben/index.html,#top,referenz/kapitel-071-kindheit-familie-und-fruehes-leben/index.html,REQUIRES_TARGET_SECTION_REVIEW
referenz/kapitel-067-bildung/index.html,#top,referenz/kapitel-067-bildung/index.html,REQUIRES_TARGET_SECTION_REVIEW
referenz/kapitel-081-wirkungsdatenraeume/index.html,#top,referenz/kapitel-081-wirkungsdatenraeume/index.html,REQUIRES_TARGET_SECTION_REVIEW
referenz/kapitel-097-der-umsetzungspfad/index.html,#top,referenz/kapitel-097-der-umsetzungspfad/index.html,REQUIRES_TARGET_SECTION_REVIEW
referenz/kapitel-011-wirkungspotenzial/index.html,#top,referenz/kapitel-011-wirkungspotenzial/index.html,REQUIRES_TARGET_SECTION_REVIEW
referenz/kapitel-015-leistung-neu-definieren/index.html,#top,referenz/kapitel-015-leistung-neu-definieren/index.html,REQUIRES_TARGET_SECTION_REVIEW
referenz/kapitel-043-wirkungsorientierte-unternehmensfuehrung/index.html,#top,referenz/kapitel-043-wirkungsorientierte-unternehmensfuehrung/index.html,REQUIRES_TARGET_SECTION_REVIEW
referenz/kapitel-034-t-sroi-und-systemische-transformationsmessung/index.html,#top,referenz/kapitel-034-t-sroi-und-systemische-transformationsmessung/index.html,REQUIRES_TARGET_SECTION_REVIEW
referenz/kapitel-088-disziplinen-im-wirkungswechsel/index.html,#top,referenz/kapitel-088-disziplinen-im-wirkungswechsel/index.html,REQUIRES_TARGET_SECTION_REVIEW
referenz/kapitel-091-europa-als-wirkungsraum/index.html,#top,referenz/kapitel-091-europa-als-wirkungsraum/index.html,REQUIRES_TARGET_SECTION_REVIEW
referenz/kapitel-101-warum-neue-massstaebe-widerstand-erzeugen/index.html,#top,referenz/kapitel-101-warum-neue-massstaebe-widerstand-erzeugen/index.html,REQUIRES_TARGET_SECTION_REVIEW
referenz/kapitel-105-freiheit-markt-und-der-vorwurf-der-planwirtschaft/index.html,#top,referenz/kapitel-105-freiheit-markt-und-der-vorwurf-der-planwirtschaft/index.html,REQUIRES_TARGET_SECTION_REVIEW
referenz/kapitel-070-wohnen/index.html,#top,referenz/kapitel-070-wohnen/index.html,REQUIRES_TARGET_SECTION_REVIEW
referenz/kapitel-016-das-begriffssystem-der-wirkungsoekonomie/index.html,#top,referenz/kapitel-016-das-begriffssystem-der-wirkungsoekonomie/index.html,REQUIRES_TARGET_SECTION_REVIEW
referenz/kapitel-039-wirkungshaushalt-und-oeffentliche-mittel/index.html,#top,referenz/kapitel-039-wirkungshaushalt-und-oeffentliche-mittel/index.html,REQUIRES_TARGET_SECTION_REVIEW
referenz/kapitel-038-das-wustg-und-die-produktwirkungssteuer/index.html,#top,referenz/kapitel-038-das-wustg-und-die-produktwirkungssteuer/index.html,REQUIRES_TARGET_SECTION_REVIEW
referenz/kapitel-085-dpp-infrastruktur-und-technische-umsetzung/index.html,#top,referenz/kapitel-085-dpp-infrastruktur-und-technische-umsetzung/index.html,REQUIRES_TARGET_SECTION_REVIEW
referenz/kapitel-032-benchmarks-skalen-und-scorecards/index.html,#top,referenz/kapitel-032-benchmarks-skalen-und-scorecards/index.html,REQUIRES_TARGET_SECTION_REVIEW
referenz/kapitel-080-digitalisierung-als-infrastruktur-der-wirkungsoekonomie/index.html,#top,referenz/kapitel-080-digitalisierung-als-infrastruktur-der-wirkungsoekonomie/index.html,REQUIRES_TARGET_SECTION_REVIEW
referenz/kapitel-004-die-entstehung-des-falschen-kompasses/index.html,#top,referenz/kapitel-004-die-entstehung-des-falschen-kompasses/index.html,REQUIRES_TARGET_SECTION_REVIEW
referenz/kapitel-040-der-wirkungsrat/index.html,#top,referenz/kapitel-040-der-wirkungsrat/index.html,REQUIRES_TARGET_SECTION_REVIEW
referenz/kapitel-051-das-apfelbeispiel/index.html,#top,referenz/kapitel-051-das-apfelbeispiel/index.html,REQUIRES_TARGET_SECTION_REVIEW
referenz/kapitel-035-digitale-produktpaesse-und-wirkungsdatenraeume/index.html,#top,referenz/kapitel-035-digitale-produktpaesse-und-wirkungsdatenraeume/index.html,REQUIRES_TARGET_SECTION_REVIEW
referenz/kapitel-047-unternehmensrisiko-und-transformation/index.html,#top,referenz/kapitel-047-unternehmensrisiko-und-transformation/index.html,REQUIRES_TARGET_SECTION_REVIEW
referenz/kapitel-031-woek-ids-und-indikatorenarchitektur/index.html,#top,referenz/kapitel-031-woek-ids-und-indikatorenarchitektur/index.html,REQUIRES_TARGET_SECTION_REVIEW
referenz/kapitel-003-kapital-als-werkzeug-und-falscher-kompass/index.html,#top,referenz/kapitel-003-kapital-als-werkzeug-und-falscher-kompass/index.html,REQUIRES_TARGET_SECTION_REVIEW
referenz/kapitel-099-wirkungsoekonomie-im-alltag/index.html,#top,referenz/kapitel-099-wirkungsoekonomie-im-alltag/index.html,REQUIRES_TARGET_SECTION_REVIEW
referenz/kapitel-064-verwaltung-und-buergerbeteiligung/index.html,#top,referenz/kapitel-064-verwaltung-und-buergerbeteiligung/index.html,REQUIRES_TARGET_SECTION_REVIEW
referenz/kapitel-084-cyberresilienz-und-operative-stabilitaet/index.html,#top,referenz/kapitel-084-cyberresilienz-und-operative-stabilitaet/index.html,REQUIRES_TARGET_SECTION_REVIEW
referenz/kapitel-072-kultur-und-teilhabe/index.html,#top,referenz/kapitel-072-kultur-und-teilhabe/index.html,REQUIRES_TARGET_SECTION_REVIEW
referenz/kapitel-061-politik-als-wirkungsraum/index.html,#top,referenz/kapitel-061-politik-als-wirkungsraum/index.html,REQUIRES_TARGET_SECTION_REVIEW
referenz/kapitel-093-globale-institutionen-und-wirkungsgovernance/index.html,#top,referenz/kapitel-093-globale-institutionen-und-wirkungsgovernance/index.html,REQUIRES_TARGET_SECTION_REVIEW
referenz/kapitel-059-kapitalmaerkte-und-fonds/index.html,#top,referenz/kapitel-059-kapitalmaerkte-und-fonds/index.html,REQUIRES_TARGET_SECTION_REVIEW
referenz/kapitel-021-das-wirkungsrad/index.html,#top,referenz/kapitel-021-das-wirkungsrad/index.html,REQUIRES_TARGET_SECTION_REVIEW
referenz/kapitel-041-verwaltung-rechtsschutz-und-koerperschaftslogik/index.html,#top,referenz/kapitel-041-verwaltung-rechtsschutz-und-koerperschaftslogik/index.html,REQUIRES_TARGET_SECTION_REVIEW
referenz/kapitel-046-interne-wertschoepfung-und-lieferkettensteuerung/index.html,#top,referenz/kapitel-046-interne-wertschoepfung-und-lieferkettensteuerung/index.html,REQUIRES_TARGET_SECTION_REVIEW
referenz/kapitel-078-creator-hosts-und-digitale-verantwortung/index.html,#top,referenz/kapitel-078-creator-hosts-und-digitale-verantwortung/index.html,REQUIRES_TARGET_SECTION_REVIEW
referenz/kapitel-008-warum-klassische-oekonomie-komplexe-systeme-falsch-behandelt/index.html,#top,referenz/kapitel-008-warum-klassische-oekonomie-komplexe-systeme-falsch-behandelt/index.html,REQUIRES_TARGET_SECTION_REVIEW
referenz/kapitel-063-lobbyismus-und-machtkonzentration/index.html,#top,referenz/kapitel-063-lobbyismus-und-machtkonzentration/index.html,REQUIRES_TARGET_SECTION_REVIEW
referenz/kapitel-045-organisation-kultur-und-verantwortung/index.html,#top,referenz/kapitel-045-organisation-kultur-und-verantwortung/index.html,REQUIRES_TARGET_SECTION_REVIEW
referenz/kapitel-065-resilienzstaat/index.html,#top,referenz/kapitel-065-resilienzstaat/index.html,REQUIRES_TARGET_SECTION_REVIEW
referenz/kapitel-044-wirkungscontrolling-im-unternehmen/index.html,#top,referenz/kapitel-044-wirkungscontrolling-im-unternehmen/index.html,REQUIRES_TARGET_SECTION_REVIEW
referenz/kapitel-056-arbeit-automatisierung-und-maschinenleistung/index.html,#top,referenz/kapitel-056-arbeit-automatisierung-und-maschinenleistung/index.html,REQUIRES_TARGET_SECTION_REVIEW
referenz/kapitel-017-wirkungsoekonomie-im-vergleich/index.html,#top,referenz/kapitel-017-wirkungsoekonomie-im-vergleich/index.html,REQUIRES_TARGET_SECTION_REVIEW
referenz/kapitel-076-framing-sprache-und-tonalitaet/index.html,#top,referenz/kapitel-076-framing-sprache-und-tonalitaet/index.html,REQUIRES_TARGET_SECTION_REVIEW
referenz/kapitel-030-von-wirkung-zu-messung/index.html,#top,referenz/kapitel-030-von-wirkung-zu-messung/index.html,REQUIRES_TARGET_SECTION_REVIEW
referenz/kapitel-075-plattformlogik-und-algorithmen/index.html,#top,referenz/kapitel-075-plattformlogik-und-algorithmen/index.html,REQUIRES_TARGET_SECTION_REVIEW
referenz/kapitel-028-demokratie-als-wirkungsraum/index.html,#top,referenz/kapitel-028-demokratie-als-wirkungsraum/index.html,REQUIRES_TARGET_SECTION_REVIEW
referenz/kapitel-096-wirkungsoekonomie-als-weltfaehige-ordnung/index.html,#top,referenz/kapitel-096-wirkungsoekonomie-als-weltfaehige-ordnung/index.html,REQUIRES_TARGET_SECTION_REVIEW
referenz/kapitel-062-parteien-und-programme/index.html,#top,referenz/kapitel-062-parteien-und-programme/index.html,REQUIRES_TARGET_SECTION_REVIEW
referenz/kapitel-082-ki-governance/index.html,#top,referenz/kapitel-082-ki-governance/index.html,REQUIRES_TARGET_SECTION_REVIEW
referenz/kapitel-073-migration-und-gesellschaftliche-zugehoerigkeit/index.html,#top,referenz/kapitel-073-migration-und-gesellschaftliche-zugehoerigkeit/index.html,REQUIRES_TARGET_SECTION_REVIEW
referenz/kapitel-010-wirkung/index.html,#top,referenz/kapitel-010-wirkung/index.html,REQUIRES_TARGET_SECTION_REVIEW
referenz/kapitel-026-sinn-selbstwirksamkeit-und-beziehung/index.html,#top,referenz/kapitel-026-sinn-selbstwirksamkeit-und-beziehung/index.html,REQUIRES_TARGET_SECTION_REVIEW
referenz/kapitel-005-wohlstand-auf-kosten-kuenftiger-stabilitaet/index.html,#top,referenz/kapitel-005-wohlstand-auf-kosten-kuenftiger-stabilitaet/index.html,REQUIRES_TARGET_SECTION_REVIEW
referenz/kapitel-089-justiz-rechtsprechung-und-wirkungsrecht/index.html,#top,referenz/kapitel-089-justiz-rechtsprechung-und-wirkungsrecht/index.html,REQUIRES_TARGET_SECTION_REVIEW
referenz/kapitel-036-wirkung-als-rechtsprinzip/index.html,#top,referenz/kapitel-036-wirkung-als-rechtsprinzip/index.html,REQUIRES_TARGET_SECTION_REVIEW
referenz/kapitel-014-systemischer-wert-und-normativer-wert/index.html,#top,referenz/kapitel-014-systemischer-wert-und-normativer-wert/index.html,REQUIRES_TARGET_SECTION_REVIEW
referenz/kapitel-053-markttransformation/index.html,#top,referenz/kapitel-053-markttransformation/index.html,REQUIRES_TARGET_SECTION_REVIEW
referenz/kapitel-074-oeffentlichkeit-als-wirkungsraum/index.html,#top,referenz/kapitel-074-oeffentlichkeit-als-wirkungsraum/index.html,REQUIRES_TARGET_SECTION_REVIEW
referenz/kapitel-103-technokratie-ueberwachung-und-die-angst-vor-steuerung/index.html,#top,referenz/kapitel-103-technokratie-ueberwachung-und-die-angst-vor-steuerung/index.html,REQUIRES_TARGET_SECTION_REVIEW
referenz/kapitel-007-buerokratie-als-reparaturmaschine/index.html,#top,referenz/kapitel-007-buerokratie-als-reparaturmaschine/index.html,REQUIRES_TARGET_SECTION_REVIEW
referenz/kapitel-068-gesundheit/index.html,#top,referenz/kapitel-068-gesundheit/index.html,REQUIRES_TARGET_SECTION_REVIEW
referenz/kapitel-100-transformationspfade/index.html,#top,referenz/kapitel-100-transformationspfade/index.html,REQUIRES_TARGET_SECTION_REVIEW
referenz/kapitel-050-produktscorecards/index.html,#top,referenz/kapitel-050-produktscorecards/index.html,REQUIRES_TARGET_SECTION_REVIEW
referenz/kapitel-033-reverse-merit-order/index.html,#top,referenz/kapitel-033-reverse-merit-order/index.html,REQUIRES_TARGET_SECTION_REVIEW
referenz/kapitel-052-konsumwirkung-und-verbraucherinformation/index.html,#top,referenz/kapitel-052-konsumwirkung-und-verbraucherinformation/index.html,REQUIRES_TARGET_SECTION_REVIEW
referenz/kapitel-058-wirkungsrente/index.html,#top,referenz/kapitel-058-wirkungsrente/index.html,REQUIRES_TARGET_SECTION_REVIEW
referenz/kapitel-057-wirkungseinkommen/index.html,#top,referenz/kapitel-057-wirkungseinkommen/index.html,REQUIRES_TARGET_SECTION_REVIEW
referenz/kapitel-012-handlung-unterlassen-und-rueckkopplung/index.html,#top,referenz/kapitel-012-handlung-unterlassen-und-rueckkopplung/index.html,REQUIRES_TARGET_SECTION_REVIEW
referenz/kapitel-019-nichttriviale-systeme/index.html,#top,referenz/kapitel-019-nichttriviale-systeme/index.html,REQUIRES_TARGET_SECTION_REVIEW
referenz/kapitel-095-globale-resilienz-sicherheit-und-kooperation/index.html,#top,referenz/kapitel-095-globale-resilienz-sicherheit-und-kooperation/index.html,REQUIRES_TARGET_SECTION_REVIEW
referenz/kapitel-083-algorithmische-fairness-und-digitale-rechte/index.html,#top,referenz/kapitel-083-algorithmische-fairness-und-digitale-rechte/index.html,REQUIRES_TARGET_SECTION_REVIEW
referenz/kapitel-066-sicherheitsarchitektur/index.html,#top,referenz/kapitel-066-sicherheitsarchitektur/index.html,REQUIRES_TARGET_SECTION_REVIEW
referenz/kapitel-054-wirkungs-bip-und-neue-wohlstandsmessung/index.html,#top,referenz/kapitel-054-wirkungs-bip-und-neue-wohlstandsmessung/index.html,REQUIRES_TARGET_SECTION_REVIEW
referenz/kapitel-087-wirkungsorientierte-forschung-und-innovation/index.html,#top,referenz/kapitel-087-wirkungsorientierte-forschung-und-innovation/index.html,REQUIRES_TARGET_SECTION_REVIEW
referenz/kapitel-077-desinformation-und-hybride-kriegsfuehrung/index.html,#top,referenz/kapitel-077-desinformation-und-hybride-kriegsfuehrung/index.html,REQUIRES_TARGET_SECTION_REVIEW
referenz/kapitel-108-schlussbild-die-neue-ordnung-des-wohlstands/index.html,#top,referenz/kapitel-108-schlussbild-die-neue-ordnung-des-wohlstands/index.html,REQUIRES_TARGET_SECTION_REVIEW
referenz/kapitel-106-die-fehlbarkeit-der-wirkungsoekonomie/index.html,#top,referenz/kapitel-106-die-fehlbarkeit-der-wirkungsoekonomie/index.html,REQUIRES_TARGET_SECTION_REVIEW
referenz/kapitel-055-wachstum-innovation-und-transformation-innerhalb-planetarer-grenzen/index.html,#top,referenz/kapitel-055-wachstum-innovation-und-transformation-innerhalb-planetarer-grenzen/index.html,REQUIRES_TARGET_SECTION_REVIEW
referenz/kapitel-090-wissenschaftliche-politikberatung-statistik-und-oeffentliche-wahrheit/index.html,#top,referenz/kapitel-090-wissenschaftliche-politikberatung-statistik-und-oeffentliche-wahrheit/index.html,REQUIRES_TARGET_SECTION_REVIEW
referenz/kapitel-042-unternehmen-als-wirkungssysteme/index.html,#top,referenz/kapitel-042-unternehmen-als-wirkungssysteme/index.html,REQUIRES_TARGET_SECTION_REVIEW
referenz/kapitel-060-verteilung-eigentum-und-wohlstand/index.html,#top,referenz/kapitel-060-verteilung-eigentum-und-wohlstand/index.html,REQUIRES_TARGET_SECTION_REVIEW
referenz/kapitel-022-wirkungslenkung/index.html,#top,referenz/kapitel-022-wirkungslenkung/index.html,REQUIRES_TARGET_SECTION_REVIEW
referenz/kapitel-092-handel-lieferketten-und-globale-wirkung/index.html,#top,referenz/kapitel-092-handel-lieferketten-und-globale-wirkung/index.html,REQUIRES_TARGET_SECTION_REVIEW
referenz/kapitel-013-wirkungstraeger-wirkungsempfaenger-wirkungsraeume/index.html,#top,referenz/kapitel-013-wirkungstraeger-wirkungsempfaenger-wirkungsraeume/index.html,REQUIRES_TARGET_SECTION_REVIEW
referenz/kapitel-029-zeit-endlichkeit-und-generationenverantwortung/index.html,#top,referenz/kapitel-029-zeit-endlichkeit-und-generationenverantwortung/index.html,REQUIRES_TARGET_SECTION_REVIEW
referenz/kapitel-079-diskurskultur/index.html,#top,referenz/kapitel-079-diskurskultur/index.html,REQUIRES_TARGET_SECTION_REVIEW
referenz/kapitel-037-das-wirkungssteuergesetz-wstg/index.html,#top,referenz/kapitel-037-das-wirkungssteuergesetz-wstg/index.html,REQUIRES_TARGET_SECTION_REVIEW
referenz/kapitel-069-pflege/index.html,#top,referenz/kapitel-069-pflege/index.html,REQUIRES_TARGET_SECTION_REVIEW
referenz/kapitel-001-meine-reise-zur-wirkung/index.html,#top,referenz/kapitel-001-meine-reise-zur-wirkung/index.html,REQUIRES_TARGET_SECTION_REVIEW
referenz/kapitel-098-pilotprojekte/index.html,#top,referenz/kapitel-098-pilotprojekte/index.html,REQUIRES_TARGET_SECTION_REVIEW
